REGION,TECHNOLOGY,FUEL,MODE_OF_OPERATION,YEAR,VALUE
GLOBAL,PWRCCGFJIXX00,GASFJI,1,2020,2.55
GLOBAL,PWRCCGFJIXX00,GASFJI,1,2021,2.55
GLOBAL,PWRCCGFJIXX00,GASFJI,1,2022,2.55
GLOBAL,PWRCCGFJIXX00,GASFJI,1,2023,2.55
GLOBAL,PWRCCGFJIXX00,GASFJI,1,2024,2.55
GLOBAL,PWRCCGFJIXX00,GASFJI,1,2025,2.55
GLOBAL,PWRCCGFJIXX00,GASFJI,1,2026,2.55
GLOBAL,PWRCCGFJIXX00,GASFJI,1,2027,2.55
GLOBAL,PWRCCGFJIXX00,GASFJI,1,2028,2.55
GLOBAL,PWRCCGFJIXX00,GASFJI,1,2029,2.55
GLOBAL,PWRCCGFJIXX00,GASFJI,1,2030,2.55
GLOBAL,PWRCCGFJIXX00,GASFJI,1,2031,2.55
GLOBAL,PWRCCGFJIXX00,GASFJI,1,2032,2.55
GLOBAL,PWRCCGFJIXX00,GASFJI,1,2033,2.55
GLOBAL,PWRCCGFJIXX00,GASFJI,1,2034,2.55
GLOBAL,PWRCCGFJIXX00,GASFJI,1,2035,2.55
GLOBAL,PWRCCGFJIXX00,GASFJI,1,2036,2.55
GLOBAL,PWRCCGFJIXX00,GASFJI,1,2037,2.55
GLOBAL,PWRCCGFJIXX00,GASFJI,1,2038,2.55
GLOBAL,PWRCCGFJIXX00,GASFJI,1,2039,2.55
GLOBAL,PWRCCGFJIXX00,GASFJI,1,2040,2.55
GLOBAL,PWRCCGFJIXX00,GASFJI,1,2041,2.55
GLOBAL,PWRCCGFJIXX00,GASFJI,1,2042,2.55
GLOBAL,PWRCCGFJIXX00,GASFJI,1,2043,2.55
GLOBAL,PWRCCGFJIXX00,GASFJI,1,2044,2.55
GLOBAL,PWRCCGFJIXX00,GASFJI,1,2045,2.55
GLOBAL,PWRCCGFJIXX00,GASFJI,1,2046,2.55
GLOBAL,PWRCCGFJIXX00,GASFJI,1,2047,2.55
GLOBAL,PWRCCGFJIXX00,GASFJI,1,2048,2.55
GLOBAL,PWRCCGFJIXX00,GASFJI,1,2049,2.55
GLOBAL,PWRCCGFJIXX00,GASFJI,1,2050,2.55
GLOBAL,PWRCCGFJIXX00,GASINT,2,2020,2.55
GLOBAL,PWRCCGFJIXX00,GASINT,2,2021,2.55
GLOBAL,PWRCCGFJIXX00,GASINT,2,2022,2.55
GLOBAL,PWRCCGFJIXX00,GASINT,2,2023,2.55
GLOBAL,PWRCCGFJIXX00,GASINT,2,2024,2.55
GLOBAL,PWRCCGFJIXX00,GASINT,2,2025,2.55
GLOBAL,PWRCCGFJIXX00,GASINT,2,2026,2.55
GLOBAL,PWRCCGFJIXX00,GASINT,2,2027,2.55
GLOBAL,PWRCCGFJIXX00,GASINT,2,2028,2.55
GLOBAL,PWRCCGFJIXX00,GASINT,2,2029,2.55
GLOBAL,PWRCCGFJIXX00,GASINT,2,2030,2.55
GLOBAL,PWRCCGFJIXX00,GASINT,2,2031,2.55
GLOBAL,PWRCCGFJIXX00,GASINT,2,2032,2.55
GLOBAL,PWRCCGFJIXX00,GASINT,2,2033,2.55
GLOBAL,PWRCCGFJIXX00,GASINT,2,2034,2.55
GLOBAL,PWRCCGFJIXX00,GASINT,2,2035,2.55
GLOBAL,PWRCCGFJIXX00,GASINT,2,2036,2.55
GLOBAL,PWRCCGFJIXX00,GASINT,2,2037,2.55
GLOBAL,PWRCCGFJIXX00,GASINT,2,2038,2.55
GLOBAL,PWRCCGFJIXX00,GASINT,2,2039,2.55
GLOBAL,PWRCCGFJIXX00,GASINT,2,2040,2.55
GLOBAL,PWRCCGFJIXX00,GASINT,2,2041,2.55
GLOBAL,PWRCCGFJIXX00,GASINT,2,2042,2.55
GLOBAL,PWRCCGFJIXX00,GASINT,2,2043,2.55
GLOBAL,PWRCCGFJIXX00,GASINT,2,2044,2.55
GLOBAL,PWRCCGFJIXX00,GASINT,2,2045,2.55
GLOBAL,PWRCCGFJIXX00,GASINT,2,2046,2.55
GLOBAL,PWRCCGFJIXX00,GASINT,2,2047,2.55
GLOBAL,PWRCCGFJIXX00,GASINT,2,2048,2.55
GLOBAL,PWRCCGFJIXX00,GASINT,2,2049,2.55
GLOBAL,PWRCCGFJIXX00,GASINT,2,2050,2.55
GLOBAL,PWROCGFJIXX00,GASFJI,1,2020,2.99
GLOBAL,PWROCGFJIXX00,GASFJI,1,2021,2.99
GLOBAL,PWROCGFJIXX00,GASFJI,1,2022,2.99
GLOBAL,PWROCGFJIXX00,GASFJI,1,2023,2.99
GLOBAL,PWROCGFJIXX00,GASFJI,1,2024,2.99
GLOBAL,PWROCGFJIXX00,GASFJI,1,2025,2.99
GLOBAL,PWROCGFJIXX00,GASFJI,1,2026,2.99
GLOBAL,PWROCGFJIXX00,GASFJI,1,2027,2.99
GLOBAL,PWROCGFJIXX00,GASFJI,1,2028,2.99
GLOBAL,PWROCGFJIXX00,GASFJI,1,2029,2.99
GLOBAL,PWROCGFJIXX00,GASFJI,1,2030,2.99
GLOBAL,PWROCGFJIXX00,GASFJI,1,2031,2.99
GLOBAL,PWROCGFJIXX00,GASFJI,1,2032,2.99
GLOBAL,PWROCGFJIXX00,GASFJI,1,2033,2.99
GLOBAL,PWROCGFJIXX00,GASFJI,1,2034,2.99
GLOBAL,PWROCGFJIXX00,GASFJI,1,2035,2.99
GLOBAL,PWROCGFJIXX00,GASFJI,1,2036,2.99
GLOBAL,PWROCGFJIXX00,GASFJI,1,2037,2.99
GLOBAL,PWROCGFJIXX00,GASFJI,1,2038,2.99
GLOBAL,PWROCGFJIXX00,GASFJI,1,2039,2.99
GLOBAL,PWROCGFJIXX00,GASFJI,1,2040,2.99
GLOBAL,PWROCGFJIXX00,GASFJI,1,2041,2.99
GLOBAL,PWROCGFJIXX00,GASFJI,1,2042,2.99
GLOBAL,PWROCGFJIXX00,GASFJI,1,2043,2.99
GLOBAL,PWROCGFJIXX00,GASFJI,1,2044,2.99
GLOBAL,PWROCGFJIXX00,GASFJI,1,2045,2.99
GLOBAL,PWROCGFJIXX00,GASFJI,1,2046,2.99
GLOBAL,PWROCGFJIXX00,GASFJI,1,2047,2.99
GLOBAL,PWROCGFJIXX00,GASFJI,1,2048,2.99
GLOBAL,PWROCGFJIXX00,GASFJI,1,2049,2.99
GLOBAL,PWROCGFJIXX00,GASFJI,1,2050,2.99
GLOBAL,PWROCGFJIXX00,GASINT,2,2020,2.99
GLOBAL,PWROCGFJIXX00,GASINT,2,2021,2.99
GLOBAL,PWROCGFJIXX00,GASINT,2,2022,2.99
GLOBAL,PWROCGFJIXX00,GASINT,2,2023,2.99
GLOBAL,PWROCGFJIXX00,GASINT,2,2024,2.99
GLOBAL,PWROCGFJIXX00,GASINT,2,2025,2.99
GLOBAL,PWROCGFJIXX00,GASINT,2,2026,2.99
GLOBAL,PWROCGFJIXX00,GASINT,2,2027,2.99
GLOBAL,PWROCGFJIXX00,GASINT,2,2028,2.99
GLOBAL,PWROCGFJIXX00,GASINT,2,2029,2.99
GLOBAL,PWROCGFJIXX00,GASINT,2,2030,2.99
GLOBAL,PWROCGFJIXX00,GASINT,2,2031,2.99
GLOBAL,PWROCGFJIXX00,GASINT,2,2032,2.99
GLOBAL,PWROCGFJIXX00,GASINT,2,2033,2.99
GLOBAL,PWROCGFJIXX00,GASINT,2,2034,2.99
GLOBAL,PWROCGFJIXX00,GASINT,2,2035,2.99
GLOBAL,PWROCGFJIXX00,GASINT,2,2036,2.99
GLOBAL,PWROCGFJIXX00,GASINT,2,2037,2.99
GLOBAL,PWROCGFJIXX00,GASINT,2,2038,2.99
GLOBAL,PWROCGFJIXX00,GASINT,2,2039,2.99
GLOBAL,PWROCGFJIXX00,GASINT,2,2040,2.99
GLOBAL,PWROCGFJIXX00,GASINT,2,2041,2.99
GLOBAL,PWROCGFJIXX00,GASINT,2,2042,2.99
GLOBAL,PWROCGFJIXX00,GASINT,2,2043,2.99
GLOBAL,PWROCGFJIXX00,GASINT,2,2044,2.99
GLOBAL,PWROCGFJIXX00,GASINT,2,2045,2.99
GLOBAL,PWROCGFJIXX00,GASINT,2,2046,2.99
GLOBAL,PWROCGFJIXX00,GASINT,2,2047,2.99
GLOBAL,PWROCGFJIXX00,GASINT,2,2048,2.99
GLOBAL,PWROCGFJIXX00,GASINT,2,2049,2.99
GLOBAL,PWROCGFJIXX00,GASINT,2,2050,2.99
GLOBAL,PWRHYDFJIXX01,HYDFJIXX,1,2020,1.0
GLOBAL,PWRHYDFJIXX01,HYDFJIXX,1,2021,1.0
GLOBAL,PWRHYDFJIXX01,HYDFJIXX,1,2022,1.0
GLOBAL,PWRHYDFJIXX01,HYDFJIXX,1,2023,1.0
GLOBAL,PWRHYDFJIXX01,HYDFJIXX,1,2024,1.0
GLOBAL,PWRHYDFJIXX01,HYDFJIXX,1,2025,1.0
GLOBAL,PWRHYDFJIXX01,HYDFJIXX,1,2026,1.0
GLOBAL,PWRHYDFJIXX01,HYDFJIXX,1,2027,1.0
GLOBAL,PWRHYDFJIXX01,HYDFJIXX,1,2028,1.0
GLOBAL,PWRHYDFJIXX01,HYDFJIXX,1,2029,1.0
GLOBAL,PWRHYDFJIXX01,HYDFJIXX,1,2030,1.0
GLOBAL,PWRHYDFJIXX01,HYDFJIXX,1,2031,1.0
GLOBAL,PWRHYDFJIXX01,HYDFJIXX,1,2032,1.0
GLOBAL,PWRHYDFJIXX01,HYDFJIXX,1,2033,1.0
GLOBAL,PWRHYDFJIXX01,HYDFJIXX,1,2034,1.0
GLOBAL,PWRHYDFJIXX01,HYDFJIXX,1,2035,1.0
GLOBAL,PWRHYDFJIXX01,HYDFJIXX,1,2036,1.0
GLOBAL,PWRHYDFJIXX01,HYDFJIXX,1,2037,1.0
GLOBAL,PWRHYDFJIXX01,HYDFJIXX,1,2038,1.0
GLOBAL,PWRHYDFJIXX01,HYDFJIXX,1,2039,1.0
GLOBAL,PWRHYDFJIXX01,HYDFJIXX,1,2040,1.0
GLOBAL,PWRHYDFJIXX01,HYDFJIXX,1,2041,1.0
GLOBAL,PWRHYDFJIXX01,HYDFJIXX,1,2042,1.0
GLOBAL,PWRHYDFJIXX01,HYDFJIXX,1,2043,1.0
GLOBAL,PWRHYDFJIXX01,HYDFJIXX,1,2044,1.0
GLOBAL,PWRHYDFJIXX01,HYDFJIXX,1,2045,1.0
GLOBAL,PWRHYDFJIXX01,HYDFJIXX,1,2046,1.0
GLOBAL,PWRHYDFJIXX01,HYDFJIXX,1,2047,1.0
GLOBAL,PWRHYDFJIXX01,HYDFJIXX,1,2048,1.0
GLOBAL,PWRHYDFJIXX01,HYDFJIXX,1,2049,1.0
GLOBAL,PWRHYDFJIXX01,HYDFJIXX,1,2050,1.0
GLOBAL,PWROILFJIXX01,OILFJI,1,2020,3.09
GLOBAL,PWROILFJIXX01,OILFJI,1,2021,3.09
GLOBAL,PWROILFJIXX01,OILFJI,1,2022,3.09
GLOBAL,PWROILFJIXX01,OILFJI,1,2023,3.09
GLOBAL,PWROILFJIXX01,OILFJI,1,2024,3.09
GLOBAL,PWROILFJIXX01,OILFJI,1,2025,3.09
GLOBAL,PWROILFJIXX01,OILFJI,1,2026,3.09
GLOBAL,PWROILFJIXX01,OILFJI,1,2027,3.09
GLOBAL,PWROILFJIXX01,OILFJI,1,2028,3.09
GLOBAL,PWROILFJIXX01,OILFJI,1,2029,3.09
GLOBAL,PWROILFJIXX01,OILFJI,1,2030,3.09
GLOBAL,PWROILFJIXX01,OILFJI,1,2031,3.09
GLOBAL,PWROILFJIXX01,OILFJI,1,2032,3.09
GLOBAL,PWROILFJIXX01,OILFJI,1,2033,3.09
GLOBAL,PWROILFJIXX01,OILFJI,1,2034,3.09
GLOBAL,PWROILFJIXX01,OILFJI,1,2035,3.09
GLOBAL,PWROILFJIXX01,OILFJI,1,2036,3.09
GLOBAL,PWROILFJIXX01,OILFJI,1,2037,3.09
GLOBAL,PWROILFJIXX01,OILFJI,1,2038,3.09
GLOBAL,PWROILFJIXX01,OILFJI,1,2039,3.09
GLOBAL,PWROILFJIXX01,OILFJI,1,2040,3.09
GLOBAL,PWROILFJIXX01,OILFJI,1,2041,3.09
GLOBAL,PWROILFJIXX01,OILFJI,1,2042,3.09
GLOBAL,PWROILFJIXX01,OILFJI,1,2043,3.09
GLOBAL,PWROILFJIXX01,OILFJI,1,2044,3.09
GLOBAL,PWROILFJIXX01,OILFJI,1,2045,3.09
GLOBAL,PWROILFJIXX01,OILFJI,1,2046,3.09
GLOBAL,PWROILFJIXX01,OILFJI,1,2047,3.09
GLOBAL,PWROILFJIXX01,OILFJI,1,2048,3.09
GLOBAL,PWROILFJIXX01,OILFJI,1,2049,3.09
GLOBAL,PWROILFJIXX01,OILFJI,1,2050,3.09
GLOBAL,PWROILFJIXX01,OILINT,2,2020,3.09
GLOBAL,PWROILFJIXX01,OILINT,2,2021,3.09
GLOBAL,PWROILFJIXX01,OILINT,2,2022,3.09
GLOBAL,PWROILFJIXX01,OILINT,2,2023,3.09
GLOBAL,PWROILFJIXX01,OILINT,2,2024,3.09
GLOBAL,PWROILFJIXX01,OILINT,2,2025,3.09
GLOBAL,PWROILFJIXX01,OILINT,2,2026,3.09
GLOBAL,PWROILFJIXX01,OILINT,2,2027,3.09
GLOBAL,PWROILFJIXX01,OILINT,2,2028,3.09
GLOBAL,PWROILFJIXX01,OILINT,2,2029,3.09
GLOBAL,PWROILFJIXX01,OILINT,2,2030,3.09
GLOBAL,PWROILFJIXX01,OILINT,2,2031,3.09
GLOBAL,PWROILFJIXX01,OILINT,2,2032,3.09
GLOBAL,PWROILFJIXX01,OILINT,2,2033,3.09
GLOBAL,PWROILFJIXX01,OILINT,2,2034,3.09
GLOBAL,PWROILFJIXX01,OILINT,2,2035,3.09
GLOBAL,PWROILFJIXX01,OILINT,2,2036,3.09
GLOBAL,PWROILFJIXX01,OILINT,2,2037,3.09
GLOBAL,PWROILFJIXX01,OILINT,2,2038,3.09
GLOBAL,PWROILFJIXX01,OILINT,2,2039,3.09
GLOBAL,PWROILFJIXX01,OILINT,2,2040,3.09
GLOBAL,PWROILFJIXX01,OILINT,2,2041,3.09
GLOBAL,PWROILFJIXX01,OILINT,2,2042,3.09
GLOBAL,PWROILFJIXX01,OILINT,2,2043,3.09
GLOBAL,PWROILFJIXX01,OILINT,2,2044,3.09
GLOBAL,PWROILFJIXX01,OILINT,2,2045,3.09
GLOBAL,PWROILFJIXX01,OILINT,2,2046,3.09
GLOBAL,PWROILFJIXX01,OILINT,2,2047,3.09
GLOBAL,PWROILFJIXX01,OILINT,2,2048,3.09
GLOBAL,PWROILFJIXX01,OILINT,2,2049,3.09
GLOBAL,PWROILFJIXX01,OILINT,2,2050,3.09
GLOBAL,PWRSPVFJIXX01,SPVFJIXX,1,2020,1.0
GLOBAL,PWRSPVFJIXX01,SPVFJIXX,1,2021,1.0
GLOBAL,PWRSPVFJIXX01,SPVFJIXX,1,2022,1.0
GLOBAL,PWRSPVFJIXX01,SPVFJIXX,1,2023,1.0
GLOBAL,PWRSPVFJIXX01,SPVFJIXX,1,2024,1.0
GLOBAL,PWRSPVFJIXX01,SPVFJIXX,1,2025,1.0
GLOBAL,PWRSPVFJIXX01,SPVFJIXX,1,2026,1.0
GLOBAL,PWRSPVFJIXX01,SPVFJIXX,1,2027,1.0
GLOBAL,PWRSPVFJIXX01,SPVFJIXX,1,2028,1.0
GLOBAL,PWRSPVFJIXX01,SPVFJIXX,1,2029,1.0
GLOBAL,PWRSPVFJIXX01,SPVFJIXX,1,2030,1.0
GLOBAL,PWRSPVFJIXX01,SPVFJIXX,1,2031,1.0
GLOBAL,PWRSPVFJIXX01,SPVFJIXX,1,2032,1.0
GLOBAL,PWRSPVFJIXX01,SPVFJIXX,1,2033,1.0
GLOBAL,PWRSPVFJIXX01,SPVFJIXX,1,2034,1.0
GLOBAL,PWRSPVFJIXX01,SPVFJIXX,1,2035,1.0
GLOBAL,PWRSPVFJIXX01,SPVFJIXX,1,2036,1.0
GLOBAL,PWRSPVFJIXX01,SPVFJIXX,1,2037,1.0
GLOBAL,PWRSPVFJIXX01,SPVFJIXX,1,2038,1.0
GLOBAL,PWRSPVFJIXX01,SPVFJIXX,1,2039,1.0
GLOBAL,PWRSPVFJIXX01,SPVFJIXX,1,2040,1.0
GLOBAL,PWRSPVFJIXX01,SPVFJIXX,1,2041,1.0
GLOBAL,PWRSPVFJIXX01,SPVFJIXX,1,2042,1.0
GLOBAL,PWRSPVFJIXX01,SPVFJIXX,1,2043,1.0
GLOBAL,PWRSPVFJIXX01,SPVFJIXX,1,2044,1.0
GLOBAL,PWRSPVFJIXX01,SPVFJIXX,1,2045,1.0
GLOBAL,PWRSPVFJIXX01,SPVFJIXX,1,2046,1.0
GLOBAL,PWRSPVFJIXX01,SPVFJIXX,1,2047,1.0
GLOBAL,PWRSPVFJIXX01,SPVFJIXX,1,2048,1.0
GLOBAL,PWRSPVFJIXX01,SPVFJIXX,1,2049,1.0
GLOBAL,PWRSPVFJIXX01,SPVFJIXX,1,2050,1.0
GLOBAL,PWROTHFJIXX01,OTHFJI,1,2020,1.0
GLOBAL,PWROTHFJIXX01,OTHFJI,1,2021,1.0
GLOBAL,PWROTHFJIXX01,OTHFJI,1,2022,1.0
GLOBAL,PWROTHFJIXX01,OTHFJI,1,2023,1.0
GLOBAL,PWROTHFJIXX01,OTHFJI,1,2024,1.0
GLOBAL,PWROTHFJIXX01,OTHFJI,1,2025,1.0
GLOBAL,PWROTHFJIXX01,OTHFJI,1,2026,1.0
GLOBAL,PWROTHFJIXX01,OTHFJI,1,2027,1.0
GLOBAL,PWROTHFJIXX01,OTHFJI,1,2028,1.0
GLOBAL,PWROTHFJIXX01,OTHFJI,1,2029,1.0
GLOBAL,PWROTHFJIXX01,OTHFJI,1,2030,1.0
GLOBAL,PWROTHFJIXX01,OTHFJI,1,2031,1.0
GLOBAL,PWROTHFJIXX01,OTHFJI,1,2032,1.0
GLOBAL,PWROTHFJIXX01,OTHFJI,1,2033,1.0
GLOBAL,PWROTHFJIXX01,OTHFJI,1,2034,1.0
GLOBAL,PWROTHFJIXX01,OTHFJI,1,2035,1.0
GLOBAL,PWROTHFJIXX01,OTHFJI,1,2036,1.0
GLOBAL,PWROTHFJIXX01,OTHFJI,1,2037,1.0
GLOBAL,PWROTHFJIXX01,OTHFJI,1,2038,1.0
GLOBAL,PWROTHFJIXX01,OTHFJI,1,2039,1.0
GLOBAL,PWROTHFJIXX01,OTHFJI,1,2040,1.0
GLOBAL,PWROTHFJIXX01,OTHFJI,1,2041,1.0
GLOBAL,PWROTHFJIXX01,OTHFJI,1,2042,1.0
GLOBAL,PWROTHFJIXX01,OTHFJI,1,2043,1.0
GLOBAL,PWROTHFJIXX01,OTHFJI,1,2044,1.0
GLOBAL,PWROTHFJIXX01,OTHFJI,1,2045,1.0
GLOBAL,PWROTHFJIXX01,OTHFJI,1,2046,1.0
GLOBAL,PWROTHFJIXX01,OTHFJI,1,2047,1.0
GLOBAL,PWROTHFJIXX01,OTHFJI,1,2048,1.0
GLOBAL,PWROTHFJIXX01,OTHFJI,1,2049,1.0
GLOBAL,PWROTHFJIXX01,OTHFJI,1,2050,1.0
GLOBAL,PWROTHFJIXX01,OTHINT,2,2020,1.0
GLOBAL,PWROTHFJIXX01,OTHINT,2,2021,1.0
GLOBAL,PWROTHFJIXX01,OTHINT,2,2022,1.0
GLOBAL,PWROTHFJIXX01,OTHINT,2,2023,1.0
GLOBAL,PWROTHFJIXX01,OTHINT,2,2024,1.0
GLOBAL,PWROTHFJIXX01,OTHINT,2,2025,1.0
GLOBAL,PWROTHFJIXX01,OTHINT,2,2026,1.0
GLOBAL,PWROTHFJIXX01,OTHINT,2,2027,1.0
GLOBAL,PWROTHFJIXX01,OTHINT,2,2028,1.0
GLOBAL,PWROTHFJIXX01,OTHINT,2,2029,1.0
GLOBAL,PWROTHFJIXX01,OTHINT,2,2030,1.0
GLOBAL,PWROTHFJIXX01,OTHINT,2,2031,1.0
GLOBAL,PWROTHFJIXX01,OTHINT,2,2032,1.0
GLOBAL,PWROTHFJIXX01,OTHINT,2,2033,1.0
GLOBAL,PWROTHFJIXX01,OTHINT,2,2034,1.0
GLOBAL,PWROTHFJIXX01,OTHINT,2,2035,1.0
GLOBAL,PWROTHFJIXX01,OTHINT,2,2036,1.0
GLOBAL,PWROTHFJIXX01,OTHINT,2,2037,1.0
GLOBAL,PWROTHFJIXX01,OTHINT,2,2038,1.0
GLOBAL,PWROTHFJIXX01,OTHINT,2,2039,1.0
GLOBAL,PWROTHFJIXX01,OTHINT,2,2040,1.0
GLOBAL,PWROTHFJIXX01,OTHINT,2,2041,1.0
GLOBAL,PWROTHFJIXX01,OTHINT,2,2042,1.0
GLOBAL,PWROTHFJIXX01,OTHINT,2,2043,1.0
GLOBAL,PWROTHFJIXX01,OTHINT,2,2044,1.0
GLOBAL,PWROTHFJIXX01,OTHINT,2,2045,1.0
GLOBAL,PWROTHFJIXX01,OTHINT,2,2046,1.0
GLOBAL,PWROTHFJIXX01,OTHINT,2,2047,1.0
GLOBAL,PWROTHFJIXX01,OTHINT,2,2048,1.0
GLOBAL,PWROTHFJIXX01,OTHINT,2,2049,1.0
GLOBAL,PWROTHFJIXX01,OTHINT,2,2050,1.0
GLOBAL,PWRCSPFJIXX01,CSPFJIXX,1,2020,1.0
GLOBAL,PWRCSPFJIXX01,CSPFJIXX,1,2021,1.0
GLOBAL,PWRCSPFJIXX01,CSPFJIXX,1,2022,1.0
GLOBAL,PWRCSPFJIXX01,CSPFJIXX,1,2023,1.0
GLOBAL,PWRCSPFJIXX01,CSPFJIXX,1,2024,1.0
GLOBAL,PWRCSPFJIXX01,CSPFJIXX,1,2025,1.0
GLOBAL,PWRCSPFJIXX01,CSPFJIXX,1,2026,1.0
GLOBAL,PWRCSPFJIXX01,CSPFJIXX,1,2027,1.0
GLOBAL,PWRCSPFJIXX01,CSPFJIXX,1,2028,1.0
GLOBAL,PWRCSPFJIXX01,CSPFJIXX,1,2029,1.0
GLOBAL,PWRCSPFJIXX01,CSPFJIXX,1,2030,1.0
GLOBAL,PWRCSPFJIXX01,CSPFJIXX,1,2031,1.0
GLOBAL,PWRCSPFJIXX01,CSPFJIXX,1,2032,1.0
GLOBAL,PWRCSPFJIXX01,CSPFJIXX,1,2033,1.0
GLOBAL,PWRCSPFJIXX01,CSPFJIXX,1,2034,1.0
GLOBAL,PWRCSPFJIXX01,CSPFJIXX,1,2035,1.0
GLOBAL,PWRCSPFJIXX01,CSPFJIXX,1,2036,1.0
GLOBAL,PWRCSPFJIXX01,CSPFJIXX,1,2037,1.0
GLOBAL,PWRCSPFJIXX01,CSPFJIXX,1,2038,1.0
GLOBAL,PWRCSPFJIXX01,CSPFJIXX,1,2039,1.0
GLOBAL,PWRCSPFJIXX01,CSPFJIXX,1,2040,1.0
GLOBAL,PWRCSPFJIXX01,CSPFJIXX,1,2041,1.0
GLOBAL,PWRCSPFJIXX01,CSPFJIXX,1,2042,1.0
GLOBAL,PWRCSPFJIXX01,CSPFJIXX,1,2043,1.0
GLOBAL,PWRCSPFJIXX01,CSPFJIXX,1,2044,1.0
GLOBAL,PWRCSPFJIXX01,CSPFJIXX,1,2045,1.0
GLOBAL,PWRCSPFJIXX01,CSPFJIXX,1,2046,1.0
GLOBAL,PWRCSPFJIXX01,CSPFJIXX,1,2047,1.0
GLOBAL,PWRCSPFJIXX01,CSPFJIXX,1,2048,1.0
GLOBAL,PWRCSPFJIXX01,CSPFJIXX,1,2049,1.0
GLOBAL,PWRCSPFJIXX01,CSPFJIXX,1,2050,1.0
GLOBAL,PWRBIOFJIXX01,BIOFJIXX,1,2020,3.82
GLOBAL,PWRBIOFJIXX01,BIOFJIXX,1,2021,3.82
GLOBAL,PWRBIOFJIXX01,BIOFJIXX,1,2022,3.82
GLOBAL,PWRBIOFJIXX01,BIOFJIXX,1,2023,3.82
GLOBAL,PWRBIOFJIXX01,BIOFJIXX,1,2024,3.82
GLOBAL,PWRBIOFJIXX01,BIOFJIXX,1,2025,3.82
GLOBAL,PWRBIOFJIXX01,BIOFJIXX,1,2026,3.82
GLOBAL,PWRBIOFJIXX01,BIOFJIXX,1,2027,3.82
GLOBAL,PWRBIOFJIXX01,BIOFJIXX,1,2028,3.82
GLOBAL,PWRBIOFJIXX01,BIOFJIXX,1,2029,3.82
GLOBAL,PWRBIOFJIXX01,BIOFJIXX,1,2030,3.82
GLOBAL,PWRBIOFJIXX01,BIOFJIXX,1,2031,3.82
GLOBAL,PWRBIOFJIXX01,BIOFJIXX,1,2032,3.82
GLOBAL,PWRBIOFJIXX01,BIOFJIXX,1,2033,3.82
GLOBAL,PWRBIOFJIXX01,BIOFJIXX,1,2034,3.82
GLOBAL,PWRBIOFJIXX01,BIOFJIXX,1,2035,3.82
GLOBAL,PWRBIOFJIXX01,BIOFJIXX,1,2036,3.82
GLOBAL,PWRBIOFJIXX01,BIOFJIXX,1,2037,3.82
GLOBAL,PWRBIOFJIXX01,BIOFJIXX,1,2038,3.82
GLOBAL,PWRBIOFJIXX01,BIOFJIXX,1,2039,3.82
GLOBAL,PWRBIOFJIXX01,BIOFJIXX,1,2040,3.82
GLOBAL,PWRBIOFJIXX01,BIOFJIXX,1,2041,3.82
GLOBAL,PWRBIOFJIXX01,BIOFJIXX,1,2042,3.82
GLOBAL,PWRBIOFJIXX01,BIOFJIXX,1,2043,3.82
GLOBAL,PWRBIOFJIXX01,BIOFJIXX,1,2044,3.82
GLOBAL,PWRBIOFJIXX01,BIOFJIXX,1,2045,3.82
GLOBAL,PWRBIOFJIXX01,BIOFJIXX,1,2046,3.82
GLOBAL,PWRBIOFJIXX01,BIOFJIXX,1,2047,3.82
GLOBAL,PWRBIOFJIXX01,BIOFJIXX,1,2048,3.82
GLOBAL,PWRBIOFJIXX01,BIOFJIXX,1,2049,3.82
GLOBAL,PWRBIOFJIXX01,BIOFJIXX,1,2050,3.82
GLOBAL,PWRCOAFJIXX01,COAFJI,1,2020,2.92
GLOBAL,PWRCOAFJIXX01,COAFJI,1,2021,2.92
GLOBAL,PWRCOAFJIXX01,COAFJI,1,2022,2.92
GLOBAL,PWRCOAFJIXX01,COAFJI,1,2023,2.92
GLOBAL,PWRCOAFJIXX01,COAFJI,1,2024,2.92
GLOBAL,PWRCOAFJIXX01,COAFJI,1,2025,2.92
GLOBAL,PWRCOAFJIXX01,COAFJI,1,2026,2.92
GLOBAL,PWRCOAFJIXX01,COAFJI,1,2027,2.92
GLOBAL,PWRCOAFJIXX01,COAFJI,1,2028,2.92
GLOBAL,PWRCOAFJIXX01,COAFJI,1,2029,2.92
GLOBAL,PWRCOAFJIXX01,COAFJI,1,2030,2.92
GLOBAL,PWRCOAFJIXX01,COAFJI,1,2031,2.92
GLOBAL,PWRCOAFJIXX01,COAFJI,1,2032,2.92
GLOBAL,PWRCOAFJIXX01,COAFJI,1,2033,2.92
GLOBAL,PWRCOAFJIXX01,COAFJI,1,2034,2.92
GLOBAL,PWRCOAFJIXX01,COAFJI,1,2035,2.92
GLOBAL,PWRCOAFJIXX01,COAFJI,1,2036,2.92
GLOBAL,PWRCOAFJIXX01,COAFJI,1,2037,2.92
GLOBAL,PWRCOAFJIXX01,COAFJI,1,2038,2.92
GLOBAL,PWRCOAFJIXX01,COAFJI,1,2039,2.92
GLOBAL,PWRCOAFJIXX01,COAFJI,1,2040,2.92
GLOBAL,PWRCOAFJIXX01,COAFJI,1,2041,2.92
GLOBAL,PWRCOAFJIXX01,COAFJI,1,2042,2.92
GLOBAL,PWRCOAFJIXX01,COAFJI,1,2043,2.92
GLOBAL,PWRCOAFJIXX01,COAFJI,1,2044,2.92
GLOBAL,PWRCOAFJIXX01,COAFJI,1,2045,2.92
GLOBAL,PWRCOAFJIXX01,COAFJI,1,2046,2.92
GLOBAL,PWRCOAFJIXX01,COAFJI,1,2047,2.92
GLOBAL,PWRCOAFJIXX01,COAFJI,1,2048,2.92
GLOBAL,PWRCOAFJIXX01,COAFJI,1,2049,2.92
GLOBAL,PWRCOAFJIXX01,COAFJI,1,2050,2.92
GLOBAL,PWRCOAFJIXX01,COAINT,2,2020,2.92
GLOBAL,PWRCOAFJIXX01,COAINT,2,2021,2.92
GLOBAL,PWRCOAFJIXX01,COAINT,2,2022,2.92
GLOBAL,PWRCOAFJIXX01,COAINT,2,2023,2.92
GLOBAL,PWRCOAFJIXX01,COAINT,2,2024,2.92
GLOBAL,PWRCOAFJIXX01,COAINT,2,2025,2.92
GLOBAL,PWRCOAFJIXX01,COAINT,2,2026,2.92
GLOBAL,PWRCOAFJIXX01,COAINT,2,2027,2.92
GLOBAL,PWRCOAFJIXX01,COAINT,2,2028,2.92
GLOBAL,PWRCOAFJIXX01,COAINT,2,2029,2.92
GLOBAL,PWRCOAFJIXX01,COAINT,2,2030,2.92
GLOBAL,PWRCOAFJIXX01,COAINT,2,2031,2.92
GLOBAL,PWRCOAFJIXX01,COAINT,2,2032,2.92
GLOBAL,PWRCOAFJIXX01,COAINT,2,2033,2.92
GLOBAL,PWRCOAFJIXX01,COAINT,2,2034,2.92
GLOBAL,PWRCOAFJIXX01,COAINT,2,2035,2.92
GLOBAL,PWRCOAFJIXX01,COAINT,2,2036,2.92
GLOBAL,PWRCOAFJIXX01,COAINT,2,2037,2.92
GLOBAL,PWRCOAFJIXX01,COAINT,2,2038,2.92
GLOBAL,PWRCOAFJIXX01,COAINT,2,2039,2.92
GLOBAL,PWRCOAFJIXX01,COAINT,2,2040,2.92
GLOBAL,PWRCOAFJIXX01,COAINT,2,2041,2.92
GLOBAL,PWRCOAFJIXX01,COAINT,2,2042,2.92
GLOBAL,PWRCOAFJIXX01,COAINT,2,2043,2.92
GLOBAL,PWRCOAFJIXX01,COAINT,2,2044,2.92
GLOBAL,PWRCOAFJIXX01,COAINT,2,2045,2.92
GLOBAL,PWRCOAFJIXX01,COAINT,2,2046,2.92
GLOBAL,PWRCOAFJIXX01,COAINT,2,2047,2.92
GLOBAL,PWRCOAFJIXX01,COAINT,2,2048,2.92
GLOBAL,PWRCOAFJIXX01,COAINT,2,2049,2.92
GLOBAL,PWRCOAFJIXX01,COAINT,2,2050,2.92
GLOBAL,PWRURNFJIXX01,URNFJI,1,2020,2.22
GLOBAL,PWRURNFJIXX01,URNFJI,1,2021,2.22
GLOBAL,PWRURNFJIXX01,URNFJI,1,2022,2.22
GLOBAL,PWRURNFJIXX01,URNFJI,1,2023,2.22
GLOBAL,PWRURNFJIXX01,URNFJI,1,2024,2.22
GLOBAL,PWRURNFJIXX01,URNFJI,1,2025,2.22
GLOBAL,PWRURNFJIXX01,URNFJI,1,2026,2.22
GLOBAL,PWRURNFJIXX01,URNFJI,1,2027,2.22
GLOBAL,PWRURNFJIXX01,URNFJI,1,2028,2.22
GLOBAL,PWRURNFJIXX01,URNFJI,1,2029,2.22
GLOBAL,PWRURNFJIXX01,URNFJI,1,2030,2.22
GLOBAL,PWRURNFJIXX01,URNFJI,1,2031,2.22
GLOBAL,PWRURNFJIXX01,URNFJI,1,2032,2.22
GLOBAL,PWRURNFJIXX01,URNFJI,1,2033,2.22
GLOBAL,PWRURNFJIXX01,URNFJI,1,2034,2.22
GLOBAL,PWRURNFJIXX01,URNFJI,1,2035,2.22
GLOBAL,PWRURNFJIXX01,URNFJI,1,2036,2.22
GLOBAL,PWRURNFJIXX01,URNFJI,1,2037,2.22
GLOBAL,PWRURNFJIXX01,URNFJI,1,2038,2.22
GLOBAL,PWRURNFJIXX01,URNFJI,1,2039,2.22
GLOBAL,PWRURNFJIXX01,URNFJI,1,2040,2.22
GLOBAL,PWRURNFJIXX01,URNFJI,1,2041,2.22
GLOBAL,PWRURNFJIXX01,URNFJI,1,2042,2.22
GLOBAL,PWRURNFJIXX01,URNFJI,1,2043,2.22
GLOBAL,PWRURNFJIXX01,URNFJI,1,2044,2.22
GLOBAL,PWRURNFJIXX01,URNFJI,1,2045,2.22
GLOBAL,PWRURNFJIXX01,URNFJI,1,2046,2.22
GLOBAL,PWRURNFJIXX01,URNFJI,1,2047,2.22
GLOBAL,PWRURNFJIXX01,URNFJI,1,2048,2.22
GLOBAL,PWRURNFJIXX01,URNFJI,1,2049,2.22
GLOBAL,PWRURNFJIXX01,URNFJI,1,2050,2.22
GLOBAL,PWRURNFJIXX01,URNINT,2,2020,2.22
GLOBAL,PWRURNFJIXX01,URNINT,2,2021,2.22
GLOBAL,PWRURNFJIXX01,URNINT,2,2022,2.22
GLOBAL,PWRURNFJIXX01,URNINT,2,2023,2.22
GLOBAL,PWRURNFJIXX01,URNINT,2,2024,2.22
GLOBAL,PWRURNFJIXX01,URNINT,2,2025,2.22
GLOBAL,PWRURNFJIXX01,URNINT,2,2026,2.22
GLOBAL,PWRURNFJIXX01,URNINT,2,2027,2.22
GLOBAL,PWRURNFJIXX01,URNINT,2,2028,2.22
GLOBAL,PWRURNFJIXX01,URNINT,2,2029,2.22
GLOBAL,PWRURNFJIXX01,URNINT,2,2030,2.22
GLOBAL,PWRURNFJIXX01,URNINT,2,2031,2.22
GLOBAL,PWRURNFJIXX01,URNINT,2,2032,2.22
GLOBAL,PWRURNFJIXX01,URNINT,2,2033,2.22
GLOBAL,PWRURNFJIXX01,URNINT,2,2034,2.22
GLOBAL,PWRURNFJIXX01,URNINT,2,2035,2.22
GLOBAL,PWRURNFJIXX01,URNINT,2,2036,2.22
GLOBAL,PWRURNFJIXX01,URNINT,2,2037,2.22
GLOBAL,PWRURNFJIXX01,URNINT,2,2038,2.22
GLOBAL,PWRURNFJIXX01,URNINT,2,2039,2.22
GLOBAL,PWRURNFJIXX01,URNINT,2,2040,2.22
GLOBAL,PWRURNFJIXX01,URNINT,2,2041,2.22
GLOBAL,PWRURNFJIXX01,URNINT,2,2042,2.22
GLOBAL,PWRURNFJIXX01,URNINT,2,2043,2.22
GLOBAL,PWRURNFJIXX01,URNINT,2,2044,2.22
GLOBAL,PWRURNFJIXX01,URNINT,2,2045,2.22
GLOBAL,PWRURNFJIXX01,URNINT,2,2046,2.22
GLOBAL,PWRURNFJIXX01,URNINT,2,2047,2.22
GLOBAL,PWRURNFJIXX01,URNINT,2,2048,2.22
GLOBAL,PWRURNFJIXX01,URNINT,2,2049,2.22
GLOBAL,PWRURNFJIXX01,URNINT,2,2050,2.22
GLOBAL,PWRWONFJIXX01,WONFJIXX,1,2020,1.0
GLOBAL,PWRWONFJIXX01,WONFJIXX,1,2021,1.0
GLOBAL,PWRWONFJIXX01,WONFJIXX,1,2022,1.0
GLOBAL,PWRWONFJIXX01,WONFJIXX,1,2023,1.0
GLOBAL,PWRWONFJIXX01,WONFJIXX,1,2024,1.0
GLOBAL,PWRWONFJIXX01,WONFJIXX,1,2025,1.0
GLOBAL,PWRWONFJIXX01,WONFJIXX,1,2026,1.0
GLOBAL,PWRWONFJIXX01,WONFJIXX,1,2027,1.0
GLOBAL,PWRWONFJIXX01,WONFJIXX,1,2028,1.0
GLOBAL,PWRWONFJIXX01,WONFJIXX,1,2029,1.0
GLOBAL,PWRWONFJIXX01,WONFJIXX,1,2030,1.0
GLOBAL,PWRWONFJIXX01,WONFJIXX,1,2031,1.0
GLOBAL,PWRWONFJIXX01,WONFJIXX,1,2032,1.0
GLOBAL,PWRWONFJIXX01,WONFJIXX,1,2033,1.0
GLOBAL,PWRWONFJIXX01,WONFJIXX,1,2034,1.0
GLOBAL,PWRWONFJIXX01,WONFJIXX,1,2035,1.0
GLOBAL,PWRWONFJIXX01,WONFJIXX,1,2036,1.0
GLOBAL,PWRWONFJIXX01,WONFJIXX,1,2037,1.0
GLOBAL,PWRWONFJIXX01,WONFJIXX,1,2038,1.0
GLOBAL,PWRWONFJIXX01,WONFJIXX,1,2039,1.0
GLOBAL,PWRWONFJIXX01,WONFJIXX,1,2040,1.0
GLOBAL,PWRWONFJIXX01,WONFJIXX,1,2041,1.0
GLOBAL,PWRWONFJIXX01,WONFJIXX,1,2042,1.0
GLOBAL,PWRWONFJIXX01,WONFJIXX,1,2043,1.0
GLOBAL,PWRWONFJIXX01,WONFJIXX,1,2044,1.0
GLOBAL,PWRWONFJIXX01,WONFJIXX,1,2045,1.0
GLOBAL,PWRWONFJIXX01,WONFJIXX,1,2046,1.0
GLOBAL,PWRWONFJIXX01,WONFJIXX,1,2047,1.0
GLOBAL,PWRWONFJIXX01,WONFJIXX,1,2048,1.0
GLOBAL,PWRWONFJIXX01,WONFJIXX,1,2049,1.0
GLOBAL,PWRWONFJIXX01,WONFJIXX,1,2050,1.0
GLOBAL,PWRWASFJIXX01,WASFJIXX,1,2020,1.0
GLOBAL,PWRWASFJIXX01,WASFJIXX,1,2021,1.0
GLOBAL,PWRWASFJIXX01,WASFJIXX,1,2022,1.0
GLOBAL,PWRWASFJIXX01,WASFJIXX,1,2023,1.0
GLOBAL,PWRWASFJIXX01,WASFJIXX,1,2024,1.0
GLOBAL,PWRWASFJIXX01,WASFJIXX,1,2025,1.0
GLOBAL,PWRWASFJIXX01,WASFJIXX,1,2026,1.0
GLOBAL,PWRWASFJIXX01,WASFJIXX,1,2027,1.0
GLOBAL,PWRWASFJIXX01,WASFJIXX,1,2028,1.0
GLOBAL,PWRWASFJIXX01,WASFJIXX,1,2029,1.0
GLOBAL,PWRWASFJIXX01,WASFJIXX,1,2030,1.0
GLOBAL,PWRWASFJIXX01,WASFJIXX,1,2031,1.0
GLOBAL,PWRWASFJIXX01,WASFJIXX,1,2032,1.0
GLOBAL,PWRWASFJIXX01,WASFJIXX,1,2033,1.0
GLOBAL,PWRWASFJIXX01,WASFJIXX,1,2034,1.0
GLOBAL,PWRWASFJIXX01,WASFJIXX,1,2035,1.0
GLOBAL,PWRWASFJIXX01,WASFJIXX,1,2036,1.0
GLOBAL,PWRWASFJIXX01,WASFJIXX,1,2037,1.0
GLOBAL,PWRWASFJIXX01,WASFJIXX,1,2038,1.0
GLOBAL,PWRWASFJIXX01,WASFJIXX,1,2039,1.0
GLOBAL,PWRWASFJIXX01,WASFJIXX,1,2040,1.0
GLOBAL,PWRWASFJIXX01,WASFJIXX,1,2041,1.0
GLOBAL,PWRWASFJIXX01,WASFJIXX,1,2042,1.0
GLOBAL,PWRWASFJIXX01,WASFJIXX,1,2043,1.0
GLOBAL,PWRWASFJIXX01,WASFJIXX,1,2044,1.0
GLOBAL,PWRWASFJIXX01,WASFJIXX,1,2045,1.0
GLOBAL,PWRWASFJIXX01,WASFJIXX,1,2046,1.0
GLOBAL,PWRWASFJIXX01,WASFJIXX,1,2047,1.0
GLOBAL,PWRWASFJIXX01,WASFJIXX,1,2048,1.0
GLOBAL,PWRWASFJIXX01,WASFJIXX,1,2049,1.0
GLOBAL,PWRWASFJIXX01,WASFJIXX,1,2050,1.0
GLOBAL,PWRWOFFJIXX01,WOFFJIXX,1,2020,1.0
GLOBAL,PWRWOFFJIXX01,WOFFJIXX,1,2021,1.0
GLOBAL,PWRWOFFJIXX01,WOFFJIXX,1,2022,1.0
GLOBAL,PWRWOFFJIXX01,WOFFJIXX,1,2023,1.0
GLOBAL,PWRWOFFJIXX01,WOFFJIXX,1,2024,1.0
GLOBAL,PWRWOFFJIXX01,WOFFJIXX,1,2025,1.0
GLOBAL,PWRWOFFJIXX01,WOFFJIXX,1,2026,1.0
GLOBAL,PWRWOFFJIXX01,WOFFJIXX,1,2027,1.0
GLOBAL,PWRWOFFJIXX01,WOFFJIXX,1,2028,1.0
GLOBAL,PWRWOFFJIXX01,WOFFJIXX,1,2029,1.0
GLOBAL,PWRWOFFJIXX01,WOFFJIXX,1,2030,1.0
GLOBAL,PWRWOFFJIXX01,WOFFJIXX,1,2031,1.0
GLOBAL,PWRWOFFJIXX01,WOFFJIXX,1,2032,1.0
GLOBAL,PWRWOFFJIXX01,WOFFJIXX,1,2033,1.0
GLOBAL,PWRWOFFJIXX01,WOFFJIXX,1,2034,1.0
GLOBAL,PWRWOFFJIXX01,WOFFJIXX,1,2035,1.0
GLOBAL,PWRWOFFJIXX01,WOFFJIXX,1,2036,1.0
GLOBAL,PWRWOFFJIXX01,WOFFJIXX,1,2037,1.0
GLOBAL,PWRWOFFJIXX01,WOFFJIXX,1,2038,1.0
GLOBAL,PWRWOFFJIXX01,WOFFJIXX,1,2039,1.0
GLOBAL,PWRWOFFJIXX01,WOFFJIXX,1,2040,1.0
GLOBAL,PWRWOFFJIXX01,WOFFJIXX,1,2041,1.0
GLOBAL,PWRWOFFJIXX01,WOFFJIXX,1,2042,1.0
GLOBAL,PWRWOFFJIXX01,WOFFJIXX,1,2043,1.0
GLOBAL,PWRWOFFJIXX01,WOFFJIXX,1,2044,1.0
GLOBAL,PWRWOFFJIXX01,WOFFJIXX,1,2045,1.0
GLOBAL,PWRWOFFJIXX01,WOFFJIXX,1,2046,1.0
GLOBAL,PWRWOFFJIXX01,WOFFJIXX,1,2047,1.0
GLOBAL,PWRWOFFJIXX01,WOFFJIXX,1,2048,1.0
GLOBAL,PWRWOFFJIXX01,WOFFJIXX,1,2049,1.0
GLOBAL,PWRWOFFJIXX01,WOFFJIXX,1,2050,1.0
GLOBAL,PWRWAVFJIXX01,WAVFJIXX,1,2020,1.0
GLOBAL,PWRWAVFJIXX01,WAVFJIXX,1,2021,1.0
GLOBAL,PWRWAVFJIXX01,WAVFJIXX,1,2022,1.0
GLOBAL,PWRWAVFJIXX01,WAVFJIXX,1,2023,1.0
GLOBAL,PWRWAVFJIXX01,WAVFJIXX,1,2024,1.0
GLOBAL,PWRWAVFJIXX01,WAVFJIXX,1,2025,1.0
GLOBAL,PWRWAVFJIXX01,WAVFJIXX,1,2026,1.0
GLOBAL,PWRWAVFJIXX01,WAVFJIXX,1,2027,1.0
GLOBAL,PWRWAVFJIXX01,WAVFJIXX,1,2028,1.0
GLOBAL,PWRWAVFJIXX01,WAVFJIXX,1,2029,1.0
GLOBAL,PWRWAVFJIXX01,WAVFJIXX,1,2030,1.0
GLOBAL,PWRWAVFJIXX01,WAVFJIXX,1,2031,1.0
GLOBAL,PWRWAVFJIXX01,WAVFJIXX,1,2032,1.0
GLOBAL,PWRWAVFJIXX01,WAVFJIXX,1,2033,1.0
GLOBAL,PWRWAVFJIXX01,WAVFJIXX,1,2034,1.0
GLOBAL,PWRWAVFJIXX01,WAVFJIXX,1,2035,1.0
GLOBAL,PWRWAVFJIXX01,WAVFJIXX,1,2036,1.0
GLOBAL,PWRWAVFJIXX01,WAVFJIXX,1,2037,1.0
GLOBAL,PWRWAVFJIXX01,WAVFJIXX,1,2038,1.0
GLOBAL,PWRWAVFJIXX01,WAVFJIXX,1,2039,1.0
GLOBAL,PWRWAVFJIXX01,WAVFJIXX,1,2040,1.0
GLOBAL,PWRWAVFJIXX01,WAVFJIXX,1,2041,1.0
GLOBAL,PWRWAVFJIXX01,WAVFJIXX,1,2042,1.0
GLOBAL,PWRWAVFJIXX01,WAVFJIXX,1,2043,1.0
GLOBAL,PWRWAVFJIXX01,WAVFJIXX,1,2044,1.0
GLOBAL,PWRWAVFJIXX01,WAVFJIXX,1,2045,1.0
GLOBAL,PWRWAVFJIXX01,WAVFJIXX,1,2046,1.0
GLOBAL,PWRWAVFJIXX01,WAVFJIXX,1,2047,1.0
GLOBAL,PWRWAVFJIXX01,WAVFJIXX,1,2048,1.0
GLOBAL,PWRWAVFJIXX01,WAVFJIXX,1,2049,1.0
GLOBAL,PWRWAVFJIXX01,WAVFJIXX,1,2050,1.0
GLOBAL,PWRPETFJIXX01,PETFJI,1,2020,3.06
GLOBAL,PWRPETFJIXX01,PETFJI,1,2021,3.06
GLOBAL,PWRPETFJIXX01,PETFJI,1,2022,3.06
GLOBAL,PWRPETFJIXX01,PETFJI,1,2023,3.06
GLOBAL,PWRPETFJIXX01,PETFJI,1,2024,3.06
GLOBAL,PWRPETFJIXX01,PETFJI,1,2025,3.06
GLOBAL,PWRPETFJIXX01,PETFJI,1,2026,3.06
GLOBAL,PWRPETFJIXX01,PETFJI,1,2027,3.06
GLOBAL,PWRPETFJIXX01,PETFJI,1,2028,3.06
GLOBAL,PWRPETFJIXX01,PETFJI,1,2029,3.06
GLOBAL,PWRPETFJIXX01,PETFJI,1,2030,3.06
GLOBAL,PWRPETFJIXX01,PETFJI,1,2031,3.06
GLOBAL,PWRPETFJIXX01,PETFJI,1,2032,3.06
GLOBAL,PWRPETFJIXX01,PETFJI,1,2033,3.06
GLOBAL,PWRPETFJIXX01,PETFJI,1,2034,3.06
GLOBAL,PWRPETFJIXX01,PETFJI,1,2035,3.06
GLOBAL,PWRPETFJIXX01,PETFJI,1,2036,3.06
GLOBAL,PWRPETFJIXX01,PETFJI,1,2037,3.06
GLOBAL,PWRPETFJIXX01,PETFJI,1,2038,3.06
GLOBAL,PWRPETFJIXX01,PETFJI,1,2039,3.06
GLOBAL,PWRPETFJIXX01,PETFJI,1,2040,3.06
GLOBAL,PWRPETFJIXX01,PETFJI,1,2041,3.06
GLOBAL,PWRPETFJIXX01,PETFJI,1,2042,3.06
GLOBAL,PWRPETFJIXX01,PETFJI,1,2043,3.06
GLOBAL,PWRPETFJIXX01,PETFJI,1,2044,3.06
GLOBAL,PWRPETFJIXX01,PETFJI,1,2045,3.06
GLOBAL,PWRPETFJIXX01,PETFJI,1,2046,3.06
GLOBAL,PWRPETFJIXX01,PETFJI,1,2047,3.06
GLOBAL,PWRPETFJIXX01,PETFJI,1,2048,3.06
GLOBAL,PWRPETFJIXX01,PETFJI,1,2049,3.06
GLOBAL,PWRPETFJIXX01,PETFJI,1,2050,3.06
GLOBAL,PWRPETFJIXX01,PETINT,2,2020,3.06
GLOBAL,PWRPETFJIXX01,PETINT,2,2021,3.06
GLOBAL,PWRPETFJIXX01,PETINT,2,2022,3.06
GLOBAL,PWRPETFJIXX01,PETINT,2,2023,3.06
GLOBAL,PWRPETFJIXX01,PETINT,2,2024,3.06
GLOBAL,PWRPETFJIXX01,PETINT,2,2025,3.06
GLOBAL,PWRPETFJIXX01,PETINT,2,2026,3.06
GLOBAL,PWRPETFJIXX01,PETINT,2,2027,3.06
GLOBAL,PWRPETFJIXX01,PETINT,2,2028,3.06
GLOBAL,PWRPETFJIXX01,PETINT,2,2029,3.06
GLOBAL,PWRPETFJIXX01,PETINT,2,2030,3.06
GLOBAL,PWRPETFJIXX01,PETINT,2,2031,3.06
GLOBAL,PWRPETFJIXX01,PETINT,2,2032,3.06
GLOBAL,PWRPETFJIXX01,PETINT,2,2033,3.06
GLOBAL,PWRPETFJIXX01,PETINT,2,2034,3.06
GLOBAL,PWRPETFJIXX01,PETINT,2,2035,3.06
GLOBAL,PWRPETFJIXX01,PETINT,2,2036,3.06
GLOBAL,PWRPETFJIXX01,PETINT,2,2037,3.06
GLOBAL,PWRPETFJIXX01,PETINT,2,2038,3.06
GLOBAL,PWRPETFJIXX01,PETINT,2,2039,3.06
GLOBAL,PWRPETFJIXX01,PETINT,2,2040,3.06
GLOBAL,PWRPETFJIXX01,PETINT,2,2041,3.06
GLOBAL,PWRPETFJIXX01,PETINT,2,2042,3.06
GLOBAL,PWRPETFJIXX01,PETINT,2,2043,3.06
GLOBAL,PWRPETFJIXX01,PETINT,2,2044,3.06
GLOBAL,PWRPETFJIXX01,PETINT,2,2045,3.06
GLOBAL,PWRPETFJIXX01,PETINT,2,2046,3.06
GLOBAL,PWRPETFJIXX01,PETINT,2,2047,3.06
GLOBAL,PWRPETFJIXX01,PETINT,2,2048,3.06
GLOBAL,PWRPETFJIXX01,PETINT,2,2049,3.06
GLOBAL,PWRPETFJIXX01,PETINT,2,2050,3.06
GLOBAL,PWRGEOFJIXX01,GEOFJIXX,1,2020,1.0
GLOBAL,PWRGEOFJIXX01,GEOFJIXX,1,2021,1.0
GLOBAL,PWRGEOFJIXX01,GEOFJIXX,1,2022,1.0
GLOBAL,PWRGEOFJIXX01,GEOFJIXX,1,2023,1.0
GLOBAL,PWRGEOFJIXX01,GEOFJIXX,1,2024,1.0
GLOBAL,PWRGEOFJIXX01,GEOFJIXX,1,2025,1.0
GLOBAL,PWRGEOFJIXX01,GEOFJIXX,1,2026,1.0
GLOBAL,PWRGEOFJIXX01,GEOFJIXX,1,2027,1.0
GLOBAL,PWRGEOFJIXX01,GEOFJIXX,1,2028,1.0
GLOBAL,PWRGEOFJIXX01,GEOFJIXX,1,2029,1.0
GLOBAL,PWRGEOFJIXX01,GEOFJIXX,1,2030,1.0
GLOBAL,PWRGEOFJIXX01,GEOFJIXX,1,2031,1.0
GLOBAL,PWRGEOFJIXX01,GEOFJIXX,1,2032,1.0
GLOBAL,PWRGEOFJIXX01,GEOFJIXX,1,2033,1.0
GLOBAL,PWRGEOFJIXX01,GEOFJIXX,1,2034,1.0
GLOBAL,PWRGEOFJIXX01,GEOFJIXX,1,2035,1.0
GLOBAL,PWRGEOFJIXX01,GEOFJIXX,1,2036,1.0
GLOBAL,PWRGEOFJIXX01,GEOFJIXX,1,2037,1.0
GLOBAL,PWRGEOFJIXX01,GEOFJIXX,1,2038,1.0
GLOBAL,PWRGEOFJIXX01,GEOFJIXX,1,2039,1.0
GLOBAL,PWRGEOFJIXX01,GEOFJIXX,1,2040,1.0
GLOBAL,PWRGEOFJIXX01,GEOFJIXX,1,2041,1.0
GLOBAL,PWRGEOFJIXX01,GEOFJIXX,1,2042,1.0
GLOBAL,PWRGEOFJIXX01,GEOFJIXX,1,2043,1.0
GLOBAL,PWRGEOFJIXX01,GEOFJIXX,1,2044,1.0
GLOBAL,PWRGEOFJIXX01,GEOFJIXX,1,2045,1.0
GLOBAL,PWRGEOFJIXX01,GEOFJIXX,1,2046,1.0
GLOBAL,PWRGEOFJIXX01,GEOFJIXX,1,2047,1.0
GLOBAL,PWRGEOFJIXX01,GEOFJIXX,1,2048,1.0
GLOBAL,PWRGEOFJIXX01,GEOFJIXX,1,2049,1.0
GLOBAL,PWRGEOFJIXX01,GEOFJIXX,1,2050,1.0
GLOBAL,PWRCOGFJIXX01,COGFJI,1,2020,2.92
GLOBAL,PWRCOGFJIXX01,COGFJI,1,2021,2.92
GLOBAL,PWRCOGFJIXX01,COGFJI,1,2022,2.92
GLOBAL,PWRCOGFJIXX01,COGFJI,1,2023,2.92
GLOBAL,PWRCOGFJIXX01,COGFJI,1,2024,2.92
GLOBAL,PWRCOGFJIXX01,COGFJI,1,2025,2.92
GLOBAL,PWRCOGFJIXX01,COGFJI,1,2026,2.92
GLOBAL,PWRCOGFJIXX01,COGFJI,1,2027,2.92
GLOBAL,PWRCOGFJIXX01,COGFJI,1,2028,2.92
GLOBAL,PWRCOGFJIXX01,COGFJI,1,2029,2.92
GLOBAL,PWRCOGFJIXX01,COGFJI,1,2030,2.92
GLOBAL,PWRCOGFJIXX01,COGFJI,1,2031,2.92
GLOBAL,PWRCOGFJIXX01,COGFJI,1,2032,2.92
GLOBAL,PWRCOGFJIXX01,COGFJI,1,2033,2.92
GLOBAL,PWRCOGFJIXX01,COGFJI,1,2034,2.92
GLOBAL,PWRCOGFJIXX01,COGFJI,1,2035,2.92
GLOBAL,PWRCOGFJIXX01,COGFJI,1,2036,2.92
GLOBAL,PWRCOGFJIXX01,COGFJI,1,2037,2.92
GLOBAL,PWRCOGFJIXX01,COGFJI,1,2038,2.92
GLOBAL,PWRCOGFJIXX01,COGFJI,1,2039,2.92
GLOBAL,PWRCOGFJIXX01,COGFJI,1,2040,2.92
GLOBAL,PWRCOGFJIXX01,COGFJI,1,2041,2.92
GLOBAL,PWRCOGFJIXX01,COGFJI,1,2042,2.92
GLOBAL,PWRCOGFJIXX01,COGFJI,1,2043,2.92
GLOBAL,PWRCOGFJIXX01,COGFJI,1,2044,2.92
GLOBAL,PWRCOGFJIXX01,COGFJI,1,2045,2.92
GLOBAL,PWRCOGFJIXX01,COGFJI,1,2046,2.92
GLOBAL,PWRCOGFJIXX01,COGFJI,1,2047,2.92
GLOBAL,PWRCOGFJIXX01,COGFJI,1,2048,2.92
GLOBAL,PWRCOGFJIXX01,COGFJI,1,2049,2.92
GLOBAL,PWRCOGFJIXX01,COGFJI,1,2050,2.92
GLOBAL,PWRCOGFJIXX01,COGINT,2,2020,2.92
GLOBAL,PWRCOGFJIXX01,COGINT,2,2021,2.92
GLOBAL,PWRCOGFJIXX01,COGINT,2,2022,2.92
GLOBAL,PWRCOGFJIXX01,COGINT,2,2023,2.92
GLOBAL,PWRCOGFJIXX01,COGINT,2,2024,2.92
GLOBAL,PWRCOGFJIXX01,COGINT,2,2025,2.92
GLOBAL,PWRCOGFJIXX01,COGINT,2,2026,2.92
GLOBAL,PWRCOGFJIXX01,COGINT,2,2027,2.92
GLOBAL,PWRCOGFJIXX01,COGINT,2,2028,2.92
GLOBAL,PWRCOGFJIXX01,COGINT,2,2029,2.92
GLOBAL,PWRCOGFJIXX01,COGINT,2,2030,2.92
GLOBAL,PWRCOGFJIXX01,COGINT,2,2031,2.92
GLOBAL,PWRCOGFJIXX01,COGINT,2,2032,2.92
GLOBAL,PWRCOGFJIXX01,COGINT,2,2033,2.92
GLOBAL,PWRCOGFJIXX01,COGINT,2,2034,2.92
GLOBAL,PWRCOGFJIXX01,COGINT,2,2035,2.92
GLOBAL,PWRCOGFJIXX01,COGINT,2,2036,2.92
GLOBAL,PWRCOGFJIXX01,COGINT,2,2037,2.92
GLOBAL,PWRCOGFJIXX01,COGINT,2,2038,2.92
GLOBAL,PWRCOGFJIXX01,COGINT,2,2039,2.92
GLOBAL,PWRCOGFJIXX01,COGINT,2,2040,2.92
GLOBAL,PWRCOGFJIXX01,COGINT,2,2041,2.92
GLOBAL,PWRCOGFJIXX01,COGINT,2,2042,2.92
GLOBAL,PWRCOGFJIXX01,COGINT,2,2043,2.92
GLOBAL,PWRCOGFJIXX01,COGINT,2,2044,2.92
GLOBAL,PWRCOGFJIXX01,COGINT,2,2045,2.92
GLOBAL,PWRCOGFJIXX01,COGINT,2,2046,2.92
GLOBAL,PWRCOGFJIXX01,COGINT,2,2047,2.92
GLOBAL,PWRCOGFJIXX01,COGINT,2,2048,2.92
GLOBAL,PWRCOGFJIXX01,COGINT,2,2049,2.92
GLOBAL,PWRCOGFJIXX01,COGINT,2,2050,2.92
GLOBAL,PWRCCSFJIXX01,COAFJI,1,2020,3.0
GLOBAL,PWRCCSFJIXX01,COAFJI,1,2021,3.0
GLOBAL,PWRCCSFJIXX01,COAFJI,1,2022,3.0
GLOBAL,PWRCCSFJIXX01,COAFJI,1,2023,3.0
GLOBAL,PWRCCSFJIXX01,COAFJI,1,2024,3.0
GLOBAL,PWRCCSFJIXX01,COAFJI,1,2025,3.0
GLOBAL,PWRCCSFJIXX01,COAFJI,1,2026,3.0
GLOBAL,PWRCCSFJIXX01,COAFJI,1,2027,3.0
GLOBAL,PWRCCSFJIXX01,COAFJI,1,2028,3.0
GLOBAL,PWRCCSFJIXX01,COAFJI,1,2029,3.0
GLOBAL,PWRCCSFJIXX01,COAFJI,1,2030,3.0
GLOBAL,PWRCCSFJIXX01,COAFJI,1,2031,3.0
GLOBAL,PWRCCSFJIXX01,COAFJI,1,2032,3.0
GLOBAL,PWRCCSFJIXX01,COAFJI,1,2033,3.0
GLOBAL,PWRCCSFJIXX01,COAFJI,1,2034,3.0
GLOBAL,PWRCCSFJIXX01,COAFJI,1,2035,3.0
GLOBAL,PWRCCSFJIXX01,COAFJI,1,2036,3.0
GLOBAL,PWRCCSFJIXX01,COAFJI,1,2037,3.0
GLOBAL,PWRCCSFJIXX01,COAFJI,1,2038,3.0
GLOBAL,PWRCCSFJIXX01,COAFJI,1,2039,3.0
GLOBAL,PWRCCSFJIXX01,COAFJI,1,2040,3.0
GLOBAL,PWRCCSFJIXX01,COAFJI,1,2041,3.0
GLOBAL,PWRCCSFJIXX01,COAFJI,1,2042,3.0
GLOBAL,PWRCCSFJIXX01,COAFJI,1,2043,3.0
GLOBAL,PWRCCSFJIXX01,COAFJI,1,2044,3.0
GLOBAL,PWRCCSFJIXX01,COAFJI,1,2045,3.0
GLOBAL,PWRCCSFJIXX01,COAFJI,1,2046,3.0
GLOBAL,PWRCCSFJIXX01,COAFJI,1,2047,3.0
GLOBAL,PWRCCSFJIXX01,COAFJI,1,2048,3.0
GLOBAL,PWRCCSFJIXX01,COAFJI,1,2049,3.0
GLOBAL,PWRCCSFJIXX01,COAFJI,1,2050,3.0
GLOBAL,PWRCCSFJIXX01,COAINT,2,2020,3.0
GLOBAL,PWRCCSFJIXX01,COAINT,2,2021,3.0
GLOBAL,PWRCCSFJIXX01,COAINT,2,2022,3.0
GLOBAL,PWRCCSFJIXX01,COAINT,2,2023,3.0
GLOBAL,PWRCCSFJIXX01,COAINT,2,2024,3.0
GLOBAL,PWRCCSFJIXX01,COAINT,2,2025,3.0
GLOBAL,PWRCCSFJIXX01,COAINT,2,2026,3.0
GLOBAL,PWRCCSFJIXX01,COAINT,2,2027,3.0
GLOBAL,PWRCCSFJIXX01,COAINT,2,2028,3.0
GLOBAL,PWRCCSFJIXX01,COAINT,2,2029,3.0
GLOBAL,PWRCCSFJIXX01,COAINT,2,2030,3.0
GLOBAL,PWRCCSFJIXX01,COAINT,2,2031,3.0
GLOBAL,PWRCCSFJIXX01,COAINT,2,2032,3.0
GLOBAL,PWRCCSFJIXX01,COAINT,2,2033,3.0
GLOBAL,PWRCCSFJIXX01,COAINT,2,2034,3.0
GLOBAL,PWRCCSFJIXX01,COAINT,2,2035,3.0
GLOBAL,PWRCCSFJIXX01,COAINT,2,2036,3.0
GLOBAL,PWRCCSFJIXX01,COAINT,2,2037,3.0
GLOBAL,PWRCCSFJIXX01,COAINT,2,2038,3.0
GLOBAL,PWRCCSFJIXX01,COAINT,2,2039,3.0
GLOBAL,PWRCCSFJIXX01,COAINT,2,2040,3.0
GLOBAL,PWRCCSFJIXX01,COAINT,2,2041,3.0
GLOBAL,PWRCCSFJIXX01,COAINT,2,2042,3.0
GLOBAL,PWRCCSFJIXX01,COAINT,2,2043,3.0
GLOBAL,PWRCCSFJIXX01,COAINT,2,2044,3.0
GLOBAL,PWRCCSFJIXX01,COAINT,2,2045,3.0
GLOBAL,PWRCCSFJIXX01,COAINT,2,2046,3.0
GLOBAL,PWRCCSFJIXX01,COAINT,2,2047,3.0
GLOBAL,PWRCCSFJIXX01,COAINT,2,2048,3.0
GLOBAL,PWRCCSFJIXX01,COAINT,2,2049,3.0
GLOBAL,PWRCCSFJIXX01,COAINT,2,2050,3.0
GLOBAL,PWRCCGFJIXX01,GASFJI,1,2020,2.0
GLOBAL,PWRCCGFJIXX01,GASFJI,1,2021,2.0
GLOBAL,PWRCCGFJIXX01,GASFJI,1,2022,2.0
GLOBAL,PWRCCGFJIXX01,GASFJI,1,2023,2.0
GLOBAL,PWRCCGFJIXX01,GASFJI,1,2024,2.0
GLOBAL,PWRCCGFJIXX01,GASFJI,1,2025,2.0
GLOBAL,PWRCCGFJIXX01,GASFJI,1,2026,2.0
GLOBAL,PWRCCGFJIXX01,GASFJI,1,2027,2.0
GLOBAL,PWRCCGFJIXX01,GASFJI,1,2028,2.0
GLOBAL,PWRCCGFJIXX01,GASFJI,1,2029,2.0
GLOBAL,PWRCCGFJIXX01,GASFJI,1,2030,2.0
GLOBAL,PWRCCGFJIXX01,GASFJI,1,2031,2.0
GLOBAL,PWRCCGFJIXX01,GASFJI,1,2032,2.0
GLOBAL,PWRCCGFJIXX01,GASFJI,1,2033,2.0
GLOBAL,PWRCCGFJIXX01,GASFJI,1,2034,2.0
GLOBAL,PWRCCGFJIXX01,GASFJI,1,2035,2.0
GLOBAL,PWRCCGFJIXX01,GASFJI,1,2036,2.0
GLOBAL,PWRCCGFJIXX01,GASFJI,1,2037,2.0
GLOBAL,PWRCCGFJIXX01,GASFJI,1,2038,2.0
GLOBAL,PWRCCGFJIXX01,GASFJI,1,2039,2.0
GLOBAL,PWRCCGFJIXX01,GASFJI,1,2040,2.0
GLOBAL,PWRCCGFJIXX01,GASFJI,1,2041,2.0
GLOBAL,PWRCCGFJIXX01,GASFJI,1,2042,2.0
GLOBAL,PWRCCGFJIXX01,GASFJI,1,2043,2.0
GLOBAL,PWRCCGFJIXX01,GASFJI,1,2044,2.0
GLOBAL,PWRCCGFJIXX01,GASFJI,1,2045,2.0
GLOBAL,PWRCCGFJIXX01,GASFJI,1,2046,2.0
GLOBAL,PWRCCGFJIXX01,GASFJI,1,2047,2.0
GLOBAL,PWRCCGFJIXX01,GASFJI,1,2048,2.0
GLOBAL,PWRCCGFJIXX01,GASFJI,1,2049,2.0
GLOBAL,PWRCCGFJIXX01,GASFJI,1,2050,2.0
GLOBAL,PWRCCGFJIXX01,GASINT,2,2020,2.0
GLOBAL,PWRCCGFJIXX01,GASINT,2,2021,2.0
GLOBAL,PWRCCGFJIXX01,GASINT,2,2022,2.0
GLOBAL,PWRCCGFJIXX01,GASINT,2,2023,2.0
GLOBAL,PWRCCGFJIXX01,GASINT,2,2024,2.0
GLOBAL,PWRCCGFJIXX01,GASINT,2,2025,2.0
GLOBAL,PWRCCGFJIXX01,GASINT,2,2026,2.0
GLOBAL,PWRCCGFJIXX01,GASINT,2,2027,2.0
GLOBAL,PWRCCGFJIXX01,GASINT,2,2028,2.0
GLOBAL,PWRCCGFJIXX01,GASINT,2,2029,2.0
GLOBAL,PWRCCGFJIXX01,GASINT,2,2030,2.0
GLOBAL,PWRCCGFJIXX01,GASINT,2,2031,2.0
GLOBAL,PWRCCGFJIXX01,GASINT,2,2032,2.0
GLOBAL,PWRCCGFJIXX01,GASINT,2,2033,2.0
GLOBAL,PWRCCGFJIXX01,GASINT,2,2034,2.0
GLOBAL,PWRCCGFJIXX01,GASINT,2,2035,2.0
GLOBAL,PWRCCGFJIXX01,GASINT,2,2036,2.0
GLOBAL,PWRCCGFJIXX01,GASINT,2,2037,2.0
GLOBAL,PWRCCGFJIXX01,GASINT,2,2038,2.0
GLOBAL,PWRCCGFJIXX01,GASINT,2,2039,2.0
GLOBAL,PWRCCGFJIXX01,GASINT,2,2040,2.0
GLOBAL,PWRCCGFJIXX01,GASINT,2,2041,2.0
GLOBAL,PWRCCGFJIXX01,GASINT,2,2042,2.0
GLOBAL,PWRCCGFJIXX01,GASINT,2,2043,2.0
GLOBAL,PWRCCGFJIXX01,GASINT,2,2044,2.0
GLOBAL,PWRCCGFJIXX01,GASINT,2,2045,2.0
GLOBAL,PWRCCGFJIXX01,GASINT,2,2046,2.0
GLOBAL,PWRCCGFJIXX01,GASINT,2,2047,2.0
GLOBAL,PWRCCGFJIXX01,GASINT,2,2048,2.0
GLOBAL,PWRCCGFJIXX01,GASINT,2,2049,2.0
GLOBAL,PWRCCGFJIXX01,GASINT,2,2050,2.0
GLOBAL,PWROCGFJIXX01,GASFJI,1,2020,2.857
GLOBAL,PWROCGFJIXX01,GASFJI,1,2021,2.857
GLOBAL,PWROCGFJIXX01,GASFJI,1,2022,2.857
GLOBAL,PWROCGFJIXX01,GASFJI,1,2023,2.857
GLOBAL,PWROCGFJIXX01,GASFJI,1,2024,2.857
GLOBAL,PWROCGFJIXX01,GASFJI,1,2025,2.857
GLOBAL,PWROCGFJIXX01,GASFJI,1,2026,2.857
GLOBAL,PWROCGFJIXX01,GASFJI,1,2027,2.857
GLOBAL,PWROCGFJIXX01,GASFJI,1,2028,2.857
GLOBAL,PWROCGFJIXX01,GASFJI,1,2029,2.857
GLOBAL,PWROCGFJIXX01,GASFJI,1,2030,2.857
GLOBAL,PWROCGFJIXX01,GASFJI,1,2031,2.857
GLOBAL,PWROCGFJIXX01,GASFJI,1,2032,2.857
GLOBAL,PWROCGFJIXX01,GASFJI,1,2033,2.857
GLOBAL,PWROCGFJIXX01,GASFJI,1,2034,2.857
GLOBAL,PWROCGFJIXX01,GASFJI,1,2035,2.857
GLOBAL,PWROCGFJIXX01,GASFJI,1,2036,2.857
GLOBAL,PWROCGFJIXX01,GASFJI,1,2037,2.857
GLOBAL,PWROCGFJIXX01,GASFJI,1,2038,2.857
GLOBAL,PWROCGFJIXX01,GASFJI,1,2039,2.857
GLOBAL,PWROCGFJIXX01,GASFJI,1,2040,2.857
GLOBAL,PWROCGFJIXX01,GASFJI,1,2041,2.857
GLOBAL,PWROCGFJIXX01,GASFJI,1,2042,2.857
GLOBAL,PWROCGFJIXX01,GASFJI,1,2043,2.857
GLOBAL,PWROCGFJIXX01,GASFJI,1,2044,2.857
GLOBAL,PWROCGFJIXX01,GASFJI,1,2045,2.857
GLOBAL,PWROCGFJIXX01,GASFJI,1,2046,2.857
GLOBAL,PWROCGFJIXX01,GASFJI,1,2047,2.857
GLOBAL,PWROCGFJIXX01,GASFJI,1,2048,2.857
GLOBAL,PWROCGFJIXX01,GASFJI,1,2049,2.857
GLOBAL,PWROCGFJIXX01,GASFJI,1,2050,2.857
GLOBAL,PWROCGFJIXX01,GASINT,2,2020,2.857
GLOBAL,PWROCGFJIXX01,GASINT,2,2021,2.857
GLOBAL,PWROCGFJIXX01,GASINT,2,2022,2.857
GLOBAL,PWROCGFJIXX01,GASINT,2,2023,2.857
GLOBAL,PWROCGFJIXX01,GASINT,2,2024,2.857
GLOBAL,PWROCGFJIXX01,GASINT,2,2025,2.857
GLOBAL,PWROCGFJIXX01,GASINT,2,2026,2.857
GLOBAL,PWROCGFJIXX01,GASINT,2,2027,2.857
GLOBAL,PWROCGFJIXX01,GASINT,2,2028,2.857
GLOBAL,PWROCGFJIXX01,GASINT,2,2029,2.857
GLOBAL,PWROCGFJIXX01,GASINT,2,2030,2.857
GLOBAL,PWROCGFJIXX01,GASINT,2,2031,2.857
GLOBAL,PWROCGFJIXX01,GASINT,2,2032,2.857
GLOBAL,PWROCGFJIXX01,GASINT,2,2033,2.857
GLOBAL,PWROCGFJIXX01,GASINT,2,2034,2.857
GLOBAL,PWROCGFJIXX01,GASINT,2,2035,2.857
GLOBAL,PWROCGFJIXX01,GASINT,2,2036,2.857
GLOBAL,PWROCGFJIXX01,GASINT,2,2037,2.857
GLOBAL,PWROCGFJIXX01,GASINT,2,2038,2.857
GLOBAL,PWROCGFJIXX01,GASINT,2,2039,2.857
GLOBAL,PWROCGFJIXX01,GASINT,2,2040,2.857
GLOBAL,PWROCGFJIXX01,GASINT,2,2041,2.857
GLOBAL,PWROCGFJIXX01,GASINT,2,2042,2.857
GLOBAL,PWROCGFJIXX01,GASINT,2,2043,2.857
GLOBAL,PWROCGFJIXX01,GASINT,2,2044,2.857
GLOBAL,PWROCGFJIXX01,GASINT,2,2045,2.857
GLOBAL,PWROCGFJIXX01,GASINT,2,2046,2.857
GLOBAL,PWROCGFJIXX01,GASINT,2,2047,2.857
GLOBAL,PWROCGFJIXX01,GASINT,2,2048,2.857
GLOBAL,PWROCGFJIXX01,GASINT,2,2049,2.857
GLOBAL,PWROCGFJIXX01,GASINT,2,2050,2.857
GLOBAL,PWRTRNFJIXX,ELCFJIXX01,1,2020,1.0
GLOBAL,PWRTRNFJIXX,ELCFJIXX01,1,2021,1.0
GLOBAL,PWRTRNFJIXX,ELCFJIXX01,1,2022,1.0
GLOBAL,PWRTRNFJIXX,ELCFJIXX01,1,2023,1.0
GLOBAL,PWRTRNFJIXX,ELCFJIXX01,1,2024,1.0
GLOBAL,PWRTRNFJIXX,ELCFJIXX01,1,2025,1.0
GLOBAL,PWRTRNFJIXX,ELCFJIXX01,1,2026,1.0
GLOBAL,PWRTRNFJIXX,ELCFJIXX01,1,2027,1.0
GLOBAL,PWRTRNFJIXX,ELCFJIXX01,1,2028,1.0
GLOBAL,PWRTRNFJIXX,ELCFJIXX01,1,2029,1.0
GLOBAL,PWRTRNFJIXX,ELCFJIXX01,1,2030,1.0
GLOBAL,PWRTRNFJIXX,ELCFJIXX01,1,2031,1.0
GLOBAL,PWRTRNFJIXX,ELCFJIXX01,1,2032,1.0
GLOBAL,PWRTRNFJIXX,ELCFJIXX01,1,2033,1.0
GLOBAL,PWRTRNFJIXX,ELCFJIXX01,1,2034,1.0
GLOBAL,PWRTRNFJIXX,ELCFJIXX01,1,2035,1.0
GLOBAL,PWRTRNFJIXX,ELCFJIXX01,1,2036,1.0
GLOBAL,PWRTRNFJIXX,ELCFJIXX01,1,2037,1.0
GLOBAL,PWRTRNFJIXX,ELCFJIXX01,1,2038,1.0
GLOBAL,PWRTRNFJIXX,ELCFJIXX01,1,2039,1.0
GLOBAL,PWRTRNFJIXX,ELCFJIXX01,1,2040,1.0
GLOBAL,PWRTRNFJIXX,ELCFJIXX01,1,2041,1.0
GLOBAL,PWRTRNFJIXX,ELCFJIXX01,1,2042,1.0
GLOBAL,PWRTRNFJIXX,ELCFJIXX01,1,2043,1.0
GLOBAL,PWRTRNFJIXX,ELCFJIXX01,1,2044,1.0
GLOBAL,PWRTRNFJIXX,ELCFJIXX01,1,2045,1.0
GLOBAL,PWRTRNFJIXX,ELCFJIXX01,1,2046,1.0
GLOBAL,PWRTRNFJIXX,ELCFJIXX01,1,2047,1.0
GLOBAL,PWRTRNFJIXX,ELCFJIXX01,1,2048,1.0
GLOBAL,PWRTRNFJIXX,ELCFJIXX01,1,2049,1.0
GLOBAL,PWRTRNFJIXX,ELCFJIXX01,1,2050,1.0
GLOBAL,DEMAGRDSL,DSL,1,2020,1
GLOBAL,DEMAGRDSL,DSL,1,2021,1
GLOBAL,DEMAGRDSL,DSL,1,2022,1
GLOBAL,DEMAGRDSL,DSL,1,2023,1
GLOBAL,DEMAGRDSL,DSL,1,2024,1
GLOBAL,DEMAGRDSL,DSL,1,2025,1
GLOBAL,DEMAGRDSL,DSL,1,2026,1
GLOBAL,DEMAGRDSL,DSL,1,2027,1
GLOBAL,DEMAGRDSL,DSL,1,2028,1
GLOBAL,DEMAGRDSL,DSL,1,2029,1
GLOBAL,DEMAGRDSL,DSL,1,2030,1
GLOBAL,DEMAGRDSL,DSL,1,2031,1
GLOBAL,DEMAGRDSL,DSL,1,2032,1
GLOBAL,DEMAGRDSL,DSL,1,2033,1
GLOBAL,DEMAGRDSL,DSL,1,2034,1
GLOBAL,DEMAGRDSL,DSL,1,2035,1
GLOBAL,DEMAGRDSL,DSL,1,2036,1
GLOBAL,DEMAGRDSL,DSL,1,2037,1
GLOBAL,DEMAGRDSL,DSL,1,2038,1
GLOBAL,DEMAGRDSL,DSL,1,2039,1
GLOBAL,DEMAGRDSL,DSL,1,2040,1
GLOBAL,DEMAGRDSL,DSL,1,2041,1
GLOBAL,DEMAGRDSL,DSL,1,2042,1
GLOBAL,DEMAGRDSL,DSL,1,2043,1
GLOBAL,DEMAGRDSL,DSL,1,2044,1
GLOBAL,DEMAGRDSL,DSL,1,2045,1
GLOBAL,DEMAGRDSL,DSL,1,2046,1
GLOBAL,DEMAGRDSL,DSL,1,2047,1
GLOBAL,DEMAGRDSL,DSL,1,2048,1
GLOBAL,DEMAGRDSL,DSL,1,2049,1
GLOBAL,DEMAGRDSL,DSL,1,2050,1
GLOBAL,DEMAGRELCFJIXX02,ELCFJIXX02,1,2020,1
GLOBAL,DEMAGRELCFJIXX02,ELCFJIXX02,1,2021,1
GLOBAL,DEMAGRELCFJIXX02,ELCFJIXX02,1,2022,1
GLOBAL,DEMAGRELCFJIXX02,ELCFJIXX02,1,2023,1
GLOBAL,DEMAGRELCFJIXX02,ELCFJIXX02,1,2024,1
GLOBAL,DEMAGRELCFJIXX02,ELCFJIXX02,1,2025,1
GLOBAL,DEMAGRELCFJIXX02,ELCFJIXX02,1,2026,1
GLOBAL,DEMAGRELCFJIXX02,ELCFJIXX02,1,2027,1
GLOBAL,DEMAGRELCFJIXX02,ELCFJIXX02,1,2028,1
GLOBAL,DEMAGRELCFJIXX02,ELCFJIXX02,1,2029,1
GLOBAL,DEMAGRELCFJIXX02,ELCFJIXX02,1,2030,1
GLOBAL,DEMAGRELCFJIXX02,ELCFJIXX02,1,2031,1
GLOBAL,DEMAGRELCFJIXX02,ELCFJIXX02,1,2032,1
GLOBAL,DEMAGRELCFJIXX02,ELCFJIXX02,1,2033,1
GLOBAL,DEMAGRELCFJIXX02,ELCFJIXX02,1,2034,1
GLOBAL,DEMAGRELCFJIXX02,ELCFJIXX02,1,2035,1
GLOBAL,DEMAGRELCFJIXX02,ELCFJIXX02,1,2036,1
GLOBAL,DEMAGRELCFJIXX02,ELCFJIXX02,1,2037,1
GLOBAL,DEMAGRELCFJIXX02,ELCFJIXX02,1,2038,1
GLOBAL,DEMAGRELCFJIXX02,ELCFJIXX02,1,2039,1
GLOBAL,DEMAGRELCFJIXX02,ELCFJIXX02,1,2040,1
GLOBAL,DEMAGRELCFJIXX02,ELCFJIXX02,1,2041,1
GLOBAL,DEMAGRELCFJIXX02,ELCFJIXX02,1,2042,1
GLOBAL,DEMAGRELCFJIXX02,ELCFJIXX02,1,2043,1
GLOBAL,DEMAGRELCFJIXX02,ELCFJIXX02,1,2044,1
GLOBAL,DEMAGRELCFJIXX02,ELCFJIXX02,1,2045,1
GLOBAL,DEMAGRELCFJIXX02,ELCFJIXX02,1,2046,1
GLOBAL,DEMAGRELCFJIXX02,ELCFJIXX02,1,2047,1
GLOBAL,DEMAGRELCFJIXX02,ELCFJIXX02,1,2048,1
GLOBAL,DEMAGRELCFJIXX02,ELCFJIXX02,1,2049,1
GLOBAL,DEMAGRELCFJIXX02,ELCFJIXX02,1,2050,1
GLOBAL,DEMCOMKER,KER,1,2020,1
GLOBAL,DEMCOMKER,KER,1,2021,1
GLOBAL,DEMCOMKER,KER,1,2022,1
GLOBAL,DEMCOMKER,KER,1,2023,1
GLOBAL,DEMCOMKER,KER,1,2024,1
GLOBAL,DEMCOMKER,KER,1,2025,1
GLOBAL,DEMCOMKER,KER,1,2026,1
GLOBAL,DEMCOMKER,KER,1,2027,1
GLOBAL,DEMCOMKER,KER,1,2028,1
GLOBAL,DEMCOMKER,KER,1,2029,1
GLOBAL,DEMCOMKER,KER,1,2030,1
GLOBAL,DEMCOMKER,KER,1,2031,1
GLOBAL,DEMCOMKER,KER,1,2032,1
GLOBAL,DEMCOMKER,KER,1,2033,1
GLOBAL,DEMCOMKER,KER,1,2034,1
GLOBAL,DEMCOMKER,KER,1,2035,1
GLOBAL,DEMCOMKER,KER,1,2036,1
GLOBAL,DEMCOMKER,KER,1,2037,1
GLOBAL,DEMCOMKER,KER,1,2038,1
GLOBAL,DEMCOMKER,KER,1,2039,1
GLOBAL,DEMCOMKER,KER,1,2040,1
GLOBAL,DEMCOMKER,KER,1,2041,1
GLOBAL,DEMCOMKER,KER,1,2042,1
GLOBAL,DEMCOMKER,KER,1,2043,1
GLOBAL,DEMCOMKER,KER,1,2044,1
GLOBAL,DEMCOMKER,KER,1,2045,1
GLOBAL,DEMCOMKER,KER,1,2046,1
GLOBAL,DEMCOMKER,KER,1,2047,1
GLOBAL,DEMCOMKER,KER,1,2048,1
GLOBAL,DEMCOMKER,KER,1,2049,1
GLOBAL,DEMCOMKER,KER,1,2050,1
GLOBAL,DEMCOMDSL,DSL,1,2020,1
GLOBAL,DEMCOMDSL,DSL,1,2021,1
GLOBAL,DEMCOMDSL,DSL,1,2022,1
GLOBAL,DEMCOMDSL,DSL,1,2023,1
GLOBAL,DEMCOMDSL,DSL,1,2024,1
GLOBAL,DEMCOMDSL,DSL,1,2025,1
GLOBAL,DEMCOMDSL,DSL,1,2026,1
GLOBAL,DEMCOMDSL,DSL,1,2027,1
GLOBAL,DEMCOMDSL,DSL,1,2028,1
GLOBAL,DEMCOMDSL,DSL,1,2029,1
GLOBAL,DEMCOMDSL,DSL,1,2030,1
GLOBAL,DEMCOMDSL,DSL,1,2031,1
GLOBAL,DEMCOMDSL,DSL,1,2032,1
GLOBAL,DEMCOMDSL,DSL,1,2033,1
GLOBAL,DEMCOMDSL,DSL,1,2034,1
GLOBAL,DEMCOMDSL,DSL,1,2035,1
GLOBAL,DEMCOMDSL,DSL,1,2036,1
GLOBAL,DEMCOMDSL,DSL,1,2037,1
GLOBAL,DEMCOMDSL,DSL,1,2038,1
GLOBAL,DEMCOMDSL,DSL,1,2039,1
GLOBAL,DEMCOMDSL,DSL,1,2040,1
GLOBAL,DEMCOMDSL,DSL,1,2041,1
GLOBAL,DEMCOMDSL,DSL,1,2042,1
GLOBAL,DEMCOMDSL,DSL,1,2043,1
GLOBAL,DEMCOMDSL,DSL,1,2044,1
GLOBAL,DEMCOMDSL,DSL,1,2045,1
GLOBAL,DEMCOMDSL,DSL,1,2046,1
GLOBAL,DEMCOMDSL,DSL,1,2047,1
GLOBAL,DEMCOMDSL,DSL,1,2048,1
GLOBAL,DEMCOMDSL,DSL,1,2049,1
GLOBAL,DEMCOMDSL,DSL,1,2050,1
GLOBAL,DEMCOMLPG,LPG,1,2020,1
GLOBAL,DEMCOMLPG,LPG,1,2021,1
GLOBAL,DEMCOMLPG,LPG,1,2022,1
GLOBAL,DEMCOMLPG,LPG,1,2023,1
GLOBAL,DEMCOMLPG,LPG,1,2024,1
GLOBAL,DEMCOMLPG,LPG,1,2025,1
GLOBAL,DEMCOMLPG,LPG,1,2026,1
GLOBAL,DEMCOMLPG,LPG,1,2027,1
GLOBAL,DEMCOMLPG,LPG,1,2028,1
GLOBAL,DEMCOMLPG,LPG,1,2029,1
GLOBAL,DEMCOMLPG,LPG,1,2030,1
GLOBAL,DEMCOMLPG,LPG,1,2031,1
GLOBAL,DEMCOMLPG,LPG,1,2032,1
GLOBAL,DEMCOMLPG,LPG,1,2033,1
GLOBAL,DEMCOMLPG,LPG,1,2034,1
GLOBAL,DEMCOMLPG,LPG,1,2035,1
GLOBAL,DEMCOMLPG,LPG,1,2036,1
GLOBAL,DEMCOMLPG,LPG,1,2037,1
GLOBAL,DEMCOMLPG,LPG,1,2038,1
GLOBAL,DEMCOMLPG,LPG,1,2039,1
GLOBAL,DEMCOMLPG,LPG,1,2040,1
GLOBAL,DEMCOMLPG,LPG,1,2041,1
GLOBAL,DEMCOMLPG,LPG,1,2042,1
GLOBAL,DEMCOMLPG,LPG,1,2043,1
GLOBAL,DEMCOMLPG,LPG,1,2044,1
GLOBAL,DEMCOMLPG,LPG,1,2045,1
GLOBAL,DEMCOMLPG,LPG,1,2046,1
GLOBAL,DEMCOMLPG,LPG,1,2047,1
GLOBAL,DEMCOMLPG,LPG,1,2048,1
GLOBAL,DEMCOMLPG,LPG,1,2049,1
GLOBAL,DEMCOMLPG,LPG,1,2050,1
GLOBAL,DEMCOMBIO,BIO,1,2020,1
GLOBAL,DEMCOMBIO,BIO,1,2021,1
GLOBAL,DEMCOMBIO,BIO,1,2022,1
GLOBAL,DEMCOMBIO,BIO,1,2023,1
GLOBAL,DEMCOMBIO,BIO,1,2024,1
GLOBAL,DEMCOMBIO,BIO,1,2025,1
GLOBAL,DEMCOMBIO,BIO,1,2026,1
GLOBAL,DEMCOMBIO,BIO,1,2027,1
GLOBAL,DEMCOMBIO,BIO,1,2028,1
GLOBAL,DEMCOMBIO,BIO,1,2029,1
GLOBAL,DEMCOMBIO,BIO,1,2030,1
GLOBAL,DEMCOMBIO,BIO,1,2031,1
GLOBAL,DEMCOMBIO,BIO,1,2032,1
GLOBAL,DEMCOMBIO,BIO,1,2033,1
GLOBAL,DEMCOMBIO,BIO,1,2034,1
GLOBAL,DEMCOMBIO,BIO,1,2035,1
GLOBAL,DEMCOMBIO,BIO,1,2036,1
GLOBAL,DEMCOMBIO,BIO,1,2037,1
GLOBAL,DEMCOMBIO,BIO,1,2038,1
GLOBAL,DEMCOMBIO,BIO,1,2039,1
GLOBAL,DEMCOMBIO,BIO,1,2040,1
GLOBAL,DEMCOMBIO,BIO,1,2041,1
GLOBAL,DEMCOMBIO,BIO,1,2042,1
GLOBAL,DEMCOMBIO,BIO,1,2043,1
GLOBAL,DEMCOMBIO,BIO,1,2044,1
GLOBAL,DEMCOMBIO,BIO,1,2045,1
GLOBAL,DEMCOMBIO,BIO,1,2046,1
GLOBAL,DEMCOMBIO,BIO,1,2047,1
GLOBAL,DEMCOMBIO,BIO,1,2048,1
GLOBAL,DEMCOMBIO,BIO,1,2049,1
GLOBAL,DEMCOMBIO,BIO,1,2050,1
GLOBAL,DEMCOMNGS,NGS,1,2020,1
GLOBAL,DEMCOMNGS,NGS,1,2021,1
GLOBAL,DEMCOMNGS,NGS,1,2022,1
GLOBAL,DEMCOMNGS,NGS,1,2023,1
GLOBAL,DEMCOMNGS,NGS,1,2024,1
GLOBAL,DEMCOMNGS,NGS,1,2025,1
GLOBAL,DEMCOMNGS,NGS,1,2026,1
GLOBAL,DEMCOMNGS,NGS,1,2027,1
GLOBAL,DEMCOMNGS,NGS,1,2028,1
GLOBAL,DEMCOMNGS,NGS,1,2029,1
GLOBAL,DEMCOMNGS,NGS,1,2030,1
GLOBAL,DEMCOMNGS,NGS,1,2031,1
GLOBAL,DEMCOMNGS,NGS,1,2032,1
GLOBAL,DEMCOMNGS,NGS,1,2033,1
GLOBAL,DEMCOMNGS,NGS,1,2034,1
GLOBAL,DEMCOMNGS,NGS,1,2035,1
GLOBAL,DEMCOMNGS,NGS,1,2036,1
GLOBAL,DEMCOMNGS,NGS,1,2037,1
GLOBAL,DEMCOMNGS,NGS,1,2038,1
GLOBAL,DEMCOMNGS,NGS,1,2039,1
GLOBAL,DEMCOMNGS,NGS,1,2040,1
GLOBAL,DEMCOMNGS,NGS,1,2041,1
GLOBAL,DEMCOMNGS,NGS,1,2042,1
GLOBAL,DEMCOMNGS,NGS,1,2043,1
GLOBAL,DEMCOMNGS,NGS,1,2044,1
GLOBAL,DEMCOMNGS,NGS,1,2045,1
GLOBAL,DEMCOMNGS,NGS,1,2046,1
GLOBAL,DEMCOMNGS,NGS,1,2047,1
GLOBAL,DEMCOMNGS,NGS,1,2048,1
GLOBAL,DEMCOMNGS,NGS,1,2049,1
GLOBAL,DEMCOMNGS,NGS,1,2050,1
GLOBAL,DEMCOMELCFJIXX02,ELCFJIXX02,1,2020,1
GLOBAL,DEMCOMELCFJIXX02,ELCFJIXX02,1,2021,1
GLOBAL,DEMCOMELCFJIXX02,ELCFJIXX02,1,2022,1
GLOBAL,DEMCOMELCFJIXX02,ELCFJIXX02,1,2023,1
GLOBAL,DEMCOMELCFJIXX02,ELCFJIXX02,1,2024,1
GLOBAL,DEMCOMELCFJIXX02,ELCFJIXX02,1,2025,1
GLOBAL,DEMCOMELCFJIXX02,ELCFJIXX02,1,2026,1
GLOBAL,DEMCOMELCFJIXX02,ELCFJIXX02,1,2027,1
GLOBAL,DEMCOMELCFJIXX02,ELCFJIXX02,1,2028,1
GLOBAL,DEMCOMELCFJIXX02,ELCFJIXX02,1,2029,1
GLOBAL,DEMCOMELCFJIXX02,ELCFJIXX02,1,2030,1
GLOBAL,DEMCOMELCFJIXX02,ELCFJIXX02,1,2031,1
GLOBAL,DEMCOMELCFJIXX02,ELCFJIXX02,1,2032,1
GLOBAL,DEMCOMELCFJIXX02,ELCFJIXX02,1,2033,1
GLOBAL,DEMCOMELCFJIXX02,ELCFJIXX02,1,2034,1
GLOBAL,DEMCOMELCFJIXX02,ELCFJIXX02,1,2035,1
GLOBAL,DEMCOMELCFJIXX02,ELCFJIXX02,1,2036,1
GLOBAL,DEMCOMELCFJIXX02,ELCFJIXX02,1,2037,1
GLOBAL,DEMCOMELCFJIXX02,ELCFJIXX02,1,2038,1
GLOBAL,DEMCOMELCFJIXX02,ELCFJIXX02,1,2039,1
GLOBAL,DEMCOMELCFJIXX02,ELCFJIXX02,1,2040,1
GLOBAL,DEMCOMELCFJIXX02,ELCFJIXX02,1,2041,1
GLOBAL,DEMCOMELCFJIXX02,ELCFJIXX02,1,2042,1
GLOBAL,DEMCOMELCFJIXX02,ELCFJIXX02,1,2043,1
GLOBAL,DEMCOMELCFJIXX02,ELCFJIXX02,1,2044,1
GLOBAL,DEMCOMELCFJIXX02,ELCFJIXX02,1,2045,1
GLOBAL,DEMCOMELCFJIXX02,ELCFJIXX02,1,2046,1
GLOBAL,DEMCOMELCFJIXX02,ELCFJIXX02,1,2047,1
GLOBAL,DEMCOMELCFJIXX02,ELCFJIXX02,1,2048,1
GLOBAL,DEMCOMELCFJIXX02,ELCFJIXX02,1,2049,1
GLOBAL,DEMCOMELCFJIXX02,ELCFJIXX02,1,2050,1
GLOBAL,DEMINDCOA,COA,1,2020,1
GLOBAL,DEMINDCOA,COA,1,2021,1
GLOBAL,DEMINDCOA,COA,1,2022,1
GLOBAL,DEMINDCOA,COA,1,2023,1
GLOBAL,DEMINDCOA,COA,1,2024,1
GLOBAL,DEMINDCOA,COA,1,2025,1
GLOBAL,DEMINDCOA,COA,1,2026,1
GLOBAL,DEMINDCOA,COA,1,2027,1
GLOBAL,DEMINDCOA,COA,1,2028,1
GLOBAL,DEMINDCOA,COA,1,2029,1
GLOBAL,DEMINDCOA,COA,1,2030,1
GLOBAL,DEMINDCOA,COA,1,2031,1
GLOBAL,DEMINDCOA,COA,1,2032,1
GLOBAL,DEMINDCOA,COA,1,2033,1
GLOBAL,DEMINDCOA,COA,1,2034,1
GLOBAL,DEMINDCOA,COA,1,2035,1
GLOBAL,DEMINDCOA,COA,1,2036,1
GLOBAL,DEMINDCOA,COA,1,2037,1
GLOBAL,DEMINDCOA,COA,1,2038,1
GLOBAL,DEMINDCOA,COA,1,2039,1
GLOBAL,DEMINDCOA,COA,1,2040,1
GLOBAL,DEMINDCOA,COA,1,2041,1
GLOBAL,DEMINDCOA,COA,1,2042,1
GLOBAL,DEMINDCOA,COA,1,2043,1
GLOBAL,DEMINDCOA,COA,1,2044,1
GLOBAL,DEMINDCOA,COA,1,2045,1
GLOBAL,DEMINDCOA,COA,1,2046,1
GLOBAL,DEMINDCOA,COA,1,2047,1
GLOBAL,DEMINDCOA,COA,1,2048,1
GLOBAL,DEMINDCOA,COA,1,2049,1
GLOBAL,DEMINDCOA,COA,1,2050,1
GLOBAL,DEMINDLPG,LPG,1,2020,1
GLOBAL,DEMINDLPG,LPG,1,2021,1
GLOBAL,DEMINDLPG,LPG,1,2022,1
GLOBAL,DEMINDLPG,LPG,1,2023,1
GLOBAL,DEMINDLPG,LPG,1,2024,1
GLOBAL,DEMINDLPG,LPG,1,2025,1
GLOBAL,DEMINDLPG,LPG,1,2026,1
GLOBAL,DEMINDLPG,LPG,1,2027,1
GLOBAL,DEMINDLPG,LPG,1,2028,1
GLOBAL,DEMINDLPG,LPG,1,2029,1
GLOBAL,DEMINDLPG,LPG,1,2030,1
GLOBAL,DEMINDLPG,LPG,1,2031,1
GLOBAL,DEMINDLPG,LPG,1,2032,1
GLOBAL,DEMINDLPG,LPG,1,2033,1
GLOBAL,DEMINDLPG,LPG,1,2034,1
GLOBAL,DEMINDLPG,LPG,1,2035,1
GLOBAL,DEMINDLPG,LPG,1,2036,1
GLOBAL,DEMINDLPG,LPG,1,2037,1
GLOBAL,DEMINDLPG,LPG,1,2038,1
GLOBAL,DEMINDLPG,LPG,1,2039,1
GLOBAL,DEMINDLPG,LPG,1,2040,1
GLOBAL,DEMINDLPG,LPG,1,2041,1
GLOBAL,DEMINDLPG,LPG,1,2042,1
GLOBAL,DEMINDLPG,LPG,1,2043,1
GLOBAL,DEMINDLPG,LPG,1,2044,1
GLOBAL,DEMINDLPG,LPG,1,2045,1
GLOBAL,DEMINDLPG,LPG,1,2046,1
GLOBAL,DEMINDLPG,LPG,1,2047,1
GLOBAL,DEMINDLPG,LPG,1,2048,1
GLOBAL,DEMINDLPG,LPG,1,2049,1
GLOBAL,DEMINDLPG,LPG,1,2050,1
GLOBAL,DEMINDKER,KER,1,2020,1
GLOBAL,DEMINDKER,KER,1,2021,1
GLOBAL,DEMINDKER,KER,1,2022,1
GLOBAL,DEMINDKER,KER,1,2023,1
GLOBAL,DEMINDKER,KER,1,2024,1
GLOBAL,DEMINDKER,KER,1,2025,1
GLOBAL,DEMINDKER,KER,1,2026,1
GLOBAL,DEMINDKER,KER,1,2027,1
GLOBAL,DEMINDKER,KER,1,2028,1
GLOBAL,DEMINDKER,KER,1,2029,1
GLOBAL,DEMINDKER,KER,1,2030,1
GLOBAL,DEMINDKER,KER,1,2031,1
GLOBAL,DEMINDKER,KER,1,2032,1
GLOBAL,DEMINDKER,KER,1,2033,1
GLOBAL,DEMINDKER,KER,1,2034,1
GLOBAL,DEMINDKER,KER,1,2035,1
GLOBAL,DEMINDKER,KER,1,2036,1
GLOBAL,DEMINDKER,KER,1,2037,1
GLOBAL,DEMINDKER,KER,1,2038,1
GLOBAL,DEMINDKER,KER,1,2039,1
GLOBAL,DEMINDKER,KER,1,2040,1
GLOBAL,DEMINDKER,KER,1,2041,1
GLOBAL,DEMINDKER,KER,1,2042,1
GLOBAL,DEMINDKER,KER,1,2043,1
GLOBAL,DEMINDKER,KER,1,2044,1
GLOBAL,DEMINDKER,KER,1,2045,1
GLOBAL,DEMINDKER,KER,1,2046,1
GLOBAL,DEMINDKER,KER,1,2047,1
GLOBAL,DEMINDKER,KER,1,2048,1
GLOBAL,DEMINDKER,KER,1,2049,1
GLOBAL,DEMINDKER,KER,1,2050,1
GLOBAL,DEMINDDSL,DSL,1,2020,1
GLOBAL,DEMINDDSL,DSL,1,2021,1
GLOBAL,DEMINDDSL,DSL,1,2022,1
GLOBAL,DEMINDDSL,DSL,1,2023,1
GLOBAL,DEMINDDSL,DSL,1,2024,1
GLOBAL,DEMINDDSL,DSL,1,2025,1
GLOBAL,DEMINDDSL,DSL,1,2026,1
GLOBAL,DEMINDDSL,DSL,1,2027,1
GLOBAL,DEMINDDSL,DSL,1,2028,1
GLOBAL,DEMINDDSL,DSL,1,2029,1
GLOBAL,DEMINDDSL,DSL,1,2030,1
GLOBAL,DEMINDDSL,DSL,1,2031,1
GLOBAL,DEMINDDSL,DSL,1,2032,1
GLOBAL,DEMINDDSL,DSL,1,2033,1
GLOBAL,DEMINDDSL,DSL,1,2034,1
GLOBAL,DEMINDDSL,DSL,1,2035,1
GLOBAL,DEMINDDSL,DSL,1,2036,1
GLOBAL,DEMINDDSL,DSL,1,2037,1
GLOBAL,DEMINDDSL,DSL,1,2038,1
GLOBAL,DEMINDDSL,DSL,1,2039,1
GLOBAL,DEMINDDSL,DSL,1,2040,1
GLOBAL,DEMINDDSL,DSL,1,2041,1
GLOBAL,DEMINDDSL,DSL,1,2042,1
GLOBAL,DEMINDDSL,DSL,1,2043,1
GLOBAL,DEMINDDSL,DSL,1,2044,1
GLOBAL,DEMINDDSL,DSL,1,2045,1
GLOBAL,DEMINDDSL,DSL,1,2046,1
GLOBAL,DEMINDDSL,DSL,1,2047,1
GLOBAL,DEMINDDSL,DSL,1,2048,1
GLOBAL,DEMINDDSL,DSL,1,2049,1
GLOBAL,DEMINDDSL,DSL,1,2050,1
GLOBAL,DEMINDHFO,HFO,1,2020,1
GLOBAL,DEMINDHFO,HFO,1,2021,1
GLOBAL,DEMINDHFO,HFO,1,2022,1
GLOBAL,DEMINDHFO,HFO,1,2023,1
GLOBAL,DEMINDHFO,HFO,1,2024,1
GLOBAL,DEMINDHFO,HFO,1,2025,1
GLOBAL,DEMINDHFO,HFO,1,2026,1
GLOBAL,DEMINDHFO,HFO,1,2027,1
GLOBAL,DEMINDHFO,HFO,1,2028,1
GLOBAL,DEMINDHFO,HFO,1,2029,1
GLOBAL,DEMINDHFO,HFO,1,2030,1
GLOBAL,DEMINDHFO,HFO,1,2031,1
GLOBAL,DEMINDHFO,HFO,1,2032,1
GLOBAL,DEMINDHFO,HFO,1,2033,1
GLOBAL,DEMINDHFO,HFO,1,2034,1
GLOBAL,DEMINDHFO,HFO,1,2035,1
GLOBAL,DEMINDHFO,HFO,1,2036,1
GLOBAL,DEMINDHFO,HFO,1,2037,1
GLOBAL,DEMINDHFO,HFO,1,2038,1
GLOBAL,DEMINDHFO,HFO,1,2039,1
GLOBAL,DEMINDHFO,HFO,1,2040,1
GLOBAL,DEMINDHFO,HFO,1,2041,1
GLOBAL,DEMINDHFO,HFO,1,2042,1
GLOBAL,DEMINDHFO,HFO,1,2043,1
GLOBAL,DEMINDHFO,HFO,1,2044,1
GLOBAL,DEMINDHFO,HFO,1,2045,1
GLOBAL,DEMINDHFO,HFO,1,2046,1
GLOBAL,DEMINDHFO,HFO,1,2047,1
GLOBAL,DEMINDHFO,HFO,1,2048,1
GLOBAL,DEMINDHFO,HFO,1,2049,1
GLOBAL,DEMINDHFO,HFO,1,2050,1
GLOBAL,DEMINDOHC,OHC,1,2020,1
GLOBAL,DEMINDOHC,OHC,1,2021,1
GLOBAL,DEMINDOHC,OHC,1,2022,1
GLOBAL,DEMINDOHC,OHC,1,2023,1
GLOBAL,DEMINDOHC,OHC,1,2024,1
GLOBAL,DEMINDOHC,OHC,1,2025,1
GLOBAL,DEMINDOHC,OHC,1,2026,1
GLOBAL,DEMINDOHC,OHC,1,2027,1
GLOBAL,DEMINDOHC,OHC,1,2028,1
GLOBAL,DEMINDOHC,OHC,1,2029,1
GLOBAL,DEMINDOHC,OHC,1,2030,1
GLOBAL,DEMINDOHC,OHC,1,2031,1
GLOBAL,DEMINDOHC,OHC,1,2032,1
GLOBAL,DEMINDOHC,OHC,1,2033,1
GLOBAL,DEMINDOHC,OHC,1,2034,1
GLOBAL,DEMINDOHC,OHC,1,2035,1
GLOBAL,DEMINDOHC,OHC,1,2036,1
GLOBAL,DEMINDOHC,OHC,1,2037,1
GLOBAL,DEMINDOHC,OHC,1,2038,1
GLOBAL,DEMINDOHC,OHC,1,2039,1
GLOBAL,DEMINDOHC,OHC,1,2040,1
GLOBAL,DEMINDOHC,OHC,1,2041,1
GLOBAL,DEMINDOHC,OHC,1,2042,1
GLOBAL,DEMINDOHC,OHC,1,2043,1
GLOBAL,DEMINDOHC,OHC,1,2044,1
GLOBAL,DEMINDOHC,OHC,1,2045,1
GLOBAL,DEMINDOHC,OHC,1,2046,1
GLOBAL,DEMINDOHC,OHC,1,2047,1
GLOBAL,DEMINDOHC,OHC,1,2048,1
GLOBAL,DEMINDOHC,OHC,1,2049,1
GLOBAL,DEMINDOHC,OHC,1,2050,1
GLOBAL,DEMINDBIO,BIO,1,2020,1
GLOBAL,DEMINDBIO,BIO,1,2021,1
GLOBAL,DEMINDBIO,BIO,1,2022,1
GLOBAL,DEMINDBIO,BIO,1,2023,1
GLOBAL,DEMINDBIO,BIO,1,2024,1
GLOBAL,DEMINDBIO,BIO,1,2025,1
GLOBAL,DEMINDBIO,BIO,1,2026,1
GLOBAL,DEMINDBIO,BIO,1,2027,1
GLOBAL,DEMINDBIO,BIO,1,2028,1
GLOBAL,DEMINDBIO,BIO,1,2029,1
GLOBAL,DEMINDBIO,BIO,1,2030,1
GLOBAL,DEMINDBIO,BIO,1,2031,1
GLOBAL,DEMINDBIO,BIO,1,2032,1
GLOBAL,DEMINDBIO,BIO,1,2033,1
GLOBAL,DEMINDBIO,BIO,1,2034,1
GLOBAL,DEMINDBIO,BIO,1,2035,1
GLOBAL,DEMINDBIO,BIO,1,2036,1
GLOBAL,DEMINDBIO,BIO,1,2037,1
GLOBAL,DEMINDBIO,BIO,1,2038,1
GLOBAL,DEMINDBIO,BIO,1,2039,1
GLOBAL,DEMINDBIO,BIO,1,2040,1
GLOBAL,DEMINDBIO,BIO,1,2041,1
GLOBAL,DEMINDBIO,BIO,1,2042,1
GLOBAL,DEMINDBIO,BIO,1,2043,1
GLOBAL,DEMINDBIO,BIO,1,2044,1
GLOBAL,DEMINDBIO,BIO,1,2045,1
GLOBAL,DEMINDBIO,BIO,1,2046,1
GLOBAL,DEMINDBIO,BIO,1,2047,1
GLOBAL,DEMINDBIO,BIO,1,2048,1
GLOBAL,DEMINDBIO,BIO,1,2049,1
GLOBAL,DEMINDBIO,BIO,1,2050,1
GLOBAL,DEMINDNGS,NGS,1,2020,1
GLOBAL,DEMINDNGS,NGS,1,2021,1
GLOBAL,DEMINDNGS,NGS,1,2022,1
GLOBAL,DEMINDNGS,NGS,1,2023,1
GLOBAL,DEMINDNGS,NGS,1,2024,1
GLOBAL,DEMINDNGS,NGS,1,2025,1
GLOBAL,DEMINDNGS,NGS,1,2026,1
GLOBAL,DEMINDNGS,NGS,1,2027,1
GLOBAL,DEMINDNGS,NGS,1,2028,1
GLOBAL,DEMINDNGS,NGS,1,2029,1
GLOBAL,DEMINDNGS,NGS,1,2030,1
GLOBAL,DEMINDNGS,NGS,1,2031,1
GLOBAL,DEMINDNGS,NGS,1,2032,1
GLOBAL,DEMINDNGS,NGS,1,2033,1
GLOBAL,DEMINDNGS,NGS,1,2034,1
GLOBAL,DEMINDNGS,NGS,1,2035,1
GLOBAL,DEMINDNGS,NGS,1,2036,1
GLOBAL,DEMINDNGS,NGS,1,2037,1
GLOBAL,DEMINDNGS,NGS,1,2038,1
GLOBAL,DEMINDNGS,NGS,1,2039,1
GLOBAL,DEMINDNGS,NGS,1,2040,1
GLOBAL,DEMINDNGS,NGS,1,2041,1
GLOBAL,DEMINDNGS,NGS,1,2042,1
GLOBAL,DEMINDNGS,NGS,1,2043,1
GLOBAL,DEMINDNGS,NGS,1,2044,1
GLOBAL,DEMINDNGS,NGS,1,2045,1
GLOBAL,DEMINDNGS,NGS,1,2046,1
GLOBAL,DEMINDNGS,NGS,1,2047,1
GLOBAL,DEMINDNGS,NGS,1,2048,1
GLOBAL,DEMINDNGS,NGS,1,2049,1
GLOBAL,DEMINDNGS,NGS,1,2050,1
GLOBAL,DEMINDELCFJIXX02,ELCFJIXX02,1,2020,1
GLOBAL,DEMINDELCFJIXX02,ELCFJIXX02,1,2021,1
GLOBAL,DEMINDELCFJIXX02,ELCFJIXX02,1,2022,1
GLOBAL,DEMINDELCFJIXX02,ELCFJIXX02,1,2023,1
GLOBAL,DEMINDELCFJIXX02,ELCFJIXX02,1,2024,1
GLOBAL,DEMINDELCFJIXX02,ELCFJIXX02,1,2025,1
GLOBAL,DEMINDELCFJIXX02,ELCFJIXX02,1,2026,1
GLOBAL,DEMINDELCFJIXX02,ELCFJIXX02,1,2027,1
GLOBAL,DEMINDELCFJIXX02,ELCFJIXX02,1,2028,1
GLOBAL,DEMINDELCFJIXX02,ELCFJIXX02,1,2029,1
GLOBAL,DEMINDELCFJIXX02,ELCFJIXX02,1,2030,1
GLOBAL,DEMINDELCFJIXX02,ELCFJIXX02,1,2031,1
GLOBAL,DEMINDELCFJIXX02,ELCFJIXX02,1,2032,1
GLOBAL,DEMINDELCFJIXX02,ELCFJIXX02,1,2033,1
GLOBAL,DEMINDELCFJIXX02,ELCFJIXX02,1,2034,1
GLOBAL,DEMINDELCFJIXX02,ELCFJIXX02,1,2035,1
GLOBAL,DEMINDELCFJIXX02,ELCFJIXX02,1,2036,1
GLOBAL,DEMINDELCFJIXX02,ELCFJIXX02,1,2037,1
GLOBAL,DEMINDELCFJIXX02,ELCFJIXX02,1,2038,1
GLOBAL,DEMINDELCFJIXX02,ELCFJIXX02,1,2039,1
GLOBAL,DEMINDELCFJIXX02,ELCFJIXX02,1,2040,1
GLOBAL,DEMINDELCFJIXX02,ELCFJIXX02,1,2041,1
GLOBAL,DEMINDELCFJIXX02,ELCFJIXX02,1,2042,1
GLOBAL,DEMINDELCFJIXX02,ELCFJIXX02,1,2043,1
GLOBAL,DEMINDELCFJIXX02,ELCFJIXX02,1,2044,1
GLOBAL,DEMINDELCFJIXX02,ELCFJIXX02,1,2045,1
GLOBAL,DEMINDELCFJIXX02,ELCFJIXX02,1,2046,1
GLOBAL,DEMINDELCFJIXX02,ELCFJIXX02,1,2047,1
GLOBAL,DEMINDELCFJIXX02,ELCFJIXX02,1,2048,1
GLOBAL,DEMINDELCFJIXX02,ELCFJIXX02,1,2049,1
GLOBAL,DEMINDELCFJIXX02,ELCFJIXX02,1,2050,1
GLOBAL,DEMRESLPG,LPG,1,2020,1
GLOBAL,DEMRESLPG,LPG,1,2021,1
GLOBAL,DEMRESLPG,LPG,1,2022,1
GLOBAL,DEMRESLPG,LPG,1,2023,1
GLOBAL,DEMRESLPG,LPG,1,2024,1
GLOBAL,DEMRESLPG,LPG,1,2025,1
GLOBAL,DEMRESLPG,LPG,1,2026,1
GLOBAL,DEMRESLPG,LPG,1,2027,1
GLOBAL,DEMRESLPG,LPG,1,2028,1
GLOBAL,DEMRESLPG,LPG,1,2029,1
GLOBAL,DEMRESLPG,LPG,1,2030,1
GLOBAL,DEMRESLPG,LPG,1,2031,1
GLOBAL,DEMRESLPG,LPG,1,2032,1
GLOBAL,DEMRESLPG,LPG,1,2033,1
GLOBAL,DEMRESLPG,LPG,1,2034,1
GLOBAL,DEMRESLPG,LPG,1,2035,1
GLOBAL,DEMRESLPG,LPG,1,2036,1
GLOBAL,DEMRESLPG,LPG,1,2037,1
GLOBAL,DEMRESLPG,LPG,1,2038,1
GLOBAL,DEMRESLPG,LPG,1,2039,1
GLOBAL,DEMRESLPG,LPG,1,2040,1
GLOBAL,DEMRESLPG,LPG,1,2041,1
GLOBAL,DEMRESLPG,LPG,1,2042,1
GLOBAL,DEMRESLPG,LPG,1,2043,1
GLOBAL,DEMRESLPG,LPG,1,2044,1
GLOBAL,DEMRESLPG,LPG,1,2045,1
GLOBAL,DEMRESLPG,LPG,1,2046,1
GLOBAL,DEMRESLPG,LPG,1,2047,1
GLOBAL,DEMRESLPG,LPG,1,2048,1
GLOBAL,DEMRESLPG,LPG,1,2049,1
GLOBAL,DEMRESLPG,LPG,1,2050,1
GLOBAL,DEMRESKER,KER,1,2020,1
GLOBAL,DEMRESKER,KER,1,2021,1
GLOBAL,DEMRESKER,KER,1,2022,1
GLOBAL,DEMRESKER,KER,1,2023,1
GLOBAL,DEMRESKER,KER,1,2024,1
GLOBAL,DEMRESKER,KER,1,2025,1
GLOBAL,DEMRESKER,KER,1,2026,1
GLOBAL,DEMRESKER,KER,1,2027,1
GLOBAL,DEMRESKER,KER,1,2028,1
GLOBAL,DEMRESKER,KER,1,2029,1
GLOBAL,DEMRESKER,KER,1,2030,1
GLOBAL,DEMRESKER,KER,1,2031,1
GLOBAL,DEMRESKER,KER,1,2032,1
GLOBAL,DEMRESKER,KER,1,2033,1
GLOBAL,DEMRESKER,KER,1,2034,1
GLOBAL,DEMRESKER,KER,1,2035,1
GLOBAL,DEMRESKER,KER,1,2036,1
GLOBAL,DEMRESKER,KER,1,2037,1
GLOBAL,DEMRESKER,KER,1,2038,1
GLOBAL,DEMRESKER,KER,1,2039,1
GLOBAL,DEMRESKER,KER,1,2040,1
GLOBAL,DEMRESKER,KER,1,2041,1
GLOBAL,DEMRESKER,KER,1,2042,1
GLOBAL,DEMRESKER,KER,1,2043,1
GLOBAL,DEMRESKER,KER,1,2044,1
GLOBAL,DEMRESKER,KER,1,2045,1
GLOBAL,DEMRESKER,KER,1,2046,1
GLOBAL,DEMRESKER,KER,1,2047,1
GLOBAL,DEMRESKER,KER,1,2048,1
GLOBAL,DEMRESKER,KER,1,2049,1
GLOBAL,DEMRESKER,KER,1,2050,1
GLOBAL,DEMRESBIO,BIO,1,2020,1
GLOBAL,DEMRESBIO,BIO,1,2021,1
GLOBAL,DEMRESBIO,BIO,1,2022,1
GLOBAL,DEMRESBIO,BIO,1,2023,1
GLOBAL,DEMRESBIO,BIO,1,2024,1
GLOBAL,DEMRESBIO,BIO,1,2025,1
GLOBAL,DEMRESBIO,BIO,1,2026,1
GLOBAL,DEMRESBIO,BIO,1,2027,1
GLOBAL,DEMRESBIO,BIO,1,2028,1
GLOBAL,DEMRESBIO,BIO,1,2029,1
GLOBAL,DEMRESBIO,BIO,1,2030,1
GLOBAL,DEMRESBIO,BIO,1,2031,1
GLOBAL,DEMRESBIO,BIO,1,2032,1
GLOBAL,DEMRESBIO,BIO,1,2033,1
GLOBAL,DEMRESBIO,BIO,1,2034,1
GLOBAL,DEMRESBIO,BIO,1,2035,1
GLOBAL,DEMRESBIO,BIO,1,2036,1
GLOBAL,DEMRESBIO,BIO,1,2037,1
GLOBAL,DEMRESBIO,BIO,1,2038,1
GLOBAL,DEMRESBIO,BIO,1,2039,1
GLOBAL,DEMRESBIO,BIO,1,2040,1
GLOBAL,DEMRESBIO,BIO,1,2041,1
GLOBAL,DEMRESBIO,BIO,1,2042,1
GLOBAL,DEMRESBIO,BIO,1,2043,1
GLOBAL,DEMRESBIO,BIO,1,2044,1
GLOBAL,DEMRESBIO,BIO,1,2045,1
GLOBAL,DEMRESBIO,BIO,1,2046,1
GLOBAL,DEMRESBIO,BIO,1,2047,1
GLOBAL,DEMRESBIO,BIO,1,2048,1
GLOBAL,DEMRESBIO,BIO,1,2049,1
GLOBAL,DEMRESBIO,BIO,1,2050,1
GLOBAL,DEMRESNGS,NGS,1,2020,1
GLOBAL,DEMRESNGS,NGS,1,2021,1
GLOBAL,DEMRESNGS,NGS,1,2022,1
GLOBAL,DEMRESNGS,NGS,1,2023,1
GLOBAL,DEMRESNGS,NGS,1,2024,1
GLOBAL,DEMRESNGS,NGS,1,2025,1
GLOBAL,DEMRESNGS,NGS,1,2026,1
GLOBAL,DEMRESNGS,NGS,1,2027,1
GLOBAL,DEMRESNGS,NGS,1,2028,1
GLOBAL,DEMRESNGS,NGS,1,2029,1
GLOBAL,DEMRESNGS,NGS,1,2030,1
GLOBAL,DEMRESNGS,NGS,1,2031,1
GLOBAL,DEMRESNGS,NGS,1,2032,1
GLOBAL,DEMRESNGS,NGS,1,2033,1
GLOBAL,DEMRESNGS,NGS,1,2034,1
GLOBAL,DEMRESNGS,NGS,1,2035,1
GLOBAL,DEMRESNGS,NGS,1,2036,1
GLOBAL,DEMRESNGS,NGS,1,2037,1
GLOBAL,DEMRESNGS,NGS,1,2038,1
GLOBAL,DEMRESNGS,NGS,1,2039,1
GLOBAL,DEMRESNGS,NGS,1,2040,1
GLOBAL,DEMRESNGS,NGS,1,2041,1
GLOBAL,DEMRESNGS,NGS,1,2042,1
GLOBAL,DEMRESNGS,NGS,1,2043,1
GLOBAL,DEMRESNGS,NGS,1,2044,1
GLOBAL,DEMRESNGS,NGS,1,2045,1
GLOBAL,DEMRESNGS,NGS,1,2046,1
GLOBAL,DEMRESNGS,NGS,1,2047,1
GLOBAL,DEMRESNGS,NGS,1,2048,1
GLOBAL,DEMRESNGS,NGS,1,2049,1
GLOBAL,DEMRESNGS,NGS,1,2050,1
GLOBAL,DEMRESELCFJIXX02,ELCFJIXX02,1,2020,1
GLOBAL,DEMRESELCFJIXX02,ELCFJIXX02,1,2021,1
GLOBAL,DEMRESELCFJIXX02,ELCFJIXX02,1,2022,1
GLOBAL,DEMRESELCFJIXX02,ELCFJIXX02,1,2023,1
GLOBAL,DEMRESELCFJIXX02,ELCFJIXX02,1,2024,1
GLOBAL,DEMRESELCFJIXX02,ELCFJIXX02,1,2025,1
GLOBAL,DEMRESELCFJIXX02,ELCFJIXX02,1,2026,1
GLOBAL,DEMRESELCFJIXX02,ELCFJIXX02,1,2027,1
GLOBAL,DEMRESELCFJIXX02,ELCFJIXX02,1,2028,1
GLOBAL,DEMRESELCFJIXX02,ELCFJIXX02,1,2029,1
GLOBAL,DEMRESELCFJIXX02,ELCFJIXX02,1,2030,1
GLOBAL,DEMRESELCFJIXX02,ELCFJIXX02,1,2031,1
GLOBAL,DEMRESELCFJIXX02,ELCFJIXX02,1,2032,1
GLOBAL,DEMRESELCFJIXX02,ELCFJIXX02,1,2033,1
GLOBAL,DEMRESELCFJIXX02,ELCFJIXX02,1,2034,1
GLOBAL,DEMRESELCFJIXX02,ELCFJIXX02,1,2035,1
GLOBAL,DEMRESELCFJIXX02,ELCFJIXX02,1,2036,1
GLOBAL,DEMRESELCFJIXX02,ELCFJIXX02,1,2037,1
GLOBAL,DEMRESELCFJIXX02,ELCFJIXX02,1,2038,1
GLOBAL,DEMRESELCFJIXX02,ELCFJIXX02,1,2039,1
GLOBAL,DEMRESELCFJIXX02,ELCFJIXX02,1,2040,1
GLOBAL,DEMRESELCFJIXX02,ELCFJIXX02,1,2041,1
GLOBAL,DEMRESELCFJIXX02,ELCFJIXX02,1,2042,1
GLOBAL,DEMRESELCFJIXX02,ELCFJIXX02,1,2043,1
GLOBAL,DEMRESELCFJIXX02,ELCFJIXX02,1,2044,1
GLOBAL,DEMRESELCFJIXX02,ELCFJIXX02,1,2045,1
GLOBAL,DEMRESELCFJIXX02,ELCFJIXX02,1,2046,1
GLOBAL,DEMRESELCFJIXX02,ELCFJIXX02,1,2047,1
GLOBAL,DEMRESELCFJIXX02,ELCFJIXX02,1,2048,1
GLOBAL,DEMRESELCFJIXX02,ELCFJIXX02,1,2049,1
GLOBAL,DEMRESELCFJIXX02,ELCFJIXX02,1,2050,1
GLOBAL,DEMTRAGSL,GSL,1,2020,1
GLOBAL,DEMTRAGSL,GSL,1,2021,1
GLOBAL,DEMTRAGSL,GSL,1,2022,1
GLOBAL,DEMTRAGSL,GSL,1,2023,1
GLOBAL,DEMTRAGSL,GSL,1,2024,1
GLOBAL,DEMTRAGSL,GSL,1,2025,1
GLOBAL,DEMTRAGSL,GSL,1,2026,1
GLOBAL,DEMTRAGSL,GSL,1,2027,1
GLOBAL,DEMTRAGSL,GSL,1,2028,1
GLOBAL,DEMTRAGSL,GSL,1,2029,1
GLOBAL,DEMTRAGSL,GSL,1,2030,1
GLOBAL,DEMTRAGSL,GSL,1,2031,1
GLOBAL,DEMTRAGSL,GSL,1,2032,1
GLOBAL,DEMTRAGSL,GSL,1,2033,1
GLOBAL,DEMTRAGSL,GSL,1,2034,1
GLOBAL,DEMTRAGSL,GSL,1,2035,1
GLOBAL,DEMTRAGSL,GSL,1,2036,1
GLOBAL,DEMTRAGSL,GSL,1,2037,1
GLOBAL,DEMTRAGSL,GSL,1,2038,1
GLOBAL,DEMTRAGSL,GSL,1,2039,1
GLOBAL,DEMTRAGSL,GSL,1,2040,1
GLOBAL,DEMTRAGSL,GSL,1,2041,1
GLOBAL,DEMTRAGSL,GSL,1,2042,1
GLOBAL,DEMTRAGSL,GSL,1,2043,1
GLOBAL,DEMTRAGSL,GSL,1,2044,1
GLOBAL,DEMTRAGSL,GSL,1,2045,1
GLOBAL,DEMTRAGSL,GSL,1,2046,1
GLOBAL,DEMTRAGSL,GSL,1,2047,1
GLOBAL,DEMTRAGSL,GSL,1,2048,1
GLOBAL,DEMTRAGSL,GSL,1,2049,1
GLOBAL,DEMTRAGSL,GSL,1,2050,1
GLOBAL,DEMTRAKER,KER,1,2020,1
GLOBAL,DEMTRAKER,KER,1,2021,1
GLOBAL,DEMTRAKER,KER,1,2022,1
GLOBAL,DEMTRAKER,KER,1,2023,1
GLOBAL,DEMTRAKER,KER,1,2024,1
GLOBAL,DEMTRAKER,KER,1,2025,1
GLOBAL,DEMTRAKER,KER,1,2026,1
GLOBAL,DEMTRAKER,KER,1,2027,1
GLOBAL,DEMTRAKER,KER,1,2028,1
GLOBAL,DEMTRAKER,KER,1,2029,1
GLOBAL,DEMTRAKER,KER,1,2030,1
GLOBAL,DEMTRAKER,KER,1,2031,1
GLOBAL,DEMTRAKER,KER,1,2032,1
GLOBAL,DEMTRAKER,KER,1,2033,1
GLOBAL,DEMTRAKER,KER,1,2034,1
GLOBAL,DEMTRAKER,KER,1,2035,1
GLOBAL,DEMTRAKER,KER,1,2036,1
GLOBAL,DEMTRAKER,KER,1,2037,1
GLOBAL,DEMTRAKER,KER,1,2038,1
GLOBAL,DEMTRAKER,KER,1,2039,1
GLOBAL,DEMTRAKER,KER,1,2040,1
GLOBAL,DEMTRAKER,KER,1,2041,1
GLOBAL,DEMTRAKER,KER,1,2042,1
GLOBAL,DEMTRAKER,KER,1,2043,1
GLOBAL,DEMTRAKER,KER,1,2044,1
GLOBAL,DEMTRAKER,KER,1,2045,1
GLOBAL,DEMTRAKER,KER,1,2046,1
GLOBAL,DEMTRAKER,KER,1,2047,1
GLOBAL,DEMTRAKER,KER,1,2048,1
GLOBAL,DEMTRAKER,KER,1,2049,1
GLOBAL,DEMTRAKER,KER,1,2050,1
GLOBAL,DEMTRADSL,DSL,1,2020,1
GLOBAL,DEMTRADSL,DSL,1,2021,1
GLOBAL,DEMTRADSL,DSL,1,2022,1
GLOBAL,DEMTRADSL,DSL,1,2023,1
GLOBAL,DEMTRADSL,DSL,1,2024,1
GLOBAL,DEMTRADSL,DSL,1,2025,1
GLOBAL,DEMTRADSL,DSL,1,2026,1
GLOBAL,DEMTRADSL,DSL,1,2027,1
GLOBAL,DEMTRADSL,DSL,1,2028,1
GLOBAL,DEMTRADSL,DSL,1,2029,1
GLOBAL,DEMTRADSL,DSL,1,2030,1
GLOBAL,DEMTRADSL,DSL,1,2031,1
GLOBAL,DEMTRADSL,DSL,1,2032,1
GLOBAL,DEMTRADSL,DSL,1,2033,1
GLOBAL,DEMTRADSL,DSL,1,2034,1
GLOBAL,DEMTRADSL,DSL,1,2035,1
GLOBAL,DEMTRADSL,DSL,1,2036,1
GLOBAL,DEMTRADSL,DSL,1,2037,1
GLOBAL,DEMTRADSL,DSL,1,2038,1
GLOBAL,DEMTRADSL,DSL,1,2039,1
GLOBAL,DEMTRADSL,DSL,1,2040,1
GLOBAL,DEMTRADSL,DSL,1,2041,1
GLOBAL,DEMTRADSL,DSL,1,2042,1
GLOBAL,DEMTRADSL,DSL,1,2043,1
GLOBAL,DEMTRADSL,DSL,1,2044,1
GLOBAL,DEMTRADSL,DSL,1,2045,1
GLOBAL,DEMTRADSL,DSL,1,2046,1
GLOBAL,DEMTRADSL,DSL,1,2047,1
GLOBAL,DEMTRADSL,DSL,1,2048,1
GLOBAL,DEMTRADSL,DSL,1,2049,1
GLOBAL,DEMTRADSL,DSL,1,2050,1
GLOBAL,DEMTRAHFO,HFO,1,2020,1
GLOBAL,DEMTRAHFO,HFO,1,2021,1
GLOBAL,DEMTRAHFO,HFO,1,2022,1
GLOBAL,DEMTRAHFO,HFO,1,2023,1
GLOBAL,DEMTRAHFO,HFO,1,2024,1
GLOBAL,DEMTRAHFO,HFO,1,2025,1
GLOBAL,DEMTRAHFO,HFO,1,2026,1
GLOBAL,DEMTRAHFO,HFO,1,2027,1
GLOBAL,DEMTRAHFO,HFO,1,2028,1
GLOBAL,DEMTRAHFO,HFO,1,2029,1
GLOBAL,DEMTRAHFO,HFO,1,2030,1
GLOBAL,DEMTRAHFO,HFO,1,2031,1
GLOBAL,DEMTRAHFO,HFO,1,2032,1
GLOBAL,DEMTRAHFO,HFO,1,2033,1
GLOBAL,DEMTRAHFO,HFO,1,2034,1
GLOBAL,DEMTRAHFO,HFO,1,2035,1
GLOBAL,DEMTRAHFO,HFO,1,2036,1
GLOBAL,DEMTRAHFO,HFO,1,2037,1
GLOBAL,DEMTRAHFO,HFO,1,2038,1
GLOBAL,DEMTRAHFO,HFO,1,2039,1
GLOBAL,DEMTRAHFO,HFO,1,2040,1
GLOBAL,DEMTRAHFO,HFO,1,2041,1
GLOBAL,DEMTRAHFO,HFO,1,2042,1
GLOBAL,DEMTRAHFO,HFO,1,2043,1
GLOBAL,DEMTRAHFO,HFO,1,2044,1
GLOBAL,DEMTRAHFO,HFO,1,2045,1
GLOBAL,DEMTRAHFO,HFO,1,2046,1
GLOBAL,DEMTRAHFO,HFO,1,2047,1
GLOBAL,DEMTRAHFO,HFO,1,2048,1
GLOBAL,DEMTRAHFO,HFO,1,2049,1
GLOBAL,DEMTRAHFO,HFO,1,2050,1
GLOBAL,DEMTRANGS,NGS,1,2020,1
GLOBAL,DEMTRANGS,NGS,1,2021,1
GLOBAL,DEMTRANGS,NGS,1,2022,1
GLOBAL,DEMTRANGS,NGS,1,2023,1
GLOBAL,DEMTRANGS,NGS,1,2024,1
GLOBAL,DEMTRANGS,NGS,1,2025,1
GLOBAL,DEMTRANGS,NGS,1,2026,1
GLOBAL,DEMTRANGS,NGS,1,2027,1
GLOBAL,DEMTRANGS,NGS,1,2028,1
GLOBAL,DEMTRANGS,NGS,1,2029,1
GLOBAL,DEMTRANGS,NGS,1,2030,1
GLOBAL,DEMTRANGS,NGS,1,2031,1
GLOBAL,DEMTRANGS,NGS,1,2032,1
GLOBAL,DEMTRANGS,NGS,1,2033,1
GLOBAL,DEMTRANGS,NGS,1,2034,1
GLOBAL,DEMTRANGS,NGS,1,2035,1
GLOBAL,DEMTRANGS,NGS,1,2036,1
GLOBAL,DEMTRANGS,NGS,1,2037,1
GLOBAL,DEMTRANGS,NGS,1,2038,1
GLOBAL,DEMTRANGS,NGS,1,2039,1
GLOBAL,DEMTRANGS,NGS,1,2040,1
GLOBAL,DEMTRANGS,NGS,1,2041,1
GLOBAL,DEMTRANGS,NGS,1,2042,1
GLOBAL,DEMTRANGS,NGS,1,2043,1
GLOBAL,DEMTRANGS,NGS,1,2044,1
GLOBAL,DEMTRANGS,NGS,1,2045,1
GLOBAL,DEMTRANGS,NGS,1,2046,1
GLOBAL,DEMTRANGS,NGS,1,2047,1
GLOBAL,DEMTRANGS,NGS,1,2048,1
GLOBAL,DEMTRANGS,NGS,1,2049,1
GLOBAL,DEMTRANGS,NGS,1,2050,1
GLOBAL,DEMTRAELCFJIXX02,ELCFJIXX02,1,2020,1
GLOBAL,DEMTRAELCFJIXX02,ELCFJIXX02,1,2021,1
GLOBAL,DEMTRAELCFJIXX02,ELCFJIXX02,1,2022,1
GLOBAL,DEMTRAELCFJIXX02,ELCFJIXX02,1,2023,1
GLOBAL,DEMTRAELCFJIXX02,ELCFJIXX02,1,2024,1
GLOBAL,DEMTRAELCFJIXX02,ELCFJIXX02,1,2025,1
GLOBAL,DEMTRAELCFJIXX02,ELCFJIXX02,1,2026,1
GLOBAL,DEMTRAELCFJIXX02,ELCFJIXX02,1,2027,1
GLOBAL,DEMTRAELCFJIXX02,ELCFJIXX02,1,2028,1
GLOBAL,DEMTRAELCFJIXX02,ELCFJIXX02,1,2029,1
GLOBAL,DEMTRAELCFJIXX02,ELCFJIXX02,1,2030,1
GLOBAL,DEMTRAELCFJIXX02,ELCFJIXX02,1,2031,1
GLOBAL,DEMTRAELCFJIXX02,ELCFJIXX02,1,2032,1
GLOBAL,DEMTRAELCFJIXX02,ELCFJIXX02,1,2033,1
GLOBAL,DEMTRAELCFJIXX02,ELCFJIXX02,1,2034,1
GLOBAL,DEMTRAELCFJIXX02,ELCFJIXX02,1,2035,1
GLOBAL,DEMTRAELCFJIXX02,ELCFJIXX02,1,2036,1
GLOBAL,DEMTRAELCFJIXX02,ELCFJIXX02,1,2037,1
GLOBAL,DEMTRAELCFJIXX02,ELCFJIXX02,1,2038,1
GLOBAL,DEMTRAELCFJIXX02,ELCFJIXX02,1,2039,1
GLOBAL,DEMTRAELCFJIXX02,ELCFJIXX02,1,2040,1
GLOBAL,DEMTRAELCFJIXX02,ELCFJIXX02,1,2041,1
GLOBAL,DEMTRAELCFJIXX02,ELCFJIXX02,1,2042,1
GLOBAL,DEMTRAELCFJIXX02,ELCFJIXX02,1,2043,1
GLOBAL,DEMTRAELCFJIXX02,ELCFJIXX02,1,2044,1
GLOBAL,DEMTRAELCFJIXX02,ELCFJIXX02,1,2045,1
GLOBAL,DEMTRAELCFJIXX02,ELCFJIXX02,1,2046,1
GLOBAL,DEMTRAELCFJIXX02,ELCFJIXX02,1,2047,1
GLOBAL,DEMTRAELCFJIXX02,ELCFJIXX02,1,2048,1
GLOBAL,DEMTRAELCFJIXX02,ELCFJIXX02,1,2049,1
GLOBAL,DEMTRAELCFJIXX02,ELCFJIXX02,1,2050,1
GLOBAL,EXPCOA,COA,1,2020,1
GLOBAL,EXPCOA,COA,1,2021,1
GLOBAL,EXPCOA,COA,1,2022,1
GLOBAL,EXPCOA,COA,1,2023,1
GLOBAL,EXPCOA,COA,1,2024,1
GLOBAL,EXPCOA,COA,1,2025,1
GLOBAL,EXPCOA,COA,1,2026,1
GLOBAL,EXPCOA,COA,1,2027,1
GLOBAL,EXPCOA,COA,1,2028,1
GLOBAL,EXPCOA,COA,1,2029,1
GLOBAL,EXPCOA,COA,1,2030,1
GLOBAL,EXPCOA,COA,1,2031,1
GLOBAL,EXPCOA,COA,1,2032,1
GLOBAL,EXPCOA,COA,1,2033,1
GLOBAL,EXPCOA,COA,1,2034,1
GLOBAL,EXPCOA,COA,1,2035,1
GLOBAL,EXPCOA,COA,1,2036,1
GLOBAL,EXPCOA,COA,1,2037,1
GLOBAL,EXPCOA,COA,1,2038,1
GLOBAL,EXPCOA,COA,1,2039,1
GLOBAL,EXPCOA,COA,1,2040,1
GLOBAL,EXPCOA,COA,1,2041,1
GLOBAL,EXPCOA,COA,1,2042,1
GLOBAL,EXPCOA,COA,1,2043,1
GLOBAL,EXPCOA,COA,1,2044,1
GLOBAL,EXPCOA,COA,1,2045,1
GLOBAL,EXPCOA,COA,1,2046,1
GLOBAL,EXPCOA,COA,1,2047,1
GLOBAL,EXPCOA,COA,1,2048,1
GLOBAL,EXPCOA,COA,1,2049,1
GLOBAL,EXPCOA,COA,1,2050,1
GLOBAL,EXPNGS,NGS,1,2020,1
GLOBAL,EXPNGS,NGS,1,2021,1
GLOBAL,EXPNGS,NGS,1,2022,1
GLOBAL,EXPNGS,NGS,1,2023,1
GLOBAL,EXPNGS,NGS,1,2024,1
GLOBAL,EXPNGS,NGS,1,2025,1
GLOBAL,EXPNGS,NGS,1,2026,1
GLOBAL,EXPNGS,NGS,1,2027,1
GLOBAL,EXPNGS,NGS,1,2028,1
GLOBAL,EXPNGS,NGS,1,2029,1
GLOBAL,EXPNGS,NGS,1,2030,1
GLOBAL,EXPNGS,NGS,1,2031,1
GLOBAL,EXPNGS,NGS,1,2032,1
GLOBAL,EXPNGS,NGS,1,2033,1
GLOBAL,EXPNGS,NGS,1,2034,1
GLOBAL,EXPNGS,NGS,1,2035,1
GLOBAL,EXPNGS,NGS,1,2036,1
GLOBAL,EXPNGS,NGS,1,2037,1
GLOBAL,EXPNGS,NGS,1,2038,1
GLOBAL,EXPNGS,NGS,1,2039,1
GLOBAL,EXPNGS,NGS,1,2040,1
GLOBAL,EXPNGS,NGS,1,2041,1
GLOBAL,EXPNGS,NGS,1,2042,1
GLOBAL,EXPNGS,NGS,1,2043,1
GLOBAL,EXPNGS,NGS,1,2044,1
GLOBAL,EXPNGS,NGS,1,2045,1
GLOBAL,EXPNGS,NGS,1,2046,1
GLOBAL,EXPNGS,NGS,1,2047,1
GLOBAL,EXPNGS,NGS,1,2048,1
GLOBAL,EXPNGS,NGS,1,2049,1
GLOBAL,EXPNGS,NGS,1,2050,1
GLOBAL,EXPCRU,CRU,1,2020,1
GLOBAL,EXPCRU,CRU,1,2021,1
GLOBAL,EXPCRU,CRU,1,2022,1
GLOBAL,EXPCRU,CRU,1,2023,1
GLOBAL,EXPCRU,CRU,1,2024,1
GLOBAL,EXPCRU,CRU,1,2025,1
GLOBAL,EXPCRU,CRU,1,2026,1
GLOBAL,EXPCRU,CRU,1,2027,1
GLOBAL,EXPCRU,CRU,1,2028,1
GLOBAL,EXPCRU,CRU,1,2029,1
GLOBAL,EXPCRU,CRU,1,2030,1
GLOBAL,EXPCRU,CRU,1,2031,1
GLOBAL,EXPCRU,CRU,1,2032,1
GLOBAL,EXPCRU,CRU,1,2033,1
GLOBAL,EXPCRU,CRU,1,2034,1
GLOBAL,EXPCRU,CRU,1,2035,1
GLOBAL,EXPCRU,CRU,1,2036,1
GLOBAL,EXPCRU,CRU,1,2037,1
GLOBAL,EXPCRU,CRU,1,2038,1
GLOBAL,EXPCRU,CRU,1,2039,1
GLOBAL,EXPCRU,CRU,1,2040,1
GLOBAL,EXPCRU,CRU,1,2041,1
GLOBAL,EXPCRU,CRU,1,2042,1
GLOBAL,EXPCRU,CRU,1,2043,1
GLOBAL,EXPCRU,CRU,1,2044,1
GLOBAL,EXPCRU,CRU,1,2045,1
GLOBAL,EXPCRU,CRU,1,2046,1
GLOBAL,EXPCRU,CRU,1,2047,1
GLOBAL,EXPCRU,CRU,1,2048,1
GLOBAL,EXPCRU,CRU,1,2049,1
GLOBAL,EXPCRU,CRU,1,2050,1
GLOBAL,EXPGSL,GSL,1,2020,1
GLOBAL,EXPGSL,GSL,1,2021,1
GLOBAL,EXPGSL,GSL,1,2022,1
GLOBAL,EXPGSL,GSL,1,2023,1
GLOBAL,EXPGSL,GSL,1,2024,1
GLOBAL,EXPGSL,GSL,1,2025,1
GLOBAL,EXPGSL,GSL,1,2026,1
GLOBAL,EXPGSL,GSL,1,2027,1
GLOBAL,EXPGSL,GSL,1,2028,1
GLOBAL,EXPGSL,GSL,1,2029,1
GLOBAL,EXPGSL,GSL,1,2030,1
GLOBAL,EXPGSL,GSL,1,2031,1
GLOBAL,EXPGSL,GSL,1,2032,1
GLOBAL,EXPGSL,GSL,1,2033,1
GLOBAL,EXPGSL,GSL,1,2034,1
GLOBAL,EXPGSL,GSL,1,2035,1
GLOBAL,EXPGSL,GSL,1,2036,1
GLOBAL,EXPGSL,GSL,1,2037,1
GLOBAL,EXPGSL,GSL,1,2038,1
GLOBAL,EXPGSL,GSL,1,2039,1
GLOBAL,EXPGSL,GSL,1,2040,1
GLOBAL,EXPGSL,GSL,1,2041,1
GLOBAL,EXPGSL,GSL,1,2042,1
GLOBAL,EXPGSL,GSL,1,2043,1
GLOBAL,EXPGSL,GSL,1,2044,1
GLOBAL,EXPGSL,GSL,1,2045,1
GLOBAL,EXPGSL,GSL,1,2046,1
GLOBAL,EXPGSL,GSL,1,2047,1
GLOBAL,EXPGSL,GSL,1,2048,1
GLOBAL,EXPGSL,GSL,1,2049,1
GLOBAL,EXPGSL,GSL,1,2050,1
GLOBAL,EXPKER,KER,1,2020,1
GLOBAL,EXPKER,KER,1,2021,1
GLOBAL,EXPKER,KER,1,2022,1
GLOBAL,EXPKER,KER,1,2023,1
GLOBAL,EXPKER,KER,1,2024,1
GLOBAL,EXPKER,KER,1,2025,1
GLOBAL,EXPKER,KER,1,2026,1
GLOBAL,EXPKER,KER,1,2027,1
GLOBAL,EXPKER,KER,1,2028,1
GLOBAL,EXPKER,KER,1,2029,1
GLOBAL,EXPKER,KER,1,2030,1
GLOBAL,EXPKER,KER,1,2031,1
GLOBAL,EXPKER,KER,1,2032,1
GLOBAL,EXPKER,KER,1,2033,1
GLOBAL,EXPKER,KER,1,2034,1
GLOBAL,EXPKER,KER,1,2035,1
GLOBAL,EXPKER,KER,1,2036,1
GLOBAL,EXPKER,KER,1,2037,1
GLOBAL,EXPKER,KER,1,2038,1
GLOBAL,EXPKER,KER,1,2039,1
GLOBAL,EXPKER,KER,1,2040,1
GLOBAL,EXPKER,KER,1,2041,1
GLOBAL,EXPKER,KER,1,2042,1
GLOBAL,EXPKER,KER,1,2043,1
GLOBAL,EXPKER,KER,1,2044,1
GLOBAL,EXPKER,KER,1,2045,1
GLOBAL,EXPKER,KER,1,2046,1
GLOBAL,EXPKER,KER,1,2047,1
GLOBAL,EXPKER,KER,1,2048,1
GLOBAL,EXPKER,KER,1,2049,1
GLOBAL,EXPKER,KER,1,2050,1
GLOBAL,EXPHFO,HFO,1,2020,1
GLOBAL,EXPHFO,HFO,1,2021,1
GLOBAL,EXPHFO,HFO,1,2022,1
GLOBAL,EXPHFO,HFO,1,2023,1
GLOBAL,EXPHFO,HFO,1,2024,1
GLOBAL,EXPHFO,HFO,1,2025,1
GLOBAL,EXPHFO,HFO,1,2026,1
GLOBAL,EXPHFO,HFO,1,2027,1
GLOBAL,EXPHFO,HFO,1,2028,1
GLOBAL,EXPHFO,HFO,1,2029,1
GLOBAL,EXPHFO,HFO,1,2030,1
GLOBAL,EXPHFO,HFO,1,2031,1
GLOBAL,EXPHFO,HFO,1,2032,1
GLOBAL,EXPHFO,HFO,1,2033,1
GLOBAL,EXPHFO,HFO,1,2034,1
GLOBAL,EXPHFO,HFO,1,2035,1
GLOBAL,EXPHFO,HFO,1,2036,1
GLOBAL,EXPHFO,HFO,1,2037,1
GLOBAL,EXPHFO,HFO,1,2038,1
GLOBAL,EXPHFO,HFO,1,2039,1
GLOBAL,EXPHFO,HFO,1,2040,1
GLOBAL,EXPHFO,HFO,1,2041,1
GLOBAL,EXPHFO,HFO,1,2042,1
GLOBAL,EXPHFO,HFO,1,2043,1
GLOBAL,EXPHFO,HFO,1,2044,1
GLOBAL,EXPHFO,HFO,1,2045,1
GLOBAL,EXPHFO,HFO,1,2046,1
GLOBAL,EXPHFO,HFO,1,2047,1
GLOBAL,EXPHFO,HFO,1,2048,1
GLOBAL,EXPHFO,HFO,1,2049,1
GLOBAL,EXPHFO,HFO,1,2050,1
GLOBAL,EXPBIO,BIO,1,2020,1
GLOBAL,EXPBIO,BIO,1,2021,1
GLOBAL,EXPBIO,BIO,1,2022,1
GLOBAL,EXPBIO,BIO,1,2023,1
GLOBAL,EXPBIO,BIO,1,2024,1
GLOBAL,EXPBIO,BIO,1,2025,1
GLOBAL,EXPBIO,BIO,1,2026,1
GLOBAL,EXPBIO,BIO,1,2027,1
GLOBAL,EXPBIO,BIO,1,2028,1
GLOBAL,EXPBIO,BIO,1,2029,1
GLOBAL,EXPBIO,BIO,1,2030,1
GLOBAL,EXPBIO,BIO,1,2031,1
GLOBAL,EXPBIO,BIO,1,2032,1
GLOBAL,EXPBIO,BIO,1,2033,1
GLOBAL,EXPBIO,BIO,1,2034,1
GLOBAL,EXPBIO,BIO,1,2035,1
GLOBAL,EXPBIO,BIO,1,2036,1
GLOBAL,EXPBIO,BIO,1,2037,1
GLOBAL,EXPBIO,BIO,1,2038,1
GLOBAL,EXPBIO,BIO,1,2039,1
GLOBAL,EXPBIO,BIO,1,2040,1
GLOBAL,EXPBIO,BIO,1,2041,1
GLOBAL,EXPBIO,BIO,1,2042,1
GLOBAL,EXPBIO,BIO,1,2043,1
GLOBAL,EXPBIO,BIO,1,2044,1
GLOBAL,EXPBIO,BIO,1,2045,1
GLOBAL,EXPBIO,BIO,1,2046,1
GLOBAL,EXPBIO,BIO,1,2047,1
GLOBAL,EXPBIO,BIO,1,2048,1
GLOBAL,EXPBIO,BIO,1,2049,1
GLOBAL,EXPBIO,BIO,1,2050,1
GLOBAL,DEMAGRGWTFJI,AGRELCFJIXX02,1,2020,0.0173
GLOBAL,DEMAGRGWTFJI,AGRELCFJIXX02,1,2021,0.0173
GLOBAL,DEMAGRGWTFJI,AGRELCFJIXX02,1,2022,0.0173
GLOBAL,DEMAGRGWTFJI,AGRELCFJIXX02,1,2023,0.0173
GLOBAL,DEMAGRGWTFJI,AGRELCFJIXX02,1,2024,0.0173
GLOBAL,DEMAGRGWTFJI,AGRELCFJIXX02,1,2025,0.0173
GLOBAL,DEMAGRGWTFJI,AGRELCFJIXX02,1,2026,0.0173
GLOBAL,DEMAGRGWTFJI,AGRELCFJIXX02,1,2027,0.0173
GLOBAL,DEMAGRGWTFJI,AGRELCFJIXX02,1,2028,0.0173
GLOBAL,DEMAGRGWTFJI,AGRELCFJIXX02,1,2029,0.0173
GLOBAL,DEMAGRGWTFJI,AGRELCFJIXX02,1,2030,0.0173
GLOBAL,DEMAGRGWTFJI,AGRELCFJIXX02,1,2031,0.0173
GLOBAL,DEMAGRGWTFJI,AGRELCFJIXX02,1,2032,0.0173
GLOBAL,DEMAGRGWTFJI,AGRELCFJIXX02,1,2033,0.0173
GLOBAL,DEMAGRGWTFJI,AGRELCFJIXX02,1,2034,0.0173
GLOBAL,DEMAGRGWTFJI,AGRELCFJIXX02,1,2035,0.0173
GLOBAL,DEMAGRGWTFJI,AGRELCFJIXX02,1,2036,0.0173
GLOBAL,DEMAGRGWTFJI,AGRELCFJIXX02,1,2037,0.0173
GLOBAL,DEMAGRGWTFJI,AGRELCFJIXX02,1,2038,0.0173
GLOBAL,DEMAGRGWTFJI,AGRELCFJIXX02,1,2039,0.0173
GLOBAL,DEMAGRGWTFJI,AGRELCFJIXX02,1,2040,0.0173
GLOBAL,DEMAGRGWTFJI,AGRELCFJIXX02,1,2041,0.0173
GLOBAL,DEMAGRGWTFJI,AGRELCFJIXX02,1,2042,0.0173
GLOBAL,DEMAGRGWTFJI,AGRELCFJIXX02,1,2043,0.0173
GLOBAL,DEMAGRGWTFJI,AGRELCFJIXX02,1,2044,0.0173
GLOBAL,DEMAGRGWTFJI,AGRELCFJIXX02,1,2045,0.0173
GLOBAL,DEMAGRGWTFJI,AGRELCFJIXX02,1,2046,0.0173
GLOBAL,DEMAGRGWTFJI,AGRELCFJIXX02,1,2047,0.0173
GLOBAL,DEMAGRGWTFJI,AGRELCFJIXX02,1,2048,0.0173
GLOBAL,DEMAGRGWTFJI,AGRELCFJIXX02,1,2049,0.0173
GLOBAL,DEMAGRGWTFJI,AGRELCFJIXX02,1,2050,0.0173
GLOBAL,DEMAGRSURFJI,WTRSURFJI,1,2020,1
GLOBAL,DEMAGRSURFJI,WTRSURFJI,1,2021,1
GLOBAL,DEMAGRSURFJI,WTRSURFJI,1,2022,1
GLOBAL,DEMAGRSURFJI,WTRSURFJI,1,2023,1
GLOBAL,DEMAGRSURFJI,WTRSURFJI,1,2024,1
GLOBAL,DEMAGRSURFJI,WTRSURFJI,1,2025,1
GLOBAL,DEMAGRSURFJI,WTRSURFJI,1,2026,1
GLOBAL,DEMAGRSURFJI,WTRSURFJI,1,2027,1
GLOBAL,DEMAGRSURFJI,WTRSURFJI,1,2028,1
GLOBAL,DEMAGRSURFJI,WTRSURFJI,1,2029,1
GLOBAL,DEMAGRSURFJI,WTRSURFJI,1,2030,1
GLOBAL,DEMAGRSURFJI,WTRSURFJI,1,2031,1
GLOBAL,DEMAGRSURFJI,WTRSURFJI,1,2032,1
GLOBAL,DEMAGRSURFJI,WTRSURFJI,1,2033,1
GLOBAL,DEMAGRSURFJI,WTRSURFJI,1,2034,1
GLOBAL,DEMAGRSURFJI,WTRSURFJI,1,2035,1
GLOBAL,DEMAGRSURFJI,WTRSURFJI,1,2036,1
GLOBAL,DEMAGRSURFJI,WTRSURFJI,1,2037,1
GLOBAL,DEMAGRSURFJI,WTRSURFJI,1,2038,1
GLOBAL,DEMAGRSURFJI,WTRSURFJI,1,2039,1
GLOBAL,DEMAGRSURFJI,WTRSURFJI,1,2040,1
GLOBAL,DEMAGRSURFJI,WTRSURFJI,1,2041,1
GLOBAL,DEMAGRSURFJI,WTRSURFJI,1,2042,1
GLOBAL,DEMAGRSURFJI,WTRSURFJI,1,2043,1
GLOBAL,DEMAGRSURFJI,WTRSURFJI,1,2044,1
GLOBAL,DEMAGRSURFJI,WTRSURFJI,1,2045,1
GLOBAL,DEMAGRSURFJI,WTRSURFJI,1,2046,1
GLOBAL,DEMAGRSURFJI,WTRSURFJI,1,2047,1
GLOBAL,DEMAGRSURFJI,WTRSURFJI,1,2048,1
GLOBAL,DEMAGRSURFJI,WTRSURFJI,1,2049,1
GLOBAL,DEMAGRSURFJI,WTRSURFJI,1,2050,1
GLOBAL,DEMPUBSURFJI,WTRSURFJI,1,2020,1
GLOBAL,DEMPUBSURFJI,WTRSURFJI,1,2021,1
GLOBAL,DEMPUBSURFJI,WTRSURFJI,1,2022,1
GLOBAL,DEMPUBSURFJI,WTRSURFJI,1,2023,1
GLOBAL,DEMPUBSURFJI,WTRSURFJI,1,2024,1
GLOBAL,DEMPUBSURFJI,WTRSURFJI,1,2025,1
GLOBAL,DEMPUBSURFJI,WTRSURFJI,1,2026,1
GLOBAL,DEMPUBSURFJI,WTRSURFJI,1,2027,1
GLOBAL,DEMPUBSURFJI,WTRSURFJI,1,2028,1
GLOBAL,DEMPUBSURFJI,WTRSURFJI,1,2029,1
GLOBAL,DEMPUBSURFJI,WTRSURFJI,1,2030,1
GLOBAL,DEMPUBSURFJI,WTRSURFJI,1,2031,1
GLOBAL,DEMPUBSURFJI,WTRSURFJI,1,2032,1
GLOBAL,DEMPUBSURFJI,WTRSURFJI,1,2033,1
GLOBAL,DEMPUBSURFJI,WTRSURFJI,1,2034,1
GLOBAL,DEMPUBSURFJI,WTRSURFJI,1,2035,1
GLOBAL,DEMPUBSURFJI,WTRSURFJI,1,2036,1
GLOBAL,DEMPUBSURFJI,WTRSURFJI,1,2037,1
GLOBAL,DEMPUBSURFJI,WTRSURFJI,1,2038,1
GLOBAL,DEMPUBSURFJI,WTRSURFJI,1,2039,1
GLOBAL,DEMPUBSURFJI,WTRSURFJI,1,2040,1
GLOBAL,DEMPUBSURFJI,WTRSURFJI,1,2041,1
GLOBAL,DEMPUBSURFJI,WTRSURFJI,1,2042,1
GLOBAL,DEMPUBSURFJI,WTRSURFJI,1,2043,1
GLOBAL,DEMPUBSURFJI,WTRSURFJI,1,2044,1
GLOBAL,DEMPUBSURFJI,WTRSURFJI,1,2045,1
GLOBAL,DEMPUBSURFJI,WTRSURFJI,1,2046,1
GLOBAL,DEMPUBSURFJI,WTRSURFJI,1,2047,1
GLOBAL,DEMPUBSURFJI,WTRSURFJI,1,2048,1
GLOBAL,DEMPUBSURFJI,WTRSURFJI,1,2049,1
GLOBAL,DEMPUBSURFJI,WTRSURFJI,1,2050,1
GLOBAL,DEMPUBGWTFJI,COMELCFJIXX02,1,2020,0.0173
GLOBAL,DEMPUBGWTFJI,COMELCFJIXX02,1,2021,0.0173
GLOBAL,DEMPUBGWTFJI,COMELCFJIXX02,1,2022,0.0173
GLOBAL,DEMPUBGWTFJI,COMELCFJIXX02,1,2023,0.0173
GLOBAL,DEMPUBGWTFJI,COMELCFJIXX02,1,2024,0.0173
GLOBAL,DEMPUBGWTFJI,COMELCFJIXX02,1,2025,0.0173
GLOBAL,DEMPUBGWTFJI,COMELCFJIXX02,1,2026,0.0173
GLOBAL,DEMPUBGWTFJI,COMELCFJIXX02,1,2027,0.0173
GLOBAL,DEMPUBGWTFJI,COMELCFJIXX02,1,2028,0.0173
GLOBAL,DEMPUBGWTFJI,COMELCFJIXX02,1,2029,0.0173
GLOBAL,DEMPUBGWTFJI,COMELCFJIXX02,1,2030,0.0173
GLOBAL,DEMPUBGWTFJI,COMELCFJIXX02,1,2031,0.0173
GLOBAL,DEMPUBGWTFJI,COMELCFJIXX02,1,2032,0.0173
GLOBAL,DEMPUBGWTFJI,COMELCFJIXX02,1,2033,0.0173
GLOBAL,DEMPUBGWTFJI,COMELCFJIXX02,1,2034,0.0173
GLOBAL,DEMPUBGWTFJI,COMELCFJIXX02,1,2035,0.0173
GLOBAL,DEMPUBGWTFJI,COMELCFJIXX02,1,2036,0.0173
GLOBAL,DEMPUBGWTFJI,COMELCFJIXX02,1,2037,0.0173
GLOBAL,DEMPUBGWTFJI,COMELCFJIXX02,1,2038,0.0173
GLOBAL,DEMPUBGWTFJI,COMELCFJIXX02,1,2039,0.0173
GLOBAL,DEMPUBGWTFJI,COMELCFJIXX02,1,2040,0.0173
GLOBAL,DEMPUBGWTFJI,COMELCFJIXX02,1,2041,0.0173
GLOBAL,DEMPUBGWTFJI,COMELCFJIXX02,1,2042,0.0173
GLOBAL,DEMPUBGWTFJI,COMELCFJIXX02,1,2043,0.0173
GLOBAL,DEMPUBGWTFJI,COMELCFJIXX02,1,2044,0.0173
GLOBAL,DEMPUBGWTFJI,COMELCFJIXX02,1,2045,0.0173
GLOBAL,DEMPUBGWTFJI,COMELCFJIXX02,1,2046,0.0173
GLOBAL,DEMPUBGWTFJI,COMELCFJIXX02,1,2047,0.0173
GLOBAL,DEMPUBGWTFJI,COMELCFJIXX02,1,2048,0.0173
GLOBAL,DEMPUBGWTFJI,COMELCFJIXX02,1,2049,0.0173
GLOBAL,DEMPUBGWTFJI,COMELCFJIXX02,1,2050,0.0173
GLOBAL,LNDYAMLITOT,LTOT,1,2020,1
GLOBAL,LNDYAMLITOT,LTOT,1,2021,1
GLOBAL,LNDYAMLITOT,LTOT,1,2022,1
GLOBAL,LNDYAMLITOT,LTOT,1,2023,1
GLOBAL,LNDYAMLITOT,LTOT,1,2024,1
GLOBAL,LNDYAMLITOT,LTOT,1,2025,1
GLOBAL,LNDYAMLITOT,LTOT,1,2026,1
GLOBAL,LNDYAMLITOT,LTOT,1,2027,1
GLOBAL,LNDYAMLITOT,LTOT,1,2028,1
GLOBAL,LNDYAMLITOT,LTOT,1,2029,1
GLOBAL,LNDYAMLITOT,LTOT,1,2030,1
GLOBAL,LNDYAMLITOT,LTOT,1,2031,1
GLOBAL,LNDYAMLITOT,LTOT,1,2032,1
GLOBAL,LNDYAMLITOT,LTOT,1,2033,1
GLOBAL,LNDYAMLITOT,LTOT,1,2034,1
GLOBAL,LNDYAMLITOT,LTOT,1,2035,1
GLOBAL,LNDYAMLITOT,LTOT,1,2036,1
GLOBAL,LNDYAMLITOT,LTOT,1,2037,1
GLOBAL,LNDYAMLITOT,LTOT,1,2038,1
GLOBAL,LNDYAMLITOT,LTOT,1,2039,1
GLOBAL,LNDYAMLITOT,LTOT,1,2040,1
GLOBAL,LNDYAMLITOT,LTOT,1,2041,1
GLOBAL,LNDYAMLITOT,LTOT,1,2042,1
GLOBAL,LNDYAMLITOT,LTOT,1,2043,1
GLOBAL,LNDYAMLITOT,LTOT,1,2044,1
GLOBAL,LNDYAMLITOT,LTOT,1,2045,1
GLOBAL,LNDYAMLITOT,LTOT,1,2046,1
GLOBAL,LNDYAMLITOT,LTOT,1,2047,1
GLOBAL,LNDYAMLITOT,LTOT,1,2048,1
GLOBAL,LNDYAMLITOT,LTOT,1,2049,1
GLOBAL,LNDYAMLITOT,LTOT,1,2050,1
GLOBAL,LNDYAMLRTOT,LTOT,1,2020,1
GLOBAL,LNDYAMLRTOT,LTOT,1,2021,1
GLOBAL,LNDYAMLRTOT,LTOT,1,2022,1
GLOBAL,LNDYAMLRTOT,LTOT,1,2023,1
GLOBAL,LNDYAMLRTOT,LTOT,1,2024,1
GLOBAL,LNDYAMLRTOT,LTOT,1,2025,1
GLOBAL,LNDYAMLRTOT,LTOT,1,2026,1
GLOBAL,LNDYAMLRTOT,LTOT,1,2027,1
GLOBAL,LNDYAMLRTOT,LTOT,1,2028,1
GLOBAL,LNDYAMLRTOT,LTOT,1,2029,1
GLOBAL,LNDYAMLRTOT,LTOT,1,2030,1
GLOBAL,LNDYAMLRTOT,LTOT,1,2031,1
GLOBAL,LNDYAMLRTOT,LTOT,1,2032,1
GLOBAL,LNDYAMLRTOT,LTOT,1,2033,1
GLOBAL,LNDYAMLRTOT,LTOT,1,2034,1
GLOBAL,LNDYAMLRTOT,LTOT,1,2035,1
GLOBAL,LNDYAMLRTOT,LTOT,1,2036,1
GLOBAL,LNDYAMLRTOT,LTOT,1,2037,1
GLOBAL,LNDYAMLRTOT,LTOT,1,2038,1
GLOBAL,LNDYAMLRTOT,LTOT,1,2039,1
GLOBAL,LNDYAMLRTOT,LTOT,1,2040,1
GLOBAL,LNDYAMLRTOT,LTOT,1,2041,1
GLOBAL,LNDYAMLRTOT,LTOT,1,2042,1
GLOBAL,LNDYAMLRTOT,LTOT,1,2043,1
GLOBAL,LNDYAMLRTOT,LTOT,1,2044,1
GLOBAL,LNDYAMLRTOT,LTOT,1,2045,1
GLOBAL,LNDYAMLRTOT,LTOT,1,2046,1
GLOBAL,LNDYAMLRTOT,LTOT,1,2047,1
GLOBAL,LNDYAMLRTOT,LTOT,1,2048,1
GLOBAL,LNDYAMLRTOT,LTOT,1,2049,1
GLOBAL,LNDYAMLRTOT,LTOT,1,2050,1
GLOBAL,LNDCONLRTOT,LTOT,1,2020,1
GLOBAL,LNDCONLRTOT,LTOT,1,2021,1
GLOBAL,LNDCONLRTOT,LTOT,1,2022,1
GLOBAL,LNDCONLRTOT,LTOT,1,2023,1
GLOBAL,LNDCONLRTOT,LTOT,1,2024,1
GLOBAL,LNDCONLRTOT,LTOT,1,2025,1
GLOBAL,LNDCONLRTOT,LTOT,1,2026,1
GLOBAL,LNDCONLRTOT,LTOT,1,2027,1
GLOBAL,LNDCONLRTOT,LTOT,1,2028,1
GLOBAL,LNDCONLRTOT,LTOT,1,2029,1
GLOBAL,LNDCONLRTOT,LTOT,1,2030,1
GLOBAL,LNDCONLRTOT,LTOT,1,2031,1
GLOBAL,LNDCONLRTOT,LTOT,1,2032,1
GLOBAL,LNDCONLRTOT,LTOT,1,2033,1
GLOBAL,LNDCONLRTOT,LTOT,1,2034,1
GLOBAL,LNDCONLRTOT,LTOT,1,2035,1
GLOBAL,LNDCONLRTOT,LTOT,1,2036,1
GLOBAL,LNDCONLRTOT,LTOT,1,2037,1
GLOBAL,LNDCONLRTOT,LTOT,1,2038,1
GLOBAL,LNDCONLRTOT,LTOT,1,2039,1
GLOBAL,LNDCONLRTOT,LTOT,1,2040,1
GLOBAL,LNDCONLRTOT,LTOT,1,2041,1
GLOBAL,LNDCONLRTOT,LTOT,1,2042,1
GLOBAL,LNDCONLRTOT,LTOT,1,2043,1
GLOBAL,LNDCONLRTOT,LTOT,1,2044,1
GLOBAL,LNDCONLRTOT,LTOT,1,2045,1
GLOBAL,LNDCONLRTOT,LTOT,1,2046,1
GLOBAL,LNDCONLRTOT,LTOT,1,2047,1
GLOBAL,LNDCONLRTOT,LTOT,1,2048,1
GLOBAL,LNDCONLRTOT,LTOT,1,2049,1
GLOBAL,LNDCONLRTOT,LTOT,1,2050,1
GLOBAL,LNDCASHITOT,LTOT,1,2020,1
GLOBAL,LNDCASHITOT,LTOT,1,2021,1
GLOBAL,LNDCASHITOT,LTOT,1,2022,1
GLOBAL,LNDCASHITOT,LTOT,1,2023,1
GLOBAL,LNDCASHITOT,LTOT,1,2024,1
GLOBAL,LNDCASHITOT,LTOT,1,2025,1
GLOBAL,LNDCASHITOT,LTOT,1,2026,1
GLOBAL,LNDCASHITOT,LTOT,1,2027,1
GLOBAL,LNDCASHITOT,LTOT,1,2028,1
GLOBAL,LNDCASHITOT,LTOT,1,2029,1
GLOBAL,LNDCASHITOT,LTOT,1,2030,1
GLOBAL,LNDCASHITOT,LTOT,1,2031,1
GLOBAL,LNDCASHITOT,LTOT,1,2032,1
GLOBAL,LNDCASHITOT,LTOT,1,2033,1
GLOBAL,LNDCASHITOT,LTOT,1,2034,1
GLOBAL,LNDCASHITOT,LTOT,1,2035,1
GLOBAL,LNDCASHITOT,LTOT,1,2036,1
GLOBAL,LNDCASHITOT,LTOT,1,2037,1
GLOBAL,LNDCASHITOT,LTOT,1,2038,1
GLOBAL,LNDCASHITOT,LTOT,1,2039,1
GLOBAL,LNDCASHITOT,LTOT,1,2040,1
GLOBAL,LNDCASHITOT,LTOT,1,2041,1
GLOBAL,LNDCASHITOT,LTOT,1,2042,1
GLOBAL,LNDCASHITOT,LTOT,1,2043,1
GLOBAL,LNDCASHITOT,LTOT,1,2044,1
GLOBAL,LNDCASHITOT,LTOT,1,2045,1
GLOBAL,LNDCASHITOT,LTOT,1,2046,1
GLOBAL,LNDCASHITOT,LTOT,1,2047,1
GLOBAL,LNDCASHITOT,LTOT,1,2048,1
GLOBAL,LNDCASHITOT,LTOT,1,2049,1
GLOBAL,LNDCASHITOT,LTOT,1,2050,1
GLOBAL,LNDCASLRTOT,LTOT,1,2020,1
GLOBAL,LNDCASLRTOT,LTOT,1,2021,1
GLOBAL,LNDCASLRTOT,LTOT,1,2022,1
GLOBAL,LNDCASLRTOT,LTOT,1,2023,1
GLOBAL,LNDCASLRTOT,LTOT,1,2024,1
GLOBAL,LNDCASLRTOT,LTOT,1,2025,1
GLOBAL,LNDCASLRTOT,LTOT,1,2026,1
GLOBAL,LNDCASLRTOT,LTOT,1,2027,1
GLOBAL,LNDCASLRTOT,LTOT,1,2028,1
GLOBAL,LNDCASLRTOT,LTOT,1,2029,1
GLOBAL,LNDCASLRTOT,LTOT,1,2030,1
GLOBAL,LNDCASLRTOT,LTOT,1,2031,1
GLOBAL,LNDCASLRTOT,LTOT,1,2032,1
GLOBAL,LNDCASLRTOT,LTOT,1,2033,1
GLOBAL,LNDCASLRTOT,LTOT,1,2034,1
GLOBAL,LNDCASLRTOT,LTOT,1,2035,1
GLOBAL,LNDCASLRTOT,LTOT,1,2036,1
GLOBAL,LNDCASLRTOT,LTOT,1,2037,1
GLOBAL,LNDCASLRTOT,LTOT,1,2038,1
GLOBAL,LNDCASLRTOT,LTOT,1,2039,1
GLOBAL,LNDCASLRTOT,LTOT,1,2040,1
GLOBAL,LNDCASLRTOT,LTOT,1,2041,1
GLOBAL,LNDCASLRTOT,LTOT,1,2042,1
GLOBAL,LNDCASLRTOT,LTOT,1,2043,1
GLOBAL,LNDCASLRTOT,LTOT,1,2044,1
GLOBAL,LNDCASLRTOT,LTOT,1,2045,1
GLOBAL,LNDCASLRTOT,LTOT,1,2046,1
GLOBAL,LNDCASLRTOT,LTOT,1,2047,1
GLOBAL,LNDCASLRTOT,LTOT,1,2048,1
GLOBAL,LNDCASLRTOT,LTOT,1,2049,1
GLOBAL,LNDCASLRTOT,LTOT,1,2050,1
GLOBAL,LNDSGCHITOT,LTOT,1,2020,1
GLOBAL,LNDSGCHITOT,LTOT,1,2021,1
GLOBAL,LNDSGCHITOT,LTOT,1,2022,1
GLOBAL,LNDSGCHITOT,LTOT,1,2023,1
GLOBAL,LNDSGCHITOT,LTOT,1,2024,1
GLOBAL,LNDSGCHITOT,LTOT,1,2025,1
GLOBAL,LNDSGCHITOT,LTOT,1,2026,1
GLOBAL,LNDSGCHITOT,LTOT,1,2027,1
GLOBAL,LNDSGCHITOT,LTOT,1,2028,1
GLOBAL,LNDSGCHITOT,LTOT,1,2029,1
GLOBAL,LNDSGCHITOT,LTOT,1,2030,1
GLOBAL,LNDSGCHITOT,LTOT,1,2031,1
GLOBAL,LNDSGCHITOT,LTOT,1,2032,1
GLOBAL,LNDSGCHITOT,LTOT,1,2033,1
GLOBAL,LNDSGCHITOT,LTOT,1,2034,1
GLOBAL,LNDSGCHITOT,LTOT,1,2035,1
GLOBAL,LNDSGCHITOT,LTOT,1,2036,1
GLOBAL,LNDSGCHITOT,LTOT,1,2037,1
GLOBAL,LNDSGCHITOT,LTOT,1,2038,1
GLOBAL,LNDSGCHITOT,LTOT,1,2039,1
GLOBAL,LNDSGCHITOT,LTOT,1,2040,1
GLOBAL,LNDSGCHITOT,LTOT,1,2041,1
GLOBAL,LNDSGCHITOT,LTOT,1,2042,1
GLOBAL,LNDSGCHITOT,LTOT,1,2043,1
GLOBAL,LNDSGCHITOT,LTOT,1,2044,1
GLOBAL,LNDSGCHITOT,LTOT,1,2045,1
GLOBAL,LNDSGCHITOT,LTOT,1,2046,1
GLOBAL,LNDSGCHITOT,LTOT,1,2047,1
GLOBAL,LNDSGCHITOT,LTOT,1,2048,1
GLOBAL,LNDSGCHITOT,LTOT,1,2049,1
GLOBAL,LNDSGCHITOT,LTOT,1,2050,1
GLOBAL,LNDSGCLITOT,LTOT,1,2020,1
GLOBAL,LNDSGCLITOT,LTOT,1,2021,1
GLOBAL,LNDSGCLITOT,LTOT,1,2022,1
GLOBAL,LNDSGCLITOT,LTOT,1,2023,1
GLOBAL,LNDSGCLITOT,LTOT,1,2024,1
GLOBAL,LNDSGCLITOT,LTOT,1,2025,1
GLOBAL,LNDSGCLITOT,LTOT,1,2026,1
GLOBAL,LNDSGCLITOT,LTOT,1,2027,1
GLOBAL,LNDSGCLITOT,LTOT,1,2028,1
GLOBAL,LNDSGCLITOT,LTOT,1,2029,1
GLOBAL,LNDSGCLITOT,LTOT,1,2030,1
GLOBAL,LNDSGCLITOT,LTOT,1,2031,1
GLOBAL,LNDSGCLITOT,LTOT,1,2032,1
GLOBAL,LNDSGCLITOT,LTOT,1,2033,1
GLOBAL,LNDSGCLITOT,LTOT,1,2034,1
GLOBAL,LNDSGCLITOT,LTOT,1,2035,1
GLOBAL,LNDSGCLITOT,LTOT,1,2036,1
GLOBAL,LNDSGCLITOT,LTOT,1,2037,1
GLOBAL,LNDSGCLITOT,LTOT,1,2038,1
GLOBAL,LNDSGCLITOT,LTOT,1,2039,1
GLOBAL,LNDSGCLITOT,LTOT,1,2040,1
GLOBAL,LNDSGCLITOT,LTOT,1,2041,1
GLOBAL,LNDSGCLITOT,LTOT,1,2042,1
GLOBAL,LNDSGCLITOT,LTOT,1,2043,1
GLOBAL,LNDSGCLITOT,LTOT,1,2044,1
GLOBAL,LNDSGCLITOT,LTOT,1,2045,1
GLOBAL,LNDSGCLITOT,LTOT,1,2046,1
GLOBAL,LNDSGCLITOT,LTOT,1,2047,1
GLOBAL,LNDSGCLITOT,LTOT,1,2048,1
GLOBAL,LNDSGCLITOT,LTOT,1,2049,1
GLOBAL,LNDSGCLITOT,LTOT,1,2050,1
GLOBAL,LNDCONHRTOT,LTOT,1,2020,1
GLOBAL,LNDCONHRTOT,LTOT,1,2021,1
GLOBAL,LNDCONHRTOT,LTOT,1,2022,1
GLOBAL,LNDCONHRTOT,LTOT,1,2023,1
GLOBAL,LNDCONHRTOT,LTOT,1,2024,1
GLOBAL,LNDCONHRTOT,LTOT,1,2025,1
GLOBAL,LNDCONHRTOT,LTOT,1,2026,1
GLOBAL,LNDCONHRTOT,LTOT,1,2027,1
GLOBAL,LNDCONHRTOT,LTOT,1,2028,1
GLOBAL,LNDCONHRTOT,LTOT,1,2029,1
GLOBAL,LNDCONHRTOT,LTOT,1,2030,1
GLOBAL,LNDCONHRTOT,LTOT,1,2031,1
GLOBAL,LNDCONHRTOT,LTOT,1,2032,1
GLOBAL,LNDCONHRTOT,LTOT,1,2033,1
GLOBAL,LNDCONHRTOT,LTOT,1,2034,1
GLOBAL,LNDCONHRTOT,LTOT,1,2035,1
GLOBAL,LNDCONHRTOT,LTOT,1,2036,1
GLOBAL,LNDCONHRTOT,LTOT,1,2037,1
GLOBAL,LNDCONHRTOT,LTOT,1,2038,1
GLOBAL,LNDCONHRTOT,LTOT,1,2039,1
GLOBAL,LNDCONHRTOT,LTOT,1,2040,1
GLOBAL,LNDCONHRTOT,LTOT,1,2041,1
GLOBAL,LNDCONHRTOT,LTOT,1,2042,1
GLOBAL,LNDCONHRTOT,LTOT,1,2043,1
GLOBAL,LNDCONHRTOT,LTOT,1,2044,1
GLOBAL,LNDCONHRTOT,LTOT,1,2045,1
GLOBAL,LNDCONHRTOT,LTOT,1,2046,1
GLOBAL,LNDCONHRTOT,LTOT,1,2047,1
GLOBAL,LNDCONHRTOT,LTOT,1,2048,1
GLOBAL,LNDCONHRTOT,LTOT,1,2049,1
GLOBAL,LNDCONHRTOT,LTOT,1,2050,1
GLOBAL,LNDCONHITOT,LTOT,1,2020,1
GLOBAL,LNDCONHITOT,LTOT,1,2021,1
GLOBAL,LNDCONHITOT,LTOT,1,2022,1
GLOBAL,LNDCONHITOT,LTOT,1,2023,1
GLOBAL,LNDCONHITOT,LTOT,1,2024,1
GLOBAL,LNDCONHITOT,LTOT,1,2025,1
GLOBAL,LNDCONHITOT,LTOT,1,2026,1
GLOBAL,LNDCONHITOT,LTOT,1,2027,1
GLOBAL,LNDCONHITOT,LTOT,1,2028,1
GLOBAL,LNDCONHITOT,LTOT,1,2029,1
GLOBAL,LNDCONHITOT,LTOT,1,2030,1
GLOBAL,LNDCONHITOT,LTOT,1,2031,1
GLOBAL,LNDCONHITOT,LTOT,1,2032,1
GLOBAL,LNDCONHITOT,LTOT,1,2033,1
GLOBAL,LNDCONHITOT,LTOT,1,2034,1
GLOBAL,LNDCONHITOT,LTOT,1,2035,1
GLOBAL,LNDCONHITOT,LTOT,1,2036,1
GLOBAL,LNDCONHITOT,LTOT,1,2037,1
GLOBAL,LNDCONHITOT,LTOT,1,2038,1
GLOBAL,LNDCONHITOT,LTOT,1,2039,1
GLOBAL,LNDCONHITOT,LTOT,1,2040,1
GLOBAL,LNDCONHITOT,LTOT,1,2041,1
GLOBAL,LNDCONHITOT,LTOT,1,2042,1
GLOBAL,LNDCONHITOT,LTOT,1,2043,1
GLOBAL,LNDCONHITOT,LTOT,1,2044,1
GLOBAL,LNDCONHITOT,LTOT,1,2045,1
GLOBAL,LNDCONHITOT,LTOT,1,2046,1
GLOBAL,LNDCONHITOT,LTOT,1,2047,1
GLOBAL,LNDCONHITOT,LTOT,1,2048,1
GLOBAL,LNDCONHITOT,LTOT,1,2049,1
GLOBAL,LNDCONHITOT,LTOT,1,2050,1
GLOBAL,LNDCONLITOT,LTOT,1,2020,1
GLOBAL,LNDCONLITOT,LTOT,1,2021,1
GLOBAL,LNDCONLITOT,LTOT,1,2022,1
GLOBAL,LNDCONLITOT,LTOT,1,2023,1
GLOBAL,LNDCONLITOT,LTOT,1,2024,1
GLOBAL,LNDCONLITOT,LTOT,1,2025,1
GLOBAL,LNDCONLITOT,LTOT,1,2026,1
GLOBAL,LNDCONLITOT,LTOT,1,2027,1
GLOBAL,LNDCONLITOT,LTOT,1,2028,1
GLOBAL,LNDCONLITOT,LTOT,1,2029,1
GLOBAL,LNDCONLITOT,LTOT,1,2030,1
GLOBAL,LNDCONLITOT,LTOT,1,2031,1
GLOBAL,LNDCONLITOT,LTOT,1,2032,1
GLOBAL,LNDCONLITOT,LTOT,1,2033,1
GLOBAL,LNDCONLITOT,LTOT,1,2034,1
GLOBAL,LNDCONLITOT,LTOT,1,2035,1
GLOBAL,LNDCONLITOT,LTOT,1,2036,1
GLOBAL,LNDCONLITOT,LTOT,1,2037,1
GLOBAL,LNDCONLITOT,LTOT,1,2038,1
GLOBAL,LNDCONLITOT,LTOT,1,2039,1
GLOBAL,LNDCONLITOT,LTOT,1,2040,1
GLOBAL,LNDCONLITOT,LTOT,1,2041,1
GLOBAL,LNDCONLITOT,LTOT,1,2042,1
GLOBAL,LNDCONLITOT,LTOT,1,2043,1
GLOBAL,LNDCONLITOT,LTOT,1,2044,1
GLOBAL,LNDCONLITOT,LTOT,1,2045,1
GLOBAL,LNDCONLITOT,LTOT,1,2046,1
GLOBAL,LNDCONLITOT,LTOT,1,2047,1
GLOBAL,LNDCONLITOT,LTOT,1,2048,1
GLOBAL,LNDCONLITOT,LTOT,1,2049,1
GLOBAL,LNDCONLITOT,LTOT,1,2050,1
GLOBAL,LNDCASHRTOT,LTOT,1,2020,1
GLOBAL,LNDCASHRTOT,LTOT,1,2021,1
GLOBAL,LNDCASHRTOT,LTOT,1,2022,1
GLOBAL,LNDCASHRTOT,LTOT,1,2023,1
GLOBAL,LNDCASHRTOT,LTOT,1,2024,1
GLOBAL,LNDCASHRTOT,LTOT,1,2025,1
GLOBAL,LNDCASHRTOT,LTOT,1,2026,1
GLOBAL,LNDCASHRTOT,LTOT,1,2027,1
GLOBAL,LNDCASHRTOT,LTOT,1,2028,1
GLOBAL,LNDCASHRTOT,LTOT,1,2029,1
GLOBAL,LNDCASHRTOT,LTOT,1,2030,1
GLOBAL,LNDCASHRTOT,LTOT,1,2031,1
GLOBAL,LNDCASHRTOT,LTOT,1,2032,1
GLOBAL,LNDCASHRTOT,LTOT,1,2033,1
GLOBAL,LNDCASHRTOT,LTOT,1,2034,1
GLOBAL,LNDCASHRTOT,LTOT,1,2035,1
GLOBAL,LNDCASHRTOT,LTOT,1,2036,1
GLOBAL,LNDCASHRTOT,LTOT,1,2037,1
GLOBAL,LNDCASHRTOT,LTOT,1,2038,1
GLOBAL,LNDCASHRTOT,LTOT,1,2039,1
GLOBAL,LNDCASHRTOT,LTOT,1,2040,1
GLOBAL,LNDCASHRTOT,LTOT,1,2041,1
GLOBAL,LNDCASHRTOT,LTOT,1,2042,1
GLOBAL,LNDCASHRTOT,LTOT,1,2043,1
GLOBAL,LNDCASHRTOT,LTOT,1,2044,1
GLOBAL,LNDCASHRTOT,LTOT,1,2045,1
GLOBAL,LNDCASHRTOT,LTOT,1,2046,1
GLOBAL,LNDCASHRTOT,LTOT,1,2047,1
GLOBAL,LNDCASHRTOT,LTOT,1,2048,1
GLOBAL,LNDCASHRTOT,LTOT,1,2049,1
GLOBAL,LNDCASHRTOT,LTOT,1,2050,1
GLOBAL,LNDYAMHITOT,LTOT,1,2020,1
GLOBAL,LNDYAMHITOT,LTOT,1,2021,1
GLOBAL,LNDYAMHITOT,LTOT,1,2022,1
GLOBAL,LNDYAMHITOT,LTOT,1,2023,1
GLOBAL,LNDYAMHITOT,LTOT,1,2024,1
GLOBAL,LNDYAMHITOT,LTOT,1,2025,1
GLOBAL,LNDYAMHITOT,LTOT,1,2026,1
GLOBAL,LNDYAMHITOT,LTOT,1,2027,1
GLOBAL,LNDYAMHITOT,LTOT,1,2028,1
GLOBAL,LNDYAMHITOT,LTOT,1,2029,1
GLOBAL,LNDYAMHITOT,LTOT,1,2030,1
GLOBAL,LNDYAMHITOT,LTOT,1,2031,1
GLOBAL,LNDYAMHITOT,LTOT,1,2032,1
GLOBAL,LNDYAMHITOT,LTOT,1,2033,1
GLOBAL,LNDYAMHITOT,LTOT,1,2034,1
GLOBAL,LNDYAMHITOT,LTOT,1,2035,1
GLOBAL,LNDYAMHITOT,LTOT,1,2036,1
GLOBAL,LNDYAMHITOT,LTOT,1,2037,1
GLOBAL,LNDYAMHITOT,LTOT,1,2038,1
GLOBAL,LNDYAMHITOT,LTOT,1,2039,1
GLOBAL,LNDYAMHITOT,LTOT,1,2040,1
GLOBAL,LNDYAMHITOT,LTOT,1,2041,1
GLOBAL,LNDYAMHITOT,LTOT,1,2042,1
GLOBAL,LNDYAMHITOT,LTOT,1,2043,1
GLOBAL,LNDYAMHITOT,LTOT,1,2044,1
GLOBAL,LNDYAMHITOT,LTOT,1,2045,1
GLOBAL,LNDYAMHITOT,LTOT,1,2046,1
GLOBAL,LNDYAMHITOT,LTOT,1,2047,1
GLOBAL,LNDYAMHITOT,LTOT,1,2048,1
GLOBAL,LNDYAMHITOT,LTOT,1,2049,1
GLOBAL,LNDYAMHITOT,LTOT,1,2050,1
GLOBAL,LNDCASLITOT,LTOT,1,2020,1
GLOBAL,LNDCASLITOT,LTOT,1,2021,1
GLOBAL,LNDCASLITOT,LTOT,1,2022,1
GLOBAL,LNDCASLITOT,LTOT,1,2023,1
GLOBAL,LNDCASLITOT,LTOT,1,2024,1
GLOBAL,LNDCASLITOT,LTOT,1,2025,1
GLOBAL,LNDCASLITOT,LTOT,1,2026,1
GLOBAL,LNDCASLITOT,LTOT,1,2027,1
GLOBAL,LNDCASLITOT,LTOT,1,2028,1
GLOBAL,LNDCASLITOT,LTOT,1,2029,1
GLOBAL,LNDCASLITOT,LTOT,1,2030,1
GLOBAL,LNDCASLITOT,LTOT,1,2031,1
GLOBAL,LNDCASLITOT,LTOT,1,2032,1
GLOBAL,LNDCASLITOT,LTOT,1,2033,1
GLOBAL,LNDCASLITOT,LTOT,1,2034,1
GLOBAL,LNDCASLITOT,LTOT,1,2035,1
GLOBAL,LNDCASLITOT,LTOT,1,2036,1
GLOBAL,LNDCASLITOT,LTOT,1,2037,1
GLOBAL,LNDCASLITOT,LTOT,1,2038,1
GLOBAL,LNDCASLITOT,LTOT,1,2039,1
GLOBAL,LNDCASLITOT,LTOT,1,2040,1
GLOBAL,LNDCASLITOT,LTOT,1,2041,1
GLOBAL,LNDCASLITOT,LTOT,1,2042,1
GLOBAL,LNDCASLITOT,LTOT,1,2043,1
GLOBAL,LNDCASLITOT,LTOT,1,2044,1
GLOBAL,LNDCASLITOT,LTOT,1,2045,1
GLOBAL,LNDCASLITOT,LTOT,1,2046,1
GLOBAL,LNDCASLITOT,LTOT,1,2047,1
GLOBAL,LNDCASLITOT,LTOT,1,2048,1
GLOBAL,LNDCASLITOT,LTOT,1,2049,1
GLOBAL,LNDCASLITOT,LTOT,1,2050,1
GLOBAL,LNDYAMHRTOT,LTOT,1,2020,1
GLOBAL,LNDYAMHRTOT,LTOT,1,2021,1
GLOBAL,LNDYAMHRTOT,LTOT,1,2022,1
GLOBAL,LNDYAMHRTOT,LTOT,1,2023,1
GLOBAL,LNDYAMHRTOT,LTOT,1,2024,1
GLOBAL,LNDYAMHRTOT,LTOT,1,2025,1
GLOBAL,LNDYAMHRTOT,LTOT,1,2026,1
GLOBAL,LNDYAMHRTOT,LTOT,1,2027,1
GLOBAL,LNDYAMHRTOT,LTOT,1,2028,1
GLOBAL,LNDYAMHRTOT,LTOT,1,2029,1
GLOBAL,LNDYAMHRTOT,LTOT,1,2030,1
GLOBAL,LNDYAMHRTOT,LTOT,1,2031,1
GLOBAL,LNDYAMHRTOT,LTOT,1,2032,1
GLOBAL,LNDYAMHRTOT,LTOT,1,2033,1
GLOBAL,LNDYAMHRTOT,LTOT,1,2034,1
GLOBAL,LNDYAMHRTOT,LTOT,1,2035,1
GLOBAL,LNDYAMHRTOT,LTOT,1,2036,1
GLOBAL,LNDYAMHRTOT,LTOT,1,2037,1
GLOBAL,LNDYAMHRTOT,LTOT,1,2038,1
GLOBAL,LNDYAMHRTOT,LTOT,1,2039,1
GLOBAL,LNDYAMHRTOT,LTOT,1,2040,1
GLOBAL,LNDYAMHRTOT,LTOT,1,2041,1
GLOBAL,LNDYAMHRTOT,LTOT,1,2042,1
GLOBAL,LNDYAMHRTOT,LTOT,1,2043,1
GLOBAL,LNDYAMHRTOT,LTOT,1,2044,1
GLOBAL,LNDYAMHRTOT,LTOT,1,2045,1
GLOBAL,LNDYAMHRTOT,LTOT,1,2046,1
GLOBAL,LNDYAMHRTOT,LTOT,1,2047,1
GLOBAL,LNDYAMHRTOT,LTOT,1,2048,1
GLOBAL,LNDYAMHRTOT,LTOT,1,2049,1
GLOBAL,LNDYAMHRTOT,LTOT,1,2050,1
GLOBAL,LNDSGCHRTOT,LTOT,1,2020,1
GLOBAL,LNDSGCHRTOT,LTOT,1,2021,1
GLOBAL,LNDSGCHRTOT,LTOT,1,2022,1
GLOBAL,LNDSGCHRTOT,LTOT,1,2023,1
GLOBAL,LNDSGCHRTOT,LTOT,1,2024,1
GLOBAL,LNDSGCHRTOT,LTOT,1,2025,1
GLOBAL,LNDSGCHRTOT,LTOT,1,2026,1
GLOBAL,LNDSGCHRTOT,LTOT,1,2027,1
GLOBAL,LNDSGCHRTOT,LTOT,1,2028,1
GLOBAL,LNDSGCHRTOT,LTOT,1,2029,1
GLOBAL,LNDSGCHRTOT,LTOT,1,2030,1
GLOBAL,LNDSGCHRTOT,LTOT,1,2031,1
GLOBAL,LNDSGCHRTOT,LTOT,1,2032,1
GLOBAL,LNDSGCHRTOT,LTOT,1,2033,1
GLOBAL,LNDSGCHRTOT,LTOT,1,2034,1
GLOBAL,LNDSGCHRTOT,LTOT,1,2035,1
GLOBAL,LNDSGCHRTOT,LTOT,1,2036,1
GLOBAL,LNDSGCHRTOT,LTOT,1,2037,1
GLOBAL,LNDSGCHRTOT,LTOT,1,2038,1
GLOBAL,LNDSGCHRTOT,LTOT,1,2039,1
GLOBAL,LNDSGCHRTOT,LTOT,1,2040,1
GLOBAL,LNDSGCHRTOT,LTOT,1,2041,1
GLOBAL,LNDSGCHRTOT,LTOT,1,2042,1
GLOBAL,LNDSGCHRTOT,LTOT,1,2043,1
GLOBAL,LNDSGCHRTOT,LTOT,1,2044,1
GLOBAL,LNDSGCHRTOT,LTOT,1,2045,1
GLOBAL,LNDSGCHRTOT,LTOT,1,2046,1
GLOBAL,LNDSGCHRTOT,LTOT,1,2047,1
GLOBAL,LNDSGCHRTOT,LTOT,1,2048,1
GLOBAL,LNDSGCHRTOT,LTOT,1,2049,1
GLOBAL,LNDSGCHRTOT,LTOT,1,2050,1
GLOBAL,LNDSGCLRTOT,LTOT,1,2020,1
GLOBAL,LNDSGCLRTOT,LTOT,1,2021,1
GLOBAL,LNDSGCLRTOT,LTOT,1,2022,1
GLOBAL,LNDSGCLRTOT,LTOT,1,2023,1
GLOBAL,LNDSGCLRTOT,LTOT,1,2024,1
GLOBAL,LNDSGCLRTOT,LTOT,1,2025,1
GLOBAL,LNDSGCLRTOT,LTOT,1,2026,1
GLOBAL,LNDSGCLRTOT,LTOT,1,2027,1
GLOBAL,LNDSGCLRTOT,LTOT,1,2028,1
GLOBAL,LNDSGCLRTOT,LTOT,1,2029,1
GLOBAL,LNDSGCLRTOT,LTOT,1,2030,1
GLOBAL,LNDSGCLRTOT,LTOT,1,2031,1
GLOBAL,LNDSGCLRTOT,LTOT,1,2032,1
GLOBAL,LNDSGCLRTOT,LTOT,1,2033,1
GLOBAL,LNDSGCLRTOT,LTOT,1,2034,1
GLOBAL,LNDSGCLRTOT,LTOT,1,2035,1
GLOBAL,LNDSGCLRTOT,LTOT,1,2036,1
GLOBAL,LNDSGCLRTOT,LTOT,1,2037,1
GLOBAL,LNDSGCLRTOT,LTOT,1,2038,1
GLOBAL,LNDSGCLRTOT,LTOT,1,2039,1
GLOBAL,LNDSGCLRTOT,LTOT,1,2040,1
GLOBAL,LNDSGCLRTOT,LTOT,1,2041,1
GLOBAL,LNDSGCLRTOT,LTOT,1,2042,1
GLOBAL,LNDSGCLRTOT,LTOT,1,2043,1
GLOBAL,LNDSGCLRTOT,LTOT,1,2044,1
GLOBAL,LNDSGCLRTOT,LTOT,1,2045,1
GLOBAL,LNDSGCLRTOT,LTOT,1,2046,1
GLOBAL,LNDSGCLRTOT,LTOT,1,2047,1
GLOBAL,LNDSGCLRTOT,LTOT,1,2048,1
GLOBAL,LNDSGCLRTOT,LTOT,1,2049,1
GLOBAL,LNDSGCLRTOT,LTOT,1,2050,1
GLOBAL,LNDOTHLITOT,LTOT,1,2020,1
GLOBAL,LNDOTHLITOT,LTOT,1,2021,1
GLOBAL,LNDOTHLITOT,LTOT,1,2022,1
GLOBAL,LNDOTHLITOT,LTOT,1,2023,1
GLOBAL,LNDOTHLITOT,LTOT,1,2024,1
GLOBAL,LNDOTHLITOT,LTOT,1,2025,1
GLOBAL,LNDOTHLITOT,LTOT,1,2026,1
GLOBAL,LNDOTHLITOT,LTOT,1,2027,1
GLOBAL,LNDOTHLITOT,LTOT,1,2028,1
GLOBAL,LNDOTHLITOT,LTOT,1,2029,1
GLOBAL,LNDOTHLITOT,LTOT,1,2030,1
GLOBAL,LNDOTHLITOT,LTOT,1,2031,1
GLOBAL,LNDOTHLITOT,LTOT,1,2032,1
GLOBAL,LNDOTHLITOT,LTOT,1,2033,1
GLOBAL,LNDOTHLITOT,LTOT,1,2034,1
GLOBAL,LNDOTHLITOT,LTOT,1,2035,1
GLOBAL,LNDOTHLITOT,LTOT,1,2036,1
GLOBAL,LNDOTHLITOT,LTOT,1,2037,1
GLOBAL,LNDOTHLITOT,LTOT,1,2038,1
GLOBAL,LNDOTHLITOT,LTOT,1,2039,1
GLOBAL,LNDOTHLITOT,LTOT,1,2040,1
GLOBAL,LNDOTHLITOT,LTOT,1,2041,1
GLOBAL,LNDOTHLITOT,LTOT,1,2042,1
GLOBAL,LNDOTHLITOT,LTOT,1,2043,1
GLOBAL,LNDOTHLITOT,LTOT,1,2044,1
GLOBAL,LNDOTHLITOT,LTOT,1,2045,1
GLOBAL,LNDOTHLITOT,LTOT,1,2046,1
GLOBAL,LNDOTHLITOT,LTOT,1,2047,1
GLOBAL,LNDOTHLITOT,LTOT,1,2048,1
GLOBAL,LNDOTHLITOT,LTOT,1,2049,1
GLOBAL,LNDOTHLITOT,LTOT,1,2050,1
GLOBAL,LNDOTHHITOT,LTOT,1,2020,1
GLOBAL,LNDOTHHITOT,LTOT,1,2021,1
GLOBAL,LNDOTHHITOT,LTOT,1,2022,1
GLOBAL,LNDOTHHITOT,LTOT,1,2023,1
GLOBAL,LNDOTHHITOT,LTOT,1,2024,1
GLOBAL,LNDOTHHITOT,LTOT,1,2025,1
GLOBAL,LNDOTHHITOT,LTOT,1,2026,1
GLOBAL,LNDOTHHITOT,LTOT,1,2027,1
GLOBAL,LNDOTHHITOT,LTOT,1,2028,1
GLOBAL,LNDOTHHITOT,LTOT,1,2029,1
GLOBAL,LNDOTHHITOT,LTOT,1,2030,1
GLOBAL,LNDOTHHITOT,LTOT,1,2031,1
GLOBAL,LNDOTHHITOT,LTOT,1,2032,1
GLOBAL,LNDOTHHITOT,LTOT,1,2033,1
GLOBAL,LNDOTHHITOT,LTOT,1,2034,1
GLOBAL,LNDOTHHITOT,LTOT,1,2035,1
GLOBAL,LNDOTHHITOT,LTOT,1,2036,1
GLOBAL,LNDOTHHITOT,LTOT,1,2037,1
GLOBAL,LNDOTHHITOT,LTOT,1,2038,1
GLOBAL,LNDOTHHITOT,LTOT,1,2039,1
GLOBAL,LNDOTHHITOT,LTOT,1,2040,1
GLOBAL,LNDOTHHITOT,LTOT,1,2041,1
GLOBAL,LNDOTHHITOT,LTOT,1,2042,1
GLOBAL,LNDOTHHITOT,LTOT,1,2043,1
GLOBAL,LNDOTHHITOT,LTOT,1,2044,1
GLOBAL,LNDOTHHITOT,LTOT,1,2045,1
GLOBAL,LNDOTHHITOT,LTOT,1,2046,1
GLOBAL,LNDOTHHITOT,LTOT,1,2047,1
GLOBAL,LNDOTHHITOT,LTOT,1,2048,1
GLOBAL,LNDOTHHITOT,LTOT,1,2049,1
GLOBAL,LNDOTHHITOT,LTOT,1,2050,1
GLOBAL,LNDOTHLRTOT,LTOT,1,2020,1
GLOBAL,LNDOTHLRTOT,LTOT,1,2021,1
GLOBAL,LNDOTHLRTOT,LTOT,1,2022,1
GLOBAL,LNDOTHLRTOT,LTOT,1,2023,1
GLOBAL,LNDOTHLRTOT,LTOT,1,2024,1
GLOBAL,LNDOTHLRTOT,LTOT,1,2025,1
GLOBAL,LNDOTHLRTOT,LTOT,1,2026,1
GLOBAL,LNDOTHLRTOT,LTOT,1,2027,1
GLOBAL,LNDOTHLRTOT,LTOT,1,2028,1
GLOBAL,LNDOTHLRTOT,LTOT,1,2029,1
GLOBAL,LNDOTHLRTOT,LTOT,1,2030,1
GLOBAL,LNDOTHLRTOT,LTOT,1,2031,1
GLOBAL,LNDOTHLRTOT,LTOT,1,2032,1
GLOBAL,LNDOTHLRTOT,LTOT,1,2033,1
GLOBAL,LNDOTHLRTOT,LTOT,1,2034,1
GLOBAL,LNDOTHLRTOT,LTOT,1,2035,1
GLOBAL,LNDOTHLRTOT,LTOT,1,2036,1
GLOBAL,LNDOTHLRTOT,LTOT,1,2037,1
GLOBAL,LNDOTHLRTOT,LTOT,1,2038,1
GLOBAL,LNDOTHLRTOT,LTOT,1,2039,1
GLOBAL,LNDOTHLRTOT,LTOT,1,2040,1
GLOBAL,LNDOTHLRTOT,LTOT,1,2041,1
GLOBAL,LNDOTHLRTOT,LTOT,1,2042,1
GLOBAL,LNDOTHLRTOT,LTOT,1,2043,1
GLOBAL,LNDOTHLRTOT,LTOT,1,2044,1
GLOBAL,LNDOTHLRTOT,LTOT,1,2045,1
GLOBAL,LNDOTHLRTOT,LTOT,1,2046,1
GLOBAL,LNDOTHLRTOT,LTOT,1,2047,1
GLOBAL,LNDOTHLRTOT,LTOT,1,2048,1
GLOBAL,LNDOTHLRTOT,LTOT,1,2049,1
GLOBAL,LNDOTHLRTOT,LTOT,1,2050,1
GLOBAL,LNDOTHHRTOT,LTOT,1,2020,1
GLOBAL,LNDOTHHRTOT,LTOT,1,2021,1
GLOBAL,LNDOTHHRTOT,LTOT,1,2022,1
GLOBAL,LNDOTHHRTOT,LTOT,1,2023,1
GLOBAL,LNDOTHHRTOT,LTOT,1,2024,1
GLOBAL,LNDOTHHRTOT,LTOT,1,2025,1
GLOBAL,LNDOTHHRTOT,LTOT,1,2026,1
GLOBAL,LNDOTHHRTOT,LTOT,1,2027,1
GLOBAL,LNDOTHHRTOT,LTOT,1,2028,1
GLOBAL,LNDOTHHRTOT,LTOT,1,2029,1
GLOBAL,LNDOTHHRTOT,LTOT,1,2030,1
GLOBAL,LNDOTHHRTOT,LTOT,1,2031,1
GLOBAL,LNDOTHHRTOT,LTOT,1,2032,1
GLOBAL,LNDOTHHRTOT,LTOT,1,2033,1
GLOBAL,LNDOTHHRTOT,LTOT,1,2034,1
GLOBAL,LNDOTHHRTOT,LTOT,1,2035,1
GLOBAL,LNDOTHHRTOT,LTOT,1,2036,1
GLOBAL,LNDOTHHRTOT,LTOT,1,2037,1
GLOBAL,LNDOTHHRTOT,LTOT,1,2038,1
GLOBAL,LNDOTHHRTOT,LTOT,1,2039,1
GLOBAL,LNDOTHHRTOT,LTOT,1,2040,1
GLOBAL,LNDOTHHRTOT,LTOT,1,2041,1
GLOBAL,LNDOTHHRTOT,LTOT,1,2042,1
GLOBAL,LNDOTHHRTOT,LTOT,1,2043,1
GLOBAL,LNDOTHHRTOT,LTOT,1,2044,1
GLOBAL,LNDOTHHRTOT,LTOT,1,2045,1
GLOBAL,LNDOTHHRTOT,LTOT,1,2046,1
GLOBAL,LNDOTHHRTOT,LTOT,1,2047,1
GLOBAL,LNDOTHHRTOT,LTOT,1,2048,1
GLOBAL,LNDOTHHRTOT,LTOT,1,2049,1
GLOBAL,LNDOTHHRTOT,LTOT,1,2050,1
GLOBAL,LNDAGRFJIC01,LYAMLITOT,1,2020,1
GLOBAL,LNDAGRFJIC01,LYAMLITOT,1,2021,1
GLOBAL,LNDAGRFJIC01,LYAMLITOT,1,2022,1
GLOBAL,LNDAGRFJIC01,LYAMLITOT,1,2023,1
GLOBAL,LNDAGRFJIC01,LYAMLITOT,1,2024,1
GLOBAL,LNDAGRFJIC01,LYAMLITOT,1,2025,1
GLOBAL,LNDAGRFJIC01,LYAMLITOT,1,2026,1
GLOBAL,LNDAGRFJIC01,LYAMLITOT,1,2027,1
GLOBAL,LNDAGRFJIC01,LYAMLITOT,1,2028,1
GLOBAL,LNDAGRFJIC01,LYAMLITOT,1,2029,1
GLOBAL,LNDAGRFJIC01,LYAMLITOT,1,2030,1
GLOBAL,LNDAGRFJIC01,LYAMLITOT,1,2031,1
GLOBAL,LNDAGRFJIC01,LYAMLITOT,1,2032,1
GLOBAL,LNDAGRFJIC01,LYAMLITOT,1,2033,1
GLOBAL,LNDAGRFJIC01,LYAMLITOT,1,2034,1
GLOBAL,LNDAGRFJIC01,LYAMLITOT,1,2035,1
GLOBAL,LNDAGRFJIC01,LYAMLITOT,1,2036,1
GLOBAL,LNDAGRFJIC01,LYAMLITOT,1,2037,1
GLOBAL,LNDAGRFJIC01,LYAMLITOT,1,2038,1
GLOBAL,LNDAGRFJIC01,LYAMLITOT,1,2039,1
GLOBAL,LNDAGRFJIC01,LYAMLITOT,1,2040,1
GLOBAL,LNDAGRFJIC01,LYAMLITOT,1,2041,1
GLOBAL,LNDAGRFJIC01,LYAMLITOT,1,2042,1
GLOBAL,LNDAGRFJIC01,LYAMLITOT,1,2043,1
GLOBAL,LNDAGRFJIC01,LYAMLITOT,1,2044,1
GLOBAL,LNDAGRFJIC01,LYAMLITOT,1,2045,1
GLOBAL,LNDAGRFJIC01,LYAMLITOT,1,2046,1
GLOBAL,LNDAGRFJIC01,LYAMLITOT,1,2047,1
GLOBAL,LNDAGRFJIC01,LYAMLITOT,1,2048,1
GLOBAL,LNDAGRFJIC01,LYAMLITOT,1,2049,1
GLOBAL,LNDAGRFJIC01,LYAMLITOT,1,2050,1
GLOBAL,LNDAGRFJIC01,WTRPRCFJI,1,2020,2.7
GLOBAL,LNDAGRFJIC01,WTRPRCFJI,1,2021,2.7
GLOBAL,LNDAGRFJIC01,WTRPRCFJI,1,2022,2.7
GLOBAL,LNDAGRFJIC01,WTRPRCFJI,1,2023,2.7
GLOBAL,LNDAGRFJIC01,WTRPRCFJI,1,2024,2.7
GLOBAL,LNDAGRFJIC01,WTRPRCFJI,1,2025,2.7
GLOBAL,LNDAGRFJIC01,WTRPRCFJI,1,2026,2.7
GLOBAL,LNDAGRFJIC01,WTRPRCFJI,1,2027,2.7
GLOBAL,LNDAGRFJIC01,WTRPRCFJI,1,2028,2.7
GLOBAL,LNDAGRFJIC01,WTRPRCFJI,1,2029,2.7
GLOBAL,LNDAGRFJIC01,WTRPRCFJI,1,2030,2.7
GLOBAL,LNDAGRFJIC01,WTRPRCFJI,1,2031,2.7
GLOBAL,LNDAGRFJIC01,WTRPRCFJI,1,2032,2.7
GLOBAL,LNDAGRFJIC01,WTRPRCFJI,1,2033,2.7
GLOBAL,LNDAGRFJIC01,WTRPRCFJI,1,2034,2.7
GLOBAL,LNDAGRFJIC01,WTRPRCFJI,1,2035,2.7
GLOBAL,LNDAGRFJIC01,WTRPRCFJI,1,2036,2.7
GLOBAL,LNDAGRFJIC01,WTRPRCFJI,1,2037,2.7
GLOBAL,LNDAGRFJIC01,WTRPRCFJI,1,2038,2.7
GLOBAL,LNDAGRFJIC01,WTRPRCFJI,1,2039,2.7
GLOBAL,LNDAGRFJIC01,WTRPRCFJI,1,2040,2.7
GLOBAL,LNDAGRFJIC01,WTRPRCFJI,1,2041,2.7
GLOBAL,LNDAGRFJIC01,WTRPRCFJI,1,2042,2.7
GLOBAL,LNDAGRFJIC01,WTRPRCFJI,1,2043,2.7
GLOBAL,LNDAGRFJIC01,WTRPRCFJI,1,2044,2.7
GLOBAL,LNDAGRFJIC01,WTRPRCFJI,1,2045,2.7
GLOBAL,LNDAGRFJIC01,WTRPRCFJI,1,2046,2.7
GLOBAL,LNDAGRFJIC01,WTRPRCFJI,1,2047,2.7
GLOBAL,LNDAGRFJIC01,WTRPRCFJI,1,2048,2.7
GLOBAL,LNDAGRFJIC01,WTRPRCFJI,1,2049,2.7
GLOBAL,LNDAGRFJIC01,WTRPRCFJI,1,2050,2.7
GLOBAL,LNDAGRFJIC01,AGRWATFJI,1,2020,0.0001
GLOBAL,LNDAGRFJIC01,AGRWATFJI,1,2021,0.0001
GLOBAL,LNDAGRFJIC01,AGRWATFJI,1,2022,0.0001
GLOBAL,LNDAGRFJIC01,AGRWATFJI,1,2023,0.0001
GLOBAL,LNDAGRFJIC01,AGRWATFJI,1,2024,0.0001
GLOBAL,LNDAGRFJIC01,AGRWATFJI,1,2025,0.0001
GLOBAL,LNDAGRFJIC01,AGRWATFJI,1,2026,0.0001
GLOBAL,LNDAGRFJIC01,AGRWATFJI,1,2027,0.0001
GLOBAL,LNDAGRFJIC01,AGRWATFJI,1,2028,0.0001
GLOBAL,LNDAGRFJIC01,AGRWATFJI,1,2029,0.0001
GLOBAL,LNDAGRFJIC01,AGRWATFJI,1,2030,0.0001
GLOBAL,LNDAGRFJIC01,AGRWATFJI,1,2031,0.0001
GLOBAL,LNDAGRFJIC01,AGRWATFJI,1,2032,0.0001
GLOBAL,LNDAGRFJIC01,AGRWATFJI,1,2033,0.0001
GLOBAL,LNDAGRFJIC01,AGRWATFJI,1,2034,0.0001
GLOBAL,LNDAGRFJIC01,AGRWATFJI,1,2035,0.0001
GLOBAL,LNDAGRFJIC01,AGRWATFJI,1,2036,0.0001
GLOBAL,LNDAGRFJIC01,AGRWATFJI,1,2037,0.0001
GLOBAL,LNDAGRFJIC01,AGRWATFJI,1,2038,0.0001
GLOBAL,LNDAGRFJIC01,AGRWATFJI,1,2039,0.0001
GLOBAL,LNDAGRFJIC01,AGRWATFJI,1,2040,0.0001
GLOBAL,LNDAGRFJIC01,AGRWATFJI,1,2041,0.0001
GLOBAL,LNDAGRFJIC01,AGRWATFJI,1,2042,0.0001
GLOBAL,LNDAGRFJIC01,AGRWATFJI,1,2043,0.0001
GLOBAL,LNDAGRFJIC01,AGRWATFJI,1,2044,0.0001
GLOBAL,LNDAGRFJIC01,AGRWATFJI,1,2045,0.0001
GLOBAL,LNDAGRFJIC01,AGRWATFJI,1,2046,0.0001
GLOBAL,LNDAGRFJIC01,AGRWATFJI,1,2047,0.0001
GLOBAL,LNDAGRFJIC01,AGRWATFJI,1,2048,0.0001
GLOBAL,LNDAGRFJIC01,AGRWATFJI,1,2049,0.0001
GLOBAL,LNDAGRFJIC01,AGRWATFJI,1,2050,0.0001
GLOBAL,LNDAGRFJIC01,LYAMLRTOT,2,2020,1
GLOBAL,LNDAGRFJIC01,LYAMLRTOT,2,2021,1
GLOBAL,LNDAGRFJIC01,LYAMLRTOT,2,2022,1
GLOBAL,LNDAGRFJIC01,LYAMLRTOT,2,2023,1
GLOBAL,LNDAGRFJIC01,LYAMLRTOT,2,2024,1
GLOBAL,LNDAGRFJIC01,LYAMLRTOT,2,2025,1
GLOBAL,LNDAGRFJIC01,LYAMLRTOT,2,2026,1
GLOBAL,LNDAGRFJIC01,LYAMLRTOT,2,2027,1
GLOBAL,LNDAGRFJIC01,LYAMLRTOT,2,2028,1
GLOBAL,LNDAGRFJIC01,LYAMLRTOT,2,2029,1
GLOBAL,LNDAGRFJIC01,LYAMLRTOT,2,2030,1
GLOBAL,LNDAGRFJIC01,LYAMLRTOT,2,2031,1
GLOBAL,LNDAGRFJIC01,LYAMLRTOT,2,2032,1
GLOBAL,LNDAGRFJIC01,LYAMLRTOT,2,2033,1
GLOBAL,LNDAGRFJIC01,LYAMLRTOT,2,2034,1
GLOBAL,LNDAGRFJIC01,LYAMLRTOT,2,2035,1
GLOBAL,LNDAGRFJIC01,LYAMLRTOT,2,2036,1
GLOBAL,LNDAGRFJIC01,LYAMLRTOT,2,2037,1
GLOBAL,LNDAGRFJIC01,LYAMLRTOT,2,2038,1
GLOBAL,LNDAGRFJIC01,LYAMLRTOT,2,2039,1
GLOBAL,LNDAGRFJIC01,LYAMLRTOT,2,2040,1
GLOBAL,LNDAGRFJIC01,LYAMLRTOT,2,2041,1
GLOBAL,LNDAGRFJIC01,LYAMLRTOT,2,2042,1
GLOBAL,LNDAGRFJIC01,LYAMLRTOT,2,2043,1
GLOBAL,LNDAGRFJIC01,LYAMLRTOT,2,2044,1
GLOBAL,LNDAGRFJIC01,LYAMLRTOT,2,2045,1
GLOBAL,LNDAGRFJIC01,LYAMLRTOT,2,2046,1
GLOBAL,LNDAGRFJIC01,LYAMLRTOT,2,2047,1
GLOBAL,LNDAGRFJIC01,LYAMLRTOT,2,2048,1
GLOBAL,LNDAGRFJIC01,LYAMLRTOT,2,2049,1
GLOBAL,LNDAGRFJIC01,LYAMLRTOT,2,2050,1
GLOBAL,LNDAGRFJIC01,WTRPRCFJI,2,2020,2.7
GLOBAL,LNDAGRFJIC01,WTRPRCFJI,2,2021,2.7
GLOBAL,LNDAGRFJIC01,WTRPRCFJI,2,2022,2.7
GLOBAL,LNDAGRFJIC01,WTRPRCFJI,2,2023,2.7
GLOBAL,LNDAGRFJIC01,WTRPRCFJI,2,2024,2.7
GLOBAL,LNDAGRFJIC01,WTRPRCFJI,2,2025,2.7
GLOBAL,LNDAGRFJIC01,WTRPRCFJI,2,2026,2.7
GLOBAL,LNDAGRFJIC01,WTRPRCFJI,2,2027,2.7
GLOBAL,LNDAGRFJIC01,WTRPRCFJI,2,2028,2.7
GLOBAL,LNDAGRFJIC01,WTRPRCFJI,2,2029,2.7
GLOBAL,LNDAGRFJIC01,WTRPRCFJI,2,2030,2.7
GLOBAL,LNDAGRFJIC01,WTRPRCFJI,2,2031,2.7
GLOBAL,LNDAGRFJIC01,WTRPRCFJI,2,2032,2.7
GLOBAL,LNDAGRFJIC01,WTRPRCFJI,2,2033,2.7
GLOBAL,LNDAGRFJIC01,WTRPRCFJI,2,2034,2.7
GLOBAL,LNDAGRFJIC01,WTRPRCFJI,2,2035,2.7
GLOBAL,LNDAGRFJIC01,WTRPRCFJI,2,2036,2.7
GLOBAL,LNDAGRFJIC01,WTRPRCFJI,2,2037,2.7
GLOBAL,LNDAGRFJIC01,WTRPRCFJI,2,2038,2.7
GLOBAL,LNDAGRFJIC01,WTRPRCFJI,2,2039,2.7
GLOBAL,LNDAGRFJIC01,WTRPRCFJI,2,2040,2.7
GLOBAL,LNDAGRFJIC01,WTRPRCFJI,2,2041,2.7
GLOBAL,LNDAGRFJIC01,WTRPRCFJI,2,2042,2.7
GLOBAL,LNDAGRFJIC01,WTRPRCFJI,2,2043,2.7
GLOBAL,LNDAGRFJIC01,WTRPRCFJI,2,2044,2.7
GLOBAL,LNDAGRFJIC01,WTRPRCFJI,2,2045,2.7
GLOBAL,LNDAGRFJIC01,WTRPRCFJI,2,2046,2.7
GLOBAL,LNDAGRFJIC01,WTRPRCFJI,2,2047,2.7
GLOBAL,LNDAGRFJIC01,WTRPRCFJI,2,2048,2.7
GLOBAL,LNDAGRFJIC01,WTRPRCFJI,2,2049,2.7
GLOBAL,LNDAGRFJIC01,WTRPRCFJI,2,2050,2.7
GLOBAL,LNDAGRFJIC01,AGRWATFJI,2,2022,0
GLOBAL,LNDAGRFJIC01,AGRWATFJI,2,2024,0
GLOBAL,LNDAGRFJIC01,AGRWATFJI,2,2026,0
GLOBAL,LNDAGRFJIC01,AGRWATFJI,2,2028,0
GLOBAL,LNDAGRFJIC01,AGRWATFJI,2,2030,0
GLOBAL,LNDAGRFJIC01,AGRWATFJI,2,2032,0
GLOBAL,LNDAGRFJIC01,AGRWATFJI,2,2034,0
GLOBAL,LNDAGRFJIC01,AGRWATFJI,2,2036,0
GLOBAL,LNDAGRFJIC01,AGRWATFJI,2,2038,0
GLOBAL,LNDAGRFJIC01,AGRWATFJI,2,2040,0
GLOBAL,LNDAGRFJIC01,AGRWATFJI,2,2042,0
GLOBAL,LNDAGRFJIC01,AGRWATFJI,2,2044,0
GLOBAL,LNDAGRFJIC01,AGRWATFJI,2,2046,0
GLOBAL,LNDAGRFJIC01,AGRWATFJI,2,2048,0
GLOBAL,LNDAGRFJIC01,AGRWATFJI,2,2050,0
GLOBAL,LNDAGRFJIC01,LCONLRTOT,3,2020,1
GLOBAL,LNDAGRFJIC01,LCONLRTOT,3,2021,1
GLOBAL,LNDAGRFJIC01,LCONLRTOT,3,2022,1
GLOBAL,LNDAGRFJIC01,LCONLRTOT,3,2023,1
GLOBAL,LNDAGRFJIC01,LCONLRTOT,3,2024,1
GLOBAL,LNDAGRFJIC01,LCONLRTOT,3,2025,1
GLOBAL,LNDAGRFJIC01,LCONLRTOT,3,2026,1
GLOBAL,LNDAGRFJIC01,LCONLRTOT,3,2027,1
GLOBAL,LNDAGRFJIC01,LCONLRTOT,3,2028,1
GLOBAL,LNDAGRFJIC01,LCONLRTOT,3,2029,1
GLOBAL,LNDAGRFJIC01,LCONLRTOT,3,2030,1
GLOBAL,LNDAGRFJIC01,LCONLRTOT,3,2031,1
GLOBAL,LNDAGRFJIC01,LCONLRTOT,3,2032,1
GLOBAL,LNDAGRFJIC01,LCONLRTOT,3,2033,1
GLOBAL,LNDAGRFJIC01,LCONLRTOT,3,2034,1
GLOBAL,LNDAGRFJIC01,LCONLRTOT,3,2035,1
GLOBAL,LNDAGRFJIC01,LCONLRTOT,3,2036,1
GLOBAL,LNDAGRFJIC01,LCONLRTOT,3,2037,1
GLOBAL,LNDAGRFJIC01,LCONLRTOT,3,2038,1
GLOBAL,LNDAGRFJIC01,LCONLRTOT,3,2039,1
GLOBAL,LNDAGRFJIC01,LCONLRTOT,3,2040,1
GLOBAL,LNDAGRFJIC01,LCONLRTOT,3,2041,1
GLOBAL,LNDAGRFJIC01,LCONLRTOT,3,2042,1
GLOBAL,LNDAGRFJIC01,LCONLRTOT,3,2043,1
GLOBAL,LNDAGRFJIC01,LCONLRTOT,3,2044,1
GLOBAL,LNDAGRFJIC01,LCONLRTOT,3,2045,1
GLOBAL,LNDAGRFJIC01,LCONLRTOT,3,2046,1
GLOBAL,LNDAGRFJIC01,LCONLRTOT,3,2047,1
GLOBAL,LNDAGRFJIC01,LCONLRTOT,3,2048,1
GLOBAL,LNDAGRFJIC01,LCONLRTOT,3,2049,1
GLOBAL,LNDAGRFJIC01,LCONLRTOT,3,2050,1
GLOBAL,LNDAGRFJIC01,WTRPRCFJI,3,2020,2.7
GLOBAL,LNDAGRFJIC01,WTRPRCFJI,3,2021,2.7
GLOBAL,LNDAGRFJIC01,WTRPRCFJI,3,2022,2.7
GLOBAL,LNDAGRFJIC01,WTRPRCFJI,3,2023,2.7
GLOBAL,LNDAGRFJIC01,WTRPRCFJI,3,2024,2.7
GLOBAL,LNDAGRFJIC01,WTRPRCFJI,3,2025,2.7
GLOBAL,LNDAGRFJIC01,WTRPRCFJI,3,2026,2.7
GLOBAL,LNDAGRFJIC01,WTRPRCFJI,3,2027,2.7
GLOBAL,LNDAGRFJIC01,WTRPRCFJI,3,2028,2.7
GLOBAL,LNDAGRFJIC01,WTRPRCFJI,3,2029,2.7
GLOBAL,LNDAGRFJIC01,WTRPRCFJI,3,2030,2.7
GLOBAL,LNDAGRFJIC01,WTRPRCFJI,3,2031,2.7
GLOBAL,LNDAGRFJIC01,WTRPRCFJI,3,2032,2.7
GLOBAL,LNDAGRFJIC01,WTRPRCFJI,3,2033,2.7
GLOBAL,LNDAGRFJIC01,WTRPRCFJI,3,2034,2.7
GLOBAL,LNDAGRFJIC01,WTRPRCFJI,3,2035,2.7
GLOBAL,LNDAGRFJIC01,WTRPRCFJI,3,2036,2.7
GLOBAL,LNDAGRFJIC01,WTRPRCFJI,3,2037,2.7
GLOBAL,LNDAGRFJIC01,WTRPRCFJI,3,2038,2.7
GLOBAL,LNDAGRFJIC01,WTRPRCFJI,3,2039,2.7
GLOBAL,LNDAGRFJIC01,WTRPRCFJI,3,2040,2.7
GLOBAL,LNDAGRFJIC01,WTRPRCFJI,3,2041,2.7
GLOBAL,LNDAGRFJIC01,WTRPRCFJI,3,2042,2.7
GLOBAL,LNDAGRFJIC01,WTRPRCFJI,3,2043,2.7
GLOBAL,LNDAGRFJIC01,WTRPRCFJI,3,2044,2.7
GLOBAL,LNDAGRFJIC01,WTRPRCFJI,3,2045,2.7
GLOBAL,LNDAGRFJIC01,WTRPRCFJI,3,2046,2.7
GLOBAL,LNDAGRFJIC01,WTRPRCFJI,3,2047,2.7
GLOBAL,LNDAGRFJIC01,WTRPRCFJI,3,2048,2.7
GLOBAL,LNDAGRFJIC01,WTRPRCFJI,3,2049,2.7
GLOBAL,LNDAGRFJIC01,WTRPRCFJI,3,2050,2.7
GLOBAL,LNDAGRFJIC01,AGRWATFJI,3,2022,0
GLOBAL,LNDAGRFJIC01,AGRWATFJI,3,2024,0
GLOBAL,LNDAGRFJIC01,AGRWATFJI,3,2026,0
GLOBAL,LNDAGRFJIC01,AGRWATFJI,3,2028,0
GLOBAL,LNDAGRFJIC01,AGRWATFJI,3,2030,0
GLOBAL,LNDAGRFJIC01,AGRWATFJI,3,2032,0
GLOBAL,LNDAGRFJIC01,AGRWATFJI,3,2034,0
GLOBAL,LNDAGRFJIC01,AGRWATFJI,3,2036,0
GLOBAL,LNDAGRFJIC01,AGRWATFJI,3,2038,0
GLOBAL,LNDAGRFJIC01,AGRWATFJI,3,2040,0
GLOBAL,LNDAGRFJIC01,AGRWATFJI,3,2042,0
GLOBAL,LNDAGRFJIC01,AGRWATFJI,3,2044,0
GLOBAL,LNDAGRFJIC01,AGRWATFJI,3,2046,0
GLOBAL,LNDAGRFJIC01,AGRWATFJI,3,2048,0
GLOBAL,LNDAGRFJIC01,AGRWATFJI,3,2050,0
GLOBAL,LNDAGRFJIC01,LCASHITOT,4,2020,1
GLOBAL,LNDAGRFJIC01,LCASHITOT,4,2021,1
GLOBAL,LNDAGRFJIC01,LCASHITOT,4,2022,1
GLOBAL,LNDAGRFJIC01,LCASHITOT,4,2023,1
GLOBAL,LNDAGRFJIC01,LCASHITOT,4,2024,1
GLOBAL,LNDAGRFJIC01,LCASHITOT,4,2025,1
GLOBAL,LNDAGRFJIC01,LCASHITOT,4,2026,1
GLOBAL,LNDAGRFJIC01,LCASHITOT,4,2027,1
GLOBAL,LNDAGRFJIC01,LCASHITOT,4,2028,1
GLOBAL,LNDAGRFJIC01,LCASHITOT,4,2029,1
GLOBAL,LNDAGRFJIC01,LCASHITOT,4,2030,1
GLOBAL,LNDAGRFJIC01,LCASHITOT,4,2031,1
GLOBAL,LNDAGRFJIC01,LCASHITOT,4,2032,1
GLOBAL,LNDAGRFJIC01,LCASHITOT,4,2033,1
GLOBAL,LNDAGRFJIC01,LCASHITOT,4,2034,1
GLOBAL,LNDAGRFJIC01,LCASHITOT,4,2035,1
GLOBAL,LNDAGRFJIC01,LCASHITOT,4,2036,1
GLOBAL,LNDAGRFJIC01,LCASHITOT,4,2037,1
GLOBAL,LNDAGRFJIC01,LCASHITOT,4,2038,1
GLOBAL,LNDAGRFJIC01,LCASHITOT,4,2039,1
GLOBAL,LNDAGRFJIC01,LCASHITOT,4,2040,1
GLOBAL,LNDAGRFJIC01,LCASHITOT,4,2041,1
GLOBAL,LNDAGRFJIC01,LCASHITOT,4,2042,1
GLOBAL,LNDAGRFJIC01,LCASHITOT,4,2043,1
GLOBAL,LNDAGRFJIC01,LCASHITOT,4,2044,1
GLOBAL,LNDAGRFJIC01,LCASHITOT,4,2045,1
GLOBAL,LNDAGRFJIC01,LCASHITOT,4,2046,1
GLOBAL,LNDAGRFJIC01,LCASHITOT,4,2047,1
GLOBAL,LNDAGRFJIC01,LCASHITOT,4,2048,1
GLOBAL,LNDAGRFJIC01,LCASHITOT,4,2049,1
GLOBAL,LNDAGRFJIC01,LCASHITOT,4,2050,1
GLOBAL,LNDAGRFJIC01,WTRPRCFJI,4,2020,2.7
GLOBAL,LNDAGRFJIC01,WTRPRCFJI,4,2021,2.7
GLOBAL,LNDAGRFJIC01,WTRPRCFJI,4,2022,2.7
GLOBAL,LNDAGRFJIC01,WTRPRCFJI,4,2023,2.7
GLOBAL,LNDAGRFJIC01,WTRPRCFJI,4,2024,2.7
GLOBAL,LNDAGRFJIC01,WTRPRCFJI,4,2025,2.7
GLOBAL,LNDAGRFJIC01,WTRPRCFJI,4,2026,2.7
GLOBAL,LNDAGRFJIC01,WTRPRCFJI,4,2027,2.7
GLOBAL,LNDAGRFJIC01,WTRPRCFJI,4,2028,2.7
GLOBAL,LNDAGRFJIC01,WTRPRCFJI,4,2029,2.7
GLOBAL,LNDAGRFJIC01,WTRPRCFJI,4,2030,2.7
GLOBAL,LNDAGRFJIC01,WTRPRCFJI,4,2031,2.7
GLOBAL,LNDAGRFJIC01,WTRPRCFJI,4,2032,2.7
GLOBAL,LNDAGRFJIC01,WTRPRCFJI,4,2033,2.7
GLOBAL,LNDAGRFJIC01,WTRPRCFJI,4,2034,2.7
GLOBAL,LNDAGRFJIC01,WTRPRCFJI,4,2035,2.7
GLOBAL,LNDAGRFJIC01,WTRPRCFJI,4,2036,2.7
GLOBAL,LNDAGRFJIC01,WTRPRCFJI,4,2037,2.7
GLOBAL,LNDAGRFJIC01,WTRPRCFJI,4,2038,2.7
GLOBAL,LNDAGRFJIC01,WTRPRCFJI,4,2039,2.7
GLOBAL,LNDAGRFJIC01,WTRPRCFJI,4,2040,2.7
GLOBAL,LNDAGRFJIC01,WTRPRCFJI,4,2041,2.7
GLOBAL,LNDAGRFJIC01,WTRPRCFJI,4,2042,2.7
GLOBAL,LNDAGRFJIC01,WTRPRCFJI,4,2043,2.7
GLOBAL,LNDAGRFJIC01,WTRPRCFJI,4,2044,2.7
GLOBAL,LNDAGRFJIC01,WTRPRCFJI,4,2045,2.7
GLOBAL,LNDAGRFJIC01,WTRPRCFJI,4,2046,2.7
GLOBAL,LNDAGRFJIC01,WTRPRCFJI,4,2047,2.7
GLOBAL,LNDAGRFJIC01,WTRPRCFJI,4,2048,2.7
GLOBAL,LNDAGRFJIC01,WTRPRCFJI,4,2049,2.7
GLOBAL,LNDAGRFJIC01,WTRPRCFJI,4,2050,2.7
GLOBAL,LNDAGRFJIC01,AGRWATFJI,4,2020,0.046
GLOBAL,LNDAGRFJIC01,AGRWATFJI,4,2021,0.046
GLOBAL,LNDAGRFJIC01,AGRWATFJI,4,2022,0.046
GLOBAL,LNDAGRFJIC01,AGRWATFJI,4,2023,0.046
GLOBAL,LNDAGRFJIC01,AGRWATFJI,4,2024,0.046
GLOBAL,LNDAGRFJIC01,AGRWATFJI,4,2025,0.046
GLOBAL,LNDAGRFJIC01,AGRWATFJI,4,2026,0.046
GLOBAL,LNDAGRFJIC01,AGRWATFJI,4,2027,0.046
GLOBAL,LNDAGRFJIC01,AGRWATFJI,4,2028,0.046
GLOBAL,LNDAGRFJIC01,AGRWATFJI,4,2029,0.046
GLOBAL,LNDAGRFJIC01,AGRWATFJI,4,2030,0.046
GLOBAL,LNDAGRFJIC01,AGRWATFJI,4,2031,0.046
GLOBAL,LNDAGRFJIC01,AGRWATFJI,4,2032,0.046
GLOBAL,LNDAGRFJIC01,AGRWATFJI,4,2033,0.046
GLOBAL,LNDAGRFJIC01,AGRWATFJI,4,2034,0.046
GLOBAL,LNDAGRFJIC01,AGRWATFJI,4,2035,0.046
GLOBAL,LNDAGRFJIC01,AGRWATFJI,4,2036,0.046
GLOBAL,LNDAGRFJIC01,AGRWATFJI,4,2037,0.046
GLOBAL,LNDAGRFJIC01,AGRWATFJI,4,2038,0.046
GLOBAL,LNDAGRFJIC01,AGRWATFJI,4,2039,0.046
GLOBAL,LNDAGRFJIC01,AGRWATFJI,4,2040,0.046
GLOBAL,LNDAGRFJIC01,AGRWATFJI,4,2041,0.046
GLOBAL,LNDAGRFJIC01,AGRWATFJI,4,2042,0.046
GLOBAL,LNDAGRFJIC01,AGRWATFJI,4,2043,0.046
GLOBAL,LNDAGRFJIC01,AGRWATFJI,4,2044,0.046
GLOBAL,LNDAGRFJIC01,AGRWATFJI,4,2045,0.046
GLOBAL,LNDAGRFJIC01,AGRWATFJI,4,2046,0.046
GLOBAL,LNDAGRFJIC01,AGRWATFJI,4,2047,0.046
GLOBAL,LNDAGRFJIC01,AGRWATFJI,4,2048,0.046
GLOBAL,LNDAGRFJIC01,AGRWATFJI,4,2049,0.046
GLOBAL,LNDAGRFJIC01,AGRWATFJI,4,2050,0.046
GLOBAL,LNDAGRFJIC01,LCASLRTOT,5,2020,1
GLOBAL,LNDAGRFJIC01,LCASLRTOT,5,2021,1
GLOBAL,LNDAGRFJIC01,LCASLRTOT,5,2022,1
GLOBAL,LNDAGRFJIC01,LCASLRTOT,5,2023,1
GLOBAL,LNDAGRFJIC01,LCASLRTOT,5,2024,1
GLOBAL,LNDAGRFJIC01,LCASLRTOT,5,2025,1
GLOBAL,LNDAGRFJIC01,LCASLRTOT,5,2026,1
GLOBAL,LNDAGRFJIC01,LCASLRTOT,5,2027,1
GLOBAL,LNDAGRFJIC01,LCASLRTOT,5,2028,1
GLOBAL,LNDAGRFJIC01,LCASLRTOT,5,2029,1
GLOBAL,LNDAGRFJIC01,LCASLRTOT,5,2030,1
GLOBAL,LNDAGRFJIC01,LCASLRTOT,5,2031,1
GLOBAL,LNDAGRFJIC01,LCASLRTOT,5,2032,1
GLOBAL,LNDAGRFJIC01,LCASLRTOT,5,2033,1
GLOBAL,LNDAGRFJIC01,LCASLRTOT,5,2034,1
GLOBAL,LNDAGRFJIC01,LCASLRTOT,5,2035,1
GLOBAL,LNDAGRFJIC01,LCASLRTOT,5,2036,1
GLOBAL,LNDAGRFJIC01,LCASLRTOT,5,2037,1
GLOBAL,LNDAGRFJIC01,LCASLRTOT,5,2038,1
GLOBAL,LNDAGRFJIC01,LCASLRTOT,5,2039,1
GLOBAL,LNDAGRFJIC01,LCASLRTOT,5,2040,1
GLOBAL,LNDAGRFJIC01,LCASLRTOT,5,2041,1
GLOBAL,LNDAGRFJIC01,LCASLRTOT,5,2042,1
GLOBAL,LNDAGRFJIC01,LCASLRTOT,5,2043,1
GLOBAL,LNDAGRFJIC01,LCASLRTOT,5,2044,1
GLOBAL,LNDAGRFJIC01,LCASLRTOT,5,2045,1
GLOBAL,LNDAGRFJIC01,LCASLRTOT,5,2046,1
GLOBAL,LNDAGRFJIC01,LCASLRTOT,5,2047,1
GLOBAL,LNDAGRFJIC01,LCASLRTOT,5,2048,1
GLOBAL,LNDAGRFJIC01,LCASLRTOT,5,2049,1
GLOBAL,LNDAGRFJIC01,LCASLRTOT,5,2050,1
GLOBAL,LNDAGRFJIC01,WTRPRCFJI,5,2020,2.7
GLOBAL,LNDAGRFJIC01,WTRPRCFJI,5,2021,2.7
GLOBAL,LNDAGRFJIC01,WTRPRCFJI,5,2022,2.7
GLOBAL,LNDAGRFJIC01,WTRPRCFJI,5,2023,2.7
GLOBAL,LNDAGRFJIC01,WTRPRCFJI,5,2024,2.7
GLOBAL,LNDAGRFJIC01,WTRPRCFJI,5,2025,2.7
GLOBAL,LNDAGRFJIC01,WTRPRCFJI,5,2026,2.7
GLOBAL,LNDAGRFJIC01,WTRPRCFJI,5,2027,2.7
GLOBAL,LNDAGRFJIC01,WTRPRCFJI,5,2028,2.7
GLOBAL,LNDAGRFJIC01,WTRPRCFJI,5,2029,2.7
GLOBAL,LNDAGRFJIC01,WTRPRCFJI,5,2030,2.7
GLOBAL,LNDAGRFJIC01,WTRPRCFJI,5,2031,2.7
GLOBAL,LNDAGRFJIC01,WTRPRCFJI,5,2032,2.7
GLOBAL,LNDAGRFJIC01,WTRPRCFJI,5,2033,2.7
GLOBAL,LNDAGRFJIC01,WTRPRCFJI,5,2034,2.7
GLOBAL,LNDAGRFJIC01,WTRPRCFJI,5,2035,2.7
GLOBAL,LNDAGRFJIC01,WTRPRCFJI,5,2036,2.7
GLOBAL,LNDAGRFJIC01,WTRPRCFJI,5,2037,2.7
GLOBAL,LNDAGRFJIC01,WTRPRCFJI,5,2038,2.7
GLOBAL,LNDAGRFJIC01,WTRPRCFJI,5,2039,2.7
GLOBAL,LNDAGRFJIC01,WTRPRCFJI,5,2040,2.7
GLOBAL,LNDAGRFJIC01,WTRPRCFJI,5,2041,2.7
GLOBAL,LNDAGRFJIC01,WTRPRCFJI,5,2042,2.7
GLOBAL,LNDAGRFJIC01,WTRPRCFJI,5,2043,2.7
GLOBAL,LNDAGRFJIC01,WTRPRCFJI,5,2044,2.7
GLOBAL,LNDAGRFJIC01,WTRPRCFJI,5,2045,2.7
GLOBAL,LNDAGRFJIC01,WTRPRCFJI,5,2046,2.7
GLOBAL,LNDAGRFJIC01,WTRPRCFJI,5,2047,2.7
GLOBAL,LNDAGRFJIC01,WTRPRCFJI,5,2048,2.7
GLOBAL,LNDAGRFJIC01,WTRPRCFJI,5,2049,2.7
GLOBAL,LNDAGRFJIC01,WTRPRCFJI,5,2050,2.7
GLOBAL,LNDAGRFJIC01,AGRWATFJI,5,2022,0
GLOBAL,LNDAGRFJIC01,AGRWATFJI,5,2024,0
GLOBAL,LNDAGRFJIC01,AGRWATFJI,5,2026,0
GLOBAL,LNDAGRFJIC01,AGRWATFJI,5,2028,0
GLOBAL,LNDAGRFJIC01,AGRWATFJI,5,2030,0
GLOBAL,LNDAGRFJIC01,AGRWATFJI,5,2032,0
GLOBAL,LNDAGRFJIC01,AGRWATFJI,5,2034,0
GLOBAL,LNDAGRFJIC01,AGRWATFJI,5,2036,0
GLOBAL,LNDAGRFJIC01,AGRWATFJI,5,2038,0
GLOBAL,LNDAGRFJIC01,AGRWATFJI,5,2040,0
GLOBAL,LNDAGRFJIC01,AGRWATFJI,5,2042,0
GLOBAL,LNDAGRFJIC01,AGRWATFJI,5,2044,0
GLOBAL,LNDAGRFJIC01,AGRWATFJI,5,2046,0
GLOBAL,LNDAGRFJIC01,AGRWATFJI,5,2048,0
GLOBAL,LNDAGRFJIC01,AGRWATFJI,5,2050,0
GLOBAL,LNDAGRFJIC01,LSGCHITOT,6,2020,1
GLOBAL,LNDAGRFJIC01,LSGCHITOT,6,2021,1
GLOBAL,LNDAGRFJIC01,LSGCHITOT,6,2022,1
GLOBAL,LNDAGRFJIC01,LSGCHITOT,6,2023,1
GLOBAL,LNDAGRFJIC01,LSGCHITOT,6,2024,1
GLOBAL,LNDAGRFJIC01,LSGCHITOT,6,2025,1
GLOBAL,LNDAGRFJIC01,LSGCHITOT,6,2026,1
GLOBAL,LNDAGRFJIC01,LSGCHITOT,6,2027,1
GLOBAL,LNDAGRFJIC01,LSGCHITOT,6,2028,1
GLOBAL,LNDAGRFJIC01,LSGCHITOT,6,2029,1
GLOBAL,LNDAGRFJIC01,LSGCHITOT,6,2030,1
GLOBAL,LNDAGRFJIC01,LSGCHITOT,6,2031,1
GLOBAL,LNDAGRFJIC01,LSGCHITOT,6,2032,1
GLOBAL,LNDAGRFJIC01,LSGCHITOT,6,2033,1
GLOBAL,LNDAGRFJIC01,LSGCHITOT,6,2034,1
GLOBAL,LNDAGRFJIC01,LSGCHITOT,6,2035,1
GLOBAL,LNDAGRFJIC01,LSGCHITOT,6,2036,1
GLOBAL,LNDAGRFJIC01,LSGCHITOT,6,2037,1
GLOBAL,LNDAGRFJIC01,LSGCHITOT,6,2038,1
GLOBAL,LNDAGRFJIC01,LSGCHITOT,6,2039,1
GLOBAL,LNDAGRFJIC01,LSGCHITOT,6,2040,1
GLOBAL,LNDAGRFJIC01,LSGCHITOT,6,2041,1
GLOBAL,LNDAGRFJIC01,LSGCHITOT,6,2042,1
GLOBAL,LNDAGRFJIC01,LSGCHITOT,6,2043,1
GLOBAL,LNDAGRFJIC01,LSGCHITOT,6,2044,1
GLOBAL,LNDAGRFJIC01,LSGCHITOT,6,2045,1
GLOBAL,LNDAGRFJIC01,LSGCHITOT,6,2046,1
GLOBAL,LNDAGRFJIC01,LSGCHITOT,6,2047,1
GLOBAL,LNDAGRFJIC01,LSGCHITOT,6,2048,1
GLOBAL,LNDAGRFJIC01,LSGCHITOT,6,2049,1
GLOBAL,LNDAGRFJIC01,LSGCHITOT,6,2050,1
GLOBAL,LNDAGRFJIC01,WTRPRCFJI,6,2020,2.7
GLOBAL,LNDAGRFJIC01,WTRPRCFJI,6,2021,2.7
GLOBAL,LNDAGRFJIC01,WTRPRCFJI,6,2022,2.7
GLOBAL,LNDAGRFJIC01,WTRPRCFJI,6,2023,2.7
GLOBAL,LNDAGRFJIC01,WTRPRCFJI,6,2024,2.7
GLOBAL,LNDAGRFJIC01,WTRPRCFJI,6,2025,2.7
GLOBAL,LNDAGRFJIC01,WTRPRCFJI,6,2026,2.7
GLOBAL,LNDAGRFJIC01,WTRPRCFJI,6,2027,2.7
GLOBAL,LNDAGRFJIC01,WTRPRCFJI,6,2028,2.7
GLOBAL,LNDAGRFJIC01,WTRPRCFJI,6,2029,2.7
GLOBAL,LNDAGRFJIC01,WTRPRCFJI,6,2030,2.7
GLOBAL,LNDAGRFJIC01,WTRPRCFJI,6,2031,2.7
GLOBAL,LNDAGRFJIC01,WTRPRCFJI,6,2032,2.7
GLOBAL,LNDAGRFJIC01,WTRPRCFJI,6,2033,2.7
GLOBAL,LNDAGRFJIC01,WTRPRCFJI,6,2034,2.7
GLOBAL,LNDAGRFJIC01,WTRPRCFJI,6,2035,2.7
GLOBAL,LNDAGRFJIC01,WTRPRCFJI,6,2036,2.7
GLOBAL,LNDAGRFJIC01,WTRPRCFJI,6,2037,2.7
GLOBAL,LNDAGRFJIC01,WTRPRCFJI,6,2038,2.7
GLOBAL,LNDAGRFJIC01,WTRPRCFJI,6,2039,2.7
GLOBAL,LNDAGRFJIC01,WTRPRCFJI,6,2040,2.7
GLOBAL,LNDAGRFJIC01,WTRPRCFJI,6,2041,2.7
GLOBAL,LNDAGRFJIC01,WTRPRCFJI,6,2042,2.7
GLOBAL,LNDAGRFJIC01,WTRPRCFJI,6,2043,2.7
GLOBAL,LNDAGRFJIC01,WTRPRCFJI,6,2044,2.7
GLOBAL,LNDAGRFJIC01,WTRPRCFJI,6,2045,2.7
GLOBAL,LNDAGRFJIC01,WTRPRCFJI,6,2046,2.7
GLOBAL,LNDAGRFJIC01,WTRPRCFJI,6,2047,2.7
GLOBAL,LNDAGRFJIC01,WTRPRCFJI,6,2048,2.7
GLOBAL,LNDAGRFJIC01,WTRPRCFJI,6,2049,2.7
GLOBAL,LNDAGRFJIC01,WTRPRCFJI,6,2050,2.7
GLOBAL,LNDAGRFJIC01,AGRWATFJI,6,2020,0.25
GLOBAL,LNDAGRFJIC01,AGRWATFJI,6,2021,0.25
GLOBAL,LNDAGRFJIC01,AGRWATFJI,6,2022,0.25
GLOBAL,LNDAGRFJIC01,AGRWATFJI,6,2023,0.25
GLOBAL,LNDAGRFJIC01,AGRWATFJI,6,2024,0.25
GLOBAL,LNDAGRFJIC01,AGRWATFJI,6,2025,0.25
GLOBAL,LNDAGRFJIC01,AGRWATFJI,6,2026,0.25
GLOBAL,LNDAGRFJIC01,AGRWATFJI,6,2027,0.25
GLOBAL,LNDAGRFJIC01,AGRWATFJI,6,2028,0.25
GLOBAL,LNDAGRFJIC01,AGRWATFJI,6,2029,0.25
GLOBAL,LNDAGRFJIC01,AGRWATFJI,6,2030,0.25
GLOBAL,LNDAGRFJIC01,AGRWATFJI,6,2031,0.25
GLOBAL,LNDAGRFJIC01,AGRWATFJI,6,2032,0.25
GLOBAL,LNDAGRFJIC01,AGRWATFJI,6,2033,0.25
GLOBAL,LNDAGRFJIC01,AGRWATFJI,6,2034,0.25
GLOBAL,LNDAGRFJIC01,AGRWATFJI,6,2035,0.25
GLOBAL,LNDAGRFJIC01,AGRWATFJI,6,2036,0.25
GLOBAL,LNDAGRFJIC01,AGRWATFJI,6,2037,0.25
GLOBAL,LNDAGRFJIC01,AGRWATFJI,6,2038,0.25
GLOBAL,LNDAGRFJIC01,AGRWATFJI,6,2039,0.25
GLOBAL,LNDAGRFJIC01,AGRWATFJI,6,2040,0.25
GLOBAL,LNDAGRFJIC01,AGRWATFJI,6,2041,0.25
GLOBAL,LNDAGRFJIC01,AGRWATFJI,6,2042,0.25
GLOBAL,LNDAGRFJIC01,AGRWATFJI,6,2043,0.25
GLOBAL,LNDAGRFJIC01,AGRWATFJI,6,2044,0.25
GLOBAL,LNDAGRFJIC01,AGRWATFJI,6,2045,0.25
GLOBAL,LNDAGRFJIC01,AGRWATFJI,6,2046,0.25
GLOBAL,LNDAGRFJIC01,AGRWATFJI,6,2047,0.25
GLOBAL,LNDAGRFJIC01,AGRWATFJI,6,2048,0.25
GLOBAL,LNDAGRFJIC01,AGRWATFJI,6,2049,0.25
GLOBAL,LNDAGRFJIC01,AGRWATFJI,6,2050,0.25
GLOBAL,LNDAGRFJIC01,LSGCLITOT,7,2020,1
GLOBAL,LNDAGRFJIC01,LSGCLITOT,7,2021,1
GLOBAL,LNDAGRFJIC01,LSGCLITOT,7,2022,1
GLOBAL,LNDAGRFJIC01,LSGCLITOT,7,2023,1
GLOBAL,LNDAGRFJIC01,LSGCLITOT,7,2024,1
GLOBAL,LNDAGRFJIC01,LSGCLITOT,7,2025,1
GLOBAL,LNDAGRFJIC01,LSGCLITOT,7,2026,1
GLOBAL,LNDAGRFJIC01,LSGCLITOT,7,2027,1
GLOBAL,LNDAGRFJIC01,LSGCLITOT,7,2028,1
GLOBAL,LNDAGRFJIC01,LSGCLITOT,7,2029,1
GLOBAL,LNDAGRFJIC01,LSGCLITOT,7,2030,1
GLOBAL,LNDAGRFJIC01,LSGCLITOT,7,2031,1
GLOBAL,LNDAGRFJIC01,LSGCLITOT,7,2032,1
GLOBAL,LNDAGRFJIC01,LSGCLITOT,7,2033,1
GLOBAL,LNDAGRFJIC01,LSGCLITOT,7,2034,1
GLOBAL,LNDAGRFJIC01,LSGCLITOT,7,2035,1
GLOBAL,LNDAGRFJIC01,LSGCLITOT,7,2036,1
GLOBAL,LNDAGRFJIC01,LSGCLITOT,7,2037,1
GLOBAL,LNDAGRFJIC01,LSGCLITOT,7,2038,1
GLOBAL,LNDAGRFJIC01,LSGCLITOT,7,2039,1
GLOBAL,LNDAGRFJIC01,LSGCLITOT,7,2040,1
GLOBAL,LNDAGRFJIC01,LSGCLITOT,7,2041,1
GLOBAL,LNDAGRFJIC01,LSGCLITOT,7,2042,1
GLOBAL,LNDAGRFJIC01,LSGCLITOT,7,2043,1
GLOBAL,LNDAGRFJIC01,LSGCLITOT,7,2044,1
GLOBAL,LNDAGRFJIC01,LSGCLITOT,7,2045,1
GLOBAL,LNDAGRFJIC01,LSGCLITOT,7,2046,1
GLOBAL,LNDAGRFJIC01,LSGCLITOT,7,2047,1
GLOBAL,LNDAGRFJIC01,LSGCLITOT,7,2048,1
GLOBAL,LNDAGRFJIC01,LSGCLITOT,7,2049,1
GLOBAL,LNDAGRFJIC01,LSGCLITOT,7,2050,1
GLOBAL,LNDAGRFJIC01,WTRPRCFJI,7,2020,2.7
GLOBAL,LNDAGRFJIC01,WTRPRCFJI,7,2021,2.7
GLOBAL,LNDAGRFJIC01,WTRPRCFJI,7,2022,2.7
GLOBAL,LNDAGRFJIC01,WTRPRCFJI,7,2023,2.7
GLOBAL,LNDAGRFJIC01,WTRPRCFJI,7,2024,2.7
GLOBAL,LNDAGRFJIC01,WTRPRCFJI,7,2025,2.7
GLOBAL,LNDAGRFJIC01,WTRPRCFJI,7,2026,2.7
GLOBAL,LNDAGRFJIC01,WTRPRCFJI,7,2027,2.7
GLOBAL,LNDAGRFJIC01,WTRPRCFJI,7,2028,2.7
GLOBAL,LNDAGRFJIC01,WTRPRCFJI,7,2029,2.7
GLOBAL,LNDAGRFJIC01,WTRPRCFJI,7,2030,2.7
GLOBAL,LNDAGRFJIC01,WTRPRCFJI,7,2031,2.7
GLOBAL,LNDAGRFJIC01,WTRPRCFJI,7,2032,2.7
GLOBAL,LNDAGRFJIC01,WTRPRCFJI,7,2033,2.7
GLOBAL,LNDAGRFJIC01,WTRPRCFJI,7,2034,2.7
GLOBAL,LNDAGRFJIC01,WTRPRCFJI,7,2035,2.7
GLOBAL,LNDAGRFJIC01,WTRPRCFJI,7,2036,2.7
GLOBAL,LNDAGRFJIC01,WTRPRCFJI,7,2037,2.7
GLOBAL,LNDAGRFJIC01,WTRPRCFJI,7,2038,2.7
GLOBAL,LNDAGRFJIC01,WTRPRCFJI,7,2039,2.7
GLOBAL,LNDAGRFJIC01,WTRPRCFJI,7,2040,2.7
GLOBAL,LNDAGRFJIC01,WTRPRCFJI,7,2041,2.7
GLOBAL,LNDAGRFJIC01,WTRPRCFJI,7,2042,2.7
GLOBAL,LNDAGRFJIC01,WTRPRCFJI,7,2043,2.7
GLOBAL,LNDAGRFJIC01,WTRPRCFJI,7,2044,2.7
GLOBAL,LNDAGRFJIC01,WTRPRCFJI,7,2045,2.7
GLOBAL,LNDAGRFJIC01,WTRPRCFJI,7,2046,2.7
GLOBAL,LNDAGRFJIC01,WTRPRCFJI,7,2047,2.7
GLOBAL,LNDAGRFJIC01,WTRPRCFJI,7,2048,2.7
GLOBAL,LNDAGRFJIC01,WTRPRCFJI,7,2049,2.7
GLOBAL,LNDAGRFJIC01,WTRPRCFJI,7,2050,2.7
GLOBAL,LNDAGRFJIC01,AGRWATFJI,7,2020,0.0001
GLOBAL,LNDAGRFJIC01,AGRWATFJI,7,2021,0.0001
GLOBAL,LNDAGRFJIC01,AGRWATFJI,7,2022,0.0001
GLOBAL,LNDAGRFJIC01,AGRWATFJI,7,2023,0.0001
GLOBAL,LNDAGRFJIC01,AGRWATFJI,7,2024,0.0001
GLOBAL,LNDAGRFJIC01,AGRWATFJI,7,2025,0.0001
GLOBAL,LNDAGRFJIC01,AGRWATFJI,7,2026,0.0001
GLOBAL,LNDAGRFJIC01,AGRWATFJI,7,2027,0.0001
GLOBAL,LNDAGRFJIC01,AGRWATFJI,7,2028,0.0001
GLOBAL,LNDAGRFJIC01,AGRWATFJI,7,2029,0.0001
GLOBAL,LNDAGRFJIC01,AGRWATFJI,7,2030,0.0001
GLOBAL,LNDAGRFJIC01,AGRWATFJI,7,2031,0.0001
GLOBAL,LNDAGRFJIC01,AGRWATFJI,7,2032,0.0001
GLOBAL,LNDAGRFJIC01,AGRWATFJI,7,2033,0.0001
GLOBAL,LNDAGRFJIC01,AGRWATFJI,7,2034,0.0001
GLOBAL,LNDAGRFJIC01,AGRWATFJI,7,2035,0.0001
GLOBAL,LNDAGRFJIC01,AGRWATFJI,7,2036,0.0001
GLOBAL,LNDAGRFJIC01,AGRWATFJI,7,2037,0.0001
GLOBAL,LNDAGRFJIC01,AGRWATFJI,7,2038,0.0001
GLOBAL,LNDAGRFJIC01,AGRWATFJI,7,2039,0.0001
GLOBAL,LNDAGRFJIC01,AGRWATFJI,7,2040,0.0001
GLOBAL,LNDAGRFJIC01,AGRWATFJI,7,2041,0.0001
GLOBAL,LNDAGRFJIC01,AGRWATFJI,7,2042,0.0001
GLOBAL,LNDAGRFJIC01,AGRWATFJI,7,2043,0.0001
GLOBAL,LNDAGRFJIC01,AGRWATFJI,7,2044,0.0001
GLOBAL,LNDAGRFJIC01,AGRWATFJI,7,2045,0.0001
GLOBAL,LNDAGRFJIC01,AGRWATFJI,7,2046,0.0001
GLOBAL,LNDAGRFJIC01,AGRWATFJI,7,2047,0.0001
GLOBAL,LNDAGRFJIC01,AGRWATFJI,7,2048,0.0001
GLOBAL,LNDAGRFJIC01,AGRWATFJI,7,2049,0.0001
GLOBAL,LNDAGRFJIC01,AGRWATFJI,7,2050,0.0001
GLOBAL,LNDAGRFJIC01,LCONHRTOT,8,2020,1
GLOBAL,LNDAGRFJIC01,LCONHRTOT,8,2021,1
GLOBAL,LNDAGRFJIC01,LCONHRTOT,8,2022,1
GLOBAL,LNDAGRFJIC01,LCONHRTOT,8,2023,1
GLOBAL,LNDAGRFJIC01,LCONHRTOT,8,2024,1
GLOBAL,LNDAGRFJIC01,LCONHRTOT,8,2025,1
GLOBAL,LNDAGRFJIC01,LCONHRTOT,8,2026,1
GLOBAL,LNDAGRFJIC01,LCONHRTOT,8,2027,1
GLOBAL,LNDAGRFJIC01,LCONHRTOT,8,2028,1
GLOBAL,LNDAGRFJIC01,LCONHRTOT,8,2029,1
GLOBAL,LNDAGRFJIC01,LCONHRTOT,8,2030,1
GLOBAL,LNDAGRFJIC01,LCONHRTOT,8,2031,1
GLOBAL,LNDAGRFJIC01,LCONHRTOT,8,2032,1
GLOBAL,LNDAGRFJIC01,LCONHRTOT,8,2033,1
GLOBAL,LNDAGRFJIC01,LCONHRTOT,8,2034,1
GLOBAL,LNDAGRFJIC01,LCONHRTOT,8,2035,1
GLOBAL,LNDAGRFJIC01,LCONHRTOT,8,2036,1
GLOBAL,LNDAGRFJIC01,LCONHRTOT,8,2037,1
GLOBAL,LNDAGRFJIC01,LCONHRTOT,8,2038,1
GLOBAL,LNDAGRFJIC01,LCONHRTOT,8,2039,1
GLOBAL,LNDAGRFJIC01,LCONHRTOT,8,2040,1
GLOBAL,LNDAGRFJIC01,LCONHRTOT,8,2041,1
GLOBAL,LNDAGRFJIC01,LCONHRTOT,8,2042,1
GLOBAL,LNDAGRFJIC01,LCONHRTOT,8,2043,1
GLOBAL,LNDAGRFJIC01,LCONHRTOT,8,2044,1
GLOBAL,LNDAGRFJIC01,LCONHRTOT,8,2045,1
GLOBAL,LNDAGRFJIC01,LCONHRTOT,8,2046,1
GLOBAL,LNDAGRFJIC01,LCONHRTOT,8,2047,1
GLOBAL,LNDAGRFJIC01,LCONHRTOT,8,2048,1
GLOBAL,LNDAGRFJIC01,LCONHRTOT,8,2049,1
GLOBAL,LNDAGRFJIC01,LCONHRTOT,8,2050,1
GLOBAL,LNDAGRFJIC01,WTRPRCFJI,8,2020,2.7
GLOBAL,LNDAGRFJIC01,WTRPRCFJI,8,2021,2.7
GLOBAL,LNDAGRFJIC01,WTRPRCFJI,8,2022,2.7
GLOBAL,LNDAGRFJIC01,WTRPRCFJI,8,2023,2.7
GLOBAL,LNDAGRFJIC01,WTRPRCFJI,8,2024,2.7
GLOBAL,LNDAGRFJIC01,WTRPRCFJI,8,2025,2.7
GLOBAL,LNDAGRFJIC01,WTRPRCFJI,8,2026,2.7
GLOBAL,LNDAGRFJIC01,WTRPRCFJI,8,2027,2.7
GLOBAL,LNDAGRFJIC01,WTRPRCFJI,8,2028,2.7
GLOBAL,LNDAGRFJIC01,WTRPRCFJI,8,2029,2.7
GLOBAL,LNDAGRFJIC01,WTRPRCFJI,8,2030,2.7
GLOBAL,LNDAGRFJIC01,WTRPRCFJI,8,2031,2.7
GLOBAL,LNDAGRFJIC01,WTRPRCFJI,8,2032,2.7
GLOBAL,LNDAGRFJIC01,WTRPRCFJI,8,2033,2.7
GLOBAL,LNDAGRFJIC01,WTRPRCFJI,8,2034,2.7
GLOBAL,LNDAGRFJIC01,WTRPRCFJI,8,2035,2.7
GLOBAL,LNDAGRFJIC01,WTRPRCFJI,8,2036,2.7
GLOBAL,LNDAGRFJIC01,WTRPRCFJI,8,2037,2.7
GLOBAL,LNDAGRFJIC01,WTRPRCFJI,8,2038,2.7
GLOBAL,LNDAGRFJIC01,WTRPRCFJI,8,2039,2.7
GLOBAL,LNDAGRFJIC01,WTRPRCFJI,8,2040,2.7
GLOBAL,LNDAGRFJIC01,WTRPRCFJI,8,2041,2.7
GLOBAL,LNDAGRFJIC01,WTRPRCFJI,8,2042,2.7
GLOBAL,LNDAGRFJIC01,WTRPRCFJI,8,2043,2.7
GLOBAL,LNDAGRFJIC01,WTRPRCFJI,8,2044,2.7
GLOBAL,LNDAGRFJIC01,WTRPRCFJI,8,2045,2.7
GLOBAL,LNDAGRFJIC01,WTRPRCFJI,8,2046,2.7
GLOBAL,LNDAGRFJIC01,WTRPRCFJI,8,2047,2.7
GLOBAL,LNDAGRFJIC01,WTRPRCFJI,8,2048,2.7
GLOBAL,LNDAGRFJIC01,WTRPRCFJI,8,2049,2.7
GLOBAL,LNDAGRFJIC01,WTRPRCFJI,8,2050,2.7
GLOBAL,LNDAGRFJIC01,AGRWATFJI,8,2022,0
GLOBAL,LNDAGRFJIC01,AGRWATFJI,8,2024,0
GLOBAL,LNDAGRFJIC01,AGRWATFJI,8,2026,0
GLOBAL,LNDAGRFJIC01,AGRWATFJI,8,2028,0
GLOBAL,LNDAGRFJIC01,AGRWATFJI,8,2030,0
GLOBAL,LNDAGRFJIC01,AGRWATFJI,8,2032,0
GLOBAL,LNDAGRFJIC01,AGRWATFJI,8,2034,0
GLOBAL,LNDAGRFJIC01,AGRWATFJI,8,2036,0
GLOBAL,LNDAGRFJIC01,AGRWATFJI,8,2038,0
GLOBAL,LNDAGRFJIC01,AGRWATFJI,8,2040,0
GLOBAL,LNDAGRFJIC01,AGRWATFJI,8,2042,0
GLOBAL,LNDAGRFJIC01,AGRWATFJI,8,2044,0
GLOBAL,LNDAGRFJIC01,AGRWATFJI,8,2046,0
GLOBAL,LNDAGRFJIC01,AGRWATFJI,8,2048,0
GLOBAL,LNDAGRFJIC01,AGRWATFJI,8,2050,0
GLOBAL,LNDAGRFJIC01,LCONHITOT,9,2020,1
GLOBAL,LNDAGRFJIC01,LCONHITOT,9,2021,1
GLOBAL,LNDAGRFJIC01,LCONHITOT,9,2022,1
GLOBAL,LNDAGRFJIC01,LCONHITOT,9,2023,1
GLOBAL,LNDAGRFJIC01,LCONHITOT,9,2024,1
GLOBAL,LNDAGRFJIC01,LCONHITOT,9,2025,1
GLOBAL,LNDAGRFJIC01,LCONHITOT,9,2026,1
GLOBAL,LNDAGRFJIC01,LCONHITOT,9,2027,1
GLOBAL,LNDAGRFJIC01,LCONHITOT,9,2028,1
GLOBAL,LNDAGRFJIC01,LCONHITOT,9,2029,1
GLOBAL,LNDAGRFJIC01,LCONHITOT,9,2030,1
GLOBAL,LNDAGRFJIC01,LCONHITOT,9,2031,1
GLOBAL,LNDAGRFJIC01,LCONHITOT,9,2032,1
GLOBAL,LNDAGRFJIC01,LCONHITOT,9,2033,1
GLOBAL,LNDAGRFJIC01,LCONHITOT,9,2034,1
GLOBAL,LNDAGRFJIC01,LCONHITOT,9,2035,1
GLOBAL,LNDAGRFJIC01,LCONHITOT,9,2036,1
GLOBAL,LNDAGRFJIC01,LCONHITOT,9,2037,1
GLOBAL,LNDAGRFJIC01,LCONHITOT,9,2038,1
GLOBAL,LNDAGRFJIC01,LCONHITOT,9,2039,1
GLOBAL,LNDAGRFJIC01,LCONHITOT,9,2040,1
GLOBAL,LNDAGRFJIC01,LCONHITOT,9,2041,1
GLOBAL,LNDAGRFJIC01,LCONHITOT,9,2042,1
GLOBAL,LNDAGRFJIC01,LCONHITOT,9,2043,1
GLOBAL,LNDAGRFJIC01,LCONHITOT,9,2044,1
GLOBAL,LNDAGRFJIC01,LCONHITOT,9,2045,1
GLOBAL,LNDAGRFJIC01,LCONHITOT,9,2046,1
GLOBAL,LNDAGRFJIC01,LCONHITOT,9,2047,1
GLOBAL,LNDAGRFJIC01,LCONHITOT,9,2048,1
GLOBAL,LNDAGRFJIC01,LCONHITOT,9,2049,1
GLOBAL,LNDAGRFJIC01,LCONHITOT,9,2050,1
GLOBAL,LNDAGRFJIC01,WTRPRCFJI,9,2020,2.7
GLOBAL,LNDAGRFJIC01,WTRPRCFJI,9,2021,2.7
GLOBAL,LNDAGRFJIC01,WTRPRCFJI,9,2022,2.7
GLOBAL,LNDAGRFJIC01,WTRPRCFJI,9,2023,2.7
GLOBAL,LNDAGRFJIC01,WTRPRCFJI,9,2024,2.7
GLOBAL,LNDAGRFJIC01,WTRPRCFJI,9,2025,2.7
GLOBAL,LNDAGRFJIC01,WTRPRCFJI,9,2026,2.7
GLOBAL,LNDAGRFJIC01,WTRPRCFJI,9,2027,2.7
GLOBAL,LNDAGRFJIC01,WTRPRCFJI,9,2028,2.7
GLOBAL,LNDAGRFJIC01,WTRPRCFJI,9,2029,2.7
GLOBAL,LNDAGRFJIC01,WTRPRCFJI,9,2030,2.7
GLOBAL,LNDAGRFJIC01,WTRPRCFJI,9,2031,2.7
GLOBAL,LNDAGRFJIC01,WTRPRCFJI,9,2032,2.7
GLOBAL,LNDAGRFJIC01,WTRPRCFJI,9,2033,2.7
GLOBAL,LNDAGRFJIC01,WTRPRCFJI,9,2034,2.7
GLOBAL,LNDAGRFJIC01,WTRPRCFJI,9,2035,2.7
GLOBAL,LNDAGRFJIC01,WTRPRCFJI,9,2036,2.7
GLOBAL,LNDAGRFJIC01,WTRPRCFJI,9,2037,2.7
GLOBAL,LNDAGRFJIC01,WTRPRCFJI,9,2038,2.7
GLOBAL,LNDAGRFJIC01,WTRPRCFJI,9,2039,2.7
GLOBAL,LNDAGRFJIC01,WTRPRCFJI,9,2040,2.7
GLOBAL,LNDAGRFJIC01,WTRPRCFJI,9,2041,2.7
GLOBAL,LNDAGRFJIC01,WTRPRCFJI,9,2042,2.7
GLOBAL,LNDAGRFJIC01,WTRPRCFJI,9,2043,2.7
GLOBAL,LNDAGRFJIC01,WTRPRCFJI,9,2044,2.7
GLOBAL,LNDAGRFJIC01,WTRPRCFJI,9,2045,2.7
GLOBAL,LNDAGRFJIC01,WTRPRCFJI,9,2046,2.7
GLOBAL,LNDAGRFJIC01,WTRPRCFJI,9,2047,2.7
GLOBAL,LNDAGRFJIC01,WTRPRCFJI,9,2048,2.7
GLOBAL,LNDAGRFJIC01,WTRPRCFJI,9,2049,2.7
GLOBAL,LNDAGRFJIC01,WTRPRCFJI,9,2050,2.7
GLOBAL,LNDAGRFJIC01,AGRWATFJI,9,2020,0.0001
GLOBAL,LNDAGRFJIC01,AGRWATFJI,9,2021,0.0001
GLOBAL,LNDAGRFJIC01,AGRWATFJI,9,2022,0.0001
GLOBAL,LNDAGRFJIC01,AGRWATFJI,9,2023,0.0001
GLOBAL,LNDAGRFJIC01,AGRWATFJI,9,2024,0.0001
GLOBAL,LNDAGRFJIC01,AGRWATFJI,9,2025,0.0001
GLOBAL,LNDAGRFJIC01,AGRWATFJI,9,2026,0.0001
GLOBAL,LNDAGRFJIC01,AGRWATFJI,9,2027,0.0001
GLOBAL,LNDAGRFJIC01,AGRWATFJI,9,2028,0.0001
GLOBAL,LNDAGRFJIC01,AGRWATFJI,9,2029,0.0001
GLOBAL,LNDAGRFJIC01,AGRWATFJI,9,2030,0.0001
GLOBAL,LNDAGRFJIC01,AGRWATFJI,9,2031,0.0001
GLOBAL,LNDAGRFJIC01,AGRWATFJI,9,2032,0.0001
GLOBAL,LNDAGRFJIC01,AGRWATFJI,9,2033,0.0001
GLOBAL,LNDAGRFJIC01,AGRWATFJI,9,2034,0.0001
GLOBAL,LNDAGRFJIC01,AGRWATFJI,9,2035,0.0001
GLOBAL,LNDAGRFJIC01,AGRWATFJI,9,2036,0.0001
GLOBAL,LNDAGRFJIC01,AGRWATFJI,9,2037,0.0001
GLOBAL,LNDAGRFJIC01,AGRWATFJI,9,2038,0.0001
GLOBAL,LNDAGRFJIC01,AGRWATFJI,9,2039,0.0001
GLOBAL,LNDAGRFJIC01,AGRWATFJI,9,2040,0.0001
GLOBAL,LNDAGRFJIC01,AGRWATFJI,9,2041,0.0001
GLOBAL,LNDAGRFJIC01,AGRWATFJI,9,2042,0.0001
GLOBAL,LNDAGRFJIC01,AGRWATFJI,9,2043,0.0001
GLOBAL,LNDAGRFJIC01,AGRWATFJI,9,2044,0.0001
GLOBAL,LNDAGRFJIC01,AGRWATFJI,9,2045,0.0001
GLOBAL,LNDAGRFJIC01,AGRWATFJI,9,2046,0.0001
GLOBAL,LNDAGRFJIC01,AGRWATFJI,9,2047,0.0001
GLOBAL,LNDAGRFJIC01,AGRWATFJI,9,2048,0.0001
GLOBAL,LNDAGRFJIC01,AGRWATFJI,9,2049,0.0001
GLOBAL,LNDAGRFJIC01,AGRWATFJI,9,2050,0.0001
GLOBAL,LNDAGRFJIC01,LCONLITOT,10,2020,1
GLOBAL,LNDAGRFJIC01,LCONLITOT,10,2021,1
GLOBAL,LNDAGRFJIC01,LCONLITOT,10,2022,1
GLOBAL,LNDAGRFJIC01,LCONLITOT,10,2023,1
GLOBAL,LNDAGRFJIC01,LCONLITOT,10,2024,1
GLOBAL,LNDAGRFJIC01,LCONLITOT,10,2025,1
GLOBAL,LNDAGRFJIC01,LCONLITOT,10,2026,1
GLOBAL,LNDAGRFJIC01,LCONLITOT,10,2027,1
GLOBAL,LNDAGRFJIC01,LCONLITOT,10,2028,1
GLOBAL,LNDAGRFJIC01,LCONLITOT,10,2029,1
GLOBAL,LNDAGRFJIC01,LCONLITOT,10,2030,1
GLOBAL,LNDAGRFJIC01,LCONLITOT,10,2031,1
GLOBAL,LNDAGRFJIC01,LCONLITOT,10,2032,1
GLOBAL,LNDAGRFJIC01,LCONLITOT,10,2033,1
GLOBAL,LNDAGRFJIC01,LCONLITOT,10,2034,1
GLOBAL,LNDAGRFJIC01,LCONLITOT,10,2035,1
GLOBAL,LNDAGRFJIC01,LCONLITOT,10,2036,1
GLOBAL,LNDAGRFJIC01,LCONLITOT,10,2037,1
GLOBAL,LNDAGRFJIC01,LCONLITOT,10,2038,1
GLOBAL,LNDAGRFJIC01,LCONLITOT,10,2039,1
GLOBAL,LNDAGRFJIC01,LCONLITOT,10,2040,1
GLOBAL,LNDAGRFJIC01,LCONLITOT,10,2041,1
GLOBAL,LNDAGRFJIC01,LCONLITOT,10,2042,1
GLOBAL,LNDAGRFJIC01,LCONLITOT,10,2043,1
GLOBAL,LNDAGRFJIC01,LCONLITOT,10,2044,1
GLOBAL,LNDAGRFJIC01,LCONLITOT,10,2045,1
GLOBAL,LNDAGRFJIC01,LCONLITOT,10,2046,1
GLOBAL,LNDAGRFJIC01,LCONLITOT,10,2047,1
GLOBAL,LNDAGRFJIC01,LCONLITOT,10,2048,1
GLOBAL,LNDAGRFJIC01,LCONLITOT,10,2049,1
GLOBAL,LNDAGRFJIC01,LCONLITOT,10,2050,1
GLOBAL,LNDAGRFJIC01,WTRPRCFJI,10,2020,2.7
GLOBAL,LNDAGRFJIC01,WTRPRCFJI,10,2021,2.7
GLOBAL,LNDAGRFJIC01,WTRPRCFJI,10,2022,2.7
GLOBAL,LNDAGRFJIC01,WTRPRCFJI,10,2023,2.7
GLOBAL,LNDAGRFJIC01,WTRPRCFJI,10,2024,2.7
GLOBAL,LNDAGRFJIC01,WTRPRCFJI,10,2025,2.7
GLOBAL,LNDAGRFJIC01,WTRPRCFJI,10,2026,2.7
GLOBAL,LNDAGRFJIC01,WTRPRCFJI,10,2027,2.7
GLOBAL,LNDAGRFJIC01,WTRPRCFJI,10,2028,2.7
GLOBAL,LNDAGRFJIC01,WTRPRCFJI,10,2029,2.7
GLOBAL,LNDAGRFJIC01,WTRPRCFJI,10,2030,2.7
GLOBAL,LNDAGRFJIC01,WTRPRCFJI,10,2031,2.7
GLOBAL,LNDAGRFJIC01,WTRPRCFJI,10,2032,2.7
GLOBAL,LNDAGRFJIC01,WTRPRCFJI,10,2033,2.7
GLOBAL,LNDAGRFJIC01,WTRPRCFJI,10,2034,2.7
GLOBAL,LNDAGRFJIC01,WTRPRCFJI,10,2035,2.7
GLOBAL,LNDAGRFJIC01,WTRPRCFJI,10,2036,2.7
GLOBAL,LNDAGRFJIC01,WTRPRCFJI,10,2037,2.7
GLOBAL,LNDAGRFJIC01,WTRPRCFJI,10,2038,2.7
GLOBAL,LNDAGRFJIC01,WTRPRCFJI,10,2039,2.7
GLOBAL,LNDAGRFJIC01,WTRPRCFJI,10,2040,2.7
GLOBAL,LNDAGRFJIC01,WTRPRCFJI,10,2041,2.7
GLOBAL,LNDAGRFJIC01,WTRPRCFJI,10,2042,2.7
GLOBAL,LNDAGRFJIC01,WTRPRCFJI,10,2043,2.7
GLOBAL,LNDAGRFJIC01,WTRPRCFJI,10,2044,2.7
GLOBAL,LNDAGRFJIC01,WTRPRCFJI,10,2045,2.7
GLOBAL,LNDAGRFJIC01,WTRPRCFJI,10,2046,2.7
GLOBAL,LNDAGRFJIC01,WTRPRCFJI,10,2047,2.7
GLOBAL,LNDAGRFJIC01,WTRPRCFJI,10,2048,2.7
GLOBAL,LNDAGRFJIC01,WTRPRCFJI,10,2049,2.7
GLOBAL,LNDAGRFJIC01,WTRPRCFJI,10,2050,2.7
GLOBAL,LNDAGRFJIC01,AGRWATFJI,10,2020,0.0001
GLOBAL,LNDAGRFJIC01,AGRWATFJI,10,2021,0.0001
GLOBAL,LNDAGRFJIC01,AGRWATFJI,10,2022,0.0001
GLOBAL,LNDAGRFJIC01,AGRWATFJI,10,2023,0.0001
GLOBAL,LNDAGRFJIC01,AGRWATFJI,10,2024,0.0001
GLOBAL,LNDAGRFJIC01,AGRWATFJI,10,2025,0.0001
GLOBAL,LNDAGRFJIC01,AGRWATFJI,10,2026,0.0001
GLOBAL,LNDAGRFJIC01,AGRWATFJI,10,2027,0.0001
GLOBAL,LNDAGRFJIC01,AGRWATFJI,10,2028,0.0001
GLOBAL,LNDAGRFJIC01,AGRWATFJI,10,2029,0.0001
GLOBAL,LNDAGRFJIC01,AGRWATFJI,10,2030,0.0001
GLOBAL,LNDAGRFJIC01,AGRWATFJI,10,2031,0.0001
GLOBAL,LNDAGRFJIC01,AGRWATFJI,10,2032,0.0001
GLOBAL,LNDAGRFJIC01,AGRWATFJI,10,2033,0.0001
GLOBAL,LNDAGRFJIC01,AGRWATFJI,10,2034,0.0001
GLOBAL,LNDAGRFJIC01,AGRWATFJI,10,2035,0.0001
GLOBAL,LNDAGRFJIC01,AGRWATFJI,10,2036,0.0001
GLOBAL,LNDAGRFJIC01,AGRWATFJI,10,2037,0.0001
GLOBAL,LNDAGRFJIC01,AGRWATFJI,10,2038,0.0001
GLOBAL,LNDAGRFJIC01,AGRWATFJI,10,2039,0.0001
GLOBAL,LNDAGRFJIC01,AGRWATFJI,10,2040,0.0001
GLOBAL,LNDAGRFJIC01,AGRWATFJI,10,2041,0.0001
GLOBAL,LNDAGRFJIC01,AGRWATFJI,10,2042,0.0001
GLOBAL,LNDAGRFJIC01,AGRWATFJI,10,2043,0.0001
GLOBAL,LNDAGRFJIC01,AGRWATFJI,10,2044,0.0001
GLOBAL,LNDAGRFJIC01,AGRWATFJI,10,2045,0.0001
GLOBAL,LNDAGRFJIC01,AGRWATFJI,10,2046,0.0001
GLOBAL,LNDAGRFJIC01,AGRWATFJI,10,2047,0.0001
GLOBAL,LNDAGRFJIC01,AGRWATFJI,10,2048,0.0001
GLOBAL,LNDAGRFJIC01,AGRWATFJI,10,2049,0.0001
GLOBAL,LNDAGRFJIC01,AGRWATFJI,10,2050,0.0001
GLOBAL,LNDAGRFJIC01,LCASHRTOT,11,2020,1
GLOBAL,LNDAGRFJIC01,LCASHRTOT,11,2021,1
GLOBAL,LNDAGRFJIC01,LCASHRTOT,11,2022,1
GLOBAL,LNDAGRFJIC01,LCASHRTOT,11,2023,1
GLOBAL,LNDAGRFJIC01,LCASHRTOT,11,2024,1
GLOBAL,LNDAGRFJIC01,LCASHRTOT,11,2025,1
GLOBAL,LNDAGRFJIC01,LCASHRTOT,11,2026,1
GLOBAL,LNDAGRFJIC01,LCASHRTOT,11,2027,1
GLOBAL,LNDAGRFJIC01,LCASHRTOT,11,2028,1
GLOBAL,LNDAGRFJIC01,LCASHRTOT,11,2029,1
GLOBAL,LNDAGRFJIC01,LCASHRTOT,11,2030,1
GLOBAL,LNDAGRFJIC01,LCASHRTOT,11,2031,1
GLOBAL,LNDAGRFJIC01,LCASHRTOT,11,2032,1
GLOBAL,LNDAGRFJIC01,LCASHRTOT,11,2033,1
GLOBAL,LNDAGRFJIC01,LCASHRTOT,11,2034,1
GLOBAL,LNDAGRFJIC01,LCASHRTOT,11,2035,1
GLOBAL,LNDAGRFJIC01,LCASHRTOT,11,2036,1
GLOBAL,LNDAGRFJIC01,LCASHRTOT,11,2037,1
GLOBAL,LNDAGRFJIC01,LCASHRTOT,11,2038,1
GLOBAL,LNDAGRFJIC01,LCASHRTOT,11,2039,1
GLOBAL,LNDAGRFJIC01,LCASHRTOT,11,2040,1
GLOBAL,LNDAGRFJIC01,LCASHRTOT,11,2041,1
GLOBAL,LNDAGRFJIC01,LCASHRTOT,11,2042,1
GLOBAL,LNDAGRFJIC01,LCASHRTOT,11,2043,1
GLOBAL,LNDAGRFJIC01,LCASHRTOT,11,2044,1
GLOBAL,LNDAGRFJIC01,LCASHRTOT,11,2045,1
GLOBAL,LNDAGRFJIC01,LCASHRTOT,11,2046,1
GLOBAL,LNDAGRFJIC01,LCASHRTOT,11,2047,1
GLOBAL,LNDAGRFJIC01,LCASHRTOT,11,2048,1
GLOBAL,LNDAGRFJIC01,LCASHRTOT,11,2049,1
GLOBAL,LNDAGRFJIC01,LCASHRTOT,11,2050,1
GLOBAL,LNDAGRFJIC01,WTRPRCFJI,11,2020,2.7
GLOBAL,LNDAGRFJIC01,WTRPRCFJI,11,2021,2.7
GLOBAL,LNDAGRFJIC01,WTRPRCFJI,11,2022,2.7
GLOBAL,LNDAGRFJIC01,WTRPRCFJI,11,2023,2.7
GLOBAL,LNDAGRFJIC01,WTRPRCFJI,11,2024,2.7
GLOBAL,LNDAGRFJIC01,WTRPRCFJI,11,2025,2.7
GLOBAL,LNDAGRFJIC01,WTRPRCFJI,11,2026,2.7
GLOBAL,LNDAGRFJIC01,WTRPRCFJI,11,2027,2.7
GLOBAL,LNDAGRFJIC01,WTRPRCFJI,11,2028,2.7
GLOBAL,LNDAGRFJIC01,WTRPRCFJI,11,2029,2.7
GLOBAL,LNDAGRFJIC01,WTRPRCFJI,11,2030,2.7
GLOBAL,LNDAGRFJIC01,WTRPRCFJI,11,2031,2.7
GLOBAL,LNDAGRFJIC01,WTRPRCFJI,11,2032,2.7
GLOBAL,LNDAGRFJIC01,WTRPRCFJI,11,2033,2.7
GLOBAL,LNDAGRFJIC01,WTRPRCFJI,11,2034,2.7
GLOBAL,LNDAGRFJIC01,WTRPRCFJI,11,2035,2.7
GLOBAL,LNDAGRFJIC01,WTRPRCFJI,11,2036,2.7
GLOBAL,LNDAGRFJIC01,WTRPRCFJI,11,2037,2.7
GLOBAL,LNDAGRFJIC01,WTRPRCFJI,11,2038,2.7
GLOBAL,LNDAGRFJIC01,WTRPRCFJI,11,2039,2.7
GLOBAL,LNDAGRFJIC01,WTRPRCFJI,11,2040,2.7
GLOBAL,LNDAGRFJIC01,WTRPRCFJI,11,2041,2.7
GLOBAL,LNDAGRFJIC01,WTRPRCFJI,11,2042,2.7
GLOBAL,LNDAGRFJIC01,WTRPRCFJI,11,2043,2.7
GLOBAL,LNDAGRFJIC01,WTRPRCFJI,11,2044,2.7
GLOBAL,LNDAGRFJIC01,WTRPRCFJI,11,2045,2.7
GLOBAL,LNDAGRFJIC01,WTRPRCFJI,11,2046,2.7
GLOBAL,LNDAGRFJIC01,WTRPRCFJI,11,2047,2.7
GLOBAL,LNDAGRFJIC01,WTRPRCFJI,11,2048,2.7
GLOBAL,LNDAGRFJIC01,WTRPRCFJI,11,2049,2.7
GLOBAL,LNDAGRFJIC01,WTRPRCFJI,11,2050,2.7
GLOBAL,LNDAGRFJIC01,AGRWATFJI,11,2022,0
GLOBAL,LNDAGRFJIC01,AGRWATFJI,11,2024,0
GLOBAL,LNDAGRFJIC01,AGRWATFJI,11,2026,0
GLOBAL,LNDAGRFJIC01,AGRWATFJI,11,2028,0
GLOBAL,LNDAGRFJIC01,AGRWATFJI,11,2030,0
GLOBAL,LNDAGRFJIC01,AGRWATFJI,11,2032,0
GLOBAL,LNDAGRFJIC01,AGRWATFJI,11,2034,0
GLOBAL,LNDAGRFJIC01,AGRWATFJI,11,2036,0
GLOBAL,LNDAGRFJIC01,AGRWATFJI,11,2038,0
GLOBAL,LNDAGRFJIC01,AGRWATFJI,11,2040,0
GLOBAL,LNDAGRFJIC01,AGRWATFJI,11,2042,0
GLOBAL,LNDAGRFJIC01,AGRWATFJI,11,2044,0
GLOBAL,LNDAGRFJIC01,AGRWATFJI,11,2046,0
GLOBAL,LNDAGRFJIC01,AGRWATFJI,11,2048,0
GLOBAL,LNDAGRFJIC01,AGRWATFJI,11,2050,0
GLOBAL,LNDAGRFJIC01,LYAMHITOT,12,2020,1
GLOBAL,LNDAGRFJIC01,LYAMHITOT,12,2021,1
GLOBAL,LNDAGRFJIC01,LYAMHITOT,12,2022,1
GLOBAL,LNDAGRFJIC01,LYAMHITOT,12,2023,1
GLOBAL,LNDAGRFJIC01,LYAMHITOT,12,2024,1
GLOBAL,LNDAGRFJIC01,LYAMHITOT,12,2025,1
GLOBAL,LNDAGRFJIC01,LYAMHITOT,12,2026,1
GLOBAL,LNDAGRFJIC01,LYAMHITOT,12,2027,1
GLOBAL,LNDAGRFJIC01,LYAMHITOT,12,2028,1
GLOBAL,LNDAGRFJIC01,LYAMHITOT,12,2029,1
GLOBAL,LNDAGRFJIC01,LYAMHITOT,12,2030,1
GLOBAL,LNDAGRFJIC01,LYAMHITOT,12,2031,1
GLOBAL,LNDAGRFJIC01,LYAMHITOT,12,2032,1
GLOBAL,LNDAGRFJIC01,LYAMHITOT,12,2033,1
GLOBAL,LNDAGRFJIC01,LYAMHITOT,12,2034,1
GLOBAL,LNDAGRFJIC01,LYAMHITOT,12,2035,1
GLOBAL,LNDAGRFJIC01,LYAMHITOT,12,2036,1
GLOBAL,LNDAGRFJIC01,LYAMHITOT,12,2037,1
GLOBAL,LNDAGRFJIC01,LYAMHITOT,12,2038,1
GLOBAL,LNDAGRFJIC01,LYAMHITOT,12,2039,1
GLOBAL,LNDAGRFJIC01,LYAMHITOT,12,2040,1
GLOBAL,LNDAGRFJIC01,LYAMHITOT,12,2041,1
GLOBAL,LNDAGRFJIC01,LYAMHITOT,12,2042,1
GLOBAL,LNDAGRFJIC01,LYAMHITOT,12,2043,1
GLOBAL,LNDAGRFJIC01,LYAMHITOT,12,2044,1
GLOBAL,LNDAGRFJIC01,LYAMHITOT,12,2045,1
GLOBAL,LNDAGRFJIC01,LYAMHITOT,12,2046,1
GLOBAL,LNDAGRFJIC01,LYAMHITOT,12,2047,1
GLOBAL,LNDAGRFJIC01,LYAMHITOT,12,2048,1
GLOBAL,LNDAGRFJIC01,LYAMHITOT,12,2049,1
GLOBAL,LNDAGRFJIC01,LYAMHITOT,12,2050,1
GLOBAL,LNDAGRFJIC01,WTRPRCFJI,12,2020,2.7
GLOBAL,LNDAGRFJIC01,WTRPRCFJI,12,2021,2.7
GLOBAL,LNDAGRFJIC01,WTRPRCFJI,12,2022,2.7
GLOBAL,LNDAGRFJIC01,WTRPRCFJI,12,2023,2.7
GLOBAL,LNDAGRFJIC01,WTRPRCFJI,12,2024,2.7
GLOBAL,LNDAGRFJIC01,WTRPRCFJI,12,2025,2.7
GLOBAL,LNDAGRFJIC01,WTRPRCFJI,12,2026,2.7
GLOBAL,LNDAGRFJIC01,WTRPRCFJI,12,2027,2.7
GLOBAL,LNDAGRFJIC01,WTRPRCFJI,12,2028,2.7
GLOBAL,LNDAGRFJIC01,WTRPRCFJI,12,2029,2.7
GLOBAL,LNDAGRFJIC01,WTRPRCFJI,12,2030,2.7
GLOBAL,LNDAGRFJIC01,WTRPRCFJI,12,2031,2.7
GLOBAL,LNDAGRFJIC01,WTRPRCFJI,12,2032,2.7
GLOBAL,LNDAGRFJIC01,WTRPRCFJI,12,2033,2.7
GLOBAL,LNDAGRFJIC01,WTRPRCFJI,12,2034,2.7
GLOBAL,LNDAGRFJIC01,WTRPRCFJI,12,2035,2.7
GLOBAL,LNDAGRFJIC01,WTRPRCFJI,12,2036,2.7
GLOBAL,LNDAGRFJIC01,WTRPRCFJI,12,2037,2.7
GLOBAL,LNDAGRFJIC01,WTRPRCFJI,12,2038,2.7
GLOBAL,LNDAGRFJIC01,WTRPRCFJI,12,2039,2.7
GLOBAL,LNDAGRFJIC01,WTRPRCFJI,12,2040,2.7
GLOBAL,LNDAGRFJIC01,WTRPRCFJI,12,2041,2.7
GLOBAL,LNDAGRFJIC01,WTRPRCFJI,12,2042,2.7
GLOBAL,LNDAGRFJIC01,WTRPRCFJI,12,2043,2.7
GLOBAL,LNDAGRFJIC01,WTRPRCFJI,12,2044,2.7
GLOBAL,LNDAGRFJIC01,WTRPRCFJI,12,2045,2.7
GLOBAL,LNDAGRFJIC01,WTRPRCFJI,12,2046,2.7
GLOBAL,LNDAGRFJIC01,WTRPRCFJI,12,2047,2.7
GLOBAL,LNDAGRFJIC01,WTRPRCFJI,12,2048,2.7
GLOBAL,LNDAGRFJIC01,WTRPRCFJI,12,2049,2.7
GLOBAL,LNDAGRFJIC01,WTRPRCFJI,12,2050,2.7
GLOBAL,LNDAGRFJIC01,AGRWATFJI,12,2020,0.15
GLOBAL,LNDAGRFJIC01,AGRWATFJI,12,2021,0.15
GLOBAL,LNDAGRFJIC01,AGRWATFJI,12,2022,0.15
GLOBAL,LNDAGRFJIC01,AGRWATFJI,12,2023,0.15
GLOBAL,LNDAGRFJIC01,AGRWATFJI,12,2024,0.15
GLOBAL,LNDAGRFJIC01,AGRWATFJI,12,2025,0.15
GLOBAL,LNDAGRFJIC01,AGRWATFJI,12,2026,0.15
GLOBAL,LNDAGRFJIC01,AGRWATFJI,12,2027,0.15
GLOBAL,LNDAGRFJIC01,AGRWATFJI,12,2028,0.15
GLOBAL,LNDAGRFJIC01,AGRWATFJI,12,2029,0.15
GLOBAL,LNDAGRFJIC01,AGRWATFJI,12,2030,0.15
GLOBAL,LNDAGRFJIC01,AGRWATFJI,12,2031,0.15
GLOBAL,LNDAGRFJIC01,AGRWATFJI,12,2032,0.15
GLOBAL,LNDAGRFJIC01,AGRWATFJI,12,2033,0.15
GLOBAL,LNDAGRFJIC01,AGRWATFJI,12,2034,0.15
GLOBAL,LNDAGRFJIC01,AGRWATFJI,12,2035,0.15
GLOBAL,LNDAGRFJIC01,AGRWATFJI,12,2036,0.15
GLOBAL,LNDAGRFJIC01,AGRWATFJI,12,2037,0.15
GLOBAL,LNDAGRFJIC01,AGRWATFJI,12,2038,0.15
GLOBAL,LNDAGRFJIC01,AGRWATFJI,12,2039,0.15
GLOBAL,LNDAGRFJIC01,AGRWATFJI,12,2040,0.15
GLOBAL,LNDAGRFJIC01,AGRWATFJI,12,2041,0.15
GLOBAL,LNDAGRFJIC01,AGRWATFJI,12,2042,0.15
GLOBAL,LNDAGRFJIC01,AGRWATFJI,12,2043,0.15
GLOBAL,LNDAGRFJIC01,AGRWATFJI,12,2044,0.15
GLOBAL,LNDAGRFJIC01,AGRWATFJI,12,2045,0.15
GLOBAL,LNDAGRFJIC01,AGRWATFJI,12,2046,0.15
GLOBAL,LNDAGRFJIC01,AGRWATFJI,12,2047,0.15
GLOBAL,LNDAGRFJIC01,AGRWATFJI,12,2048,0.15
GLOBAL,LNDAGRFJIC01,AGRWATFJI,12,2049,0.15
GLOBAL,LNDAGRFJIC01,AGRWATFJI,12,2050,0.15
GLOBAL,LNDAGRFJIC01,LCASLITOT,13,2020,1
GLOBAL,LNDAGRFJIC01,LCASLITOT,13,2021,1
GLOBAL,LNDAGRFJIC01,LCASLITOT,13,2022,1
GLOBAL,LNDAGRFJIC01,LCASLITOT,13,2023,1
GLOBAL,LNDAGRFJIC01,LCASLITOT,13,2024,1
GLOBAL,LNDAGRFJIC01,LCASLITOT,13,2025,1
GLOBAL,LNDAGRFJIC01,LCASLITOT,13,2026,1
GLOBAL,LNDAGRFJIC01,LCASLITOT,13,2027,1
GLOBAL,LNDAGRFJIC01,LCASLITOT,13,2028,1
GLOBAL,LNDAGRFJIC01,LCASLITOT,13,2029,1
GLOBAL,LNDAGRFJIC01,LCASLITOT,13,2030,1
GLOBAL,LNDAGRFJIC01,LCASLITOT,13,2031,1
GLOBAL,LNDAGRFJIC01,LCASLITOT,13,2032,1
GLOBAL,LNDAGRFJIC01,LCASLITOT,13,2033,1
GLOBAL,LNDAGRFJIC01,LCASLITOT,13,2034,1
GLOBAL,LNDAGRFJIC01,LCASLITOT,13,2035,1
GLOBAL,LNDAGRFJIC01,LCASLITOT,13,2036,1
GLOBAL,LNDAGRFJIC01,LCASLITOT,13,2037,1
GLOBAL,LNDAGRFJIC01,LCASLITOT,13,2038,1
GLOBAL,LNDAGRFJIC01,LCASLITOT,13,2039,1
GLOBAL,LNDAGRFJIC01,LCASLITOT,13,2040,1
GLOBAL,LNDAGRFJIC01,LCASLITOT,13,2041,1
GLOBAL,LNDAGRFJIC01,LCASLITOT,13,2042,1
GLOBAL,LNDAGRFJIC01,LCASLITOT,13,2043,1
GLOBAL,LNDAGRFJIC01,LCASLITOT,13,2044,1
GLOBAL,LNDAGRFJIC01,LCASLITOT,13,2045,1
GLOBAL,LNDAGRFJIC01,LCASLITOT,13,2046,1
GLOBAL,LNDAGRFJIC01,LCASLITOT,13,2047,1
GLOBAL,LNDAGRFJIC01,LCASLITOT,13,2048,1
GLOBAL,LNDAGRFJIC01,LCASLITOT,13,2049,1
GLOBAL,LNDAGRFJIC01,LCASLITOT,13,2050,1
GLOBAL,LNDAGRFJIC01,WTRPRCFJI,13,2020,2.7
GLOBAL,LNDAGRFJIC01,WTRPRCFJI,13,2021,2.7
GLOBAL,LNDAGRFJIC01,WTRPRCFJI,13,2022,2.7
GLOBAL,LNDAGRFJIC01,WTRPRCFJI,13,2023,2.7
GLOBAL,LNDAGRFJIC01,WTRPRCFJI,13,2024,2.7
GLOBAL,LNDAGRFJIC01,WTRPRCFJI,13,2025,2.7
GLOBAL,LNDAGRFJIC01,WTRPRCFJI,13,2026,2.7
GLOBAL,LNDAGRFJIC01,WTRPRCFJI,13,2027,2.7
GLOBAL,LNDAGRFJIC01,WTRPRCFJI,13,2028,2.7
GLOBAL,LNDAGRFJIC01,WTRPRCFJI,13,2029,2.7
GLOBAL,LNDAGRFJIC01,WTRPRCFJI,13,2030,2.7
GLOBAL,LNDAGRFJIC01,WTRPRCFJI,13,2031,2.7
GLOBAL,LNDAGRFJIC01,WTRPRCFJI,13,2032,2.7
GLOBAL,LNDAGRFJIC01,WTRPRCFJI,13,2033,2.7
GLOBAL,LNDAGRFJIC01,WTRPRCFJI,13,2034,2.7
GLOBAL,LNDAGRFJIC01,WTRPRCFJI,13,2035,2.7
GLOBAL,LNDAGRFJIC01,WTRPRCFJI,13,2036,2.7
GLOBAL,LNDAGRFJIC01,WTRPRCFJI,13,2037,2.7
GLOBAL,LNDAGRFJIC01,WTRPRCFJI,13,2038,2.7
GLOBAL,LNDAGRFJIC01,WTRPRCFJI,13,2039,2.7
GLOBAL,LNDAGRFJIC01,WTRPRCFJI,13,2040,2.7
GLOBAL,LNDAGRFJIC01,WTRPRCFJI,13,2041,2.7
GLOBAL,LNDAGRFJIC01,WTRPRCFJI,13,2042,2.7
GLOBAL,LNDAGRFJIC01,WTRPRCFJI,13,2043,2.7
GLOBAL,LNDAGRFJIC01,WTRPRCFJI,13,2044,2.7
GLOBAL,LNDAGRFJIC01,WTRPRCFJI,13,2045,2.7
GLOBAL,LNDAGRFJIC01,WTRPRCFJI,13,2046,2.7
GLOBAL,LNDAGRFJIC01,WTRPRCFJI,13,2047,2.7
GLOBAL,LNDAGRFJIC01,WTRPRCFJI,13,2048,2.7
GLOBAL,LNDAGRFJIC01,WTRPRCFJI,13,2049,2.7
GLOBAL,LNDAGRFJIC01,WTRPRCFJI,13,2050,2.7
GLOBAL,LNDAGRFJIC01,AGRWATFJI,13,2020,0.0001
GLOBAL,LNDAGRFJIC01,AGRWATFJI,13,2021,0.0001
GLOBAL,LNDAGRFJIC01,AGRWATFJI,13,2022,0.0001
GLOBAL,LNDAGRFJIC01,AGRWATFJI,13,2023,0.0001
GLOBAL,LNDAGRFJIC01,AGRWATFJI,13,2024,0.0001
GLOBAL,LNDAGRFJIC01,AGRWATFJI,13,2025,0.0001
GLOBAL,LNDAGRFJIC01,AGRWATFJI,13,2026,0.0001
GLOBAL,LNDAGRFJIC01,AGRWATFJI,13,2027,0.0001
GLOBAL,LNDAGRFJIC01,AGRWATFJI,13,2028,0.0001
GLOBAL,LNDAGRFJIC01,AGRWATFJI,13,2029,0.0001
GLOBAL,LNDAGRFJIC01,AGRWATFJI,13,2030,0.0001
GLOBAL,LNDAGRFJIC01,AGRWATFJI,13,2031,0.0001
GLOBAL,LNDAGRFJIC01,AGRWATFJI,13,2032,0.0001
GLOBAL,LNDAGRFJIC01,AGRWATFJI,13,2033,0.0001
GLOBAL,LNDAGRFJIC01,AGRWATFJI,13,2034,0.0001
GLOBAL,LNDAGRFJIC01,AGRWATFJI,13,2035,0.0001
GLOBAL,LNDAGRFJIC01,AGRWATFJI,13,2036,0.0001
GLOBAL,LNDAGRFJIC01,AGRWATFJI,13,2037,0.0001
GLOBAL,LNDAGRFJIC01,AGRWATFJI,13,2038,0.0001
GLOBAL,LNDAGRFJIC01,AGRWATFJI,13,2039,0.0001
GLOBAL,LNDAGRFJIC01,AGRWATFJI,13,2040,0.0001
GLOBAL,LNDAGRFJIC01,AGRWATFJI,13,2041,0.0001
GLOBAL,LNDAGRFJIC01,AGRWATFJI,13,2042,0.0001
GLOBAL,LNDAGRFJIC01,AGRWATFJI,13,2043,0.0001
GLOBAL,LNDAGRFJIC01,AGRWATFJI,13,2044,0.0001
GLOBAL,LNDAGRFJIC01,AGRWATFJI,13,2045,0.0001
GLOBAL,LNDAGRFJIC01,AGRWATFJI,13,2046,0.0001
GLOBAL,LNDAGRFJIC01,AGRWATFJI,13,2047,0.0001
GLOBAL,LNDAGRFJIC01,AGRWATFJI,13,2048,0.0001
GLOBAL,LNDAGRFJIC01,AGRWATFJI,13,2049,0.0001
GLOBAL,LNDAGRFJIC01,AGRWATFJI,13,2050,0.0001
GLOBAL,LNDAGRFJIC01,LYAMHRTOT,14,2020,1
GLOBAL,LNDAGRFJIC01,LYAMHRTOT,14,2021,1
GLOBAL,LNDAGRFJIC01,LYAMHRTOT,14,2022,1
GLOBAL,LNDAGRFJIC01,LYAMHRTOT,14,2023,1
GLOBAL,LNDAGRFJIC01,LYAMHRTOT,14,2024,1
GLOBAL,LNDAGRFJIC01,LYAMHRTOT,14,2025,1
GLOBAL,LNDAGRFJIC01,LYAMHRTOT,14,2026,1
GLOBAL,LNDAGRFJIC01,LYAMHRTOT,14,2027,1
GLOBAL,LNDAGRFJIC01,LYAMHRTOT,14,2028,1
GLOBAL,LNDAGRFJIC01,LYAMHRTOT,14,2029,1
GLOBAL,LNDAGRFJIC01,LYAMHRTOT,14,2030,1
GLOBAL,LNDAGRFJIC01,LYAMHRTOT,14,2031,1
GLOBAL,LNDAGRFJIC01,LYAMHRTOT,14,2032,1
GLOBAL,LNDAGRFJIC01,LYAMHRTOT,14,2033,1
GLOBAL,LNDAGRFJIC01,LYAMHRTOT,14,2034,1
GLOBAL,LNDAGRFJIC01,LYAMHRTOT,14,2035,1
GLOBAL,LNDAGRFJIC01,LYAMHRTOT,14,2036,1
GLOBAL,LNDAGRFJIC01,LYAMHRTOT,14,2037,1
GLOBAL,LNDAGRFJIC01,LYAMHRTOT,14,2038,1
GLOBAL,LNDAGRFJIC01,LYAMHRTOT,14,2039,1
GLOBAL,LNDAGRFJIC01,LYAMHRTOT,14,2040,1
GLOBAL,LNDAGRFJIC01,LYAMHRTOT,14,2041,1
GLOBAL,LNDAGRFJIC01,LYAMHRTOT,14,2042,1
GLOBAL,LNDAGRFJIC01,LYAMHRTOT,14,2043,1
GLOBAL,LNDAGRFJIC01,LYAMHRTOT,14,2044,1
GLOBAL,LNDAGRFJIC01,LYAMHRTOT,14,2045,1
GLOBAL,LNDAGRFJIC01,LYAMHRTOT,14,2046,1
GLOBAL,LNDAGRFJIC01,LYAMHRTOT,14,2047,1
GLOBAL,LNDAGRFJIC01,LYAMHRTOT,14,2048,1
GLOBAL,LNDAGRFJIC01,LYAMHRTOT,14,2049,1
GLOBAL,LNDAGRFJIC01,LYAMHRTOT,14,2050,1
GLOBAL,LNDAGRFJIC01,WTRPRCFJI,14,2020,2.7
GLOBAL,LNDAGRFJIC01,WTRPRCFJI,14,2021,2.7
GLOBAL,LNDAGRFJIC01,WTRPRCFJI,14,2022,2.7
GLOBAL,LNDAGRFJIC01,WTRPRCFJI,14,2023,2.7
GLOBAL,LNDAGRFJIC01,WTRPRCFJI,14,2024,2.7
GLOBAL,LNDAGRFJIC01,WTRPRCFJI,14,2025,2.7
GLOBAL,LNDAGRFJIC01,WTRPRCFJI,14,2026,2.7
GLOBAL,LNDAGRFJIC01,WTRPRCFJI,14,2027,2.7
GLOBAL,LNDAGRFJIC01,WTRPRCFJI,14,2028,2.7
GLOBAL,LNDAGRFJIC01,WTRPRCFJI,14,2029,2.7
GLOBAL,LNDAGRFJIC01,WTRPRCFJI,14,2030,2.7
GLOBAL,LNDAGRFJIC01,WTRPRCFJI,14,2031,2.7
GLOBAL,LNDAGRFJIC01,WTRPRCFJI,14,2032,2.7
GLOBAL,LNDAGRFJIC01,WTRPRCFJI,14,2033,2.7
GLOBAL,LNDAGRFJIC01,WTRPRCFJI,14,2034,2.7
GLOBAL,LNDAGRFJIC01,WTRPRCFJI,14,2035,2.7
GLOBAL,LNDAGRFJIC01,WTRPRCFJI,14,2036,2.7
GLOBAL,LNDAGRFJIC01,WTRPRCFJI,14,2037,2.7
GLOBAL,LNDAGRFJIC01,WTRPRCFJI,14,2038,2.7
GLOBAL,LNDAGRFJIC01,WTRPRCFJI,14,2039,2.7
GLOBAL,LNDAGRFJIC01,WTRPRCFJI,14,2040,2.7
GLOBAL,LNDAGRFJIC01,WTRPRCFJI,14,2041,2.7
GLOBAL,LNDAGRFJIC01,WTRPRCFJI,14,2042,2.7
GLOBAL,LNDAGRFJIC01,WTRPRCFJI,14,2043,2.7
GLOBAL,LNDAGRFJIC01,WTRPRCFJI,14,2044,2.7
GLOBAL,LNDAGRFJIC01,WTRPRCFJI,14,2045,2.7
GLOBAL,LNDAGRFJIC01,WTRPRCFJI,14,2046,2.7
GLOBAL,LNDAGRFJIC01,WTRPRCFJI,14,2047,2.7
GLOBAL,LNDAGRFJIC01,WTRPRCFJI,14,2048,2.7
GLOBAL,LNDAGRFJIC01,WTRPRCFJI,14,2049,2.7
GLOBAL,LNDAGRFJIC01,WTRPRCFJI,14,2050,2.7
GLOBAL,LNDAGRFJIC01,AGRWATFJI,14,2022,0
GLOBAL,LNDAGRFJIC01,AGRWATFJI,14,2024,0
GLOBAL,LNDAGRFJIC01,AGRWATFJI,14,2026,0
GLOBAL,LNDAGRFJIC01,AGRWATFJI,14,2028,0
GLOBAL,LNDAGRFJIC01,AGRWATFJI,14,2030,0
GLOBAL,LNDAGRFJIC01,AGRWATFJI,14,2032,0
GLOBAL,LNDAGRFJIC01,AGRWATFJI,14,2034,0
GLOBAL,LNDAGRFJIC01,AGRWATFJI,14,2036,0
GLOBAL,LNDAGRFJIC01,AGRWATFJI,14,2038,0
GLOBAL,LNDAGRFJIC01,AGRWATFJI,14,2040,0
GLOBAL,LNDAGRFJIC01,AGRWATFJI,14,2042,0
GLOBAL,LNDAGRFJIC01,AGRWATFJI,14,2044,0
GLOBAL,LNDAGRFJIC01,AGRWATFJI,14,2046,0
GLOBAL,LNDAGRFJIC01,AGRWATFJI,14,2048,0
GLOBAL,LNDAGRFJIC01,AGRWATFJI,14,2050,0
GLOBAL,LNDAGRFJIC01,LSGCHRTOT,15,2020,1
GLOBAL,LNDAGRFJIC01,LSGCHRTOT,15,2021,1
GLOBAL,LNDAGRFJIC01,LSGCHRTOT,15,2022,1
GLOBAL,LNDAGRFJIC01,LSGCHRTOT,15,2023,1
GLOBAL,LNDAGRFJIC01,LSGCHRTOT,15,2024,1
GLOBAL,LNDAGRFJIC01,LSGCHRTOT,15,2025,1
GLOBAL,LNDAGRFJIC01,LSGCHRTOT,15,2026,1
GLOBAL,LNDAGRFJIC01,LSGCHRTOT,15,2027,1
GLOBAL,LNDAGRFJIC01,LSGCHRTOT,15,2028,1
GLOBAL,LNDAGRFJIC01,LSGCHRTOT,15,2029,1
GLOBAL,LNDAGRFJIC01,LSGCHRTOT,15,2030,1
GLOBAL,LNDAGRFJIC01,LSGCHRTOT,15,2031,1
GLOBAL,LNDAGRFJIC01,LSGCHRTOT,15,2032,1
GLOBAL,LNDAGRFJIC01,LSGCHRTOT,15,2033,1
GLOBAL,LNDAGRFJIC01,LSGCHRTOT,15,2034,1
GLOBAL,LNDAGRFJIC01,LSGCHRTOT,15,2035,1
GLOBAL,LNDAGRFJIC01,LSGCHRTOT,15,2036,1
GLOBAL,LNDAGRFJIC01,LSGCHRTOT,15,2037,1
GLOBAL,LNDAGRFJIC01,LSGCHRTOT,15,2038,1
GLOBAL,LNDAGRFJIC01,LSGCHRTOT,15,2039,1
GLOBAL,LNDAGRFJIC01,LSGCHRTOT,15,2040,1
GLOBAL,LNDAGRFJIC01,LSGCHRTOT,15,2041,1
GLOBAL,LNDAGRFJIC01,LSGCHRTOT,15,2042,1
GLOBAL,LNDAGRFJIC01,LSGCHRTOT,15,2043,1
GLOBAL,LNDAGRFJIC01,LSGCHRTOT,15,2044,1
GLOBAL,LNDAGRFJIC01,LSGCHRTOT,15,2045,1
GLOBAL,LNDAGRFJIC01,LSGCHRTOT,15,2046,1
GLOBAL,LNDAGRFJIC01,LSGCHRTOT,15,2047,1
GLOBAL,LNDAGRFJIC01,LSGCHRTOT,15,2048,1
GLOBAL,LNDAGRFJIC01,LSGCHRTOT,15,2049,1
GLOBAL,LNDAGRFJIC01,LSGCHRTOT,15,2050,1
GLOBAL,LNDAGRFJIC01,WTRPRCFJI,15,2020,2.7
GLOBAL,LNDAGRFJIC01,WTRPRCFJI,15,2021,2.7
GLOBAL,LNDAGRFJIC01,WTRPRCFJI,15,2022,2.7
GLOBAL,LNDAGRFJIC01,WTRPRCFJI,15,2023,2.7
GLOBAL,LNDAGRFJIC01,WTRPRCFJI,15,2024,2.7
GLOBAL,LNDAGRFJIC01,WTRPRCFJI,15,2025,2.7
GLOBAL,LNDAGRFJIC01,WTRPRCFJI,15,2026,2.7
GLOBAL,LNDAGRFJIC01,WTRPRCFJI,15,2027,2.7
GLOBAL,LNDAGRFJIC01,WTRPRCFJI,15,2028,2.7
GLOBAL,LNDAGRFJIC01,WTRPRCFJI,15,2029,2.7
GLOBAL,LNDAGRFJIC01,WTRPRCFJI,15,2030,2.7
GLOBAL,LNDAGRFJIC01,WTRPRCFJI,15,2031,2.7
GLOBAL,LNDAGRFJIC01,WTRPRCFJI,15,2032,2.7
GLOBAL,LNDAGRFJIC01,WTRPRCFJI,15,2033,2.7
GLOBAL,LNDAGRFJIC01,WTRPRCFJI,15,2034,2.7
GLOBAL,LNDAGRFJIC01,WTRPRCFJI,15,2035,2.7
GLOBAL,LNDAGRFJIC01,WTRPRCFJI,15,2036,2.7
GLOBAL,LNDAGRFJIC01,WTRPRCFJI,15,2037,2.7
GLOBAL,LNDAGRFJIC01,WTRPRCFJI,15,2038,2.7
GLOBAL,LNDAGRFJIC01,WTRPRCFJI,15,2039,2.7
GLOBAL,LNDAGRFJIC01,WTRPRCFJI,15,2040,2.7
GLOBAL,LNDAGRFJIC01,WTRPRCFJI,15,2041,2.7
GLOBAL,LNDAGRFJIC01,WTRPRCFJI,15,2042,2.7
GLOBAL,LNDAGRFJIC01,WTRPRCFJI,15,2043,2.7
GLOBAL,LNDAGRFJIC01,WTRPRCFJI,15,2044,2.7
GLOBAL,LNDAGRFJIC01,WTRPRCFJI,15,2045,2.7
GLOBAL,LNDAGRFJIC01,WTRPRCFJI,15,2046,2.7
GLOBAL,LNDAGRFJIC01,WTRPRCFJI,15,2047,2.7
GLOBAL,LNDAGRFJIC01,WTRPRCFJI,15,2048,2.7
GLOBAL,LNDAGRFJIC01,WTRPRCFJI,15,2049,2.7
GLOBAL,LNDAGRFJIC01,WTRPRCFJI,15,2050,2.7
GLOBAL,LNDAGRFJIC01,AGRWATFJI,15,2022,0
GLOBAL,LNDAGRFJIC01,AGRWATFJI,15,2024,0
GLOBAL,LNDAGRFJIC01,AGRWATFJI,15,2026,0
GLOBAL,LNDAGRFJIC01,AGRWATFJI,15,2028,0
GLOBAL,LNDAGRFJIC01,AGRWATFJI,15,2030,0
GLOBAL,LNDAGRFJIC01,AGRWATFJI,15,2032,0
GLOBAL,LNDAGRFJIC01,AGRWATFJI,15,2034,0
GLOBAL,LNDAGRFJIC01,AGRWATFJI,15,2036,0
GLOBAL,LNDAGRFJIC01,AGRWATFJI,15,2038,0
GLOBAL,LNDAGRFJIC01,AGRWATFJI,15,2040,0
GLOBAL,LNDAGRFJIC01,AGRWATFJI,15,2042,0
GLOBAL,LNDAGRFJIC01,AGRWATFJI,15,2044,0
GLOBAL,LNDAGRFJIC01,AGRWATFJI,15,2046,0
GLOBAL,LNDAGRFJIC01,AGRWATFJI,15,2048,0
GLOBAL,LNDAGRFJIC01,AGRWATFJI,15,2050,0
GLOBAL,LNDAGRFJIC01,LSGCLRTOT,16,2020,1
GLOBAL,LNDAGRFJIC01,LSGCLRTOT,16,2021,1
GLOBAL,LNDAGRFJIC01,LSGCLRTOT,16,2022,1
GLOBAL,LNDAGRFJIC01,LSGCLRTOT,16,2023,1
GLOBAL,LNDAGRFJIC01,LSGCLRTOT,16,2024,1
GLOBAL,LNDAGRFJIC01,LSGCLRTOT,16,2025,1
GLOBAL,LNDAGRFJIC01,LSGCLRTOT,16,2026,1
GLOBAL,LNDAGRFJIC01,LSGCLRTOT,16,2027,1
GLOBAL,LNDAGRFJIC01,LSGCLRTOT,16,2028,1
GLOBAL,LNDAGRFJIC01,LSGCLRTOT,16,2029,1
GLOBAL,LNDAGRFJIC01,LSGCLRTOT,16,2030,1
GLOBAL,LNDAGRFJIC01,LSGCLRTOT,16,2031,1
GLOBAL,LNDAGRFJIC01,LSGCLRTOT,16,2032,1
GLOBAL,LNDAGRFJIC01,LSGCLRTOT,16,2033,1
GLOBAL,LNDAGRFJIC01,LSGCLRTOT,16,2034,1
GLOBAL,LNDAGRFJIC01,LSGCLRTOT,16,2035,1
GLOBAL,LNDAGRFJIC01,LSGCLRTOT,16,2036,1
GLOBAL,LNDAGRFJIC01,LSGCLRTOT,16,2037,1
GLOBAL,LNDAGRFJIC01,LSGCLRTOT,16,2038,1
GLOBAL,LNDAGRFJIC01,LSGCLRTOT,16,2039,1
GLOBAL,LNDAGRFJIC01,LSGCLRTOT,16,2040,1
GLOBAL,LNDAGRFJIC01,LSGCLRTOT,16,2041,1
GLOBAL,LNDAGRFJIC01,LSGCLRTOT,16,2042,1
GLOBAL,LNDAGRFJIC01,LSGCLRTOT,16,2043,1
GLOBAL,LNDAGRFJIC01,LSGCLRTOT,16,2044,1
GLOBAL,LNDAGRFJIC01,LSGCLRTOT,16,2045,1
GLOBAL,LNDAGRFJIC01,LSGCLRTOT,16,2046,1
GLOBAL,LNDAGRFJIC01,LSGCLRTOT,16,2047,1
GLOBAL,LNDAGRFJIC01,LSGCLRTOT,16,2048,1
GLOBAL,LNDAGRFJIC01,LSGCLRTOT,16,2049,1
GLOBAL,LNDAGRFJIC01,LSGCLRTOT,16,2050,1
GLOBAL,LNDAGRFJIC01,WTRPRCFJI,16,2020,2.7
GLOBAL,LNDAGRFJIC01,WTRPRCFJI,16,2021,2.7
GLOBAL,LNDAGRFJIC01,WTRPRCFJI,16,2022,2.7
GLOBAL,LNDAGRFJIC01,WTRPRCFJI,16,2023,2.7
GLOBAL,LNDAGRFJIC01,WTRPRCFJI,16,2024,2.7
GLOBAL,LNDAGRFJIC01,WTRPRCFJI,16,2025,2.7
GLOBAL,LNDAGRFJIC01,WTRPRCFJI,16,2026,2.7
GLOBAL,LNDAGRFJIC01,WTRPRCFJI,16,2027,2.7
GLOBAL,LNDAGRFJIC01,WTRPRCFJI,16,2028,2.7
GLOBAL,LNDAGRFJIC01,WTRPRCFJI,16,2029,2.7
GLOBAL,LNDAGRFJIC01,WTRPRCFJI,16,2030,2.7
GLOBAL,LNDAGRFJIC01,WTRPRCFJI,16,2031,2.7
GLOBAL,LNDAGRFJIC01,WTRPRCFJI,16,2032,2.7
GLOBAL,LNDAGRFJIC01,WTRPRCFJI,16,2033,2.7
GLOBAL,LNDAGRFJIC01,WTRPRCFJI,16,2034,2.7
GLOBAL,LNDAGRFJIC01,WTRPRCFJI,16,2035,2.7
GLOBAL,LNDAGRFJIC01,WTRPRCFJI,16,2036,2.7
GLOBAL,LNDAGRFJIC01,WTRPRCFJI,16,2037,2.7
GLOBAL,LNDAGRFJIC01,WTRPRCFJI,16,2038,2.7
GLOBAL,LNDAGRFJIC01,WTRPRCFJI,16,2039,2.7
GLOBAL,LNDAGRFJIC01,WTRPRCFJI,16,2040,2.7
GLOBAL,LNDAGRFJIC01,WTRPRCFJI,16,2041,2.7
GLOBAL,LNDAGRFJIC01,WTRPRCFJI,16,2042,2.7
GLOBAL,LNDAGRFJIC01,WTRPRCFJI,16,2043,2.7
GLOBAL,LNDAGRFJIC01,WTRPRCFJI,16,2044,2.7
GLOBAL,LNDAGRFJIC01,WTRPRCFJI,16,2045,2.7
GLOBAL,LNDAGRFJIC01,WTRPRCFJI,16,2046,2.7
GLOBAL,LNDAGRFJIC01,WTRPRCFJI,16,2047,2.7
GLOBAL,LNDAGRFJIC01,WTRPRCFJI,16,2048,2.7
GLOBAL,LNDAGRFJIC01,WTRPRCFJI,16,2049,2.7
GLOBAL,LNDAGRFJIC01,WTRPRCFJI,16,2050,2.7
GLOBAL,LNDAGRFJIC01,AGRWATFJI,16,2022,0
GLOBAL,LNDAGRFJIC01,AGRWATFJI,16,2024,0
GLOBAL,LNDAGRFJIC01,AGRWATFJI,16,2026,0
GLOBAL,LNDAGRFJIC01,AGRWATFJI,16,2028,0
GLOBAL,LNDAGRFJIC01,AGRWATFJI,16,2030,0
GLOBAL,LNDAGRFJIC01,AGRWATFJI,16,2032,0
GLOBAL,LNDAGRFJIC01,AGRWATFJI,16,2034,0
GLOBAL,LNDAGRFJIC01,AGRWATFJI,16,2036,0
GLOBAL,LNDAGRFJIC01,AGRWATFJI,16,2038,0
GLOBAL,LNDAGRFJIC01,AGRWATFJI,16,2040,0
GLOBAL,LNDAGRFJIC01,AGRWATFJI,16,2042,0
GLOBAL,LNDAGRFJIC01,AGRWATFJI,16,2044,0
GLOBAL,LNDAGRFJIC01,AGRWATFJI,16,2046,0
GLOBAL,LNDAGRFJIC01,AGRWATFJI,16,2048,0
GLOBAL,LNDAGRFJIC01,AGRWATFJI,16,2050,0
GLOBAL,LNDAGRFJIC01,LOTHLITOT,17,2020,1
GLOBAL,LNDAGRFJIC01,LOTHLITOT,17,2021,1
GLOBAL,LNDAGRFJIC01,LOTHLITOT,17,2022,1
GLOBAL,LNDAGRFJIC01,LOTHLITOT,17,2023,1
GLOBAL,LNDAGRFJIC01,LOTHLITOT,17,2024,1
GLOBAL,LNDAGRFJIC01,LOTHLITOT,17,2025,1
GLOBAL,LNDAGRFJIC01,LOTHLITOT,17,2026,1
GLOBAL,LNDAGRFJIC01,LOTHLITOT,17,2027,1
GLOBAL,LNDAGRFJIC01,LOTHLITOT,17,2028,1
GLOBAL,LNDAGRFJIC01,LOTHLITOT,17,2029,1
GLOBAL,LNDAGRFJIC01,LOTHLITOT,17,2030,1
GLOBAL,LNDAGRFJIC01,LOTHLITOT,17,2031,1
GLOBAL,LNDAGRFJIC01,LOTHLITOT,17,2032,1
GLOBAL,LNDAGRFJIC01,LOTHLITOT,17,2033,1
GLOBAL,LNDAGRFJIC01,LOTHLITOT,17,2034,1
GLOBAL,LNDAGRFJIC01,LOTHLITOT,17,2035,1
GLOBAL,LNDAGRFJIC01,LOTHLITOT,17,2036,1
GLOBAL,LNDAGRFJIC01,LOTHLITOT,17,2037,1
GLOBAL,LNDAGRFJIC01,LOTHLITOT,17,2038,1
GLOBAL,LNDAGRFJIC01,LOTHLITOT,17,2039,1
GLOBAL,LNDAGRFJIC01,LOTHLITOT,17,2040,1
GLOBAL,LNDAGRFJIC01,LOTHLITOT,17,2041,1
GLOBAL,LNDAGRFJIC01,LOTHLITOT,17,2042,1
GLOBAL,LNDAGRFJIC01,LOTHLITOT,17,2043,1
GLOBAL,LNDAGRFJIC01,LOTHLITOT,17,2044,1
GLOBAL,LNDAGRFJIC01,LOTHLITOT,17,2045,1
GLOBAL,LNDAGRFJIC01,LOTHLITOT,17,2046,1
GLOBAL,LNDAGRFJIC01,LOTHLITOT,17,2047,1
GLOBAL,LNDAGRFJIC01,LOTHLITOT,17,2048,1
GLOBAL,LNDAGRFJIC01,LOTHLITOT,17,2049,1
GLOBAL,LNDAGRFJIC01,LOTHLITOT,17,2050,1
GLOBAL,LNDAGRFJIC01,WTRPRCFJI,17,2020,2.7
GLOBAL,LNDAGRFJIC01,WTRPRCFJI,17,2021,2.7
GLOBAL,LNDAGRFJIC01,WTRPRCFJI,17,2022,2.7
GLOBAL,LNDAGRFJIC01,WTRPRCFJI,17,2023,2.7
GLOBAL,LNDAGRFJIC01,WTRPRCFJI,17,2024,2.7
GLOBAL,LNDAGRFJIC01,WTRPRCFJI,17,2025,2.7
GLOBAL,LNDAGRFJIC01,WTRPRCFJI,17,2026,2.7
GLOBAL,LNDAGRFJIC01,WTRPRCFJI,17,2027,2.7
GLOBAL,LNDAGRFJIC01,WTRPRCFJI,17,2028,2.7
GLOBAL,LNDAGRFJIC01,WTRPRCFJI,17,2029,2.7
GLOBAL,LNDAGRFJIC01,WTRPRCFJI,17,2030,2.7
GLOBAL,LNDAGRFJIC01,WTRPRCFJI,17,2031,2.7
GLOBAL,LNDAGRFJIC01,WTRPRCFJI,17,2032,2.7
GLOBAL,LNDAGRFJIC01,WTRPRCFJI,17,2033,2.7
GLOBAL,LNDAGRFJIC01,WTRPRCFJI,17,2034,2.7
GLOBAL,LNDAGRFJIC01,WTRPRCFJI,17,2035,2.7
GLOBAL,LNDAGRFJIC01,WTRPRCFJI,17,2036,2.7
GLOBAL,LNDAGRFJIC01,WTRPRCFJI,17,2037,2.7
GLOBAL,LNDAGRFJIC01,WTRPRCFJI,17,2038,2.7
GLOBAL,LNDAGRFJIC01,WTRPRCFJI,17,2039,2.7
GLOBAL,LNDAGRFJIC01,WTRPRCFJI,17,2040,2.7
GLOBAL,LNDAGRFJIC01,WTRPRCFJI,17,2041,2.7
GLOBAL,LNDAGRFJIC01,WTRPRCFJI,17,2042,2.7
GLOBAL,LNDAGRFJIC01,WTRPRCFJI,17,2043,2.7
GLOBAL,LNDAGRFJIC01,WTRPRCFJI,17,2044,2.7
GLOBAL,LNDAGRFJIC01,WTRPRCFJI,17,2045,2.7
GLOBAL,LNDAGRFJIC01,WTRPRCFJI,17,2046,2.7
GLOBAL,LNDAGRFJIC01,WTRPRCFJI,17,2047,2.7
GLOBAL,LNDAGRFJIC01,WTRPRCFJI,17,2048,2.7
GLOBAL,LNDAGRFJIC01,WTRPRCFJI,17,2049,2.7
GLOBAL,LNDAGRFJIC01,WTRPRCFJI,17,2050,2.7
GLOBAL,LNDAGRFJIC01,AGRWATFJI,17,2020,0.0006
GLOBAL,LNDAGRFJIC01,AGRWATFJI,17,2021,0.0006
GLOBAL,LNDAGRFJIC01,AGRWATFJI,17,2022,0.0006
GLOBAL,LNDAGRFJIC01,AGRWATFJI,17,2023,0.0006
GLOBAL,LNDAGRFJIC01,AGRWATFJI,17,2024,0.0006
GLOBAL,LNDAGRFJIC01,AGRWATFJI,17,2025,0.0006
GLOBAL,LNDAGRFJIC01,AGRWATFJI,17,2026,0.0006
GLOBAL,LNDAGRFJIC01,AGRWATFJI,17,2027,0.0006
GLOBAL,LNDAGRFJIC01,AGRWATFJI,17,2028,0.0006
GLOBAL,LNDAGRFJIC01,AGRWATFJI,17,2029,0.0006
GLOBAL,LNDAGRFJIC01,AGRWATFJI,17,2030,0.0006
GLOBAL,LNDAGRFJIC01,AGRWATFJI,17,2031,0.0006
GLOBAL,LNDAGRFJIC01,AGRWATFJI,17,2032,0.0006
GLOBAL,LNDAGRFJIC01,AGRWATFJI,17,2033,0.0006
GLOBAL,LNDAGRFJIC01,AGRWATFJI,17,2034,0.0006
GLOBAL,LNDAGRFJIC01,AGRWATFJI,17,2035,0.0006
GLOBAL,LNDAGRFJIC01,AGRWATFJI,17,2036,0.0006
GLOBAL,LNDAGRFJIC01,AGRWATFJI,17,2037,0.0006
GLOBAL,LNDAGRFJIC01,AGRWATFJI,17,2038,0.0006
GLOBAL,LNDAGRFJIC01,AGRWATFJI,17,2039,0.0006
GLOBAL,LNDAGRFJIC01,AGRWATFJI,17,2040,0.0006
GLOBAL,LNDAGRFJIC01,AGRWATFJI,17,2041,0.0006
GLOBAL,LNDAGRFJIC01,AGRWATFJI,17,2042,0.0006
GLOBAL,LNDAGRFJIC01,AGRWATFJI,17,2043,0.0006
GLOBAL,LNDAGRFJIC01,AGRWATFJI,17,2044,0.0006
GLOBAL,LNDAGRFJIC01,AGRWATFJI,17,2045,0.0006
GLOBAL,LNDAGRFJIC01,AGRWATFJI,17,2046,0.0006
GLOBAL,LNDAGRFJIC01,AGRWATFJI,17,2047,0.0006
GLOBAL,LNDAGRFJIC01,AGRWATFJI,17,2048,0.0006
GLOBAL,LNDAGRFJIC01,AGRWATFJI,17,2049,0.0006
GLOBAL,LNDAGRFJIC01,AGRWATFJI,17,2050,0.0006
GLOBAL,LNDAGRFJIC01,LOTHHITOT,18,2020,1
GLOBAL,LNDAGRFJIC01,LOTHHITOT,18,2021,1
GLOBAL,LNDAGRFJIC01,LOTHHITOT,18,2022,1
GLOBAL,LNDAGRFJIC01,LOTHHITOT,18,2023,1
GLOBAL,LNDAGRFJIC01,LOTHHITOT,18,2024,1
GLOBAL,LNDAGRFJIC01,LOTHHITOT,18,2025,1
GLOBAL,LNDAGRFJIC01,LOTHHITOT,18,2026,1
GLOBAL,LNDAGRFJIC01,LOTHHITOT,18,2027,1
GLOBAL,LNDAGRFJIC01,LOTHHITOT,18,2028,1
GLOBAL,LNDAGRFJIC01,LOTHHITOT,18,2029,1
GLOBAL,LNDAGRFJIC01,LOTHHITOT,18,2030,1
GLOBAL,LNDAGRFJIC01,LOTHHITOT,18,2031,1
GLOBAL,LNDAGRFJIC01,LOTHHITOT,18,2032,1
GLOBAL,LNDAGRFJIC01,LOTHHITOT,18,2033,1
GLOBAL,LNDAGRFJIC01,LOTHHITOT,18,2034,1
GLOBAL,LNDAGRFJIC01,LOTHHITOT,18,2035,1
GLOBAL,LNDAGRFJIC01,LOTHHITOT,18,2036,1
GLOBAL,LNDAGRFJIC01,LOTHHITOT,18,2037,1
GLOBAL,LNDAGRFJIC01,LOTHHITOT,18,2038,1
GLOBAL,LNDAGRFJIC01,LOTHHITOT,18,2039,1
GLOBAL,LNDAGRFJIC01,LOTHHITOT,18,2040,1
GLOBAL,LNDAGRFJIC01,LOTHHITOT,18,2041,1
GLOBAL,LNDAGRFJIC01,LOTHHITOT,18,2042,1
GLOBAL,LNDAGRFJIC01,LOTHHITOT,18,2043,1
GLOBAL,LNDAGRFJIC01,LOTHHITOT,18,2044,1
GLOBAL,LNDAGRFJIC01,LOTHHITOT,18,2045,1
GLOBAL,LNDAGRFJIC01,LOTHHITOT,18,2046,1
GLOBAL,LNDAGRFJIC01,LOTHHITOT,18,2047,1
GLOBAL,LNDAGRFJIC01,LOTHHITOT,18,2048,1
GLOBAL,LNDAGRFJIC01,LOTHHITOT,18,2049,1
GLOBAL,LNDAGRFJIC01,LOTHHITOT,18,2050,1
GLOBAL,LNDAGRFJIC01,WTRPRCFJI,18,2020,2.7
GLOBAL,LNDAGRFJIC01,WTRPRCFJI,18,2021,2.7
GLOBAL,LNDAGRFJIC01,WTRPRCFJI,18,2022,2.7
GLOBAL,LNDAGRFJIC01,WTRPRCFJI,18,2023,2.7
GLOBAL,LNDAGRFJIC01,WTRPRCFJI,18,2024,2.7
GLOBAL,LNDAGRFJIC01,WTRPRCFJI,18,2025,2.7
GLOBAL,LNDAGRFJIC01,WTRPRCFJI,18,2026,2.7
GLOBAL,LNDAGRFJIC01,WTRPRCFJI,18,2027,2.7
GLOBAL,LNDAGRFJIC01,WTRPRCFJI,18,2028,2.7
GLOBAL,LNDAGRFJIC01,WTRPRCFJI,18,2029,2.7
GLOBAL,LNDAGRFJIC01,WTRPRCFJI,18,2030,2.7
GLOBAL,LNDAGRFJIC01,WTRPRCFJI,18,2031,2.7
GLOBAL,LNDAGRFJIC01,WTRPRCFJI,18,2032,2.7
GLOBAL,LNDAGRFJIC01,WTRPRCFJI,18,2033,2.7
GLOBAL,LNDAGRFJIC01,WTRPRCFJI,18,2034,2.7
GLOBAL,LNDAGRFJIC01,WTRPRCFJI,18,2035,2.7
GLOBAL,LNDAGRFJIC01,WTRPRCFJI,18,2036,2.7
GLOBAL,LNDAGRFJIC01,WTRPRCFJI,18,2037,2.7
GLOBAL,LNDAGRFJIC01,WTRPRCFJI,18,2038,2.7
GLOBAL,LNDAGRFJIC01,WTRPRCFJI,18,2039,2.7
GLOBAL,LNDAGRFJIC01,WTRPRCFJI,18,2040,2.7
GLOBAL,LNDAGRFJIC01,WTRPRCFJI,18,2041,2.7
GLOBAL,LNDAGRFJIC01,WTRPRCFJI,18,2042,2.7
GLOBAL,LNDAGRFJIC01,WTRPRCFJI,18,2043,2.7
GLOBAL,LNDAGRFJIC01,WTRPRCFJI,18,2044,2.7
GLOBAL,LNDAGRFJIC01,WTRPRCFJI,18,2045,2.7
GLOBAL,LNDAGRFJIC01,WTRPRCFJI,18,2046,2.7
GLOBAL,LNDAGRFJIC01,WTRPRCFJI,18,2047,2.7
GLOBAL,LNDAGRFJIC01,WTRPRCFJI,18,2048,2.7
GLOBAL,LNDAGRFJIC01,WTRPRCFJI,18,2049,2.7
GLOBAL,LNDAGRFJIC01,WTRPRCFJI,18,2050,2.7
GLOBAL,LNDAGRFJIC01,AGRWATFJI,18,2020,0.042
GLOBAL,LNDAGRFJIC01,AGRWATFJI,18,2021,0.042
GLOBAL,LNDAGRFJIC01,AGRWATFJI,18,2022,0.042
GLOBAL,LNDAGRFJIC01,AGRWATFJI,18,2023,0.042
GLOBAL,LNDAGRFJIC01,AGRWATFJI,18,2024,0.042
GLOBAL,LNDAGRFJIC01,AGRWATFJI,18,2025,0.042
GLOBAL,LNDAGRFJIC01,AGRWATFJI,18,2026,0.042
GLOBAL,LNDAGRFJIC01,AGRWATFJI,18,2027,0.042
GLOBAL,LNDAGRFJIC01,AGRWATFJI,18,2028,0.042
GLOBAL,LNDAGRFJIC01,AGRWATFJI,18,2029,0.042
GLOBAL,LNDAGRFJIC01,AGRWATFJI,18,2030,0.042
GLOBAL,LNDAGRFJIC01,AGRWATFJI,18,2031,0.042
GLOBAL,LNDAGRFJIC01,AGRWATFJI,18,2032,0.042
GLOBAL,LNDAGRFJIC01,AGRWATFJI,18,2033,0.042
GLOBAL,LNDAGRFJIC01,AGRWATFJI,18,2034,0.042
GLOBAL,LNDAGRFJIC01,AGRWATFJI,18,2035,0.042
GLOBAL,LNDAGRFJIC01,AGRWATFJI,18,2036,0.042
GLOBAL,LNDAGRFJIC01,AGRWATFJI,18,2037,0.042
GLOBAL,LNDAGRFJIC01,AGRWATFJI,18,2038,0.042
GLOBAL,LNDAGRFJIC01,AGRWATFJI,18,2039,0.042
GLOBAL,LNDAGRFJIC01,AGRWATFJI,18,2040,0.042
GLOBAL,LNDAGRFJIC01,AGRWATFJI,18,2041,0.042
GLOBAL,LNDAGRFJIC01,AGRWATFJI,18,2042,0.042
GLOBAL,LNDAGRFJIC01,AGRWATFJI,18,2043,0.042
GLOBAL,LNDAGRFJIC01,AGRWATFJI,18,2044,0.042
GLOBAL,LNDAGRFJIC01,AGRWATFJI,18,2045,0.042
GLOBAL,LNDAGRFJIC01,AGRWATFJI,18,2046,0.042
GLOBAL,LNDAGRFJIC01,AGRWATFJI,18,2047,0.042
GLOBAL,LNDAGRFJIC01,AGRWATFJI,18,2048,0.042
GLOBAL,LNDAGRFJIC01,AGRWATFJI,18,2049,0.042
GLOBAL,LNDAGRFJIC01,AGRWATFJI,18,2050,0.042
GLOBAL,LNDAGRFJIC01,LOTHLRTOT,19,2020,1
GLOBAL,LNDAGRFJIC01,LOTHLRTOT,19,2021,1
GLOBAL,LNDAGRFJIC01,LOTHLRTOT,19,2022,1
GLOBAL,LNDAGRFJIC01,LOTHLRTOT,19,2023,1
GLOBAL,LNDAGRFJIC01,LOTHLRTOT,19,2024,1
GLOBAL,LNDAGRFJIC01,LOTHLRTOT,19,2025,1
GLOBAL,LNDAGRFJIC01,LOTHLRTOT,19,2026,1
GLOBAL,LNDAGRFJIC01,LOTHLRTOT,19,2027,1
GLOBAL,LNDAGRFJIC01,LOTHLRTOT,19,2028,1
GLOBAL,LNDAGRFJIC01,LOTHLRTOT,19,2029,1
GLOBAL,LNDAGRFJIC01,LOTHLRTOT,19,2030,1
GLOBAL,LNDAGRFJIC01,LOTHLRTOT,19,2031,1
GLOBAL,LNDAGRFJIC01,LOTHLRTOT,19,2032,1
GLOBAL,LNDAGRFJIC01,LOTHLRTOT,19,2033,1
GLOBAL,LNDAGRFJIC01,LOTHLRTOT,19,2034,1
GLOBAL,LNDAGRFJIC01,LOTHLRTOT,19,2035,1
GLOBAL,LNDAGRFJIC01,LOTHLRTOT,19,2036,1
GLOBAL,LNDAGRFJIC01,LOTHLRTOT,19,2037,1
GLOBAL,LNDAGRFJIC01,LOTHLRTOT,19,2038,1
GLOBAL,LNDAGRFJIC01,LOTHLRTOT,19,2039,1
GLOBAL,LNDAGRFJIC01,LOTHLRTOT,19,2040,1
GLOBAL,LNDAGRFJIC01,LOTHLRTOT,19,2041,1
GLOBAL,LNDAGRFJIC01,LOTHLRTOT,19,2042,1
GLOBAL,LNDAGRFJIC01,LOTHLRTOT,19,2043,1
GLOBAL,LNDAGRFJIC01,LOTHLRTOT,19,2044,1
GLOBAL,LNDAGRFJIC01,LOTHLRTOT,19,2045,1
GLOBAL,LNDAGRFJIC01,LOTHLRTOT,19,2046,1
GLOBAL,LNDAGRFJIC01,LOTHLRTOT,19,2047,1
GLOBAL,LNDAGRFJIC01,LOTHLRTOT,19,2048,1
GLOBAL,LNDAGRFJIC01,LOTHLRTOT,19,2049,1
GLOBAL,LNDAGRFJIC01,LOTHLRTOT,19,2050,1
GLOBAL,LNDAGRFJIC01,WTRPRCFJI,19,2020,2.7
GLOBAL,LNDAGRFJIC01,WTRPRCFJI,19,2021,2.7
GLOBAL,LNDAGRFJIC01,WTRPRCFJI,19,2022,2.7
GLOBAL,LNDAGRFJIC01,WTRPRCFJI,19,2023,2.7
GLOBAL,LNDAGRFJIC01,WTRPRCFJI,19,2024,2.7
GLOBAL,LNDAGRFJIC01,WTRPRCFJI,19,2025,2.7
GLOBAL,LNDAGRFJIC01,WTRPRCFJI,19,2026,2.7
GLOBAL,LNDAGRFJIC01,WTRPRCFJI,19,2027,2.7
GLOBAL,LNDAGRFJIC01,WTRPRCFJI,19,2028,2.7
GLOBAL,LNDAGRFJIC01,WTRPRCFJI,19,2029,2.7
GLOBAL,LNDAGRFJIC01,WTRPRCFJI,19,2030,2.7
GLOBAL,LNDAGRFJIC01,WTRPRCFJI,19,2031,2.7
GLOBAL,LNDAGRFJIC01,WTRPRCFJI,19,2032,2.7
GLOBAL,LNDAGRFJIC01,WTRPRCFJI,19,2033,2.7
GLOBAL,LNDAGRFJIC01,WTRPRCFJI,19,2034,2.7
GLOBAL,LNDAGRFJIC01,WTRPRCFJI,19,2035,2.7
GLOBAL,LNDAGRFJIC01,WTRPRCFJI,19,2036,2.7
GLOBAL,LNDAGRFJIC01,WTRPRCFJI,19,2037,2.7
GLOBAL,LNDAGRFJIC01,WTRPRCFJI,19,2038,2.7
GLOBAL,LNDAGRFJIC01,WTRPRCFJI,19,2039,2.7
GLOBAL,LNDAGRFJIC01,WTRPRCFJI,19,2040,2.7
GLOBAL,LNDAGRFJIC01,WTRPRCFJI,19,2041,2.7
GLOBAL,LNDAGRFJIC01,WTRPRCFJI,19,2042,2.7
GLOBAL,LNDAGRFJIC01,WTRPRCFJI,19,2043,2.7
GLOBAL,LNDAGRFJIC01,WTRPRCFJI,19,2044,2.7
GLOBAL,LNDAGRFJIC01,WTRPRCFJI,19,2045,2.7
GLOBAL,LNDAGRFJIC01,WTRPRCFJI,19,2046,2.7
GLOBAL,LNDAGRFJIC01,WTRPRCFJI,19,2047,2.7
GLOBAL,LNDAGRFJIC01,WTRPRCFJI,19,2048,2.7
GLOBAL,LNDAGRFJIC01,WTRPRCFJI,19,2049,2.7
GLOBAL,LNDAGRFJIC01,WTRPRCFJI,19,2050,2.7
GLOBAL,LNDAGRFJIC01,AGRWATFJI,19,2022,0
GLOBAL,LNDAGRFJIC01,AGRWATFJI,19,2024,0
GLOBAL,LNDAGRFJIC01,AGRWATFJI,19,2026,0
GLOBAL,LNDAGRFJIC01,AGRWATFJI,19,2028,0
GLOBAL,LNDAGRFJIC01,AGRWATFJI,19,2030,0
GLOBAL,LNDAGRFJIC01,AGRWATFJI,19,2032,0
GLOBAL,LNDAGRFJIC01,AGRWATFJI,19,2034,0
GLOBAL,LNDAGRFJIC01,AGRWATFJI,19,2036,0
GLOBAL,LNDAGRFJIC01,AGRWATFJI,19,2038,0
GLOBAL,LNDAGRFJIC01,AGRWATFJI,19,2040,0
GLOBAL,LNDAGRFJIC01,AGRWATFJI,19,2042,0
GLOBAL,LNDAGRFJIC01,AGRWATFJI,19,2044,0
GLOBAL,LNDAGRFJIC01,AGRWATFJI,19,2046,0
GLOBAL,LNDAGRFJIC01,AGRWATFJI,19,2048,0
GLOBAL,LNDAGRFJIC01,AGRWATFJI,19,2050,0
GLOBAL,LNDAGRFJIC01,LOTHHRTOT,20,2020,1
GLOBAL,LNDAGRFJIC01,LOTHHRTOT,20,2021,1
GLOBAL,LNDAGRFJIC01,LOTHHRTOT,20,2022,1
GLOBAL,LNDAGRFJIC01,LOTHHRTOT,20,2023,1
GLOBAL,LNDAGRFJIC01,LOTHHRTOT,20,2024,1
GLOBAL,LNDAGRFJIC01,LOTHHRTOT,20,2025,1
GLOBAL,LNDAGRFJIC01,LOTHHRTOT,20,2026,1
GLOBAL,LNDAGRFJIC01,LOTHHRTOT,20,2027,1
GLOBAL,LNDAGRFJIC01,LOTHHRTOT,20,2028,1
GLOBAL,LNDAGRFJIC01,LOTHHRTOT,20,2029,1
GLOBAL,LNDAGRFJIC01,LOTHHRTOT,20,2030,1
GLOBAL,LNDAGRFJIC01,LOTHHRTOT,20,2031,1
GLOBAL,LNDAGRFJIC01,LOTHHRTOT,20,2032,1
GLOBAL,LNDAGRFJIC01,LOTHHRTOT,20,2033,1
GLOBAL,LNDAGRFJIC01,LOTHHRTOT,20,2034,1
GLOBAL,LNDAGRFJIC01,LOTHHRTOT,20,2035,1
GLOBAL,LNDAGRFJIC01,LOTHHRTOT,20,2036,1
GLOBAL,LNDAGRFJIC01,LOTHHRTOT,20,2037,1
GLOBAL,LNDAGRFJIC01,LOTHHRTOT,20,2038,1
GLOBAL,LNDAGRFJIC01,LOTHHRTOT,20,2039,1
GLOBAL,LNDAGRFJIC01,LOTHHRTOT,20,2040,1
GLOBAL,LNDAGRFJIC01,LOTHHRTOT,20,2041,1
GLOBAL,LNDAGRFJIC01,LOTHHRTOT,20,2042,1
GLOBAL,LNDAGRFJIC01,LOTHHRTOT,20,2043,1
GLOBAL,LNDAGRFJIC01,LOTHHRTOT,20,2044,1
GLOBAL,LNDAGRFJIC01,LOTHHRTOT,20,2045,1
GLOBAL,LNDAGRFJIC01,LOTHHRTOT,20,2046,1
GLOBAL,LNDAGRFJIC01,LOTHHRTOT,20,2047,1
GLOBAL,LNDAGRFJIC01,LOTHHRTOT,20,2048,1
GLOBAL,LNDAGRFJIC01,LOTHHRTOT,20,2049,1
GLOBAL,LNDAGRFJIC01,LOTHHRTOT,20,2050,1
GLOBAL,LNDAGRFJIC01,WTRPRCFJI,20,2020,2.7
GLOBAL,LNDAGRFJIC01,WTRPRCFJI,20,2021,2.7
GLOBAL,LNDAGRFJIC01,WTRPRCFJI,20,2022,2.7
GLOBAL,LNDAGRFJIC01,WTRPRCFJI,20,2023,2.7
GLOBAL,LNDAGRFJIC01,WTRPRCFJI,20,2024,2.7
GLOBAL,LNDAGRFJIC01,WTRPRCFJI,20,2025,2.7
GLOBAL,LNDAGRFJIC01,WTRPRCFJI,20,2026,2.7
GLOBAL,LNDAGRFJIC01,WTRPRCFJI,20,2027,2.7
GLOBAL,LNDAGRFJIC01,WTRPRCFJI,20,2028,2.7
GLOBAL,LNDAGRFJIC01,WTRPRCFJI,20,2029,2.7
GLOBAL,LNDAGRFJIC01,WTRPRCFJI,20,2030,2.7
GLOBAL,LNDAGRFJIC01,WTRPRCFJI,20,2031,2.7
GLOBAL,LNDAGRFJIC01,WTRPRCFJI,20,2032,2.7
GLOBAL,LNDAGRFJIC01,WTRPRCFJI,20,2033,2.7
GLOBAL,LNDAGRFJIC01,WTRPRCFJI,20,2034,2.7
GLOBAL,LNDAGRFJIC01,WTRPRCFJI,20,2035,2.7
GLOBAL,LNDAGRFJIC01,WTRPRCFJI,20,2036,2.7
GLOBAL,LNDAGRFJIC01,WTRPRCFJI,20,2037,2.7
GLOBAL,LNDAGRFJIC01,WTRPRCFJI,20,2038,2.7
GLOBAL,LNDAGRFJIC01,WTRPRCFJI,20,2039,2.7
GLOBAL,LNDAGRFJIC01,WTRPRCFJI,20,2040,2.7
GLOBAL,LNDAGRFJIC01,WTRPRCFJI,20,2041,2.7
GLOBAL,LNDAGRFJIC01,WTRPRCFJI,20,2042,2.7
GLOBAL,LNDAGRFJIC01,WTRPRCFJI,20,2043,2.7
GLOBAL,LNDAGRFJIC01,WTRPRCFJI,20,2044,2.7
GLOBAL,LNDAGRFJIC01,WTRPRCFJI,20,2045,2.7
GLOBAL,LNDAGRFJIC01,WTRPRCFJI,20,2046,2.7
GLOBAL,LNDAGRFJIC01,WTRPRCFJI,20,2047,2.7
GLOBAL,LNDAGRFJIC01,WTRPRCFJI,20,2048,2.7
GLOBAL,LNDAGRFJIC01,WTRPRCFJI,20,2049,2.7
GLOBAL,LNDAGRFJIC01,WTRPRCFJI,20,2050,2.7
GLOBAL,LNDAGRFJIC01,AGRWATFJI,20,2022,0
GLOBAL,LNDAGRFJIC01,AGRWATFJI,20,2024,0
GLOBAL,LNDAGRFJIC01,AGRWATFJI,20,2026,0
GLOBAL,LNDAGRFJIC01,AGRWATFJI,20,2028,0
GLOBAL,LNDAGRFJIC01,AGRWATFJI,20,2030,0
GLOBAL,LNDAGRFJIC01,AGRWATFJI,20,2032,0
GLOBAL,LNDAGRFJIC01,AGRWATFJI,20,2034,0
GLOBAL,LNDAGRFJIC01,AGRWATFJI,20,2036,0
GLOBAL,LNDAGRFJIC01,AGRWATFJI,20,2038,0
GLOBAL,LNDAGRFJIC01,AGRWATFJI,20,2040,0
GLOBAL,LNDAGRFJIC01,AGRWATFJI,20,2042,0
GLOBAL,LNDAGRFJIC01,AGRWATFJI,20,2044,0
GLOBAL,LNDAGRFJIC01,AGRWATFJI,20,2046,0
GLOBAL,LNDAGRFJIC01,AGRWATFJI,20,2048,0
GLOBAL,LNDAGRFJIC01,AGRWATFJI,20,2050,0
GLOBAL,LNDAGRFJIC02,LYAMLITOT,1,2020,1
GLOBAL,LNDAGRFJIC02,LYAMLITOT,1,2021,1
GLOBAL,LNDAGRFJIC02,LYAMLITOT,1,2022,1
GLOBAL,LNDAGRFJIC02,LYAMLITOT,1,2023,1
GLOBAL,LNDAGRFJIC02,LYAMLITOT,1,2024,1
GLOBAL,LNDAGRFJIC02,LYAMLITOT,1,2025,1
GLOBAL,LNDAGRFJIC02,LYAMLITOT,1,2026,1
GLOBAL,LNDAGRFJIC02,LYAMLITOT,1,2027,1
GLOBAL,LNDAGRFJIC02,LYAMLITOT,1,2028,1
GLOBAL,LNDAGRFJIC02,LYAMLITOT,1,2029,1
GLOBAL,LNDAGRFJIC02,LYAMLITOT,1,2030,1
GLOBAL,LNDAGRFJIC02,LYAMLITOT,1,2031,1
GLOBAL,LNDAGRFJIC02,LYAMLITOT,1,2032,1
GLOBAL,LNDAGRFJIC02,LYAMLITOT,1,2033,1
GLOBAL,LNDAGRFJIC02,LYAMLITOT,1,2034,1
GLOBAL,LNDAGRFJIC02,LYAMLITOT,1,2035,1
GLOBAL,LNDAGRFJIC02,LYAMLITOT,1,2036,1
GLOBAL,LNDAGRFJIC02,LYAMLITOT,1,2037,1
GLOBAL,LNDAGRFJIC02,LYAMLITOT,1,2038,1
GLOBAL,LNDAGRFJIC02,LYAMLITOT,1,2039,1
GLOBAL,LNDAGRFJIC02,LYAMLITOT,1,2040,1
GLOBAL,LNDAGRFJIC02,LYAMLITOT,1,2041,1
GLOBAL,LNDAGRFJIC02,LYAMLITOT,1,2042,1
GLOBAL,LNDAGRFJIC02,LYAMLITOT,1,2043,1
GLOBAL,LNDAGRFJIC02,LYAMLITOT,1,2044,1
GLOBAL,LNDAGRFJIC02,LYAMLITOT,1,2045,1
GLOBAL,LNDAGRFJIC02,LYAMLITOT,1,2046,1
GLOBAL,LNDAGRFJIC02,LYAMLITOT,1,2047,1
GLOBAL,LNDAGRFJIC02,LYAMLITOT,1,2048,1
GLOBAL,LNDAGRFJIC02,LYAMLITOT,1,2049,1
GLOBAL,LNDAGRFJIC02,LYAMLITOT,1,2050,1
GLOBAL,LNDAGRFJIC02,WTRPRCFJI,1,2020,2.5
GLOBAL,LNDAGRFJIC02,WTRPRCFJI,1,2021,2.5
GLOBAL,LNDAGRFJIC02,WTRPRCFJI,1,2022,2.5
GLOBAL,LNDAGRFJIC02,WTRPRCFJI,1,2023,2.5
GLOBAL,LNDAGRFJIC02,WTRPRCFJI,1,2024,2.5
GLOBAL,LNDAGRFJIC02,WTRPRCFJI,1,2025,2.5
GLOBAL,LNDAGRFJIC02,WTRPRCFJI,1,2026,2.5
GLOBAL,LNDAGRFJIC02,WTRPRCFJI,1,2027,2.5
GLOBAL,LNDAGRFJIC02,WTRPRCFJI,1,2028,2.5
GLOBAL,LNDAGRFJIC02,WTRPRCFJI,1,2029,2.5
GLOBAL,LNDAGRFJIC02,WTRPRCFJI,1,2030,2.5
GLOBAL,LNDAGRFJIC02,WTRPRCFJI,1,2031,2.5
GLOBAL,LNDAGRFJIC02,WTRPRCFJI,1,2032,2.5
GLOBAL,LNDAGRFJIC02,WTRPRCFJI,1,2033,2.5
GLOBAL,LNDAGRFJIC02,WTRPRCFJI,1,2034,2.5
GLOBAL,LNDAGRFJIC02,WTRPRCFJI,1,2035,2.5
GLOBAL,LNDAGRFJIC02,WTRPRCFJI,1,2036,2.5
GLOBAL,LNDAGRFJIC02,WTRPRCFJI,1,2037,2.5
GLOBAL,LNDAGRFJIC02,WTRPRCFJI,1,2038,2.5
GLOBAL,LNDAGRFJIC02,WTRPRCFJI,1,2039,2.5
GLOBAL,LNDAGRFJIC02,WTRPRCFJI,1,2040,2.5
GLOBAL,LNDAGRFJIC02,WTRPRCFJI,1,2041,2.5
GLOBAL,LNDAGRFJIC02,WTRPRCFJI,1,2042,2.5
GLOBAL,LNDAGRFJIC02,WTRPRCFJI,1,2043,2.5
GLOBAL,LNDAGRFJIC02,WTRPRCFJI,1,2044,2.5
GLOBAL,LNDAGRFJIC02,WTRPRCFJI,1,2045,2.5
GLOBAL,LNDAGRFJIC02,WTRPRCFJI,1,2046,2.5
GLOBAL,LNDAGRFJIC02,WTRPRCFJI,1,2047,2.5
GLOBAL,LNDAGRFJIC02,WTRPRCFJI,1,2048,2.5
GLOBAL,LNDAGRFJIC02,WTRPRCFJI,1,2049,2.5
GLOBAL,LNDAGRFJIC02,WTRPRCFJI,1,2050,2.5
GLOBAL,LNDAGRFJIC02,AGRWATFJI,1,2020,0.001
GLOBAL,LNDAGRFJIC02,AGRWATFJI,1,2021,0.001
GLOBAL,LNDAGRFJIC02,AGRWATFJI,1,2022,0.001
GLOBAL,LNDAGRFJIC02,AGRWATFJI,1,2023,0.001
GLOBAL,LNDAGRFJIC02,AGRWATFJI,1,2024,0.001
GLOBAL,LNDAGRFJIC02,AGRWATFJI,1,2025,0.001
GLOBAL,LNDAGRFJIC02,AGRWATFJI,1,2026,0.001
GLOBAL,LNDAGRFJIC02,AGRWATFJI,1,2027,0.001
GLOBAL,LNDAGRFJIC02,AGRWATFJI,1,2028,0.001
GLOBAL,LNDAGRFJIC02,AGRWATFJI,1,2029,0.001
GLOBAL,LNDAGRFJIC02,AGRWATFJI,1,2030,0.001
GLOBAL,LNDAGRFJIC02,AGRWATFJI,1,2031,0.001
GLOBAL,LNDAGRFJIC02,AGRWATFJI,1,2032,0.001
GLOBAL,LNDAGRFJIC02,AGRWATFJI,1,2033,0.001
GLOBAL,LNDAGRFJIC02,AGRWATFJI,1,2034,0.001
GLOBAL,LNDAGRFJIC02,AGRWATFJI,1,2035,0.001
GLOBAL,LNDAGRFJIC02,AGRWATFJI,1,2036,0.001
GLOBAL,LNDAGRFJIC02,AGRWATFJI,1,2037,0.001
GLOBAL,LNDAGRFJIC02,AGRWATFJI,1,2038,0.001
GLOBAL,LNDAGRFJIC02,AGRWATFJI,1,2039,0.001
GLOBAL,LNDAGRFJIC02,AGRWATFJI,1,2040,0.001
GLOBAL,LNDAGRFJIC02,AGRWATFJI,1,2041,0.001
GLOBAL,LNDAGRFJIC02,AGRWATFJI,1,2042,0.001
GLOBAL,LNDAGRFJIC02,AGRWATFJI,1,2043,0.001
GLOBAL,LNDAGRFJIC02,AGRWATFJI,1,2044,0.001
GLOBAL,LNDAGRFJIC02,AGRWATFJI,1,2045,0.001
GLOBAL,LNDAGRFJIC02,AGRWATFJI,1,2046,0.001
GLOBAL,LNDAGRFJIC02,AGRWATFJI,1,2047,0.001
GLOBAL,LNDAGRFJIC02,AGRWATFJI,1,2048,0.001
GLOBAL,LNDAGRFJIC02,AGRWATFJI,1,2049,0.001
GLOBAL,LNDAGRFJIC02,AGRWATFJI,1,2050,0.001
GLOBAL,LNDAGRFJIC02,LYAMLRTOT,2,2020,1
GLOBAL,LNDAGRFJIC02,LYAMLRTOT,2,2021,1
GLOBAL,LNDAGRFJIC02,LYAMLRTOT,2,2022,1
GLOBAL,LNDAGRFJIC02,LYAMLRTOT,2,2023,1
GLOBAL,LNDAGRFJIC02,LYAMLRTOT,2,2024,1
GLOBAL,LNDAGRFJIC02,LYAMLRTOT,2,2025,1
GLOBAL,LNDAGRFJIC02,LYAMLRTOT,2,2026,1
GLOBAL,LNDAGRFJIC02,LYAMLRTOT,2,2027,1
GLOBAL,LNDAGRFJIC02,LYAMLRTOT,2,2028,1
GLOBAL,LNDAGRFJIC02,LYAMLRTOT,2,2029,1
GLOBAL,LNDAGRFJIC02,LYAMLRTOT,2,2030,1
GLOBAL,LNDAGRFJIC02,LYAMLRTOT,2,2031,1
GLOBAL,LNDAGRFJIC02,LYAMLRTOT,2,2032,1
GLOBAL,LNDAGRFJIC02,LYAMLRTOT,2,2033,1
GLOBAL,LNDAGRFJIC02,LYAMLRTOT,2,2034,1
GLOBAL,LNDAGRFJIC02,LYAMLRTOT,2,2035,1
GLOBAL,LNDAGRFJIC02,LYAMLRTOT,2,2036,1
GLOBAL,LNDAGRFJIC02,LYAMLRTOT,2,2037,1
GLOBAL,LNDAGRFJIC02,LYAMLRTOT,2,2038,1
GLOBAL,LNDAGRFJIC02,LYAMLRTOT,2,2039,1
GLOBAL,LNDAGRFJIC02,LYAMLRTOT,2,2040,1
GLOBAL,LNDAGRFJIC02,LYAMLRTOT,2,2041,1
GLOBAL,LNDAGRFJIC02,LYAMLRTOT,2,2042,1
GLOBAL,LNDAGRFJIC02,LYAMLRTOT,2,2043,1
GLOBAL,LNDAGRFJIC02,LYAMLRTOT,2,2044,1
GLOBAL,LNDAGRFJIC02,LYAMLRTOT,2,2045,1
GLOBAL,LNDAGRFJIC02,LYAMLRTOT,2,2046,1
GLOBAL,LNDAGRFJIC02,LYAMLRTOT,2,2047,1
GLOBAL,LNDAGRFJIC02,LYAMLRTOT,2,2048,1
GLOBAL,LNDAGRFJIC02,LYAMLRTOT,2,2049,1
GLOBAL,LNDAGRFJIC02,LYAMLRTOT,2,2050,1
GLOBAL,LNDAGRFJIC02,WTRPRCFJI,2,2020,2.5
GLOBAL,LNDAGRFJIC02,WTRPRCFJI,2,2021,2.5
GLOBAL,LNDAGRFJIC02,WTRPRCFJI,2,2022,2.5
GLOBAL,LNDAGRFJIC02,WTRPRCFJI,2,2023,2.5
GLOBAL,LNDAGRFJIC02,WTRPRCFJI,2,2024,2.5
GLOBAL,LNDAGRFJIC02,WTRPRCFJI,2,2025,2.5
GLOBAL,LNDAGRFJIC02,WTRPRCFJI,2,2026,2.5
GLOBAL,LNDAGRFJIC02,WTRPRCFJI,2,2027,2.5
GLOBAL,LNDAGRFJIC02,WTRPRCFJI,2,2028,2.5
GLOBAL,LNDAGRFJIC02,WTRPRCFJI,2,2029,2.5
GLOBAL,LNDAGRFJIC02,WTRPRCFJI,2,2030,2.5
GLOBAL,LNDAGRFJIC02,WTRPRCFJI,2,2031,2.5
GLOBAL,LNDAGRFJIC02,WTRPRCFJI,2,2032,2.5
GLOBAL,LNDAGRFJIC02,WTRPRCFJI,2,2033,2.5
GLOBAL,LNDAGRFJIC02,WTRPRCFJI,2,2034,2.5
GLOBAL,LNDAGRFJIC02,WTRPRCFJI,2,2035,2.5
GLOBAL,LNDAGRFJIC02,WTRPRCFJI,2,2036,2.5
GLOBAL,LNDAGRFJIC02,WTRPRCFJI,2,2037,2.5
GLOBAL,LNDAGRFJIC02,WTRPRCFJI,2,2038,2.5
GLOBAL,LNDAGRFJIC02,WTRPRCFJI,2,2039,2.5
GLOBAL,LNDAGRFJIC02,WTRPRCFJI,2,2040,2.5
GLOBAL,LNDAGRFJIC02,WTRPRCFJI,2,2041,2.5
GLOBAL,LNDAGRFJIC02,WTRPRCFJI,2,2042,2.5
GLOBAL,LNDAGRFJIC02,WTRPRCFJI,2,2043,2.5
GLOBAL,LNDAGRFJIC02,WTRPRCFJI,2,2044,2.5
GLOBAL,LNDAGRFJIC02,WTRPRCFJI,2,2045,2.5
GLOBAL,LNDAGRFJIC02,WTRPRCFJI,2,2046,2.5
GLOBAL,LNDAGRFJIC02,WTRPRCFJI,2,2047,2.5
GLOBAL,LNDAGRFJIC02,WTRPRCFJI,2,2048,2.5
GLOBAL,LNDAGRFJIC02,WTRPRCFJI,2,2049,2.5
GLOBAL,LNDAGRFJIC02,WTRPRCFJI,2,2050,2.5
GLOBAL,LNDAGRFJIC02,AGRWATFJI,2,2022,0
GLOBAL,LNDAGRFJIC02,AGRWATFJI,2,2024,0
GLOBAL,LNDAGRFJIC02,AGRWATFJI,2,2026,0
GLOBAL,LNDAGRFJIC02,AGRWATFJI,2,2028,0
GLOBAL,LNDAGRFJIC02,AGRWATFJI,2,2030,0
GLOBAL,LNDAGRFJIC02,AGRWATFJI,2,2032,0
GLOBAL,LNDAGRFJIC02,AGRWATFJI,2,2034,0
GLOBAL,LNDAGRFJIC02,AGRWATFJI,2,2036,0
GLOBAL,LNDAGRFJIC02,AGRWATFJI,2,2038,0
GLOBAL,LNDAGRFJIC02,AGRWATFJI,2,2040,0
GLOBAL,LNDAGRFJIC02,AGRWATFJI,2,2042,0
GLOBAL,LNDAGRFJIC02,AGRWATFJI,2,2044,0
GLOBAL,LNDAGRFJIC02,AGRWATFJI,2,2046,0
GLOBAL,LNDAGRFJIC02,AGRWATFJI,2,2048,0
GLOBAL,LNDAGRFJIC02,AGRWATFJI,2,2050,0
GLOBAL,LNDAGRFJIC02,LCONLRTOT,3,2020,1
GLOBAL,LNDAGRFJIC02,LCONLRTOT,3,2021,1
GLOBAL,LNDAGRFJIC02,LCONLRTOT,3,2022,1
GLOBAL,LNDAGRFJIC02,LCONLRTOT,3,2023,1
GLOBAL,LNDAGRFJIC02,LCONLRTOT,3,2024,1
GLOBAL,LNDAGRFJIC02,LCONLRTOT,3,2025,1
GLOBAL,LNDAGRFJIC02,LCONLRTOT,3,2026,1
GLOBAL,LNDAGRFJIC02,LCONLRTOT,3,2027,1
GLOBAL,LNDAGRFJIC02,LCONLRTOT,3,2028,1
GLOBAL,LNDAGRFJIC02,LCONLRTOT,3,2029,1
GLOBAL,LNDAGRFJIC02,LCONLRTOT,3,2030,1
GLOBAL,LNDAGRFJIC02,LCONLRTOT,3,2031,1
GLOBAL,LNDAGRFJIC02,LCONLRTOT,3,2032,1
GLOBAL,LNDAGRFJIC02,LCONLRTOT,3,2033,1
GLOBAL,LNDAGRFJIC02,LCONLRTOT,3,2034,1
GLOBAL,LNDAGRFJIC02,LCONLRTOT,3,2035,1
GLOBAL,LNDAGRFJIC02,LCONLRTOT,3,2036,1
GLOBAL,LNDAGRFJIC02,LCONLRTOT,3,2037,1
GLOBAL,LNDAGRFJIC02,LCONLRTOT,3,2038,1
GLOBAL,LNDAGRFJIC02,LCONLRTOT,3,2039,1
GLOBAL,LNDAGRFJIC02,LCONLRTOT,3,2040,1
GLOBAL,LNDAGRFJIC02,LCONLRTOT,3,2041,1
GLOBAL,LNDAGRFJIC02,LCONLRTOT,3,2042,1
GLOBAL,LNDAGRFJIC02,LCONLRTOT,3,2043,1
GLOBAL,LNDAGRFJIC02,LCONLRTOT,3,2044,1
GLOBAL,LNDAGRFJIC02,LCONLRTOT,3,2045,1
GLOBAL,LNDAGRFJIC02,LCONLRTOT,3,2046,1
GLOBAL,LNDAGRFJIC02,LCONLRTOT,3,2047,1
GLOBAL,LNDAGRFJIC02,LCONLRTOT,3,2048,1
GLOBAL,LNDAGRFJIC02,LCONLRTOT,3,2049,1
GLOBAL,LNDAGRFJIC02,LCONLRTOT,3,2050,1
GLOBAL,LNDAGRFJIC02,WTRPRCFJI,3,2020,2.5
GLOBAL,LNDAGRFJIC02,WTRPRCFJI,3,2021,2.5
GLOBAL,LNDAGRFJIC02,WTRPRCFJI,3,2022,2.5
GLOBAL,LNDAGRFJIC02,WTRPRCFJI,3,2023,2.5
GLOBAL,LNDAGRFJIC02,WTRPRCFJI,3,2024,2.5
GLOBAL,LNDAGRFJIC02,WTRPRCFJI,3,2025,2.5
GLOBAL,LNDAGRFJIC02,WTRPRCFJI,3,2026,2.5
GLOBAL,LNDAGRFJIC02,WTRPRCFJI,3,2027,2.5
GLOBAL,LNDAGRFJIC02,WTRPRCFJI,3,2028,2.5
GLOBAL,LNDAGRFJIC02,WTRPRCFJI,3,2029,2.5
GLOBAL,LNDAGRFJIC02,WTRPRCFJI,3,2030,2.5
GLOBAL,LNDAGRFJIC02,WTRPRCFJI,3,2031,2.5
GLOBAL,LNDAGRFJIC02,WTRPRCFJI,3,2032,2.5
GLOBAL,LNDAGRFJIC02,WTRPRCFJI,3,2033,2.5
GLOBAL,LNDAGRFJIC02,WTRPRCFJI,3,2034,2.5
GLOBAL,LNDAGRFJIC02,WTRPRCFJI,3,2035,2.5
GLOBAL,LNDAGRFJIC02,WTRPRCFJI,3,2036,2.5
GLOBAL,LNDAGRFJIC02,WTRPRCFJI,3,2037,2.5
GLOBAL,LNDAGRFJIC02,WTRPRCFJI,3,2038,2.5
GLOBAL,LNDAGRFJIC02,WTRPRCFJI,3,2039,2.5
GLOBAL,LNDAGRFJIC02,WTRPRCFJI,3,2040,2.5
GLOBAL,LNDAGRFJIC02,WTRPRCFJI,3,2041,2.5
GLOBAL,LNDAGRFJIC02,WTRPRCFJI,3,2042,2.5
GLOBAL,LNDAGRFJIC02,WTRPRCFJI,3,2043,2.5
GLOBAL,LNDAGRFJIC02,WTRPRCFJI,3,2044,2.5
GLOBAL,LNDAGRFJIC02,WTRPRCFJI,3,2045,2.5
GLOBAL,LNDAGRFJIC02,WTRPRCFJI,3,2046,2.5
GLOBAL,LNDAGRFJIC02,WTRPRCFJI,3,2047,2.5
GLOBAL,LNDAGRFJIC02,WTRPRCFJI,3,2048,2.5
GLOBAL,LNDAGRFJIC02,WTRPRCFJI,3,2049,2.5
GLOBAL,LNDAGRFJIC02,WTRPRCFJI,3,2050,2.5
GLOBAL,LNDAGRFJIC02,AGRWATFJI,3,2022,0
GLOBAL,LNDAGRFJIC02,AGRWATFJI,3,2024,0
GLOBAL,LNDAGRFJIC02,AGRWATFJI,3,2026,0
GLOBAL,LNDAGRFJIC02,AGRWATFJI,3,2028,0
GLOBAL,LNDAGRFJIC02,AGRWATFJI,3,2030,0
GLOBAL,LNDAGRFJIC02,AGRWATFJI,3,2032,0
GLOBAL,LNDAGRFJIC02,AGRWATFJI,3,2034,0
GLOBAL,LNDAGRFJIC02,AGRWATFJI,3,2036,0
GLOBAL,LNDAGRFJIC02,AGRWATFJI,3,2038,0
GLOBAL,LNDAGRFJIC02,AGRWATFJI,3,2040,0
GLOBAL,LNDAGRFJIC02,AGRWATFJI,3,2042,0
GLOBAL,LNDAGRFJIC02,AGRWATFJI,3,2044,0
GLOBAL,LNDAGRFJIC02,AGRWATFJI,3,2046,0
GLOBAL,LNDAGRFJIC02,AGRWATFJI,3,2048,0
GLOBAL,LNDAGRFJIC02,AGRWATFJI,3,2050,0
GLOBAL,LNDAGRFJIC02,LCASHITOT,4,2020,1
GLOBAL,LNDAGRFJIC02,LCASHITOT,4,2021,1
GLOBAL,LNDAGRFJIC02,LCASHITOT,4,2022,1
GLOBAL,LNDAGRFJIC02,LCASHITOT,4,2023,1
GLOBAL,LNDAGRFJIC02,LCASHITOT,4,2024,1
GLOBAL,LNDAGRFJIC02,LCASHITOT,4,2025,1
GLOBAL,LNDAGRFJIC02,LCASHITOT,4,2026,1
GLOBAL,LNDAGRFJIC02,LCASHITOT,4,2027,1
GLOBAL,LNDAGRFJIC02,LCASHITOT,4,2028,1
GLOBAL,LNDAGRFJIC02,LCASHITOT,4,2029,1
GLOBAL,LNDAGRFJIC02,LCASHITOT,4,2030,1
GLOBAL,LNDAGRFJIC02,LCASHITOT,4,2031,1
GLOBAL,LNDAGRFJIC02,LCASHITOT,4,2032,1
GLOBAL,LNDAGRFJIC02,LCASHITOT,4,2033,1
GLOBAL,LNDAGRFJIC02,LCASHITOT,4,2034,1
GLOBAL,LNDAGRFJIC02,LCASHITOT,4,2035,1
GLOBAL,LNDAGRFJIC02,LCASHITOT,4,2036,1
GLOBAL,LNDAGRFJIC02,LCASHITOT,4,2037,1
GLOBAL,LNDAGRFJIC02,LCASHITOT,4,2038,1
GLOBAL,LNDAGRFJIC02,LCASHITOT,4,2039,1
GLOBAL,LNDAGRFJIC02,LCASHITOT,4,2040,1
GLOBAL,LNDAGRFJIC02,LCASHITOT,4,2041,1
GLOBAL,LNDAGRFJIC02,LCASHITOT,4,2042,1
GLOBAL,LNDAGRFJIC02,LCASHITOT,4,2043,1
GLOBAL,LNDAGRFJIC02,LCASHITOT,4,2044,1
GLOBAL,LNDAGRFJIC02,LCASHITOT,4,2045,1
GLOBAL,LNDAGRFJIC02,LCASHITOT,4,2046,1
GLOBAL,LNDAGRFJIC02,LCASHITOT,4,2047,1
GLOBAL,LNDAGRFJIC02,LCASHITOT,4,2048,1
GLOBAL,LNDAGRFJIC02,LCASHITOT,4,2049,1
GLOBAL,LNDAGRFJIC02,LCASHITOT,4,2050,1
GLOBAL,LNDAGRFJIC02,WTRPRCFJI,4,2020,2.5
GLOBAL,LNDAGRFJIC02,WTRPRCFJI,4,2021,2.5
GLOBAL,LNDAGRFJIC02,WTRPRCFJI,4,2022,2.5
GLOBAL,LNDAGRFJIC02,WTRPRCFJI,4,2023,2.5
GLOBAL,LNDAGRFJIC02,WTRPRCFJI,4,2024,2.5
GLOBAL,LNDAGRFJIC02,WTRPRCFJI,4,2025,2.5
GLOBAL,LNDAGRFJIC02,WTRPRCFJI,4,2026,2.5
GLOBAL,LNDAGRFJIC02,WTRPRCFJI,4,2027,2.5
GLOBAL,LNDAGRFJIC02,WTRPRCFJI,4,2028,2.5
GLOBAL,LNDAGRFJIC02,WTRPRCFJI,4,2029,2.5
GLOBAL,LNDAGRFJIC02,WTRPRCFJI,4,2030,2.5
GLOBAL,LNDAGRFJIC02,WTRPRCFJI,4,2031,2.5
GLOBAL,LNDAGRFJIC02,WTRPRCFJI,4,2032,2.5
GLOBAL,LNDAGRFJIC02,WTRPRCFJI,4,2033,2.5
GLOBAL,LNDAGRFJIC02,WTRPRCFJI,4,2034,2.5
GLOBAL,LNDAGRFJIC02,WTRPRCFJI,4,2035,2.5
GLOBAL,LNDAGRFJIC02,WTRPRCFJI,4,2036,2.5
GLOBAL,LNDAGRFJIC02,WTRPRCFJI,4,2037,2.5
GLOBAL,LNDAGRFJIC02,WTRPRCFJI,4,2038,2.5
GLOBAL,LNDAGRFJIC02,WTRPRCFJI,4,2039,2.5
GLOBAL,LNDAGRFJIC02,WTRPRCFJI,4,2040,2.5
GLOBAL,LNDAGRFJIC02,WTRPRCFJI,4,2041,2.5
GLOBAL,LNDAGRFJIC02,WTRPRCFJI,4,2042,2.5
GLOBAL,LNDAGRFJIC02,WTRPRCFJI,4,2043,2.5
GLOBAL,LNDAGRFJIC02,WTRPRCFJI,4,2044,2.5
GLOBAL,LNDAGRFJIC02,WTRPRCFJI,4,2045,2.5
GLOBAL,LNDAGRFJIC02,WTRPRCFJI,4,2046,2.5
GLOBAL,LNDAGRFJIC02,WTRPRCFJI,4,2047,2.5
GLOBAL,LNDAGRFJIC02,WTRPRCFJI,4,2048,2.5
GLOBAL,LNDAGRFJIC02,WTRPRCFJI,4,2049,2.5
GLOBAL,LNDAGRFJIC02,WTRPRCFJI,4,2050,2.5
GLOBAL,LNDAGRFJIC02,AGRWATFJI,4,2020,0.001
GLOBAL,LNDAGRFJIC02,AGRWATFJI,4,2021,0.001
GLOBAL,LNDAGRFJIC02,AGRWATFJI,4,2022,0.001
GLOBAL,LNDAGRFJIC02,AGRWATFJI,4,2023,0.001
GLOBAL,LNDAGRFJIC02,AGRWATFJI,4,2024,0.001
GLOBAL,LNDAGRFJIC02,AGRWATFJI,4,2025,0.001
GLOBAL,LNDAGRFJIC02,AGRWATFJI,4,2026,0.001
GLOBAL,LNDAGRFJIC02,AGRWATFJI,4,2027,0.001
GLOBAL,LNDAGRFJIC02,AGRWATFJI,4,2028,0.001
GLOBAL,LNDAGRFJIC02,AGRWATFJI,4,2029,0.001
GLOBAL,LNDAGRFJIC02,AGRWATFJI,4,2030,0.001
GLOBAL,LNDAGRFJIC02,AGRWATFJI,4,2031,0.001
GLOBAL,LNDAGRFJIC02,AGRWATFJI,4,2032,0.001
GLOBAL,LNDAGRFJIC02,AGRWATFJI,4,2033,0.001
GLOBAL,LNDAGRFJIC02,AGRWATFJI,4,2034,0.001
GLOBAL,LNDAGRFJIC02,AGRWATFJI,4,2035,0.001
GLOBAL,LNDAGRFJIC02,AGRWATFJI,4,2036,0.001
GLOBAL,LNDAGRFJIC02,AGRWATFJI,4,2037,0.001
GLOBAL,LNDAGRFJIC02,AGRWATFJI,4,2038,0.001
GLOBAL,LNDAGRFJIC02,AGRWATFJI,4,2039,0.001
GLOBAL,LNDAGRFJIC02,AGRWATFJI,4,2040,0.001
GLOBAL,LNDAGRFJIC02,AGRWATFJI,4,2041,0.001
GLOBAL,LNDAGRFJIC02,AGRWATFJI,4,2042,0.001
GLOBAL,LNDAGRFJIC02,AGRWATFJI,4,2043,0.001
GLOBAL,LNDAGRFJIC02,AGRWATFJI,4,2044,0.001
GLOBAL,LNDAGRFJIC02,AGRWATFJI,4,2045,0.001
GLOBAL,LNDAGRFJIC02,AGRWATFJI,4,2046,0.001
GLOBAL,LNDAGRFJIC02,AGRWATFJI,4,2047,0.001
GLOBAL,LNDAGRFJIC02,AGRWATFJI,4,2048,0.001
GLOBAL,LNDAGRFJIC02,AGRWATFJI,4,2049,0.001
GLOBAL,LNDAGRFJIC02,AGRWATFJI,4,2050,0.001
GLOBAL,LNDAGRFJIC02,LCASLRTOT,5,2020,1
GLOBAL,LNDAGRFJIC02,LCASLRTOT,5,2021,1
GLOBAL,LNDAGRFJIC02,LCASLRTOT,5,2022,1
GLOBAL,LNDAGRFJIC02,LCASLRTOT,5,2023,1
GLOBAL,LNDAGRFJIC02,LCASLRTOT,5,2024,1
GLOBAL,LNDAGRFJIC02,LCASLRTOT,5,2025,1
GLOBAL,LNDAGRFJIC02,LCASLRTOT,5,2026,1
GLOBAL,LNDAGRFJIC02,LCASLRTOT,5,2027,1
GLOBAL,LNDAGRFJIC02,LCASLRTOT,5,2028,1
GLOBAL,LNDAGRFJIC02,LCASLRTOT,5,2029,1
GLOBAL,LNDAGRFJIC02,LCASLRTOT,5,2030,1
GLOBAL,LNDAGRFJIC02,LCASLRTOT,5,2031,1
GLOBAL,LNDAGRFJIC02,LCASLRTOT,5,2032,1
GLOBAL,LNDAGRFJIC02,LCASLRTOT,5,2033,1
GLOBAL,LNDAGRFJIC02,LCASLRTOT,5,2034,1
GLOBAL,LNDAGRFJIC02,LCASLRTOT,5,2035,1
GLOBAL,LNDAGRFJIC02,LCASLRTOT,5,2036,1
GLOBAL,LNDAGRFJIC02,LCASLRTOT,5,2037,1
GLOBAL,LNDAGRFJIC02,LCASLRTOT,5,2038,1
GLOBAL,LNDAGRFJIC02,LCASLRTOT,5,2039,1
GLOBAL,LNDAGRFJIC02,LCASLRTOT,5,2040,1
GLOBAL,LNDAGRFJIC02,LCASLRTOT,5,2041,1
GLOBAL,LNDAGRFJIC02,LCASLRTOT,5,2042,1
GLOBAL,LNDAGRFJIC02,LCASLRTOT,5,2043,1
GLOBAL,LNDAGRFJIC02,LCASLRTOT,5,2044,1
GLOBAL,LNDAGRFJIC02,LCASLRTOT,5,2045,1
GLOBAL,LNDAGRFJIC02,LCASLRTOT,5,2046,1
GLOBAL,LNDAGRFJIC02,LCASLRTOT,5,2047,1
GLOBAL,LNDAGRFJIC02,LCASLRTOT,5,2048,1
GLOBAL,LNDAGRFJIC02,LCASLRTOT,5,2049,1
GLOBAL,LNDAGRFJIC02,LCASLRTOT,5,2050,1
GLOBAL,LNDAGRFJIC02,WTRPRCFJI,5,2020,2.5
GLOBAL,LNDAGRFJIC02,WTRPRCFJI,5,2021,2.5
GLOBAL,LNDAGRFJIC02,WTRPRCFJI,5,2022,2.5
GLOBAL,LNDAGRFJIC02,WTRPRCFJI,5,2023,2.5
GLOBAL,LNDAGRFJIC02,WTRPRCFJI,5,2024,2.5
GLOBAL,LNDAGRFJIC02,WTRPRCFJI,5,2025,2.5
GLOBAL,LNDAGRFJIC02,WTRPRCFJI,5,2026,2.5
GLOBAL,LNDAGRFJIC02,WTRPRCFJI,5,2027,2.5
GLOBAL,LNDAGRFJIC02,WTRPRCFJI,5,2028,2.5
GLOBAL,LNDAGRFJIC02,WTRPRCFJI,5,2029,2.5
GLOBAL,LNDAGRFJIC02,WTRPRCFJI,5,2030,2.5
GLOBAL,LNDAGRFJIC02,WTRPRCFJI,5,2031,2.5
GLOBAL,LNDAGRFJIC02,WTRPRCFJI,5,2032,2.5
GLOBAL,LNDAGRFJIC02,WTRPRCFJI,5,2033,2.5
GLOBAL,LNDAGRFJIC02,WTRPRCFJI,5,2034,2.5
GLOBAL,LNDAGRFJIC02,WTRPRCFJI,5,2035,2.5
GLOBAL,LNDAGRFJIC02,WTRPRCFJI,5,2036,2.5
GLOBAL,LNDAGRFJIC02,WTRPRCFJI,5,2037,2.5
GLOBAL,LNDAGRFJIC02,WTRPRCFJI,5,2038,2.5
GLOBAL,LNDAGRFJIC02,WTRPRCFJI,5,2039,2.5
GLOBAL,LNDAGRFJIC02,WTRPRCFJI,5,2040,2.5
GLOBAL,LNDAGRFJIC02,WTRPRCFJI,5,2041,2.5
GLOBAL,LNDAGRFJIC02,WTRPRCFJI,5,2042,2.5
GLOBAL,LNDAGRFJIC02,WTRPRCFJI,5,2043,2.5
GLOBAL,LNDAGRFJIC02,WTRPRCFJI,5,2044,2.5
GLOBAL,LNDAGRFJIC02,WTRPRCFJI,5,2045,2.5
GLOBAL,LNDAGRFJIC02,WTRPRCFJI,5,2046,2.5
GLOBAL,LNDAGRFJIC02,WTRPRCFJI,5,2047,2.5
GLOBAL,LNDAGRFJIC02,WTRPRCFJI,5,2048,2.5
GLOBAL,LNDAGRFJIC02,WTRPRCFJI,5,2049,2.5
GLOBAL,LNDAGRFJIC02,WTRPRCFJI,5,2050,2.5
GLOBAL,LNDAGRFJIC02,AGRWATFJI,5,2022,0
GLOBAL,LNDAGRFJIC02,AGRWATFJI,5,2024,0
GLOBAL,LNDAGRFJIC02,AGRWATFJI,5,2026,0
GLOBAL,LNDAGRFJIC02,AGRWATFJI,5,2028,0
GLOBAL,LNDAGRFJIC02,AGRWATFJI,5,2030,0
GLOBAL,LNDAGRFJIC02,AGRWATFJI,5,2032,0
GLOBAL,LNDAGRFJIC02,AGRWATFJI,5,2034,0
GLOBAL,LNDAGRFJIC02,AGRWATFJI,5,2036,0
GLOBAL,LNDAGRFJIC02,AGRWATFJI,5,2038,0
GLOBAL,LNDAGRFJIC02,AGRWATFJI,5,2040,0
GLOBAL,LNDAGRFJIC02,AGRWATFJI,5,2042,0
GLOBAL,LNDAGRFJIC02,AGRWATFJI,5,2044,0
GLOBAL,LNDAGRFJIC02,AGRWATFJI,5,2046,0
GLOBAL,LNDAGRFJIC02,AGRWATFJI,5,2048,0
GLOBAL,LNDAGRFJIC02,AGRWATFJI,5,2050,0
GLOBAL,LNDAGRFJIC02,LSGCHITOT,6,2020,1
GLOBAL,LNDAGRFJIC02,LSGCHITOT,6,2021,1
GLOBAL,LNDAGRFJIC02,LSGCHITOT,6,2022,1
GLOBAL,LNDAGRFJIC02,LSGCHITOT,6,2023,1
GLOBAL,LNDAGRFJIC02,LSGCHITOT,6,2024,1
GLOBAL,LNDAGRFJIC02,LSGCHITOT,6,2025,1
GLOBAL,LNDAGRFJIC02,LSGCHITOT,6,2026,1
GLOBAL,LNDAGRFJIC02,LSGCHITOT,6,2027,1
GLOBAL,LNDAGRFJIC02,LSGCHITOT,6,2028,1
GLOBAL,LNDAGRFJIC02,LSGCHITOT,6,2029,1
GLOBAL,LNDAGRFJIC02,LSGCHITOT,6,2030,1
GLOBAL,LNDAGRFJIC02,LSGCHITOT,6,2031,1
GLOBAL,LNDAGRFJIC02,LSGCHITOT,6,2032,1
GLOBAL,LNDAGRFJIC02,LSGCHITOT,6,2033,1
GLOBAL,LNDAGRFJIC02,LSGCHITOT,6,2034,1
GLOBAL,LNDAGRFJIC02,LSGCHITOT,6,2035,1
GLOBAL,LNDAGRFJIC02,LSGCHITOT,6,2036,1
GLOBAL,LNDAGRFJIC02,LSGCHITOT,6,2037,1
GLOBAL,LNDAGRFJIC02,LSGCHITOT,6,2038,1
GLOBAL,LNDAGRFJIC02,LSGCHITOT,6,2039,1
GLOBAL,LNDAGRFJIC02,LSGCHITOT,6,2040,1
GLOBAL,LNDAGRFJIC02,LSGCHITOT,6,2041,1
GLOBAL,LNDAGRFJIC02,LSGCHITOT,6,2042,1
GLOBAL,LNDAGRFJIC02,LSGCHITOT,6,2043,1
GLOBAL,LNDAGRFJIC02,LSGCHITOT,6,2044,1
GLOBAL,LNDAGRFJIC02,LSGCHITOT,6,2045,1
GLOBAL,LNDAGRFJIC02,LSGCHITOT,6,2046,1
GLOBAL,LNDAGRFJIC02,LSGCHITOT,6,2047,1
GLOBAL,LNDAGRFJIC02,LSGCHITOT,6,2048,1
GLOBAL,LNDAGRFJIC02,LSGCHITOT,6,2049,1
GLOBAL,LNDAGRFJIC02,LSGCHITOT,6,2050,1
GLOBAL,LNDAGRFJIC02,WTRPRCFJI,6,2020,2.5
GLOBAL,LNDAGRFJIC02,WTRPRCFJI,6,2021,2.5
GLOBAL,LNDAGRFJIC02,WTRPRCFJI,6,2022,2.5
GLOBAL,LNDAGRFJIC02,WTRPRCFJI,6,2023,2.5
GLOBAL,LNDAGRFJIC02,WTRPRCFJI,6,2024,2.5
GLOBAL,LNDAGRFJIC02,WTRPRCFJI,6,2025,2.5
GLOBAL,LNDAGRFJIC02,WTRPRCFJI,6,2026,2.5
GLOBAL,LNDAGRFJIC02,WTRPRCFJI,6,2027,2.5
GLOBAL,LNDAGRFJIC02,WTRPRCFJI,6,2028,2.5
GLOBAL,LNDAGRFJIC02,WTRPRCFJI,6,2029,2.5
GLOBAL,LNDAGRFJIC02,WTRPRCFJI,6,2030,2.5
GLOBAL,LNDAGRFJIC02,WTRPRCFJI,6,2031,2.5
GLOBAL,LNDAGRFJIC02,WTRPRCFJI,6,2032,2.5
GLOBAL,LNDAGRFJIC02,WTRPRCFJI,6,2033,2.5
GLOBAL,LNDAGRFJIC02,WTRPRCFJI,6,2034,2.5
GLOBAL,LNDAGRFJIC02,WTRPRCFJI,6,2035,2.5
GLOBAL,LNDAGRFJIC02,WTRPRCFJI,6,2036,2.5
GLOBAL,LNDAGRFJIC02,WTRPRCFJI,6,2037,2.5
GLOBAL,LNDAGRFJIC02,WTRPRCFJI,6,2038,2.5
GLOBAL,LNDAGRFJIC02,WTRPRCFJI,6,2039,2.5
GLOBAL,LNDAGRFJIC02,WTRPRCFJI,6,2040,2.5
GLOBAL,LNDAGRFJIC02,WTRPRCFJI,6,2041,2.5
GLOBAL,LNDAGRFJIC02,WTRPRCFJI,6,2042,2.5
GLOBAL,LNDAGRFJIC02,WTRPRCFJI,6,2043,2.5
GLOBAL,LNDAGRFJIC02,WTRPRCFJI,6,2044,2.5
GLOBAL,LNDAGRFJIC02,WTRPRCFJI,6,2045,2.5
GLOBAL,LNDAGRFJIC02,WTRPRCFJI,6,2046,2.5
GLOBAL,LNDAGRFJIC02,WTRPRCFJI,6,2047,2.5
GLOBAL,LNDAGRFJIC02,WTRPRCFJI,6,2048,2.5
GLOBAL,LNDAGRFJIC02,WTRPRCFJI,6,2049,2.5
GLOBAL,LNDAGRFJIC02,WTRPRCFJI,6,2050,2.5
GLOBAL,LNDAGRFJIC02,AGRWATFJI,6,2020,0.010
GLOBAL,LNDAGRFJIC02,AGRWATFJI,6,2021,0.010
GLOBAL,LNDAGRFJIC02,AGRWATFJI,6,2022,0.010
GLOBAL,LNDAGRFJIC02,AGRWATFJI,6,2023,0.010
GLOBAL,LNDAGRFJIC02,AGRWATFJI,6,2024,0.010
GLOBAL,LNDAGRFJIC02,AGRWATFJI,6,2025,0.010
GLOBAL,LNDAGRFJIC02,AGRWATFJI,6,2026,0.010
GLOBAL,LNDAGRFJIC02,AGRWATFJI,6,2027,0.010
GLOBAL,LNDAGRFJIC02,AGRWATFJI,6,2028,0.010
GLOBAL,LNDAGRFJIC02,AGRWATFJI,6,2029,0.010
GLOBAL,LNDAGRFJIC02,AGRWATFJI,6,2030,0.010
GLOBAL,LNDAGRFJIC02,AGRWATFJI,6,2031,0.010
GLOBAL,LNDAGRFJIC02,AGRWATFJI,6,2032,0.010
GLOBAL,LNDAGRFJIC02,AGRWATFJI,6,2033,0.010
GLOBAL,LNDAGRFJIC02,AGRWATFJI,6,2034,0.010
GLOBAL,LNDAGRFJIC02,AGRWATFJI,6,2035,0.010
GLOBAL,LNDAGRFJIC02,AGRWATFJI,6,2036,0.010
GLOBAL,LNDAGRFJIC02,AGRWATFJI,6,2037,0.010
GLOBAL,LNDAGRFJIC02,AGRWATFJI,6,2038,0.010
GLOBAL,LNDAGRFJIC02,AGRWATFJI,6,2039,0.010
GLOBAL,LNDAGRFJIC02,AGRWATFJI,6,2040,0.010
GLOBAL,LNDAGRFJIC02,AGRWATFJI,6,2041,0.010
GLOBAL,LNDAGRFJIC02,AGRWATFJI,6,2042,0.010
GLOBAL,LNDAGRFJIC02,AGRWATFJI,6,2043,0.010
GLOBAL,LNDAGRFJIC02,AGRWATFJI,6,2044,0.010
GLOBAL,LNDAGRFJIC02,AGRWATFJI,6,2045,0.010
GLOBAL,LNDAGRFJIC02,AGRWATFJI,6,2046,0.010
GLOBAL,LNDAGRFJIC02,AGRWATFJI,6,2047,0.010
GLOBAL,LNDAGRFJIC02,AGRWATFJI,6,2048,0.010
GLOBAL,LNDAGRFJIC02,AGRWATFJI,6,2049,0.010
GLOBAL,LNDAGRFJIC02,AGRWATFJI,6,2050,0.010
GLOBAL,LNDAGRFJIC02,LSGCLITOT,7,2020,1
GLOBAL,LNDAGRFJIC02,LSGCLITOT,7,2021,1
GLOBAL,LNDAGRFJIC02,LSGCLITOT,7,2022,1
GLOBAL,LNDAGRFJIC02,LSGCLITOT,7,2023,1
GLOBAL,LNDAGRFJIC02,LSGCLITOT,7,2024,1
GLOBAL,LNDAGRFJIC02,LSGCLITOT,7,2025,1
GLOBAL,LNDAGRFJIC02,LSGCLITOT,7,2026,1
GLOBAL,LNDAGRFJIC02,LSGCLITOT,7,2027,1
GLOBAL,LNDAGRFJIC02,LSGCLITOT,7,2028,1
GLOBAL,LNDAGRFJIC02,LSGCLITOT,7,2029,1
GLOBAL,LNDAGRFJIC02,LSGCLITOT,7,2030,1
GLOBAL,LNDAGRFJIC02,LSGCLITOT,7,2031,1
GLOBAL,LNDAGRFJIC02,LSGCLITOT,7,2032,1
GLOBAL,LNDAGRFJIC02,LSGCLITOT,7,2033,1
GLOBAL,LNDAGRFJIC02,LSGCLITOT,7,2034,1
GLOBAL,LNDAGRFJIC02,LSGCLITOT,7,2035,1
GLOBAL,LNDAGRFJIC02,LSGCLITOT,7,2036,1
GLOBAL,LNDAGRFJIC02,LSGCLITOT,7,2037,1
GLOBAL,LNDAGRFJIC02,LSGCLITOT,7,2038,1
GLOBAL,LNDAGRFJIC02,LSGCLITOT,7,2039,1
GLOBAL,LNDAGRFJIC02,LSGCLITOT,7,2040,1
GLOBAL,LNDAGRFJIC02,LSGCLITOT,7,2041,1
GLOBAL,LNDAGRFJIC02,LSGCLITOT,7,2042,1
GLOBAL,LNDAGRFJIC02,LSGCLITOT,7,2043,1
GLOBAL,LNDAGRFJIC02,LSGCLITOT,7,2044,1
GLOBAL,LNDAGRFJIC02,LSGCLITOT,7,2045,1
GLOBAL,LNDAGRFJIC02,LSGCLITOT,7,2046,1
GLOBAL,LNDAGRFJIC02,LSGCLITOT,7,2047,1
GLOBAL,LNDAGRFJIC02,LSGCLITOT,7,2048,1
GLOBAL,LNDAGRFJIC02,LSGCLITOT,7,2049,1
GLOBAL,LNDAGRFJIC02,LSGCLITOT,7,2050,1
GLOBAL,LNDAGRFJIC02,WTRPRCFJI,7,2020,2.5
GLOBAL,LNDAGRFJIC02,WTRPRCFJI,7,2021,2.5
GLOBAL,LNDAGRFJIC02,WTRPRCFJI,7,2022,2.5
GLOBAL,LNDAGRFJIC02,WTRPRCFJI,7,2023,2.5
GLOBAL,LNDAGRFJIC02,WTRPRCFJI,7,2024,2.5
GLOBAL,LNDAGRFJIC02,WTRPRCFJI,7,2025,2.5
GLOBAL,LNDAGRFJIC02,WTRPRCFJI,7,2026,2.5
GLOBAL,LNDAGRFJIC02,WTRPRCFJI,7,2027,2.5
GLOBAL,LNDAGRFJIC02,WTRPRCFJI,7,2028,2.5
GLOBAL,LNDAGRFJIC02,WTRPRCFJI,7,2029,2.5
GLOBAL,LNDAGRFJIC02,WTRPRCFJI,7,2030,2.5
GLOBAL,LNDAGRFJIC02,WTRPRCFJI,7,2031,2.5
GLOBAL,LNDAGRFJIC02,WTRPRCFJI,7,2032,2.5
GLOBAL,LNDAGRFJIC02,WTRPRCFJI,7,2033,2.5
GLOBAL,LNDAGRFJIC02,WTRPRCFJI,7,2034,2.5
GLOBAL,LNDAGRFJIC02,WTRPRCFJI,7,2035,2.5
GLOBAL,LNDAGRFJIC02,WTRPRCFJI,7,2036,2.5
GLOBAL,LNDAGRFJIC02,WTRPRCFJI,7,2037,2.5
GLOBAL,LNDAGRFJIC02,WTRPRCFJI,7,2038,2.5
GLOBAL,LNDAGRFJIC02,WTRPRCFJI,7,2039,2.5
GLOBAL,LNDAGRFJIC02,WTRPRCFJI,7,2040,2.5
GLOBAL,LNDAGRFJIC02,WTRPRCFJI,7,2041,2.5
GLOBAL,LNDAGRFJIC02,WTRPRCFJI,7,2042,2.5
GLOBAL,LNDAGRFJIC02,WTRPRCFJI,7,2043,2.5
GLOBAL,LNDAGRFJIC02,WTRPRCFJI,7,2044,2.5
GLOBAL,LNDAGRFJIC02,WTRPRCFJI,7,2045,2.5
GLOBAL,LNDAGRFJIC02,WTRPRCFJI,7,2046,2.5
GLOBAL,LNDAGRFJIC02,WTRPRCFJI,7,2047,2.5
GLOBAL,LNDAGRFJIC02,WTRPRCFJI,7,2048,2.5
GLOBAL,LNDAGRFJIC02,WTRPRCFJI,7,2049,2.5
GLOBAL,LNDAGRFJIC02,WTRPRCFJI,7,2050,2.5
GLOBAL,LNDAGRFJIC02,AGRWATFJI,7,2020,0.001
GLOBAL,LNDAGRFJIC02,AGRWATFJI,7,2021,0.001
GLOBAL,LNDAGRFJIC02,AGRWATFJI,7,2022,0.001
GLOBAL,LNDAGRFJIC02,AGRWATFJI,7,2023,0.001
GLOBAL,LNDAGRFJIC02,AGRWATFJI,7,2024,0.001
GLOBAL,LNDAGRFJIC02,AGRWATFJI,7,2025,0.001
GLOBAL,LNDAGRFJIC02,AGRWATFJI,7,2026,0.001
GLOBAL,LNDAGRFJIC02,AGRWATFJI,7,2027,0.001
GLOBAL,LNDAGRFJIC02,AGRWATFJI,7,2028,0.001
GLOBAL,LNDAGRFJIC02,AGRWATFJI,7,2029,0.001
GLOBAL,LNDAGRFJIC02,AGRWATFJI,7,2030,0.001
GLOBAL,LNDAGRFJIC02,AGRWATFJI,7,2031,0.001
GLOBAL,LNDAGRFJIC02,AGRWATFJI,7,2032,0.001
GLOBAL,LNDAGRFJIC02,AGRWATFJI,7,2033,0.001
GLOBAL,LNDAGRFJIC02,AGRWATFJI,7,2034,0.001
GLOBAL,LNDAGRFJIC02,AGRWATFJI,7,2035,0.001
GLOBAL,LNDAGRFJIC02,AGRWATFJI,7,2036,0.001
GLOBAL,LNDAGRFJIC02,AGRWATFJI,7,2037,0.001
GLOBAL,LNDAGRFJIC02,AGRWATFJI,7,2038,0.001
GLOBAL,LNDAGRFJIC02,AGRWATFJI,7,2039,0.001
GLOBAL,LNDAGRFJIC02,AGRWATFJI,7,2040,0.001
GLOBAL,LNDAGRFJIC02,AGRWATFJI,7,2041,0.001
GLOBAL,LNDAGRFJIC02,AGRWATFJI,7,2042,0.001
GLOBAL,LNDAGRFJIC02,AGRWATFJI,7,2043,0.001
GLOBAL,LNDAGRFJIC02,AGRWATFJI,7,2044,0.001
GLOBAL,LNDAGRFJIC02,AGRWATFJI,7,2045,0.001
GLOBAL,LNDAGRFJIC02,AGRWATFJI,7,2046,0.001
GLOBAL,LNDAGRFJIC02,AGRWATFJI,7,2047,0.001
GLOBAL,LNDAGRFJIC02,AGRWATFJI,7,2048,0.001
GLOBAL,LNDAGRFJIC02,AGRWATFJI,7,2049,0.001
GLOBAL,LNDAGRFJIC02,AGRWATFJI,7,2050,0.001
GLOBAL,LNDAGRFJIC02,LCONHRTOT,8,2020,1
GLOBAL,LNDAGRFJIC02,LCONHRTOT,8,2021,1
GLOBAL,LNDAGRFJIC02,LCONHRTOT,8,2022,1
GLOBAL,LNDAGRFJIC02,LCONHRTOT,8,2023,1
GLOBAL,LNDAGRFJIC02,LCONHRTOT,8,2024,1
GLOBAL,LNDAGRFJIC02,LCONHRTOT,8,2025,1
GLOBAL,LNDAGRFJIC02,LCONHRTOT,8,2026,1
GLOBAL,LNDAGRFJIC02,LCONHRTOT,8,2027,1
GLOBAL,LNDAGRFJIC02,LCONHRTOT,8,2028,1
GLOBAL,LNDAGRFJIC02,LCONHRTOT,8,2029,1
GLOBAL,LNDAGRFJIC02,LCONHRTOT,8,2030,1
GLOBAL,LNDAGRFJIC02,LCONHRTOT,8,2031,1
GLOBAL,LNDAGRFJIC02,LCONHRTOT,8,2032,1
GLOBAL,LNDAGRFJIC02,LCONHRTOT,8,2033,1
GLOBAL,LNDAGRFJIC02,LCONHRTOT,8,2034,1
GLOBAL,LNDAGRFJIC02,LCONHRTOT,8,2035,1
GLOBAL,LNDAGRFJIC02,LCONHRTOT,8,2036,1
GLOBAL,LNDAGRFJIC02,LCONHRTOT,8,2037,1
GLOBAL,LNDAGRFJIC02,LCONHRTOT,8,2038,1
GLOBAL,LNDAGRFJIC02,LCONHRTOT,8,2039,1
GLOBAL,LNDAGRFJIC02,LCONHRTOT,8,2040,1
GLOBAL,LNDAGRFJIC02,LCONHRTOT,8,2041,1
GLOBAL,LNDAGRFJIC02,LCONHRTOT,8,2042,1
GLOBAL,LNDAGRFJIC02,LCONHRTOT,8,2043,1
GLOBAL,LNDAGRFJIC02,LCONHRTOT,8,2044,1
GLOBAL,LNDAGRFJIC02,LCONHRTOT,8,2045,1
GLOBAL,LNDAGRFJIC02,LCONHRTOT,8,2046,1
GLOBAL,LNDAGRFJIC02,LCONHRTOT,8,2047,1
GLOBAL,LNDAGRFJIC02,LCONHRTOT,8,2048,1
GLOBAL,LNDAGRFJIC02,LCONHRTOT,8,2049,1
GLOBAL,LNDAGRFJIC02,LCONHRTOT,8,2050,1
GLOBAL,LNDAGRFJIC02,WTRPRCFJI,8,2020,2.5
GLOBAL,LNDAGRFJIC02,WTRPRCFJI,8,2021,2.5
GLOBAL,LNDAGRFJIC02,WTRPRCFJI,8,2022,2.5
GLOBAL,LNDAGRFJIC02,WTRPRCFJI,8,2023,2.5
GLOBAL,LNDAGRFJIC02,WTRPRCFJI,8,2024,2.5
GLOBAL,LNDAGRFJIC02,WTRPRCFJI,8,2025,2.5
GLOBAL,LNDAGRFJIC02,WTRPRCFJI,8,2026,2.5
GLOBAL,LNDAGRFJIC02,WTRPRCFJI,8,2027,2.5
GLOBAL,LNDAGRFJIC02,WTRPRCFJI,8,2028,2.5
GLOBAL,LNDAGRFJIC02,WTRPRCFJI,8,2029,2.5
GLOBAL,LNDAGRFJIC02,WTRPRCFJI,8,2030,2.5
GLOBAL,LNDAGRFJIC02,WTRPRCFJI,8,2031,2.5
GLOBAL,LNDAGRFJIC02,WTRPRCFJI,8,2032,2.5
GLOBAL,LNDAGRFJIC02,WTRPRCFJI,8,2033,2.5
GLOBAL,LNDAGRFJIC02,WTRPRCFJI,8,2034,2.5
GLOBAL,LNDAGRFJIC02,WTRPRCFJI,8,2035,2.5
GLOBAL,LNDAGRFJIC02,WTRPRCFJI,8,2036,2.5
GLOBAL,LNDAGRFJIC02,WTRPRCFJI,8,2037,2.5
GLOBAL,LNDAGRFJIC02,WTRPRCFJI,8,2038,2.5
GLOBAL,LNDAGRFJIC02,WTRPRCFJI,8,2039,2.5
GLOBAL,LNDAGRFJIC02,WTRPRCFJI,8,2040,2.5
GLOBAL,LNDAGRFJIC02,WTRPRCFJI,8,2041,2.5
GLOBAL,LNDAGRFJIC02,WTRPRCFJI,8,2042,2.5
GLOBAL,LNDAGRFJIC02,WTRPRCFJI,8,2043,2.5
GLOBAL,LNDAGRFJIC02,WTRPRCFJI,8,2044,2.5
GLOBAL,LNDAGRFJIC02,WTRPRCFJI,8,2045,2.5
GLOBAL,LNDAGRFJIC02,WTRPRCFJI,8,2046,2.5
GLOBAL,LNDAGRFJIC02,WTRPRCFJI,8,2047,2.5
GLOBAL,LNDAGRFJIC02,WTRPRCFJI,8,2048,2.5
GLOBAL,LNDAGRFJIC02,WTRPRCFJI,8,2049,2.5
GLOBAL,LNDAGRFJIC02,WTRPRCFJI,8,2050,2.5
GLOBAL,LNDAGRFJIC02,AGRWATFJI,8,2022,0
GLOBAL,LNDAGRFJIC02,AGRWATFJI,8,2024,0
GLOBAL,LNDAGRFJIC02,AGRWATFJI,8,2026,0
GLOBAL,LNDAGRFJIC02,AGRWATFJI,8,2028,0
GLOBAL,LNDAGRFJIC02,AGRWATFJI,8,2030,0
GLOBAL,LNDAGRFJIC02,AGRWATFJI,8,2032,0
GLOBAL,LNDAGRFJIC02,AGRWATFJI,8,2034,0
GLOBAL,LNDAGRFJIC02,AGRWATFJI,8,2036,0
GLOBAL,LNDAGRFJIC02,AGRWATFJI,8,2038,0
GLOBAL,LNDAGRFJIC02,AGRWATFJI,8,2040,0
GLOBAL,LNDAGRFJIC02,AGRWATFJI,8,2042,0
GLOBAL,LNDAGRFJIC02,AGRWATFJI,8,2044,0
GLOBAL,LNDAGRFJIC02,AGRWATFJI,8,2046,0
GLOBAL,LNDAGRFJIC02,AGRWATFJI,8,2048,0
GLOBAL,LNDAGRFJIC02,AGRWATFJI,8,2050,0
GLOBAL,LNDAGRFJIC02,LCONHITOT,9,2020,1
GLOBAL,LNDAGRFJIC02,LCONHITOT,9,2021,1
GLOBAL,LNDAGRFJIC02,LCONHITOT,9,2022,1
GLOBAL,LNDAGRFJIC02,LCONHITOT,9,2023,1
GLOBAL,LNDAGRFJIC02,LCONHITOT,9,2024,1
GLOBAL,LNDAGRFJIC02,LCONHITOT,9,2025,1
GLOBAL,LNDAGRFJIC02,LCONHITOT,9,2026,1
GLOBAL,LNDAGRFJIC02,LCONHITOT,9,2027,1
GLOBAL,LNDAGRFJIC02,LCONHITOT,9,2028,1
GLOBAL,LNDAGRFJIC02,LCONHITOT,9,2029,1
GLOBAL,LNDAGRFJIC02,LCONHITOT,9,2030,1
GLOBAL,LNDAGRFJIC02,LCONHITOT,9,2031,1
GLOBAL,LNDAGRFJIC02,LCONHITOT,9,2032,1
GLOBAL,LNDAGRFJIC02,LCONHITOT,9,2033,1
GLOBAL,LNDAGRFJIC02,LCONHITOT,9,2034,1
GLOBAL,LNDAGRFJIC02,LCONHITOT,9,2035,1
GLOBAL,LNDAGRFJIC02,LCONHITOT,9,2036,1
GLOBAL,LNDAGRFJIC02,LCONHITOT,9,2037,1
GLOBAL,LNDAGRFJIC02,LCONHITOT,9,2038,1
GLOBAL,LNDAGRFJIC02,LCONHITOT,9,2039,1
GLOBAL,LNDAGRFJIC02,LCONHITOT,9,2040,1
GLOBAL,LNDAGRFJIC02,LCONHITOT,9,2041,1
GLOBAL,LNDAGRFJIC02,LCONHITOT,9,2042,1
GLOBAL,LNDAGRFJIC02,LCONHITOT,9,2043,1
GLOBAL,LNDAGRFJIC02,LCONHITOT,9,2044,1
GLOBAL,LNDAGRFJIC02,LCONHITOT,9,2045,1
GLOBAL,LNDAGRFJIC02,LCONHITOT,9,2046,1
GLOBAL,LNDAGRFJIC02,LCONHITOT,9,2047,1
GLOBAL,LNDAGRFJIC02,LCONHITOT,9,2048,1
GLOBAL,LNDAGRFJIC02,LCONHITOT,9,2049,1
GLOBAL,LNDAGRFJIC02,LCONHITOT,9,2050,1
GLOBAL,LNDAGRFJIC02,WTRPRCFJI,9,2020,2.5
GLOBAL,LNDAGRFJIC02,WTRPRCFJI,9,2021,2.5
GLOBAL,LNDAGRFJIC02,WTRPRCFJI,9,2022,2.5
GLOBAL,LNDAGRFJIC02,WTRPRCFJI,9,2023,2.5
GLOBAL,LNDAGRFJIC02,WTRPRCFJI,9,2024,2.5
GLOBAL,LNDAGRFJIC02,WTRPRCFJI,9,2025,2.5
GLOBAL,LNDAGRFJIC02,WTRPRCFJI,9,2026,2.5
GLOBAL,LNDAGRFJIC02,WTRPRCFJI,9,2027,2.5
GLOBAL,LNDAGRFJIC02,WTRPRCFJI,9,2028,2.5
GLOBAL,LNDAGRFJIC02,WTRPRCFJI,9,2029,2.5
GLOBAL,LNDAGRFJIC02,WTRPRCFJI,9,2030,2.5
GLOBAL,LNDAGRFJIC02,WTRPRCFJI,9,2031,2.5
GLOBAL,LNDAGRFJIC02,WTRPRCFJI,9,2032,2.5
GLOBAL,LNDAGRFJIC02,WTRPRCFJI,9,2033,2.5
GLOBAL,LNDAGRFJIC02,WTRPRCFJI,9,2034,2.5
GLOBAL,LNDAGRFJIC02,WTRPRCFJI,9,2035,2.5
GLOBAL,LNDAGRFJIC02,WTRPRCFJI,9,2036,2.5
GLOBAL,LNDAGRFJIC02,WTRPRCFJI,9,2037,2.5
GLOBAL,LNDAGRFJIC02,WTRPRCFJI,9,2038,2.5
GLOBAL,LNDAGRFJIC02,WTRPRCFJI,9,2039,2.5
GLOBAL,LNDAGRFJIC02,WTRPRCFJI,9,2040,2.5
GLOBAL,LNDAGRFJIC02,WTRPRCFJI,9,2041,2.5
GLOBAL,LNDAGRFJIC02,WTRPRCFJI,9,2042,2.5
GLOBAL,LNDAGRFJIC02,WTRPRCFJI,9,2043,2.5
GLOBAL,LNDAGRFJIC02,WTRPRCFJI,9,2044,2.5
GLOBAL,LNDAGRFJIC02,WTRPRCFJI,9,2045,2.5
GLOBAL,LNDAGRFJIC02,WTRPRCFJI,9,2046,2.5
GLOBAL,LNDAGRFJIC02,WTRPRCFJI,9,2047,2.5
GLOBAL,LNDAGRFJIC02,WTRPRCFJI,9,2048,2.5
GLOBAL,LNDAGRFJIC02,WTRPRCFJI,9,2049,2.5
GLOBAL,LNDAGRFJIC02,WTRPRCFJI,9,2050,2.5
GLOBAL,LNDAGRFJIC02,AGRWATFJI,9,2020,0.0009
GLOBAL,LNDAGRFJIC02,AGRWATFJI,9,2021,0.0009
GLOBAL,LNDAGRFJIC02,AGRWATFJI,9,2022,0.0009
GLOBAL,LNDAGRFJIC02,AGRWATFJI,9,2023,0.0009
GLOBAL,LNDAGRFJIC02,AGRWATFJI,9,2024,0.0009
GLOBAL,LNDAGRFJIC02,AGRWATFJI,9,2025,0.0009
GLOBAL,LNDAGRFJIC02,AGRWATFJI,9,2026,0.0009
GLOBAL,LNDAGRFJIC02,AGRWATFJI,9,2027,0.0009
GLOBAL,LNDAGRFJIC02,AGRWATFJI,9,2028,0.0009
GLOBAL,LNDAGRFJIC02,AGRWATFJI,9,2029,0.0009
GLOBAL,LNDAGRFJIC02,AGRWATFJI,9,2030,0.0009
GLOBAL,LNDAGRFJIC02,AGRWATFJI,9,2031,0.0009
GLOBAL,LNDAGRFJIC02,AGRWATFJI,9,2032,0.0009
GLOBAL,LNDAGRFJIC02,AGRWATFJI,9,2033,0.0009
GLOBAL,LNDAGRFJIC02,AGRWATFJI,9,2034,0.0009
GLOBAL,LNDAGRFJIC02,AGRWATFJI,9,2035,0.0009
GLOBAL,LNDAGRFJIC02,AGRWATFJI,9,2036,0.0009
GLOBAL,LNDAGRFJIC02,AGRWATFJI,9,2037,0.0009
GLOBAL,LNDAGRFJIC02,AGRWATFJI,9,2038,0.0009
GLOBAL,LNDAGRFJIC02,AGRWATFJI,9,2039,0.0009
GLOBAL,LNDAGRFJIC02,AGRWATFJI,9,2040,0.0009
GLOBAL,LNDAGRFJIC02,AGRWATFJI,9,2041,0.0009
GLOBAL,LNDAGRFJIC02,AGRWATFJI,9,2042,0.0009
GLOBAL,LNDAGRFJIC02,AGRWATFJI,9,2043,0.0009
GLOBAL,LNDAGRFJIC02,AGRWATFJI,9,2044,0.0009
GLOBAL,LNDAGRFJIC02,AGRWATFJI,9,2045,0.0009
GLOBAL,LNDAGRFJIC02,AGRWATFJI,9,2046,0.0009
GLOBAL,LNDAGRFJIC02,AGRWATFJI,9,2047,0.0009
GLOBAL,LNDAGRFJIC02,AGRWATFJI,9,2048,0.0009
GLOBAL,LNDAGRFJIC02,AGRWATFJI,9,2049,0.0009
GLOBAL,LNDAGRFJIC02,AGRWATFJI,9,2050,0.0009
GLOBAL,LNDAGRFJIC02,LCONLITOT,10,2020,1
GLOBAL,LNDAGRFJIC02,LCONLITOT,10,2021,1
GLOBAL,LNDAGRFJIC02,LCONLITOT,10,2022,1
GLOBAL,LNDAGRFJIC02,LCONLITOT,10,2023,1
GLOBAL,LNDAGRFJIC02,LCONLITOT,10,2024,1
GLOBAL,LNDAGRFJIC02,LCONLITOT,10,2025,1
GLOBAL,LNDAGRFJIC02,LCONLITOT,10,2026,1
GLOBAL,LNDAGRFJIC02,LCONLITOT,10,2027,1
GLOBAL,LNDAGRFJIC02,LCONLITOT,10,2028,1
GLOBAL,LNDAGRFJIC02,LCONLITOT,10,2029,1
GLOBAL,LNDAGRFJIC02,LCONLITOT,10,2030,1
GLOBAL,LNDAGRFJIC02,LCONLITOT,10,2031,1
GLOBAL,LNDAGRFJIC02,LCONLITOT,10,2032,1
GLOBAL,LNDAGRFJIC02,LCONLITOT,10,2033,1
GLOBAL,LNDAGRFJIC02,LCONLITOT,10,2034,1
GLOBAL,LNDAGRFJIC02,LCONLITOT,10,2035,1
GLOBAL,LNDAGRFJIC02,LCONLITOT,10,2036,1
GLOBAL,LNDAGRFJIC02,LCONLITOT,10,2037,1
GLOBAL,LNDAGRFJIC02,LCONLITOT,10,2038,1
GLOBAL,LNDAGRFJIC02,LCONLITOT,10,2039,1
GLOBAL,LNDAGRFJIC02,LCONLITOT,10,2040,1
GLOBAL,LNDAGRFJIC02,LCONLITOT,10,2041,1
GLOBAL,LNDAGRFJIC02,LCONLITOT,10,2042,1
GLOBAL,LNDAGRFJIC02,LCONLITOT,10,2043,1
GLOBAL,LNDAGRFJIC02,LCONLITOT,10,2044,1
GLOBAL,LNDAGRFJIC02,LCONLITOT,10,2045,1
GLOBAL,LNDAGRFJIC02,LCONLITOT,10,2046,1
GLOBAL,LNDAGRFJIC02,LCONLITOT,10,2047,1
GLOBAL,LNDAGRFJIC02,LCONLITOT,10,2048,1
GLOBAL,LNDAGRFJIC02,LCONLITOT,10,2049,1
GLOBAL,LNDAGRFJIC02,LCONLITOT,10,2050,1
GLOBAL,LNDAGRFJIC02,WTRPRCFJI,10,2020,2.5
GLOBAL,LNDAGRFJIC02,WTRPRCFJI,10,2021,2.5
GLOBAL,LNDAGRFJIC02,WTRPRCFJI,10,2022,2.5
GLOBAL,LNDAGRFJIC02,WTRPRCFJI,10,2023,2.5
GLOBAL,LNDAGRFJIC02,WTRPRCFJI,10,2024,2.5
GLOBAL,LNDAGRFJIC02,WTRPRCFJI,10,2025,2.5
GLOBAL,LNDAGRFJIC02,WTRPRCFJI,10,2026,2.5
GLOBAL,LNDAGRFJIC02,WTRPRCFJI,10,2027,2.5
GLOBAL,LNDAGRFJIC02,WTRPRCFJI,10,2028,2.5
GLOBAL,LNDAGRFJIC02,WTRPRCFJI,10,2029,2.5
GLOBAL,LNDAGRFJIC02,WTRPRCFJI,10,2030,2.5
GLOBAL,LNDAGRFJIC02,WTRPRCFJI,10,2031,2.5
GLOBAL,LNDAGRFJIC02,WTRPRCFJI,10,2032,2.5
GLOBAL,LNDAGRFJIC02,WTRPRCFJI,10,2033,2.5
GLOBAL,LNDAGRFJIC02,WTRPRCFJI,10,2034,2.5
GLOBAL,LNDAGRFJIC02,WTRPRCFJI,10,2035,2.5
GLOBAL,LNDAGRFJIC02,WTRPRCFJI,10,2036,2.5
GLOBAL,LNDAGRFJIC02,WTRPRCFJI,10,2037,2.5
GLOBAL,LNDAGRFJIC02,WTRPRCFJI,10,2038,2.5
GLOBAL,LNDAGRFJIC02,WTRPRCFJI,10,2039,2.5
GLOBAL,LNDAGRFJIC02,WTRPRCFJI,10,2040,2.5
GLOBAL,LNDAGRFJIC02,WTRPRCFJI,10,2041,2.5
GLOBAL,LNDAGRFJIC02,WTRPRCFJI,10,2042,2.5
GLOBAL,LNDAGRFJIC02,WTRPRCFJI,10,2043,2.5
GLOBAL,LNDAGRFJIC02,WTRPRCFJI,10,2044,2.5
GLOBAL,LNDAGRFJIC02,WTRPRCFJI,10,2045,2.5
GLOBAL,LNDAGRFJIC02,WTRPRCFJI,10,2046,2.5
GLOBAL,LNDAGRFJIC02,WTRPRCFJI,10,2047,2.5
GLOBAL,LNDAGRFJIC02,WTRPRCFJI,10,2048,2.5
GLOBAL,LNDAGRFJIC02,WTRPRCFJI,10,2049,2.5
GLOBAL,LNDAGRFJIC02,WTRPRCFJI,10,2050,2.5
GLOBAL,LNDAGRFJIC02,AGRWATFJI,10,2020,0.0003
GLOBAL,LNDAGRFJIC02,AGRWATFJI,10,2021,0.0003
GLOBAL,LNDAGRFJIC02,AGRWATFJI,10,2022,0.0003
GLOBAL,LNDAGRFJIC02,AGRWATFJI,10,2023,0.0003
GLOBAL,LNDAGRFJIC02,AGRWATFJI,10,2024,0.0003
GLOBAL,LNDAGRFJIC02,AGRWATFJI,10,2025,0.0003
GLOBAL,LNDAGRFJIC02,AGRWATFJI,10,2026,0.0003
GLOBAL,LNDAGRFJIC02,AGRWATFJI,10,2027,0.0003
GLOBAL,LNDAGRFJIC02,AGRWATFJI,10,2028,0.0003
GLOBAL,LNDAGRFJIC02,AGRWATFJI,10,2029,0.0003
GLOBAL,LNDAGRFJIC02,AGRWATFJI,10,2030,0.0003
GLOBAL,LNDAGRFJIC02,AGRWATFJI,10,2031,0.0003
GLOBAL,LNDAGRFJIC02,AGRWATFJI,10,2032,0.0003
GLOBAL,LNDAGRFJIC02,AGRWATFJI,10,2033,0.0003
GLOBAL,LNDAGRFJIC02,AGRWATFJI,10,2034,0.0003
GLOBAL,LNDAGRFJIC02,AGRWATFJI,10,2035,0.0003
GLOBAL,LNDAGRFJIC02,AGRWATFJI,10,2036,0.0003
GLOBAL,LNDAGRFJIC02,AGRWATFJI,10,2037,0.0003
GLOBAL,LNDAGRFJIC02,AGRWATFJI,10,2038,0.0003
GLOBAL,LNDAGRFJIC02,AGRWATFJI,10,2039,0.0003
GLOBAL,LNDAGRFJIC02,AGRWATFJI,10,2040,0.0003
GLOBAL,LNDAGRFJIC02,AGRWATFJI,10,2041,0.0003
GLOBAL,LNDAGRFJIC02,AGRWATFJI,10,2042,0.0003
GLOBAL,LNDAGRFJIC02,AGRWATFJI,10,2043,0.0003
GLOBAL,LNDAGRFJIC02,AGRWATFJI,10,2044,0.0003
GLOBAL,LNDAGRFJIC02,AGRWATFJI,10,2045,0.0003
GLOBAL,LNDAGRFJIC02,AGRWATFJI,10,2046,0.0003
GLOBAL,LNDAGRFJIC02,AGRWATFJI,10,2047,0.0003
GLOBAL,LNDAGRFJIC02,AGRWATFJI,10,2048,0.0003
GLOBAL,LNDAGRFJIC02,AGRWATFJI,10,2049,0.0003
GLOBAL,LNDAGRFJIC02,AGRWATFJI,10,2050,0.0003
GLOBAL,LNDAGRFJIC02,LCASHRTOT,11,2020,1
GLOBAL,LNDAGRFJIC02,LCASHRTOT,11,2021,1
GLOBAL,LNDAGRFJIC02,LCASHRTOT,11,2022,1
GLOBAL,LNDAGRFJIC02,LCASHRTOT,11,2023,1
GLOBAL,LNDAGRFJIC02,LCASHRTOT,11,2024,1
GLOBAL,LNDAGRFJIC02,LCASHRTOT,11,2025,1
GLOBAL,LNDAGRFJIC02,LCASHRTOT,11,2026,1
GLOBAL,LNDAGRFJIC02,LCASHRTOT,11,2027,1
GLOBAL,LNDAGRFJIC02,LCASHRTOT,11,2028,1
GLOBAL,LNDAGRFJIC02,LCASHRTOT,11,2029,1
GLOBAL,LNDAGRFJIC02,LCASHRTOT,11,2030,1
GLOBAL,LNDAGRFJIC02,LCASHRTOT,11,2031,1
GLOBAL,LNDAGRFJIC02,LCASHRTOT,11,2032,1
GLOBAL,LNDAGRFJIC02,LCASHRTOT,11,2033,1
GLOBAL,LNDAGRFJIC02,LCASHRTOT,11,2034,1
GLOBAL,LNDAGRFJIC02,LCASHRTOT,11,2035,1
GLOBAL,LNDAGRFJIC02,LCASHRTOT,11,2036,1
GLOBAL,LNDAGRFJIC02,LCASHRTOT,11,2037,1
GLOBAL,LNDAGRFJIC02,LCASHRTOT,11,2038,1
GLOBAL,LNDAGRFJIC02,LCASHRTOT,11,2039,1
GLOBAL,LNDAGRFJIC02,LCASHRTOT,11,2040,1
GLOBAL,LNDAGRFJIC02,LCASHRTOT,11,2041,1
GLOBAL,LNDAGRFJIC02,LCASHRTOT,11,2042,1
GLOBAL,LNDAGRFJIC02,LCASHRTOT,11,2043,1
GLOBAL,LNDAGRFJIC02,LCASHRTOT,11,2044,1
GLOBAL,LNDAGRFJIC02,LCASHRTOT,11,2045,1
GLOBAL,LNDAGRFJIC02,LCASHRTOT,11,2046,1
GLOBAL,LNDAGRFJIC02,LCASHRTOT,11,2047,1
GLOBAL,LNDAGRFJIC02,LCASHRTOT,11,2048,1
GLOBAL,LNDAGRFJIC02,LCASHRTOT,11,2049,1
GLOBAL,LNDAGRFJIC02,LCASHRTOT,11,2050,1
GLOBAL,LNDAGRFJIC02,WTRPRCFJI,11,2020,2.5
GLOBAL,LNDAGRFJIC02,WTRPRCFJI,11,2021,2.5
GLOBAL,LNDAGRFJIC02,WTRPRCFJI,11,2022,2.5
GLOBAL,LNDAGRFJIC02,WTRPRCFJI,11,2023,2.5
GLOBAL,LNDAGRFJIC02,WTRPRCFJI,11,2024,2.5
GLOBAL,LNDAGRFJIC02,WTRPRCFJI,11,2025,2.5
GLOBAL,LNDAGRFJIC02,WTRPRCFJI,11,2026,2.5
GLOBAL,LNDAGRFJIC02,WTRPRCFJI,11,2027,2.5
GLOBAL,LNDAGRFJIC02,WTRPRCFJI,11,2028,2.5
GLOBAL,LNDAGRFJIC02,WTRPRCFJI,11,2029,2.5
GLOBAL,LNDAGRFJIC02,WTRPRCFJI,11,2030,2.5
GLOBAL,LNDAGRFJIC02,WTRPRCFJI,11,2031,2.5
GLOBAL,LNDAGRFJIC02,WTRPRCFJI,11,2032,2.5
GLOBAL,LNDAGRFJIC02,WTRPRCFJI,11,2033,2.5
GLOBAL,LNDAGRFJIC02,WTRPRCFJI,11,2034,2.5
GLOBAL,LNDAGRFJIC02,WTRPRCFJI,11,2035,2.5
GLOBAL,LNDAGRFJIC02,WTRPRCFJI,11,2036,2.5
GLOBAL,LNDAGRFJIC02,WTRPRCFJI,11,2037,2.5
GLOBAL,LNDAGRFJIC02,WTRPRCFJI,11,2038,2.5
GLOBAL,LNDAGRFJIC02,WTRPRCFJI,11,2039,2.5
GLOBAL,LNDAGRFJIC02,WTRPRCFJI,11,2040,2.5
GLOBAL,LNDAGRFJIC02,WTRPRCFJI,11,2041,2.5
GLOBAL,LNDAGRFJIC02,WTRPRCFJI,11,2042,2.5
GLOBAL,LNDAGRFJIC02,WTRPRCFJI,11,2043,2.5
GLOBAL,LNDAGRFJIC02,WTRPRCFJI,11,2044,2.5
GLOBAL,LNDAGRFJIC02,WTRPRCFJI,11,2045,2.5
GLOBAL,LNDAGRFJIC02,WTRPRCFJI,11,2046,2.5
GLOBAL,LNDAGRFJIC02,WTRPRCFJI,11,2047,2.5
GLOBAL,LNDAGRFJIC02,WTRPRCFJI,11,2048,2.5
GLOBAL,LNDAGRFJIC02,WTRPRCFJI,11,2049,2.5
GLOBAL,LNDAGRFJIC02,WTRPRCFJI,11,2050,2.5
GLOBAL,LNDAGRFJIC02,AGRWATFJI,11,2022,0
GLOBAL,LNDAGRFJIC02,AGRWATFJI,11,2024,0
GLOBAL,LNDAGRFJIC02,AGRWATFJI,11,2026,0
GLOBAL,LNDAGRFJIC02,AGRWATFJI,11,2028,0
GLOBAL,LNDAGRFJIC02,AGRWATFJI,11,2030,0
GLOBAL,LNDAGRFJIC02,AGRWATFJI,11,2032,0
GLOBAL,LNDAGRFJIC02,AGRWATFJI,11,2034,0
GLOBAL,LNDAGRFJIC02,AGRWATFJI,11,2036,0
GLOBAL,LNDAGRFJIC02,AGRWATFJI,11,2038,0
GLOBAL,LNDAGRFJIC02,AGRWATFJI,11,2040,0
GLOBAL,LNDAGRFJIC02,AGRWATFJI,11,2042,0
GLOBAL,LNDAGRFJIC02,AGRWATFJI,11,2044,0
GLOBAL,LNDAGRFJIC02,AGRWATFJI,11,2046,0
GLOBAL,LNDAGRFJIC02,AGRWATFJI,11,2048,0
GLOBAL,LNDAGRFJIC02,AGRWATFJI,11,2050,0
GLOBAL,LNDAGRFJIC02,LYAMHITOT,12,2020,1
GLOBAL,LNDAGRFJIC02,LYAMHITOT,12,2021,1
GLOBAL,LNDAGRFJIC02,LYAMHITOT,12,2022,1
GLOBAL,LNDAGRFJIC02,LYAMHITOT,12,2023,1
GLOBAL,LNDAGRFJIC02,LYAMHITOT,12,2024,1
GLOBAL,LNDAGRFJIC02,LYAMHITOT,12,2025,1
GLOBAL,LNDAGRFJIC02,LYAMHITOT,12,2026,1
GLOBAL,LNDAGRFJIC02,LYAMHITOT,12,2027,1
GLOBAL,LNDAGRFJIC02,LYAMHITOT,12,2028,1
GLOBAL,LNDAGRFJIC02,LYAMHITOT,12,2029,1
GLOBAL,LNDAGRFJIC02,LYAMHITOT,12,2030,1
GLOBAL,LNDAGRFJIC02,LYAMHITOT,12,2031,1
GLOBAL,LNDAGRFJIC02,LYAMHITOT,12,2032,1
GLOBAL,LNDAGRFJIC02,LYAMHITOT,12,2033,1
GLOBAL,LNDAGRFJIC02,LYAMHITOT,12,2034,1
GLOBAL,LNDAGRFJIC02,LYAMHITOT,12,2035,1
GLOBAL,LNDAGRFJIC02,LYAMHITOT,12,2036,1
GLOBAL,LNDAGRFJIC02,LYAMHITOT,12,2037,1
GLOBAL,LNDAGRFJIC02,LYAMHITOT,12,2038,1
GLOBAL,LNDAGRFJIC02,LYAMHITOT,12,2039,1
GLOBAL,LNDAGRFJIC02,LYAMHITOT,12,2040,1
GLOBAL,LNDAGRFJIC02,LYAMHITOT,12,2041,1
GLOBAL,LNDAGRFJIC02,LYAMHITOT,12,2042,1
GLOBAL,LNDAGRFJIC02,LYAMHITOT,12,2043,1
GLOBAL,LNDAGRFJIC02,LYAMHITOT,12,2044,1
GLOBAL,LNDAGRFJIC02,LYAMHITOT,12,2045,1
GLOBAL,LNDAGRFJIC02,LYAMHITOT,12,2046,1
GLOBAL,LNDAGRFJIC02,LYAMHITOT,12,2047,1
GLOBAL,LNDAGRFJIC02,LYAMHITOT,12,2048,1
GLOBAL,LNDAGRFJIC02,LYAMHITOT,12,2049,1
GLOBAL,LNDAGRFJIC02,LYAMHITOT,12,2050,1
GLOBAL,LNDAGRFJIC02,WTRPRCFJI,12,2020,2.5
GLOBAL,LNDAGRFJIC02,WTRPRCFJI,12,2021,2.5
GLOBAL,LNDAGRFJIC02,WTRPRCFJI,12,2022,2.5
GLOBAL,LNDAGRFJIC02,WTRPRCFJI,12,2023,2.5
GLOBAL,LNDAGRFJIC02,WTRPRCFJI,12,2024,2.5
GLOBAL,LNDAGRFJIC02,WTRPRCFJI,12,2025,2.5
GLOBAL,LNDAGRFJIC02,WTRPRCFJI,12,2026,2.5
GLOBAL,LNDAGRFJIC02,WTRPRCFJI,12,2027,2.5
GLOBAL,LNDAGRFJIC02,WTRPRCFJI,12,2028,2.5
GLOBAL,LNDAGRFJIC02,WTRPRCFJI,12,2029,2.5
GLOBAL,LNDAGRFJIC02,WTRPRCFJI,12,2030,2.5
GLOBAL,LNDAGRFJIC02,WTRPRCFJI,12,2031,2.5
GLOBAL,LNDAGRFJIC02,WTRPRCFJI,12,2032,2.5
GLOBAL,LNDAGRFJIC02,WTRPRCFJI,12,2033,2.5
GLOBAL,LNDAGRFJIC02,WTRPRCFJI,12,2034,2.5
GLOBAL,LNDAGRFJIC02,WTRPRCFJI,12,2035,2.5
GLOBAL,LNDAGRFJIC02,WTRPRCFJI,12,2036,2.5
GLOBAL,LNDAGRFJIC02,WTRPRCFJI,12,2037,2.5
GLOBAL,LNDAGRFJIC02,WTRPRCFJI,12,2038,2.5
GLOBAL,LNDAGRFJIC02,WTRPRCFJI,12,2039,2.5
GLOBAL,LNDAGRFJIC02,WTRPRCFJI,12,2040,2.5
GLOBAL,LNDAGRFJIC02,WTRPRCFJI,12,2041,2.5
GLOBAL,LNDAGRFJIC02,WTRPRCFJI,12,2042,2.5
GLOBAL,LNDAGRFJIC02,WTRPRCFJI,12,2043,2.5
GLOBAL,LNDAGRFJIC02,WTRPRCFJI,12,2044,2.5
GLOBAL,LNDAGRFJIC02,WTRPRCFJI,12,2045,2.5
GLOBAL,LNDAGRFJIC02,WTRPRCFJI,12,2046,2.5
GLOBAL,LNDAGRFJIC02,WTRPRCFJI,12,2047,2.5
GLOBAL,LNDAGRFJIC02,WTRPRCFJI,12,2048,2.5
GLOBAL,LNDAGRFJIC02,WTRPRCFJI,12,2049,2.5
GLOBAL,LNDAGRFJIC02,WTRPRCFJI,12,2050,2.5
GLOBAL,LNDAGRFJIC02,AGRWATFJI,12,2020,0.0014
GLOBAL,LNDAGRFJIC02,AGRWATFJI,12,2021,0.0014
GLOBAL,LNDAGRFJIC02,AGRWATFJI,12,2022,0.0014
GLOBAL,LNDAGRFJIC02,AGRWATFJI,12,2023,0.0014
GLOBAL,LNDAGRFJIC02,AGRWATFJI,12,2024,0.0014
GLOBAL,LNDAGRFJIC02,AGRWATFJI,12,2025,0.0014
GLOBAL,LNDAGRFJIC02,AGRWATFJI,12,2026,0.0014
GLOBAL,LNDAGRFJIC02,AGRWATFJI,12,2027,0.0014
GLOBAL,LNDAGRFJIC02,AGRWATFJI,12,2028,0.0014
GLOBAL,LNDAGRFJIC02,AGRWATFJI,12,2029,0.0014
GLOBAL,LNDAGRFJIC02,AGRWATFJI,12,2030,0.0014
GLOBAL,LNDAGRFJIC02,AGRWATFJI,12,2031,0.0014
GLOBAL,LNDAGRFJIC02,AGRWATFJI,12,2032,0.0014
GLOBAL,LNDAGRFJIC02,AGRWATFJI,12,2033,0.0014
GLOBAL,LNDAGRFJIC02,AGRWATFJI,12,2034,0.0014
GLOBAL,LNDAGRFJIC02,AGRWATFJI,12,2035,0.0014
GLOBAL,LNDAGRFJIC02,AGRWATFJI,12,2036,0.0014
GLOBAL,LNDAGRFJIC02,AGRWATFJI,12,2037,0.0014
GLOBAL,LNDAGRFJIC02,AGRWATFJI,12,2038,0.0014
GLOBAL,LNDAGRFJIC02,AGRWATFJI,12,2039,0.0014
GLOBAL,LNDAGRFJIC02,AGRWATFJI,12,2040,0.0014
GLOBAL,LNDAGRFJIC02,AGRWATFJI,12,2041,0.0014
GLOBAL,LNDAGRFJIC02,AGRWATFJI,12,2042,0.0014
GLOBAL,LNDAGRFJIC02,AGRWATFJI,12,2043,0.0014
GLOBAL,LNDAGRFJIC02,AGRWATFJI,12,2044,0.0014
GLOBAL,LNDAGRFJIC02,AGRWATFJI,12,2045,0.0014
GLOBAL,LNDAGRFJIC02,AGRWATFJI,12,2046,0.0014
GLOBAL,LNDAGRFJIC02,AGRWATFJI,12,2047,0.0014
GLOBAL,LNDAGRFJIC02,AGRWATFJI,12,2048,0.0014
GLOBAL,LNDAGRFJIC02,AGRWATFJI,12,2049,0.0014
GLOBAL,LNDAGRFJIC02,AGRWATFJI,12,2050,0.0014
GLOBAL,LNDAGRFJIC02,LCASLITOT,13,2020,1
GLOBAL,LNDAGRFJIC02,LCASLITOT,13,2021,1
GLOBAL,LNDAGRFJIC02,LCASLITOT,13,2022,1
GLOBAL,LNDAGRFJIC02,LCASLITOT,13,2023,1
GLOBAL,LNDAGRFJIC02,LCASLITOT,13,2024,1
GLOBAL,LNDAGRFJIC02,LCASLITOT,13,2025,1
GLOBAL,LNDAGRFJIC02,LCASLITOT,13,2026,1
GLOBAL,LNDAGRFJIC02,LCASLITOT,13,2027,1
GLOBAL,LNDAGRFJIC02,LCASLITOT,13,2028,1
GLOBAL,LNDAGRFJIC02,LCASLITOT,13,2029,1
GLOBAL,LNDAGRFJIC02,LCASLITOT,13,2030,1
GLOBAL,LNDAGRFJIC02,LCASLITOT,13,2031,1
GLOBAL,LNDAGRFJIC02,LCASLITOT,13,2032,1
GLOBAL,LNDAGRFJIC02,LCASLITOT,13,2033,1
GLOBAL,LNDAGRFJIC02,LCASLITOT,13,2034,1
GLOBAL,LNDAGRFJIC02,LCASLITOT,13,2035,1
GLOBAL,LNDAGRFJIC02,LCASLITOT,13,2036,1
GLOBAL,LNDAGRFJIC02,LCASLITOT,13,2037,1
GLOBAL,LNDAGRFJIC02,LCASLITOT,13,2038,1
GLOBAL,LNDAGRFJIC02,LCASLITOT,13,2039,1
GLOBAL,LNDAGRFJIC02,LCASLITOT,13,2040,1
GLOBAL,LNDAGRFJIC02,LCASLITOT,13,2041,1
GLOBAL,LNDAGRFJIC02,LCASLITOT,13,2042,1
GLOBAL,LNDAGRFJIC02,LCASLITOT,13,2043,1
GLOBAL,LNDAGRFJIC02,LCASLITOT,13,2044,1
GLOBAL,LNDAGRFJIC02,LCASLITOT,13,2045,1
GLOBAL,LNDAGRFJIC02,LCASLITOT,13,2046,1
GLOBAL,LNDAGRFJIC02,LCASLITOT,13,2047,1
GLOBAL,LNDAGRFJIC02,LCASLITOT,13,2048,1
GLOBAL,LNDAGRFJIC02,LCASLITOT,13,2049,1
GLOBAL,LNDAGRFJIC02,LCASLITOT,13,2050,1
GLOBAL,LNDAGRFJIC02,WTRPRCFJI,13,2020,2.5
GLOBAL,LNDAGRFJIC02,WTRPRCFJI,13,2021,2.5
GLOBAL,LNDAGRFJIC02,WTRPRCFJI,13,2022,2.5
GLOBAL,LNDAGRFJIC02,WTRPRCFJI,13,2023,2.5
GLOBAL,LNDAGRFJIC02,WTRPRCFJI,13,2024,2.5
GLOBAL,LNDAGRFJIC02,WTRPRCFJI,13,2025,2.5
GLOBAL,LNDAGRFJIC02,WTRPRCFJI,13,2026,2.5
GLOBAL,LNDAGRFJIC02,WTRPRCFJI,13,2027,2.5
GLOBAL,LNDAGRFJIC02,WTRPRCFJI,13,2028,2.5
GLOBAL,LNDAGRFJIC02,WTRPRCFJI,13,2029,2.5
GLOBAL,LNDAGRFJIC02,WTRPRCFJI,13,2030,2.5
GLOBAL,LNDAGRFJIC02,WTRPRCFJI,13,2031,2.5
GLOBAL,LNDAGRFJIC02,WTRPRCFJI,13,2032,2.5
GLOBAL,LNDAGRFJIC02,WTRPRCFJI,13,2033,2.5
GLOBAL,LNDAGRFJIC02,WTRPRCFJI,13,2034,2.5
GLOBAL,LNDAGRFJIC02,WTRPRCFJI,13,2035,2.5
GLOBAL,LNDAGRFJIC02,WTRPRCFJI,13,2036,2.5
GLOBAL,LNDAGRFJIC02,WTRPRCFJI,13,2037,2.5
GLOBAL,LNDAGRFJIC02,WTRPRCFJI,13,2038,2.5
GLOBAL,LNDAGRFJIC02,WTRPRCFJI,13,2039,2.5
GLOBAL,LNDAGRFJIC02,WTRPRCFJI,13,2040,2.5
GLOBAL,LNDAGRFJIC02,WTRPRCFJI,13,2041,2.5
GLOBAL,LNDAGRFJIC02,WTRPRCFJI,13,2042,2.5
GLOBAL,LNDAGRFJIC02,WTRPRCFJI,13,2043,2.5
GLOBAL,LNDAGRFJIC02,WTRPRCFJI,13,2044,2.5
GLOBAL,LNDAGRFJIC02,WTRPRCFJI,13,2045,2.5
GLOBAL,LNDAGRFJIC02,WTRPRCFJI,13,2046,2.5
GLOBAL,LNDAGRFJIC02,WTRPRCFJI,13,2047,2.5
GLOBAL,LNDAGRFJIC02,WTRPRCFJI,13,2048,2.5
GLOBAL,LNDAGRFJIC02,WTRPRCFJI,13,2049,2.5
GLOBAL,LNDAGRFJIC02,WTRPRCFJI,13,2050,2.5
GLOBAL,LNDAGRFJIC02,AGRWATFJI,13,2020,0.001
GLOBAL,LNDAGRFJIC02,AGRWATFJI,13,2021,0.001
GLOBAL,LNDAGRFJIC02,AGRWATFJI,13,2022,0.001
GLOBAL,LNDAGRFJIC02,AGRWATFJI,13,2023,0.001
GLOBAL,LNDAGRFJIC02,AGRWATFJI,13,2024,0.001
GLOBAL,LNDAGRFJIC02,AGRWATFJI,13,2025,0.001
GLOBAL,LNDAGRFJIC02,AGRWATFJI,13,2026,0.001
GLOBAL,LNDAGRFJIC02,AGRWATFJI,13,2027,0.001
GLOBAL,LNDAGRFJIC02,AGRWATFJI,13,2028,0.001
GLOBAL,LNDAGRFJIC02,AGRWATFJI,13,2029,0.001
GLOBAL,LNDAGRFJIC02,AGRWATFJI,13,2030,0.001
GLOBAL,LNDAGRFJIC02,AGRWATFJI,13,2031,0.001
GLOBAL,LNDAGRFJIC02,AGRWATFJI,13,2032,0.001
GLOBAL,LNDAGRFJIC02,AGRWATFJI,13,2033,0.001
GLOBAL,LNDAGRFJIC02,AGRWATFJI,13,2034,0.001
GLOBAL,LNDAGRFJIC02,AGRWATFJI,13,2035,0.001
GLOBAL,LNDAGRFJIC02,AGRWATFJI,13,2036,0.001
GLOBAL,LNDAGRFJIC02,AGRWATFJI,13,2037,0.001
GLOBAL,LNDAGRFJIC02,AGRWATFJI,13,2038,0.001
GLOBAL,LNDAGRFJIC02,AGRWATFJI,13,2039,0.001
GLOBAL,LNDAGRFJIC02,AGRWATFJI,13,2040,0.001
GLOBAL,LNDAGRFJIC02,AGRWATFJI,13,2041,0.001
GLOBAL,LNDAGRFJIC02,AGRWATFJI,13,2042,0.001
GLOBAL,LNDAGRFJIC02,AGRWATFJI,13,2043,0.001
GLOBAL,LNDAGRFJIC02,AGRWATFJI,13,2044,0.001
GLOBAL,LNDAGRFJIC02,AGRWATFJI,13,2045,0.001
GLOBAL,LNDAGRFJIC02,AGRWATFJI,13,2046,0.001
GLOBAL,LNDAGRFJIC02,AGRWATFJI,13,2047,0.001
GLOBAL,LNDAGRFJIC02,AGRWATFJI,13,2048,0.001
GLOBAL,LNDAGRFJIC02,AGRWATFJI,13,2049,0.001
GLOBAL,LNDAGRFJIC02,AGRWATFJI,13,2050,0.001
GLOBAL,LNDAGRFJIC02,LYAMHRTOT,14,2020,1
GLOBAL,LNDAGRFJIC02,LYAMHRTOT,14,2021,1
GLOBAL,LNDAGRFJIC02,LYAMHRTOT,14,2022,1
GLOBAL,LNDAGRFJIC02,LYAMHRTOT,14,2023,1
GLOBAL,LNDAGRFJIC02,LYAMHRTOT,14,2024,1
GLOBAL,LNDAGRFJIC02,LYAMHRTOT,14,2025,1
GLOBAL,LNDAGRFJIC02,LYAMHRTOT,14,2026,1
GLOBAL,LNDAGRFJIC02,LYAMHRTOT,14,2027,1
GLOBAL,LNDAGRFJIC02,LYAMHRTOT,14,2028,1
GLOBAL,LNDAGRFJIC02,LYAMHRTOT,14,2029,1
GLOBAL,LNDAGRFJIC02,LYAMHRTOT,14,2030,1
GLOBAL,LNDAGRFJIC02,LYAMHRTOT,14,2031,1
GLOBAL,LNDAGRFJIC02,LYAMHRTOT,14,2032,1
GLOBAL,LNDAGRFJIC02,LYAMHRTOT,14,2033,1
GLOBAL,LNDAGRFJIC02,LYAMHRTOT,14,2034,1
GLOBAL,LNDAGRFJIC02,LYAMHRTOT,14,2035,1
GLOBAL,LNDAGRFJIC02,LYAMHRTOT,14,2036,1
GLOBAL,LNDAGRFJIC02,LYAMHRTOT,14,2037,1
GLOBAL,LNDAGRFJIC02,LYAMHRTOT,14,2038,1
GLOBAL,LNDAGRFJIC02,LYAMHRTOT,14,2039,1
GLOBAL,LNDAGRFJIC02,LYAMHRTOT,14,2040,1
GLOBAL,LNDAGRFJIC02,LYAMHRTOT,14,2041,1
GLOBAL,LNDAGRFJIC02,LYAMHRTOT,14,2042,1
GLOBAL,LNDAGRFJIC02,LYAMHRTOT,14,2043,1
GLOBAL,LNDAGRFJIC02,LYAMHRTOT,14,2044,1
GLOBAL,LNDAGRFJIC02,LYAMHRTOT,14,2045,1
GLOBAL,LNDAGRFJIC02,LYAMHRTOT,14,2046,1
GLOBAL,LNDAGRFJIC02,LYAMHRTOT,14,2047,1
GLOBAL,LNDAGRFJIC02,LYAMHRTOT,14,2048,1
GLOBAL,LNDAGRFJIC02,LYAMHRTOT,14,2049,1
GLOBAL,LNDAGRFJIC02,LYAMHRTOT,14,2050,1
GLOBAL,LNDAGRFJIC02,WTRPRCFJI,14,2020,2.5
GLOBAL,LNDAGRFJIC02,WTRPRCFJI,14,2021,2.5
GLOBAL,LNDAGRFJIC02,WTRPRCFJI,14,2022,2.5
GLOBAL,LNDAGRFJIC02,WTRPRCFJI,14,2023,2.5
GLOBAL,LNDAGRFJIC02,WTRPRCFJI,14,2024,2.5
GLOBAL,LNDAGRFJIC02,WTRPRCFJI,14,2025,2.5
GLOBAL,LNDAGRFJIC02,WTRPRCFJI,14,2026,2.5
GLOBAL,LNDAGRFJIC02,WTRPRCFJI,14,2027,2.5
GLOBAL,LNDAGRFJIC02,WTRPRCFJI,14,2028,2.5
GLOBAL,LNDAGRFJIC02,WTRPRCFJI,14,2029,2.5
GLOBAL,LNDAGRFJIC02,WTRPRCFJI,14,2030,2.5
GLOBAL,LNDAGRFJIC02,WTRPRCFJI,14,2031,2.5
GLOBAL,LNDAGRFJIC02,WTRPRCFJI,14,2032,2.5
GLOBAL,LNDAGRFJIC02,WTRPRCFJI,14,2033,2.5
GLOBAL,LNDAGRFJIC02,WTRPRCFJI,14,2034,2.5
GLOBAL,LNDAGRFJIC02,WTRPRCFJI,14,2035,2.5
GLOBAL,LNDAGRFJIC02,WTRPRCFJI,14,2036,2.5
GLOBAL,LNDAGRFJIC02,WTRPRCFJI,14,2037,2.5
GLOBAL,LNDAGRFJIC02,WTRPRCFJI,14,2038,2.5
GLOBAL,LNDAGRFJIC02,WTRPRCFJI,14,2039,2.5
GLOBAL,LNDAGRFJIC02,WTRPRCFJI,14,2040,2.5
GLOBAL,LNDAGRFJIC02,WTRPRCFJI,14,2041,2.5
GLOBAL,LNDAGRFJIC02,WTRPRCFJI,14,2042,2.5
GLOBAL,LNDAGRFJIC02,WTRPRCFJI,14,2043,2.5
GLOBAL,LNDAGRFJIC02,WTRPRCFJI,14,2044,2.5
GLOBAL,LNDAGRFJIC02,WTRPRCFJI,14,2045,2.5
GLOBAL,LNDAGRFJIC02,WTRPRCFJI,14,2046,2.5
GLOBAL,LNDAGRFJIC02,WTRPRCFJI,14,2047,2.5
GLOBAL,LNDAGRFJIC02,WTRPRCFJI,14,2048,2.5
GLOBAL,LNDAGRFJIC02,WTRPRCFJI,14,2049,2.5
GLOBAL,LNDAGRFJIC02,WTRPRCFJI,14,2050,2.5
GLOBAL,LNDAGRFJIC02,AGRWATFJI,14,2022,0
GLOBAL,LNDAGRFJIC02,AGRWATFJI,14,2024,0
GLOBAL,LNDAGRFJIC02,AGRWATFJI,14,2026,0
GLOBAL,LNDAGRFJIC02,AGRWATFJI,14,2028,0
GLOBAL,LNDAGRFJIC02,AGRWATFJI,14,2030,0
GLOBAL,LNDAGRFJIC02,AGRWATFJI,14,2032,0
GLOBAL,LNDAGRFJIC02,AGRWATFJI,14,2034,0
GLOBAL,LNDAGRFJIC02,AGRWATFJI,14,2036,0
GLOBAL,LNDAGRFJIC02,AGRWATFJI,14,2038,0
GLOBAL,LNDAGRFJIC02,AGRWATFJI,14,2040,0
GLOBAL,LNDAGRFJIC02,AGRWATFJI,14,2042,0
GLOBAL,LNDAGRFJIC02,AGRWATFJI,14,2044,0
GLOBAL,LNDAGRFJIC02,AGRWATFJI,14,2046,0
GLOBAL,LNDAGRFJIC02,AGRWATFJI,14,2048,0
GLOBAL,LNDAGRFJIC02,AGRWATFJI,14,2050,0
GLOBAL,LNDAGRFJIC02,LSGCHRTOT,15,2020,1
GLOBAL,LNDAGRFJIC02,LSGCHRTOT,15,2021,1
GLOBAL,LNDAGRFJIC02,LSGCHRTOT,15,2022,1
GLOBAL,LNDAGRFJIC02,LSGCHRTOT,15,2023,1
GLOBAL,LNDAGRFJIC02,LSGCHRTOT,15,2024,1
GLOBAL,LNDAGRFJIC02,LSGCHRTOT,15,2025,1
GLOBAL,LNDAGRFJIC02,LSGCHRTOT,15,2026,1
GLOBAL,LNDAGRFJIC02,LSGCHRTOT,15,2027,1
GLOBAL,LNDAGRFJIC02,LSGCHRTOT,15,2028,1
GLOBAL,LNDAGRFJIC02,LSGCHRTOT,15,2029,1
GLOBAL,LNDAGRFJIC02,LSGCHRTOT,15,2030,1
GLOBAL,LNDAGRFJIC02,LSGCHRTOT,15,2031,1
GLOBAL,LNDAGRFJIC02,LSGCHRTOT,15,2032,1
GLOBAL,LNDAGRFJIC02,LSGCHRTOT,15,2033,1
GLOBAL,LNDAGRFJIC02,LSGCHRTOT,15,2034,1
GLOBAL,LNDAGRFJIC02,LSGCHRTOT,15,2035,1
GLOBAL,LNDAGRFJIC02,LSGCHRTOT,15,2036,1
GLOBAL,LNDAGRFJIC02,LSGCHRTOT,15,2037,1
GLOBAL,LNDAGRFJIC02,LSGCHRTOT,15,2038,1
GLOBAL,LNDAGRFJIC02,LSGCHRTOT,15,2039,1
GLOBAL,LNDAGRFJIC02,LSGCHRTOT,15,2040,1
GLOBAL,LNDAGRFJIC02,LSGCHRTOT,15,2041,1
GLOBAL,LNDAGRFJIC02,LSGCHRTOT,15,2042,1
GLOBAL,LNDAGRFJIC02,LSGCHRTOT,15,2043,1
GLOBAL,LNDAGRFJIC02,LSGCHRTOT,15,2044,1
GLOBAL,LNDAGRFJIC02,LSGCHRTOT,15,2045,1
GLOBAL,LNDAGRFJIC02,LSGCHRTOT,15,2046,1
GLOBAL,LNDAGRFJIC02,LSGCHRTOT,15,2047,1
GLOBAL,LNDAGRFJIC02,LSGCHRTOT,15,2048,1
GLOBAL,LNDAGRFJIC02,LSGCHRTOT,15,2049,1
GLOBAL,LNDAGRFJIC02,LSGCHRTOT,15,2050,1
GLOBAL,LNDAGRFJIC02,WTRPRCFJI,15,2020,2.5
GLOBAL,LNDAGRFJIC02,WTRPRCFJI,15,2021,2.5
GLOBAL,LNDAGRFJIC02,WTRPRCFJI,15,2022,2.5
GLOBAL,LNDAGRFJIC02,WTRPRCFJI,15,2023,2.5
GLOBAL,LNDAGRFJIC02,WTRPRCFJI,15,2024,2.5
GLOBAL,LNDAGRFJIC02,WTRPRCFJI,15,2025,2.5
GLOBAL,LNDAGRFJIC02,WTRPRCFJI,15,2026,2.5
GLOBAL,LNDAGRFJIC02,WTRPRCFJI,15,2027,2.5
GLOBAL,LNDAGRFJIC02,WTRPRCFJI,15,2028,2.5
GLOBAL,LNDAGRFJIC02,WTRPRCFJI,15,2029,2.5
GLOBAL,LNDAGRFJIC02,WTRPRCFJI,15,2030,2.5
GLOBAL,LNDAGRFJIC02,WTRPRCFJI,15,2031,2.5
GLOBAL,LNDAGRFJIC02,WTRPRCFJI,15,2032,2.5
GLOBAL,LNDAGRFJIC02,WTRPRCFJI,15,2033,2.5
GLOBAL,LNDAGRFJIC02,WTRPRCFJI,15,2034,2.5
GLOBAL,LNDAGRFJIC02,WTRPRCFJI,15,2035,2.5
GLOBAL,LNDAGRFJIC02,WTRPRCFJI,15,2036,2.5
GLOBAL,LNDAGRFJIC02,WTRPRCFJI,15,2037,2.5
GLOBAL,LNDAGRFJIC02,WTRPRCFJI,15,2038,2.5
GLOBAL,LNDAGRFJIC02,WTRPRCFJI,15,2039,2.5
GLOBAL,LNDAGRFJIC02,WTRPRCFJI,15,2040,2.5
GLOBAL,LNDAGRFJIC02,WTRPRCFJI,15,2041,2.5
GLOBAL,LNDAGRFJIC02,WTRPRCFJI,15,2042,2.5
GLOBAL,LNDAGRFJIC02,WTRPRCFJI,15,2043,2.5
GLOBAL,LNDAGRFJIC02,WTRPRCFJI,15,2044,2.5
GLOBAL,LNDAGRFJIC02,WTRPRCFJI,15,2045,2.5
GLOBAL,LNDAGRFJIC02,WTRPRCFJI,15,2046,2.5
GLOBAL,LNDAGRFJIC02,WTRPRCFJI,15,2047,2.5
GLOBAL,LNDAGRFJIC02,WTRPRCFJI,15,2048,2.5
GLOBAL,LNDAGRFJIC02,WTRPRCFJI,15,2049,2.5
GLOBAL,LNDAGRFJIC02,WTRPRCFJI,15,2050,2.5
GLOBAL,LNDAGRFJIC02,AGRWATFJI,15,2022,0
GLOBAL,LNDAGRFJIC02,AGRWATFJI,15,2024,0
GLOBAL,LNDAGRFJIC02,AGRWATFJI,15,2026,0
GLOBAL,LNDAGRFJIC02,AGRWATFJI,15,2028,0
GLOBAL,LNDAGRFJIC02,AGRWATFJI,15,2030,0
GLOBAL,LNDAGRFJIC02,AGRWATFJI,15,2032,0
GLOBAL,LNDAGRFJIC02,AGRWATFJI,15,2034,0
GLOBAL,LNDAGRFJIC02,AGRWATFJI,15,2036,0
GLOBAL,LNDAGRFJIC02,AGRWATFJI,15,2038,0
GLOBAL,LNDAGRFJIC02,AGRWATFJI,15,2040,0
GLOBAL,LNDAGRFJIC02,AGRWATFJI,15,2042,0
GLOBAL,LNDAGRFJIC02,AGRWATFJI,15,2044,0
GLOBAL,LNDAGRFJIC02,AGRWATFJI,15,2046,0
GLOBAL,LNDAGRFJIC02,AGRWATFJI,15,2048,0
GLOBAL,LNDAGRFJIC02,AGRWATFJI,15,2050,0
GLOBAL,LNDAGRFJIC02,LSGCLRTOT,16,2020,1
GLOBAL,LNDAGRFJIC02,LSGCLRTOT,16,2021,1
GLOBAL,LNDAGRFJIC02,LSGCLRTOT,16,2022,1
GLOBAL,LNDAGRFJIC02,LSGCLRTOT,16,2023,1
GLOBAL,LNDAGRFJIC02,LSGCLRTOT,16,2024,1
GLOBAL,LNDAGRFJIC02,LSGCLRTOT,16,2025,1
GLOBAL,LNDAGRFJIC02,LSGCLRTOT,16,2026,1
GLOBAL,LNDAGRFJIC02,LSGCLRTOT,16,2027,1
GLOBAL,LNDAGRFJIC02,LSGCLRTOT,16,2028,1
GLOBAL,LNDAGRFJIC02,LSGCLRTOT,16,2029,1
GLOBAL,LNDAGRFJIC02,LSGCLRTOT,16,2030,1
GLOBAL,LNDAGRFJIC02,LSGCLRTOT,16,2031,1
GLOBAL,LNDAGRFJIC02,LSGCLRTOT,16,2032,1
GLOBAL,LNDAGRFJIC02,LSGCLRTOT,16,2033,1
GLOBAL,LNDAGRFJIC02,LSGCLRTOT,16,2034,1
GLOBAL,LNDAGRFJIC02,LSGCLRTOT,16,2035,1
GLOBAL,LNDAGRFJIC02,LSGCLRTOT,16,2036,1
GLOBAL,LNDAGRFJIC02,LSGCLRTOT,16,2037,1
GLOBAL,LNDAGRFJIC02,LSGCLRTOT,16,2038,1
GLOBAL,LNDAGRFJIC02,LSGCLRTOT,16,2039,1
GLOBAL,LNDAGRFJIC02,LSGCLRTOT,16,2040,1
GLOBAL,LNDAGRFJIC02,LSGCLRTOT,16,2041,1
GLOBAL,LNDAGRFJIC02,LSGCLRTOT,16,2042,1
GLOBAL,LNDAGRFJIC02,LSGCLRTOT,16,2043,1
GLOBAL,LNDAGRFJIC02,LSGCLRTOT,16,2044,1
GLOBAL,LNDAGRFJIC02,LSGCLRTOT,16,2045,1
GLOBAL,LNDAGRFJIC02,LSGCLRTOT,16,2046,1
GLOBAL,LNDAGRFJIC02,LSGCLRTOT,16,2047,1
GLOBAL,LNDAGRFJIC02,LSGCLRTOT,16,2048,1
GLOBAL,LNDAGRFJIC02,LSGCLRTOT,16,2049,1
GLOBAL,LNDAGRFJIC02,LSGCLRTOT,16,2050,1
GLOBAL,LNDAGRFJIC02,WTRPRCFJI,16,2020,2.5
GLOBAL,LNDAGRFJIC02,WTRPRCFJI,16,2021,2.5
GLOBAL,LNDAGRFJIC02,WTRPRCFJI,16,2022,2.5
GLOBAL,LNDAGRFJIC02,WTRPRCFJI,16,2023,2.5
GLOBAL,LNDAGRFJIC02,WTRPRCFJI,16,2024,2.5
GLOBAL,LNDAGRFJIC02,WTRPRCFJI,16,2025,2.5
GLOBAL,LNDAGRFJIC02,WTRPRCFJI,16,2026,2.5
GLOBAL,LNDAGRFJIC02,WTRPRCFJI,16,2027,2.5
GLOBAL,LNDAGRFJIC02,WTRPRCFJI,16,2028,2.5
GLOBAL,LNDAGRFJIC02,WTRPRCFJI,16,2029,2.5
GLOBAL,LNDAGRFJIC02,WTRPRCFJI,16,2030,2.5
GLOBAL,LNDAGRFJIC02,WTRPRCFJI,16,2031,2.5
GLOBAL,LNDAGRFJIC02,WTRPRCFJI,16,2032,2.5
GLOBAL,LNDAGRFJIC02,WTRPRCFJI,16,2033,2.5
GLOBAL,LNDAGRFJIC02,WTRPRCFJI,16,2034,2.5
GLOBAL,LNDAGRFJIC02,WTRPRCFJI,16,2035,2.5
GLOBAL,LNDAGRFJIC02,WTRPRCFJI,16,2036,2.5
GLOBAL,LNDAGRFJIC02,WTRPRCFJI,16,2037,2.5
GLOBAL,LNDAGRFJIC02,WTRPRCFJI,16,2038,2.5
GLOBAL,LNDAGRFJIC02,WTRPRCFJI,16,2039,2.5
GLOBAL,LNDAGRFJIC02,WTRPRCFJI,16,2040,2.5
GLOBAL,LNDAGRFJIC02,WTRPRCFJI,16,2041,2.5
GLOBAL,LNDAGRFJIC02,WTRPRCFJI,16,2042,2.5
GLOBAL,LNDAGRFJIC02,WTRPRCFJI,16,2043,2.5
GLOBAL,LNDAGRFJIC02,WTRPRCFJI,16,2044,2.5
GLOBAL,LNDAGRFJIC02,WTRPRCFJI,16,2045,2.5
GLOBAL,LNDAGRFJIC02,WTRPRCFJI,16,2046,2.5
GLOBAL,LNDAGRFJIC02,WTRPRCFJI,16,2047,2.5
GLOBAL,LNDAGRFJIC02,WTRPRCFJI,16,2048,2.5
GLOBAL,LNDAGRFJIC02,WTRPRCFJI,16,2049,2.5
GLOBAL,LNDAGRFJIC02,WTRPRCFJI,16,2050,2.5
GLOBAL,LNDAGRFJIC02,AGRWATFJI,16,2022,0
GLOBAL,LNDAGRFJIC02,AGRWATFJI,16,2024,0
GLOBAL,LNDAGRFJIC02,AGRWATFJI,16,2026,0
GLOBAL,LNDAGRFJIC02,AGRWATFJI,16,2028,0
GLOBAL,LNDAGRFJIC02,AGRWATFJI,16,2030,0
GLOBAL,LNDAGRFJIC02,AGRWATFJI,16,2032,0
GLOBAL,LNDAGRFJIC02,AGRWATFJI,16,2034,0
GLOBAL,LNDAGRFJIC02,AGRWATFJI,16,2036,0
GLOBAL,LNDAGRFJIC02,AGRWATFJI,16,2038,0
GLOBAL,LNDAGRFJIC02,AGRWATFJI,16,2040,0
GLOBAL,LNDAGRFJIC02,AGRWATFJI,16,2042,0
GLOBAL,LNDAGRFJIC02,AGRWATFJI,16,2044,0
GLOBAL,LNDAGRFJIC02,AGRWATFJI,16,2046,0
GLOBAL,LNDAGRFJIC02,AGRWATFJI,16,2048,0
GLOBAL,LNDAGRFJIC02,AGRWATFJI,16,2050,0
GLOBAL,LNDAGRFJIC02,LOTHLITOT,17,2020,1
GLOBAL,LNDAGRFJIC02,LOTHLITOT,17,2021,1
GLOBAL,LNDAGRFJIC02,LOTHLITOT,17,2022,1
GLOBAL,LNDAGRFJIC02,LOTHLITOT,17,2023,1
GLOBAL,LNDAGRFJIC02,LOTHLITOT,17,2024,1
GLOBAL,LNDAGRFJIC02,LOTHLITOT,17,2025,1
GLOBAL,LNDAGRFJIC02,LOTHLITOT,17,2026,1
GLOBAL,LNDAGRFJIC02,LOTHLITOT,17,2027,1
GLOBAL,LNDAGRFJIC02,LOTHLITOT,17,2028,1
GLOBAL,LNDAGRFJIC02,LOTHLITOT,17,2029,1
GLOBAL,LNDAGRFJIC02,LOTHLITOT,17,2030,1
GLOBAL,LNDAGRFJIC02,LOTHLITOT,17,2031,1
GLOBAL,LNDAGRFJIC02,LOTHLITOT,17,2032,1
GLOBAL,LNDAGRFJIC02,LOTHLITOT,17,2033,1
GLOBAL,LNDAGRFJIC02,LOTHLITOT,17,2034,1
GLOBAL,LNDAGRFJIC02,LOTHLITOT,17,2035,1
GLOBAL,LNDAGRFJIC02,LOTHLITOT,17,2036,1
GLOBAL,LNDAGRFJIC02,LOTHLITOT,17,2037,1
GLOBAL,LNDAGRFJIC02,LOTHLITOT,17,2038,1
GLOBAL,LNDAGRFJIC02,LOTHLITOT,17,2039,1
GLOBAL,LNDAGRFJIC02,LOTHLITOT,17,2040,1
GLOBAL,LNDAGRFJIC02,LOTHLITOT,17,2041,1
GLOBAL,LNDAGRFJIC02,LOTHLITOT,17,2042,1
GLOBAL,LNDAGRFJIC02,LOTHLITOT,17,2043,1
GLOBAL,LNDAGRFJIC02,LOTHLITOT,17,2044,1
GLOBAL,LNDAGRFJIC02,LOTHLITOT,17,2045,1
GLOBAL,LNDAGRFJIC02,LOTHLITOT,17,2046,1
GLOBAL,LNDAGRFJIC02,LOTHLITOT,17,2047,1
GLOBAL,LNDAGRFJIC02,LOTHLITOT,17,2048,1
GLOBAL,LNDAGRFJIC02,LOTHLITOT,17,2049,1
GLOBAL,LNDAGRFJIC02,LOTHLITOT,17,2050,1
GLOBAL,LNDAGRFJIC02,WTRPRCFJI,17,2020,2.5
GLOBAL,LNDAGRFJIC02,WTRPRCFJI,17,2021,2.5
GLOBAL,LNDAGRFJIC02,WTRPRCFJI,17,2022,2.5
GLOBAL,LNDAGRFJIC02,WTRPRCFJI,17,2023,2.5
GLOBAL,LNDAGRFJIC02,WTRPRCFJI,17,2024,2.5
GLOBAL,LNDAGRFJIC02,WTRPRCFJI,17,2025,2.5
GLOBAL,LNDAGRFJIC02,WTRPRCFJI,17,2026,2.5
GLOBAL,LNDAGRFJIC02,WTRPRCFJI,17,2027,2.5
GLOBAL,LNDAGRFJIC02,WTRPRCFJI,17,2028,2.5
GLOBAL,LNDAGRFJIC02,WTRPRCFJI,17,2029,2.5
GLOBAL,LNDAGRFJIC02,WTRPRCFJI,17,2030,2.5
GLOBAL,LNDAGRFJIC02,WTRPRCFJI,17,2031,2.5
GLOBAL,LNDAGRFJIC02,WTRPRCFJI,17,2032,2.5
GLOBAL,LNDAGRFJIC02,WTRPRCFJI,17,2033,2.5
GLOBAL,LNDAGRFJIC02,WTRPRCFJI,17,2034,2.5
GLOBAL,LNDAGRFJIC02,WTRPRCFJI,17,2035,2.5
GLOBAL,LNDAGRFJIC02,WTRPRCFJI,17,2036,2.5
GLOBAL,LNDAGRFJIC02,WTRPRCFJI,17,2037,2.5
GLOBAL,LNDAGRFJIC02,WTRPRCFJI,17,2038,2.5
GLOBAL,LNDAGRFJIC02,WTRPRCFJI,17,2039,2.5
GLOBAL,LNDAGRFJIC02,WTRPRCFJI,17,2040,2.5
GLOBAL,LNDAGRFJIC02,WTRPRCFJI,17,2041,2.5
GLOBAL,LNDAGRFJIC02,WTRPRCFJI,17,2042,2.5
GLOBAL,LNDAGRFJIC02,WTRPRCFJI,17,2043,2.5
GLOBAL,LNDAGRFJIC02,WTRPRCFJI,17,2044,2.5
GLOBAL,LNDAGRFJIC02,WTRPRCFJI,17,2045,2.5
GLOBAL,LNDAGRFJIC02,WTRPRCFJI,17,2046,2.5
GLOBAL,LNDAGRFJIC02,WTRPRCFJI,17,2047,2.5
GLOBAL,LNDAGRFJIC02,WTRPRCFJI,17,2048,2.5
GLOBAL,LNDAGRFJIC02,WTRPRCFJI,17,2049,2.5
GLOBAL,LNDAGRFJIC02,WTRPRCFJI,17,2050,2.5
GLOBAL,LNDAGRFJIC02,AGRWATFJI,17,2020,0.001
GLOBAL,LNDAGRFJIC02,AGRWATFJI,17,2021,0.001
GLOBAL,LNDAGRFJIC02,AGRWATFJI,17,2022,0.001
GLOBAL,LNDAGRFJIC02,AGRWATFJI,17,2023,0.001
GLOBAL,LNDAGRFJIC02,AGRWATFJI,17,2024,0.001
GLOBAL,LNDAGRFJIC02,AGRWATFJI,17,2025,0.001
GLOBAL,LNDAGRFJIC02,AGRWATFJI,17,2026,0.001
GLOBAL,LNDAGRFJIC02,AGRWATFJI,17,2027,0.001
GLOBAL,LNDAGRFJIC02,AGRWATFJI,17,2028,0.001
GLOBAL,LNDAGRFJIC02,AGRWATFJI,17,2029,0.001
GLOBAL,LNDAGRFJIC02,AGRWATFJI,17,2030,0.001
GLOBAL,LNDAGRFJIC02,AGRWATFJI,17,2031,0.001
GLOBAL,LNDAGRFJIC02,AGRWATFJI,17,2032,0.001
GLOBAL,LNDAGRFJIC02,AGRWATFJI,17,2033,0.001
GLOBAL,LNDAGRFJIC02,AGRWATFJI,17,2034,0.001
GLOBAL,LNDAGRFJIC02,AGRWATFJI,17,2035,0.001
GLOBAL,LNDAGRFJIC02,AGRWATFJI,17,2036,0.001
GLOBAL,LNDAGRFJIC02,AGRWATFJI,17,2037,0.001
GLOBAL,LNDAGRFJIC02,AGRWATFJI,17,2038,0.001
GLOBAL,LNDAGRFJIC02,AGRWATFJI,17,2039,0.001
GLOBAL,LNDAGRFJIC02,AGRWATFJI,17,2040,0.001
GLOBAL,LNDAGRFJIC02,AGRWATFJI,17,2041,0.001
GLOBAL,LNDAGRFJIC02,AGRWATFJI,17,2042,0.001
GLOBAL,LNDAGRFJIC02,AGRWATFJI,17,2043,0.001
GLOBAL,LNDAGRFJIC02,AGRWATFJI,17,2044,0.001
GLOBAL,LNDAGRFJIC02,AGRWATFJI,17,2045,0.001
GLOBAL,LNDAGRFJIC02,AGRWATFJI,17,2046,0.001
GLOBAL,LNDAGRFJIC02,AGRWATFJI,17,2047,0.001
GLOBAL,LNDAGRFJIC02,AGRWATFJI,17,2048,0.001
GLOBAL,LNDAGRFJIC02,AGRWATFJI,17,2049,0.001
GLOBAL,LNDAGRFJIC02,AGRWATFJI,17,2050,0.001
GLOBAL,LNDAGRFJIC02,LOTHHITOT,18,2020,1
GLOBAL,LNDAGRFJIC02,LOTHHITOT,18,2021,1
GLOBAL,LNDAGRFJIC02,LOTHHITOT,18,2022,1
GLOBAL,LNDAGRFJIC02,LOTHHITOT,18,2023,1
GLOBAL,LNDAGRFJIC02,LOTHHITOT,18,2024,1
GLOBAL,LNDAGRFJIC02,LOTHHITOT,18,2025,1
GLOBAL,LNDAGRFJIC02,LOTHHITOT,18,2026,1
GLOBAL,LNDAGRFJIC02,LOTHHITOT,18,2027,1
GLOBAL,LNDAGRFJIC02,LOTHHITOT,18,2028,1
GLOBAL,LNDAGRFJIC02,LOTHHITOT,18,2029,1
GLOBAL,LNDAGRFJIC02,LOTHHITOT,18,2030,1
GLOBAL,LNDAGRFJIC02,LOTHHITOT,18,2031,1
GLOBAL,LNDAGRFJIC02,LOTHHITOT,18,2032,1
GLOBAL,LNDAGRFJIC02,LOTHHITOT,18,2033,1
GLOBAL,LNDAGRFJIC02,LOTHHITOT,18,2034,1
GLOBAL,LNDAGRFJIC02,LOTHHITOT,18,2035,1
GLOBAL,LNDAGRFJIC02,LOTHHITOT,18,2036,1
GLOBAL,LNDAGRFJIC02,LOTHHITOT,18,2037,1
GLOBAL,LNDAGRFJIC02,LOTHHITOT,18,2038,1
GLOBAL,LNDAGRFJIC02,LOTHHITOT,18,2039,1
GLOBAL,LNDAGRFJIC02,LOTHHITOT,18,2040,1
GLOBAL,LNDAGRFJIC02,LOTHHITOT,18,2041,1
GLOBAL,LNDAGRFJIC02,LOTHHITOT,18,2042,1
GLOBAL,LNDAGRFJIC02,LOTHHITOT,18,2043,1
GLOBAL,LNDAGRFJIC02,LOTHHITOT,18,2044,1
GLOBAL,LNDAGRFJIC02,LOTHHITOT,18,2045,1
GLOBAL,LNDAGRFJIC02,LOTHHITOT,18,2046,1
GLOBAL,LNDAGRFJIC02,LOTHHITOT,18,2047,1
GLOBAL,LNDAGRFJIC02,LOTHHITOT,18,2048,1
GLOBAL,LNDAGRFJIC02,LOTHHITOT,18,2049,1
GLOBAL,LNDAGRFJIC02,LOTHHITOT,18,2050,1
GLOBAL,LNDAGRFJIC02,WTRPRCFJI,18,2020,2.5
GLOBAL,LNDAGRFJIC02,WTRPRCFJI,18,2021,2.5
GLOBAL,LNDAGRFJIC02,WTRPRCFJI,18,2022,2.5
GLOBAL,LNDAGRFJIC02,WTRPRCFJI,18,2023,2.5
GLOBAL,LNDAGRFJIC02,WTRPRCFJI,18,2024,2.5
GLOBAL,LNDAGRFJIC02,WTRPRCFJI,18,2025,2.5
GLOBAL,LNDAGRFJIC02,WTRPRCFJI,18,2026,2.5
GLOBAL,LNDAGRFJIC02,WTRPRCFJI,18,2027,2.5
GLOBAL,LNDAGRFJIC02,WTRPRCFJI,18,2028,2.5
GLOBAL,LNDAGRFJIC02,WTRPRCFJI,18,2029,2.5
GLOBAL,LNDAGRFJIC02,WTRPRCFJI,18,2030,2.5
GLOBAL,LNDAGRFJIC02,WTRPRCFJI,18,2031,2.5
GLOBAL,LNDAGRFJIC02,WTRPRCFJI,18,2032,2.5
GLOBAL,LNDAGRFJIC02,WTRPRCFJI,18,2033,2.5
GLOBAL,LNDAGRFJIC02,WTRPRCFJI,18,2034,2.5
GLOBAL,LNDAGRFJIC02,WTRPRCFJI,18,2035,2.5
GLOBAL,LNDAGRFJIC02,WTRPRCFJI,18,2036,2.5
GLOBAL,LNDAGRFJIC02,WTRPRCFJI,18,2037,2.5
GLOBAL,LNDAGRFJIC02,WTRPRCFJI,18,2038,2.5
GLOBAL,LNDAGRFJIC02,WTRPRCFJI,18,2039,2.5
GLOBAL,LNDAGRFJIC02,WTRPRCFJI,18,2040,2.5
GLOBAL,LNDAGRFJIC02,WTRPRCFJI,18,2041,2.5
GLOBAL,LNDAGRFJIC02,WTRPRCFJI,18,2042,2.5
GLOBAL,LNDAGRFJIC02,WTRPRCFJI,18,2043,2.5
GLOBAL,LNDAGRFJIC02,WTRPRCFJI,18,2044,2.5
GLOBAL,LNDAGRFJIC02,WTRPRCFJI,18,2045,2.5
GLOBAL,LNDAGRFJIC02,WTRPRCFJI,18,2046,2.5
GLOBAL,LNDAGRFJIC02,WTRPRCFJI,18,2047,2.5
GLOBAL,LNDAGRFJIC02,WTRPRCFJI,18,2048,2.5
GLOBAL,LNDAGRFJIC02,WTRPRCFJI,18,2049,2.5
GLOBAL,LNDAGRFJIC02,WTRPRCFJI,18,2050,2.5
GLOBAL,LNDAGRFJIC02,AGRWATFJI,18,2020,0.0012
GLOBAL,LNDAGRFJIC02,AGRWATFJI,18,2021,0.0012
GLOBAL,LNDAGRFJIC02,AGRWATFJI,18,2022,0.0012
GLOBAL,LNDAGRFJIC02,AGRWATFJI,18,2023,0.0012
GLOBAL,LNDAGRFJIC02,AGRWATFJI,18,2024,0.0012
GLOBAL,LNDAGRFJIC02,AGRWATFJI,18,2025,0.0012
GLOBAL,LNDAGRFJIC02,AGRWATFJI,18,2026,0.0012
GLOBAL,LNDAGRFJIC02,AGRWATFJI,18,2027,0.0012
GLOBAL,LNDAGRFJIC02,AGRWATFJI,18,2028,0.0012
GLOBAL,LNDAGRFJIC02,AGRWATFJI,18,2029,0.0012
GLOBAL,LNDAGRFJIC02,AGRWATFJI,18,2030,0.0012
GLOBAL,LNDAGRFJIC02,AGRWATFJI,18,2031,0.0012
GLOBAL,LNDAGRFJIC02,AGRWATFJI,18,2032,0.0012
GLOBAL,LNDAGRFJIC02,AGRWATFJI,18,2033,0.0012
GLOBAL,LNDAGRFJIC02,AGRWATFJI,18,2034,0.0012
GLOBAL,LNDAGRFJIC02,AGRWATFJI,18,2035,0.0012
GLOBAL,LNDAGRFJIC02,AGRWATFJI,18,2036,0.0012
GLOBAL,LNDAGRFJIC02,AGRWATFJI,18,2037,0.0012
GLOBAL,LNDAGRFJIC02,AGRWATFJI,18,2038,0.0012
GLOBAL,LNDAGRFJIC02,AGRWATFJI,18,2039,0.0012
GLOBAL,LNDAGRFJIC02,AGRWATFJI,18,2040,0.0012
GLOBAL,LNDAGRFJIC02,AGRWATFJI,18,2041,0.0012
GLOBAL,LNDAGRFJIC02,AGRWATFJI,18,2042,0.0012
GLOBAL,LNDAGRFJIC02,AGRWATFJI,18,2043,0.0012
GLOBAL,LNDAGRFJIC02,AGRWATFJI,18,2044,0.0012
GLOBAL,LNDAGRFJIC02,AGRWATFJI,18,2045,0.0012
GLOBAL,LNDAGRFJIC02,AGRWATFJI,18,2046,0.0012
GLOBAL,LNDAGRFJIC02,AGRWATFJI,18,2047,0.0012
GLOBAL,LNDAGRFJIC02,AGRWATFJI,18,2048,0.0012
GLOBAL,LNDAGRFJIC02,AGRWATFJI,18,2049,0.0012
GLOBAL,LNDAGRFJIC02,AGRWATFJI,18,2050,0.0012
GLOBAL,LNDAGRFJIC02,LOTHLRTOT,19,2020,1
GLOBAL,LNDAGRFJIC02,LOTHLRTOT,19,2021,1
GLOBAL,LNDAGRFJIC02,LOTHLRTOT,19,2022,1
GLOBAL,LNDAGRFJIC02,LOTHLRTOT,19,2023,1
GLOBAL,LNDAGRFJIC02,LOTHLRTOT,19,2024,1
GLOBAL,LNDAGRFJIC02,LOTHLRTOT,19,2025,1
GLOBAL,LNDAGRFJIC02,LOTHLRTOT,19,2026,1
GLOBAL,LNDAGRFJIC02,LOTHLRTOT,19,2027,1
GLOBAL,LNDAGRFJIC02,LOTHLRTOT,19,2028,1
GLOBAL,LNDAGRFJIC02,LOTHLRTOT,19,2029,1
GLOBAL,LNDAGRFJIC02,LOTHLRTOT,19,2030,1
GLOBAL,LNDAGRFJIC02,LOTHLRTOT,19,2031,1
GLOBAL,LNDAGRFJIC02,LOTHLRTOT,19,2032,1
GLOBAL,LNDAGRFJIC02,LOTHLRTOT,19,2033,1
GLOBAL,LNDAGRFJIC02,LOTHLRTOT,19,2034,1
GLOBAL,LNDAGRFJIC02,LOTHLRTOT,19,2035,1
GLOBAL,LNDAGRFJIC02,LOTHLRTOT,19,2036,1
GLOBAL,LNDAGRFJIC02,LOTHLRTOT,19,2037,1
GLOBAL,LNDAGRFJIC02,LOTHLRTOT,19,2038,1
GLOBAL,LNDAGRFJIC02,LOTHLRTOT,19,2039,1
GLOBAL,LNDAGRFJIC02,LOTHLRTOT,19,2040,1
GLOBAL,LNDAGRFJIC02,LOTHLRTOT,19,2041,1
GLOBAL,LNDAGRFJIC02,LOTHLRTOT,19,2042,1
GLOBAL,LNDAGRFJIC02,LOTHLRTOT,19,2043,1
GLOBAL,LNDAGRFJIC02,LOTHLRTOT,19,2044,1
GLOBAL,LNDAGRFJIC02,LOTHLRTOT,19,2045,1
GLOBAL,LNDAGRFJIC02,LOTHLRTOT,19,2046,1
GLOBAL,LNDAGRFJIC02,LOTHLRTOT,19,2047,1
GLOBAL,LNDAGRFJIC02,LOTHLRTOT,19,2048,1
GLOBAL,LNDAGRFJIC02,LOTHLRTOT,19,2049,1
GLOBAL,LNDAGRFJIC02,LOTHLRTOT,19,2050,1
GLOBAL,LNDAGRFJIC02,WTRPRCFJI,19,2020,2.5
GLOBAL,LNDAGRFJIC02,WTRPRCFJI,19,2021,2.5
GLOBAL,LNDAGRFJIC02,WTRPRCFJI,19,2022,2.5
GLOBAL,LNDAGRFJIC02,WTRPRCFJI,19,2023,2.5
GLOBAL,LNDAGRFJIC02,WTRPRCFJI,19,2024,2.5
GLOBAL,LNDAGRFJIC02,WTRPRCFJI,19,2025,2.5
GLOBAL,LNDAGRFJIC02,WTRPRCFJI,19,2026,2.5
GLOBAL,LNDAGRFJIC02,WTRPRCFJI,19,2027,2.5
GLOBAL,LNDAGRFJIC02,WTRPRCFJI,19,2028,2.5
GLOBAL,LNDAGRFJIC02,WTRPRCFJI,19,2029,2.5
GLOBAL,LNDAGRFJIC02,WTRPRCFJI,19,2030,2.5
GLOBAL,LNDAGRFJIC02,WTRPRCFJI,19,2031,2.5
GLOBAL,LNDAGRFJIC02,WTRPRCFJI,19,2032,2.5
GLOBAL,LNDAGRFJIC02,WTRPRCFJI,19,2033,2.5
GLOBAL,LNDAGRFJIC02,WTRPRCFJI,19,2034,2.5
GLOBAL,LNDAGRFJIC02,WTRPRCFJI,19,2035,2.5
GLOBAL,LNDAGRFJIC02,WTRPRCFJI,19,2036,2.5
GLOBAL,LNDAGRFJIC02,WTRPRCFJI,19,2037,2.5
GLOBAL,LNDAGRFJIC02,WTRPRCFJI,19,2038,2.5
GLOBAL,LNDAGRFJIC02,WTRPRCFJI,19,2039,2.5
GLOBAL,LNDAGRFJIC02,WTRPRCFJI,19,2040,2.5
GLOBAL,LNDAGRFJIC02,WTRPRCFJI,19,2041,2.5
GLOBAL,LNDAGRFJIC02,WTRPRCFJI,19,2042,2.5
GLOBAL,LNDAGRFJIC02,WTRPRCFJI,19,2043,2.5
GLOBAL,LNDAGRFJIC02,WTRPRCFJI,19,2044,2.5
GLOBAL,LNDAGRFJIC02,WTRPRCFJI,19,2045,2.5
GLOBAL,LNDAGRFJIC02,WTRPRCFJI,19,2046,2.5
GLOBAL,LNDAGRFJIC02,WTRPRCFJI,19,2047,2.5
GLOBAL,LNDAGRFJIC02,WTRPRCFJI,19,2048,2.5
GLOBAL,LNDAGRFJIC02,WTRPRCFJI,19,2049,2.5
GLOBAL,LNDAGRFJIC02,WTRPRCFJI,19,2050,2.5
GLOBAL,LNDAGRFJIC02,AGRWATFJI,19,2022,0
GLOBAL,LNDAGRFJIC02,AGRWATFJI,19,2024,0
GLOBAL,LNDAGRFJIC02,AGRWATFJI,19,2026,0
GLOBAL,LNDAGRFJIC02,AGRWATFJI,19,2028,0
GLOBAL,LNDAGRFJIC02,AGRWATFJI,19,2030,0
GLOBAL,LNDAGRFJIC02,AGRWATFJI,19,2032,0
GLOBAL,LNDAGRFJIC02,AGRWATFJI,19,2034,0
GLOBAL,LNDAGRFJIC02,AGRWATFJI,19,2036,0
GLOBAL,LNDAGRFJIC02,AGRWATFJI,19,2038,0
GLOBAL,LNDAGRFJIC02,AGRWATFJI,19,2040,0
GLOBAL,LNDAGRFJIC02,AGRWATFJI,19,2042,0
GLOBAL,LNDAGRFJIC02,AGRWATFJI,19,2044,0
GLOBAL,LNDAGRFJIC02,AGRWATFJI,19,2046,0
GLOBAL,LNDAGRFJIC02,AGRWATFJI,19,2048,0
GLOBAL,LNDAGRFJIC02,AGRWATFJI,19,2050,0
GLOBAL,LNDAGRFJIC02,LOTHHRTOT,20,2020,1
GLOBAL,LNDAGRFJIC02,LOTHHRTOT,20,2021,1
GLOBAL,LNDAGRFJIC02,LOTHHRTOT,20,2022,1
GLOBAL,LNDAGRFJIC02,LOTHHRTOT,20,2023,1
GLOBAL,LNDAGRFJIC02,LOTHHRTOT,20,2024,1
GLOBAL,LNDAGRFJIC02,LOTHHRTOT,20,2025,1
GLOBAL,LNDAGRFJIC02,LOTHHRTOT,20,2026,1
GLOBAL,LNDAGRFJIC02,LOTHHRTOT,20,2027,1
GLOBAL,LNDAGRFJIC02,LOTHHRTOT,20,2028,1
GLOBAL,LNDAGRFJIC02,LOTHHRTOT,20,2029,1
GLOBAL,LNDAGRFJIC02,LOTHHRTOT,20,2030,1
GLOBAL,LNDAGRFJIC02,LOTHHRTOT,20,2031,1
GLOBAL,LNDAGRFJIC02,LOTHHRTOT,20,2032,1
GLOBAL,LNDAGRFJIC02,LOTHHRTOT,20,2033,1
GLOBAL,LNDAGRFJIC02,LOTHHRTOT,20,2034,1
GLOBAL,LNDAGRFJIC02,LOTHHRTOT,20,2035,1
GLOBAL,LNDAGRFJIC02,LOTHHRTOT,20,2036,1
GLOBAL,LNDAGRFJIC02,LOTHHRTOT,20,2037,1
GLOBAL,LNDAGRFJIC02,LOTHHRTOT,20,2038,1
GLOBAL,LNDAGRFJIC02,LOTHHRTOT,20,2039,1
GLOBAL,LNDAGRFJIC02,LOTHHRTOT,20,2040,1
GLOBAL,LNDAGRFJIC02,LOTHHRTOT,20,2041,1
GLOBAL,LNDAGRFJIC02,LOTHHRTOT,20,2042,1
GLOBAL,LNDAGRFJIC02,LOTHHRTOT,20,2043,1
GLOBAL,LNDAGRFJIC02,LOTHHRTOT,20,2044,1
GLOBAL,LNDAGRFJIC02,LOTHHRTOT,20,2045,1
GLOBAL,LNDAGRFJIC02,LOTHHRTOT,20,2046,1
GLOBAL,LNDAGRFJIC02,LOTHHRTOT,20,2047,1
GLOBAL,LNDAGRFJIC02,LOTHHRTOT,20,2048,1
GLOBAL,LNDAGRFJIC02,LOTHHRTOT,20,2049,1
GLOBAL,LNDAGRFJIC02,LOTHHRTOT,20,2050,1
GLOBAL,LNDAGRFJIC02,WTRPRCFJI,20,2020,2.5
GLOBAL,LNDAGRFJIC02,WTRPRCFJI,20,2021,2.5
GLOBAL,LNDAGRFJIC02,WTRPRCFJI,20,2022,2.5
GLOBAL,LNDAGRFJIC02,WTRPRCFJI,20,2023,2.5
GLOBAL,LNDAGRFJIC02,WTRPRCFJI,20,2024,2.5
GLOBAL,LNDAGRFJIC02,WTRPRCFJI,20,2025,2.5
GLOBAL,LNDAGRFJIC02,WTRPRCFJI,20,2026,2.5
GLOBAL,LNDAGRFJIC02,WTRPRCFJI,20,2027,2.5
GLOBAL,LNDAGRFJIC02,WTRPRCFJI,20,2028,2.5
GLOBAL,LNDAGRFJIC02,WTRPRCFJI,20,2029,2.5
GLOBAL,LNDAGRFJIC02,WTRPRCFJI,20,2030,2.5
GLOBAL,LNDAGRFJIC02,WTRPRCFJI,20,2031,2.5
GLOBAL,LNDAGRFJIC02,WTRPRCFJI,20,2032,2.5
GLOBAL,LNDAGRFJIC02,WTRPRCFJI,20,2033,2.5
GLOBAL,LNDAGRFJIC02,WTRPRCFJI,20,2034,2.5
GLOBAL,LNDAGRFJIC02,WTRPRCFJI,20,2035,2.5
GLOBAL,LNDAGRFJIC02,WTRPRCFJI,20,2036,2.5
GLOBAL,LNDAGRFJIC02,WTRPRCFJI,20,2037,2.5
GLOBAL,LNDAGRFJIC02,WTRPRCFJI,20,2038,2.5
GLOBAL,LNDAGRFJIC02,WTRPRCFJI,20,2039,2.5
GLOBAL,LNDAGRFJIC02,WTRPRCFJI,20,2040,2.5
GLOBAL,LNDAGRFJIC02,WTRPRCFJI,20,2041,2.5
GLOBAL,LNDAGRFJIC02,WTRPRCFJI,20,2042,2.5
GLOBAL,LNDAGRFJIC02,WTRPRCFJI,20,2043,2.5
GLOBAL,LNDAGRFJIC02,WTRPRCFJI,20,2044,2.5
GLOBAL,LNDAGRFJIC02,WTRPRCFJI,20,2045,2.5
GLOBAL,LNDAGRFJIC02,WTRPRCFJI,20,2046,2.5
GLOBAL,LNDAGRFJIC02,WTRPRCFJI,20,2047,2.5
GLOBAL,LNDAGRFJIC02,WTRPRCFJI,20,2048,2.5
GLOBAL,LNDAGRFJIC02,WTRPRCFJI,20,2049,2.5
GLOBAL,LNDAGRFJIC02,WTRPRCFJI,20,2050,2.5
GLOBAL,LNDAGRFJIC02,AGRWATFJI,20,2022,0
GLOBAL,LNDAGRFJIC02,AGRWATFJI,20,2024,0
GLOBAL,LNDAGRFJIC02,AGRWATFJI,20,2026,0
GLOBAL,LNDAGRFJIC02,AGRWATFJI,20,2028,0
GLOBAL,LNDAGRFJIC02,AGRWATFJI,20,2030,0
GLOBAL,LNDAGRFJIC02,AGRWATFJI,20,2032,0
GLOBAL,LNDAGRFJIC02,AGRWATFJI,20,2034,0
GLOBAL,LNDAGRFJIC02,AGRWATFJI,20,2036,0
GLOBAL,LNDAGRFJIC02,AGRWATFJI,20,2038,0
GLOBAL,LNDAGRFJIC02,AGRWATFJI,20,2040,0
GLOBAL,LNDAGRFJIC02,AGRWATFJI,20,2042,0
GLOBAL,LNDAGRFJIC02,AGRWATFJI,20,2044,0
GLOBAL,LNDAGRFJIC02,AGRWATFJI,20,2046,0
GLOBAL,LNDAGRFJIC02,AGRWATFJI,20,2048,0
GLOBAL,LNDAGRFJIC02,AGRWATFJI,20,2050,0
GLOBAL,LNDAGRFJIC03,LYAMLITOT,1,2020,1
GLOBAL,LNDAGRFJIC03,LYAMLITOT,1,2021,1
GLOBAL,LNDAGRFJIC03,LYAMLITOT,1,2022,1
GLOBAL,LNDAGRFJIC03,LYAMLITOT,1,2023,1
GLOBAL,LNDAGRFJIC03,LYAMLITOT,1,2024,1
GLOBAL,LNDAGRFJIC03,LYAMLITOT,1,2025,1
GLOBAL,LNDAGRFJIC03,LYAMLITOT,1,2026,1
GLOBAL,LNDAGRFJIC03,LYAMLITOT,1,2027,1
GLOBAL,LNDAGRFJIC03,LYAMLITOT,1,2028,1
GLOBAL,LNDAGRFJIC03,LYAMLITOT,1,2029,1
GLOBAL,LNDAGRFJIC03,LYAMLITOT,1,2030,1
GLOBAL,LNDAGRFJIC03,LYAMLITOT,1,2031,1
GLOBAL,LNDAGRFJIC03,LYAMLITOT,1,2032,1
GLOBAL,LNDAGRFJIC03,LYAMLITOT,1,2033,1
GLOBAL,LNDAGRFJIC03,LYAMLITOT,1,2034,1
GLOBAL,LNDAGRFJIC03,LYAMLITOT,1,2035,1
GLOBAL,LNDAGRFJIC03,LYAMLITOT,1,2036,1
GLOBAL,LNDAGRFJIC03,LYAMLITOT,1,2037,1
GLOBAL,LNDAGRFJIC03,LYAMLITOT,1,2038,1
GLOBAL,LNDAGRFJIC03,LYAMLITOT,1,2039,1
GLOBAL,LNDAGRFJIC03,LYAMLITOT,1,2040,1
GLOBAL,LNDAGRFJIC03,LYAMLITOT,1,2041,1
GLOBAL,LNDAGRFJIC03,LYAMLITOT,1,2042,1
GLOBAL,LNDAGRFJIC03,LYAMLITOT,1,2043,1
GLOBAL,LNDAGRFJIC03,LYAMLITOT,1,2044,1
GLOBAL,LNDAGRFJIC03,LYAMLITOT,1,2045,1
GLOBAL,LNDAGRFJIC03,LYAMLITOT,1,2046,1
GLOBAL,LNDAGRFJIC03,LYAMLITOT,1,2047,1
GLOBAL,LNDAGRFJIC03,LYAMLITOT,1,2048,1
GLOBAL,LNDAGRFJIC03,LYAMLITOT,1,2049,1
GLOBAL,LNDAGRFJIC03,LYAMLITOT,1,2050,1
GLOBAL,LNDAGRFJIC03,WTRPRCFJI,1,2020,2.7
GLOBAL,LNDAGRFJIC03,WTRPRCFJI,1,2021,2.7
GLOBAL,LNDAGRFJIC03,WTRPRCFJI,1,2022,2.7
GLOBAL,LNDAGRFJIC03,WTRPRCFJI,1,2023,2.7
GLOBAL,LNDAGRFJIC03,WTRPRCFJI,1,2024,2.7
GLOBAL,LNDAGRFJIC03,WTRPRCFJI,1,2025,2.7
GLOBAL,LNDAGRFJIC03,WTRPRCFJI,1,2026,2.7
GLOBAL,LNDAGRFJIC03,WTRPRCFJI,1,2027,2.7
GLOBAL,LNDAGRFJIC03,WTRPRCFJI,1,2028,2.7
GLOBAL,LNDAGRFJIC03,WTRPRCFJI,1,2029,2.7
GLOBAL,LNDAGRFJIC03,WTRPRCFJI,1,2030,2.7
GLOBAL,LNDAGRFJIC03,WTRPRCFJI,1,2031,2.7
GLOBAL,LNDAGRFJIC03,WTRPRCFJI,1,2032,2.7
GLOBAL,LNDAGRFJIC03,WTRPRCFJI,1,2033,2.7
GLOBAL,LNDAGRFJIC03,WTRPRCFJI,1,2034,2.7
GLOBAL,LNDAGRFJIC03,WTRPRCFJI,1,2035,2.7
GLOBAL,LNDAGRFJIC03,WTRPRCFJI,1,2036,2.7
GLOBAL,LNDAGRFJIC03,WTRPRCFJI,1,2037,2.7
GLOBAL,LNDAGRFJIC03,WTRPRCFJI,1,2038,2.7
GLOBAL,LNDAGRFJIC03,WTRPRCFJI,1,2039,2.7
GLOBAL,LNDAGRFJIC03,WTRPRCFJI,1,2040,2.7
GLOBAL,LNDAGRFJIC03,WTRPRCFJI,1,2041,2.7
GLOBAL,LNDAGRFJIC03,WTRPRCFJI,1,2042,2.7
GLOBAL,LNDAGRFJIC03,WTRPRCFJI,1,2043,2.7
GLOBAL,LNDAGRFJIC03,WTRPRCFJI,1,2044,2.7
GLOBAL,LNDAGRFJIC03,WTRPRCFJI,1,2045,2.7
GLOBAL,LNDAGRFJIC03,WTRPRCFJI,1,2046,2.7
GLOBAL,LNDAGRFJIC03,WTRPRCFJI,1,2047,2.7
GLOBAL,LNDAGRFJIC03,WTRPRCFJI,1,2048,2.7
GLOBAL,LNDAGRFJIC03,WTRPRCFJI,1,2049,2.7
GLOBAL,LNDAGRFJIC03,WTRPRCFJI,1,2050,2.7
GLOBAL,LNDAGRFJIC03,AGRWATFJI,1,2020,0.001
GLOBAL,LNDAGRFJIC03,AGRWATFJI,1,2021,0.001
GLOBAL,LNDAGRFJIC03,AGRWATFJI,1,2022,0.001
GLOBAL,LNDAGRFJIC03,AGRWATFJI,1,2023,0.001
GLOBAL,LNDAGRFJIC03,AGRWATFJI,1,2024,0.001
GLOBAL,LNDAGRFJIC03,AGRWATFJI,1,2025,0.001
GLOBAL,LNDAGRFJIC03,AGRWATFJI,1,2026,0.001
GLOBAL,LNDAGRFJIC03,AGRWATFJI,1,2027,0.001
GLOBAL,LNDAGRFJIC03,AGRWATFJI,1,2028,0.001
GLOBAL,LNDAGRFJIC03,AGRWATFJI,1,2029,0.001
GLOBAL,LNDAGRFJIC03,AGRWATFJI,1,2030,0.001
GLOBAL,LNDAGRFJIC03,AGRWATFJI,1,2031,0.001
GLOBAL,LNDAGRFJIC03,AGRWATFJI,1,2032,0.001
GLOBAL,LNDAGRFJIC03,AGRWATFJI,1,2033,0.001
GLOBAL,LNDAGRFJIC03,AGRWATFJI,1,2034,0.001
GLOBAL,LNDAGRFJIC03,AGRWATFJI,1,2035,0.001
GLOBAL,LNDAGRFJIC03,AGRWATFJI,1,2036,0.001
GLOBAL,LNDAGRFJIC03,AGRWATFJI,1,2037,0.001
GLOBAL,LNDAGRFJIC03,AGRWATFJI,1,2038,0.001
GLOBAL,LNDAGRFJIC03,AGRWATFJI,1,2039,0.001
GLOBAL,LNDAGRFJIC03,AGRWATFJI,1,2040,0.001
GLOBAL,LNDAGRFJIC03,AGRWATFJI,1,2041,0.001
GLOBAL,LNDAGRFJIC03,AGRWATFJI,1,2042,0.001
GLOBAL,LNDAGRFJIC03,AGRWATFJI,1,2043,0.001
GLOBAL,LNDAGRFJIC03,AGRWATFJI,1,2044,0.001
GLOBAL,LNDAGRFJIC03,AGRWATFJI,1,2045,0.001
GLOBAL,LNDAGRFJIC03,AGRWATFJI,1,2046,0.001
GLOBAL,LNDAGRFJIC03,AGRWATFJI,1,2047,0.001
GLOBAL,LNDAGRFJIC03,AGRWATFJI,1,2048,0.001
GLOBAL,LNDAGRFJIC03,AGRWATFJI,1,2049,0.001
GLOBAL,LNDAGRFJIC03,AGRWATFJI,1,2050,0.001
GLOBAL,LNDAGRFJIC03,LYAMLRTOT,2,2020,1
GLOBAL,LNDAGRFJIC03,LYAMLRTOT,2,2021,1
GLOBAL,LNDAGRFJIC03,LYAMLRTOT,2,2022,1
GLOBAL,LNDAGRFJIC03,LYAMLRTOT,2,2023,1
GLOBAL,LNDAGRFJIC03,LYAMLRTOT,2,2024,1
GLOBAL,LNDAGRFJIC03,LYAMLRTOT,2,2025,1
GLOBAL,LNDAGRFJIC03,LYAMLRTOT,2,2026,1
GLOBAL,LNDAGRFJIC03,LYAMLRTOT,2,2027,1
GLOBAL,LNDAGRFJIC03,LYAMLRTOT,2,2028,1
GLOBAL,LNDAGRFJIC03,LYAMLRTOT,2,2029,1
GLOBAL,LNDAGRFJIC03,LYAMLRTOT,2,2030,1
GLOBAL,LNDAGRFJIC03,LYAMLRTOT,2,2031,1
GLOBAL,LNDAGRFJIC03,LYAMLRTOT,2,2032,1
GLOBAL,LNDAGRFJIC03,LYAMLRTOT,2,2033,1
GLOBAL,LNDAGRFJIC03,LYAMLRTOT,2,2034,1
GLOBAL,LNDAGRFJIC03,LYAMLRTOT,2,2035,1
GLOBAL,LNDAGRFJIC03,LYAMLRTOT,2,2036,1
GLOBAL,LNDAGRFJIC03,LYAMLRTOT,2,2037,1
GLOBAL,LNDAGRFJIC03,LYAMLRTOT,2,2038,1
GLOBAL,LNDAGRFJIC03,LYAMLRTOT,2,2039,1
GLOBAL,LNDAGRFJIC03,LYAMLRTOT,2,2040,1
GLOBAL,LNDAGRFJIC03,LYAMLRTOT,2,2041,1
GLOBAL,LNDAGRFJIC03,LYAMLRTOT,2,2042,1
GLOBAL,LNDAGRFJIC03,LYAMLRTOT,2,2043,1
GLOBAL,LNDAGRFJIC03,LYAMLRTOT,2,2044,1
GLOBAL,LNDAGRFJIC03,LYAMLRTOT,2,2045,1
GLOBAL,LNDAGRFJIC03,LYAMLRTOT,2,2046,1
GLOBAL,LNDAGRFJIC03,LYAMLRTOT,2,2047,1
GLOBAL,LNDAGRFJIC03,LYAMLRTOT,2,2048,1
GLOBAL,LNDAGRFJIC03,LYAMLRTOT,2,2049,1
GLOBAL,LNDAGRFJIC03,LYAMLRTOT,2,2050,1
GLOBAL,LNDAGRFJIC03,WTRPRCFJI,2,2020,2.7
GLOBAL,LNDAGRFJIC03,WTRPRCFJI,2,2021,2.7
GLOBAL,LNDAGRFJIC03,WTRPRCFJI,2,2022,2.7
GLOBAL,LNDAGRFJIC03,WTRPRCFJI,2,2023,2.7
GLOBAL,LNDAGRFJIC03,WTRPRCFJI,2,2024,2.7
GLOBAL,LNDAGRFJIC03,WTRPRCFJI,2,2025,2.7
GLOBAL,LNDAGRFJIC03,WTRPRCFJI,2,2026,2.7
GLOBAL,LNDAGRFJIC03,WTRPRCFJI,2,2027,2.7
GLOBAL,LNDAGRFJIC03,WTRPRCFJI,2,2028,2.7
GLOBAL,LNDAGRFJIC03,WTRPRCFJI,2,2029,2.7
GLOBAL,LNDAGRFJIC03,WTRPRCFJI,2,2030,2.7
GLOBAL,LNDAGRFJIC03,WTRPRCFJI,2,2031,2.7
GLOBAL,LNDAGRFJIC03,WTRPRCFJI,2,2032,2.7
GLOBAL,LNDAGRFJIC03,WTRPRCFJI,2,2033,2.7
GLOBAL,LNDAGRFJIC03,WTRPRCFJI,2,2034,2.7
GLOBAL,LNDAGRFJIC03,WTRPRCFJI,2,2035,2.7
GLOBAL,LNDAGRFJIC03,WTRPRCFJI,2,2036,2.7
GLOBAL,LNDAGRFJIC03,WTRPRCFJI,2,2037,2.7
GLOBAL,LNDAGRFJIC03,WTRPRCFJI,2,2038,2.7
GLOBAL,LNDAGRFJIC03,WTRPRCFJI,2,2039,2.7
GLOBAL,LNDAGRFJIC03,WTRPRCFJI,2,2040,2.7
GLOBAL,LNDAGRFJIC03,WTRPRCFJI,2,2041,2.7
GLOBAL,LNDAGRFJIC03,WTRPRCFJI,2,2042,2.7
GLOBAL,LNDAGRFJIC03,WTRPRCFJI,2,2043,2.7
GLOBAL,LNDAGRFJIC03,WTRPRCFJI,2,2044,2.7
GLOBAL,LNDAGRFJIC03,WTRPRCFJI,2,2045,2.7
GLOBAL,LNDAGRFJIC03,WTRPRCFJI,2,2046,2.7
GLOBAL,LNDAGRFJIC03,WTRPRCFJI,2,2047,2.7
GLOBAL,LNDAGRFJIC03,WTRPRCFJI,2,2048,2.7
GLOBAL,LNDAGRFJIC03,WTRPRCFJI,2,2049,2.7
GLOBAL,LNDAGRFJIC03,WTRPRCFJI,2,2050,2.7
GLOBAL,LNDAGRFJIC03,AGRWATFJI,2,2022,0
GLOBAL,LNDAGRFJIC03,AGRWATFJI,2,2024,0
GLOBAL,LNDAGRFJIC03,AGRWATFJI,2,2026,0
GLOBAL,LNDAGRFJIC03,AGRWATFJI,2,2028,0
GLOBAL,LNDAGRFJIC03,AGRWATFJI,2,2030,0
GLOBAL,LNDAGRFJIC03,AGRWATFJI,2,2032,0
GLOBAL,LNDAGRFJIC03,AGRWATFJI,2,2034,0
GLOBAL,LNDAGRFJIC03,AGRWATFJI,2,2036,0
GLOBAL,LNDAGRFJIC03,AGRWATFJI,2,2038,0
GLOBAL,LNDAGRFJIC03,AGRWATFJI,2,2040,0
GLOBAL,LNDAGRFJIC03,AGRWATFJI,2,2042,0
GLOBAL,LNDAGRFJIC03,AGRWATFJI,2,2044,0
GLOBAL,LNDAGRFJIC03,AGRWATFJI,2,2046,0
GLOBAL,LNDAGRFJIC03,AGRWATFJI,2,2048,0
GLOBAL,LNDAGRFJIC03,AGRWATFJI,2,2050,0
GLOBAL,LNDAGRFJIC03,LCONLRTOT,3,2020,1
GLOBAL,LNDAGRFJIC03,LCONLRTOT,3,2021,1
GLOBAL,LNDAGRFJIC03,LCONLRTOT,3,2022,1
GLOBAL,LNDAGRFJIC03,LCONLRTOT,3,2023,1
GLOBAL,LNDAGRFJIC03,LCONLRTOT,3,2024,1
GLOBAL,LNDAGRFJIC03,LCONLRTOT,3,2025,1
GLOBAL,LNDAGRFJIC03,LCONLRTOT,3,2026,1
GLOBAL,LNDAGRFJIC03,LCONLRTOT,3,2027,1
GLOBAL,LNDAGRFJIC03,LCONLRTOT,3,2028,1
GLOBAL,LNDAGRFJIC03,LCONLRTOT,3,2029,1
GLOBAL,LNDAGRFJIC03,LCONLRTOT,3,2030,1
GLOBAL,LNDAGRFJIC03,LCONLRTOT,3,2031,1
GLOBAL,LNDAGRFJIC03,LCONLRTOT,3,2032,1
GLOBAL,LNDAGRFJIC03,LCONLRTOT,3,2033,1
GLOBAL,LNDAGRFJIC03,LCONLRTOT,3,2034,1
GLOBAL,LNDAGRFJIC03,LCONLRTOT,3,2035,1
GLOBAL,LNDAGRFJIC03,LCONLRTOT,3,2036,1
GLOBAL,LNDAGRFJIC03,LCONLRTOT,3,2037,1
GLOBAL,LNDAGRFJIC03,LCONLRTOT,3,2038,1
GLOBAL,LNDAGRFJIC03,LCONLRTOT,3,2039,1
GLOBAL,LNDAGRFJIC03,LCONLRTOT,3,2040,1
GLOBAL,LNDAGRFJIC03,LCONLRTOT,3,2041,1
GLOBAL,LNDAGRFJIC03,LCONLRTOT,3,2042,1
GLOBAL,LNDAGRFJIC03,LCONLRTOT,3,2043,1
GLOBAL,LNDAGRFJIC03,LCONLRTOT,3,2044,1
GLOBAL,LNDAGRFJIC03,LCONLRTOT,3,2045,1
GLOBAL,LNDAGRFJIC03,LCONLRTOT,3,2046,1
GLOBAL,LNDAGRFJIC03,LCONLRTOT,3,2047,1
GLOBAL,LNDAGRFJIC03,LCONLRTOT,3,2048,1
GLOBAL,LNDAGRFJIC03,LCONLRTOT,3,2049,1
GLOBAL,LNDAGRFJIC03,LCONLRTOT,3,2050,1
GLOBAL,LNDAGRFJIC03,WTRPRCFJI,3,2020,2.7
GLOBAL,LNDAGRFJIC03,WTRPRCFJI,3,2021,2.7
GLOBAL,LNDAGRFJIC03,WTRPRCFJI,3,2022,2.7
GLOBAL,LNDAGRFJIC03,WTRPRCFJI,3,2023,2.7
GLOBAL,LNDAGRFJIC03,WTRPRCFJI,3,2024,2.7
GLOBAL,LNDAGRFJIC03,WTRPRCFJI,3,2025,2.7
GLOBAL,LNDAGRFJIC03,WTRPRCFJI,3,2026,2.7
GLOBAL,LNDAGRFJIC03,WTRPRCFJI,3,2027,2.7
GLOBAL,LNDAGRFJIC03,WTRPRCFJI,3,2028,2.7
GLOBAL,LNDAGRFJIC03,WTRPRCFJI,3,2029,2.7
GLOBAL,LNDAGRFJIC03,WTRPRCFJI,3,2030,2.7
GLOBAL,LNDAGRFJIC03,WTRPRCFJI,3,2031,2.7
GLOBAL,LNDAGRFJIC03,WTRPRCFJI,3,2032,2.7
GLOBAL,LNDAGRFJIC03,WTRPRCFJI,3,2033,2.7
GLOBAL,LNDAGRFJIC03,WTRPRCFJI,3,2034,2.7
GLOBAL,LNDAGRFJIC03,WTRPRCFJI,3,2035,2.7
GLOBAL,LNDAGRFJIC03,WTRPRCFJI,3,2036,2.7
GLOBAL,LNDAGRFJIC03,WTRPRCFJI,3,2037,2.7
GLOBAL,LNDAGRFJIC03,WTRPRCFJI,3,2038,2.7
GLOBAL,LNDAGRFJIC03,WTRPRCFJI,3,2039,2.7
GLOBAL,LNDAGRFJIC03,WTRPRCFJI,3,2040,2.7
GLOBAL,LNDAGRFJIC03,WTRPRCFJI,3,2041,2.7
GLOBAL,LNDAGRFJIC03,WTRPRCFJI,3,2042,2.7
GLOBAL,LNDAGRFJIC03,WTRPRCFJI,3,2043,2.7
GLOBAL,LNDAGRFJIC03,WTRPRCFJI,3,2044,2.7
GLOBAL,LNDAGRFJIC03,WTRPRCFJI,3,2045,2.7
GLOBAL,LNDAGRFJIC03,WTRPRCFJI,3,2046,2.7
GLOBAL,LNDAGRFJIC03,WTRPRCFJI,3,2047,2.7
GLOBAL,LNDAGRFJIC03,WTRPRCFJI,3,2048,2.7
GLOBAL,LNDAGRFJIC03,WTRPRCFJI,3,2049,2.7
GLOBAL,LNDAGRFJIC03,WTRPRCFJI,3,2050,2.7
GLOBAL,LNDAGRFJIC03,AGRWATFJI,3,2022,0
GLOBAL,LNDAGRFJIC03,AGRWATFJI,3,2024,0
GLOBAL,LNDAGRFJIC03,AGRWATFJI,3,2026,0
GLOBAL,LNDAGRFJIC03,AGRWATFJI,3,2028,0
GLOBAL,LNDAGRFJIC03,AGRWATFJI,3,2030,0
GLOBAL,LNDAGRFJIC03,AGRWATFJI,3,2032,0
GLOBAL,LNDAGRFJIC03,AGRWATFJI,3,2034,0
GLOBAL,LNDAGRFJIC03,AGRWATFJI,3,2036,0
GLOBAL,LNDAGRFJIC03,AGRWATFJI,3,2038,0
GLOBAL,LNDAGRFJIC03,AGRWATFJI,3,2040,0
GLOBAL,LNDAGRFJIC03,AGRWATFJI,3,2042,0
GLOBAL,LNDAGRFJIC03,AGRWATFJI,3,2044,0
GLOBAL,LNDAGRFJIC03,AGRWATFJI,3,2046,0
GLOBAL,LNDAGRFJIC03,AGRWATFJI,3,2048,0
GLOBAL,LNDAGRFJIC03,AGRWATFJI,3,2050,0
GLOBAL,LNDAGRFJIC03,LCASHITOT,4,2020,1
GLOBAL,LNDAGRFJIC03,LCASHITOT,4,2021,1
GLOBAL,LNDAGRFJIC03,LCASHITOT,4,2022,1
GLOBAL,LNDAGRFJIC03,LCASHITOT,4,2023,1
GLOBAL,LNDAGRFJIC03,LCASHITOT,4,2024,1
GLOBAL,LNDAGRFJIC03,LCASHITOT,4,2025,1
GLOBAL,LNDAGRFJIC03,LCASHITOT,4,2026,1
GLOBAL,LNDAGRFJIC03,LCASHITOT,4,2027,1
GLOBAL,LNDAGRFJIC03,LCASHITOT,4,2028,1
GLOBAL,LNDAGRFJIC03,LCASHITOT,4,2029,1
GLOBAL,LNDAGRFJIC03,LCASHITOT,4,2030,1
GLOBAL,LNDAGRFJIC03,LCASHITOT,4,2031,1
GLOBAL,LNDAGRFJIC03,LCASHITOT,4,2032,1
GLOBAL,LNDAGRFJIC03,LCASHITOT,4,2033,1
GLOBAL,LNDAGRFJIC03,LCASHITOT,4,2034,1
GLOBAL,LNDAGRFJIC03,LCASHITOT,4,2035,1
GLOBAL,LNDAGRFJIC03,LCASHITOT,4,2036,1
GLOBAL,LNDAGRFJIC03,LCASHITOT,4,2037,1
GLOBAL,LNDAGRFJIC03,LCASHITOT,4,2038,1
GLOBAL,LNDAGRFJIC03,LCASHITOT,4,2039,1
GLOBAL,LNDAGRFJIC03,LCASHITOT,4,2040,1
GLOBAL,LNDAGRFJIC03,LCASHITOT,4,2041,1
GLOBAL,LNDAGRFJIC03,LCASHITOT,4,2042,1
GLOBAL,LNDAGRFJIC03,LCASHITOT,4,2043,1
GLOBAL,LNDAGRFJIC03,LCASHITOT,4,2044,1
GLOBAL,LNDAGRFJIC03,LCASHITOT,4,2045,1
GLOBAL,LNDAGRFJIC03,LCASHITOT,4,2046,1
GLOBAL,LNDAGRFJIC03,LCASHITOT,4,2047,1
GLOBAL,LNDAGRFJIC03,LCASHITOT,4,2048,1
GLOBAL,LNDAGRFJIC03,LCASHITOT,4,2049,1
GLOBAL,LNDAGRFJIC03,LCASHITOT,4,2050,1
GLOBAL,LNDAGRFJIC03,WTRPRCFJI,4,2020,2.7
GLOBAL,LNDAGRFJIC03,WTRPRCFJI,4,2021,2.7
GLOBAL,LNDAGRFJIC03,WTRPRCFJI,4,2022,2.7
GLOBAL,LNDAGRFJIC03,WTRPRCFJI,4,2023,2.7
GLOBAL,LNDAGRFJIC03,WTRPRCFJI,4,2024,2.7
GLOBAL,LNDAGRFJIC03,WTRPRCFJI,4,2025,2.7
GLOBAL,LNDAGRFJIC03,WTRPRCFJI,4,2026,2.7
GLOBAL,LNDAGRFJIC03,WTRPRCFJI,4,2027,2.7
GLOBAL,LNDAGRFJIC03,WTRPRCFJI,4,2028,2.7
GLOBAL,LNDAGRFJIC03,WTRPRCFJI,4,2029,2.7
GLOBAL,LNDAGRFJIC03,WTRPRCFJI,4,2030,2.7
GLOBAL,LNDAGRFJIC03,WTRPRCFJI,4,2031,2.7
GLOBAL,LNDAGRFJIC03,WTRPRCFJI,4,2032,2.7
GLOBAL,LNDAGRFJIC03,WTRPRCFJI,4,2033,2.7
GLOBAL,LNDAGRFJIC03,WTRPRCFJI,4,2034,2.7
GLOBAL,LNDAGRFJIC03,WTRPRCFJI,4,2035,2.7
GLOBAL,LNDAGRFJIC03,WTRPRCFJI,4,2036,2.7
GLOBAL,LNDAGRFJIC03,WTRPRCFJI,4,2037,2.7
GLOBAL,LNDAGRFJIC03,WTRPRCFJI,4,2038,2.7
GLOBAL,LNDAGRFJIC03,WTRPRCFJI,4,2039,2.7
GLOBAL,LNDAGRFJIC03,WTRPRCFJI,4,2040,2.7
GLOBAL,LNDAGRFJIC03,WTRPRCFJI,4,2041,2.7
GLOBAL,LNDAGRFJIC03,WTRPRCFJI,4,2042,2.7
GLOBAL,LNDAGRFJIC03,WTRPRCFJI,4,2043,2.7
GLOBAL,LNDAGRFJIC03,WTRPRCFJI,4,2044,2.7
GLOBAL,LNDAGRFJIC03,WTRPRCFJI,4,2045,2.7
GLOBAL,LNDAGRFJIC03,WTRPRCFJI,4,2046,2.7
GLOBAL,LNDAGRFJIC03,WTRPRCFJI,4,2047,2.7
GLOBAL,LNDAGRFJIC03,WTRPRCFJI,4,2048,2.7
GLOBAL,LNDAGRFJIC03,WTRPRCFJI,4,2049,2.7
GLOBAL,LNDAGRFJIC03,WTRPRCFJI,4,2050,2.7
GLOBAL,LNDAGRFJIC03,AGRWATFJI,4,2020,0.001
GLOBAL,LNDAGRFJIC03,AGRWATFJI,4,2021,0.001
GLOBAL,LNDAGRFJIC03,AGRWATFJI,4,2022,0.001
GLOBAL,LNDAGRFJIC03,AGRWATFJI,4,2023,0.001
GLOBAL,LNDAGRFJIC03,AGRWATFJI,4,2024,0.001
GLOBAL,LNDAGRFJIC03,AGRWATFJI,4,2025,0.001
GLOBAL,LNDAGRFJIC03,AGRWATFJI,4,2026,0.001
GLOBAL,LNDAGRFJIC03,AGRWATFJI,4,2027,0.001
GLOBAL,LNDAGRFJIC03,AGRWATFJI,4,2028,0.001
GLOBAL,LNDAGRFJIC03,AGRWATFJI,4,2029,0.001
GLOBAL,LNDAGRFJIC03,AGRWATFJI,4,2030,0.001
GLOBAL,LNDAGRFJIC03,AGRWATFJI,4,2031,0.001
GLOBAL,LNDAGRFJIC03,AGRWATFJI,4,2032,0.001
GLOBAL,LNDAGRFJIC03,AGRWATFJI,4,2033,0.001
GLOBAL,LNDAGRFJIC03,AGRWATFJI,4,2034,0.001
GLOBAL,LNDAGRFJIC03,AGRWATFJI,4,2035,0.001
GLOBAL,LNDAGRFJIC03,AGRWATFJI,4,2036,0.001
GLOBAL,LNDAGRFJIC03,AGRWATFJI,4,2037,0.001
GLOBAL,LNDAGRFJIC03,AGRWATFJI,4,2038,0.001
GLOBAL,LNDAGRFJIC03,AGRWATFJI,4,2039,0.001
GLOBAL,LNDAGRFJIC03,AGRWATFJI,4,2040,0.001
GLOBAL,LNDAGRFJIC03,AGRWATFJI,4,2041,0.001
GLOBAL,LNDAGRFJIC03,AGRWATFJI,4,2042,0.001
GLOBAL,LNDAGRFJIC03,AGRWATFJI,4,2043,0.001
GLOBAL,LNDAGRFJIC03,AGRWATFJI,4,2044,0.001
GLOBAL,LNDAGRFJIC03,AGRWATFJI,4,2045,0.001
GLOBAL,LNDAGRFJIC03,AGRWATFJI,4,2046,0.001
GLOBAL,LNDAGRFJIC03,AGRWATFJI,4,2047,0.001
GLOBAL,LNDAGRFJIC03,AGRWATFJI,4,2048,0.001
GLOBAL,LNDAGRFJIC03,AGRWATFJI,4,2049,0.001
GLOBAL,LNDAGRFJIC03,AGRWATFJI,4,2050,0.001
GLOBAL,LNDAGRFJIC03,LCASLRTOT,5,2020,1
GLOBAL,LNDAGRFJIC03,LCASLRTOT,5,2021,1
GLOBAL,LNDAGRFJIC03,LCASLRTOT,5,2022,1
GLOBAL,LNDAGRFJIC03,LCASLRTOT,5,2023,1
GLOBAL,LNDAGRFJIC03,LCASLRTOT,5,2024,1
GLOBAL,LNDAGRFJIC03,LCASLRTOT,5,2025,1
GLOBAL,LNDAGRFJIC03,LCASLRTOT,5,2026,1
GLOBAL,LNDAGRFJIC03,LCASLRTOT,5,2027,1
GLOBAL,LNDAGRFJIC03,LCASLRTOT,5,2028,1
GLOBAL,LNDAGRFJIC03,LCASLRTOT,5,2029,1
GLOBAL,LNDAGRFJIC03,LCASLRTOT,5,2030,1
GLOBAL,LNDAGRFJIC03,LCASLRTOT,5,2031,1
GLOBAL,LNDAGRFJIC03,LCASLRTOT,5,2032,1
GLOBAL,LNDAGRFJIC03,LCASLRTOT,5,2033,1
GLOBAL,LNDAGRFJIC03,LCASLRTOT,5,2034,1
GLOBAL,LNDAGRFJIC03,LCASLRTOT,5,2035,1
GLOBAL,LNDAGRFJIC03,LCASLRTOT,5,2036,1
GLOBAL,LNDAGRFJIC03,LCASLRTOT,5,2037,1
GLOBAL,LNDAGRFJIC03,LCASLRTOT,5,2038,1
GLOBAL,LNDAGRFJIC03,LCASLRTOT,5,2039,1
GLOBAL,LNDAGRFJIC03,LCASLRTOT,5,2040,1
GLOBAL,LNDAGRFJIC03,LCASLRTOT,5,2041,1
GLOBAL,LNDAGRFJIC03,LCASLRTOT,5,2042,1
GLOBAL,LNDAGRFJIC03,LCASLRTOT,5,2043,1
GLOBAL,LNDAGRFJIC03,LCASLRTOT,5,2044,1
GLOBAL,LNDAGRFJIC03,LCASLRTOT,5,2045,1
GLOBAL,LNDAGRFJIC03,LCASLRTOT,5,2046,1
GLOBAL,LNDAGRFJIC03,LCASLRTOT,5,2047,1
GLOBAL,LNDAGRFJIC03,LCASLRTOT,5,2048,1
GLOBAL,LNDAGRFJIC03,LCASLRTOT,5,2049,1
GLOBAL,LNDAGRFJIC03,LCASLRTOT,5,2050,1
GLOBAL,LNDAGRFJIC03,WTRPRCFJI,5,2020,2.7
GLOBAL,LNDAGRFJIC03,WTRPRCFJI,5,2021,2.7
GLOBAL,LNDAGRFJIC03,WTRPRCFJI,5,2022,2.7
GLOBAL,LNDAGRFJIC03,WTRPRCFJI,5,2023,2.7
GLOBAL,LNDAGRFJIC03,WTRPRCFJI,5,2024,2.7
GLOBAL,LNDAGRFJIC03,WTRPRCFJI,5,2025,2.7
GLOBAL,LNDAGRFJIC03,WTRPRCFJI,5,2026,2.7
GLOBAL,LNDAGRFJIC03,WTRPRCFJI,5,2027,2.7
GLOBAL,LNDAGRFJIC03,WTRPRCFJI,5,2028,2.7
GLOBAL,LNDAGRFJIC03,WTRPRCFJI,5,2029,2.7
GLOBAL,LNDAGRFJIC03,WTRPRCFJI,5,2030,2.7
GLOBAL,LNDAGRFJIC03,WTRPRCFJI,5,2031,2.7
GLOBAL,LNDAGRFJIC03,WTRPRCFJI,5,2032,2.7
GLOBAL,LNDAGRFJIC03,WTRPRCFJI,5,2033,2.7
GLOBAL,LNDAGRFJIC03,WTRPRCFJI,5,2034,2.7
GLOBAL,LNDAGRFJIC03,WTRPRCFJI,5,2035,2.7
GLOBAL,LNDAGRFJIC03,WTRPRCFJI,5,2036,2.7
GLOBAL,LNDAGRFJIC03,WTRPRCFJI,5,2037,2.7
GLOBAL,LNDAGRFJIC03,WTRPRCFJI,5,2038,2.7
GLOBAL,LNDAGRFJIC03,WTRPRCFJI,5,2039,2.7
GLOBAL,LNDAGRFJIC03,WTRPRCFJI,5,2040,2.7
GLOBAL,LNDAGRFJIC03,WTRPRCFJI,5,2041,2.7
GLOBAL,LNDAGRFJIC03,WTRPRCFJI,5,2042,2.7
GLOBAL,LNDAGRFJIC03,WTRPRCFJI,5,2043,2.7
GLOBAL,LNDAGRFJIC03,WTRPRCFJI,5,2044,2.7
GLOBAL,LNDAGRFJIC03,WTRPRCFJI,5,2045,2.7
GLOBAL,LNDAGRFJIC03,WTRPRCFJI,5,2046,2.7
GLOBAL,LNDAGRFJIC03,WTRPRCFJI,5,2047,2.7
GLOBAL,LNDAGRFJIC03,WTRPRCFJI,5,2048,2.7
GLOBAL,LNDAGRFJIC03,WTRPRCFJI,5,2049,2.7
GLOBAL,LNDAGRFJIC03,WTRPRCFJI,5,2050,2.7
GLOBAL,LNDAGRFJIC03,AGRWATFJI,5,2022,0
GLOBAL,LNDAGRFJIC03,AGRWATFJI,5,2024,0
GLOBAL,LNDAGRFJIC03,AGRWATFJI,5,2026,0
GLOBAL,LNDAGRFJIC03,AGRWATFJI,5,2028,0
GLOBAL,LNDAGRFJIC03,AGRWATFJI,5,2030,0
GLOBAL,LNDAGRFJIC03,AGRWATFJI,5,2032,0
GLOBAL,LNDAGRFJIC03,AGRWATFJI,5,2034,0
GLOBAL,LNDAGRFJIC03,AGRWATFJI,5,2036,0
GLOBAL,LNDAGRFJIC03,AGRWATFJI,5,2038,0
GLOBAL,LNDAGRFJIC03,AGRWATFJI,5,2040,0
GLOBAL,LNDAGRFJIC03,AGRWATFJI,5,2042,0
GLOBAL,LNDAGRFJIC03,AGRWATFJI,5,2044,0
GLOBAL,LNDAGRFJIC03,AGRWATFJI,5,2046,0
GLOBAL,LNDAGRFJIC03,AGRWATFJI,5,2048,0
GLOBAL,LNDAGRFJIC03,AGRWATFJI,5,2050,0
GLOBAL,LNDAGRFJIC03,LSGCHITOT,6,2020,1
GLOBAL,LNDAGRFJIC03,LSGCHITOT,6,2021,1
GLOBAL,LNDAGRFJIC03,LSGCHITOT,6,2022,1
GLOBAL,LNDAGRFJIC03,LSGCHITOT,6,2023,1
GLOBAL,LNDAGRFJIC03,LSGCHITOT,6,2024,1
GLOBAL,LNDAGRFJIC03,LSGCHITOT,6,2025,1
GLOBAL,LNDAGRFJIC03,LSGCHITOT,6,2026,1
GLOBAL,LNDAGRFJIC03,LSGCHITOT,6,2027,1
GLOBAL,LNDAGRFJIC03,LSGCHITOT,6,2028,1
GLOBAL,LNDAGRFJIC03,LSGCHITOT,6,2029,1
GLOBAL,LNDAGRFJIC03,LSGCHITOT,6,2030,1
GLOBAL,LNDAGRFJIC03,LSGCHITOT,6,2031,1
GLOBAL,LNDAGRFJIC03,LSGCHITOT,6,2032,1
GLOBAL,LNDAGRFJIC03,LSGCHITOT,6,2033,1
GLOBAL,LNDAGRFJIC03,LSGCHITOT,6,2034,1
GLOBAL,LNDAGRFJIC03,LSGCHITOT,6,2035,1
GLOBAL,LNDAGRFJIC03,LSGCHITOT,6,2036,1
GLOBAL,LNDAGRFJIC03,LSGCHITOT,6,2037,1
GLOBAL,LNDAGRFJIC03,LSGCHITOT,6,2038,1
GLOBAL,LNDAGRFJIC03,LSGCHITOT,6,2039,1
GLOBAL,LNDAGRFJIC03,LSGCHITOT,6,2040,1
GLOBAL,LNDAGRFJIC03,LSGCHITOT,6,2041,1
GLOBAL,LNDAGRFJIC03,LSGCHITOT,6,2042,1
GLOBAL,LNDAGRFJIC03,LSGCHITOT,6,2043,1
GLOBAL,LNDAGRFJIC03,LSGCHITOT,6,2044,1
GLOBAL,LNDAGRFJIC03,LSGCHITOT,6,2045,1
GLOBAL,LNDAGRFJIC03,LSGCHITOT,6,2046,1
GLOBAL,LNDAGRFJIC03,LSGCHITOT,6,2047,1
GLOBAL,LNDAGRFJIC03,LSGCHITOT,6,2048,1
GLOBAL,LNDAGRFJIC03,LSGCHITOT,6,2049,1
GLOBAL,LNDAGRFJIC03,LSGCHITOT,6,2050,1
GLOBAL,LNDAGRFJIC03,WTRPRCFJI,6,2020,2.7
GLOBAL,LNDAGRFJIC03,WTRPRCFJI,6,2021,2.7
GLOBAL,LNDAGRFJIC03,WTRPRCFJI,6,2022,2.7
GLOBAL,LNDAGRFJIC03,WTRPRCFJI,6,2023,2.7
GLOBAL,LNDAGRFJIC03,WTRPRCFJI,6,2024,2.7
GLOBAL,LNDAGRFJIC03,WTRPRCFJI,6,2025,2.7
GLOBAL,LNDAGRFJIC03,WTRPRCFJI,6,2026,2.7
GLOBAL,LNDAGRFJIC03,WTRPRCFJI,6,2027,2.7
GLOBAL,LNDAGRFJIC03,WTRPRCFJI,6,2028,2.7
GLOBAL,LNDAGRFJIC03,WTRPRCFJI,6,2029,2.7
GLOBAL,LNDAGRFJIC03,WTRPRCFJI,6,2030,2.7
GLOBAL,LNDAGRFJIC03,WTRPRCFJI,6,2031,2.7
GLOBAL,LNDAGRFJIC03,WTRPRCFJI,6,2032,2.7
GLOBAL,LNDAGRFJIC03,WTRPRCFJI,6,2033,2.7
GLOBAL,LNDAGRFJIC03,WTRPRCFJI,6,2034,2.7
GLOBAL,LNDAGRFJIC03,WTRPRCFJI,6,2035,2.7
GLOBAL,LNDAGRFJIC03,WTRPRCFJI,6,2036,2.7
GLOBAL,LNDAGRFJIC03,WTRPRCFJI,6,2037,2.7
GLOBAL,LNDAGRFJIC03,WTRPRCFJI,6,2038,2.7
GLOBAL,LNDAGRFJIC03,WTRPRCFJI,6,2039,2.7
GLOBAL,LNDAGRFJIC03,WTRPRCFJI,6,2040,2.7
GLOBAL,LNDAGRFJIC03,WTRPRCFJI,6,2041,2.7
GLOBAL,LNDAGRFJIC03,WTRPRCFJI,6,2042,2.7
GLOBAL,LNDAGRFJIC03,WTRPRCFJI,6,2043,2.7
GLOBAL,LNDAGRFJIC03,WTRPRCFJI,6,2044,2.7
GLOBAL,LNDAGRFJIC03,WTRPRCFJI,6,2045,2.7
GLOBAL,LNDAGRFJIC03,WTRPRCFJI,6,2046,2.7
GLOBAL,LNDAGRFJIC03,WTRPRCFJI,6,2047,2.7
GLOBAL,LNDAGRFJIC03,WTRPRCFJI,6,2048,2.7
GLOBAL,LNDAGRFJIC03,WTRPRCFJI,6,2049,2.7
GLOBAL,LNDAGRFJIC03,WTRPRCFJI,6,2050,2.7
GLOBAL,LNDAGRFJIC03,AGRWATFJI,6,2020,0.0014
GLOBAL,LNDAGRFJIC03,AGRWATFJI,6,2021,0.0014
GLOBAL,LNDAGRFJIC03,AGRWATFJI,6,2022,0.0014
GLOBAL,LNDAGRFJIC03,AGRWATFJI,6,2023,0.0014
GLOBAL,LNDAGRFJIC03,AGRWATFJI,6,2024,0.0014
GLOBAL,LNDAGRFJIC03,AGRWATFJI,6,2025,0.0014
GLOBAL,LNDAGRFJIC03,AGRWATFJI,6,2026,0.0014
GLOBAL,LNDAGRFJIC03,AGRWATFJI,6,2027,0.0014
GLOBAL,LNDAGRFJIC03,AGRWATFJI,6,2028,0.0014
GLOBAL,LNDAGRFJIC03,AGRWATFJI,6,2029,0.0014
GLOBAL,LNDAGRFJIC03,AGRWATFJI,6,2030,0.0014
GLOBAL,LNDAGRFJIC03,AGRWATFJI,6,2031,0.0014
GLOBAL,LNDAGRFJIC03,AGRWATFJI,6,2032,0.0014
GLOBAL,LNDAGRFJIC03,AGRWATFJI,6,2033,0.0014
GLOBAL,LNDAGRFJIC03,AGRWATFJI,6,2034,0.0014
GLOBAL,LNDAGRFJIC03,AGRWATFJI,6,2035,0.0014
GLOBAL,LNDAGRFJIC03,AGRWATFJI,6,2036,0.0014
GLOBAL,LNDAGRFJIC03,AGRWATFJI,6,2037,0.0014
GLOBAL,LNDAGRFJIC03,AGRWATFJI,6,2038,0.0014
GLOBAL,LNDAGRFJIC03,AGRWATFJI,6,2039,0.0014
GLOBAL,LNDAGRFJIC03,AGRWATFJI,6,2040,0.0014
GLOBAL,LNDAGRFJIC03,AGRWATFJI,6,2041,0.0014
GLOBAL,LNDAGRFJIC03,AGRWATFJI,6,2042,0.0014
GLOBAL,LNDAGRFJIC03,AGRWATFJI,6,2043,0.0014
GLOBAL,LNDAGRFJIC03,AGRWATFJI,6,2044,0.0014
GLOBAL,LNDAGRFJIC03,AGRWATFJI,6,2045,0.0014
GLOBAL,LNDAGRFJIC03,AGRWATFJI,6,2046,0.0014
GLOBAL,LNDAGRFJIC03,AGRWATFJI,6,2047,0.0014
GLOBAL,LNDAGRFJIC03,AGRWATFJI,6,2048,0.0014
GLOBAL,LNDAGRFJIC03,AGRWATFJI,6,2049,0.0014
GLOBAL,LNDAGRFJIC03,AGRWATFJI,6,2050,0.0014
GLOBAL,LNDAGRFJIC03,LSGCLITOT,7,2020,1
GLOBAL,LNDAGRFJIC03,LSGCLITOT,7,2021,1
GLOBAL,LNDAGRFJIC03,LSGCLITOT,7,2022,1
GLOBAL,LNDAGRFJIC03,LSGCLITOT,7,2023,1
GLOBAL,LNDAGRFJIC03,LSGCLITOT,7,2024,1
GLOBAL,LNDAGRFJIC03,LSGCLITOT,7,2025,1
GLOBAL,LNDAGRFJIC03,LSGCLITOT,7,2026,1
GLOBAL,LNDAGRFJIC03,LSGCLITOT,7,2027,1
GLOBAL,LNDAGRFJIC03,LSGCLITOT,7,2028,1
GLOBAL,LNDAGRFJIC03,LSGCLITOT,7,2029,1
GLOBAL,LNDAGRFJIC03,LSGCLITOT,7,2030,1
GLOBAL,LNDAGRFJIC03,LSGCLITOT,7,2031,1
GLOBAL,LNDAGRFJIC03,LSGCLITOT,7,2032,1
GLOBAL,LNDAGRFJIC03,LSGCLITOT,7,2033,1
GLOBAL,LNDAGRFJIC03,LSGCLITOT,7,2034,1
GLOBAL,LNDAGRFJIC03,LSGCLITOT,7,2035,1
GLOBAL,LNDAGRFJIC03,LSGCLITOT,7,2036,1
GLOBAL,LNDAGRFJIC03,LSGCLITOT,7,2037,1
GLOBAL,LNDAGRFJIC03,LSGCLITOT,7,2038,1
GLOBAL,LNDAGRFJIC03,LSGCLITOT,7,2039,1
GLOBAL,LNDAGRFJIC03,LSGCLITOT,7,2040,1
GLOBAL,LNDAGRFJIC03,LSGCLITOT,7,2041,1
GLOBAL,LNDAGRFJIC03,LSGCLITOT,7,2042,1
GLOBAL,LNDAGRFJIC03,LSGCLITOT,7,2043,1
GLOBAL,LNDAGRFJIC03,LSGCLITOT,7,2044,1
GLOBAL,LNDAGRFJIC03,LSGCLITOT,7,2045,1
GLOBAL,LNDAGRFJIC03,LSGCLITOT,7,2046,1
GLOBAL,LNDAGRFJIC03,LSGCLITOT,7,2047,1
GLOBAL,LNDAGRFJIC03,LSGCLITOT,7,2048,1
GLOBAL,LNDAGRFJIC03,LSGCLITOT,7,2049,1
GLOBAL,LNDAGRFJIC03,LSGCLITOT,7,2050,1
GLOBAL,LNDAGRFJIC03,WTRPRCFJI,7,2020,2.7
GLOBAL,LNDAGRFJIC03,WTRPRCFJI,7,2021,2.7
GLOBAL,LNDAGRFJIC03,WTRPRCFJI,7,2022,2.7
GLOBAL,LNDAGRFJIC03,WTRPRCFJI,7,2023,2.7
GLOBAL,LNDAGRFJIC03,WTRPRCFJI,7,2024,2.7
GLOBAL,LNDAGRFJIC03,WTRPRCFJI,7,2025,2.7
GLOBAL,LNDAGRFJIC03,WTRPRCFJI,7,2026,2.7
GLOBAL,LNDAGRFJIC03,WTRPRCFJI,7,2027,2.7
GLOBAL,LNDAGRFJIC03,WTRPRCFJI,7,2028,2.7
GLOBAL,LNDAGRFJIC03,WTRPRCFJI,7,2029,2.7
GLOBAL,LNDAGRFJIC03,WTRPRCFJI,7,2030,2.7
GLOBAL,LNDAGRFJIC03,WTRPRCFJI,7,2031,2.7
GLOBAL,LNDAGRFJIC03,WTRPRCFJI,7,2032,2.7
GLOBAL,LNDAGRFJIC03,WTRPRCFJI,7,2033,2.7
GLOBAL,LNDAGRFJIC03,WTRPRCFJI,7,2034,2.7
GLOBAL,LNDAGRFJIC03,WTRPRCFJI,7,2035,2.7
GLOBAL,LNDAGRFJIC03,WTRPRCFJI,7,2036,2.7
GLOBAL,LNDAGRFJIC03,WTRPRCFJI,7,2037,2.7
GLOBAL,LNDAGRFJIC03,WTRPRCFJI,7,2038,2.7
GLOBAL,LNDAGRFJIC03,WTRPRCFJI,7,2039,2.7
GLOBAL,LNDAGRFJIC03,WTRPRCFJI,7,2040,2.7
GLOBAL,LNDAGRFJIC03,WTRPRCFJI,7,2041,2.7
GLOBAL,LNDAGRFJIC03,WTRPRCFJI,7,2042,2.7
GLOBAL,LNDAGRFJIC03,WTRPRCFJI,7,2043,2.7
GLOBAL,LNDAGRFJIC03,WTRPRCFJI,7,2044,2.7
GLOBAL,LNDAGRFJIC03,WTRPRCFJI,7,2045,2.7
GLOBAL,LNDAGRFJIC03,WTRPRCFJI,7,2046,2.7
GLOBAL,LNDAGRFJIC03,WTRPRCFJI,7,2047,2.7
GLOBAL,LNDAGRFJIC03,WTRPRCFJI,7,2048,2.7
GLOBAL,LNDAGRFJIC03,WTRPRCFJI,7,2049,2.7
GLOBAL,LNDAGRFJIC03,WTRPRCFJI,7,2050,2.7
GLOBAL,LNDAGRFJIC03,AGRWATFJI,7,2020,0.001
GLOBAL,LNDAGRFJIC03,AGRWATFJI,7,2021,0.001
GLOBAL,LNDAGRFJIC03,AGRWATFJI,7,2022,0.001
GLOBAL,LNDAGRFJIC03,AGRWATFJI,7,2023,0.001
GLOBAL,LNDAGRFJIC03,AGRWATFJI,7,2024,0.001
GLOBAL,LNDAGRFJIC03,AGRWATFJI,7,2025,0.001
GLOBAL,LNDAGRFJIC03,AGRWATFJI,7,2026,0.001
GLOBAL,LNDAGRFJIC03,AGRWATFJI,7,2027,0.001
GLOBAL,LNDAGRFJIC03,AGRWATFJI,7,2028,0.001
GLOBAL,LNDAGRFJIC03,AGRWATFJI,7,2029,0.001
GLOBAL,LNDAGRFJIC03,AGRWATFJI,7,2030,0.001
GLOBAL,LNDAGRFJIC03,AGRWATFJI,7,2031,0.001
GLOBAL,LNDAGRFJIC03,AGRWATFJI,7,2032,0.001
GLOBAL,LNDAGRFJIC03,AGRWATFJI,7,2033,0.001
GLOBAL,LNDAGRFJIC03,AGRWATFJI,7,2034,0.001
GLOBAL,LNDAGRFJIC03,AGRWATFJI,7,2035,0.001
GLOBAL,LNDAGRFJIC03,AGRWATFJI,7,2036,0.001
GLOBAL,LNDAGRFJIC03,AGRWATFJI,7,2037,0.001
GLOBAL,LNDAGRFJIC03,AGRWATFJI,7,2038,0.001
GLOBAL,LNDAGRFJIC03,AGRWATFJI,7,2039,0.001
GLOBAL,LNDAGRFJIC03,AGRWATFJI,7,2040,0.001
GLOBAL,LNDAGRFJIC03,AGRWATFJI,7,2041,0.001
GLOBAL,LNDAGRFJIC03,AGRWATFJI,7,2042,0.001
GLOBAL,LNDAGRFJIC03,AGRWATFJI,7,2043,0.001
GLOBAL,LNDAGRFJIC03,AGRWATFJI,7,2044,0.001
GLOBAL,LNDAGRFJIC03,AGRWATFJI,7,2045,0.001
GLOBAL,LNDAGRFJIC03,AGRWATFJI,7,2046,0.001
GLOBAL,LNDAGRFJIC03,AGRWATFJI,7,2047,0.001
GLOBAL,LNDAGRFJIC03,AGRWATFJI,7,2048,0.001
GLOBAL,LNDAGRFJIC03,AGRWATFJI,7,2049,0.001
GLOBAL,LNDAGRFJIC03,AGRWATFJI,7,2050,0.001
GLOBAL,LNDAGRFJIC03,LCONHRTOT,8,2020,1
GLOBAL,LNDAGRFJIC03,LCONHRTOT,8,2021,1
GLOBAL,LNDAGRFJIC03,LCONHRTOT,8,2022,1
GLOBAL,LNDAGRFJIC03,LCONHRTOT,8,2023,1
GLOBAL,LNDAGRFJIC03,LCONHRTOT,8,2024,1
GLOBAL,LNDAGRFJIC03,LCONHRTOT,8,2025,1
GLOBAL,LNDAGRFJIC03,LCONHRTOT,8,2026,1
GLOBAL,LNDAGRFJIC03,LCONHRTOT,8,2027,1
GLOBAL,LNDAGRFJIC03,LCONHRTOT,8,2028,1
GLOBAL,LNDAGRFJIC03,LCONHRTOT,8,2029,1
GLOBAL,LNDAGRFJIC03,LCONHRTOT,8,2030,1
GLOBAL,LNDAGRFJIC03,LCONHRTOT,8,2031,1
GLOBAL,LNDAGRFJIC03,LCONHRTOT,8,2032,1
GLOBAL,LNDAGRFJIC03,LCONHRTOT,8,2033,1
GLOBAL,LNDAGRFJIC03,LCONHRTOT,8,2034,1
GLOBAL,LNDAGRFJIC03,LCONHRTOT,8,2035,1
GLOBAL,LNDAGRFJIC03,LCONHRTOT,8,2036,1
GLOBAL,LNDAGRFJIC03,LCONHRTOT,8,2037,1
GLOBAL,LNDAGRFJIC03,LCONHRTOT,8,2038,1
GLOBAL,LNDAGRFJIC03,LCONHRTOT,8,2039,1
GLOBAL,LNDAGRFJIC03,LCONHRTOT,8,2040,1
GLOBAL,LNDAGRFJIC03,LCONHRTOT,8,2041,1
GLOBAL,LNDAGRFJIC03,LCONHRTOT,8,2042,1
GLOBAL,LNDAGRFJIC03,LCONHRTOT,8,2043,1
GLOBAL,LNDAGRFJIC03,LCONHRTOT,8,2044,1
GLOBAL,LNDAGRFJIC03,LCONHRTOT,8,2045,1
GLOBAL,LNDAGRFJIC03,LCONHRTOT,8,2046,1
GLOBAL,LNDAGRFJIC03,LCONHRTOT,8,2047,1
GLOBAL,LNDAGRFJIC03,LCONHRTOT,8,2048,1
GLOBAL,LNDAGRFJIC03,LCONHRTOT,8,2049,1
GLOBAL,LNDAGRFJIC03,LCONHRTOT,8,2050,1
GLOBAL,LNDAGRFJIC03,WTRPRCFJI,8,2020,2.7
GLOBAL,LNDAGRFJIC03,WTRPRCFJI,8,2021,2.7
GLOBAL,LNDAGRFJIC03,WTRPRCFJI,8,2022,2.7
GLOBAL,LNDAGRFJIC03,WTRPRCFJI,8,2023,2.7
GLOBAL,LNDAGRFJIC03,WTRPRCFJI,8,2024,2.7
GLOBAL,LNDAGRFJIC03,WTRPRCFJI,8,2025,2.7
GLOBAL,LNDAGRFJIC03,WTRPRCFJI,8,2026,2.7
GLOBAL,LNDAGRFJIC03,WTRPRCFJI,8,2027,2.7
GLOBAL,LNDAGRFJIC03,WTRPRCFJI,8,2028,2.7
GLOBAL,LNDAGRFJIC03,WTRPRCFJI,8,2029,2.7
GLOBAL,LNDAGRFJIC03,WTRPRCFJI,8,2030,2.7
GLOBAL,LNDAGRFJIC03,WTRPRCFJI,8,2031,2.7
GLOBAL,LNDAGRFJIC03,WTRPRCFJI,8,2032,2.7
GLOBAL,LNDAGRFJIC03,WTRPRCFJI,8,2033,2.7
GLOBAL,LNDAGRFJIC03,WTRPRCFJI,8,2034,2.7
GLOBAL,LNDAGRFJIC03,WTRPRCFJI,8,2035,2.7
GLOBAL,LNDAGRFJIC03,WTRPRCFJI,8,2036,2.7
GLOBAL,LNDAGRFJIC03,WTRPRCFJI,8,2037,2.7
GLOBAL,LNDAGRFJIC03,WTRPRCFJI,8,2038,2.7
GLOBAL,LNDAGRFJIC03,WTRPRCFJI,8,2039,2.7
GLOBAL,LNDAGRFJIC03,WTRPRCFJI,8,2040,2.7
GLOBAL,LNDAGRFJIC03,WTRPRCFJI,8,2041,2.7
GLOBAL,LNDAGRFJIC03,WTRPRCFJI,8,2042,2.7
GLOBAL,LNDAGRFJIC03,WTRPRCFJI,8,2043,2.7
GLOBAL,LNDAGRFJIC03,WTRPRCFJI,8,2044,2.7
GLOBAL,LNDAGRFJIC03,WTRPRCFJI,8,2045,2.7
GLOBAL,LNDAGRFJIC03,WTRPRCFJI,8,2046,2.7
GLOBAL,LNDAGRFJIC03,WTRPRCFJI,8,2047,2.7
GLOBAL,LNDAGRFJIC03,WTRPRCFJI,8,2048,2.7
GLOBAL,LNDAGRFJIC03,WTRPRCFJI,8,2049,2.7
GLOBAL,LNDAGRFJIC03,WTRPRCFJI,8,2050,2.7
GLOBAL,LNDAGRFJIC03,AGRWATFJI,8,2022,0
GLOBAL,LNDAGRFJIC03,AGRWATFJI,8,2024,0
GLOBAL,LNDAGRFJIC03,AGRWATFJI,8,2026,0
GLOBAL,LNDAGRFJIC03,AGRWATFJI,8,2028,0
GLOBAL,LNDAGRFJIC03,AGRWATFJI,8,2030,0
GLOBAL,LNDAGRFJIC03,AGRWATFJI,8,2032,0
GLOBAL,LNDAGRFJIC03,AGRWATFJI,8,2034,0
GLOBAL,LNDAGRFJIC03,AGRWATFJI,8,2036,0
GLOBAL,LNDAGRFJIC03,AGRWATFJI,8,2038,0
GLOBAL,LNDAGRFJIC03,AGRWATFJI,8,2040,0
GLOBAL,LNDAGRFJIC03,AGRWATFJI,8,2042,0
GLOBAL,LNDAGRFJIC03,AGRWATFJI,8,2044,0
GLOBAL,LNDAGRFJIC03,AGRWATFJI,8,2046,0
GLOBAL,LNDAGRFJIC03,AGRWATFJI,8,2048,0
GLOBAL,LNDAGRFJIC03,AGRWATFJI,8,2050,0
GLOBAL,LNDAGRFJIC03,LCONHITOT,9,2020,1
GLOBAL,LNDAGRFJIC03,LCONHITOT,9,2021,1
GLOBAL,LNDAGRFJIC03,LCONHITOT,9,2022,1
GLOBAL,LNDAGRFJIC03,LCONHITOT,9,2023,1
GLOBAL,LNDAGRFJIC03,LCONHITOT,9,2024,1
GLOBAL,LNDAGRFJIC03,LCONHITOT,9,2025,1
GLOBAL,LNDAGRFJIC03,LCONHITOT,9,2026,1
GLOBAL,LNDAGRFJIC03,LCONHITOT,9,2027,1
GLOBAL,LNDAGRFJIC03,LCONHITOT,9,2028,1
GLOBAL,LNDAGRFJIC03,LCONHITOT,9,2029,1
GLOBAL,LNDAGRFJIC03,LCONHITOT,9,2030,1
GLOBAL,LNDAGRFJIC03,LCONHITOT,9,2031,1
GLOBAL,LNDAGRFJIC03,LCONHITOT,9,2032,1
GLOBAL,LNDAGRFJIC03,LCONHITOT,9,2033,1
GLOBAL,LNDAGRFJIC03,LCONHITOT,9,2034,1
GLOBAL,LNDAGRFJIC03,LCONHITOT,9,2035,1
GLOBAL,LNDAGRFJIC03,LCONHITOT,9,2036,1
GLOBAL,LNDAGRFJIC03,LCONHITOT,9,2037,1
GLOBAL,LNDAGRFJIC03,LCONHITOT,9,2038,1
GLOBAL,LNDAGRFJIC03,LCONHITOT,9,2039,1
GLOBAL,LNDAGRFJIC03,LCONHITOT,9,2040,1
GLOBAL,LNDAGRFJIC03,LCONHITOT,9,2041,1
GLOBAL,LNDAGRFJIC03,LCONHITOT,9,2042,1
GLOBAL,LNDAGRFJIC03,LCONHITOT,9,2043,1
GLOBAL,LNDAGRFJIC03,LCONHITOT,9,2044,1
GLOBAL,LNDAGRFJIC03,LCONHITOT,9,2045,1
GLOBAL,LNDAGRFJIC03,LCONHITOT,9,2046,1
GLOBAL,LNDAGRFJIC03,LCONHITOT,9,2047,1
GLOBAL,LNDAGRFJIC03,LCONHITOT,9,2048,1
GLOBAL,LNDAGRFJIC03,LCONHITOT,9,2049,1
GLOBAL,LNDAGRFJIC03,LCONHITOT,9,2050,1
GLOBAL,LNDAGRFJIC03,WTRPRCFJI,9,2020,2.7
GLOBAL,LNDAGRFJIC03,WTRPRCFJI,9,2021,2.7
GLOBAL,LNDAGRFJIC03,WTRPRCFJI,9,2022,2.7
GLOBAL,LNDAGRFJIC03,WTRPRCFJI,9,2023,2.7
GLOBAL,LNDAGRFJIC03,WTRPRCFJI,9,2024,2.7
GLOBAL,LNDAGRFJIC03,WTRPRCFJI,9,2025,2.7
GLOBAL,LNDAGRFJIC03,WTRPRCFJI,9,2026,2.7
GLOBAL,LNDAGRFJIC03,WTRPRCFJI,9,2027,2.7
GLOBAL,LNDAGRFJIC03,WTRPRCFJI,9,2028,2.7
GLOBAL,LNDAGRFJIC03,WTRPRCFJI,9,2029,2.7
GLOBAL,LNDAGRFJIC03,WTRPRCFJI,9,2030,2.7
GLOBAL,LNDAGRFJIC03,WTRPRCFJI,9,2031,2.7
GLOBAL,LNDAGRFJIC03,WTRPRCFJI,9,2032,2.7
GLOBAL,LNDAGRFJIC03,WTRPRCFJI,9,2033,2.7
GLOBAL,LNDAGRFJIC03,WTRPRCFJI,9,2034,2.7
GLOBAL,LNDAGRFJIC03,WTRPRCFJI,9,2035,2.7
GLOBAL,LNDAGRFJIC03,WTRPRCFJI,9,2036,2.7
GLOBAL,LNDAGRFJIC03,WTRPRCFJI,9,2037,2.7
GLOBAL,LNDAGRFJIC03,WTRPRCFJI,9,2038,2.7
GLOBAL,LNDAGRFJIC03,WTRPRCFJI,9,2039,2.7
GLOBAL,LNDAGRFJIC03,WTRPRCFJI,9,2040,2.7
GLOBAL,LNDAGRFJIC03,WTRPRCFJI,9,2041,2.7
GLOBAL,LNDAGRFJIC03,WTRPRCFJI,9,2042,2.7
GLOBAL,LNDAGRFJIC03,WTRPRCFJI,9,2043,2.7
GLOBAL,LNDAGRFJIC03,WTRPRCFJI,9,2044,2.7
GLOBAL,LNDAGRFJIC03,WTRPRCFJI,9,2045,2.7
GLOBAL,LNDAGRFJIC03,WTRPRCFJI,9,2046,2.7
GLOBAL,LNDAGRFJIC03,WTRPRCFJI,9,2047,2.7
GLOBAL,LNDAGRFJIC03,WTRPRCFJI,9,2048,2.7
GLOBAL,LNDAGRFJIC03,WTRPRCFJI,9,2049,2.7
GLOBAL,LNDAGRFJIC03,WTRPRCFJI,9,2050,2.7
GLOBAL,LNDAGRFJIC03,AGRWATFJI,9,2020,0.0008
GLOBAL,LNDAGRFJIC03,AGRWATFJI,9,2021,0.0008
GLOBAL,LNDAGRFJIC03,AGRWATFJI,9,2022,0.0008
GLOBAL,LNDAGRFJIC03,AGRWATFJI,9,2023,0.0008
GLOBAL,LNDAGRFJIC03,AGRWATFJI,9,2024,0.0008
GLOBAL,LNDAGRFJIC03,AGRWATFJI,9,2025,0.0008
GLOBAL,LNDAGRFJIC03,AGRWATFJI,9,2026,0.0008
GLOBAL,LNDAGRFJIC03,AGRWATFJI,9,2027,0.0008
GLOBAL,LNDAGRFJIC03,AGRWATFJI,9,2028,0.0008
GLOBAL,LNDAGRFJIC03,AGRWATFJI,9,2029,0.0008
GLOBAL,LNDAGRFJIC03,AGRWATFJI,9,2030,0.0008
GLOBAL,LNDAGRFJIC03,AGRWATFJI,9,2031,0.0008
GLOBAL,LNDAGRFJIC03,AGRWATFJI,9,2032,0.0008
GLOBAL,LNDAGRFJIC03,AGRWATFJI,9,2033,0.0008
GLOBAL,LNDAGRFJIC03,AGRWATFJI,9,2034,0.0008
GLOBAL,LNDAGRFJIC03,AGRWATFJI,9,2035,0.0008
GLOBAL,LNDAGRFJIC03,AGRWATFJI,9,2036,0.0008
GLOBAL,LNDAGRFJIC03,AGRWATFJI,9,2037,0.0008
GLOBAL,LNDAGRFJIC03,AGRWATFJI,9,2038,0.0008
GLOBAL,LNDAGRFJIC03,AGRWATFJI,9,2039,0.0008
GLOBAL,LNDAGRFJIC03,AGRWATFJI,9,2040,0.0008
GLOBAL,LNDAGRFJIC03,AGRWATFJI,9,2041,0.0008
GLOBAL,LNDAGRFJIC03,AGRWATFJI,9,2042,0.0008
GLOBAL,LNDAGRFJIC03,AGRWATFJI,9,2043,0.0008
GLOBAL,LNDAGRFJIC03,AGRWATFJI,9,2044,0.0008
GLOBAL,LNDAGRFJIC03,AGRWATFJI,9,2045,0.0008
GLOBAL,LNDAGRFJIC03,AGRWATFJI,9,2046,0.0008
GLOBAL,LNDAGRFJIC03,AGRWATFJI,9,2047,0.0008
GLOBAL,LNDAGRFJIC03,AGRWATFJI,9,2048,0.0008
GLOBAL,LNDAGRFJIC03,AGRWATFJI,9,2049,0.0008
GLOBAL,LNDAGRFJIC03,AGRWATFJI,9,2050,0.0008
GLOBAL,LNDAGRFJIC03,LCONLITOT,10,2020,1
GLOBAL,LNDAGRFJIC03,LCONLITOT,10,2021,1
GLOBAL,LNDAGRFJIC03,LCONLITOT,10,2022,1
GLOBAL,LNDAGRFJIC03,LCONLITOT,10,2023,1
GLOBAL,LNDAGRFJIC03,LCONLITOT,10,2024,1
GLOBAL,LNDAGRFJIC03,LCONLITOT,10,2025,1
GLOBAL,LNDAGRFJIC03,LCONLITOT,10,2026,1
GLOBAL,LNDAGRFJIC03,LCONLITOT,10,2027,1
GLOBAL,LNDAGRFJIC03,LCONLITOT,10,2028,1
GLOBAL,LNDAGRFJIC03,LCONLITOT,10,2029,1
GLOBAL,LNDAGRFJIC03,LCONLITOT,10,2030,1
GLOBAL,LNDAGRFJIC03,LCONLITOT,10,2031,1
GLOBAL,LNDAGRFJIC03,LCONLITOT,10,2032,1
GLOBAL,LNDAGRFJIC03,LCONLITOT,10,2033,1
GLOBAL,LNDAGRFJIC03,LCONLITOT,10,2034,1
GLOBAL,LNDAGRFJIC03,LCONLITOT,10,2035,1
GLOBAL,LNDAGRFJIC03,LCONLITOT,10,2036,1
GLOBAL,LNDAGRFJIC03,LCONLITOT,10,2037,1
GLOBAL,LNDAGRFJIC03,LCONLITOT,10,2038,1
GLOBAL,LNDAGRFJIC03,LCONLITOT,10,2039,1
GLOBAL,LNDAGRFJIC03,LCONLITOT,10,2040,1
GLOBAL,LNDAGRFJIC03,LCONLITOT,10,2041,1
GLOBAL,LNDAGRFJIC03,LCONLITOT,10,2042,1
GLOBAL,LNDAGRFJIC03,LCONLITOT,10,2043,1
GLOBAL,LNDAGRFJIC03,LCONLITOT,10,2044,1
GLOBAL,LNDAGRFJIC03,LCONLITOT,10,2045,1
GLOBAL,LNDAGRFJIC03,LCONLITOT,10,2046,1
GLOBAL,LNDAGRFJIC03,LCONLITOT,10,2047,1
GLOBAL,LNDAGRFJIC03,LCONLITOT,10,2048,1
GLOBAL,LNDAGRFJIC03,LCONLITOT,10,2049,1
GLOBAL,LNDAGRFJIC03,LCONLITOT,10,2050,1
GLOBAL,LNDAGRFJIC03,WTRPRCFJI,10,2020,2.7
GLOBAL,LNDAGRFJIC03,WTRPRCFJI,10,2021,2.7
GLOBAL,LNDAGRFJIC03,WTRPRCFJI,10,2022,2.7
GLOBAL,LNDAGRFJIC03,WTRPRCFJI,10,2023,2.7
GLOBAL,LNDAGRFJIC03,WTRPRCFJI,10,2024,2.7
GLOBAL,LNDAGRFJIC03,WTRPRCFJI,10,2025,2.7
GLOBAL,LNDAGRFJIC03,WTRPRCFJI,10,2026,2.7
GLOBAL,LNDAGRFJIC03,WTRPRCFJI,10,2027,2.7
GLOBAL,LNDAGRFJIC03,WTRPRCFJI,10,2028,2.7
GLOBAL,LNDAGRFJIC03,WTRPRCFJI,10,2029,2.7
GLOBAL,LNDAGRFJIC03,WTRPRCFJI,10,2030,2.7
GLOBAL,LNDAGRFJIC03,WTRPRCFJI,10,2031,2.7
GLOBAL,LNDAGRFJIC03,WTRPRCFJI,10,2032,2.7
GLOBAL,LNDAGRFJIC03,WTRPRCFJI,10,2033,2.7
GLOBAL,LNDAGRFJIC03,WTRPRCFJI,10,2034,2.7
GLOBAL,LNDAGRFJIC03,WTRPRCFJI,10,2035,2.7
GLOBAL,LNDAGRFJIC03,WTRPRCFJI,10,2036,2.7
GLOBAL,LNDAGRFJIC03,WTRPRCFJI,10,2037,2.7
GLOBAL,LNDAGRFJIC03,WTRPRCFJI,10,2038,2.7
GLOBAL,LNDAGRFJIC03,WTRPRCFJI,10,2039,2.7
GLOBAL,LNDAGRFJIC03,WTRPRCFJI,10,2040,2.7
GLOBAL,LNDAGRFJIC03,WTRPRCFJI,10,2041,2.7
GLOBAL,LNDAGRFJIC03,WTRPRCFJI,10,2042,2.7
GLOBAL,LNDAGRFJIC03,WTRPRCFJI,10,2043,2.7
GLOBAL,LNDAGRFJIC03,WTRPRCFJI,10,2044,2.7
GLOBAL,LNDAGRFJIC03,WTRPRCFJI,10,2045,2.7
GLOBAL,LNDAGRFJIC03,WTRPRCFJI,10,2046,2.7
GLOBAL,LNDAGRFJIC03,WTRPRCFJI,10,2047,2.7
GLOBAL,LNDAGRFJIC03,WTRPRCFJI,10,2048,2.7
GLOBAL,LNDAGRFJIC03,WTRPRCFJI,10,2049,2.7
GLOBAL,LNDAGRFJIC03,WTRPRCFJI,10,2050,2.7
GLOBAL,LNDAGRFJIC03,AGRWATFJI,10,2020,0.0007
GLOBAL,LNDAGRFJIC03,AGRWATFJI,10,2021,0.0007
GLOBAL,LNDAGRFJIC03,AGRWATFJI,10,2022,0.0007
GLOBAL,LNDAGRFJIC03,AGRWATFJI,10,2023,0.0007
GLOBAL,LNDAGRFJIC03,AGRWATFJI,10,2024,0.0007
GLOBAL,LNDAGRFJIC03,AGRWATFJI,10,2025,0.0007
GLOBAL,LNDAGRFJIC03,AGRWATFJI,10,2026,0.0007
GLOBAL,LNDAGRFJIC03,AGRWATFJI,10,2027,0.0007
GLOBAL,LNDAGRFJIC03,AGRWATFJI,10,2028,0.0007
GLOBAL,LNDAGRFJIC03,AGRWATFJI,10,2029,0.0007
GLOBAL,LNDAGRFJIC03,AGRWATFJI,10,2030,0.0007
GLOBAL,LNDAGRFJIC03,AGRWATFJI,10,2031,0.0007
GLOBAL,LNDAGRFJIC03,AGRWATFJI,10,2032,0.0007
GLOBAL,LNDAGRFJIC03,AGRWATFJI,10,2033,0.0007
GLOBAL,LNDAGRFJIC03,AGRWATFJI,10,2034,0.0007
GLOBAL,LNDAGRFJIC03,AGRWATFJI,10,2035,0.0007
GLOBAL,LNDAGRFJIC03,AGRWATFJI,10,2036,0.0007
GLOBAL,LNDAGRFJIC03,AGRWATFJI,10,2037,0.0007
GLOBAL,LNDAGRFJIC03,AGRWATFJI,10,2038,0.0007
GLOBAL,LNDAGRFJIC03,AGRWATFJI,10,2039,0.0007
GLOBAL,LNDAGRFJIC03,AGRWATFJI,10,2040,0.0007
GLOBAL,LNDAGRFJIC03,AGRWATFJI,10,2041,0.0007
GLOBAL,LNDAGRFJIC03,AGRWATFJI,10,2042,0.0007
GLOBAL,LNDAGRFJIC03,AGRWATFJI,10,2043,0.0007
GLOBAL,LNDAGRFJIC03,AGRWATFJI,10,2044,0.0007
GLOBAL,LNDAGRFJIC03,AGRWATFJI,10,2045,0.0007
GLOBAL,LNDAGRFJIC03,AGRWATFJI,10,2046,0.0007
GLOBAL,LNDAGRFJIC03,AGRWATFJI,10,2047,0.0007
GLOBAL,LNDAGRFJIC03,AGRWATFJI,10,2048,0.0007
GLOBAL,LNDAGRFJIC03,AGRWATFJI,10,2049,0.0007
GLOBAL,LNDAGRFJIC03,AGRWATFJI,10,2050,0.0007
GLOBAL,LNDAGRFJIC03,LCASHRTOT,11,2020,1
GLOBAL,LNDAGRFJIC03,LCASHRTOT,11,2021,1
GLOBAL,LNDAGRFJIC03,LCASHRTOT,11,2022,1
GLOBAL,LNDAGRFJIC03,LCASHRTOT,11,2023,1
GLOBAL,LNDAGRFJIC03,LCASHRTOT,11,2024,1
GLOBAL,LNDAGRFJIC03,LCASHRTOT,11,2025,1
GLOBAL,LNDAGRFJIC03,LCASHRTOT,11,2026,1
GLOBAL,LNDAGRFJIC03,LCASHRTOT,11,2027,1
GLOBAL,LNDAGRFJIC03,LCASHRTOT,11,2028,1
GLOBAL,LNDAGRFJIC03,LCASHRTOT,11,2029,1
GLOBAL,LNDAGRFJIC03,LCASHRTOT,11,2030,1
GLOBAL,LNDAGRFJIC03,LCASHRTOT,11,2031,1
GLOBAL,LNDAGRFJIC03,LCASHRTOT,11,2032,1
GLOBAL,LNDAGRFJIC03,LCASHRTOT,11,2033,1
GLOBAL,LNDAGRFJIC03,LCASHRTOT,11,2034,1
GLOBAL,LNDAGRFJIC03,LCASHRTOT,11,2035,1
GLOBAL,LNDAGRFJIC03,LCASHRTOT,11,2036,1
GLOBAL,LNDAGRFJIC03,LCASHRTOT,11,2037,1
GLOBAL,LNDAGRFJIC03,LCASHRTOT,11,2038,1
GLOBAL,LNDAGRFJIC03,LCASHRTOT,11,2039,1
GLOBAL,LNDAGRFJIC03,LCASHRTOT,11,2040,1
GLOBAL,LNDAGRFJIC03,LCASHRTOT,11,2041,1
GLOBAL,LNDAGRFJIC03,LCASHRTOT,11,2042,1
GLOBAL,LNDAGRFJIC03,LCASHRTOT,11,2043,1
GLOBAL,LNDAGRFJIC03,LCASHRTOT,11,2044,1
GLOBAL,LNDAGRFJIC03,LCASHRTOT,11,2045,1
GLOBAL,LNDAGRFJIC03,LCASHRTOT,11,2046,1
GLOBAL,LNDAGRFJIC03,LCASHRTOT,11,2047,1
GLOBAL,LNDAGRFJIC03,LCASHRTOT,11,2048,1
GLOBAL,LNDAGRFJIC03,LCASHRTOT,11,2049,1
GLOBAL,LNDAGRFJIC03,LCASHRTOT,11,2050,1
GLOBAL,LNDAGRFJIC03,WTRPRCFJI,11,2020,2.7
GLOBAL,LNDAGRFJIC03,WTRPRCFJI,11,2021,2.7
GLOBAL,LNDAGRFJIC03,WTRPRCFJI,11,2022,2.7
GLOBAL,LNDAGRFJIC03,WTRPRCFJI,11,2023,2.7
GLOBAL,LNDAGRFJIC03,WTRPRCFJI,11,2024,2.7
GLOBAL,LNDAGRFJIC03,WTRPRCFJI,11,2025,2.7
GLOBAL,LNDAGRFJIC03,WTRPRCFJI,11,2026,2.7
GLOBAL,LNDAGRFJIC03,WTRPRCFJI,11,2027,2.7
GLOBAL,LNDAGRFJIC03,WTRPRCFJI,11,2028,2.7
GLOBAL,LNDAGRFJIC03,WTRPRCFJI,11,2029,2.7
GLOBAL,LNDAGRFJIC03,WTRPRCFJI,11,2030,2.7
GLOBAL,LNDAGRFJIC03,WTRPRCFJI,11,2031,2.7
GLOBAL,LNDAGRFJIC03,WTRPRCFJI,11,2032,2.7
GLOBAL,LNDAGRFJIC03,WTRPRCFJI,11,2033,2.7
GLOBAL,LNDAGRFJIC03,WTRPRCFJI,11,2034,2.7
GLOBAL,LNDAGRFJIC03,WTRPRCFJI,11,2035,2.7
GLOBAL,LNDAGRFJIC03,WTRPRCFJI,11,2036,2.7
GLOBAL,LNDAGRFJIC03,WTRPRCFJI,11,2037,2.7
GLOBAL,LNDAGRFJIC03,WTRPRCFJI,11,2038,2.7
GLOBAL,LNDAGRFJIC03,WTRPRCFJI,11,2039,2.7
GLOBAL,LNDAGRFJIC03,WTRPRCFJI,11,2040,2.7
GLOBAL,LNDAGRFJIC03,WTRPRCFJI,11,2041,2.7
GLOBAL,LNDAGRFJIC03,WTRPRCFJI,11,2042,2.7
GLOBAL,LNDAGRFJIC03,WTRPRCFJI,11,2043,2.7
GLOBAL,LNDAGRFJIC03,WTRPRCFJI,11,2044,2.7
GLOBAL,LNDAGRFJIC03,WTRPRCFJI,11,2045,2.7
GLOBAL,LNDAGRFJIC03,WTRPRCFJI,11,2046,2.7
GLOBAL,LNDAGRFJIC03,WTRPRCFJI,11,2047,2.7
GLOBAL,LNDAGRFJIC03,WTRPRCFJI,11,2048,2.7
GLOBAL,LNDAGRFJIC03,WTRPRCFJI,11,2049,2.7
GLOBAL,LNDAGRFJIC03,WTRPRCFJI,11,2050,2.7
GLOBAL,LNDAGRFJIC03,AGRWATFJI,11,2022,0
GLOBAL,LNDAGRFJIC03,AGRWATFJI,11,2024,0
GLOBAL,LNDAGRFJIC03,AGRWATFJI,11,2026,0
GLOBAL,LNDAGRFJIC03,AGRWATFJI,11,2028,0
GLOBAL,LNDAGRFJIC03,AGRWATFJI,11,2030,0
GLOBAL,LNDAGRFJIC03,AGRWATFJI,11,2032,0
GLOBAL,LNDAGRFJIC03,AGRWATFJI,11,2034,0
GLOBAL,LNDAGRFJIC03,AGRWATFJI,11,2036,0
GLOBAL,LNDAGRFJIC03,AGRWATFJI,11,2038,0
GLOBAL,LNDAGRFJIC03,AGRWATFJI,11,2040,0
GLOBAL,LNDAGRFJIC03,AGRWATFJI,11,2042,0
GLOBAL,LNDAGRFJIC03,AGRWATFJI,11,2044,0
GLOBAL,LNDAGRFJIC03,AGRWATFJI,11,2046,0
GLOBAL,LNDAGRFJIC03,AGRWATFJI,11,2048,0
GLOBAL,LNDAGRFJIC03,AGRWATFJI,11,2050,0
GLOBAL,LNDAGRFJIC03,LYAMHITOT,12,2020,1
GLOBAL,LNDAGRFJIC03,LYAMHITOT,12,2021,1
GLOBAL,LNDAGRFJIC03,LYAMHITOT,12,2022,1
GLOBAL,LNDAGRFJIC03,LYAMHITOT,12,2023,1
GLOBAL,LNDAGRFJIC03,LYAMHITOT,12,2024,1
GLOBAL,LNDAGRFJIC03,LYAMHITOT,12,2025,1
GLOBAL,LNDAGRFJIC03,LYAMHITOT,12,2026,1
GLOBAL,LNDAGRFJIC03,LYAMHITOT,12,2027,1
GLOBAL,LNDAGRFJIC03,LYAMHITOT,12,2028,1
GLOBAL,LNDAGRFJIC03,LYAMHITOT,12,2029,1
GLOBAL,LNDAGRFJIC03,LYAMHITOT,12,2030,1
GLOBAL,LNDAGRFJIC03,LYAMHITOT,12,2031,1
GLOBAL,LNDAGRFJIC03,LYAMHITOT,12,2032,1
GLOBAL,LNDAGRFJIC03,LYAMHITOT,12,2033,1
GLOBAL,LNDAGRFJIC03,LYAMHITOT,12,2034,1
GLOBAL,LNDAGRFJIC03,LYAMHITOT,12,2035,1
GLOBAL,LNDAGRFJIC03,LYAMHITOT,12,2036,1
GLOBAL,LNDAGRFJIC03,LYAMHITOT,12,2037,1
GLOBAL,LNDAGRFJIC03,LYAMHITOT,12,2038,1
GLOBAL,LNDAGRFJIC03,LYAMHITOT,12,2039,1
GLOBAL,LNDAGRFJIC03,LYAMHITOT,12,2040,1
GLOBAL,LNDAGRFJIC03,LYAMHITOT,12,2041,1
GLOBAL,LNDAGRFJIC03,LYAMHITOT,12,2042,1
GLOBAL,LNDAGRFJIC03,LYAMHITOT,12,2043,1
GLOBAL,LNDAGRFJIC03,LYAMHITOT,12,2044,1
GLOBAL,LNDAGRFJIC03,LYAMHITOT,12,2045,1
GLOBAL,LNDAGRFJIC03,LYAMHITOT,12,2046,1
GLOBAL,LNDAGRFJIC03,LYAMHITOT,12,2047,1
GLOBAL,LNDAGRFJIC03,LYAMHITOT,12,2048,1
GLOBAL,LNDAGRFJIC03,LYAMHITOT,12,2049,1
GLOBAL,LNDAGRFJIC03,LYAMHITOT,12,2050,1
GLOBAL,LNDAGRFJIC03,WTRPRCFJI,12,2020,2.7
GLOBAL,LNDAGRFJIC03,WTRPRCFJI,12,2021,2.7
GLOBAL,LNDAGRFJIC03,WTRPRCFJI,12,2022,2.7
GLOBAL,LNDAGRFJIC03,WTRPRCFJI,12,2023,2.7
GLOBAL,LNDAGRFJIC03,WTRPRCFJI,12,2024,2.7
GLOBAL,LNDAGRFJIC03,WTRPRCFJI,12,2025,2.7
GLOBAL,LNDAGRFJIC03,WTRPRCFJI,12,2026,2.7
GLOBAL,LNDAGRFJIC03,WTRPRCFJI,12,2027,2.7
GLOBAL,LNDAGRFJIC03,WTRPRCFJI,12,2028,2.7
GLOBAL,LNDAGRFJIC03,WTRPRCFJI,12,2029,2.7
GLOBAL,LNDAGRFJIC03,WTRPRCFJI,12,2030,2.7
GLOBAL,LNDAGRFJIC03,WTRPRCFJI,12,2031,2.7
GLOBAL,LNDAGRFJIC03,WTRPRCFJI,12,2032,2.7
GLOBAL,LNDAGRFJIC03,WTRPRCFJI,12,2033,2.7
GLOBAL,LNDAGRFJIC03,WTRPRCFJI,12,2034,2.7
GLOBAL,LNDAGRFJIC03,WTRPRCFJI,12,2035,2.7
GLOBAL,LNDAGRFJIC03,WTRPRCFJI,12,2036,2.7
GLOBAL,LNDAGRFJIC03,WTRPRCFJI,12,2037,2.7
GLOBAL,LNDAGRFJIC03,WTRPRCFJI,12,2038,2.7
GLOBAL,LNDAGRFJIC03,WTRPRCFJI,12,2039,2.7
GLOBAL,LNDAGRFJIC03,WTRPRCFJI,12,2040,2.7
GLOBAL,LNDAGRFJIC03,WTRPRCFJI,12,2041,2.7
GLOBAL,LNDAGRFJIC03,WTRPRCFJI,12,2042,2.7
GLOBAL,LNDAGRFJIC03,WTRPRCFJI,12,2043,2.7
GLOBAL,LNDAGRFJIC03,WTRPRCFJI,12,2044,2.7
GLOBAL,LNDAGRFJIC03,WTRPRCFJI,12,2045,2.7
GLOBAL,LNDAGRFJIC03,WTRPRCFJI,12,2046,2.7
GLOBAL,LNDAGRFJIC03,WTRPRCFJI,12,2047,2.7
GLOBAL,LNDAGRFJIC03,WTRPRCFJI,12,2048,2.7
GLOBAL,LNDAGRFJIC03,WTRPRCFJI,12,2049,2.7
GLOBAL,LNDAGRFJIC03,WTRPRCFJI,12,2050,2.7
GLOBAL,LNDAGRFJIC03,AGRWATFJI,12,2020,0.001
GLOBAL,LNDAGRFJIC03,AGRWATFJI,12,2021,0.001
GLOBAL,LNDAGRFJIC03,AGRWATFJI,12,2022,0.001
GLOBAL,LNDAGRFJIC03,AGRWATFJI,12,2023,0.001
GLOBAL,LNDAGRFJIC03,AGRWATFJI,12,2024,0.001
GLOBAL,LNDAGRFJIC03,AGRWATFJI,12,2025,0.001
GLOBAL,LNDAGRFJIC03,AGRWATFJI,12,2026,0.001
GLOBAL,LNDAGRFJIC03,AGRWATFJI,12,2027,0.001
GLOBAL,LNDAGRFJIC03,AGRWATFJI,12,2028,0.001
GLOBAL,LNDAGRFJIC03,AGRWATFJI,12,2029,0.001
GLOBAL,LNDAGRFJIC03,AGRWATFJI,12,2030,0.001
GLOBAL,LNDAGRFJIC03,AGRWATFJI,12,2031,0.001
GLOBAL,LNDAGRFJIC03,AGRWATFJI,12,2032,0.001
GLOBAL,LNDAGRFJIC03,AGRWATFJI,12,2033,0.001
GLOBAL,LNDAGRFJIC03,AGRWATFJI,12,2034,0.001
GLOBAL,LNDAGRFJIC03,AGRWATFJI,12,2035,0.001
GLOBAL,LNDAGRFJIC03,AGRWATFJI,12,2036,0.001
GLOBAL,LNDAGRFJIC03,AGRWATFJI,12,2037,0.001
GLOBAL,LNDAGRFJIC03,AGRWATFJI,12,2038,0.001
GLOBAL,LNDAGRFJIC03,AGRWATFJI,12,2039,0.001
GLOBAL,LNDAGRFJIC03,AGRWATFJI,12,2040,0.001
GLOBAL,LNDAGRFJIC03,AGRWATFJI,12,2041,0.001
GLOBAL,LNDAGRFJIC03,AGRWATFJI,12,2042,0.001
GLOBAL,LNDAGRFJIC03,AGRWATFJI,12,2043,0.001
GLOBAL,LNDAGRFJIC03,AGRWATFJI,12,2044,0.001
GLOBAL,LNDAGRFJIC03,AGRWATFJI,12,2045,0.001
GLOBAL,LNDAGRFJIC03,AGRWATFJI,12,2046,0.001
GLOBAL,LNDAGRFJIC03,AGRWATFJI,12,2047,0.001
GLOBAL,LNDAGRFJIC03,AGRWATFJI,12,2048,0.001
GLOBAL,LNDAGRFJIC03,AGRWATFJI,12,2049,0.001
GLOBAL,LNDAGRFJIC03,AGRWATFJI,12,2050,0.001
GLOBAL,LNDAGRFJIC03,LCASLITOT,13,2020,1
GLOBAL,LNDAGRFJIC03,LCASLITOT,13,2021,1
GLOBAL,LNDAGRFJIC03,LCASLITOT,13,2022,1
GLOBAL,LNDAGRFJIC03,LCASLITOT,13,2023,1
GLOBAL,LNDAGRFJIC03,LCASLITOT,13,2024,1
GLOBAL,LNDAGRFJIC03,LCASLITOT,13,2025,1
GLOBAL,LNDAGRFJIC03,LCASLITOT,13,2026,1
GLOBAL,LNDAGRFJIC03,LCASLITOT,13,2027,1
GLOBAL,LNDAGRFJIC03,LCASLITOT,13,2028,1
GLOBAL,LNDAGRFJIC03,LCASLITOT,13,2029,1
GLOBAL,LNDAGRFJIC03,LCASLITOT,13,2030,1
GLOBAL,LNDAGRFJIC03,LCASLITOT,13,2031,1
GLOBAL,LNDAGRFJIC03,LCASLITOT,13,2032,1
GLOBAL,LNDAGRFJIC03,LCASLITOT,13,2033,1
GLOBAL,LNDAGRFJIC03,LCASLITOT,13,2034,1
GLOBAL,LNDAGRFJIC03,LCASLITOT,13,2035,1
GLOBAL,LNDAGRFJIC03,LCASLITOT,13,2036,1
GLOBAL,LNDAGRFJIC03,LCASLITOT,13,2037,1
GLOBAL,LNDAGRFJIC03,LCASLITOT,13,2038,1
GLOBAL,LNDAGRFJIC03,LCASLITOT,13,2039,1
GLOBAL,LNDAGRFJIC03,LCASLITOT,13,2040,1
GLOBAL,LNDAGRFJIC03,LCASLITOT,13,2041,1
GLOBAL,LNDAGRFJIC03,LCASLITOT,13,2042,1
GLOBAL,LNDAGRFJIC03,LCASLITOT,13,2043,1
GLOBAL,LNDAGRFJIC03,LCASLITOT,13,2044,1
GLOBAL,LNDAGRFJIC03,LCASLITOT,13,2045,1
GLOBAL,LNDAGRFJIC03,LCASLITOT,13,2046,1
GLOBAL,LNDAGRFJIC03,LCASLITOT,13,2047,1
GLOBAL,LNDAGRFJIC03,LCASLITOT,13,2048,1
GLOBAL,LNDAGRFJIC03,LCASLITOT,13,2049,1
GLOBAL,LNDAGRFJIC03,LCASLITOT,13,2050,1
GLOBAL,LNDAGRFJIC03,WTRPRCFJI,13,2020,2.7
GLOBAL,LNDAGRFJIC03,WTRPRCFJI,13,2021,2.7
GLOBAL,LNDAGRFJIC03,WTRPRCFJI,13,2022,2.7
GLOBAL,LNDAGRFJIC03,WTRPRCFJI,13,2023,2.7
GLOBAL,LNDAGRFJIC03,WTRPRCFJI,13,2024,2.7
GLOBAL,LNDAGRFJIC03,WTRPRCFJI,13,2025,2.7
GLOBAL,LNDAGRFJIC03,WTRPRCFJI,13,2026,2.7
GLOBAL,LNDAGRFJIC03,WTRPRCFJI,13,2027,2.7
GLOBAL,LNDAGRFJIC03,WTRPRCFJI,13,2028,2.7
GLOBAL,LNDAGRFJIC03,WTRPRCFJI,13,2029,2.7
GLOBAL,LNDAGRFJIC03,WTRPRCFJI,13,2030,2.7
GLOBAL,LNDAGRFJIC03,WTRPRCFJI,13,2031,2.7
GLOBAL,LNDAGRFJIC03,WTRPRCFJI,13,2032,2.7
GLOBAL,LNDAGRFJIC03,WTRPRCFJI,13,2033,2.7
GLOBAL,LNDAGRFJIC03,WTRPRCFJI,13,2034,2.7
GLOBAL,LNDAGRFJIC03,WTRPRCFJI,13,2035,2.7
GLOBAL,LNDAGRFJIC03,WTRPRCFJI,13,2036,2.7
GLOBAL,LNDAGRFJIC03,WTRPRCFJI,13,2037,2.7
GLOBAL,LNDAGRFJIC03,WTRPRCFJI,13,2038,2.7
GLOBAL,LNDAGRFJIC03,WTRPRCFJI,13,2039,2.7
GLOBAL,LNDAGRFJIC03,WTRPRCFJI,13,2040,2.7
GLOBAL,LNDAGRFJIC03,WTRPRCFJI,13,2041,2.7
GLOBAL,LNDAGRFJIC03,WTRPRCFJI,13,2042,2.7
GLOBAL,LNDAGRFJIC03,WTRPRCFJI,13,2043,2.7
GLOBAL,LNDAGRFJIC03,WTRPRCFJI,13,2044,2.7
GLOBAL,LNDAGRFJIC03,WTRPRCFJI,13,2045,2.7
GLOBAL,LNDAGRFJIC03,WTRPRCFJI,13,2046,2.7
GLOBAL,LNDAGRFJIC03,WTRPRCFJI,13,2047,2.7
GLOBAL,LNDAGRFJIC03,WTRPRCFJI,13,2048,2.7
GLOBAL,LNDAGRFJIC03,WTRPRCFJI,13,2049,2.7
GLOBAL,LNDAGRFJIC03,WTRPRCFJI,13,2050,2.7
GLOBAL,LNDAGRFJIC03,AGRWATFJI,13,2020,0.001
GLOBAL,LNDAGRFJIC03,AGRWATFJI,13,2021,0.001
GLOBAL,LNDAGRFJIC03,AGRWATFJI,13,2022,0.001
GLOBAL,LNDAGRFJIC03,AGRWATFJI,13,2023,0.001
GLOBAL,LNDAGRFJIC03,AGRWATFJI,13,2024,0.001
GLOBAL,LNDAGRFJIC03,AGRWATFJI,13,2025,0.001
GLOBAL,LNDAGRFJIC03,AGRWATFJI,13,2026,0.001
GLOBAL,LNDAGRFJIC03,AGRWATFJI,13,2027,0.001
GLOBAL,LNDAGRFJIC03,AGRWATFJI,13,2028,0.001
GLOBAL,LNDAGRFJIC03,AGRWATFJI,13,2029,0.001
GLOBAL,LNDAGRFJIC03,AGRWATFJI,13,2030,0.001
GLOBAL,LNDAGRFJIC03,AGRWATFJI,13,2031,0.001
GLOBAL,LNDAGRFJIC03,AGRWATFJI,13,2032,0.001
GLOBAL,LNDAGRFJIC03,AGRWATFJI,13,2033,0.001
GLOBAL,LNDAGRFJIC03,AGRWATFJI,13,2034,0.001
GLOBAL,LNDAGRFJIC03,AGRWATFJI,13,2035,0.001
GLOBAL,LNDAGRFJIC03,AGRWATFJI,13,2036,0.001
GLOBAL,LNDAGRFJIC03,AGRWATFJI,13,2037,0.001
GLOBAL,LNDAGRFJIC03,AGRWATFJI,13,2038,0.001
GLOBAL,LNDAGRFJIC03,AGRWATFJI,13,2039,0.001
GLOBAL,LNDAGRFJIC03,AGRWATFJI,13,2040,0.001
GLOBAL,LNDAGRFJIC03,AGRWATFJI,13,2041,0.001
GLOBAL,LNDAGRFJIC03,AGRWATFJI,13,2042,0.001
GLOBAL,LNDAGRFJIC03,AGRWATFJI,13,2043,0.001
GLOBAL,LNDAGRFJIC03,AGRWATFJI,13,2044,0.001
GLOBAL,LNDAGRFJIC03,AGRWATFJI,13,2045,0.001
GLOBAL,LNDAGRFJIC03,AGRWATFJI,13,2046,0.001
GLOBAL,LNDAGRFJIC03,AGRWATFJI,13,2047,0.001
GLOBAL,LNDAGRFJIC03,AGRWATFJI,13,2048,0.001
GLOBAL,LNDAGRFJIC03,AGRWATFJI,13,2049,0.001
GLOBAL,LNDAGRFJIC03,AGRWATFJI,13,2050,0.001
GLOBAL,LNDAGRFJIC03,LYAMHRTOT,14,2020,1
GLOBAL,LNDAGRFJIC03,LYAMHRTOT,14,2021,1
GLOBAL,LNDAGRFJIC03,LYAMHRTOT,14,2022,1
GLOBAL,LNDAGRFJIC03,LYAMHRTOT,14,2023,1
GLOBAL,LNDAGRFJIC03,LYAMHRTOT,14,2024,1
GLOBAL,LNDAGRFJIC03,LYAMHRTOT,14,2025,1
GLOBAL,LNDAGRFJIC03,LYAMHRTOT,14,2026,1
GLOBAL,LNDAGRFJIC03,LYAMHRTOT,14,2027,1
GLOBAL,LNDAGRFJIC03,LYAMHRTOT,14,2028,1
GLOBAL,LNDAGRFJIC03,LYAMHRTOT,14,2029,1
GLOBAL,LNDAGRFJIC03,LYAMHRTOT,14,2030,1
GLOBAL,LNDAGRFJIC03,LYAMHRTOT,14,2031,1
GLOBAL,LNDAGRFJIC03,LYAMHRTOT,14,2032,1
GLOBAL,LNDAGRFJIC03,LYAMHRTOT,14,2033,1
GLOBAL,LNDAGRFJIC03,LYAMHRTOT,14,2034,1
GLOBAL,LNDAGRFJIC03,LYAMHRTOT,14,2035,1
GLOBAL,LNDAGRFJIC03,LYAMHRTOT,14,2036,1
GLOBAL,LNDAGRFJIC03,LYAMHRTOT,14,2037,1
GLOBAL,LNDAGRFJIC03,LYAMHRTOT,14,2038,1
GLOBAL,LNDAGRFJIC03,LYAMHRTOT,14,2039,1
GLOBAL,LNDAGRFJIC03,LYAMHRTOT,14,2040,1
GLOBAL,LNDAGRFJIC03,LYAMHRTOT,14,2041,1
GLOBAL,LNDAGRFJIC03,LYAMHRTOT,14,2042,1
GLOBAL,LNDAGRFJIC03,LYAMHRTOT,14,2043,1
GLOBAL,LNDAGRFJIC03,LYAMHRTOT,14,2044,1
GLOBAL,LNDAGRFJIC03,LYAMHRTOT,14,2045,1
GLOBAL,LNDAGRFJIC03,LYAMHRTOT,14,2046,1
GLOBAL,LNDAGRFJIC03,LYAMHRTOT,14,2047,1
GLOBAL,LNDAGRFJIC03,LYAMHRTOT,14,2048,1
GLOBAL,LNDAGRFJIC03,LYAMHRTOT,14,2049,1
GLOBAL,LNDAGRFJIC03,LYAMHRTOT,14,2050,1
GLOBAL,LNDAGRFJIC03,WTRPRCFJI,14,2020,2.7
GLOBAL,LNDAGRFJIC03,WTRPRCFJI,14,2021,2.7
GLOBAL,LNDAGRFJIC03,WTRPRCFJI,14,2022,2.7
GLOBAL,LNDAGRFJIC03,WTRPRCFJI,14,2023,2.7
GLOBAL,LNDAGRFJIC03,WTRPRCFJI,14,2024,2.7
GLOBAL,LNDAGRFJIC03,WTRPRCFJI,14,2025,2.7
GLOBAL,LNDAGRFJIC03,WTRPRCFJI,14,2026,2.7
GLOBAL,LNDAGRFJIC03,WTRPRCFJI,14,2027,2.7
GLOBAL,LNDAGRFJIC03,WTRPRCFJI,14,2028,2.7
GLOBAL,LNDAGRFJIC03,WTRPRCFJI,14,2029,2.7
GLOBAL,LNDAGRFJIC03,WTRPRCFJI,14,2030,2.7
GLOBAL,LNDAGRFJIC03,WTRPRCFJI,14,2031,2.7
GLOBAL,LNDAGRFJIC03,WTRPRCFJI,14,2032,2.7
GLOBAL,LNDAGRFJIC03,WTRPRCFJI,14,2033,2.7
GLOBAL,LNDAGRFJIC03,WTRPRCFJI,14,2034,2.7
GLOBAL,LNDAGRFJIC03,WTRPRCFJI,14,2035,2.7
GLOBAL,LNDAGRFJIC03,WTRPRCFJI,14,2036,2.7
GLOBAL,LNDAGRFJIC03,WTRPRCFJI,14,2037,2.7
GLOBAL,LNDAGRFJIC03,WTRPRCFJI,14,2038,2.7
GLOBAL,LNDAGRFJIC03,WTRPRCFJI,14,2039,2.7
GLOBAL,LNDAGRFJIC03,WTRPRCFJI,14,2040,2.7
GLOBAL,LNDAGRFJIC03,WTRPRCFJI,14,2041,2.7
GLOBAL,LNDAGRFJIC03,WTRPRCFJI,14,2042,2.7
GLOBAL,LNDAGRFJIC03,WTRPRCFJI,14,2043,2.7
GLOBAL,LNDAGRFJIC03,WTRPRCFJI,14,2044,2.7
GLOBAL,LNDAGRFJIC03,WTRPRCFJI,14,2045,2.7
GLOBAL,LNDAGRFJIC03,WTRPRCFJI,14,2046,2.7
GLOBAL,LNDAGRFJIC03,WTRPRCFJI,14,2047,2.7
GLOBAL,LNDAGRFJIC03,WTRPRCFJI,14,2048,2.7
GLOBAL,LNDAGRFJIC03,WTRPRCFJI,14,2049,2.7
GLOBAL,LNDAGRFJIC03,WTRPRCFJI,14,2050,2.7
GLOBAL,LNDAGRFJIC03,AGRWATFJI,14,2022,0
GLOBAL,LNDAGRFJIC03,AGRWATFJI,14,2024,0
GLOBAL,LNDAGRFJIC03,AGRWATFJI,14,2026,0
GLOBAL,LNDAGRFJIC03,AGRWATFJI,14,2028,0
GLOBAL,LNDAGRFJIC03,AGRWATFJI,14,2030,0
GLOBAL,LNDAGRFJIC03,AGRWATFJI,14,2032,0
GLOBAL,LNDAGRFJIC03,AGRWATFJI,14,2034,0
GLOBAL,LNDAGRFJIC03,AGRWATFJI,14,2036,0
GLOBAL,LNDAGRFJIC03,AGRWATFJI,14,2038,0
GLOBAL,LNDAGRFJIC03,AGRWATFJI,14,2040,0
GLOBAL,LNDAGRFJIC03,AGRWATFJI,14,2042,0
GLOBAL,LNDAGRFJIC03,AGRWATFJI,14,2044,0
GLOBAL,LNDAGRFJIC03,AGRWATFJI,14,2046,0
GLOBAL,LNDAGRFJIC03,AGRWATFJI,14,2048,0
GLOBAL,LNDAGRFJIC03,AGRWATFJI,14,2050,0
GLOBAL,LNDAGRFJIC03,LSGCHRTOT,15,2020,1
GLOBAL,LNDAGRFJIC03,LSGCHRTOT,15,2021,1
GLOBAL,LNDAGRFJIC03,LSGCHRTOT,15,2022,1
GLOBAL,LNDAGRFJIC03,LSGCHRTOT,15,2023,1
GLOBAL,LNDAGRFJIC03,LSGCHRTOT,15,2024,1
GLOBAL,LNDAGRFJIC03,LSGCHRTOT,15,2025,1
GLOBAL,LNDAGRFJIC03,LSGCHRTOT,15,2026,1
GLOBAL,LNDAGRFJIC03,LSGCHRTOT,15,2027,1
GLOBAL,LNDAGRFJIC03,LSGCHRTOT,15,2028,1
GLOBAL,LNDAGRFJIC03,LSGCHRTOT,15,2029,1
GLOBAL,LNDAGRFJIC03,LSGCHRTOT,15,2030,1
GLOBAL,LNDAGRFJIC03,LSGCHRTOT,15,2031,1
GLOBAL,LNDAGRFJIC03,LSGCHRTOT,15,2032,1
GLOBAL,LNDAGRFJIC03,LSGCHRTOT,15,2033,1
GLOBAL,LNDAGRFJIC03,LSGCHRTOT,15,2034,1
GLOBAL,LNDAGRFJIC03,LSGCHRTOT,15,2035,1
GLOBAL,LNDAGRFJIC03,LSGCHRTOT,15,2036,1
GLOBAL,LNDAGRFJIC03,LSGCHRTOT,15,2037,1
GLOBAL,LNDAGRFJIC03,LSGCHRTOT,15,2038,1
GLOBAL,LNDAGRFJIC03,LSGCHRTOT,15,2039,1
GLOBAL,LNDAGRFJIC03,LSGCHRTOT,15,2040,1
GLOBAL,LNDAGRFJIC03,LSGCHRTOT,15,2041,1
GLOBAL,LNDAGRFJIC03,LSGCHRTOT,15,2042,1
GLOBAL,LNDAGRFJIC03,LSGCHRTOT,15,2043,1
GLOBAL,LNDAGRFJIC03,LSGCHRTOT,15,2044,1
GLOBAL,LNDAGRFJIC03,LSGCHRTOT,15,2045,1
GLOBAL,LNDAGRFJIC03,LSGCHRTOT,15,2046,1
GLOBAL,LNDAGRFJIC03,LSGCHRTOT,15,2047,1
GLOBAL,LNDAGRFJIC03,LSGCHRTOT,15,2048,1
GLOBAL,LNDAGRFJIC03,LSGCHRTOT,15,2049,1
GLOBAL,LNDAGRFJIC03,LSGCHRTOT,15,2050,1
GLOBAL,LNDAGRFJIC03,WTRPRCFJI,15,2020,2.7
GLOBAL,LNDAGRFJIC03,WTRPRCFJI,15,2021,2.7
GLOBAL,LNDAGRFJIC03,WTRPRCFJI,15,2022,2.7
GLOBAL,LNDAGRFJIC03,WTRPRCFJI,15,2023,2.7
GLOBAL,LNDAGRFJIC03,WTRPRCFJI,15,2024,2.7
GLOBAL,LNDAGRFJIC03,WTRPRCFJI,15,2025,2.7
GLOBAL,LNDAGRFJIC03,WTRPRCFJI,15,2026,2.7
GLOBAL,LNDAGRFJIC03,WTRPRCFJI,15,2027,2.7
GLOBAL,LNDAGRFJIC03,WTRPRCFJI,15,2028,2.7
GLOBAL,LNDAGRFJIC03,WTRPRCFJI,15,2029,2.7
GLOBAL,LNDAGRFJIC03,WTRPRCFJI,15,2030,2.7
GLOBAL,LNDAGRFJIC03,WTRPRCFJI,15,2031,2.7
GLOBAL,LNDAGRFJIC03,WTRPRCFJI,15,2032,2.7
GLOBAL,LNDAGRFJIC03,WTRPRCFJI,15,2033,2.7
GLOBAL,LNDAGRFJIC03,WTRPRCFJI,15,2034,2.7
GLOBAL,LNDAGRFJIC03,WTRPRCFJI,15,2035,2.7
GLOBAL,LNDAGRFJIC03,WTRPRCFJI,15,2036,2.7
GLOBAL,LNDAGRFJIC03,WTRPRCFJI,15,2037,2.7
GLOBAL,LNDAGRFJIC03,WTRPRCFJI,15,2038,2.7
GLOBAL,LNDAGRFJIC03,WTRPRCFJI,15,2039,2.7
GLOBAL,LNDAGRFJIC03,WTRPRCFJI,15,2040,2.7
GLOBAL,LNDAGRFJIC03,WTRPRCFJI,15,2041,2.7
GLOBAL,LNDAGRFJIC03,WTRPRCFJI,15,2042,2.7
GLOBAL,LNDAGRFJIC03,WTRPRCFJI,15,2043,2.7
GLOBAL,LNDAGRFJIC03,WTRPRCFJI,15,2044,2.7
GLOBAL,LNDAGRFJIC03,WTRPRCFJI,15,2045,2.7
GLOBAL,LNDAGRFJIC03,WTRPRCFJI,15,2046,2.7
GLOBAL,LNDAGRFJIC03,WTRPRCFJI,15,2047,2.7
GLOBAL,LNDAGRFJIC03,WTRPRCFJI,15,2048,2.7
GLOBAL,LNDAGRFJIC03,WTRPRCFJI,15,2049,2.7
GLOBAL,LNDAGRFJIC03,WTRPRCFJI,15,2050,2.7
GLOBAL,LNDAGRFJIC03,AGRWATFJI,15,2022,0
GLOBAL,LNDAGRFJIC03,AGRWATFJI,15,2024,0
GLOBAL,LNDAGRFJIC03,AGRWATFJI,15,2026,0
GLOBAL,LNDAGRFJIC03,AGRWATFJI,15,2028,0
GLOBAL,LNDAGRFJIC03,AGRWATFJI,15,2030,0
GLOBAL,LNDAGRFJIC03,AGRWATFJI,15,2032,0
GLOBAL,LNDAGRFJIC03,AGRWATFJI,15,2034,0
GLOBAL,LNDAGRFJIC03,AGRWATFJI,15,2036,0
GLOBAL,LNDAGRFJIC03,AGRWATFJI,15,2038,0
GLOBAL,LNDAGRFJIC03,AGRWATFJI,15,2040,0
GLOBAL,LNDAGRFJIC03,AGRWATFJI,15,2042,0
GLOBAL,LNDAGRFJIC03,AGRWATFJI,15,2044,0
GLOBAL,LNDAGRFJIC03,AGRWATFJI,15,2046,0
GLOBAL,LNDAGRFJIC03,AGRWATFJI,15,2048,0
GLOBAL,LNDAGRFJIC03,AGRWATFJI,15,2050,0
GLOBAL,LNDAGRFJIC03,LSGCLRTOT,16,2020,1
GLOBAL,LNDAGRFJIC03,LSGCLRTOT,16,2021,1
GLOBAL,LNDAGRFJIC03,LSGCLRTOT,16,2022,1
GLOBAL,LNDAGRFJIC03,LSGCLRTOT,16,2023,1
GLOBAL,LNDAGRFJIC03,LSGCLRTOT,16,2024,1
GLOBAL,LNDAGRFJIC03,LSGCLRTOT,16,2025,1
GLOBAL,LNDAGRFJIC03,LSGCLRTOT,16,2026,1
GLOBAL,LNDAGRFJIC03,LSGCLRTOT,16,2027,1
GLOBAL,LNDAGRFJIC03,LSGCLRTOT,16,2028,1
GLOBAL,LNDAGRFJIC03,LSGCLRTOT,16,2029,1
GLOBAL,LNDAGRFJIC03,LSGCLRTOT,16,2030,1
GLOBAL,LNDAGRFJIC03,LSGCLRTOT,16,2031,1
GLOBAL,LNDAGRFJIC03,LSGCLRTOT,16,2032,1
GLOBAL,LNDAGRFJIC03,LSGCLRTOT,16,2033,1
GLOBAL,LNDAGRFJIC03,LSGCLRTOT,16,2034,1
GLOBAL,LNDAGRFJIC03,LSGCLRTOT,16,2035,1
GLOBAL,LNDAGRFJIC03,LSGCLRTOT,16,2036,1
GLOBAL,LNDAGRFJIC03,LSGCLRTOT,16,2037,1
GLOBAL,LNDAGRFJIC03,LSGCLRTOT,16,2038,1
GLOBAL,LNDAGRFJIC03,LSGCLRTOT,16,2039,1
GLOBAL,LNDAGRFJIC03,LSGCLRTOT,16,2040,1
GLOBAL,LNDAGRFJIC03,LSGCLRTOT,16,2041,1
GLOBAL,LNDAGRFJIC03,LSGCLRTOT,16,2042,1
GLOBAL,LNDAGRFJIC03,LSGCLRTOT,16,2043,1
GLOBAL,LNDAGRFJIC03,LSGCLRTOT,16,2044,1
GLOBAL,LNDAGRFJIC03,LSGCLRTOT,16,2045,1
GLOBAL,LNDAGRFJIC03,LSGCLRTOT,16,2046,1
GLOBAL,LNDAGRFJIC03,LSGCLRTOT,16,2047,1
GLOBAL,LNDAGRFJIC03,LSGCLRTOT,16,2048,1
GLOBAL,LNDAGRFJIC03,LSGCLRTOT,16,2049,1
GLOBAL,LNDAGRFJIC03,LSGCLRTOT,16,2050,1
GLOBAL,LNDAGRFJIC03,WTRPRCFJI,16,2020,2.7
GLOBAL,LNDAGRFJIC03,WTRPRCFJI,16,2021,2.7
GLOBAL,LNDAGRFJIC03,WTRPRCFJI,16,2022,2.7
GLOBAL,LNDAGRFJIC03,WTRPRCFJI,16,2023,2.7
GLOBAL,LNDAGRFJIC03,WTRPRCFJI,16,2024,2.7
GLOBAL,LNDAGRFJIC03,WTRPRCFJI,16,2025,2.7
GLOBAL,LNDAGRFJIC03,WTRPRCFJI,16,2026,2.7
GLOBAL,LNDAGRFJIC03,WTRPRCFJI,16,2027,2.7
GLOBAL,LNDAGRFJIC03,WTRPRCFJI,16,2028,2.7
GLOBAL,LNDAGRFJIC03,WTRPRCFJI,16,2029,2.7
GLOBAL,LNDAGRFJIC03,WTRPRCFJI,16,2030,2.7
GLOBAL,LNDAGRFJIC03,WTRPRCFJI,16,2031,2.7
GLOBAL,LNDAGRFJIC03,WTRPRCFJI,16,2032,2.7
GLOBAL,LNDAGRFJIC03,WTRPRCFJI,16,2033,2.7
GLOBAL,LNDAGRFJIC03,WTRPRCFJI,16,2034,2.7
GLOBAL,LNDAGRFJIC03,WTRPRCFJI,16,2035,2.7
GLOBAL,LNDAGRFJIC03,WTRPRCFJI,16,2036,2.7
GLOBAL,LNDAGRFJIC03,WTRPRCFJI,16,2037,2.7
GLOBAL,LNDAGRFJIC03,WTRPRCFJI,16,2038,2.7
GLOBAL,LNDAGRFJIC03,WTRPRCFJI,16,2039,2.7
GLOBAL,LNDAGRFJIC03,WTRPRCFJI,16,2040,2.7
GLOBAL,LNDAGRFJIC03,WTRPRCFJI,16,2041,2.7
GLOBAL,LNDAGRFJIC03,WTRPRCFJI,16,2042,2.7
GLOBAL,LNDAGRFJIC03,WTRPRCFJI,16,2043,2.7
GLOBAL,LNDAGRFJIC03,WTRPRCFJI,16,2044,2.7
GLOBAL,LNDAGRFJIC03,WTRPRCFJI,16,2045,2.7
GLOBAL,LNDAGRFJIC03,WTRPRCFJI,16,2046,2.7
GLOBAL,LNDAGRFJIC03,WTRPRCFJI,16,2047,2.7
GLOBAL,LNDAGRFJIC03,WTRPRCFJI,16,2048,2.7
GLOBAL,LNDAGRFJIC03,WTRPRCFJI,16,2049,2.7
GLOBAL,LNDAGRFJIC03,WTRPRCFJI,16,2050,2.7
GLOBAL,LNDAGRFJIC03,AGRWATFJI,16,2022,0
GLOBAL,LNDAGRFJIC03,AGRWATFJI,16,2024,0
GLOBAL,LNDAGRFJIC03,AGRWATFJI,16,2026,0
GLOBAL,LNDAGRFJIC03,AGRWATFJI,16,2028,0
GLOBAL,LNDAGRFJIC03,AGRWATFJI,16,2030,0
GLOBAL,LNDAGRFJIC03,AGRWATFJI,16,2032,0
GLOBAL,LNDAGRFJIC03,AGRWATFJI,16,2034,0
GLOBAL,LNDAGRFJIC03,AGRWATFJI,16,2036,0
GLOBAL,LNDAGRFJIC03,AGRWATFJI,16,2038,0
GLOBAL,LNDAGRFJIC03,AGRWATFJI,16,2040,0
GLOBAL,LNDAGRFJIC03,AGRWATFJI,16,2042,0
GLOBAL,LNDAGRFJIC03,AGRWATFJI,16,2044,0
GLOBAL,LNDAGRFJIC03,AGRWATFJI,16,2046,0
GLOBAL,LNDAGRFJIC03,AGRWATFJI,16,2048,0
GLOBAL,LNDAGRFJIC03,AGRWATFJI,16,2050,0
GLOBAL,LNDAGRFJIC03,LOTHLITOT,17,2020,1
GLOBAL,LNDAGRFJIC03,LOTHLITOT,17,2021,1
GLOBAL,LNDAGRFJIC03,LOTHLITOT,17,2022,1
GLOBAL,LNDAGRFJIC03,LOTHLITOT,17,2023,1
GLOBAL,LNDAGRFJIC03,LOTHLITOT,17,2024,1
GLOBAL,LNDAGRFJIC03,LOTHLITOT,17,2025,1
GLOBAL,LNDAGRFJIC03,LOTHLITOT,17,2026,1
GLOBAL,LNDAGRFJIC03,LOTHLITOT,17,2027,1
GLOBAL,LNDAGRFJIC03,LOTHLITOT,17,2028,1
GLOBAL,LNDAGRFJIC03,LOTHLITOT,17,2029,1
GLOBAL,LNDAGRFJIC03,LOTHLITOT,17,2030,1
GLOBAL,LNDAGRFJIC03,LOTHLITOT,17,2031,1
GLOBAL,LNDAGRFJIC03,LOTHLITOT,17,2032,1
GLOBAL,LNDAGRFJIC03,LOTHLITOT,17,2033,1
GLOBAL,LNDAGRFJIC03,LOTHLITOT,17,2034,1
GLOBAL,LNDAGRFJIC03,LOTHLITOT,17,2035,1
GLOBAL,LNDAGRFJIC03,LOTHLITOT,17,2036,1
GLOBAL,LNDAGRFJIC03,LOTHLITOT,17,2037,1
GLOBAL,LNDAGRFJIC03,LOTHLITOT,17,2038,1
GLOBAL,LNDAGRFJIC03,LOTHLITOT,17,2039,1
GLOBAL,LNDAGRFJIC03,LOTHLITOT,17,2040,1
GLOBAL,LNDAGRFJIC03,LOTHLITOT,17,2041,1
GLOBAL,LNDAGRFJIC03,LOTHLITOT,17,2042,1
GLOBAL,LNDAGRFJIC03,LOTHLITOT,17,2043,1
GLOBAL,LNDAGRFJIC03,LOTHLITOT,17,2044,1
GLOBAL,LNDAGRFJIC03,LOTHLITOT,17,2045,1
GLOBAL,LNDAGRFJIC03,LOTHLITOT,17,2046,1
GLOBAL,LNDAGRFJIC03,LOTHLITOT,17,2047,1
GLOBAL,LNDAGRFJIC03,LOTHLITOT,17,2048,1
GLOBAL,LNDAGRFJIC03,LOTHLITOT,17,2049,1
GLOBAL,LNDAGRFJIC03,LOTHLITOT,17,2050,1
GLOBAL,LNDAGRFJIC03,WTRPRCFJI,17,2020,2.7
GLOBAL,LNDAGRFJIC03,WTRPRCFJI,17,2021,2.7
GLOBAL,LNDAGRFJIC03,WTRPRCFJI,17,2022,2.7
GLOBAL,LNDAGRFJIC03,WTRPRCFJI,17,2023,2.7
GLOBAL,LNDAGRFJIC03,WTRPRCFJI,17,2024,2.7
GLOBAL,LNDAGRFJIC03,WTRPRCFJI,17,2025,2.7
GLOBAL,LNDAGRFJIC03,WTRPRCFJI,17,2026,2.7
GLOBAL,LNDAGRFJIC03,WTRPRCFJI,17,2027,2.7
GLOBAL,LNDAGRFJIC03,WTRPRCFJI,17,2028,2.7
GLOBAL,LNDAGRFJIC03,WTRPRCFJI,17,2029,2.7
GLOBAL,LNDAGRFJIC03,WTRPRCFJI,17,2030,2.7
GLOBAL,LNDAGRFJIC03,WTRPRCFJI,17,2031,2.7
GLOBAL,LNDAGRFJIC03,WTRPRCFJI,17,2032,2.7
GLOBAL,LNDAGRFJIC03,WTRPRCFJI,17,2033,2.7
GLOBAL,LNDAGRFJIC03,WTRPRCFJI,17,2034,2.7
GLOBAL,LNDAGRFJIC03,WTRPRCFJI,17,2035,2.7
GLOBAL,LNDAGRFJIC03,WTRPRCFJI,17,2036,2.7
GLOBAL,LNDAGRFJIC03,WTRPRCFJI,17,2037,2.7
GLOBAL,LNDAGRFJIC03,WTRPRCFJI,17,2038,2.7
GLOBAL,LNDAGRFJIC03,WTRPRCFJI,17,2039,2.7
GLOBAL,LNDAGRFJIC03,WTRPRCFJI,17,2040,2.7
GLOBAL,LNDAGRFJIC03,WTRPRCFJI,17,2041,2.7
GLOBAL,LNDAGRFJIC03,WTRPRCFJI,17,2042,2.7
GLOBAL,LNDAGRFJIC03,WTRPRCFJI,17,2043,2.7
GLOBAL,LNDAGRFJIC03,WTRPRCFJI,17,2044,2.7
GLOBAL,LNDAGRFJIC03,WTRPRCFJI,17,2045,2.7
GLOBAL,LNDAGRFJIC03,WTRPRCFJI,17,2046,2.7
GLOBAL,LNDAGRFJIC03,WTRPRCFJI,17,2047,2.7
GLOBAL,LNDAGRFJIC03,WTRPRCFJI,17,2048,2.7
GLOBAL,LNDAGRFJIC03,WTRPRCFJI,17,2049,2.7
GLOBAL,LNDAGRFJIC03,WTRPRCFJI,17,2050,2.7
GLOBAL,LNDAGRFJIC03,AGRWATFJI,17,2020,0.001
GLOBAL,LNDAGRFJIC03,AGRWATFJI,17,2021,0.001
GLOBAL,LNDAGRFJIC03,AGRWATFJI,17,2022,0.001
GLOBAL,LNDAGRFJIC03,AGRWATFJI,17,2023,0.001
GLOBAL,LNDAGRFJIC03,AGRWATFJI,17,2024,0.001
GLOBAL,LNDAGRFJIC03,AGRWATFJI,17,2025,0.001
GLOBAL,LNDAGRFJIC03,AGRWATFJI,17,2026,0.001
GLOBAL,LNDAGRFJIC03,AGRWATFJI,17,2027,0.001
GLOBAL,LNDAGRFJIC03,AGRWATFJI,17,2028,0.001
GLOBAL,LNDAGRFJIC03,AGRWATFJI,17,2029,0.001
GLOBAL,LNDAGRFJIC03,AGRWATFJI,17,2030,0.001
GLOBAL,LNDAGRFJIC03,AGRWATFJI,17,2031,0.001
GLOBAL,LNDAGRFJIC03,AGRWATFJI,17,2032,0.001
GLOBAL,LNDAGRFJIC03,AGRWATFJI,17,2033,0.001
GLOBAL,LNDAGRFJIC03,AGRWATFJI,17,2034,0.001
GLOBAL,LNDAGRFJIC03,AGRWATFJI,17,2035,0.001
GLOBAL,LNDAGRFJIC03,AGRWATFJI,17,2036,0.001
GLOBAL,LNDAGRFJIC03,AGRWATFJI,17,2037,0.001
GLOBAL,LNDAGRFJIC03,AGRWATFJI,17,2038,0.001
GLOBAL,LNDAGRFJIC03,AGRWATFJI,17,2039,0.001
GLOBAL,LNDAGRFJIC03,AGRWATFJI,17,2040,0.001
GLOBAL,LNDAGRFJIC03,AGRWATFJI,17,2041,0.001
GLOBAL,LNDAGRFJIC03,AGRWATFJI,17,2042,0.001
GLOBAL,LNDAGRFJIC03,AGRWATFJI,17,2043,0.001
GLOBAL,LNDAGRFJIC03,AGRWATFJI,17,2044,0.001
GLOBAL,LNDAGRFJIC03,AGRWATFJI,17,2045,0.001
GLOBAL,LNDAGRFJIC03,AGRWATFJI,17,2046,0.001
GLOBAL,LNDAGRFJIC03,AGRWATFJI,17,2047,0.001
GLOBAL,LNDAGRFJIC03,AGRWATFJI,17,2048,0.001
GLOBAL,LNDAGRFJIC03,AGRWATFJI,17,2049,0.001
GLOBAL,LNDAGRFJIC03,AGRWATFJI,17,2050,0.001
GLOBAL,LNDAGRFJIC03,LOTHHITOT,18,2020,1
GLOBAL,LNDAGRFJIC03,LOTHHITOT,18,2021,1
GLOBAL,LNDAGRFJIC03,LOTHHITOT,18,2022,1
GLOBAL,LNDAGRFJIC03,LOTHHITOT,18,2023,1
GLOBAL,LNDAGRFJIC03,LOTHHITOT,18,2024,1
GLOBAL,LNDAGRFJIC03,LOTHHITOT,18,2025,1
GLOBAL,LNDAGRFJIC03,LOTHHITOT,18,2026,1
GLOBAL,LNDAGRFJIC03,LOTHHITOT,18,2027,1
GLOBAL,LNDAGRFJIC03,LOTHHITOT,18,2028,1
GLOBAL,LNDAGRFJIC03,LOTHHITOT,18,2029,1
GLOBAL,LNDAGRFJIC03,LOTHHITOT,18,2030,1
GLOBAL,LNDAGRFJIC03,LOTHHITOT,18,2031,1
GLOBAL,LNDAGRFJIC03,LOTHHITOT,18,2032,1
GLOBAL,LNDAGRFJIC03,LOTHHITOT,18,2033,1
GLOBAL,LNDAGRFJIC03,LOTHHITOT,18,2034,1
GLOBAL,LNDAGRFJIC03,LOTHHITOT,18,2035,1
GLOBAL,LNDAGRFJIC03,LOTHHITOT,18,2036,1
GLOBAL,LNDAGRFJIC03,LOTHHITOT,18,2037,1
GLOBAL,LNDAGRFJIC03,LOTHHITOT,18,2038,1
GLOBAL,LNDAGRFJIC03,LOTHHITOT,18,2039,1
GLOBAL,LNDAGRFJIC03,LOTHHITOT,18,2040,1
GLOBAL,LNDAGRFJIC03,LOTHHITOT,18,2041,1
GLOBAL,LNDAGRFJIC03,LOTHHITOT,18,2042,1
GLOBAL,LNDAGRFJIC03,LOTHHITOT,18,2043,1
GLOBAL,LNDAGRFJIC03,LOTHHITOT,18,2044,1
GLOBAL,LNDAGRFJIC03,LOTHHITOT,18,2045,1
GLOBAL,LNDAGRFJIC03,LOTHHITOT,18,2046,1
GLOBAL,LNDAGRFJIC03,LOTHHITOT,18,2047,1
GLOBAL,LNDAGRFJIC03,LOTHHITOT,18,2048,1
GLOBAL,LNDAGRFJIC03,LOTHHITOT,18,2049,1
GLOBAL,LNDAGRFJIC03,LOTHHITOT,18,2050,1
GLOBAL,LNDAGRFJIC03,WTRPRCFJI,18,2020,2.7
GLOBAL,LNDAGRFJIC03,WTRPRCFJI,18,2021,2.7
GLOBAL,LNDAGRFJIC03,WTRPRCFJI,18,2022,2.7
GLOBAL,LNDAGRFJIC03,WTRPRCFJI,18,2023,2.7
GLOBAL,LNDAGRFJIC03,WTRPRCFJI,18,2024,2.7
GLOBAL,LNDAGRFJIC03,WTRPRCFJI,18,2025,2.7
GLOBAL,LNDAGRFJIC03,WTRPRCFJI,18,2026,2.7
GLOBAL,LNDAGRFJIC03,WTRPRCFJI,18,2027,2.7
GLOBAL,LNDAGRFJIC03,WTRPRCFJI,18,2028,2.7
GLOBAL,LNDAGRFJIC03,WTRPRCFJI,18,2029,2.7
GLOBAL,LNDAGRFJIC03,WTRPRCFJI,18,2030,2.7
GLOBAL,LNDAGRFJIC03,WTRPRCFJI,18,2031,2.7
GLOBAL,LNDAGRFJIC03,WTRPRCFJI,18,2032,2.7
GLOBAL,LNDAGRFJIC03,WTRPRCFJI,18,2033,2.7
GLOBAL,LNDAGRFJIC03,WTRPRCFJI,18,2034,2.7
GLOBAL,LNDAGRFJIC03,WTRPRCFJI,18,2035,2.7
GLOBAL,LNDAGRFJIC03,WTRPRCFJI,18,2036,2.7
GLOBAL,LNDAGRFJIC03,WTRPRCFJI,18,2037,2.7
GLOBAL,LNDAGRFJIC03,WTRPRCFJI,18,2038,2.7
GLOBAL,LNDAGRFJIC03,WTRPRCFJI,18,2039,2.7
GLOBAL,LNDAGRFJIC03,WTRPRCFJI,18,2040,2.7
GLOBAL,LNDAGRFJIC03,WTRPRCFJI,18,2041,2.7
GLOBAL,LNDAGRFJIC03,WTRPRCFJI,18,2042,2.7
GLOBAL,LNDAGRFJIC03,WTRPRCFJI,18,2043,2.7
GLOBAL,LNDAGRFJIC03,WTRPRCFJI,18,2044,2.7
GLOBAL,LNDAGRFJIC03,WTRPRCFJI,18,2045,2.7
GLOBAL,LNDAGRFJIC03,WTRPRCFJI,18,2046,2.7
GLOBAL,LNDAGRFJIC03,WTRPRCFJI,18,2047,2.7
GLOBAL,LNDAGRFJIC03,WTRPRCFJI,18,2048,2.7
GLOBAL,LNDAGRFJIC03,WTRPRCFJI,18,2049,2.7
GLOBAL,LNDAGRFJIC03,WTRPRCFJI,18,2050,2.7
GLOBAL,LNDAGRFJIC03,AGRWATFJI,18,2020,0.001
GLOBAL,LNDAGRFJIC03,AGRWATFJI,18,2021,0.001
GLOBAL,LNDAGRFJIC03,AGRWATFJI,18,2022,0.001
GLOBAL,LNDAGRFJIC03,AGRWATFJI,18,2023,0.001
GLOBAL,LNDAGRFJIC03,AGRWATFJI,18,2024,0.001
GLOBAL,LNDAGRFJIC03,AGRWATFJI,18,2025,0.001
GLOBAL,LNDAGRFJIC03,AGRWATFJI,18,2026,0.001
GLOBAL,LNDAGRFJIC03,AGRWATFJI,18,2027,0.001
GLOBAL,LNDAGRFJIC03,AGRWATFJI,18,2028,0.001
GLOBAL,LNDAGRFJIC03,AGRWATFJI,18,2029,0.001
GLOBAL,LNDAGRFJIC03,AGRWATFJI,18,2030,0.001
GLOBAL,LNDAGRFJIC03,AGRWATFJI,18,2031,0.001
GLOBAL,LNDAGRFJIC03,AGRWATFJI,18,2032,0.001
GLOBAL,LNDAGRFJIC03,AGRWATFJI,18,2033,0.001
GLOBAL,LNDAGRFJIC03,AGRWATFJI,18,2034,0.001
GLOBAL,LNDAGRFJIC03,AGRWATFJI,18,2035,0.001
GLOBAL,LNDAGRFJIC03,AGRWATFJI,18,2036,0.001
GLOBAL,LNDAGRFJIC03,AGRWATFJI,18,2037,0.001
GLOBAL,LNDAGRFJIC03,AGRWATFJI,18,2038,0.001
GLOBAL,LNDAGRFJIC03,AGRWATFJI,18,2039,0.001
GLOBAL,LNDAGRFJIC03,AGRWATFJI,18,2040,0.001
GLOBAL,LNDAGRFJIC03,AGRWATFJI,18,2041,0.001
GLOBAL,LNDAGRFJIC03,AGRWATFJI,18,2042,0.001
GLOBAL,LNDAGRFJIC03,AGRWATFJI,18,2043,0.001
GLOBAL,LNDAGRFJIC03,AGRWATFJI,18,2044,0.001
GLOBAL,LNDAGRFJIC03,AGRWATFJI,18,2045,0.001
GLOBAL,LNDAGRFJIC03,AGRWATFJI,18,2046,0.001
GLOBAL,LNDAGRFJIC03,AGRWATFJI,18,2047,0.001
GLOBAL,LNDAGRFJIC03,AGRWATFJI,18,2048,0.001
GLOBAL,LNDAGRFJIC03,AGRWATFJI,18,2049,0.001
GLOBAL,LNDAGRFJIC03,AGRWATFJI,18,2050,0.001
GLOBAL,LNDAGRFJIC03,LOTHLRTOT,19,2020,1
GLOBAL,LNDAGRFJIC03,LOTHLRTOT,19,2021,1
GLOBAL,LNDAGRFJIC03,LOTHLRTOT,19,2022,1
GLOBAL,LNDAGRFJIC03,LOTHLRTOT,19,2023,1
GLOBAL,LNDAGRFJIC03,LOTHLRTOT,19,2024,1
GLOBAL,LNDAGRFJIC03,LOTHLRTOT,19,2025,1
GLOBAL,LNDAGRFJIC03,LOTHLRTOT,19,2026,1
GLOBAL,LNDAGRFJIC03,LOTHLRTOT,19,2027,1
GLOBAL,LNDAGRFJIC03,LOTHLRTOT,19,2028,1
GLOBAL,LNDAGRFJIC03,LOTHLRTOT,19,2029,1
GLOBAL,LNDAGRFJIC03,LOTHLRTOT,19,2030,1
GLOBAL,LNDAGRFJIC03,LOTHLRTOT,19,2031,1
GLOBAL,LNDAGRFJIC03,LOTHLRTOT,19,2032,1
GLOBAL,LNDAGRFJIC03,LOTHLRTOT,19,2033,1
GLOBAL,LNDAGRFJIC03,LOTHLRTOT,19,2034,1
GLOBAL,LNDAGRFJIC03,LOTHLRTOT,19,2035,1
GLOBAL,LNDAGRFJIC03,LOTHLRTOT,19,2036,1
GLOBAL,LNDAGRFJIC03,LOTHLRTOT,19,2037,1
GLOBAL,LNDAGRFJIC03,LOTHLRTOT,19,2038,1
GLOBAL,LNDAGRFJIC03,LOTHLRTOT,19,2039,1
GLOBAL,LNDAGRFJIC03,LOTHLRTOT,19,2040,1
GLOBAL,LNDAGRFJIC03,LOTHLRTOT,19,2041,1
GLOBAL,LNDAGRFJIC03,LOTHLRTOT,19,2042,1
GLOBAL,LNDAGRFJIC03,LOTHLRTOT,19,2043,1
GLOBAL,LNDAGRFJIC03,LOTHLRTOT,19,2044,1
GLOBAL,LNDAGRFJIC03,LOTHLRTOT,19,2045,1
GLOBAL,LNDAGRFJIC03,LOTHLRTOT,19,2046,1
GLOBAL,LNDAGRFJIC03,LOTHLRTOT,19,2047,1
GLOBAL,LNDAGRFJIC03,LOTHLRTOT,19,2048,1
GLOBAL,LNDAGRFJIC03,LOTHLRTOT,19,2049,1
GLOBAL,LNDAGRFJIC03,LOTHLRTOT,19,2050,1
GLOBAL,LNDAGRFJIC03,WTRPRCFJI,19,2020,2.7
GLOBAL,LNDAGRFJIC03,WTRPRCFJI,19,2021,2.7
GLOBAL,LNDAGRFJIC03,WTRPRCFJI,19,2022,2.7
GLOBAL,LNDAGRFJIC03,WTRPRCFJI,19,2023,2.7
GLOBAL,LNDAGRFJIC03,WTRPRCFJI,19,2024,2.7
GLOBAL,LNDAGRFJIC03,WTRPRCFJI,19,2025,2.7
GLOBAL,LNDAGRFJIC03,WTRPRCFJI,19,2026,2.7
GLOBAL,LNDAGRFJIC03,WTRPRCFJI,19,2027,2.7
GLOBAL,LNDAGRFJIC03,WTRPRCFJI,19,2028,2.7
GLOBAL,LNDAGRFJIC03,WTRPRCFJI,19,2029,2.7
GLOBAL,LNDAGRFJIC03,WTRPRCFJI,19,2030,2.7
GLOBAL,LNDAGRFJIC03,WTRPRCFJI,19,2031,2.7
GLOBAL,LNDAGRFJIC03,WTRPRCFJI,19,2032,2.7
GLOBAL,LNDAGRFJIC03,WTRPRCFJI,19,2033,2.7
GLOBAL,LNDAGRFJIC03,WTRPRCFJI,19,2034,2.7
GLOBAL,LNDAGRFJIC03,WTRPRCFJI,19,2035,2.7
GLOBAL,LNDAGRFJIC03,WTRPRCFJI,19,2036,2.7
GLOBAL,LNDAGRFJIC03,WTRPRCFJI,19,2037,2.7
GLOBAL,LNDAGRFJIC03,WTRPRCFJI,19,2038,2.7
GLOBAL,LNDAGRFJIC03,WTRPRCFJI,19,2039,2.7
GLOBAL,LNDAGRFJIC03,WTRPRCFJI,19,2040,2.7
GLOBAL,LNDAGRFJIC03,WTRPRCFJI,19,2041,2.7
GLOBAL,LNDAGRFJIC03,WTRPRCFJI,19,2042,2.7
GLOBAL,LNDAGRFJIC03,WTRPRCFJI,19,2043,2.7
GLOBAL,LNDAGRFJIC03,WTRPRCFJI,19,2044,2.7
GLOBAL,LNDAGRFJIC03,WTRPRCFJI,19,2045,2.7
GLOBAL,LNDAGRFJIC03,WTRPRCFJI,19,2046,2.7
GLOBAL,LNDAGRFJIC03,WTRPRCFJI,19,2047,2.7
GLOBAL,LNDAGRFJIC03,WTRPRCFJI,19,2048,2.7
GLOBAL,LNDAGRFJIC03,WTRPRCFJI,19,2049,2.7
GLOBAL,LNDAGRFJIC03,WTRPRCFJI,19,2050,2.7
GLOBAL,LNDAGRFJIC03,AGRWATFJI,19,2022,0
GLOBAL,LNDAGRFJIC03,AGRWATFJI,19,2024,0
GLOBAL,LNDAGRFJIC03,AGRWATFJI,19,2026,0
GLOBAL,LNDAGRFJIC03,AGRWATFJI,19,2028,0
GLOBAL,LNDAGRFJIC03,AGRWATFJI,19,2030,0
GLOBAL,LNDAGRFJIC03,AGRWATFJI,19,2032,0
GLOBAL,LNDAGRFJIC03,AGRWATFJI,19,2034,0
GLOBAL,LNDAGRFJIC03,AGRWATFJI,19,2036,0
GLOBAL,LNDAGRFJIC03,AGRWATFJI,19,2038,0
GLOBAL,LNDAGRFJIC03,AGRWATFJI,19,2040,0
GLOBAL,LNDAGRFJIC03,AGRWATFJI,19,2042,0
GLOBAL,LNDAGRFJIC03,AGRWATFJI,19,2044,0
GLOBAL,LNDAGRFJIC03,AGRWATFJI,19,2046,0
GLOBAL,LNDAGRFJIC03,AGRWATFJI,19,2048,0
GLOBAL,LNDAGRFJIC03,AGRWATFJI,19,2050,0
GLOBAL,LNDAGRFJIC03,LOTHHRTOT,20,2020,1
GLOBAL,LNDAGRFJIC03,LOTHHRTOT,20,2021,1
GLOBAL,LNDAGRFJIC03,LOTHHRTOT,20,2022,1
GLOBAL,LNDAGRFJIC03,LOTHHRTOT,20,2023,1
GLOBAL,LNDAGRFJIC03,LOTHHRTOT,20,2024,1
GLOBAL,LNDAGRFJIC03,LOTHHRTOT,20,2025,1
GLOBAL,LNDAGRFJIC03,LOTHHRTOT,20,2026,1
GLOBAL,LNDAGRFJIC03,LOTHHRTOT,20,2027,1
GLOBAL,LNDAGRFJIC03,LOTHHRTOT,20,2028,1
GLOBAL,LNDAGRFJIC03,LOTHHRTOT,20,2029,1
GLOBAL,LNDAGRFJIC03,LOTHHRTOT,20,2030,1
GLOBAL,LNDAGRFJIC03,LOTHHRTOT,20,2031,1
GLOBAL,LNDAGRFJIC03,LOTHHRTOT,20,2032,1
GLOBAL,LNDAGRFJIC03,LOTHHRTOT,20,2033,1
GLOBAL,LNDAGRFJIC03,LOTHHRTOT,20,2034,1
GLOBAL,LNDAGRFJIC03,LOTHHRTOT,20,2035,1
GLOBAL,LNDAGRFJIC03,LOTHHRTOT,20,2036,1
GLOBAL,LNDAGRFJIC03,LOTHHRTOT,20,2037,1
GLOBAL,LNDAGRFJIC03,LOTHHRTOT,20,2038,1
GLOBAL,LNDAGRFJIC03,LOTHHRTOT,20,2039,1
GLOBAL,LNDAGRFJIC03,LOTHHRTOT,20,2040,1
GLOBAL,LNDAGRFJIC03,LOTHHRTOT,20,2041,1
GLOBAL,LNDAGRFJIC03,LOTHHRTOT,20,2042,1
GLOBAL,LNDAGRFJIC03,LOTHHRTOT,20,2043,1
GLOBAL,LNDAGRFJIC03,LOTHHRTOT,20,2044,1
GLOBAL,LNDAGRFJIC03,LOTHHRTOT,20,2045,1
GLOBAL,LNDAGRFJIC03,LOTHHRTOT,20,2046,1
GLOBAL,LNDAGRFJIC03,LOTHHRTOT,20,2047,1
GLOBAL,LNDAGRFJIC03,LOTHHRTOT,20,2048,1
GLOBAL,LNDAGRFJIC03,LOTHHRTOT,20,2049,1
GLOBAL,LNDAGRFJIC03,LOTHHRTOT,20,2050,1
GLOBAL,LNDAGRFJIC03,WTRPRCFJI,20,2020,2.7
GLOBAL,LNDAGRFJIC03,WTRPRCFJI,20,2021,2.7
GLOBAL,LNDAGRFJIC03,WTRPRCFJI,20,2022,2.7
GLOBAL,LNDAGRFJIC03,WTRPRCFJI,20,2023,2.7
GLOBAL,LNDAGRFJIC03,WTRPRCFJI,20,2024,2.7
GLOBAL,LNDAGRFJIC03,WTRPRCFJI,20,2025,2.7
GLOBAL,LNDAGRFJIC03,WTRPRCFJI,20,2026,2.7
GLOBAL,LNDAGRFJIC03,WTRPRCFJI,20,2027,2.7
GLOBAL,LNDAGRFJIC03,WTRPRCFJI,20,2028,2.7
GLOBAL,LNDAGRFJIC03,WTRPRCFJI,20,2029,2.7
GLOBAL,LNDAGRFJIC03,WTRPRCFJI,20,2030,2.7
GLOBAL,LNDAGRFJIC03,WTRPRCFJI,20,2031,2.7
GLOBAL,LNDAGRFJIC03,WTRPRCFJI,20,2032,2.7
GLOBAL,LNDAGRFJIC03,WTRPRCFJI,20,2033,2.7
GLOBAL,LNDAGRFJIC03,WTRPRCFJI,20,2034,2.7
GLOBAL,LNDAGRFJIC03,WTRPRCFJI,20,2035,2.7
GLOBAL,LNDAGRFJIC03,WTRPRCFJI,20,2036,2.7
GLOBAL,LNDAGRFJIC03,WTRPRCFJI,20,2037,2.7
GLOBAL,LNDAGRFJIC03,WTRPRCFJI,20,2038,2.7
GLOBAL,LNDAGRFJIC03,WTRPRCFJI,20,2039,2.7
GLOBAL,LNDAGRFJIC03,WTRPRCFJI,20,2040,2.7
GLOBAL,LNDAGRFJIC03,WTRPRCFJI,20,2041,2.7
GLOBAL,LNDAGRFJIC03,WTRPRCFJI,20,2042,2.7
GLOBAL,LNDAGRFJIC03,WTRPRCFJI,20,2043,2.7
GLOBAL,LNDAGRFJIC03,WTRPRCFJI,20,2044,2.7
GLOBAL,LNDAGRFJIC03,WTRPRCFJI,20,2045,2.7
GLOBAL,LNDAGRFJIC03,WTRPRCFJI,20,2046,2.7
GLOBAL,LNDAGRFJIC03,WTRPRCFJI,20,2047,2.7
GLOBAL,LNDAGRFJIC03,WTRPRCFJI,20,2048,2.7
GLOBAL,LNDAGRFJIC03,WTRPRCFJI,20,2049,2.7
GLOBAL,LNDAGRFJIC03,WTRPRCFJI,20,2050,2.7
GLOBAL,LNDAGRFJIC03,AGRWATFJI,20,2022,0
GLOBAL,LNDAGRFJIC03,AGRWATFJI,20,2024,0
GLOBAL,LNDAGRFJIC03,AGRWATFJI,20,2026,0
GLOBAL,LNDAGRFJIC03,AGRWATFJI,20,2028,0
GLOBAL,LNDAGRFJIC03,AGRWATFJI,20,2030,0
GLOBAL,LNDAGRFJIC03,AGRWATFJI,20,2032,0
GLOBAL,LNDAGRFJIC03,AGRWATFJI,20,2034,0
GLOBAL,LNDAGRFJIC03,AGRWATFJI,20,2036,0
GLOBAL,LNDAGRFJIC03,AGRWATFJI,20,2038,0
GLOBAL,LNDAGRFJIC03,AGRWATFJI,20,2040,0
GLOBAL,LNDAGRFJIC03,AGRWATFJI,20,2042,0
GLOBAL,LNDAGRFJIC03,AGRWATFJI,20,2044,0
GLOBAL,LNDAGRFJIC03,AGRWATFJI,20,2046,0
GLOBAL,LNDAGRFJIC03,AGRWATFJI,20,2048,0
GLOBAL,LNDAGRFJIC03,AGRWATFJI,20,2050,0
GLOBAL,LNDAGRFJIC04,LYAMLITOT,1,2020,1
GLOBAL,LNDAGRFJIC04,LYAMLITOT,1,2021,1
GLOBAL,LNDAGRFJIC04,LYAMLITOT,1,2022,1
GLOBAL,LNDAGRFJIC04,LYAMLITOT,1,2023,1
GLOBAL,LNDAGRFJIC04,LYAMLITOT,1,2024,1
GLOBAL,LNDAGRFJIC04,LYAMLITOT,1,2025,1
GLOBAL,LNDAGRFJIC04,LYAMLITOT,1,2026,1
GLOBAL,LNDAGRFJIC04,LYAMLITOT,1,2027,1
GLOBAL,LNDAGRFJIC04,LYAMLITOT,1,2028,1
GLOBAL,LNDAGRFJIC04,LYAMLITOT,1,2029,1
GLOBAL,LNDAGRFJIC04,LYAMLITOT,1,2030,1
GLOBAL,LNDAGRFJIC04,LYAMLITOT,1,2031,1
GLOBAL,LNDAGRFJIC04,LYAMLITOT,1,2032,1
GLOBAL,LNDAGRFJIC04,LYAMLITOT,1,2033,1
GLOBAL,LNDAGRFJIC04,LYAMLITOT,1,2034,1
GLOBAL,LNDAGRFJIC04,LYAMLITOT,1,2035,1
GLOBAL,LNDAGRFJIC04,LYAMLITOT,1,2036,1
GLOBAL,LNDAGRFJIC04,LYAMLITOT,1,2037,1
GLOBAL,LNDAGRFJIC04,LYAMLITOT,1,2038,1
GLOBAL,LNDAGRFJIC04,LYAMLITOT,1,2039,1
GLOBAL,LNDAGRFJIC04,LYAMLITOT,1,2040,1
GLOBAL,LNDAGRFJIC04,LYAMLITOT,1,2041,1
GLOBAL,LNDAGRFJIC04,LYAMLITOT,1,2042,1
GLOBAL,LNDAGRFJIC04,LYAMLITOT,1,2043,1
GLOBAL,LNDAGRFJIC04,LYAMLITOT,1,2044,1
GLOBAL,LNDAGRFJIC04,LYAMLITOT,1,2045,1
GLOBAL,LNDAGRFJIC04,LYAMLITOT,1,2046,1
GLOBAL,LNDAGRFJIC04,LYAMLITOT,1,2047,1
GLOBAL,LNDAGRFJIC04,LYAMLITOT,1,2048,1
GLOBAL,LNDAGRFJIC04,LYAMLITOT,1,2049,1
GLOBAL,LNDAGRFJIC04,LYAMLITOT,1,2050,1
GLOBAL,LNDAGRFJIC04,WTRPRCFJI,1,2020,2.1
GLOBAL,LNDAGRFJIC04,WTRPRCFJI,1,2021,2.1
GLOBAL,LNDAGRFJIC04,WTRPRCFJI,1,2022,2.1
GLOBAL,LNDAGRFJIC04,WTRPRCFJI,1,2023,2.1
GLOBAL,LNDAGRFJIC04,WTRPRCFJI,1,2024,2.1
GLOBAL,LNDAGRFJIC04,WTRPRCFJI,1,2025,2.1
GLOBAL,LNDAGRFJIC04,WTRPRCFJI,1,2026,2.1
GLOBAL,LNDAGRFJIC04,WTRPRCFJI,1,2027,2.1
GLOBAL,LNDAGRFJIC04,WTRPRCFJI,1,2028,2.1
GLOBAL,LNDAGRFJIC04,WTRPRCFJI,1,2029,2.1
GLOBAL,LNDAGRFJIC04,WTRPRCFJI,1,2030,2.1
GLOBAL,LNDAGRFJIC04,WTRPRCFJI,1,2031,2.1
GLOBAL,LNDAGRFJIC04,WTRPRCFJI,1,2032,2.1
GLOBAL,LNDAGRFJIC04,WTRPRCFJI,1,2033,2.1
GLOBAL,LNDAGRFJIC04,WTRPRCFJI,1,2034,2.1
GLOBAL,LNDAGRFJIC04,WTRPRCFJI,1,2035,2.1
GLOBAL,LNDAGRFJIC04,WTRPRCFJI,1,2036,2.1
GLOBAL,LNDAGRFJIC04,WTRPRCFJI,1,2037,2.1
GLOBAL,LNDAGRFJIC04,WTRPRCFJI,1,2038,2.1
GLOBAL,LNDAGRFJIC04,WTRPRCFJI,1,2039,2.1
GLOBAL,LNDAGRFJIC04,WTRPRCFJI,1,2040,2.1
GLOBAL,LNDAGRFJIC04,WTRPRCFJI,1,2041,2.1
GLOBAL,LNDAGRFJIC04,WTRPRCFJI,1,2042,2.1
GLOBAL,LNDAGRFJIC04,WTRPRCFJI,1,2043,2.1
GLOBAL,LNDAGRFJIC04,WTRPRCFJI,1,2044,2.1
GLOBAL,LNDAGRFJIC04,WTRPRCFJI,1,2045,2.1
GLOBAL,LNDAGRFJIC04,WTRPRCFJI,1,2046,2.1
GLOBAL,LNDAGRFJIC04,WTRPRCFJI,1,2047,2.1
GLOBAL,LNDAGRFJIC04,WTRPRCFJI,1,2048,2.1
GLOBAL,LNDAGRFJIC04,WTRPRCFJI,1,2049,2.1
GLOBAL,LNDAGRFJIC04,WTRPRCFJI,1,2050,2.1
GLOBAL,LNDAGRFJIC04,AGRWATFJI,1,2020,0.001
GLOBAL,LNDAGRFJIC04,AGRWATFJI,1,2021,0.001
GLOBAL,LNDAGRFJIC04,AGRWATFJI,1,2022,0.001
GLOBAL,LNDAGRFJIC04,AGRWATFJI,1,2023,0.001
GLOBAL,LNDAGRFJIC04,AGRWATFJI,1,2024,0.001
GLOBAL,LNDAGRFJIC04,AGRWATFJI,1,2025,0.001
GLOBAL,LNDAGRFJIC04,AGRWATFJI,1,2026,0.001
GLOBAL,LNDAGRFJIC04,AGRWATFJI,1,2027,0.001
GLOBAL,LNDAGRFJIC04,AGRWATFJI,1,2028,0.001
GLOBAL,LNDAGRFJIC04,AGRWATFJI,1,2029,0.001
GLOBAL,LNDAGRFJIC04,AGRWATFJI,1,2030,0.001
GLOBAL,LNDAGRFJIC04,AGRWATFJI,1,2031,0.001
GLOBAL,LNDAGRFJIC04,AGRWATFJI,1,2032,0.001
GLOBAL,LNDAGRFJIC04,AGRWATFJI,1,2033,0.001
GLOBAL,LNDAGRFJIC04,AGRWATFJI,1,2034,0.001
GLOBAL,LNDAGRFJIC04,AGRWATFJI,1,2035,0.001
GLOBAL,LNDAGRFJIC04,AGRWATFJI,1,2036,0.001
GLOBAL,LNDAGRFJIC04,AGRWATFJI,1,2037,0.001
GLOBAL,LNDAGRFJIC04,AGRWATFJI,1,2038,0.001
GLOBAL,LNDAGRFJIC04,AGRWATFJI,1,2039,0.001
GLOBAL,LNDAGRFJIC04,AGRWATFJI,1,2040,0.001
GLOBAL,LNDAGRFJIC04,AGRWATFJI,1,2041,0.001
GLOBAL,LNDAGRFJIC04,AGRWATFJI,1,2042,0.001
GLOBAL,LNDAGRFJIC04,AGRWATFJI,1,2043,0.001
GLOBAL,LNDAGRFJIC04,AGRWATFJI,1,2044,0.001
GLOBAL,LNDAGRFJIC04,AGRWATFJI,1,2045,0.001
GLOBAL,LNDAGRFJIC04,AGRWATFJI,1,2046,0.001
GLOBAL,LNDAGRFJIC04,AGRWATFJI,1,2047,0.001
GLOBAL,LNDAGRFJIC04,AGRWATFJI,1,2048,0.001
GLOBAL,LNDAGRFJIC04,AGRWATFJI,1,2049,0.001
GLOBAL,LNDAGRFJIC04,AGRWATFJI,1,2050,0.001
GLOBAL,LNDAGRFJIC04,LYAMLRTOT,2,2020,1
GLOBAL,LNDAGRFJIC04,LYAMLRTOT,2,2021,1
GLOBAL,LNDAGRFJIC04,LYAMLRTOT,2,2022,1
GLOBAL,LNDAGRFJIC04,LYAMLRTOT,2,2023,1
GLOBAL,LNDAGRFJIC04,LYAMLRTOT,2,2024,1
GLOBAL,LNDAGRFJIC04,LYAMLRTOT,2,2025,1
GLOBAL,LNDAGRFJIC04,LYAMLRTOT,2,2026,1
GLOBAL,LNDAGRFJIC04,LYAMLRTOT,2,2027,1
GLOBAL,LNDAGRFJIC04,LYAMLRTOT,2,2028,1
GLOBAL,LNDAGRFJIC04,LYAMLRTOT,2,2029,1
GLOBAL,LNDAGRFJIC04,LYAMLRTOT,2,2030,1
GLOBAL,LNDAGRFJIC04,LYAMLRTOT,2,2031,1
GLOBAL,LNDAGRFJIC04,LYAMLRTOT,2,2032,1
GLOBAL,LNDAGRFJIC04,LYAMLRTOT,2,2033,1
GLOBAL,LNDAGRFJIC04,LYAMLRTOT,2,2034,1
GLOBAL,LNDAGRFJIC04,LYAMLRTOT,2,2035,1
GLOBAL,LNDAGRFJIC04,LYAMLRTOT,2,2036,1
GLOBAL,LNDAGRFJIC04,LYAMLRTOT,2,2037,1
GLOBAL,LNDAGRFJIC04,LYAMLRTOT,2,2038,1
GLOBAL,LNDAGRFJIC04,LYAMLRTOT,2,2039,1
GLOBAL,LNDAGRFJIC04,LYAMLRTOT,2,2040,1
GLOBAL,LNDAGRFJIC04,LYAMLRTOT,2,2041,1
GLOBAL,LNDAGRFJIC04,LYAMLRTOT,2,2042,1
GLOBAL,LNDAGRFJIC04,LYAMLRTOT,2,2043,1
GLOBAL,LNDAGRFJIC04,LYAMLRTOT,2,2044,1
GLOBAL,LNDAGRFJIC04,LYAMLRTOT,2,2045,1
GLOBAL,LNDAGRFJIC04,LYAMLRTOT,2,2046,1
GLOBAL,LNDAGRFJIC04,LYAMLRTOT,2,2047,1
GLOBAL,LNDAGRFJIC04,LYAMLRTOT,2,2048,1
GLOBAL,LNDAGRFJIC04,LYAMLRTOT,2,2049,1
GLOBAL,LNDAGRFJIC04,LYAMLRTOT,2,2050,1
GLOBAL,LNDAGRFJIC04,WTRPRCFJI,2,2020,2.1
GLOBAL,LNDAGRFJIC04,WTRPRCFJI,2,2021,2.1
GLOBAL,LNDAGRFJIC04,WTRPRCFJI,2,2022,2.1
GLOBAL,LNDAGRFJIC04,WTRPRCFJI,2,2023,2.1
GLOBAL,LNDAGRFJIC04,WTRPRCFJI,2,2024,2.1
GLOBAL,LNDAGRFJIC04,WTRPRCFJI,2,2025,2.1
GLOBAL,LNDAGRFJIC04,WTRPRCFJI,2,2026,2.1
GLOBAL,LNDAGRFJIC04,WTRPRCFJI,2,2027,2.1
GLOBAL,LNDAGRFJIC04,WTRPRCFJI,2,2028,2.1
GLOBAL,LNDAGRFJIC04,WTRPRCFJI,2,2029,2.1
GLOBAL,LNDAGRFJIC04,WTRPRCFJI,2,2030,2.1
GLOBAL,LNDAGRFJIC04,WTRPRCFJI,2,2031,2.1
GLOBAL,LNDAGRFJIC04,WTRPRCFJI,2,2032,2.1
GLOBAL,LNDAGRFJIC04,WTRPRCFJI,2,2033,2.1
GLOBAL,LNDAGRFJIC04,WTRPRCFJI,2,2034,2.1
GLOBAL,LNDAGRFJIC04,WTRPRCFJI,2,2035,2.1
GLOBAL,LNDAGRFJIC04,WTRPRCFJI,2,2036,2.1
GLOBAL,LNDAGRFJIC04,WTRPRCFJI,2,2037,2.1
GLOBAL,LNDAGRFJIC04,WTRPRCFJI,2,2038,2.1
GLOBAL,LNDAGRFJIC04,WTRPRCFJI,2,2039,2.1
GLOBAL,LNDAGRFJIC04,WTRPRCFJI,2,2040,2.1
GLOBAL,LNDAGRFJIC04,WTRPRCFJI,2,2041,2.1
GLOBAL,LNDAGRFJIC04,WTRPRCFJI,2,2042,2.1
GLOBAL,LNDAGRFJIC04,WTRPRCFJI,2,2043,2.1
GLOBAL,LNDAGRFJIC04,WTRPRCFJI,2,2044,2.1
GLOBAL,LNDAGRFJIC04,WTRPRCFJI,2,2045,2.1
GLOBAL,LNDAGRFJIC04,WTRPRCFJI,2,2046,2.1
GLOBAL,LNDAGRFJIC04,WTRPRCFJI,2,2047,2.1
GLOBAL,LNDAGRFJIC04,WTRPRCFJI,2,2048,2.1
GLOBAL,LNDAGRFJIC04,WTRPRCFJI,2,2049,2.1
GLOBAL,LNDAGRFJIC04,WTRPRCFJI,2,2050,2.1
GLOBAL,LNDAGRFJIC04,AGRWATFJI,2,2022,0
GLOBAL,LNDAGRFJIC04,AGRWATFJI,2,2024,0
GLOBAL,LNDAGRFJIC04,AGRWATFJI,2,2026,0
GLOBAL,LNDAGRFJIC04,AGRWATFJI,2,2028,0
GLOBAL,LNDAGRFJIC04,AGRWATFJI,2,2030,0
GLOBAL,LNDAGRFJIC04,AGRWATFJI,2,2032,0
GLOBAL,LNDAGRFJIC04,AGRWATFJI,2,2034,0
GLOBAL,LNDAGRFJIC04,AGRWATFJI,2,2036,0
GLOBAL,LNDAGRFJIC04,AGRWATFJI,2,2038,0
GLOBAL,LNDAGRFJIC04,AGRWATFJI,2,2040,0
GLOBAL,LNDAGRFJIC04,AGRWATFJI,2,2042,0
GLOBAL,LNDAGRFJIC04,AGRWATFJI,2,2044,0
GLOBAL,LNDAGRFJIC04,AGRWATFJI,2,2046,0
GLOBAL,LNDAGRFJIC04,AGRWATFJI,2,2048,0
GLOBAL,LNDAGRFJIC04,AGRWATFJI,2,2050,0
GLOBAL,LNDAGRFJIC04,LCONLRTOT,3,2020,1
GLOBAL,LNDAGRFJIC04,LCONLRTOT,3,2021,1
GLOBAL,LNDAGRFJIC04,LCONLRTOT,3,2022,1
GLOBAL,LNDAGRFJIC04,LCONLRTOT,3,2023,1
GLOBAL,LNDAGRFJIC04,LCONLRTOT,3,2024,1
GLOBAL,LNDAGRFJIC04,LCONLRTOT,3,2025,1
GLOBAL,LNDAGRFJIC04,LCONLRTOT,3,2026,1
GLOBAL,LNDAGRFJIC04,LCONLRTOT,3,2027,1
GLOBAL,LNDAGRFJIC04,LCONLRTOT,3,2028,1
GLOBAL,LNDAGRFJIC04,LCONLRTOT,3,2029,1
GLOBAL,LNDAGRFJIC04,LCONLRTOT,3,2030,1
GLOBAL,LNDAGRFJIC04,LCONLRTOT,3,2031,1
GLOBAL,LNDAGRFJIC04,LCONLRTOT,3,2032,1
GLOBAL,LNDAGRFJIC04,LCONLRTOT,3,2033,1
GLOBAL,LNDAGRFJIC04,LCONLRTOT,3,2034,1
GLOBAL,LNDAGRFJIC04,LCONLRTOT,3,2035,1
GLOBAL,LNDAGRFJIC04,LCONLRTOT,3,2036,1
GLOBAL,LNDAGRFJIC04,LCONLRTOT,3,2037,1
GLOBAL,LNDAGRFJIC04,LCONLRTOT,3,2038,1
GLOBAL,LNDAGRFJIC04,LCONLRTOT,3,2039,1
GLOBAL,LNDAGRFJIC04,LCONLRTOT,3,2040,1
GLOBAL,LNDAGRFJIC04,LCONLRTOT,3,2041,1
GLOBAL,LNDAGRFJIC04,LCONLRTOT,3,2042,1
GLOBAL,LNDAGRFJIC04,LCONLRTOT,3,2043,1
GLOBAL,LNDAGRFJIC04,LCONLRTOT,3,2044,1
GLOBAL,LNDAGRFJIC04,LCONLRTOT,3,2045,1
GLOBAL,LNDAGRFJIC04,LCONLRTOT,3,2046,1
GLOBAL,LNDAGRFJIC04,LCONLRTOT,3,2047,1
GLOBAL,LNDAGRFJIC04,LCONLRTOT,3,2048,1
GLOBAL,LNDAGRFJIC04,LCONLRTOT,3,2049,1
GLOBAL,LNDAGRFJIC04,LCONLRTOT,3,2050,1
GLOBAL,LNDAGRFJIC04,WTRPRCFJI,3,2020,2.1
GLOBAL,LNDAGRFJIC04,WTRPRCFJI,3,2021,2.1
GLOBAL,LNDAGRFJIC04,WTRPRCFJI,3,2022,2.1
GLOBAL,LNDAGRFJIC04,WTRPRCFJI,3,2023,2.1
GLOBAL,LNDAGRFJIC04,WTRPRCFJI,3,2024,2.1
GLOBAL,LNDAGRFJIC04,WTRPRCFJI,3,2025,2.1
GLOBAL,LNDAGRFJIC04,WTRPRCFJI,3,2026,2.1
GLOBAL,LNDAGRFJIC04,WTRPRCFJI,3,2027,2.1
GLOBAL,LNDAGRFJIC04,WTRPRCFJI,3,2028,2.1
GLOBAL,LNDAGRFJIC04,WTRPRCFJI,3,2029,2.1
GLOBAL,LNDAGRFJIC04,WTRPRCFJI,3,2030,2.1
GLOBAL,LNDAGRFJIC04,WTRPRCFJI,3,2031,2.1
GLOBAL,LNDAGRFJIC04,WTRPRCFJI,3,2032,2.1
GLOBAL,LNDAGRFJIC04,WTRPRCFJI,3,2033,2.1
GLOBAL,LNDAGRFJIC04,WTRPRCFJI,3,2034,2.1
GLOBAL,LNDAGRFJIC04,WTRPRCFJI,3,2035,2.1
GLOBAL,LNDAGRFJIC04,WTRPRCFJI,3,2036,2.1
GLOBAL,LNDAGRFJIC04,WTRPRCFJI,3,2037,2.1
GLOBAL,LNDAGRFJIC04,WTRPRCFJI,3,2038,2.1
GLOBAL,LNDAGRFJIC04,WTRPRCFJI,3,2039,2.1
GLOBAL,LNDAGRFJIC04,WTRPRCFJI,3,2040,2.1
GLOBAL,LNDAGRFJIC04,WTRPRCFJI,3,2041,2.1
GLOBAL,LNDAGRFJIC04,WTRPRCFJI,3,2042,2.1
GLOBAL,LNDAGRFJIC04,WTRPRCFJI,3,2043,2.1
GLOBAL,LNDAGRFJIC04,WTRPRCFJI,3,2044,2.1
GLOBAL,LNDAGRFJIC04,WTRPRCFJI,3,2045,2.1
GLOBAL,LNDAGRFJIC04,WTRPRCFJI,3,2046,2.1
GLOBAL,LNDAGRFJIC04,WTRPRCFJI,3,2047,2.1
GLOBAL,LNDAGRFJIC04,WTRPRCFJI,3,2048,2.1
GLOBAL,LNDAGRFJIC04,WTRPRCFJI,3,2049,2.1
GLOBAL,LNDAGRFJIC04,WTRPRCFJI,3,2050,2.1
GLOBAL,LNDAGRFJIC04,AGRWATFJI,3,2022,0
GLOBAL,LNDAGRFJIC04,AGRWATFJI,3,2024,0
GLOBAL,LNDAGRFJIC04,AGRWATFJI,3,2026,0
GLOBAL,LNDAGRFJIC04,AGRWATFJI,3,2028,0
GLOBAL,LNDAGRFJIC04,AGRWATFJI,3,2030,0
GLOBAL,LNDAGRFJIC04,AGRWATFJI,3,2032,0
GLOBAL,LNDAGRFJIC04,AGRWATFJI,3,2034,0
GLOBAL,LNDAGRFJIC04,AGRWATFJI,3,2036,0
GLOBAL,LNDAGRFJIC04,AGRWATFJI,3,2038,0
GLOBAL,LNDAGRFJIC04,AGRWATFJI,3,2040,0
GLOBAL,LNDAGRFJIC04,AGRWATFJI,3,2042,0
GLOBAL,LNDAGRFJIC04,AGRWATFJI,3,2044,0
GLOBAL,LNDAGRFJIC04,AGRWATFJI,3,2046,0
GLOBAL,LNDAGRFJIC04,AGRWATFJI,3,2048,0
GLOBAL,LNDAGRFJIC04,AGRWATFJI,3,2050,0
GLOBAL,LNDAGRFJIC04,LCASHITOT,4,2020,1
GLOBAL,LNDAGRFJIC04,LCASHITOT,4,2021,1
GLOBAL,LNDAGRFJIC04,LCASHITOT,4,2022,1
GLOBAL,LNDAGRFJIC04,LCASHITOT,4,2023,1
GLOBAL,LNDAGRFJIC04,LCASHITOT,4,2024,1
GLOBAL,LNDAGRFJIC04,LCASHITOT,4,2025,1
GLOBAL,LNDAGRFJIC04,LCASHITOT,4,2026,1
GLOBAL,LNDAGRFJIC04,LCASHITOT,4,2027,1
GLOBAL,LNDAGRFJIC04,LCASHITOT,4,2028,1
GLOBAL,LNDAGRFJIC04,LCASHITOT,4,2029,1
GLOBAL,LNDAGRFJIC04,LCASHITOT,4,2030,1
GLOBAL,LNDAGRFJIC04,LCASHITOT,4,2031,1
GLOBAL,LNDAGRFJIC04,LCASHITOT,4,2032,1
GLOBAL,LNDAGRFJIC04,LCASHITOT,4,2033,1
GLOBAL,LNDAGRFJIC04,LCASHITOT,4,2034,1
GLOBAL,LNDAGRFJIC04,LCASHITOT,4,2035,1
GLOBAL,LNDAGRFJIC04,LCASHITOT,4,2036,1
GLOBAL,LNDAGRFJIC04,LCASHITOT,4,2037,1
GLOBAL,LNDAGRFJIC04,LCASHITOT,4,2038,1
GLOBAL,LNDAGRFJIC04,LCASHITOT,4,2039,1
GLOBAL,LNDAGRFJIC04,LCASHITOT,4,2040,1
GLOBAL,LNDAGRFJIC04,LCASHITOT,4,2041,1
GLOBAL,LNDAGRFJIC04,LCASHITOT,4,2042,1
GLOBAL,LNDAGRFJIC04,LCASHITOT,4,2043,1
GLOBAL,LNDAGRFJIC04,LCASHITOT,4,2044,1
GLOBAL,LNDAGRFJIC04,LCASHITOT,4,2045,1
GLOBAL,LNDAGRFJIC04,LCASHITOT,4,2046,1
GLOBAL,LNDAGRFJIC04,LCASHITOT,4,2047,1
GLOBAL,LNDAGRFJIC04,LCASHITOT,4,2048,1
GLOBAL,LNDAGRFJIC04,LCASHITOT,4,2049,1
GLOBAL,LNDAGRFJIC04,LCASHITOT,4,2050,1
GLOBAL,LNDAGRFJIC04,WTRPRCFJI,4,2020,2.1
GLOBAL,LNDAGRFJIC04,WTRPRCFJI,4,2021,2.1
GLOBAL,LNDAGRFJIC04,WTRPRCFJI,4,2022,2.1
GLOBAL,LNDAGRFJIC04,WTRPRCFJI,4,2023,2.1
GLOBAL,LNDAGRFJIC04,WTRPRCFJI,4,2024,2.1
GLOBAL,LNDAGRFJIC04,WTRPRCFJI,4,2025,2.1
GLOBAL,LNDAGRFJIC04,WTRPRCFJI,4,2026,2.1
GLOBAL,LNDAGRFJIC04,WTRPRCFJI,4,2027,2.1
GLOBAL,LNDAGRFJIC04,WTRPRCFJI,4,2028,2.1
GLOBAL,LNDAGRFJIC04,WTRPRCFJI,4,2029,2.1
GLOBAL,LNDAGRFJIC04,WTRPRCFJI,4,2030,2.1
GLOBAL,LNDAGRFJIC04,WTRPRCFJI,4,2031,2.1
GLOBAL,LNDAGRFJIC04,WTRPRCFJI,4,2032,2.1
GLOBAL,LNDAGRFJIC04,WTRPRCFJI,4,2033,2.1
GLOBAL,LNDAGRFJIC04,WTRPRCFJI,4,2034,2.1
GLOBAL,LNDAGRFJIC04,WTRPRCFJI,4,2035,2.1
GLOBAL,LNDAGRFJIC04,WTRPRCFJI,4,2036,2.1
GLOBAL,LNDAGRFJIC04,WTRPRCFJI,4,2037,2.1
GLOBAL,LNDAGRFJIC04,WTRPRCFJI,4,2038,2.1
GLOBAL,LNDAGRFJIC04,WTRPRCFJI,4,2039,2.1
GLOBAL,LNDAGRFJIC04,WTRPRCFJI,4,2040,2.1
GLOBAL,LNDAGRFJIC04,WTRPRCFJI,4,2041,2.1
GLOBAL,LNDAGRFJIC04,WTRPRCFJI,4,2042,2.1
GLOBAL,LNDAGRFJIC04,WTRPRCFJI,4,2043,2.1
GLOBAL,LNDAGRFJIC04,WTRPRCFJI,4,2044,2.1
GLOBAL,LNDAGRFJIC04,WTRPRCFJI,4,2045,2.1
GLOBAL,LNDAGRFJIC04,WTRPRCFJI,4,2046,2.1
GLOBAL,LNDAGRFJIC04,WTRPRCFJI,4,2047,2.1
GLOBAL,LNDAGRFJIC04,WTRPRCFJI,4,2048,2.1
GLOBAL,LNDAGRFJIC04,WTRPRCFJI,4,2049,2.1
GLOBAL,LNDAGRFJIC04,WTRPRCFJI,4,2050,2.1
GLOBAL,LNDAGRFJIC04,AGRWATFJI,4,2020,0.001
GLOBAL,LNDAGRFJIC04,AGRWATFJI,4,2021,0.001
GLOBAL,LNDAGRFJIC04,AGRWATFJI,4,2022,0.001
GLOBAL,LNDAGRFJIC04,AGRWATFJI,4,2023,0.001
GLOBAL,LNDAGRFJIC04,AGRWATFJI,4,2024,0.001
GLOBAL,LNDAGRFJIC04,AGRWATFJI,4,2025,0.001
GLOBAL,LNDAGRFJIC04,AGRWATFJI,4,2026,0.001
GLOBAL,LNDAGRFJIC04,AGRWATFJI,4,2027,0.001
GLOBAL,LNDAGRFJIC04,AGRWATFJI,4,2028,0.001
GLOBAL,LNDAGRFJIC04,AGRWATFJI,4,2029,0.001
GLOBAL,LNDAGRFJIC04,AGRWATFJI,4,2030,0.001
GLOBAL,LNDAGRFJIC04,AGRWATFJI,4,2031,0.001
GLOBAL,LNDAGRFJIC04,AGRWATFJI,4,2032,0.001
GLOBAL,LNDAGRFJIC04,AGRWATFJI,4,2033,0.001
GLOBAL,LNDAGRFJIC04,AGRWATFJI,4,2034,0.001
GLOBAL,LNDAGRFJIC04,AGRWATFJI,4,2035,0.001
GLOBAL,LNDAGRFJIC04,AGRWATFJI,4,2036,0.001
GLOBAL,LNDAGRFJIC04,AGRWATFJI,4,2037,0.001
GLOBAL,LNDAGRFJIC04,AGRWATFJI,4,2038,0.001
GLOBAL,LNDAGRFJIC04,AGRWATFJI,4,2039,0.001
GLOBAL,LNDAGRFJIC04,AGRWATFJI,4,2040,0.001
GLOBAL,LNDAGRFJIC04,AGRWATFJI,4,2041,0.001
GLOBAL,LNDAGRFJIC04,AGRWATFJI,4,2042,0.001
GLOBAL,LNDAGRFJIC04,AGRWATFJI,4,2043,0.001
GLOBAL,LNDAGRFJIC04,AGRWATFJI,4,2044,0.001
GLOBAL,LNDAGRFJIC04,AGRWATFJI,4,2045,0.001
GLOBAL,LNDAGRFJIC04,AGRWATFJI,4,2046,0.001
GLOBAL,LNDAGRFJIC04,AGRWATFJI,4,2047,0.001
GLOBAL,LNDAGRFJIC04,AGRWATFJI,4,2048,0.001
GLOBAL,LNDAGRFJIC04,AGRWATFJI,4,2049,0.001
GLOBAL,LNDAGRFJIC04,AGRWATFJI,4,2050,0.001
GLOBAL,LNDAGRFJIC04,LCASLRTOT,5,2020,1
GLOBAL,LNDAGRFJIC04,LCASLRTOT,5,2021,1
GLOBAL,LNDAGRFJIC04,LCASLRTOT,5,2022,1
GLOBAL,LNDAGRFJIC04,LCASLRTOT,5,2023,1
GLOBAL,LNDAGRFJIC04,LCASLRTOT,5,2024,1
GLOBAL,LNDAGRFJIC04,LCASLRTOT,5,2025,1
GLOBAL,LNDAGRFJIC04,LCASLRTOT,5,2026,1
GLOBAL,LNDAGRFJIC04,LCASLRTOT,5,2027,1
GLOBAL,LNDAGRFJIC04,LCASLRTOT,5,2028,1
GLOBAL,LNDAGRFJIC04,LCASLRTOT,5,2029,1
GLOBAL,LNDAGRFJIC04,LCASLRTOT,5,2030,1
GLOBAL,LNDAGRFJIC04,LCASLRTOT,5,2031,1
GLOBAL,LNDAGRFJIC04,LCASLRTOT,5,2032,1
GLOBAL,LNDAGRFJIC04,LCASLRTOT,5,2033,1
GLOBAL,LNDAGRFJIC04,LCASLRTOT,5,2034,1
GLOBAL,LNDAGRFJIC04,LCASLRTOT,5,2035,1
GLOBAL,LNDAGRFJIC04,LCASLRTOT,5,2036,1
GLOBAL,LNDAGRFJIC04,LCASLRTOT,5,2037,1
GLOBAL,LNDAGRFJIC04,LCASLRTOT,5,2038,1
GLOBAL,LNDAGRFJIC04,LCASLRTOT,5,2039,1
GLOBAL,LNDAGRFJIC04,LCASLRTOT,5,2040,1
GLOBAL,LNDAGRFJIC04,LCASLRTOT,5,2041,1
GLOBAL,LNDAGRFJIC04,LCASLRTOT,5,2042,1
GLOBAL,LNDAGRFJIC04,LCASLRTOT,5,2043,1
GLOBAL,LNDAGRFJIC04,LCASLRTOT,5,2044,1
GLOBAL,LNDAGRFJIC04,LCASLRTOT,5,2045,1
GLOBAL,LNDAGRFJIC04,LCASLRTOT,5,2046,1
GLOBAL,LNDAGRFJIC04,LCASLRTOT,5,2047,1
GLOBAL,LNDAGRFJIC04,LCASLRTOT,5,2048,1
GLOBAL,LNDAGRFJIC04,LCASLRTOT,5,2049,1
GLOBAL,LNDAGRFJIC04,LCASLRTOT,5,2050,1
GLOBAL,LNDAGRFJIC04,WTRPRCFJI,5,2020,2.1
GLOBAL,LNDAGRFJIC04,WTRPRCFJI,5,2021,2.1
GLOBAL,LNDAGRFJIC04,WTRPRCFJI,5,2022,2.1
GLOBAL,LNDAGRFJIC04,WTRPRCFJI,5,2023,2.1
GLOBAL,LNDAGRFJIC04,WTRPRCFJI,5,2024,2.1
GLOBAL,LNDAGRFJIC04,WTRPRCFJI,5,2025,2.1
GLOBAL,LNDAGRFJIC04,WTRPRCFJI,5,2026,2.1
GLOBAL,LNDAGRFJIC04,WTRPRCFJI,5,2027,2.1
GLOBAL,LNDAGRFJIC04,WTRPRCFJI,5,2028,2.1
GLOBAL,LNDAGRFJIC04,WTRPRCFJI,5,2029,2.1
GLOBAL,LNDAGRFJIC04,WTRPRCFJI,5,2030,2.1
GLOBAL,LNDAGRFJIC04,WTRPRCFJI,5,2031,2.1
GLOBAL,LNDAGRFJIC04,WTRPRCFJI,5,2032,2.1
GLOBAL,LNDAGRFJIC04,WTRPRCFJI,5,2033,2.1
GLOBAL,LNDAGRFJIC04,WTRPRCFJI,5,2034,2.1
GLOBAL,LNDAGRFJIC04,WTRPRCFJI,5,2035,2.1
GLOBAL,LNDAGRFJIC04,WTRPRCFJI,5,2036,2.1
GLOBAL,LNDAGRFJIC04,WTRPRCFJI,5,2037,2.1
GLOBAL,LNDAGRFJIC04,WTRPRCFJI,5,2038,2.1
GLOBAL,LNDAGRFJIC04,WTRPRCFJI,5,2039,2.1
GLOBAL,LNDAGRFJIC04,WTRPRCFJI,5,2040,2.1
GLOBAL,LNDAGRFJIC04,WTRPRCFJI,5,2041,2.1
GLOBAL,LNDAGRFJIC04,WTRPRCFJI,5,2042,2.1
GLOBAL,LNDAGRFJIC04,WTRPRCFJI,5,2043,2.1
GLOBAL,LNDAGRFJIC04,WTRPRCFJI,5,2044,2.1
GLOBAL,LNDAGRFJIC04,WTRPRCFJI,5,2045,2.1
GLOBAL,LNDAGRFJIC04,WTRPRCFJI,5,2046,2.1
GLOBAL,LNDAGRFJIC04,WTRPRCFJI,5,2047,2.1
GLOBAL,LNDAGRFJIC04,WTRPRCFJI,5,2048,2.1
GLOBAL,LNDAGRFJIC04,WTRPRCFJI,5,2049,2.1
GLOBAL,LNDAGRFJIC04,WTRPRCFJI,5,2050,2.1
GLOBAL,LNDAGRFJIC04,AGRWATFJI,5,2022,0
GLOBAL,LNDAGRFJIC04,AGRWATFJI,5,2024,0
GLOBAL,LNDAGRFJIC04,AGRWATFJI,5,2026,0
GLOBAL,LNDAGRFJIC04,AGRWATFJI,5,2028,0
GLOBAL,LNDAGRFJIC04,AGRWATFJI,5,2030,0
GLOBAL,LNDAGRFJIC04,AGRWATFJI,5,2032,0
GLOBAL,LNDAGRFJIC04,AGRWATFJI,5,2034,0
GLOBAL,LNDAGRFJIC04,AGRWATFJI,5,2036,0
GLOBAL,LNDAGRFJIC04,AGRWATFJI,5,2038,0
GLOBAL,LNDAGRFJIC04,AGRWATFJI,5,2040,0
GLOBAL,LNDAGRFJIC04,AGRWATFJI,5,2042,0
GLOBAL,LNDAGRFJIC04,AGRWATFJI,5,2044,0
GLOBAL,LNDAGRFJIC04,AGRWATFJI,5,2046,0
GLOBAL,LNDAGRFJIC04,AGRWATFJI,5,2048,0
GLOBAL,LNDAGRFJIC04,AGRWATFJI,5,2050,0
GLOBAL,LNDAGRFJIC04,LSGCHITOT,6,2020,1
GLOBAL,LNDAGRFJIC04,LSGCHITOT,6,2021,1
GLOBAL,LNDAGRFJIC04,LSGCHITOT,6,2022,1
GLOBAL,LNDAGRFJIC04,LSGCHITOT,6,2023,1
GLOBAL,LNDAGRFJIC04,LSGCHITOT,6,2024,1
GLOBAL,LNDAGRFJIC04,LSGCHITOT,6,2025,1
GLOBAL,LNDAGRFJIC04,LSGCHITOT,6,2026,1
GLOBAL,LNDAGRFJIC04,LSGCHITOT,6,2027,1
GLOBAL,LNDAGRFJIC04,LSGCHITOT,6,2028,1
GLOBAL,LNDAGRFJIC04,LSGCHITOT,6,2029,1
GLOBAL,LNDAGRFJIC04,LSGCHITOT,6,2030,1
GLOBAL,LNDAGRFJIC04,LSGCHITOT,6,2031,1
GLOBAL,LNDAGRFJIC04,LSGCHITOT,6,2032,1
GLOBAL,LNDAGRFJIC04,LSGCHITOT,6,2033,1
GLOBAL,LNDAGRFJIC04,LSGCHITOT,6,2034,1
GLOBAL,LNDAGRFJIC04,LSGCHITOT,6,2035,1
GLOBAL,LNDAGRFJIC04,LSGCHITOT,6,2036,1
GLOBAL,LNDAGRFJIC04,LSGCHITOT,6,2037,1
GLOBAL,LNDAGRFJIC04,LSGCHITOT,6,2038,1
GLOBAL,LNDAGRFJIC04,LSGCHITOT,6,2039,1
GLOBAL,LNDAGRFJIC04,LSGCHITOT,6,2040,1
GLOBAL,LNDAGRFJIC04,LSGCHITOT,6,2041,1
GLOBAL,LNDAGRFJIC04,LSGCHITOT,6,2042,1
GLOBAL,LNDAGRFJIC04,LSGCHITOT,6,2043,1
GLOBAL,LNDAGRFJIC04,LSGCHITOT,6,2044,1
GLOBAL,LNDAGRFJIC04,LSGCHITOT,6,2045,1
GLOBAL,LNDAGRFJIC04,LSGCHITOT,6,2046,1
GLOBAL,LNDAGRFJIC04,LSGCHITOT,6,2047,1
GLOBAL,LNDAGRFJIC04,LSGCHITOT,6,2048,1
GLOBAL,LNDAGRFJIC04,LSGCHITOT,6,2049,1
GLOBAL,LNDAGRFJIC04,LSGCHITOT,6,2050,1
GLOBAL,LNDAGRFJIC04,WTRPRCFJI,6,2020,2.1
GLOBAL,LNDAGRFJIC04,WTRPRCFJI,6,2021,2.1
GLOBAL,LNDAGRFJIC04,WTRPRCFJI,6,2022,2.1
GLOBAL,LNDAGRFJIC04,WTRPRCFJI,6,2023,2.1
GLOBAL,LNDAGRFJIC04,WTRPRCFJI,6,2024,2.1
GLOBAL,LNDAGRFJIC04,WTRPRCFJI,6,2025,2.1
GLOBAL,LNDAGRFJIC04,WTRPRCFJI,6,2026,2.1
GLOBAL,LNDAGRFJIC04,WTRPRCFJI,6,2027,2.1
GLOBAL,LNDAGRFJIC04,WTRPRCFJI,6,2028,2.1
GLOBAL,LNDAGRFJIC04,WTRPRCFJI,6,2029,2.1
GLOBAL,LNDAGRFJIC04,WTRPRCFJI,6,2030,2.1
GLOBAL,LNDAGRFJIC04,WTRPRCFJI,6,2031,2.1
GLOBAL,LNDAGRFJIC04,WTRPRCFJI,6,2032,2.1
GLOBAL,LNDAGRFJIC04,WTRPRCFJI,6,2033,2.1
GLOBAL,LNDAGRFJIC04,WTRPRCFJI,6,2034,2.1
GLOBAL,LNDAGRFJIC04,WTRPRCFJI,6,2035,2.1
GLOBAL,LNDAGRFJIC04,WTRPRCFJI,6,2036,2.1
GLOBAL,LNDAGRFJIC04,WTRPRCFJI,6,2037,2.1
GLOBAL,LNDAGRFJIC04,WTRPRCFJI,6,2038,2.1
GLOBAL,LNDAGRFJIC04,WTRPRCFJI,6,2039,2.1
GLOBAL,LNDAGRFJIC04,WTRPRCFJI,6,2040,2.1
GLOBAL,LNDAGRFJIC04,WTRPRCFJI,6,2041,2.1
GLOBAL,LNDAGRFJIC04,WTRPRCFJI,6,2042,2.1
GLOBAL,LNDAGRFJIC04,WTRPRCFJI,6,2043,2.1
GLOBAL,LNDAGRFJIC04,WTRPRCFJI,6,2044,2.1
GLOBAL,LNDAGRFJIC04,WTRPRCFJI,6,2045,2.1
GLOBAL,LNDAGRFJIC04,WTRPRCFJI,6,2046,2.1
GLOBAL,LNDAGRFJIC04,WTRPRCFJI,6,2047,2.1
GLOBAL,LNDAGRFJIC04,WTRPRCFJI,6,2048,2.1
GLOBAL,LNDAGRFJIC04,WTRPRCFJI,6,2049,2.1
GLOBAL,LNDAGRFJIC04,WTRPRCFJI,6,2050,2.1
GLOBAL,LNDAGRFJIC04,AGRWATFJI,6,2020,0.064
GLOBAL,LNDAGRFJIC04,AGRWATFJI,6,2021,0.064
GLOBAL,LNDAGRFJIC04,AGRWATFJI,6,2022,0.064
GLOBAL,LNDAGRFJIC04,AGRWATFJI,6,2023,0.064
GLOBAL,LNDAGRFJIC04,AGRWATFJI,6,2024,0.064
GLOBAL,LNDAGRFJIC04,AGRWATFJI,6,2025,0.064
GLOBAL,LNDAGRFJIC04,AGRWATFJI,6,2026,0.064
GLOBAL,LNDAGRFJIC04,AGRWATFJI,6,2027,0.064
GLOBAL,LNDAGRFJIC04,AGRWATFJI,6,2028,0.064
GLOBAL,LNDAGRFJIC04,AGRWATFJI,6,2029,0.064
GLOBAL,LNDAGRFJIC04,AGRWATFJI,6,2030,0.064
GLOBAL,LNDAGRFJIC04,AGRWATFJI,6,2031,0.064
GLOBAL,LNDAGRFJIC04,AGRWATFJI,6,2032,0.064
GLOBAL,LNDAGRFJIC04,AGRWATFJI,6,2033,0.064
GLOBAL,LNDAGRFJIC04,AGRWATFJI,6,2034,0.064
GLOBAL,LNDAGRFJIC04,AGRWATFJI,6,2035,0.064
GLOBAL,LNDAGRFJIC04,AGRWATFJI,6,2036,0.064
GLOBAL,LNDAGRFJIC04,AGRWATFJI,6,2037,0.064
GLOBAL,LNDAGRFJIC04,AGRWATFJI,6,2038,0.064
GLOBAL,LNDAGRFJIC04,AGRWATFJI,6,2039,0.064
GLOBAL,LNDAGRFJIC04,AGRWATFJI,6,2040,0.064
GLOBAL,LNDAGRFJIC04,AGRWATFJI,6,2041,0.064
GLOBAL,LNDAGRFJIC04,AGRWATFJI,6,2042,0.064
GLOBAL,LNDAGRFJIC04,AGRWATFJI,6,2043,0.064
GLOBAL,LNDAGRFJIC04,AGRWATFJI,6,2044,0.064
GLOBAL,LNDAGRFJIC04,AGRWATFJI,6,2045,0.064
GLOBAL,LNDAGRFJIC04,AGRWATFJI,6,2046,0.064
GLOBAL,LNDAGRFJIC04,AGRWATFJI,6,2047,0.064
GLOBAL,LNDAGRFJIC04,AGRWATFJI,6,2048,0.064
GLOBAL,LNDAGRFJIC04,AGRWATFJI,6,2049,0.064
GLOBAL,LNDAGRFJIC04,AGRWATFJI,6,2050,0.064
GLOBAL,LNDAGRFJIC04,LSGCLITOT,7,2020,1
GLOBAL,LNDAGRFJIC04,LSGCLITOT,7,2021,1
GLOBAL,LNDAGRFJIC04,LSGCLITOT,7,2022,1
GLOBAL,LNDAGRFJIC04,LSGCLITOT,7,2023,1
GLOBAL,LNDAGRFJIC04,LSGCLITOT,7,2024,1
GLOBAL,LNDAGRFJIC04,LSGCLITOT,7,2025,1
GLOBAL,LNDAGRFJIC04,LSGCLITOT,7,2026,1
GLOBAL,LNDAGRFJIC04,LSGCLITOT,7,2027,1
GLOBAL,LNDAGRFJIC04,LSGCLITOT,7,2028,1
GLOBAL,LNDAGRFJIC04,LSGCLITOT,7,2029,1
GLOBAL,LNDAGRFJIC04,LSGCLITOT,7,2030,1
GLOBAL,LNDAGRFJIC04,LSGCLITOT,7,2031,1
GLOBAL,LNDAGRFJIC04,LSGCLITOT,7,2032,1
GLOBAL,LNDAGRFJIC04,LSGCLITOT,7,2033,1
GLOBAL,LNDAGRFJIC04,LSGCLITOT,7,2034,1
GLOBAL,LNDAGRFJIC04,LSGCLITOT,7,2035,1
GLOBAL,LNDAGRFJIC04,LSGCLITOT,7,2036,1
GLOBAL,LNDAGRFJIC04,LSGCLITOT,7,2037,1
GLOBAL,LNDAGRFJIC04,LSGCLITOT,7,2038,1
GLOBAL,LNDAGRFJIC04,LSGCLITOT,7,2039,1
GLOBAL,LNDAGRFJIC04,LSGCLITOT,7,2040,1
GLOBAL,LNDAGRFJIC04,LSGCLITOT,7,2041,1
GLOBAL,LNDAGRFJIC04,LSGCLITOT,7,2042,1
GLOBAL,LNDAGRFJIC04,LSGCLITOT,7,2043,1
GLOBAL,LNDAGRFJIC04,LSGCLITOT,7,2044,1
GLOBAL,LNDAGRFJIC04,LSGCLITOT,7,2045,1
GLOBAL,LNDAGRFJIC04,LSGCLITOT,7,2046,1
GLOBAL,LNDAGRFJIC04,LSGCLITOT,7,2047,1
GLOBAL,LNDAGRFJIC04,LSGCLITOT,7,2048,1
GLOBAL,LNDAGRFJIC04,LSGCLITOT,7,2049,1
GLOBAL,LNDAGRFJIC04,LSGCLITOT,7,2050,1
GLOBAL,LNDAGRFJIC04,WTRPRCFJI,7,2020,2.1
GLOBAL,LNDAGRFJIC04,WTRPRCFJI,7,2021,2.1
GLOBAL,LNDAGRFJIC04,WTRPRCFJI,7,2022,2.1
GLOBAL,LNDAGRFJIC04,WTRPRCFJI,7,2023,2.1
GLOBAL,LNDAGRFJIC04,WTRPRCFJI,7,2024,2.1
GLOBAL,LNDAGRFJIC04,WTRPRCFJI,7,2025,2.1
GLOBAL,LNDAGRFJIC04,WTRPRCFJI,7,2026,2.1
GLOBAL,LNDAGRFJIC04,WTRPRCFJI,7,2027,2.1
GLOBAL,LNDAGRFJIC04,WTRPRCFJI,7,2028,2.1
GLOBAL,LNDAGRFJIC04,WTRPRCFJI,7,2029,2.1
GLOBAL,LNDAGRFJIC04,WTRPRCFJI,7,2030,2.1
GLOBAL,LNDAGRFJIC04,WTRPRCFJI,7,2031,2.1
GLOBAL,LNDAGRFJIC04,WTRPRCFJI,7,2032,2.1
GLOBAL,LNDAGRFJIC04,WTRPRCFJI,7,2033,2.1
GLOBAL,LNDAGRFJIC04,WTRPRCFJI,7,2034,2.1
GLOBAL,LNDAGRFJIC04,WTRPRCFJI,7,2035,2.1
GLOBAL,LNDAGRFJIC04,WTRPRCFJI,7,2036,2.1
GLOBAL,LNDAGRFJIC04,WTRPRCFJI,7,2037,2.1
GLOBAL,LNDAGRFJIC04,WTRPRCFJI,7,2038,2.1
GLOBAL,LNDAGRFJIC04,WTRPRCFJI,7,2039,2.1
GLOBAL,LNDAGRFJIC04,WTRPRCFJI,7,2040,2.1
GLOBAL,LNDAGRFJIC04,WTRPRCFJI,7,2041,2.1
GLOBAL,LNDAGRFJIC04,WTRPRCFJI,7,2042,2.1
GLOBAL,LNDAGRFJIC04,WTRPRCFJI,7,2043,2.1
GLOBAL,LNDAGRFJIC04,WTRPRCFJI,7,2044,2.1
GLOBAL,LNDAGRFJIC04,WTRPRCFJI,7,2045,2.1
GLOBAL,LNDAGRFJIC04,WTRPRCFJI,7,2046,2.1
GLOBAL,LNDAGRFJIC04,WTRPRCFJI,7,2047,2.1
GLOBAL,LNDAGRFJIC04,WTRPRCFJI,7,2048,2.1
GLOBAL,LNDAGRFJIC04,WTRPRCFJI,7,2049,2.1
GLOBAL,LNDAGRFJIC04,WTRPRCFJI,7,2050,2.1
GLOBAL,LNDAGRFJIC04,AGRWATFJI,7,2020,0.001
GLOBAL,LNDAGRFJIC04,AGRWATFJI,7,2021,0.001
GLOBAL,LNDAGRFJIC04,AGRWATFJI,7,2022,0.001
GLOBAL,LNDAGRFJIC04,AGRWATFJI,7,2023,0.001
GLOBAL,LNDAGRFJIC04,AGRWATFJI,7,2024,0.001
GLOBAL,LNDAGRFJIC04,AGRWATFJI,7,2025,0.001
GLOBAL,LNDAGRFJIC04,AGRWATFJI,7,2026,0.001
GLOBAL,LNDAGRFJIC04,AGRWATFJI,7,2027,0.001
GLOBAL,LNDAGRFJIC04,AGRWATFJI,7,2028,0.001
GLOBAL,LNDAGRFJIC04,AGRWATFJI,7,2029,0.001
GLOBAL,LNDAGRFJIC04,AGRWATFJI,7,2030,0.001
GLOBAL,LNDAGRFJIC04,AGRWATFJI,7,2031,0.001
GLOBAL,LNDAGRFJIC04,AGRWATFJI,7,2032,0.001
GLOBAL,LNDAGRFJIC04,AGRWATFJI,7,2033,0.001
GLOBAL,LNDAGRFJIC04,AGRWATFJI,7,2034,0.001
GLOBAL,LNDAGRFJIC04,AGRWATFJI,7,2035,0.001
GLOBAL,LNDAGRFJIC04,AGRWATFJI,7,2036,0.001
GLOBAL,LNDAGRFJIC04,AGRWATFJI,7,2037,0.001
GLOBAL,LNDAGRFJIC04,AGRWATFJI,7,2038,0.001
GLOBAL,LNDAGRFJIC04,AGRWATFJI,7,2039,0.001
GLOBAL,LNDAGRFJIC04,AGRWATFJI,7,2040,0.001
GLOBAL,LNDAGRFJIC04,AGRWATFJI,7,2041,0.001
GLOBAL,LNDAGRFJIC04,AGRWATFJI,7,2042,0.001
GLOBAL,LNDAGRFJIC04,AGRWATFJI,7,2043,0.001
GLOBAL,LNDAGRFJIC04,AGRWATFJI,7,2044,0.001
GLOBAL,LNDAGRFJIC04,AGRWATFJI,7,2045,0.001
GLOBAL,LNDAGRFJIC04,AGRWATFJI,7,2046,0.001
GLOBAL,LNDAGRFJIC04,AGRWATFJI,7,2047,0.001
GLOBAL,LNDAGRFJIC04,AGRWATFJI,7,2048,0.001
GLOBAL,LNDAGRFJIC04,AGRWATFJI,7,2049,0.001
GLOBAL,LNDAGRFJIC04,AGRWATFJI,7,2050,0.001
GLOBAL,LNDAGRFJIC04,LCONHRTOT,8,2020,1
GLOBAL,LNDAGRFJIC04,LCONHRTOT,8,2021,1
GLOBAL,LNDAGRFJIC04,LCONHRTOT,8,2022,1
GLOBAL,LNDAGRFJIC04,LCONHRTOT,8,2023,1
GLOBAL,LNDAGRFJIC04,LCONHRTOT,8,2024,1
GLOBAL,LNDAGRFJIC04,LCONHRTOT,8,2025,1
GLOBAL,LNDAGRFJIC04,LCONHRTOT,8,2026,1
GLOBAL,LNDAGRFJIC04,LCONHRTOT,8,2027,1
GLOBAL,LNDAGRFJIC04,LCONHRTOT,8,2028,1
GLOBAL,LNDAGRFJIC04,LCONHRTOT,8,2029,1
GLOBAL,LNDAGRFJIC04,LCONHRTOT,8,2030,1
GLOBAL,LNDAGRFJIC04,LCONHRTOT,8,2031,1
GLOBAL,LNDAGRFJIC04,LCONHRTOT,8,2032,1
GLOBAL,LNDAGRFJIC04,LCONHRTOT,8,2033,1
GLOBAL,LNDAGRFJIC04,LCONHRTOT,8,2034,1
GLOBAL,LNDAGRFJIC04,LCONHRTOT,8,2035,1
GLOBAL,LNDAGRFJIC04,LCONHRTOT,8,2036,1
GLOBAL,LNDAGRFJIC04,LCONHRTOT,8,2037,1
GLOBAL,LNDAGRFJIC04,LCONHRTOT,8,2038,1
GLOBAL,LNDAGRFJIC04,LCONHRTOT,8,2039,1
GLOBAL,LNDAGRFJIC04,LCONHRTOT,8,2040,1
GLOBAL,LNDAGRFJIC04,LCONHRTOT,8,2041,1
GLOBAL,LNDAGRFJIC04,LCONHRTOT,8,2042,1
GLOBAL,LNDAGRFJIC04,LCONHRTOT,8,2043,1
GLOBAL,LNDAGRFJIC04,LCONHRTOT,8,2044,1
GLOBAL,LNDAGRFJIC04,LCONHRTOT,8,2045,1
GLOBAL,LNDAGRFJIC04,LCONHRTOT,8,2046,1
GLOBAL,LNDAGRFJIC04,LCONHRTOT,8,2047,1
GLOBAL,LNDAGRFJIC04,LCONHRTOT,8,2048,1
GLOBAL,LNDAGRFJIC04,LCONHRTOT,8,2049,1
GLOBAL,LNDAGRFJIC04,LCONHRTOT,8,2050,1
GLOBAL,LNDAGRFJIC04,WTRPRCFJI,8,2020,2.1
GLOBAL,LNDAGRFJIC04,WTRPRCFJI,8,2021,2.1
GLOBAL,LNDAGRFJIC04,WTRPRCFJI,8,2022,2.1
GLOBAL,LNDAGRFJIC04,WTRPRCFJI,8,2023,2.1
GLOBAL,LNDAGRFJIC04,WTRPRCFJI,8,2024,2.1
GLOBAL,LNDAGRFJIC04,WTRPRCFJI,8,2025,2.1
GLOBAL,LNDAGRFJIC04,WTRPRCFJI,8,2026,2.1
GLOBAL,LNDAGRFJIC04,WTRPRCFJI,8,2027,2.1
GLOBAL,LNDAGRFJIC04,WTRPRCFJI,8,2028,2.1
GLOBAL,LNDAGRFJIC04,WTRPRCFJI,8,2029,2.1
GLOBAL,LNDAGRFJIC04,WTRPRCFJI,8,2030,2.1
GLOBAL,LNDAGRFJIC04,WTRPRCFJI,8,2031,2.1
GLOBAL,LNDAGRFJIC04,WTRPRCFJI,8,2032,2.1
GLOBAL,LNDAGRFJIC04,WTRPRCFJI,8,2033,2.1
GLOBAL,LNDAGRFJIC04,WTRPRCFJI,8,2034,2.1
GLOBAL,LNDAGRFJIC04,WTRPRCFJI,8,2035,2.1
GLOBAL,LNDAGRFJIC04,WTRPRCFJI,8,2036,2.1
GLOBAL,LNDAGRFJIC04,WTRPRCFJI,8,2037,2.1
GLOBAL,LNDAGRFJIC04,WTRPRCFJI,8,2038,2.1
GLOBAL,LNDAGRFJIC04,WTRPRCFJI,8,2039,2.1
GLOBAL,LNDAGRFJIC04,WTRPRCFJI,8,2040,2.1
GLOBAL,LNDAGRFJIC04,WTRPRCFJI,8,2041,2.1
GLOBAL,LNDAGRFJIC04,WTRPRCFJI,8,2042,2.1
GLOBAL,LNDAGRFJIC04,WTRPRCFJI,8,2043,2.1
GLOBAL,LNDAGRFJIC04,WTRPRCFJI,8,2044,2.1
GLOBAL,LNDAGRFJIC04,WTRPRCFJI,8,2045,2.1
GLOBAL,LNDAGRFJIC04,WTRPRCFJI,8,2046,2.1
GLOBAL,LNDAGRFJIC04,WTRPRCFJI,8,2047,2.1
GLOBAL,LNDAGRFJIC04,WTRPRCFJI,8,2048,2.1
GLOBAL,LNDAGRFJIC04,WTRPRCFJI,8,2049,2.1
GLOBAL,LNDAGRFJIC04,WTRPRCFJI,8,2050,2.1
GLOBAL,LNDAGRFJIC04,AGRWATFJI,8,2022,0
GLOBAL,LNDAGRFJIC04,AGRWATFJI,8,2024,0
GLOBAL,LNDAGRFJIC04,AGRWATFJI,8,2026,0
GLOBAL,LNDAGRFJIC04,AGRWATFJI,8,2028,0
GLOBAL,LNDAGRFJIC04,AGRWATFJI,8,2030,0
GLOBAL,LNDAGRFJIC04,AGRWATFJI,8,2032,0
GLOBAL,LNDAGRFJIC04,AGRWATFJI,8,2034,0
GLOBAL,LNDAGRFJIC04,AGRWATFJI,8,2036,0
GLOBAL,LNDAGRFJIC04,AGRWATFJI,8,2038,0
GLOBAL,LNDAGRFJIC04,AGRWATFJI,8,2040,0
GLOBAL,LNDAGRFJIC04,AGRWATFJI,8,2042,0
GLOBAL,LNDAGRFJIC04,AGRWATFJI,8,2044,0
GLOBAL,LNDAGRFJIC04,AGRWATFJI,8,2046,0
GLOBAL,LNDAGRFJIC04,AGRWATFJI,8,2048,0
GLOBAL,LNDAGRFJIC04,AGRWATFJI,8,2050,0
GLOBAL,LNDAGRFJIC04,LCONHITOT,9,2020,1
GLOBAL,LNDAGRFJIC04,LCONHITOT,9,2021,1
GLOBAL,LNDAGRFJIC04,LCONHITOT,9,2022,1
GLOBAL,LNDAGRFJIC04,LCONHITOT,9,2023,1
GLOBAL,LNDAGRFJIC04,LCONHITOT,9,2024,1
GLOBAL,LNDAGRFJIC04,LCONHITOT,9,2025,1
GLOBAL,LNDAGRFJIC04,LCONHITOT,9,2026,1
GLOBAL,LNDAGRFJIC04,LCONHITOT,9,2027,1
GLOBAL,LNDAGRFJIC04,LCONHITOT,9,2028,1
GLOBAL,LNDAGRFJIC04,LCONHITOT,9,2029,1
GLOBAL,LNDAGRFJIC04,LCONHITOT,9,2030,1
GLOBAL,LNDAGRFJIC04,LCONHITOT,9,2031,1
GLOBAL,LNDAGRFJIC04,LCONHITOT,9,2032,1
GLOBAL,LNDAGRFJIC04,LCONHITOT,9,2033,1
GLOBAL,LNDAGRFJIC04,LCONHITOT,9,2034,1
GLOBAL,LNDAGRFJIC04,LCONHITOT,9,2035,1
GLOBAL,LNDAGRFJIC04,LCONHITOT,9,2036,1
GLOBAL,LNDAGRFJIC04,LCONHITOT,9,2037,1
GLOBAL,LNDAGRFJIC04,LCONHITOT,9,2038,1
GLOBAL,LNDAGRFJIC04,LCONHITOT,9,2039,1
GLOBAL,LNDAGRFJIC04,LCONHITOT,9,2040,1
GLOBAL,LNDAGRFJIC04,LCONHITOT,9,2041,1
GLOBAL,LNDAGRFJIC04,LCONHITOT,9,2042,1
GLOBAL,LNDAGRFJIC04,LCONHITOT,9,2043,1
GLOBAL,LNDAGRFJIC04,LCONHITOT,9,2044,1
GLOBAL,LNDAGRFJIC04,LCONHITOT,9,2045,1
GLOBAL,LNDAGRFJIC04,LCONHITOT,9,2046,1
GLOBAL,LNDAGRFJIC04,LCONHITOT,9,2047,1
GLOBAL,LNDAGRFJIC04,LCONHITOT,9,2048,1
GLOBAL,LNDAGRFJIC04,LCONHITOT,9,2049,1
GLOBAL,LNDAGRFJIC04,LCONHITOT,9,2050,1
GLOBAL,LNDAGRFJIC04,WTRPRCFJI,9,2020,2.1
GLOBAL,LNDAGRFJIC04,WTRPRCFJI,9,2021,2.1
GLOBAL,LNDAGRFJIC04,WTRPRCFJI,9,2022,2.1
GLOBAL,LNDAGRFJIC04,WTRPRCFJI,9,2023,2.1
GLOBAL,LNDAGRFJIC04,WTRPRCFJI,9,2024,2.1
GLOBAL,LNDAGRFJIC04,WTRPRCFJI,9,2025,2.1
GLOBAL,LNDAGRFJIC04,WTRPRCFJI,9,2026,2.1
GLOBAL,LNDAGRFJIC04,WTRPRCFJI,9,2027,2.1
GLOBAL,LNDAGRFJIC04,WTRPRCFJI,9,2028,2.1
GLOBAL,LNDAGRFJIC04,WTRPRCFJI,9,2029,2.1
GLOBAL,LNDAGRFJIC04,WTRPRCFJI,9,2030,2.1
GLOBAL,LNDAGRFJIC04,WTRPRCFJI,9,2031,2.1
GLOBAL,LNDAGRFJIC04,WTRPRCFJI,9,2032,2.1
GLOBAL,LNDAGRFJIC04,WTRPRCFJI,9,2033,2.1
GLOBAL,LNDAGRFJIC04,WTRPRCFJI,9,2034,2.1
GLOBAL,LNDAGRFJIC04,WTRPRCFJI,9,2035,2.1
GLOBAL,LNDAGRFJIC04,WTRPRCFJI,9,2036,2.1
GLOBAL,LNDAGRFJIC04,WTRPRCFJI,9,2037,2.1
GLOBAL,LNDAGRFJIC04,WTRPRCFJI,9,2038,2.1
GLOBAL,LNDAGRFJIC04,WTRPRCFJI,9,2039,2.1
GLOBAL,LNDAGRFJIC04,WTRPRCFJI,9,2040,2.1
GLOBAL,LNDAGRFJIC04,WTRPRCFJI,9,2041,2.1
GLOBAL,LNDAGRFJIC04,WTRPRCFJI,9,2042,2.1
GLOBAL,LNDAGRFJIC04,WTRPRCFJI,9,2043,2.1
GLOBAL,LNDAGRFJIC04,WTRPRCFJI,9,2044,2.1
GLOBAL,LNDAGRFJIC04,WTRPRCFJI,9,2045,2.1
GLOBAL,LNDAGRFJIC04,WTRPRCFJI,9,2046,2.1
GLOBAL,LNDAGRFJIC04,WTRPRCFJI,9,2047,2.1
GLOBAL,LNDAGRFJIC04,WTRPRCFJI,9,2048,2.1
GLOBAL,LNDAGRFJIC04,WTRPRCFJI,9,2049,2.1
GLOBAL,LNDAGRFJIC04,WTRPRCFJI,9,2050,2.1
GLOBAL,LNDAGRFJIC04,AGRWATFJI,9,2020,0.001
GLOBAL,LNDAGRFJIC04,AGRWATFJI,9,2021,0.001
GLOBAL,LNDAGRFJIC04,AGRWATFJI,9,2022,0.001
GLOBAL,LNDAGRFJIC04,AGRWATFJI,9,2023,0.001
GLOBAL,LNDAGRFJIC04,AGRWATFJI,9,2024,0.001
GLOBAL,LNDAGRFJIC04,AGRWATFJI,9,2025,0.001
GLOBAL,LNDAGRFJIC04,AGRWATFJI,9,2026,0.001
GLOBAL,LNDAGRFJIC04,AGRWATFJI,9,2027,0.001
GLOBAL,LNDAGRFJIC04,AGRWATFJI,9,2028,0.001
GLOBAL,LNDAGRFJIC04,AGRWATFJI,9,2029,0.001
GLOBAL,LNDAGRFJIC04,AGRWATFJI,9,2030,0.001
GLOBAL,LNDAGRFJIC04,AGRWATFJI,9,2031,0.001
GLOBAL,LNDAGRFJIC04,AGRWATFJI,9,2032,0.001
GLOBAL,LNDAGRFJIC04,AGRWATFJI,9,2033,0.001
GLOBAL,LNDAGRFJIC04,AGRWATFJI,9,2034,0.001
GLOBAL,LNDAGRFJIC04,AGRWATFJI,9,2035,0.001
GLOBAL,LNDAGRFJIC04,AGRWATFJI,9,2036,0.001
GLOBAL,LNDAGRFJIC04,AGRWATFJI,9,2037,0.001
GLOBAL,LNDAGRFJIC04,AGRWATFJI,9,2038,0.001
GLOBAL,LNDAGRFJIC04,AGRWATFJI,9,2039,0.001
GLOBAL,LNDAGRFJIC04,AGRWATFJI,9,2040,0.001
GLOBAL,LNDAGRFJIC04,AGRWATFJI,9,2041,0.001
GLOBAL,LNDAGRFJIC04,AGRWATFJI,9,2042,0.001
GLOBAL,LNDAGRFJIC04,AGRWATFJI,9,2043,0.001
GLOBAL,LNDAGRFJIC04,AGRWATFJI,9,2044,0.001
GLOBAL,LNDAGRFJIC04,AGRWATFJI,9,2045,0.001
GLOBAL,LNDAGRFJIC04,AGRWATFJI,9,2046,0.001
GLOBAL,LNDAGRFJIC04,AGRWATFJI,9,2047,0.001
GLOBAL,LNDAGRFJIC04,AGRWATFJI,9,2048,0.001
GLOBAL,LNDAGRFJIC04,AGRWATFJI,9,2049,0.001
GLOBAL,LNDAGRFJIC04,AGRWATFJI,9,2050,0.001
GLOBAL,LNDAGRFJIC04,LCONLITOT,10,2020,1
GLOBAL,LNDAGRFJIC04,LCONLITOT,10,2021,1
GLOBAL,LNDAGRFJIC04,LCONLITOT,10,2022,1
GLOBAL,LNDAGRFJIC04,LCONLITOT,10,2023,1
GLOBAL,LNDAGRFJIC04,LCONLITOT,10,2024,1
GLOBAL,LNDAGRFJIC04,LCONLITOT,10,2025,1
GLOBAL,LNDAGRFJIC04,LCONLITOT,10,2026,1
GLOBAL,LNDAGRFJIC04,LCONLITOT,10,2027,1
GLOBAL,LNDAGRFJIC04,LCONLITOT,10,2028,1
GLOBAL,LNDAGRFJIC04,LCONLITOT,10,2029,1
GLOBAL,LNDAGRFJIC04,LCONLITOT,10,2030,1
GLOBAL,LNDAGRFJIC04,LCONLITOT,10,2031,1
GLOBAL,LNDAGRFJIC04,LCONLITOT,10,2032,1
GLOBAL,LNDAGRFJIC04,LCONLITOT,10,2033,1
GLOBAL,LNDAGRFJIC04,LCONLITOT,10,2034,1
GLOBAL,LNDAGRFJIC04,LCONLITOT,10,2035,1
GLOBAL,LNDAGRFJIC04,LCONLITOT,10,2036,1
GLOBAL,LNDAGRFJIC04,LCONLITOT,10,2037,1
GLOBAL,LNDAGRFJIC04,LCONLITOT,10,2038,1
GLOBAL,LNDAGRFJIC04,LCONLITOT,10,2039,1
GLOBAL,LNDAGRFJIC04,LCONLITOT,10,2040,1
GLOBAL,LNDAGRFJIC04,LCONLITOT,10,2041,1
GLOBAL,LNDAGRFJIC04,LCONLITOT,10,2042,1
GLOBAL,LNDAGRFJIC04,LCONLITOT,10,2043,1
GLOBAL,LNDAGRFJIC04,LCONLITOT,10,2044,1
GLOBAL,LNDAGRFJIC04,LCONLITOT,10,2045,1
GLOBAL,LNDAGRFJIC04,LCONLITOT,10,2046,1
GLOBAL,LNDAGRFJIC04,LCONLITOT,10,2047,1
GLOBAL,LNDAGRFJIC04,LCONLITOT,10,2048,1
GLOBAL,LNDAGRFJIC04,LCONLITOT,10,2049,1
GLOBAL,LNDAGRFJIC04,LCONLITOT,10,2050,1
GLOBAL,LNDAGRFJIC04,WTRPRCFJI,10,2020,2.1
GLOBAL,LNDAGRFJIC04,WTRPRCFJI,10,2021,2.1
GLOBAL,LNDAGRFJIC04,WTRPRCFJI,10,2022,2.1
GLOBAL,LNDAGRFJIC04,WTRPRCFJI,10,2023,2.1
GLOBAL,LNDAGRFJIC04,WTRPRCFJI,10,2024,2.1
GLOBAL,LNDAGRFJIC04,WTRPRCFJI,10,2025,2.1
GLOBAL,LNDAGRFJIC04,WTRPRCFJI,10,2026,2.1
GLOBAL,LNDAGRFJIC04,WTRPRCFJI,10,2027,2.1
GLOBAL,LNDAGRFJIC04,WTRPRCFJI,10,2028,2.1
GLOBAL,LNDAGRFJIC04,WTRPRCFJI,10,2029,2.1
GLOBAL,LNDAGRFJIC04,WTRPRCFJI,10,2030,2.1
GLOBAL,LNDAGRFJIC04,WTRPRCFJI,10,2031,2.1
GLOBAL,LNDAGRFJIC04,WTRPRCFJI,10,2032,2.1
GLOBAL,LNDAGRFJIC04,WTRPRCFJI,10,2033,2.1
GLOBAL,LNDAGRFJIC04,WTRPRCFJI,10,2034,2.1
GLOBAL,LNDAGRFJIC04,WTRPRCFJI,10,2035,2.1
GLOBAL,LNDAGRFJIC04,WTRPRCFJI,10,2036,2.1
GLOBAL,LNDAGRFJIC04,WTRPRCFJI,10,2037,2.1
GLOBAL,LNDAGRFJIC04,WTRPRCFJI,10,2038,2.1
GLOBAL,LNDAGRFJIC04,WTRPRCFJI,10,2039,2.1
GLOBAL,LNDAGRFJIC04,WTRPRCFJI,10,2040,2.1
GLOBAL,LNDAGRFJIC04,WTRPRCFJI,10,2041,2.1
GLOBAL,LNDAGRFJIC04,WTRPRCFJI,10,2042,2.1
GLOBAL,LNDAGRFJIC04,WTRPRCFJI,10,2043,2.1
GLOBAL,LNDAGRFJIC04,WTRPRCFJI,10,2044,2.1
GLOBAL,LNDAGRFJIC04,WTRPRCFJI,10,2045,2.1
GLOBAL,LNDAGRFJIC04,WTRPRCFJI,10,2046,2.1
GLOBAL,LNDAGRFJIC04,WTRPRCFJI,10,2047,2.1
GLOBAL,LNDAGRFJIC04,WTRPRCFJI,10,2048,2.1
GLOBAL,LNDAGRFJIC04,WTRPRCFJI,10,2049,2.1
GLOBAL,LNDAGRFJIC04,WTRPRCFJI,10,2050,2.1
GLOBAL,LNDAGRFJIC04,AGRWATFJI,10,2020,0.001
GLOBAL,LNDAGRFJIC04,AGRWATFJI,10,2021,0.001
GLOBAL,LNDAGRFJIC04,AGRWATFJI,10,2022,0.001
GLOBAL,LNDAGRFJIC04,AGRWATFJI,10,2023,0.001
GLOBAL,LNDAGRFJIC04,AGRWATFJI,10,2024,0.001
GLOBAL,LNDAGRFJIC04,AGRWATFJI,10,2025,0.001
GLOBAL,LNDAGRFJIC04,AGRWATFJI,10,2026,0.001
GLOBAL,LNDAGRFJIC04,AGRWATFJI,10,2027,0.001
GLOBAL,LNDAGRFJIC04,AGRWATFJI,10,2028,0.001
GLOBAL,LNDAGRFJIC04,AGRWATFJI,10,2029,0.001
GLOBAL,LNDAGRFJIC04,AGRWATFJI,10,2030,0.001
GLOBAL,LNDAGRFJIC04,AGRWATFJI,10,2031,0.001
GLOBAL,LNDAGRFJIC04,AGRWATFJI,10,2032,0.001
GLOBAL,LNDAGRFJIC04,AGRWATFJI,10,2033,0.001
GLOBAL,LNDAGRFJIC04,AGRWATFJI,10,2034,0.001
GLOBAL,LNDAGRFJIC04,AGRWATFJI,10,2035,0.001
GLOBAL,LNDAGRFJIC04,AGRWATFJI,10,2036,0.001
GLOBAL,LNDAGRFJIC04,AGRWATFJI,10,2037,0.001
GLOBAL,LNDAGRFJIC04,AGRWATFJI,10,2038,0.001
GLOBAL,LNDAGRFJIC04,AGRWATFJI,10,2039,0.001
GLOBAL,LNDAGRFJIC04,AGRWATFJI,10,2040,0.001
GLOBAL,LNDAGRFJIC04,AGRWATFJI,10,2041,0.001
GLOBAL,LNDAGRFJIC04,AGRWATFJI,10,2042,0.001
GLOBAL,LNDAGRFJIC04,AGRWATFJI,10,2043,0.001
GLOBAL,LNDAGRFJIC04,AGRWATFJI,10,2044,0.001
GLOBAL,LNDAGRFJIC04,AGRWATFJI,10,2045,0.001
GLOBAL,LNDAGRFJIC04,AGRWATFJI,10,2046,0.001
GLOBAL,LNDAGRFJIC04,AGRWATFJI,10,2047,0.001
GLOBAL,LNDAGRFJIC04,AGRWATFJI,10,2048,0.001
GLOBAL,LNDAGRFJIC04,AGRWATFJI,10,2049,0.001
GLOBAL,LNDAGRFJIC04,AGRWATFJI,10,2050,0.001
GLOBAL,LNDAGRFJIC04,LCASHRTOT,11,2020,1
GLOBAL,LNDAGRFJIC04,LCASHRTOT,11,2021,1
GLOBAL,LNDAGRFJIC04,LCASHRTOT,11,2022,1
GLOBAL,LNDAGRFJIC04,LCASHRTOT,11,2023,1
GLOBAL,LNDAGRFJIC04,LCASHRTOT,11,2024,1
GLOBAL,LNDAGRFJIC04,LCASHRTOT,11,2025,1
GLOBAL,LNDAGRFJIC04,LCASHRTOT,11,2026,1
GLOBAL,LNDAGRFJIC04,LCASHRTOT,11,2027,1
GLOBAL,LNDAGRFJIC04,LCASHRTOT,11,2028,1
GLOBAL,LNDAGRFJIC04,LCASHRTOT,11,2029,1
GLOBAL,LNDAGRFJIC04,LCASHRTOT,11,2030,1
GLOBAL,LNDAGRFJIC04,LCASHRTOT,11,2031,1
GLOBAL,LNDAGRFJIC04,LCASHRTOT,11,2032,1
GLOBAL,LNDAGRFJIC04,LCASHRTOT,11,2033,1
GLOBAL,LNDAGRFJIC04,LCASHRTOT,11,2034,1
GLOBAL,LNDAGRFJIC04,LCASHRTOT,11,2035,1
GLOBAL,LNDAGRFJIC04,LCASHRTOT,11,2036,1
GLOBAL,LNDAGRFJIC04,LCASHRTOT,11,2037,1
GLOBAL,LNDAGRFJIC04,LCASHRTOT,11,2038,1
GLOBAL,LNDAGRFJIC04,LCASHRTOT,11,2039,1
GLOBAL,LNDAGRFJIC04,LCASHRTOT,11,2040,1
GLOBAL,LNDAGRFJIC04,LCASHRTOT,11,2041,1
GLOBAL,LNDAGRFJIC04,LCASHRTOT,11,2042,1
GLOBAL,LNDAGRFJIC04,LCASHRTOT,11,2043,1
GLOBAL,LNDAGRFJIC04,LCASHRTOT,11,2044,1
GLOBAL,LNDAGRFJIC04,LCASHRTOT,11,2045,1
GLOBAL,LNDAGRFJIC04,LCASHRTOT,11,2046,1
GLOBAL,LNDAGRFJIC04,LCASHRTOT,11,2047,1
GLOBAL,LNDAGRFJIC04,LCASHRTOT,11,2048,1
GLOBAL,LNDAGRFJIC04,LCASHRTOT,11,2049,1
GLOBAL,LNDAGRFJIC04,LCASHRTOT,11,2050,1
GLOBAL,LNDAGRFJIC04,WTRPRCFJI,11,2020,2.1
GLOBAL,LNDAGRFJIC04,WTRPRCFJI,11,2021,2.1
GLOBAL,LNDAGRFJIC04,WTRPRCFJI,11,2022,2.1
GLOBAL,LNDAGRFJIC04,WTRPRCFJI,11,2023,2.1
GLOBAL,LNDAGRFJIC04,WTRPRCFJI,11,2024,2.1
GLOBAL,LNDAGRFJIC04,WTRPRCFJI,11,2025,2.1
GLOBAL,LNDAGRFJIC04,WTRPRCFJI,11,2026,2.1
GLOBAL,LNDAGRFJIC04,WTRPRCFJI,11,2027,2.1
GLOBAL,LNDAGRFJIC04,WTRPRCFJI,11,2028,2.1
GLOBAL,LNDAGRFJIC04,WTRPRCFJI,11,2029,2.1
GLOBAL,LNDAGRFJIC04,WTRPRCFJI,11,2030,2.1
GLOBAL,LNDAGRFJIC04,WTRPRCFJI,11,2031,2.1
GLOBAL,LNDAGRFJIC04,WTRPRCFJI,11,2032,2.1
GLOBAL,LNDAGRFJIC04,WTRPRCFJI,11,2033,2.1
GLOBAL,LNDAGRFJIC04,WTRPRCFJI,11,2034,2.1
GLOBAL,LNDAGRFJIC04,WTRPRCFJI,11,2035,2.1
GLOBAL,LNDAGRFJIC04,WTRPRCFJI,11,2036,2.1
GLOBAL,LNDAGRFJIC04,WTRPRCFJI,11,2037,2.1
GLOBAL,LNDAGRFJIC04,WTRPRCFJI,11,2038,2.1
GLOBAL,LNDAGRFJIC04,WTRPRCFJI,11,2039,2.1
GLOBAL,LNDAGRFJIC04,WTRPRCFJI,11,2040,2.1
GLOBAL,LNDAGRFJIC04,WTRPRCFJI,11,2041,2.1
GLOBAL,LNDAGRFJIC04,WTRPRCFJI,11,2042,2.1
GLOBAL,LNDAGRFJIC04,WTRPRCFJI,11,2043,2.1
GLOBAL,LNDAGRFJIC04,WTRPRCFJI,11,2044,2.1
GLOBAL,LNDAGRFJIC04,WTRPRCFJI,11,2045,2.1
GLOBAL,LNDAGRFJIC04,WTRPRCFJI,11,2046,2.1
GLOBAL,LNDAGRFJIC04,WTRPRCFJI,11,2047,2.1
GLOBAL,LNDAGRFJIC04,WTRPRCFJI,11,2048,2.1
GLOBAL,LNDAGRFJIC04,WTRPRCFJI,11,2049,2.1
GLOBAL,LNDAGRFJIC04,WTRPRCFJI,11,2050,2.1
GLOBAL,LNDAGRFJIC04,AGRWATFJI,11,2022,0
GLOBAL,LNDAGRFJIC04,AGRWATFJI,11,2024,0
GLOBAL,LNDAGRFJIC04,AGRWATFJI,11,2026,0
GLOBAL,LNDAGRFJIC04,AGRWATFJI,11,2028,0
GLOBAL,LNDAGRFJIC04,AGRWATFJI,11,2030,0
GLOBAL,LNDAGRFJIC04,AGRWATFJI,11,2032,0
GLOBAL,LNDAGRFJIC04,AGRWATFJI,11,2034,0
GLOBAL,LNDAGRFJIC04,AGRWATFJI,11,2036,0
GLOBAL,LNDAGRFJIC04,AGRWATFJI,11,2038,0
GLOBAL,LNDAGRFJIC04,AGRWATFJI,11,2040,0
GLOBAL,LNDAGRFJIC04,AGRWATFJI,11,2042,0
GLOBAL,LNDAGRFJIC04,AGRWATFJI,11,2044,0
GLOBAL,LNDAGRFJIC04,AGRWATFJI,11,2046,0
GLOBAL,LNDAGRFJIC04,AGRWATFJI,11,2048,0
GLOBAL,LNDAGRFJIC04,AGRWATFJI,11,2050,0
GLOBAL,LNDAGRFJIC04,LYAMHITOT,12,2020,1
GLOBAL,LNDAGRFJIC04,LYAMHITOT,12,2021,1
GLOBAL,LNDAGRFJIC04,LYAMHITOT,12,2022,1
GLOBAL,LNDAGRFJIC04,LYAMHITOT,12,2023,1
GLOBAL,LNDAGRFJIC04,LYAMHITOT,12,2024,1
GLOBAL,LNDAGRFJIC04,LYAMHITOT,12,2025,1
GLOBAL,LNDAGRFJIC04,LYAMHITOT,12,2026,1
GLOBAL,LNDAGRFJIC04,LYAMHITOT,12,2027,1
GLOBAL,LNDAGRFJIC04,LYAMHITOT,12,2028,1
GLOBAL,LNDAGRFJIC04,LYAMHITOT,12,2029,1
GLOBAL,LNDAGRFJIC04,LYAMHITOT,12,2030,1
GLOBAL,LNDAGRFJIC04,LYAMHITOT,12,2031,1
GLOBAL,LNDAGRFJIC04,LYAMHITOT,12,2032,1
GLOBAL,LNDAGRFJIC04,LYAMHITOT,12,2033,1
GLOBAL,LNDAGRFJIC04,LYAMHITOT,12,2034,1
GLOBAL,LNDAGRFJIC04,LYAMHITOT,12,2035,1
GLOBAL,LNDAGRFJIC04,LYAMHITOT,12,2036,1
GLOBAL,LNDAGRFJIC04,LYAMHITOT,12,2037,1
GLOBAL,LNDAGRFJIC04,LYAMHITOT,12,2038,1
GLOBAL,LNDAGRFJIC04,LYAMHITOT,12,2039,1
GLOBAL,LNDAGRFJIC04,LYAMHITOT,12,2040,1
GLOBAL,LNDAGRFJIC04,LYAMHITOT,12,2041,1
GLOBAL,LNDAGRFJIC04,LYAMHITOT,12,2042,1
GLOBAL,LNDAGRFJIC04,LYAMHITOT,12,2043,1
GLOBAL,LNDAGRFJIC04,LYAMHITOT,12,2044,1
GLOBAL,LNDAGRFJIC04,LYAMHITOT,12,2045,1
GLOBAL,LNDAGRFJIC04,LYAMHITOT,12,2046,1
GLOBAL,LNDAGRFJIC04,LYAMHITOT,12,2047,1
GLOBAL,LNDAGRFJIC04,LYAMHITOT,12,2048,1
GLOBAL,LNDAGRFJIC04,LYAMHITOT,12,2049,1
GLOBAL,LNDAGRFJIC04,LYAMHITOT,12,2050,1
GLOBAL,LNDAGRFJIC04,WTRPRCFJI,12,2020,2.1
GLOBAL,LNDAGRFJIC04,WTRPRCFJI,12,2021,2.1
GLOBAL,LNDAGRFJIC04,WTRPRCFJI,12,2022,2.1
GLOBAL,LNDAGRFJIC04,WTRPRCFJI,12,2023,2.1
GLOBAL,LNDAGRFJIC04,WTRPRCFJI,12,2024,2.1
GLOBAL,LNDAGRFJIC04,WTRPRCFJI,12,2025,2.1
GLOBAL,LNDAGRFJIC04,WTRPRCFJI,12,2026,2.1
GLOBAL,LNDAGRFJIC04,WTRPRCFJI,12,2027,2.1
GLOBAL,LNDAGRFJIC04,WTRPRCFJI,12,2028,2.1
GLOBAL,LNDAGRFJIC04,WTRPRCFJI,12,2029,2.1
GLOBAL,LNDAGRFJIC04,WTRPRCFJI,12,2030,2.1
GLOBAL,LNDAGRFJIC04,WTRPRCFJI,12,2031,2.1
GLOBAL,LNDAGRFJIC04,WTRPRCFJI,12,2032,2.1
GLOBAL,LNDAGRFJIC04,WTRPRCFJI,12,2033,2.1
GLOBAL,LNDAGRFJIC04,WTRPRCFJI,12,2034,2.1
GLOBAL,LNDAGRFJIC04,WTRPRCFJI,12,2035,2.1
GLOBAL,LNDAGRFJIC04,WTRPRCFJI,12,2036,2.1
GLOBAL,LNDAGRFJIC04,WTRPRCFJI,12,2037,2.1
GLOBAL,LNDAGRFJIC04,WTRPRCFJI,12,2038,2.1
GLOBAL,LNDAGRFJIC04,WTRPRCFJI,12,2039,2.1
GLOBAL,LNDAGRFJIC04,WTRPRCFJI,12,2040,2.1
GLOBAL,LNDAGRFJIC04,WTRPRCFJI,12,2041,2.1
GLOBAL,LNDAGRFJIC04,WTRPRCFJI,12,2042,2.1
GLOBAL,LNDAGRFJIC04,WTRPRCFJI,12,2043,2.1
GLOBAL,LNDAGRFJIC04,WTRPRCFJI,12,2044,2.1
GLOBAL,LNDAGRFJIC04,WTRPRCFJI,12,2045,2.1
GLOBAL,LNDAGRFJIC04,WTRPRCFJI,12,2046,2.1
GLOBAL,LNDAGRFJIC04,WTRPRCFJI,12,2047,2.1
GLOBAL,LNDAGRFJIC04,WTRPRCFJI,12,2048,2.1
GLOBAL,LNDAGRFJIC04,WTRPRCFJI,12,2049,2.1
GLOBAL,LNDAGRFJIC04,WTRPRCFJI,12,2050,2.1
GLOBAL,LNDAGRFJIC04,AGRWATFJI,12,2020,0.032
GLOBAL,LNDAGRFJIC04,AGRWATFJI,12,2021,0.032
GLOBAL,LNDAGRFJIC04,AGRWATFJI,12,2022,0.032
GLOBAL,LNDAGRFJIC04,AGRWATFJI,12,2023,0.032
GLOBAL,LNDAGRFJIC04,AGRWATFJI,12,2024,0.032
GLOBAL,LNDAGRFJIC04,AGRWATFJI,12,2025,0.032
GLOBAL,LNDAGRFJIC04,AGRWATFJI,12,2026,0.032
GLOBAL,LNDAGRFJIC04,AGRWATFJI,12,2027,0.032
GLOBAL,LNDAGRFJIC04,AGRWATFJI,12,2028,0.032
GLOBAL,LNDAGRFJIC04,AGRWATFJI,12,2029,0.032
GLOBAL,LNDAGRFJIC04,AGRWATFJI,12,2030,0.032
GLOBAL,LNDAGRFJIC04,AGRWATFJI,12,2031,0.032
GLOBAL,LNDAGRFJIC04,AGRWATFJI,12,2032,0.032
GLOBAL,LNDAGRFJIC04,AGRWATFJI,12,2033,0.032
GLOBAL,LNDAGRFJIC04,AGRWATFJI,12,2034,0.032
GLOBAL,LNDAGRFJIC04,AGRWATFJI,12,2035,0.032
GLOBAL,LNDAGRFJIC04,AGRWATFJI,12,2036,0.032
GLOBAL,LNDAGRFJIC04,AGRWATFJI,12,2037,0.032
GLOBAL,LNDAGRFJIC04,AGRWATFJI,12,2038,0.032
GLOBAL,LNDAGRFJIC04,AGRWATFJI,12,2039,0.032
GLOBAL,LNDAGRFJIC04,AGRWATFJI,12,2040,0.032
GLOBAL,LNDAGRFJIC04,AGRWATFJI,12,2041,0.032
GLOBAL,LNDAGRFJIC04,AGRWATFJI,12,2042,0.032
GLOBAL,LNDAGRFJIC04,AGRWATFJI,12,2043,0.032
GLOBAL,LNDAGRFJIC04,AGRWATFJI,12,2044,0.032
GLOBAL,LNDAGRFJIC04,AGRWATFJI,12,2045,0.032
GLOBAL,LNDAGRFJIC04,AGRWATFJI,12,2046,0.032
GLOBAL,LNDAGRFJIC04,AGRWATFJI,12,2047,0.032
GLOBAL,LNDAGRFJIC04,AGRWATFJI,12,2048,0.032
GLOBAL,LNDAGRFJIC04,AGRWATFJI,12,2049,0.032
GLOBAL,LNDAGRFJIC04,AGRWATFJI,12,2050,0.032
GLOBAL,LNDAGRFJIC04,LCASLITOT,13,2020,1
GLOBAL,LNDAGRFJIC04,LCASLITOT,13,2021,1
GLOBAL,LNDAGRFJIC04,LCASLITOT,13,2022,1
GLOBAL,LNDAGRFJIC04,LCASLITOT,13,2023,1
GLOBAL,LNDAGRFJIC04,LCASLITOT,13,2024,1
GLOBAL,LNDAGRFJIC04,LCASLITOT,13,2025,1
GLOBAL,LNDAGRFJIC04,LCASLITOT,13,2026,1
GLOBAL,LNDAGRFJIC04,LCASLITOT,13,2027,1
GLOBAL,LNDAGRFJIC04,LCASLITOT,13,2028,1
GLOBAL,LNDAGRFJIC04,LCASLITOT,13,2029,1
GLOBAL,LNDAGRFJIC04,LCASLITOT,13,2030,1
GLOBAL,LNDAGRFJIC04,LCASLITOT,13,2031,1
GLOBAL,LNDAGRFJIC04,LCASLITOT,13,2032,1
GLOBAL,LNDAGRFJIC04,LCASLITOT,13,2033,1
GLOBAL,LNDAGRFJIC04,LCASLITOT,13,2034,1
GLOBAL,LNDAGRFJIC04,LCASLITOT,13,2035,1
GLOBAL,LNDAGRFJIC04,LCASLITOT,13,2036,1
GLOBAL,LNDAGRFJIC04,LCASLITOT,13,2037,1
GLOBAL,LNDAGRFJIC04,LCASLITOT,13,2038,1
GLOBAL,LNDAGRFJIC04,LCASLITOT,13,2039,1
GLOBAL,LNDAGRFJIC04,LCASLITOT,13,2040,1
GLOBAL,LNDAGRFJIC04,LCASLITOT,13,2041,1
GLOBAL,LNDAGRFJIC04,LCASLITOT,13,2042,1
GLOBAL,LNDAGRFJIC04,LCASLITOT,13,2043,1
GLOBAL,LNDAGRFJIC04,LCASLITOT,13,2044,1
GLOBAL,LNDAGRFJIC04,LCASLITOT,13,2045,1
GLOBAL,LNDAGRFJIC04,LCASLITOT,13,2046,1
GLOBAL,LNDAGRFJIC04,LCASLITOT,13,2047,1
GLOBAL,LNDAGRFJIC04,LCASLITOT,13,2048,1
GLOBAL,LNDAGRFJIC04,LCASLITOT,13,2049,1
GLOBAL,LNDAGRFJIC04,LCASLITOT,13,2050,1
GLOBAL,LNDAGRFJIC04,WTRPRCFJI,13,2020,2.1
GLOBAL,LNDAGRFJIC04,WTRPRCFJI,13,2021,2.1
GLOBAL,LNDAGRFJIC04,WTRPRCFJI,13,2022,2.1
GLOBAL,LNDAGRFJIC04,WTRPRCFJI,13,2023,2.1
GLOBAL,LNDAGRFJIC04,WTRPRCFJI,13,2024,2.1
GLOBAL,LNDAGRFJIC04,WTRPRCFJI,13,2025,2.1
GLOBAL,LNDAGRFJIC04,WTRPRCFJI,13,2026,2.1
GLOBAL,LNDAGRFJIC04,WTRPRCFJI,13,2027,2.1
GLOBAL,LNDAGRFJIC04,WTRPRCFJI,13,2028,2.1
GLOBAL,LNDAGRFJIC04,WTRPRCFJI,13,2029,2.1
GLOBAL,LNDAGRFJIC04,WTRPRCFJI,13,2030,2.1
GLOBAL,LNDAGRFJIC04,WTRPRCFJI,13,2031,2.1
GLOBAL,LNDAGRFJIC04,WTRPRCFJI,13,2032,2.1
GLOBAL,LNDAGRFJIC04,WTRPRCFJI,13,2033,2.1
GLOBAL,LNDAGRFJIC04,WTRPRCFJI,13,2034,2.1
GLOBAL,LNDAGRFJIC04,WTRPRCFJI,13,2035,2.1
GLOBAL,LNDAGRFJIC04,WTRPRCFJI,13,2036,2.1
GLOBAL,LNDAGRFJIC04,WTRPRCFJI,13,2037,2.1
GLOBAL,LNDAGRFJIC04,WTRPRCFJI,13,2038,2.1
GLOBAL,LNDAGRFJIC04,WTRPRCFJI,13,2039,2.1
GLOBAL,LNDAGRFJIC04,WTRPRCFJI,13,2040,2.1
GLOBAL,LNDAGRFJIC04,WTRPRCFJI,13,2041,2.1
GLOBAL,LNDAGRFJIC04,WTRPRCFJI,13,2042,2.1
GLOBAL,LNDAGRFJIC04,WTRPRCFJI,13,2043,2.1
GLOBAL,LNDAGRFJIC04,WTRPRCFJI,13,2044,2.1
GLOBAL,LNDAGRFJIC04,WTRPRCFJI,13,2045,2.1
GLOBAL,LNDAGRFJIC04,WTRPRCFJI,13,2046,2.1
GLOBAL,LNDAGRFJIC04,WTRPRCFJI,13,2047,2.1
GLOBAL,LNDAGRFJIC04,WTRPRCFJI,13,2048,2.1
GLOBAL,LNDAGRFJIC04,WTRPRCFJI,13,2049,2.1
GLOBAL,LNDAGRFJIC04,WTRPRCFJI,13,2050,2.1
GLOBAL,LNDAGRFJIC04,AGRWATFJI,13,2020,0.001
GLOBAL,LNDAGRFJIC04,AGRWATFJI,13,2021,0.001
GLOBAL,LNDAGRFJIC04,AGRWATFJI,13,2022,0.001
GLOBAL,LNDAGRFJIC04,AGRWATFJI,13,2023,0.001
GLOBAL,LNDAGRFJIC04,AGRWATFJI,13,2024,0.001
GLOBAL,LNDAGRFJIC04,AGRWATFJI,13,2025,0.001
GLOBAL,LNDAGRFJIC04,AGRWATFJI,13,2026,0.001
GLOBAL,LNDAGRFJIC04,AGRWATFJI,13,2027,0.001
GLOBAL,LNDAGRFJIC04,AGRWATFJI,13,2028,0.001
GLOBAL,LNDAGRFJIC04,AGRWATFJI,13,2029,0.001
GLOBAL,LNDAGRFJIC04,AGRWATFJI,13,2030,0.001
GLOBAL,LNDAGRFJIC04,AGRWATFJI,13,2031,0.001
GLOBAL,LNDAGRFJIC04,AGRWATFJI,13,2032,0.001
GLOBAL,LNDAGRFJIC04,AGRWATFJI,13,2033,0.001
GLOBAL,LNDAGRFJIC04,AGRWATFJI,13,2034,0.001
GLOBAL,LNDAGRFJIC04,AGRWATFJI,13,2035,0.001
GLOBAL,LNDAGRFJIC04,AGRWATFJI,13,2036,0.001
GLOBAL,LNDAGRFJIC04,AGRWATFJI,13,2037,0.001
GLOBAL,LNDAGRFJIC04,AGRWATFJI,13,2038,0.001
GLOBAL,LNDAGRFJIC04,AGRWATFJI,13,2039,0.001
GLOBAL,LNDAGRFJIC04,AGRWATFJI,13,2040,0.001
GLOBAL,LNDAGRFJIC04,AGRWATFJI,13,2041,0.001
GLOBAL,LNDAGRFJIC04,AGRWATFJI,13,2042,0.001
GLOBAL,LNDAGRFJIC04,AGRWATFJI,13,2043,0.001
GLOBAL,LNDAGRFJIC04,AGRWATFJI,13,2044,0.001
GLOBAL,LNDAGRFJIC04,AGRWATFJI,13,2045,0.001
GLOBAL,LNDAGRFJIC04,AGRWATFJI,13,2046,0.001
GLOBAL,LNDAGRFJIC04,AGRWATFJI,13,2047,0.001
GLOBAL,LNDAGRFJIC04,AGRWATFJI,13,2048,0.001
GLOBAL,LNDAGRFJIC04,AGRWATFJI,13,2049,0.001
GLOBAL,LNDAGRFJIC04,AGRWATFJI,13,2050,0.001
GLOBAL,LNDAGRFJIC04,LYAMHRTOT,14,2020,1
GLOBAL,LNDAGRFJIC04,LYAMHRTOT,14,2021,1
GLOBAL,LNDAGRFJIC04,LYAMHRTOT,14,2022,1
GLOBAL,LNDAGRFJIC04,LYAMHRTOT,14,2023,1
GLOBAL,LNDAGRFJIC04,LYAMHRTOT,14,2024,1
GLOBAL,LNDAGRFJIC04,LYAMHRTOT,14,2025,1
GLOBAL,LNDAGRFJIC04,LYAMHRTOT,14,2026,1
GLOBAL,LNDAGRFJIC04,LYAMHRTOT,14,2027,1
GLOBAL,LNDAGRFJIC04,LYAMHRTOT,14,2028,1
GLOBAL,LNDAGRFJIC04,LYAMHRTOT,14,2029,1
GLOBAL,LNDAGRFJIC04,LYAMHRTOT,14,2030,1
GLOBAL,LNDAGRFJIC04,LYAMHRTOT,14,2031,1
GLOBAL,LNDAGRFJIC04,LYAMHRTOT,14,2032,1
GLOBAL,LNDAGRFJIC04,LYAMHRTOT,14,2033,1
GLOBAL,LNDAGRFJIC04,LYAMHRTOT,14,2034,1
GLOBAL,LNDAGRFJIC04,LYAMHRTOT,14,2035,1
GLOBAL,LNDAGRFJIC04,LYAMHRTOT,14,2036,1
GLOBAL,LNDAGRFJIC04,LYAMHRTOT,14,2037,1
GLOBAL,LNDAGRFJIC04,LYAMHRTOT,14,2038,1
GLOBAL,LNDAGRFJIC04,LYAMHRTOT,14,2039,1
GLOBAL,LNDAGRFJIC04,LYAMHRTOT,14,2040,1
GLOBAL,LNDAGRFJIC04,LYAMHRTOT,14,2041,1
GLOBAL,LNDAGRFJIC04,LYAMHRTOT,14,2042,1
GLOBAL,LNDAGRFJIC04,LYAMHRTOT,14,2043,1
GLOBAL,LNDAGRFJIC04,LYAMHRTOT,14,2044,1
GLOBAL,LNDAGRFJIC04,LYAMHRTOT,14,2045,1
GLOBAL,LNDAGRFJIC04,LYAMHRTOT,14,2046,1
GLOBAL,LNDAGRFJIC04,LYAMHRTOT,14,2047,1
GLOBAL,LNDAGRFJIC04,LYAMHRTOT,14,2048,1
GLOBAL,LNDAGRFJIC04,LYAMHRTOT,14,2049,1
GLOBAL,LNDAGRFJIC04,LYAMHRTOT,14,2050,1
GLOBAL,LNDAGRFJIC04,WTRPRCFJI,14,2020,2.1
GLOBAL,LNDAGRFJIC04,WTRPRCFJI,14,2021,2.1
GLOBAL,LNDAGRFJIC04,WTRPRCFJI,14,2022,2.1
GLOBAL,LNDAGRFJIC04,WTRPRCFJI,14,2023,2.1
GLOBAL,LNDAGRFJIC04,WTRPRCFJI,14,2024,2.1
GLOBAL,LNDAGRFJIC04,WTRPRCFJI,14,2025,2.1
GLOBAL,LNDAGRFJIC04,WTRPRCFJI,14,2026,2.1
GLOBAL,LNDAGRFJIC04,WTRPRCFJI,14,2027,2.1
GLOBAL,LNDAGRFJIC04,WTRPRCFJI,14,2028,2.1
GLOBAL,LNDAGRFJIC04,WTRPRCFJI,14,2029,2.1
GLOBAL,LNDAGRFJIC04,WTRPRCFJI,14,2030,2.1
GLOBAL,LNDAGRFJIC04,WTRPRCFJI,14,2031,2.1
GLOBAL,LNDAGRFJIC04,WTRPRCFJI,14,2032,2.1
GLOBAL,LNDAGRFJIC04,WTRPRCFJI,14,2033,2.1
GLOBAL,LNDAGRFJIC04,WTRPRCFJI,14,2034,2.1
GLOBAL,LNDAGRFJIC04,WTRPRCFJI,14,2035,2.1
GLOBAL,LNDAGRFJIC04,WTRPRCFJI,14,2036,2.1
GLOBAL,LNDAGRFJIC04,WTRPRCFJI,14,2037,2.1
GLOBAL,LNDAGRFJIC04,WTRPRCFJI,14,2038,2.1
GLOBAL,LNDAGRFJIC04,WTRPRCFJI,14,2039,2.1
GLOBAL,LNDAGRFJIC04,WTRPRCFJI,14,2040,2.1
GLOBAL,LNDAGRFJIC04,WTRPRCFJI,14,2041,2.1
GLOBAL,LNDAGRFJIC04,WTRPRCFJI,14,2042,2.1
GLOBAL,LNDAGRFJIC04,WTRPRCFJI,14,2043,2.1
GLOBAL,LNDAGRFJIC04,WTRPRCFJI,14,2044,2.1
GLOBAL,LNDAGRFJIC04,WTRPRCFJI,14,2045,2.1
GLOBAL,LNDAGRFJIC04,WTRPRCFJI,14,2046,2.1
GLOBAL,LNDAGRFJIC04,WTRPRCFJI,14,2047,2.1
GLOBAL,LNDAGRFJIC04,WTRPRCFJI,14,2048,2.1
GLOBAL,LNDAGRFJIC04,WTRPRCFJI,14,2049,2.1
GLOBAL,LNDAGRFJIC04,WTRPRCFJI,14,2050,2.1
GLOBAL,LNDAGRFJIC04,AGRWATFJI,14,2022,0
GLOBAL,LNDAGRFJIC04,AGRWATFJI,14,2024,0
GLOBAL,LNDAGRFJIC04,AGRWATFJI,14,2026,0
GLOBAL,LNDAGRFJIC04,AGRWATFJI,14,2028,0
GLOBAL,LNDAGRFJIC04,AGRWATFJI,14,2030,0
GLOBAL,LNDAGRFJIC04,AGRWATFJI,14,2032,0
GLOBAL,LNDAGRFJIC04,AGRWATFJI,14,2034,0
GLOBAL,LNDAGRFJIC04,AGRWATFJI,14,2036,0
GLOBAL,LNDAGRFJIC04,AGRWATFJI,14,2038,0
GLOBAL,LNDAGRFJIC04,AGRWATFJI,14,2040,0
GLOBAL,LNDAGRFJIC04,AGRWATFJI,14,2042,0
GLOBAL,LNDAGRFJIC04,AGRWATFJI,14,2044,0
GLOBAL,LNDAGRFJIC04,AGRWATFJI,14,2046,0
GLOBAL,LNDAGRFJIC04,AGRWATFJI,14,2048,0
GLOBAL,LNDAGRFJIC04,AGRWATFJI,14,2050,0
GLOBAL,LNDAGRFJIC04,LSGCHRTOT,15,2020,1
GLOBAL,LNDAGRFJIC04,LSGCHRTOT,15,2021,1
GLOBAL,LNDAGRFJIC04,LSGCHRTOT,15,2022,1
GLOBAL,LNDAGRFJIC04,LSGCHRTOT,15,2023,1
GLOBAL,LNDAGRFJIC04,LSGCHRTOT,15,2024,1
GLOBAL,LNDAGRFJIC04,LSGCHRTOT,15,2025,1
GLOBAL,LNDAGRFJIC04,LSGCHRTOT,15,2026,1
GLOBAL,LNDAGRFJIC04,LSGCHRTOT,15,2027,1
GLOBAL,LNDAGRFJIC04,LSGCHRTOT,15,2028,1
GLOBAL,LNDAGRFJIC04,LSGCHRTOT,15,2029,1
GLOBAL,LNDAGRFJIC04,LSGCHRTOT,15,2030,1
GLOBAL,LNDAGRFJIC04,LSGCHRTOT,15,2031,1
GLOBAL,LNDAGRFJIC04,LSGCHRTOT,15,2032,1
GLOBAL,LNDAGRFJIC04,LSGCHRTOT,15,2033,1
GLOBAL,LNDAGRFJIC04,LSGCHRTOT,15,2034,1
GLOBAL,LNDAGRFJIC04,LSGCHRTOT,15,2035,1
GLOBAL,LNDAGRFJIC04,LSGCHRTOT,15,2036,1
GLOBAL,LNDAGRFJIC04,LSGCHRTOT,15,2037,1
GLOBAL,LNDAGRFJIC04,LSGCHRTOT,15,2038,1
GLOBAL,LNDAGRFJIC04,LSGCHRTOT,15,2039,1
GLOBAL,LNDAGRFJIC04,LSGCHRTOT,15,2040,1
GLOBAL,LNDAGRFJIC04,LSGCHRTOT,15,2041,1
GLOBAL,LNDAGRFJIC04,LSGCHRTOT,15,2042,1
GLOBAL,LNDAGRFJIC04,LSGCHRTOT,15,2043,1
GLOBAL,LNDAGRFJIC04,LSGCHRTOT,15,2044,1
GLOBAL,LNDAGRFJIC04,LSGCHRTOT,15,2045,1
GLOBAL,LNDAGRFJIC04,LSGCHRTOT,15,2046,1
GLOBAL,LNDAGRFJIC04,LSGCHRTOT,15,2047,1
GLOBAL,LNDAGRFJIC04,LSGCHRTOT,15,2048,1
GLOBAL,LNDAGRFJIC04,LSGCHRTOT,15,2049,1
GLOBAL,LNDAGRFJIC04,LSGCHRTOT,15,2050,1
GLOBAL,LNDAGRFJIC04,WTRPRCFJI,15,2020,2.1
GLOBAL,LNDAGRFJIC04,WTRPRCFJI,15,2021,2.1
GLOBAL,LNDAGRFJIC04,WTRPRCFJI,15,2022,2.1
GLOBAL,LNDAGRFJIC04,WTRPRCFJI,15,2023,2.1
GLOBAL,LNDAGRFJIC04,WTRPRCFJI,15,2024,2.1
GLOBAL,LNDAGRFJIC04,WTRPRCFJI,15,2025,2.1
GLOBAL,LNDAGRFJIC04,WTRPRCFJI,15,2026,2.1
GLOBAL,LNDAGRFJIC04,WTRPRCFJI,15,2027,2.1
GLOBAL,LNDAGRFJIC04,WTRPRCFJI,15,2028,2.1
GLOBAL,LNDAGRFJIC04,WTRPRCFJI,15,2029,2.1
GLOBAL,LNDAGRFJIC04,WTRPRCFJI,15,2030,2.1
GLOBAL,LNDAGRFJIC04,WTRPRCFJI,15,2031,2.1
GLOBAL,LNDAGRFJIC04,WTRPRCFJI,15,2032,2.1
GLOBAL,LNDAGRFJIC04,WTRPRCFJI,15,2033,2.1
GLOBAL,LNDAGRFJIC04,WTRPRCFJI,15,2034,2.1
GLOBAL,LNDAGRFJIC04,WTRPRCFJI,15,2035,2.1
GLOBAL,LNDAGRFJIC04,WTRPRCFJI,15,2036,2.1
GLOBAL,LNDAGRFJIC04,WTRPRCFJI,15,2037,2.1
GLOBAL,LNDAGRFJIC04,WTRPRCFJI,15,2038,2.1
GLOBAL,LNDAGRFJIC04,WTRPRCFJI,15,2039,2.1
GLOBAL,LNDAGRFJIC04,WTRPRCFJI,15,2040,2.1
GLOBAL,LNDAGRFJIC04,WTRPRCFJI,15,2041,2.1
GLOBAL,LNDAGRFJIC04,WTRPRCFJI,15,2042,2.1
GLOBAL,LNDAGRFJIC04,WTRPRCFJI,15,2043,2.1
GLOBAL,LNDAGRFJIC04,WTRPRCFJI,15,2044,2.1
GLOBAL,LNDAGRFJIC04,WTRPRCFJI,15,2045,2.1
GLOBAL,LNDAGRFJIC04,WTRPRCFJI,15,2046,2.1
GLOBAL,LNDAGRFJIC04,WTRPRCFJI,15,2047,2.1
GLOBAL,LNDAGRFJIC04,WTRPRCFJI,15,2048,2.1
GLOBAL,LNDAGRFJIC04,WTRPRCFJI,15,2049,2.1
GLOBAL,LNDAGRFJIC04,WTRPRCFJI,15,2050,2.1
GLOBAL,LNDAGRFJIC04,AGRWATFJI,15,2022,0
GLOBAL,LNDAGRFJIC04,AGRWATFJI,15,2024,0
GLOBAL,LNDAGRFJIC04,AGRWATFJI,15,2026,0
GLOBAL,LNDAGRFJIC04,AGRWATFJI,15,2028,0
GLOBAL,LNDAGRFJIC04,AGRWATFJI,15,2030,0
GLOBAL,LNDAGRFJIC04,AGRWATFJI,15,2032,0
GLOBAL,LNDAGRFJIC04,AGRWATFJI,15,2034,0
GLOBAL,LNDAGRFJIC04,AGRWATFJI,15,2036,0
GLOBAL,LNDAGRFJIC04,AGRWATFJI,15,2038,0
GLOBAL,LNDAGRFJIC04,AGRWATFJI,15,2040,0
GLOBAL,LNDAGRFJIC04,AGRWATFJI,15,2042,0
GLOBAL,LNDAGRFJIC04,AGRWATFJI,15,2044,0
GLOBAL,LNDAGRFJIC04,AGRWATFJI,15,2046,0
GLOBAL,LNDAGRFJIC04,AGRWATFJI,15,2048,0
GLOBAL,LNDAGRFJIC04,AGRWATFJI,15,2050,0
GLOBAL,LNDAGRFJIC04,LSGCLRTOT,16,2020,1
GLOBAL,LNDAGRFJIC04,LSGCLRTOT,16,2021,1
GLOBAL,LNDAGRFJIC04,LSGCLRTOT,16,2022,1
GLOBAL,LNDAGRFJIC04,LSGCLRTOT,16,2023,1
GLOBAL,LNDAGRFJIC04,LSGCLRTOT,16,2024,1
GLOBAL,LNDAGRFJIC04,LSGCLRTOT,16,2025,1
GLOBAL,LNDAGRFJIC04,LSGCLRTOT,16,2026,1
GLOBAL,LNDAGRFJIC04,LSGCLRTOT,16,2027,1
GLOBAL,LNDAGRFJIC04,LSGCLRTOT,16,2028,1
GLOBAL,LNDAGRFJIC04,LSGCLRTOT,16,2029,1
GLOBAL,LNDAGRFJIC04,LSGCLRTOT,16,2030,1
GLOBAL,LNDAGRFJIC04,LSGCLRTOT,16,2031,1
GLOBAL,LNDAGRFJIC04,LSGCLRTOT,16,2032,1
GLOBAL,LNDAGRFJIC04,LSGCLRTOT,16,2033,1
GLOBAL,LNDAGRFJIC04,LSGCLRTOT,16,2034,1
GLOBAL,LNDAGRFJIC04,LSGCLRTOT,16,2035,1
GLOBAL,LNDAGRFJIC04,LSGCLRTOT,16,2036,1
GLOBAL,LNDAGRFJIC04,LSGCLRTOT,16,2037,1
GLOBAL,LNDAGRFJIC04,LSGCLRTOT,16,2038,1
GLOBAL,LNDAGRFJIC04,LSGCLRTOT,16,2039,1
GLOBAL,LNDAGRFJIC04,LSGCLRTOT,16,2040,1
GLOBAL,LNDAGRFJIC04,LSGCLRTOT,16,2041,1
GLOBAL,LNDAGRFJIC04,LSGCLRTOT,16,2042,1
GLOBAL,LNDAGRFJIC04,LSGCLRTOT,16,2043,1
GLOBAL,LNDAGRFJIC04,LSGCLRTOT,16,2044,1
GLOBAL,LNDAGRFJIC04,LSGCLRTOT,16,2045,1
GLOBAL,LNDAGRFJIC04,LSGCLRTOT,16,2046,1
GLOBAL,LNDAGRFJIC04,LSGCLRTOT,16,2047,1
GLOBAL,LNDAGRFJIC04,LSGCLRTOT,16,2048,1
GLOBAL,LNDAGRFJIC04,LSGCLRTOT,16,2049,1
GLOBAL,LNDAGRFJIC04,LSGCLRTOT,16,2050,1
GLOBAL,LNDAGRFJIC04,WTRPRCFJI,16,2020,2.1
GLOBAL,LNDAGRFJIC04,WTRPRCFJI,16,2021,2.1
GLOBAL,LNDAGRFJIC04,WTRPRCFJI,16,2022,2.1
GLOBAL,LNDAGRFJIC04,WTRPRCFJI,16,2023,2.1
GLOBAL,LNDAGRFJIC04,WTRPRCFJI,16,2024,2.1
GLOBAL,LNDAGRFJIC04,WTRPRCFJI,16,2025,2.1
GLOBAL,LNDAGRFJIC04,WTRPRCFJI,16,2026,2.1
GLOBAL,LNDAGRFJIC04,WTRPRCFJI,16,2027,2.1
GLOBAL,LNDAGRFJIC04,WTRPRCFJI,16,2028,2.1
GLOBAL,LNDAGRFJIC04,WTRPRCFJI,16,2029,2.1
GLOBAL,LNDAGRFJIC04,WTRPRCFJI,16,2030,2.1
GLOBAL,LNDAGRFJIC04,WTRPRCFJI,16,2031,2.1
GLOBAL,LNDAGRFJIC04,WTRPRCFJI,16,2032,2.1
GLOBAL,LNDAGRFJIC04,WTRPRCFJI,16,2033,2.1
GLOBAL,LNDAGRFJIC04,WTRPRCFJI,16,2034,2.1
GLOBAL,LNDAGRFJIC04,WTRPRCFJI,16,2035,2.1
GLOBAL,LNDAGRFJIC04,WTRPRCFJI,16,2036,2.1
GLOBAL,LNDAGRFJIC04,WTRPRCFJI,16,2037,2.1
GLOBAL,LNDAGRFJIC04,WTRPRCFJI,16,2038,2.1
GLOBAL,LNDAGRFJIC04,WTRPRCFJI,16,2039,2.1
GLOBAL,LNDAGRFJIC04,WTRPRCFJI,16,2040,2.1
GLOBAL,LNDAGRFJIC04,WTRPRCFJI,16,2041,2.1
GLOBAL,LNDAGRFJIC04,WTRPRCFJI,16,2042,2.1
GLOBAL,LNDAGRFJIC04,WTRPRCFJI,16,2043,2.1
GLOBAL,LNDAGRFJIC04,WTRPRCFJI,16,2044,2.1
GLOBAL,LNDAGRFJIC04,WTRPRCFJI,16,2045,2.1
GLOBAL,LNDAGRFJIC04,WTRPRCFJI,16,2046,2.1
GLOBAL,LNDAGRFJIC04,WTRPRCFJI,16,2047,2.1
GLOBAL,LNDAGRFJIC04,WTRPRCFJI,16,2048,2.1
GLOBAL,LNDAGRFJIC04,WTRPRCFJI,16,2049,2.1
GLOBAL,LNDAGRFJIC04,WTRPRCFJI,16,2050,2.1
GLOBAL,LNDAGRFJIC04,AGRWATFJI,16,2022,0
GLOBAL,LNDAGRFJIC04,AGRWATFJI,16,2024,0
GLOBAL,LNDAGRFJIC04,AGRWATFJI,16,2026,0
GLOBAL,LNDAGRFJIC04,AGRWATFJI,16,2028,0
GLOBAL,LNDAGRFJIC04,AGRWATFJI,16,2030,0
GLOBAL,LNDAGRFJIC04,AGRWATFJI,16,2032,0
GLOBAL,LNDAGRFJIC04,AGRWATFJI,16,2034,0
GLOBAL,LNDAGRFJIC04,AGRWATFJI,16,2036,0
GLOBAL,LNDAGRFJIC04,AGRWATFJI,16,2038,0
GLOBAL,LNDAGRFJIC04,AGRWATFJI,16,2040,0
GLOBAL,LNDAGRFJIC04,AGRWATFJI,16,2042,0
GLOBAL,LNDAGRFJIC04,AGRWATFJI,16,2044,0
GLOBAL,LNDAGRFJIC04,AGRWATFJI,16,2046,0
GLOBAL,LNDAGRFJIC04,AGRWATFJI,16,2048,0
GLOBAL,LNDAGRFJIC04,AGRWATFJI,16,2050,0
GLOBAL,LNDAGRFJIC04,LOTHLITOT,17,2020,1
GLOBAL,LNDAGRFJIC04,LOTHLITOT,17,2021,1
GLOBAL,LNDAGRFJIC04,LOTHLITOT,17,2022,1
GLOBAL,LNDAGRFJIC04,LOTHLITOT,17,2023,1
GLOBAL,LNDAGRFJIC04,LOTHLITOT,17,2024,1
GLOBAL,LNDAGRFJIC04,LOTHLITOT,17,2025,1
GLOBAL,LNDAGRFJIC04,LOTHLITOT,17,2026,1
GLOBAL,LNDAGRFJIC04,LOTHLITOT,17,2027,1
GLOBAL,LNDAGRFJIC04,LOTHLITOT,17,2028,1
GLOBAL,LNDAGRFJIC04,LOTHLITOT,17,2029,1
GLOBAL,LNDAGRFJIC04,LOTHLITOT,17,2030,1
GLOBAL,LNDAGRFJIC04,LOTHLITOT,17,2031,1
GLOBAL,LNDAGRFJIC04,LOTHLITOT,17,2032,1
GLOBAL,LNDAGRFJIC04,LOTHLITOT,17,2033,1
GLOBAL,LNDAGRFJIC04,LOTHLITOT,17,2034,1
GLOBAL,LNDAGRFJIC04,LOTHLITOT,17,2035,1
GLOBAL,LNDAGRFJIC04,LOTHLITOT,17,2036,1
GLOBAL,LNDAGRFJIC04,LOTHLITOT,17,2037,1
GLOBAL,LNDAGRFJIC04,LOTHLITOT,17,2038,1
GLOBAL,LNDAGRFJIC04,LOTHLITOT,17,2039,1
GLOBAL,LNDAGRFJIC04,LOTHLITOT,17,2040,1
GLOBAL,LNDAGRFJIC04,LOTHLITOT,17,2041,1
GLOBAL,LNDAGRFJIC04,LOTHLITOT,17,2042,1
GLOBAL,LNDAGRFJIC04,LOTHLITOT,17,2043,1
GLOBAL,LNDAGRFJIC04,LOTHLITOT,17,2044,1
GLOBAL,LNDAGRFJIC04,LOTHLITOT,17,2045,1
GLOBAL,LNDAGRFJIC04,LOTHLITOT,17,2046,1
GLOBAL,LNDAGRFJIC04,LOTHLITOT,17,2047,1
GLOBAL,LNDAGRFJIC04,LOTHLITOT,17,2048,1
GLOBAL,LNDAGRFJIC04,LOTHLITOT,17,2049,1
GLOBAL,LNDAGRFJIC04,LOTHLITOT,17,2050,1
GLOBAL,LNDAGRFJIC04,WTRPRCFJI,17,2020,2.1
GLOBAL,LNDAGRFJIC04,WTRPRCFJI,17,2021,2.1
GLOBAL,LNDAGRFJIC04,WTRPRCFJI,17,2022,2.1
GLOBAL,LNDAGRFJIC04,WTRPRCFJI,17,2023,2.1
GLOBAL,LNDAGRFJIC04,WTRPRCFJI,17,2024,2.1
GLOBAL,LNDAGRFJIC04,WTRPRCFJI,17,2025,2.1
GLOBAL,LNDAGRFJIC04,WTRPRCFJI,17,2026,2.1
GLOBAL,LNDAGRFJIC04,WTRPRCFJI,17,2027,2.1
GLOBAL,LNDAGRFJIC04,WTRPRCFJI,17,2028,2.1
GLOBAL,LNDAGRFJIC04,WTRPRCFJI,17,2029,2.1
GLOBAL,LNDAGRFJIC04,WTRPRCFJI,17,2030,2.1
GLOBAL,LNDAGRFJIC04,WTRPRCFJI,17,2031,2.1
GLOBAL,LNDAGRFJIC04,WTRPRCFJI,17,2032,2.1
GLOBAL,LNDAGRFJIC04,WTRPRCFJI,17,2033,2.1
GLOBAL,LNDAGRFJIC04,WTRPRCFJI,17,2034,2.1
GLOBAL,LNDAGRFJIC04,WTRPRCFJI,17,2035,2.1
GLOBAL,LNDAGRFJIC04,WTRPRCFJI,17,2036,2.1
GLOBAL,LNDAGRFJIC04,WTRPRCFJI,17,2037,2.1
GLOBAL,LNDAGRFJIC04,WTRPRCFJI,17,2038,2.1
GLOBAL,LNDAGRFJIC04,WTRPRCFJI,17,2039,2.1
GLOBAL,LNDAGRFJIC04,WTRPRCFJI,17,2040,2.1
GLOBAL,LNDAGRFJIC04,WTRPRCFJI,17,2041,2.1
GLOBAL,LNDAGRFJIC04,WTRPRCFJI,17,2042,2.1
GLOBAL,LNDAGRFJIC04,WTRPRCFJI,17,2043,2.1
GLOBAL,LNDAGRFJIC04,WTRPRCFJI,17,2044,2.1
GLOBAL,LNDAGRFJIC04,WTRPRCFJI,17,2045,2.1
GLOBAL,LNDAGRFJIC04,WTRPRCFJI,17,2046,2.1
GLOBAL,LNDAGRFJIC04,WTRPRCFJI,17,2047,2.1
GLOBAL,LNDAGRFJIC04,WTRPRCFJI,17,2048,2.1
GLOBAL,LNDAGRFJIC04,WTRPRCFJI,17,2049,2.1
GLOBAL,LNDAGRFJIC04,WTRPRCFJI,17,2050,2.1
GLOBAL,LNDAGRFJIC04,AGRWATFJI,17,2020,0.001
GLOBAL,LNDAGRFJIC04,AGRWATFJI,17,2021,0.001
GLOBAL,LNDAGRFJIC04,AGRWATFJI,17,2022,0.001
GLOBAL,LNDAGRFJIC04,AGRWATFJI,17,2023,0.001
GLOBAL,LNDAGRFJIC04,AGRWATFJI,17,2024,0.001
GLOBAL,LNDAGRFJIC04,AGRWATFJI,17,2025,0.001
GLOBAL,LNDAGRFJIC04,AGRWATFJI,17,2026,0.001
GLOBAL,LNDAGRFJIC04,AGRWATFJI,17,2027,0.001
GLOBAL,LNDAGRFJIC04,AGRWATFJI,17,2028,0.001
GLOBAL,LNDAGRFJIC04,AGRWATFJI,17,2029,0.001
GLOBAL,LNDAGRFJIC04,AGRWATFJI,17,2030,0.001
GLOBAL,LNDAGRFJIC04,AGRWATFJI,17,2031,0.001
GLOBAL,LNDAGRFJIC04,AGRWATFJI,17,2032,0.001
GLOBAL,LNDAGRFJIC04,AGRWATFJI,17,2033,0.001
GLOBAL,LNDAGRFJIC04,AGRWATFJI,17,2034,0.001
GLOBAL,LNDAGRFJIC04,AGRWATFJI,17,2035,0.001
GLOBAL,LNDAGRFJIC04,AGRWATFJI,17,2036,0.001
GLOBAL,LNDAGRFJIC04,AGRWATFJI,17,2037,0.001
GLOBAL,LNDAGRFJIC04,AGRWATFJI,17,2038,0.001
GLOBAL,LNDAGRFJIC04,AGRWATFJI,17,2039,0.001
GLOBAL,LNDAGRFJIC04,AGRWATFJI,17,2040,0.001
GLOBAL,LNDAGRFJIC04,AGRWATFJI,17,2041,0.001
GLOBAL,LNDAGRFJIC04,AGRWATFJI,17,2042,0.001
GLOBAL,LNDAGRFJIC04,AGRWATFJI,17,2043,0.001
GLOBAL,LNDAGRFJIC04,AGRWATFJI,17,2044,0.001
GLOBAL,LNDAGRFJIC04,AGRWATFJI,17,2045,0.001
GLOBAL,LNDAGRFJIC04,AGRWATFJI,17,2046,0.001
GLOBAL,LNDAGRFJIC04,AGRWATFJI,17,2047,0.001
GLOBAL,LNDAGRFJIC04,AGRWATFJI,17,2048,0.001
GLOBAL,LNDAGRFJIC04,AGRWATFJI,17,2049,0.001
GLOBAL,LNDAGRFJIC04,AGRWATFJI,17,2050,0.001
GLOBAL,LNDAGRFJIC04,LOTHHITOT,18,2020,1
GLOBAL,LNDAGRFJIC04,LOTHHITOT,18,2021,1
GLOBAL,LNDAGRFJIC04,LOTHHITOT,18,2022,1
GLOBAL,LNDAGRFJIC04,LOTHHITOT,18,2023,1
GLOBAL,LNDAGRFJIC04,LOTHHITOT,18,2024,1
GLOBAL,LNDAGRFJIC04,LOTHHITOT,18,2025,1
GLOBAL,LNDAGRFJIC04,LOTHHITOT,18,2026,1
GLOBAL,LNDAGRFJIC04,LOTHHITOT,18,2027,1
GLOBAL,LNDAGRFJIC04,LOTHHITOT,18,2028,1
GLOBAL,LNDAGRFJIC04,LOTHHITOT,18,2029,1
GLOBAL,LNDAGRFJIC04,LOTHHITOT,18,2030,1
GLOBAL,LNDAGRFJIC04,LOTHHITOT,18,2031,1
GLOBAL,LNDAGRFJIC04,LOTHHITOT,18,2032,1
GLOBAL,LNDAGRFJIC04,LOTHHITOT,18,2033,1
GLOBAL,LNDAGRFJIC04,LOTHHITOT,18,2034,1
GLOBAL,LNDAGRFJIC04,LOTHHITOT,18,2035,1
GLOBAL,LNDAGRFJIC04,LOTHHITOT,18,2036,1
GLOBAL,LNDAGRFJIC04,LOTHHITOT,18,2037,1
GLOBAL,LNDAGRFJIC04,LOTHHITOT,18,2038,1
GLOBAL,LNDAGRFJIC04,LOTHHITOT,18,2039,1
GLOBAL,LNDAGRFJIC04,LOTHHITOT,18,2040,1
GLOBAL,LNDAGRFJIC04,LOTHHITOT,18,2041,1
GLOBAL,LNDAGRFJIC04,LOTHHITOT,18,2042,1
GLOBAL,LNDAGRFJIC04,LOTHHITOT,18,2043,1
GLOBAL,LNDAGRFJIC04,LOTHHITOT,18,2044,1
GLOBAL,LNDAGRFJIC04,LOTHHITOT,18,2045,1
GLOBAL,LNDAGRFJIC04,LOTHHITOT,18,2046,1
GLOBAL,LNDAGRFJIC04,LOTHHITOT,18,2047,1
GLOBAL,LNDAGRFJIC04,LOTHHITOT,18,2048,1
GLOBAL,LNDAGRFJIC04,LOTHHITOT,18,2049,1
GLOBAL,LNDAGRFJIC04,LOTHHITOT,18,2050,1
GLOBAL,LNDAGRFJIC04,WTRPRCFJI,18,2020,2.1
GLOBAL,LNDAGRFJIC04,WTRPRCFJI,18,2021,2.1
GLOBAL,LNDAGRFJIC04,WTRPRCFJI,18,2022,2.1
GLOBAL,LNDAGRFJIC04,WTRPRCFJI,18,2023,2.1
GLOBAL,LNDAGRFJIC04,WTRPRCFJI,18,2024,2.1
GLOBAL,LNDAGRFJIC04,WTRPRCFJI,18,2025,2.1
GLOBAL,LNDAGRFJIC04,WTRPRCFJI,18,2026,2.1
GLOBAL,LNDAGRFJIC04,WTRPRCFJI,18,2027,2.1
GLOBAL,LNDAGRFJIC04,WTRPRCFJI,18,2028,2.1
GLOBAL,LNDAGRFJIC04,WTRPRCFJI,18,2029,2.1
GLOBAL,LNDAGRFJIC04,WTRPRCFJI,18,2030,2.1
GLOBAL,LNDAGRFJIC04,WTRPRCFJI,18,2031,2.1
GLOBAL,LNDAGRFJIC04,WTRPRCFJI,18,2032,2.1
GLOBAL,LNDAGRFJIC04,WTRPRCFJI,18,2033,2.1
GLOBAL,LNDAGRFJIC04,WTRPRCFJI,18,2034,2.1
GLOBAL,LNDAGRFJIC04,WTRPRCFJI,18,2035,2.1
GLOBAL,LNDAGRFJIC04,WTRPRCFJI,18,2036,2.1
GLOBAL,LNDAGRFJIC04,WTRPRCFJI,18,2037,2.1
GLOBAL,LNDAGRFJIC04,WTRPRCFJI,18,2038,2.1
GLOBAL,LNDAGRFJIC04,WTRPRCFJI,18,2039,2.1
GLOBAL,LNDAGRFJIC04,WTRPRCFJI,18,2040,2.1
GLOBAL,LNDAGRFJIC04,WTRPRCFJI,18,2041,2.1
GLOBAL,LNDAGRFJIC04,WTRPRCFJI,18,2042,2.1
GLOBAL,LNDAGRFJIC04,WTRPRCFJI,18,2043,2.1
GLOBAL,LNDAGRFJIC04,WTRPRCFJI,18,2044,2.1
GLOBAL,LNDAGRFJIC04,WTRPRCFJI,18,2045,2.1
GLOBAL,LNDAGRFJIC04,WTRPRCFJI,18,2046,2.1
GLOBAL,LNDAGRFJIC04,WTRPRCFJI,18,2047,2.1
GLOBAL,LNDAGRFJIC04,WTRPRCFJI,18,2048,2.1
GLOBAL,LNDAGRFJIC04,WTRPRCFJI,18,2049,2.1
GLOBAL,LNDAGRFJIC04,WTRPRCFJI,18,2050,2.1
GLOBAL,LNDAGRFJIC04,AGRWATFJI,18,2020,0.018
GLOBAL,LNDAGRFJIC04,AGRWATFJI,18,2021,0.018
GLOBAL,LNDAGRFJIC04,AGRWATFJI,18,2022,0.018
GLOBAL,LNDAGRFJIC04,AGRWATFJI,18,2023,0.018
GLOBAL,LNDAGRFJIC04,AGRWATFJI,18,2024,0.018
GLOBAL,LNDAGRFJIC04,AGRWATFJI,18,2025,0.018
GLOBAL,LNDAGRFJIC04,AGRWATFJI,18,2026,0.018
GLOBAL,LNDAGRFJIC04,AGRWATFJI,18,2027,0.018
GLOBAL,LNDAGRFJIC04,AGRWATFJI,18,2028,0.018
GLOBAL,LNDAGRFJIC04,AGRWATFJI,18,2029,0.018
GLOBAL,LNDAGRFJIC04,AGRWATFJI,18,2030,0.018
GLOBAL,LNDAGRFJIC04,AGRWATFJI,18,2031,0.018
GLOBAL,LNDAGRFJIC04,AGRWATFJI,18,2032,0.018
GLOBAL,LNDAGRFJIC04,AGRWATFJI,18,2033,0.018
GLOBAL,LNDAGRFJIC04,AGRWATFJI,18,2034,0.018
GLOBAL,LNDAGRFJIC04,AGRWATFJI,18,2035,0.018
GLOBAL,LNDAGRFJIC04,AGRWATFJI,18,2036,0.018
GLOBAL,LNDAGRFJIC04,AGRWATFJI,18,2037,0.018
GLOBAL,LNDAGRFJIC04,AGRWATFJI,18,2038,0.018
GLOBAL,LNDAGRFJIC04,AGRWATFJI,18,2039,0.018
GLOBAL,LNDAGRFJIC04,AGRWATFJI,18,2040,0.018
GLOBAL,LNDAGRFJIC04,AGRWATFJI,18,2041,0.018
GLOBAL,LNDAGRFJIC04,AGRWATFJI,18,2042,0.018
GLOBAL,LNDAGRFJIC04,AGRWATFJI,18,2043,0.018
GLOBAL,LNDAGRFJIC04,AGRWATFJI,18,2044,0.018
GLOBAL,LNDAGRFJIC04,AGRWATFJI,18,2045,0.018
GLOBAL,LNDAGRFJIC04,AGRWATFJI,18,2046,0.018
GLOBAL,LNDAGRFJIC04,AGRWATFJI,18,2047,0.018
GLOBAL,LNDAGRFJIC04,AGRWATFJI,18,2048,0.018
GLOBAL,LNDAGRFJIC04,AGRWATFJI,18,2049,0.018
GLOBAL,LNDAGRFJIC04,AGRWATFJI,18,2050,0.018
GLOBAL,LNDAGRFJIC04,LOTHLRTOT,19,2020,1
GLOBAL,LNDAGRFJIC04,LOTHLRTOT,19,2021,1
GLOBAL,LNDAGRFJIC04,LOTHLRTOT,19,2022,1
GLOBAL,LNDAGRFJIC04,LOTHLRTOT,19,2023,1
GLOBAL,LNDAGRFJIC04,LOTHLRTOT,19,2024,1
GLOBAL,LNDAGRFJIC04,LOTHLRTOT,19,2025,1
GLOBAL,LNDAGRFJIC04,LOTHLRTOT,19,2026,1
GLOBAL,LNDAGRFJIC04,LOTHLRTOT,19,2027,1
GLOBAL,LNDAGRFJIC04,LOTHLRTOT,19,2028,1
GLOBAL,LNDAGRFJIC04,LOTHLRTOT,19,2029,1
GLOBAL,LNDAGRFJIC04,LOTHLRTOT,19,2030,1
GLOBAL,LNDAGRFJIC04,LOTHLRTOT,19,2031,1
GLOBAL,LNDAGRFJIC04,LOTHLRTOT,19,2032,1
GLOBAL,LNDAGRFJIC04,LOTHLRTOT,19,2033,1
GLOBAL,LNDAGRFJIC04,LOTHLRTOT,19,2034,1
GLOBAL,LNDAGRFJIC04,LOTHLRTOT,19,2035,1
GLOBAL,LNDAGRFJIC04,LOTHLRTOT,19,2036,1
GLOBAL,LNDAGRFJIC04,LOTHLRTOT,19,2037,1
GLOBAL,LNDAGRFJIC04,LOTHLRTOT,19,2038,1
GLOBAL,LNDAGRFJIC04,LOTHLRTOT,19,2039,1
GLOBAL,LNDAGRFJIC04,LOTHLRTOT,19,2040,1
GLOBAL,LNDAGRFJIC04,LOTHLRTOT,19,2041,1
GLOBAL,LNDAGRFJIC04,LOTHLRTOT,19,2042,1
GLOBAL,LNDAGRFJIC04,LOTHLRTOT,19,2043,1
GLOBAL,LNDAGRFJIC04,LOTHLRTOT,19,2044,1
GLOBAL,LNDAGRFJIC04,LOTHLRTOT,19,2045,1
GLOBAL,LNDAGRFJIC04,LOTHLRTOT,19,2046,1
GLOBAL,LNDAGRFJIC04,LOTHLRTOT,19,2047,1
GLOBAL,LNDAGRFJIC04,LOTHLRTOT,19,2048,1
GLOBAL,LNDAGRFJIC04,LOTHLRTOT,19,2049,1
GLOBAL,LNDAGRFJIC04,LOTHLRTOT,19,2050,1
GLOBAL,LNDAGRFJIC04,WTRPRCFJI,19,2020,2.1
GLOBAL,LNDAGRFJIC04,WTRPRCFJI,19,2021,2.1
GLOBAL,LNDAGRFJIC04,WTRPRCFJI,19,2022,2.1
GLOBAL,LNDAGRFJIC04,WTRPRCFJI,19,2023,2.1
GLOBAL,LNDAGRFJIC04,WTRPRCFJI,19,2024,2.1
GLOBAL,LNDAGRFJIC04,WTRPRCFJI,19,2025,2.1
GLOBAL,LNDAGRFJIC04,WTRPRCFJI,19,2026,2.1
GLOBAL,LNDAGRFJIC04,WTRPRCFJI,19,2027,2.1
GLOBAL,LNDAGRFJIC04,WTRPRCFJI,19,2028,2.1
GLOBAL,LNDAGRFJIC04,WTRPRCFJI,19,2029,2.1
GLOBAL,LNDAGRFJIC04,WTRPRCFJI,19,2030,2.1
GLOBAL,LNDAGRFJIC04,WTRPRCFJI,19,2031,2.1
GLOBAL,LNDAGRFJIC04,WTRPRCFJI,19,2032,2.1
GLOBAL,LNDAGRFJIC04,WTRPRCFJI,19,2033,2.1
GLOBAL,LNDAGRFJIC04,WTRPRCFJI,19,2034,2.1
GLOBAL,LNDAGRFJIC04,WTRPRCFJI,19,2035,2.1
GLOBAL,LNDAGRFJIC04,WTRPRCFJI,19,2036,2.1
GLOBAL,LNDAGRFJIC04,WTRPRCFJI,19,2037,2.1
GLOBAL,LNDAGRFJIC04,WTRPRCFJI,19,2038,2.1
GLOBAL,LNDAGRFJIC04,WTRPRCFJI,19,2039,2.1
GLOBAL,LNDAGRFJIC04,WTRPRCFJI,19,2040,2.1
GLOBAL,LNDAGRFJIC04,WTRPRCFJI,19,2041,2.1
GLOBAL,LNDAGRFJIC04,WTRPRCFJI,19,2042,2.1
GLOBAL,LNDAGRFJIC04,WTRPRCFJI,19,2043,2.1
GLOBAL,LNDAGRFJIC04,WTRPRCFJI,19,2044,2.1
GLOBAL,LNDAGRFJIC04,WTRPRCFJI,19,2045,2.1
GLOBAL,LNDAGRFJIC04,WTRPRCFJI,19,2046,2.1
GLOBAL,LNDAGRFJIC04,WTRPRCFJI,19,2047,2.1
GLOBAL,LNDAGRFJIC04,WTRPRCFJI,19,2048,2.1
GLOBAL,LNDAGRFJIC04,WTRPRCFJI,19,2049,2.1
GLOBAL,LNDAGRFJIC04,WTRPRCFJI,19,2050,2.1
GLOBAL,LNDAGRFJIC04,AGRWATFJI,19,2022,0
GLOBAL,LNDAGRFJIC04,AGRWATFJI,19,2024,0
GLOBAL,LNDAGRFJIC04,AGRWATFJI,19,2026,0
GLOBAL,LNDAGRFJIC04,AGRWATFJI,19,2028,0
GLOBAL,LNDAGRFJIC04,AGRWATFJI,19,2030,0
GLOBAL,LNDAGRFJIC04,AGRWATFJI,19,2032,0
GLOBAL,LNDAGRFJIC04,AGRWATFJI,19,2034,0
GLOBAL,LNDAGRFJIC04,AGRWATFJI,19,2036,0
GLOBAL,LNDAGRFJIC04,AGRWATFJI,19,2038,0
GLOBAL,LNDAGRFJIC04,AGRWATFJI,19,2040,0
GLOBAL,LNDAGRFJIC04,AGRWATFJI,19,2042,0
GLOBAL,LNDAGRFJIC04,AGRWATFJI,19,2044,0
GLOBAL,LNDAGRFJIC04,AGRWATFJI,19,2046,0
GLOBAL,LNDAGRFJIC04,AGRWATFJI,19,2048,0
GLOBAL,LNDAGRFJIC04,AGRWATFJI,19,2050,0
GLOBAL,LNDAGRFJIC04,LOTHHRTOT,20,2020,1
GLOBAL,LNDAGRFJIC04,LOTHHRTOT,20,2021,1
GLOBAL,LNDAGRFJIC04,LOTHHRTOT,20,2022,1
GLOBAL,LNDAGRFJIC04,LOTHHRTOT,20,2023,1
GLOBAL,LNDAGRFJIC04,LOTHHRTOT,20,2024,1
GLOBAL,LNDAGRFJIC04,LOTHHRTOT,20,2025,1
GLOBAL,LNDAGRFJIC04,LOTHHRTOT,20,2026,1
GLOBAL,LNDAGRFJIC04,LOTHHRTOT,20,2027,1
GLOBAL,LNDAGRFJIC04,LOTHHRTOT,20,2028,1
GLOBAL,LNDAGRFJIC04,LOTHHRTOT,20,2029,1
GLOBAL,LNDAGRFJIC04,LOTHHRTOT,20,2030,1
GLOBAL,LNDAGRFJIC04,LOTHHRTOT,20,2031,1
GLOBAL,LNDAGRFJIC04,LOTHHRTOT,20,2032,1
GLOBAL,LNDAGRFJIC04,LOTHHRTOT,20,2033,1
GLOBAL,LNDAGRFJIC04,LOTHHRTOT,20,2034,1
GLOBAL,LNDAGRFJIC04,LOTHHRTOT,20,2035,1
GLOBAL,LNDAGRFJIC04,LOTHHRTOT,20,2036,1
GLOBAL,LNDAGRFJIC04,LOTHHRTOT,20,2037,1
GLOBAL,LNDAGRFJIC04,LOTHHRTOT,20,2038,1
GLOBAL,LNDAGRFJIC04,LOTHHRTOT,20,2039,1
GLOBAL,LNDAGRFJIC04,LOTHHRTOT,20,2040,1
GLOBAL,LNDAGRFJIC04,LOTHHRTOT,20,2041,1
GLOBAL,LNDAGRFJIC04,LOTHHRTOT,20,2042,1
GLOBAL,LNDAGRFJIC04,LOTHHRTOT,20,2043,1
GLOBAL,LNDAGRFJIC04,LOTHHRTOT,20,2044,1
GLOBAL,LNDAGRFJIC04,LOTHHRTOT,20,2045,1
GLOBAL,LNDAGRFJIC04,LOTHHRTOT,20,2046,1
GLOBAL,LNDAGRFJIC04,LOTHHRTOT,20,2047,1
GLOBAL,LNDAGRFJIC04,LOTHHRTOT,20,2048,1
GLOBAL,LNDAGRFJIC04,LOTHHRTOT,20,2049,1
GLOBAL,LNDAGRFJIC04,LOTHHRTOT,20,2050,1
GLOBAL,LNDAGRFJIC04,WTRPRCFJI,20,2020,2.1
GLOBAL,LNDAGRFJIC04,WTRPRCFJI,20,2021,2.1
GLOBAL,LNDAGRFJIC04,WTRPRCFJI,20,2022,2.1
GLOBAL,LNDAGRFJIC04,WTRPRCFJI,20,2023,2.1
GLOBAL,LNDAGRFJIC04,WTRPRCFJI,20,2024,2.1
GLOBAL,LNDAGRFJIC04,WTRPRCFJI,20,2025,2.1
GLOBAL,LNDAGRFJIC04,WTRPRCFJI,20,2026,2.1
GLOBAL,LNDAGRFJIC04,WTRPRCFJI,20,2027,2.1
GLOBAL,LNDAGRFJIC04,WTRPRCFJI,20,2028,2.1
GLOBAL,LNDAGRFJIC04,WTRPRCFJI,20,2029,2.1
GLOBAL,LNDAGRFJIC04,WTRPRCFJI,20,2030,2.1
GLOBAL,LNDAGRFJIC04,WTRPRCFJI,20,2031,2.1
GLOBAL,LNDAGRFJIC04,WTRPRCFJI,20,2032,2.1
GLOBAL,LNDAGRFJIC04,WTRPRCFJI,20,2033,2.1
GLOBAL,LNDAGRFJIC04,WTRPRCFJI,20,2034,2.1
GLOBAL,LNDAGRFJIC04,WTRPRCFJI,20,2035,2.1
GLOBAL,LNDAGRFJIC04,WTRPRCFJI,20,2036,2.1
GLOBAL,LNDAGRFJIC04,WTRPRCFJI,20,2037,2.1
GLOBAL,LNDAGRFJIC04,WTRPRCFJI,20,2038,2.1
GLOBAL,LNDAGRFJIC04,WTRPRCFJI,20,2039,2.1
GLOBAL,LNDAGRFJIC04,WTRPRCFJI,20,2040,2.1
GLOBAL,LNDAGRFJIC04,WTRPRCFJI,20,2041,2.1
GLOBAL,LNDAGRFJIC04,WTRPRCFJI,20,2042,2.1
GLOBAL,LNDAGRFJIC04,WTRPRCFJI,20,2043,2.1
GLOBAL,LNDAGRFJIC04,WTRPRCFJI,20,2044,2.1
GLOBAL,LNDAGRFJIC04,WTRPRCFJI,20,2045,2.1
GLOBAL,LNDAGRFJIC04,WTRPRCFJI,20,2046,2.1
GLOBAL,LNDAGRFJIC04,WTRPRCFJI,20,2047,2.1
GLOBAL,LNDAGRFJIC04,WTRPRCFJI,20,2048,2.1
GLOBAL,LNDAGRFJIC04,WTRPRCFJI,20,2049,2.1
GLOBAL,LNDAGRFJIC04,WTRPRCFJI,20,2050,2.1
GLOBAL,LNDAGRFJIC04,AGRWATFJI,20,2022,0
GLOBAL,LNDAGRFJIC04,AGRWATFJI,20,2024,0
GLOBAL,LNDAGRFJIC04,AGRWATFJI,20,2026,0
GLOBAL,LNDAGRFJIC04,AGRWATFJI,20,2028,0
GLOBAL,LNDAGRFJIC04,AGRWATFJI,20,2030,0
GLOBAL,LNDAGRFJIC04,AGRWATFJI,20,2032,0
GLOBAL,LNDAGRFJIC04,AGRWATFJI,20,2034,0
GLOBAL,LNDAGRFJIC04,AGRWATFJI,20,2036,0
GLOBAL,LNDAGRFJIC04,AGRWATFJI,20,2038,0
GLOBAL,LNDAGRFJIC04,AGRWATFJI,20,2040,0
GLOBAL,LNDAGRFJIC04,AGRWATFJI,20,2042,0
GLOBAL,LNDAGRFJIC04,AGRWATFJI,20,2044,0
GLOBAL,LNDAGRFJIC04,AGRWATFJI,20,2046,0
GLOBAL,LNDAGRFJIC04,AGRWATFJI,20,2048,0
GLOBAL,LNDAGRFJIC04,AGRWATFJI,20,2050,0
GLOBAL,LNDBARTOT,LTOT,1,2020,1
GLOBAL,LNDBARTOT,LTOT,1,2021,1
GLOBAL,LNDBARTOT,LTOT,1,2022,1
GLOBAL,LNDBARTOT,LTOT,1,2023,1
GLOBAL,LNDBARTOT,LTOT,1,2024,1
GLOBAL,LNDBARTOT,LTOT,1,2025,1
GLOBAL,LNDBARTOT,LTOT,1,2026,1
GLOBAL,LNDBARTOT,LTOT,1,2027,1
GLOBAL,LNDBARTOT,LTOT,1,2028,1
GLOBAL,LNDBARTOT,LTOT,1,2029,1
GLOBAL,LNDBARTOT,LTOT,1,2030,1
GLOBAL,LNDBARTOT,LTOT,1,2031,1
GLOBAL,LNDBARTOT,LTOT,1,2032,1
GLOBAL,LNDBARTOT,LTOT,1,2033,1
GLOBAL,LNDBARTOT,LTOT,1,2034,1
GLOBAL,LNDBARTOT,LTOT,1,2035,1
GLOBAL,LNDBARTOT,LTOT,1,2036,1
GLOBAL,LNDBARTOT,LTOT,1,2037,1
GLOBAL,LNDBARTOT,LTOT,1,2038,1
GLOBAL,LNDBARTOT,LTOT,1,2039,1
GLOBAL,LNDBARTOT,LTOT,1,2040,1
GLOBAL,LNDBARTOT,LTOT,1,2041,1
GLOBAL,LNDBARTOT,LTOT,1,2042,1
GLOBAL,LNDBARTOT,LTOT,1,2043,1
GLOBAL,LNDBARTOT,LTOT,1,2044,1
GLOBAL,LNDBARTOT,LTOT,1,2045,1
GLOBAL,LNDBARTOT,LTOT,1,2046,1
GLOBAL,LNDBARTOT,LTOT,1,2047,1
GLOBAL,LNDBARTOT,LTOT,1,2048,1
GLOBAL,LNDBARTOT,LTOT,1,2049,1
GLOBAL,LNDBARTOT,LTOT,1,2050,1
GLOBAL,LNDAGRFJIC01,LBARTOT,21,2020,1
GLOBAL,LNDAGRFJIC01,LBARTOT,21,2021,1
GLOBAL,LNDAGRFJIC01,LBARTOT,21,2022,1
GLOBAL,LNDAGRFJIC01,LBARTOT,21,2023,1
GLOBAL,LNDAGRFJIC01,LBARTOT,21,2024,1
GLOBAL,LNDAGRFJIC01,LBARTOT,21,2025,1
GLOBAL,LNDAGRFJIC01,LBARTOT,21,2026,1
GLOBAL,LNDAGRFJIC01,LBARTOT,21,2027,1
GLOBAL,LNDAGRFJIC01,LBARTOT,21,2028,1
GLOBAL,LNDAGRFJIC01,LBARTOT,21,2029,1
GLOBAL,LNDAGRFJIC01,LBARTOT,21,2030,1
GLOBAL,LNDAGRFJIC01,LBARTOT,21,2031,1
GLOBAL,LNDAGRFJIC01,LBARTOT,21,2032,1
GLOBAL,LNDAGRFJIC01,LBARTOT,21,2033,1
GLOBAL,LNDAGRFJIC01,LBARTOT,21,2034,1
GLOBAL,LNDAGRFJIC01,LBARTOT,21,2035,1
GLOBAL,LNDAGRFJIC01,LBARTOT,21,2036,1
GLOBAL,LNDAGRFJIC01,LBARTOT,21,2037,1
GLOBAL,LNDAGRFJIC01,LBARTOT,21,2038,1
GLOBAL,LNDAGRFJIC01,LBARTOT,21,2039,1
GLOBAL,LNDAGRFJIC01,LBARTOT,21,2040,1
GLOBAL,LNDAGRFJIC01,LBARTOT,21,2041,1
GLOBAL,LNDAGRFJIC01,LBARTOT,21,2042,1
GLOBAL,LNDAGRFJIC01,LBARTOT,21,2043,1
GLOBAL,LNDAGRFJIC01,LBARTOT,21,2044,1
GLOBAL,LNDAGRFJIC01,LBARTOT,21,2045,1
GLOBAL,LNDAGRFJIC01,LBARTOT,21,2046,1
GLOBAL,LNDAGRFJIC01,LBARTOT,21,2047,1
GLOBAL,LNDAGRFJIC01,LBARTOT,21,2048,1
GLOBAL,LNDAGRFJIC01,LBARTOT,21,2049,1
GLOBAL,LNDAGRFJIC01,LBARTOT,21,2050,1
GLOBAL,LNDAGRFJIC01,WTRPRCFJI,21,2020,2.7
GLOBAL,LNDAGRFJIC01,WTRPRCFJI,21,2021,2.7
GLOBAL,LNDAGRFJIC01,WTRPRCFJI,21,2022,2.7
GLOBAL,LNDAGRFJIC01,WTRPRCFJI,21,2023,2.7
GLOBAL,LNDAGRFJIC01,WTRPRCFJI,21,2024,2.7
GLOBAL,LNDAGRFJIC01,WTRPRCFJI,21,2025,2.7
GLOBAL,LNDAGRFJIC01,WTRPRCFJI,21,2026,2.7
GLOBAL,LNDAGRFJIC01,WTRPRCFJI,21,2027,2.7
GLOBAL,LNDAGRFJIC01,WTRPRCFJI,21,2028,2.7
GLOBAL,LNDAGRFJIC01,WTRPRCFJI,21,2029,2.7
GLOBAL,LNDAGRFJIC01,WTRPRCFJI,21,2030,2.7
GLOBAL,LNDAGRFJIC01,WTRPRCFJI,21,2031,2.7
GLOBAL,LNDAGRFJIC01,WTRPRCFJI,21,2032,2.7
GLOBAL,LNDAGRFJIC01,WTRPRCFJI,21,2033,2.7
GLOBAL,LNDAGRFJIC01,WTRPRCFJI,21,2034,2.7
GLOBAL,LNDAGRFJIC01,WTRPRCFJI,21,2035,2.7
GLOBAL,LNDAGRFJIC01,WTRPRCFJI,21,2036,2.7
GLOBAL,LNDAGRFJIC01,WTRPRCFJI,21,2037,2.7
GLOBAL,LNDAGRFJIC01,WTRPRCFJI,21,2038,2.7
GLOBAL,LNDAGRFJIC01,WTRPRCFJI,21,2039,2.7
GLOBAL,LNDAGRFJIC01,WTRPRCFJI,21,2040,2.7
GLOBAL,LNDAGRFJIC01,WTRPRCFJI,21,2041,2.7
GLOBAL,LNDAGRFJIC01,WTRPRCFJI,21,2042,2.7
GLOBAL,LNDAGRFJIC01,WTRPRCFJI,21,2043,2.7
GLOBAL,LNDAGRFJIC01,WTRPRCFJI,21,2044,2.7
GLOBAL,LNDAGRFJIC01,WTRPRCFJI,21,2045,2.7
GLOBAL,LNDAGRFJIC01,WTRPRCFJI,21,2046,2.7
GLOBAL,LNDAGRFJIC01,WTRPRCFJI,21,2047,2.7
GLOBAL,LNDAGRFJIC01,WTRPRCFJI,21,2048,2.7
GLOBAL,LNDAGRFJIC01,WTRPRCFJI,21,2049,2.7
GLOBAL,LNDAGRFJIC01,WTRPRCFJI,21,2050,2.7
GLOBAL,LNDAGRFJIC02,LBARTOT,21,2020,1
GLOBAL,LNDAGRFJIC02,LBARTOT,21,2021,1
GLOBAL,LNDAGRFJIC02,LBARTOT,21,2022,1
GLOBAL,LNDAGRFJIC02,LBARTOT,21,2023,1
GLOBAL,LNDAGRFJIC02,LBARTOT,21,2024,1
GLOBAL,LNDAGRFJIC02,LBARTOT,21,2025,1
GLOBAL,LNDAGRFJIC02,LBARTOT,21,2026,1
GLOBAL,LNDAGRFJIC02,LBARTOT,21,2027,1
GLOBAL,LNDAGRFJIC02,LBARTOT,21,2028,1
GLOBAL,LNDAGRFJIC02,LBARTOT,21,2029,1
GLOBAL,LNDAGRFJIC02,LBARTOT,21,2030,1
GLOBAL,LNDAGRFJIC02,LBARTOT,21,2031,1
GLOBAL,LNDAGRFJIC02,LBARTOT,21,2032,1
GLOBAL,LNDAGRFJIC02,LBARTOT,21,2033,1
GLOBAL,LNDAGRFJIC02,LBARTOT,21,2034,1
GLOBAL,LNDAGRFJIC02,LBARTOT,21,2035,1
GLOBAL,LNDAGRFJIC02,LBARTOT,21,2036,1
GLOBAL,LNDAGRFJIC02,LBARTOT,21,2037,1
GLOBAL,LNDAGRFJIC02,LBARTOT,21,2038,1
GLOBAL,LNDAGRFJIC02,LBARTOT,21,2039,1
GLOBAL,LNDAGRFJIC02,LBARTOT,21,2040,1
GLOBAL,LNDAGRFJIC02,LBARTOT,21,2041,1
GLOBAL,LNDAGRFJIC02,LBARTOT,21,2042,1
GLOBAL,LNDAGRFJIC02,LBARTOT,21,2043,1
GLOBAL,LNDAGRFJIC02,LBARTOT,21,2044,1
GLOBAL,LNDAGRFJIC02,LBARTOT,21,2045,1
GLOBAL,LNDAGRFJIC02,LBARTOT,21,2046,1
GLOBAL,LNDAGRFJIC02,LBARTOT,21,2047,1
GLOBAL,LNDAGRFJIC02,LBARTOT,21,2048,1
GLOBAL,LNDAGRFJIC02,LBARTOT,21,2049,1
GLOBAL,LNDAGRFJIC02,LBARTOT,21,2050,1
GLOBAL,LNDAGRFJIC02,WTRPRCFJI,21,2020,2.5
GLOBAL,LNDAGRFJIC02,WTRPRCFJI,21,2021,2.5
GLOBAL,LNDAGRFJIC02,WTRPRCFJI,21,2022,2.5
GLOBAL,LNDAGRFJIC02,WTRPRCFJI,21,2023,2.5
GLOBAL,LNDAGRFJIC02,WTRPRCFJI,21,2024,2.5
GLOBAL,LNDAGRFJIC02,WTRPRCFJI,21,2025,2.5
GLOBAL,LNDAGRFJIC02,WTRPRCFJI,21,2026,2.5
GLOBAL,LNDAGRFJIC02,WTRPRCFJI,21,2027,2.5
GLOBAL,LNDAGRFJIC02,WTRPRCFJI,21,2028,2.5
GLOBAL,LNDAGRFJIC02,WTRPRCFJI,21,2029,2.5
GLOBAL,LNDAGRFJIC02,WTRPRCFJI,21,2030,2.5
GLOBAL,LNDAGRFJIC02,WTRPRCFJI,21,2031,2.5
GLOBAL,LNDAGRFJIC02,WTRPRCFJI,21,2032,2.5
GLOBAL,LNDAGRFJIC02,WTRPRCFJI,21,2033,2.5
GLOBAL,LNDAGRFJIC02,WTRPRCFJI,21,2034,2.5
GLOBAL,LNDAGRFJIC02,WTRPRCFJI,21,2035,2.5
GLOBAL,LNDAGRFJIC02,WTRPRCFJI,21,2036,2.5
GLOBAL,LNDAGRFJIC02,WTRPRCFJI,21,2037,2.5
GLOBAL,LNDAGRFJIC02,WTRPRCFJI,21,2038,2.5
GLOBAL,LNDAGRFJIC02,WTRPRCFJI,21,2039,2.5
GLOBAL,LNDAGRFJIC02,WTRPRCFJI,21,2040,2.5
GLOBAL,LNDAGRFJIC02,WTRPRCFJI,21,2041,2.5
GLOBAL,LNDAGRFJIC02,WTRPRCFJI,21,2042,2.5
GLOBAL,LNDAGRFJIC02,WTRPRCFJI,21,2043,2.5
GLOBAL,LNDAGRFJIC02,WTRPRCFJI,21,2044,2.5
GLOBAL,LNDAGRFJIC02,WTRPRCFJI,21,2045,2.5
GLOBAL,LNDAGRFJIC02,WTRPRCFJI,21,2046,2.5
GLOBAL,LNDAGRFJIC02,WTRPRCFJI,21,2047,2.5
GLOBAL,LNDAGRFJIC02,WTRPRCFJI,21,2048,2.5
GLOBAL,LNDAGRFJIC02,WTRPRCFJI,21,2049,2.5
GLOBAL,LNDAGRFJIC02,WTRPRCFJI,21,2050,2.5
GLOBAL,LNDAGRFJIC03,LBARTOT,21,2020,1
GLOBAL,LNDAGRFJIC03,LBARTOT,21,2021,1
GLOBAL,LNDAGRFJIC03,LBARTOT,21,2022,1
GLOBAL,LNDAGRFJIC03,LBARTOT,21,2023,1
GLOBAL,LNDAGRFJIC03,LBARTOT,21,2024,1
GLOBAL,LNDAGRFJIC03,LBARTOT,21,2025,1
GLOBAL,LNDAGRFJIC03,LBARTOT,21,2026,1
GLOBAL,LNDAGRFJIC03,LBARTOT,21,2027,1
GLOBAL,LNDAGRFJIC03,LBARTOT,21,2028,1
GLOBAL,LNDAGRFJIC03,LBARTOT,21,2029,1
GLOBAL,LNDAGRFJIC03,LBARTOT,21,2030,1
GLOBAL,LNDAGRFJIC03,LBARTOT,21,2031,1
GLOBAL,LNDAGRFJIC03,LBARTOT,21,2032,1
GLOBAL,LNDAGRFJIC03,LBARTOT,21,2033,1
GLOBAL,LNDAGRFJIC03,LBARTOT,21,2034,1
GLOBAL,LNDAGRFJIC03,LBARTOT,21,2035,1
GLOBAL,LNDAGRFJIC03,LBARTOT,21,2036,1
GLOBAL,LNDAGRFJIC03,LBARTOT,21,2037,1
GLOBAL,LNDAGRFJIC03,LBARTOT,21,2038,1
GLOBAL,LNDAGRFJIC03,LBARTOT,21,2039,1
GLOBAL,LNDAGRFJIC03,LBARTOT,21,2040,1
GLOBAL,LNDAGRFJIC03,LBARTOT,21,2041,1
GLOBAL,LNDAGRFJIC03,LBARTOT,21,2042,1
GLOBAL,LNDAGRFJIC03,LBARTOT,21,2043,1
GLOBAL,LNDAGRFJIC03,LBARTOT,21,2044,1
GLOBAL,LNDAGRFJIC03,LBARTOT,21,2045,1
GLOBAL,LNDAGRFJIC03,LBARTOT,21,2046,1
GLOBAL,LNDAGRFJIC03,LBARTOT,21,2047,1
GLOBAL,LNDAGRFJIC03,LBARTOT,21,2048,1
GLOBAL,LNDAGRFJIC03,LBARTOT,21,2049,1
GLOBAL,LNDAGRFJIC03,LBARTOT,21,2050,1
GLOBAL,LNDAGRFJIC03,WTRPRCFJI,21,2020,2.7
GLOBAL,LNDAGRFJIC03,WTRPRCFJI,21,2021,2.7
GLOBAL,LNDAGRFJIC03,WTRPRCFJI,21,2022,2.7
GLOBAL,LNDAGRFJIC03,WTRPRCFJI,21,2023,2.7
GLOBAL,LNDAGRFJIC03,WTRPRCFJI,21,2024,2.7
GLOBAL,LNDAGRFJIC03,WTRPRCFJI,21,2025,2.7
GLOBAL,LNDAGRFJIC03,WTRPRCFJI,21,2026,2.7
GLOBAL,LNDAGRFJIC03,WTRPRCFJI,21,2027,2.7
GLOBAL,LNDAGRFJIC03,WTRPRCFJI,21,2028,2.7
GLOBAL,LNDAGRFJIC03,WTRPRCFJI,21,2029,2.7
GLOBAL,LNDAGRFJIC03,WTRPRCFJI,21,2030,2.7
GLOBAL,LNDAGRFJIC03,WTRPRCFJI,21,2031,2.7
GLOBAL,LNDAGRFJIC03,WTRPRCFJI,21,2032,2.7
GLOBAL,LNDAGRFJIC03,WTRPRCFJI,21,2033,2.7
GLOBAL,LNDAGRFJIC03,WTRPRCFJI,21,2034,2.7
GLOBAL,LNDAGRFJIC03,WTRPRCFJI,21,2035,2.7
GLOBAL,LNDAGRFJIC03,WTRPRCFJI,21,2036,2.7
GLOBAL,LNDAGRFJIC03,WTRPRCFJI,21,2037,2.7
GLOBAL,LNDAGRFJIC03,WTRPRCFJI,21,2038,2.7
GLOBAL,LNDAGRFJIC03,WTRPRCFJI,21,2039,2.7
GLOBAL,LNDAGRFJIC03,WTRPRCFJI,21,2040,2.7
GLOBAL,LNDAGRFJIC03,WTRPRCFJI,21,2041,2.7
GLOBAL,LNDAGRFJIC03,WTRPRCFJI,21,2042,2.7
GLOBAL,LNDAGRFJIC03,WTRPRCFJI,21,2043,2.7
GLOBAL,LNDAGRFJIC03,WTRPRCFJI,21,2044,2.7
GLOBAL,LNDAGRFJIC03,WTRPRCFJI,21,2045,2.7
GLOBAL,LNDAGRFJIC03,WTRPRCFJI,21,2046,2.7
GLOBAL,LNDAGRFJIC03,WTRPRCFJI,21,2047,2.7
GLOBAL,LNDAGRFJIC03,WTRPRCFJI,21,2048,2.7
GLOBAL,LNDAGRFJIC03,WTRPRCFJI,21,2049,2.7
GLOBAL,LNDAGRFJIC03,WTRPRCFJI,21,2050,2.7
GLOBAL,LNDAGRFJIC04,LBARTOT,21,2020,1
GLOBAL,LNDAGRFJIC04,LBARTOT,21,2021,1
GLOBAL,LNDAGRFJIC04,LBARTOT,21,2022,1
GLOBAL,LNDAGRFJIC04,LBARTOT,21,2023,1
GLOBAL,LNDAGRFJIC04,LBARTOT,21,2024,1
GLOBAL,LNDAGRFJIC04,LBARTOT,21,2025,1
GLOBAL,LNDAGRFJIC04,LBARTOT,21,2026,1
GLOBAL,LNDAGRFJIC04,LBARTOT,21,2027,1
GLOBAL,LNDAGRFJIC04,LBARTOT,21,2028,1
GLOBAL,LNDAGRFJIC04,LBARTOT,21,2029,1
GLOBAL,LNDAGRFJIC04,LBARTOT,21,2030,1
GLOBAL,LNDAGRFJIC04,LBARTOT,21,2031,1
GLOBAL,LNDAGRFJIC04,LBARTOT,21,2032,1
GLOBAL,LNDAGRFJIC04,LBARTOT,21,2033,1
GLOBAL,LNDAGRFJIC04,LBARTOT,21,2034,1
GLOBAL,LNDAGRFJIC04,LBARTOT,21,2035,1
GLOBAL,LNDAGRFJIC04,LBARTOT,21,2036,1
GLOBAL,LNDAGRFJIC04,LBARTOT,21,2037,1
GLOBAL,LNDAGRFJIC04,LBARTOT,21,2038,1
GLOBAL,LNDAGRFJIC04,LBARTOT,21,2039,1
GLOBAL,LNDAGRFJIC04,LBARTOT,21,2040,1
GLOBAL,LNDAGRFJIC04,LBARTOT,21,2041,1
GLOBAL,LNDAGRFJIC04,LBARTOT,21,2042,1
GLOBAL,LNDAGRFJIC04,LBARTOT,21,2043,1
GLOBAL,LNDAGRFJIC04,LBARTOT,21,2044,1
GLOBAL,LNDAGRFJIC04,LBARTOT,21,2045,1
GLOBAL,LNDAGRFJIC04,LBARTOT,21,2046,1
GLOBAL,LNDAGRFJIC04,LBARTOT,21,2047,1
GLOBAL,LNDAGRFJIC04,LBARTOT,21,2048,1
GLOBAL,LNDAGRFJIC04,LBARTOT,21,2049,1
GLOBAL,LNDAGRFJIC04,LBARTOT,21,2050,1
GLOBAL,LNDAGRFJIC04,WTRPRCFJI,21,2020,2.1
GLOBAL,LNDAGRFJIC04,WTRPRCFJI,21,2021,2.1
GLOBAL,LNDAGRFJIC04,WTRPRCFJI,21,2022,2.1
GLOBAL,LNDAGRFJIC04,WTRPRCFJI,21,2023,2.1
GLOBAL,LNDAGRFJIC04,WTRPRCFJI,21,2024,2.1
GLOBAL,LNDAGRFJIC04,WTRPRCFJI,21,2025,2.1
GLOBAL,LNDAGRFJIC04,WTRPRCFJI,21,2026,2.1
GLOBAL,LNDAGRFJIC04,WTRPRCFJI,21,2027,2.1
GLOBAL,LNDAGRFJIC04,WTRPRCFJI,21,2028,2.1
GLOBAL,LNDAGRFJIC04,WTRPRCFJI,21,2029,2.1
GLOBAL,LNDAGRFJIC04,WTRPRCFJI,21,2030,2.1
GLOBAL,LNDAGRFJIC04,WTRPRCFJI,21,2031,2.1
GLOBAL,LNDAGRFJIC04,WTRPRCFJI,21,2032,2.1
GLOBAL,LNDAGRFJIC04,WTRPRCFJI,21,2033,2.1
GLOBAL,LNDAGRFJIC04,WTRPRCFJI,21,2034,2.1
GLOBAL,LNDAGRFJIC04,WTRPRCFJI,21,2035,2.1
GLOBAL,LNDAGRFJIC04,WTRPRCFJI,21,2036,2.1
GLOBAL,LNDAGRFJIC04,WTRPRCFJI,21,2037,2.1
GLOBAL,LNDAGRFJIC04,WTRPRCFJI,21,2038,2.1
GLOBAL,LNDAGRFJIC04,WTRPRCFJI,21,2039,2.1
GLOBAL,LNDAGRFJIC04,WTRPRCFJI,21,2040,2.1
GLOBAL,LNDAGRFJIC04,WTRPRCFJI,21,2041,2.1
GLOBAL,LNDAGRFJIC04,WTRPRCFJI,21,2042,2.1
GLOBAL,LNDAGRFJIC04,WTRPRCFJI,21,2043,2.1
GLOBAL,LNDAGRFJIC04,WTRPRCFJI,21,2044,2.1
GLOBAL,LNDAGRFJIC04,WTRPRCFJI,21,2045,2.1
GLOBAL,LNDAGRFJIC04,WTRPRCFJI,21,2046,2.1
GLOBAL,LNDAGRFJIC04,WTRPRCFJI,21,2047,2.1
GLOBAL,LNDAGRFJIC04,WTRPRCFJI,21,2048,2.1
GLOBAL,LNDAGRFJIC04,WTRPRCFJI,21,2049,2.1
GLOBAL,LNDAGRFJIC04,WTRPRCFJI,21,2050,2.1
GLOBAL,LNDBLTTOT,LTOT,1,2020,1
GLOBAL,LNDBLTTOT,LTOT,1,2021,1
GLOBAL,LNDBLTTOT,LTOT,1,2022,1
GLOBAL,LNDBLTTOT,LTOT,1,2023,1
GLOBAL,LNDBLTTOT,LTOT,1,2024,1
GLOBAL,LNDBLTTOT,LTOT,1,2025,1
GLOBAL,LNDBLTTOT,LTOT,1,2026,1
GLOBAL,LNDBLTTOT,LTOT,1,2027,1
GLOBAL,LNDBLTTOT,LTOT,1,2028,1
GLOBAL,LNDBLTTOT,LTOT,1,2029,1
GLOBAL,LNDBLTTOT,LTOT,1,2030,1
GLOBAL,LNDBLTTOT,LTOT,1,2031,1
GLOBAL,LNDBLTTOT,LTOT,1,2032,1
GLOBAL,LNDBLTTOT,LTOT,1,2033,1
GLOBAL,LNDBLTTOT,LTOT,1,2034,1
GLOBAL,LNDBLTTOT,LTOT,1,2035,1
GLOBAL,LNDBLTTOT,LTOT,1,2036,1
GLOBAL,LNDBLTTOT,LTOT,1,2037,1
GLOBAL,LNDBLTTOT,LTOT,1,2038,1
GLOBAL,LNDBLTTOT,LTOT,1,2039,1
GLOBAL,LNDBLTTOT,LTOT,1,2040,1
GLOBAL,LNDBLTTOT,LTOT,1,2041,1
GLOBAL,LNDBLTTOT,LTOT,1,2042,1
GLOBAL,LNDBLTTOT,LTOT,1,2043,1
GLOBAL,LNDBLTTOT,LTOT,1,2044,1
GLOBAL,LNDBLTTOT,LTOT,1,2045,1
GLOBAL,LNDBLTTOT,LTOT,1,2046,1
GLOBAL,LNDBLTTOT,LTOT,1,2047,1
GLOBAL,LNDBLTTOT,LTOT,1,2048,1
GLOBAL,LNDBLTTOT,LTOT,1,2049,1
GLOBAL,LNDBLTTOT,LTOT,1,2050,1
GLOBAL,LNDAGRFJIC01,LBLTTOT,22,2020,1
GLOBAL,LNDAGRFJIC01,LBLTTOT,22,2021,1
GLOBAL,LNDAGRFJIC01,LBLTTOT,22,2022,1
GLOBAL,LNDAGRFJIC01,LBLTTOT,22,2023,1
GLOBAL,LNDAGRFJIC01,LBLTTOT,22,2024,1
GLOBAL,LNDAGRFJIC01,LBLTTOT,22,2025,1
GLOBAL,LNDAGRFJIC01,LBLTTOT,22,2026,1
GLOBAL,LNDAGRFJIC01,LBLTTOT,22,2027,1
GLOBAL,LNDAGRFJIC01,LBLTTOT,22,2028,1
GLOBAL,LNDAGRFJIC01,LBLTTOT,22,2029,1
GLOBAL,LNDAGRFJIC01,LBLTTOT,22,2030,1
GLOBAL,LNDAGRFJIC01,LBLTTOT,22,2031,1
GLOBAL,LNDAGRFJIC01,LBLTTOT,22,2032,1
GLOBAL,LNDAGRFJIC01,LBLTTOT,22,2033,1
GLOBAL,LNDAGRFJIC01,LBLTTOT,22,2034,1
GLOBAL,LNDAGRFJIC01,LBLTTOT,22,2035,1
GLOBAL,LNDAGRFJIC01,LBLTTOT,22,2036,1
GLOBAL,LNDAGRFJIC01,LBLTTOT,22,2037,1
GLOBAL,LNDAGRFJIC01,LBLTTOT,22,2038,1
GLOBAL,LNDAGRFJIC01,LBLTTOT,22,2039,1
GLOBAL,LNDAGRFJIC01,LBLTTOT,22,2040,1
GLOBAL,LNDAGRFJIC01,LBLTTOT,22,2041,1
GLOBAL,LNDAGRFJIC01,LBLTTOT,22,2042,1
GLOBAL,LNDAGRFJIC01,LBLTTOT,22,2043,1
GLOBAL,LNDAGRFJIC01,LBLTTOT,22,2044,1
GLOBAL,LNDAGRFJIC01,LBLTTOT,22,2045,1
GLOBAL,LNDAGRFJIC01,LBLTTOT,22,2046,1
GLOBAL,LNDAGRFJIC01,LBLTTOT,22,2047,1
GLOBAL,LNDAGRFJIC01,LBLTTOT,22,2048,1
GLOBAL,LNDAGRFJIC01,LBLTTOT,22,2049,1
GLOBAL,LNDAGRFJIC01,LBLTTOT,22,2050,1
GLOBAL,LNDAGRFJIC01,WTRPRCFJI,22,2020,2.7
GLOBAL,LNDAGRFJIC01,WTRPRCFJI,22,2021,2.7
GLOBAL,LNDAGRFJIC01,WTRPRCFJI,22,2022,2.7
GLOBAL,LNDAGRFJIC01,WTRPRCFJI,22,2023,2.7
GLOBAL,LNDAGRFJIC01,WTRPRCFJI,22,2024,2.7
GLOBAL,LNDAGRFJIC01,WTRPRCFJI,22,2025,2.7
GLOBAL,LNDAGRFJIC01,WTRPRCFJI,22,2026,2.7
GLOBAL,LNDAGRFJIC01,WTRPRCFJI,22,2027,2.7
GLOBAL,LNDAGRFJIC01,WTRPRCFJI,22,2028,2.7
GLOBAL,LNDAGRFJIC01,WTRPRCFJI,22,2029,2.7
GLOBAL,LNDAGRFJIC01,WTRPRCFJI,22,2030,2.7
GLOBAL,LNDAGRFJIC01,WTRPRCFJI,22,2031,2.7
GLOBAL,LNDAGRFJIC01,WTRPRCFJI,22,2032,2.7
GLOBAL,LNDAGRFJIC01,WTRPRCFJI,22,2033,2.7
GLOBAL,LNDAGRFJIC01,WTRPRCFJI,22,2034,2.7
GLOBAL,LNDAGRFJIC01,WTRPRCFJI,22,2035,2.7
GLOBAL,LNDAGRFJIC01,WTRPRCFJI,22,2036,2.7
GLOBAL,LNDAGRFJIC01,WTRPRCFJI,22,2037,2.7
GLOBAL,LNDAGRFJIC01,WTRPRCFJI,22,2038,2.7
GLOBAL,LNDAGRFJIC01,WTRPRCFJI,22,2039,2.7
GLOBAL,LNDAGRFJIC01,WTRPRCFJI,22,2040,2.7
GLOBAL,LNDAGRFJIC01,WTRPRCFJI,22,2041,2.7
GLOBAL,LNDAGRFJIC01,WTRPRCFJI,22,2042,2.7
GLOBAL,LNDAGRFJIC01,WTRPRCFJI,22,2043,2.7
GLOBAL,LNDAGRFJIC01,WTRPRCFJI,22,2044,2.7
GLOBAL,LNDAGRFJIC01,WTRPRCFJI,22,2045,2.7
GLOBAL,LNDAGRFJIC01,WTRPRCFJI,22,2046,2.7
GLOBAL,LNDAGRFJIC01,WTRPRCFJI,22,2047,2.7
GLOBAL,LNDAGRFJIC01,WTRPRCFJI,22,2048,2.7
GLOBAL,LNDAGRFJIC01,WTRPRCFJI,22,2049,2.7
GLOBAL,LNDAGRFJIC01,WTRPRCFJI,22,2050,2.7
GLOBAL,LNDAGRFJIC02,LBLTTOT,22,2020,1
GLOBAL,LNDAGRFJIC02,LBLTTOT,22,2021,1
GLOBAL,LNDAGRFJIC02,LBLTTOT,22,2022,1
GLOBAL,LNDAGRFJIC02,LBLTTOT,22,2023,1
GLOBAL,LNDAGRFJIC02,LBLTTOT,22,2024,1
GLOBAL,LNDAGRFJIC02,LBLTTOT,22,2025,1
GLOBAL,LNDAGRFJIC02,LBLTTOT,22,2026,1
GLOBAL,LNDAGRFJIC02,LBLTTOT,22,2027,1
GLOBAL,LNDAGRFJIC02,LBLTTOT,22,2028,1
GLOBAL,LNDAGRFJIC02,LBLTTOT,22,2029,1
GLOBAL,LNDAGRFJIC02,LBLTTOT,22,2030,1
GLOBAL,LNDAGRFJIC02,LBLTTOT,22,2031,1
GLOBAL,LNDAGRFJIC02,LBLTTOT,22,2032,1
GLOBAL,LNDAGRFJIC02,LBLTTOT,22,2033,1
GLOBAL,LNDAGRFJIC02,LBLTTOT,22,2034,1
GLOBAL,LNDAGRFJIC02,LBLTTOT,22,2035,1
GLOBAL,LNDAGRFJIC02,LBLTTOT,22,2036,1
GLOBAL,LNDAGRFJIC02,LBLTTOT,22,2037,1
GLOBAL,LNDAGRFJIC02,LBLTTOT,22,2038,1
GLOBAL,LNDAGRFJIC02,LBLTTOT,22,2039,1
GLOBAL,LNDAGRFJIC02,LBLTTOT,22,2040,1
GLOBAL,LNDAGRFJIC02,LBLTTOT,22,2041,1
GLOBAL,LNDAGRFJIC02,LBLTTOT,22,2042,1
GLOBAL,LNDAGRFJIC02,LBLTTOT,22,2043,1
GLOBAL,LNDAGRFJIC02,LBLTTOT,22,2044,1
GLOBAL,LNDAGRFJIC02,LBLTTOT,22,2045,1
GLOBAL,LNDAGRFJIC02,LBLTTOT,22,2046,1
GLOBAL,LNDAGRFJIC02,LBLTTOT,22,2047,1
GLOBAL,LNDAGRFJIC02,LBLTTOT,22,2048,1
GLOBAL,LNDAGRFJIC02,LBLTTOT,22,2049,1
GLOBAL,LNDAGRFJIC02,LBLTTOT,22,2050,1
GLOBAL,LNDAGRFJIC02,WTRPRCFJI,22,2020,2.5
GLOBAL,LNDAGRFJIC02,WTRPRCFJI,22,2021,2.5
GLOBAL,LNDAGRFJIC02,WTRPRCFJI,22,2022,2.5
GLOBAL,LNDAGRFJIC02,WTRPRCFJI,22,2023,2.5
GLOBAL,LNDAGRFJIC02,WTRPRCFJI,22,2024,2.5
GLOBAL,LNDAGRFJIC02,WTRPRCFJI,22,2025,2.5
GLOBAL,LNDAGRFJIC02,WTRPRCFJI,22,2026,2.5
GLOBAL,LNDAGRFJIC02,WTRPRCFJI,22,2027,2.5
GLOBAL,LNDAGRFJIC02,WTRPRCFJI,22,2028,2.5
GLOBAL,LNDAGRFJIC02,WTRPRCFJI,22,2029,2.5
GLOBAL,LNDAGRFJIC02,WTRPRCFJI,22,2030,2.5
GLOBAL,LNDAGRFJIC02,WTRPRCFJI,22,2031,2.5
GLOBAL,LNDAGRFJIC02,WTRPRCFJI,22,2032,2.5
GLOBAL,LNDAGRFJIC02,WTRPRCFJI,22,2033,2.5
GLOBAL,LNDAGRFJIC02,WTRPRCFJI,22,2034,2.5
GLOBAL,LNDAGRFJIC02,WTRPRCFJI,22,2035,2.5
GLOBAL,LNDAGRFJIC02,WTRPRCFJI,22,2036,2.5
GLOBAL,LNDAGRFJIC02,WTRPRCFJI,22,2037,2.5
GLOBAL,LNDAGRFJIC02,WTRPRCFJI,22,2038,2.5
GLOBAL,LNDAGRFJIC02,WTRPRCFJI,22,2039,2.5
GLOBAL,LNDAGRFJIC02,WTRPRCFJI,22,2040,2.5
GLOBAL,LNDAGRFJIC02,WTRPRCFJI,22,2041,2.5
GLOBAL,LNDAGRFJIC02,WTRPRCFJI,22,2042,2.5
GLOBAL,LNDAGRFJIC02,WTRPRCFJI,22,2043,2.5
GLOBAL,LNDAGRFJIC02,WTRPRCFJI,22,2044,2.5
GLOBAL,LNDAGRFJIC02,WTRPRCFJI,22,2045,2.5
GLOBAL,LNDAGRFJIC02,WTRPRCFJI,22,2046,2.5
GLOBAL,LNDAGRFJIC02,WTRPRCFJI,22,2047,2.5
GLOBAL,LNDAGRFJIC02,WTRPRCFJI,22,2048,2.5
GLOBAL,LNDAGRFJIC02,WTRPRCFJI,22,2049,2.5
GLOBAL,LNDAGRFJIC02,WTRPRCFJI,22,2050,2.5
GLOBAL,LNDAGRFJIC03,LBLTTOT,22,2020,1
GLOBAL,LNDAGRFJIC03,LBLTTOT,22,2021,1
GLOBAL,LNDAGRFJIC03,LBLTTOT,22,2022,1
GLOBAL,LNDAGRFJIC03,LBLTTOT,22,2023,1
GLOBAL,LNDAGRFJIC03,LBLTTOT,22,2024,1
GLOBAL,LNDAGRFJIC03,LBLTTOT,22,2025,1
GLOBAL,LNDAGRFJIC03,LBLTTOT,22,2026,1
GLOBAL,LNDAGRFJIC03,LBLTTOT,22,2027,1
GLOBAL,LNDAGRFJIC03,LBLTTOT,22,2028,1
GLOBAL,LNDAGRFJIC03,LBLTTOT,22,2029,1
GLOBAL,LNDAGRFJIC03,LBLTTOT,22,2030,1
GLOBAL,LNDAGRFJIC03,LBLTTOT,22,2031,1
GLOBAL,LNDAGRFJIC03,LBLTTOT,22,2032,1
GLOBAL,LNDAGRFJIC03,LBLTTOT,22,2033,1
GLOBAL,LNDAGRFJIC03,LBLTTOT,22,2034,1
GLOBAL,LNDAGRFJIC03,LBLTTOT,22,2035,1
GLOBAL,LNDAGRFJIC03,LBLTTOT,22,2036,1
GLOBAL,LNDAGRFJIC03,LBLTTOT,22,2037,1
GLOBAL,LNDAGRFJIC03,LBLTTOT,22,2038,1
GLOBAL,LNDAGRFJIC03,LBLTTOT,22,2039,1
GLOBAL,LNDAGRFJIC03,LBLTTOT,22,2040,1
GLOBAL,LNDAGRFJIC03,LBLTTOT,22,2041,1
GLOBAL,LNDAGRFJIC03,LBLTTOT,22,2042,1
GLOBAL,LNDAGRFJIC03,LBLTTOT,22,2043,1
GLOBAL,LNDAGRFJIC03,LBLTTOT,22,2044,1
GLOBAL,LNDAGRFJIC03,LBLTTOT,22,2045,1
GLOBAL,LNDAGRFJIC03,LBLTTOT,22,2046,1
GLOBAL,LNDAGRFJIC03,LBLTTOT,22,2047,1
GLOBAL,LNDAGRFJIC03,LBLTTOT,22,2048,1
GLOBAL,LNDAGRFJIC03,LBLTTOT,22,2049,1
GLOBAL,LNDAGRFJIC03,LBLTTOT,22,2050,1
GLOBAL,LNDAGRFJIC03,WTRPRCFJI,22,2020,2.7
GLOBAL,LNDAGRFJIC03,WTRPRCFJI,22,2021,2.7
GLOBAL,LNDAGRFJIC03,WTRPRCFJI,22,2022,2.7
GLOBAL,LNDAGRFJIC03,WTRPRCFJI,22,2023,2.7
GLOBAL,LNDAGRFJIC03,WTRPRCFJI,22,2024,2.7
GLOBAL,LNDAGRFJIC03,WTRPRCFJI,22,2025,2.7
GLOBAL,LNDAGRFJIC03,WTRPRCFJI,22,2026,2.7
GLOBAL,LNDAGRFJIC03,WTRPRCFJI,22,2027,2.7
GLOBAL,LNDAGRFJIC03,WTRPRCFJI,22,2028,2.7
GLOBAL,LNDAGRFJIC03,WTRPRCFJI,22,2029,2.7
GLOBAL,LNDAGRFJIC03,WTRPRCFJI,22,2030,2.7
GLOBAL,LNDAGRFJIC03,WTRPRCFJI,22,2031,2.7
GLOBAL,LNDAGRFJIC03,WTRPRCFJI,22,2032,2.7
GLOBAL,LNDAGRFJIC03,WTRPRCFJI,22,2033,2.7
GLOBAL,LNDAGRFJIC03,WTRPRCFJI,22,2034,2.7
GLOBAL,LNDAGRFJIC03,WTRPRCFJI,22,2035,2.7
GLOBAL,LNDAGRFJIC03,WTRPRCFJI,22,2036,2.7
GLOBAL,LNDAGRFJIC03,WTRPRCFJI,22,2037,2.7
GLOBAL,LNDAGRFJIC03,WTRPRCFJI,22,2038,2.7
GLOBAL,LNDAGRFJIC03,WTRPRCFJI,22,2039,2.7
GLOBAL,LNDAGRFJIC03,WTRPRCFJI,22,2040,2.7
GLOBAL,LNDAGRFJIC03,WTRPRCFJI,22,2041,2.7
GLOBAL,LNDAGRFJIC03,WTRPRCFJI,22,2042,2.7
GLOBAL,LNDAGRFJIC03,WTRPRCFJI,22,2043,2.7
GLOBAL,LNDAGRFJIC03,WTRPRCFJI,22,2044,2.7
GLOBAL,LNDAGRFJIC03,WTRPRCFJI,22,2045,2.7
GLOBAL,LNDAGRFJIC03,WTRPRCFJI,22,2046,2.7
GLOBAL,LNDAGRFJIC03,WTRPRCFJI,22,2047,2.7
GLOBAL,LNDAGRFJIC03,WTRPRCFJI,22,2048,2.7
GLOBAL,LNDAGRFJIC03,WTRPRCFJI,22,2049,2.7
GLOBAL,LNDAGRFJIC03,WTRPRCFJI,22,2050,2.7
GLOBAL,LNDAGRFJIC04,LBLTTOT,22,2020,1
GLOBAL,LNDAGRFJIC04,LBLTTOT,22,2021,1
GLOBAL,LNDAGRFJIC04,LBLTTOT,22,2022,1
GLOBAL,LNDAGRFJIC04,LBLTTOT,22,2023,1
GLOBAL,LNDAGRFJIC04,LBLTTOT,22,2024,1
GLOBAL,LNDAGRFJIC04,LBLTTOT,22,2025,1
GLOBAL,LNDAGRFJIC04,LBLTTOT,22,2026,1
GLOBAL,LNDAGRFJIC04,LBLTTOT,22,2027,1
GLOBAL,LNDAGRFJIC04,LBLTTOT,22,2028,1
GLOBAL,LNDAGRFJIC04,LBLTTOT,22,2029,1
GLOBAL,LNDAGRFJIC04,LBLTTOT,22,2030,1
GLOBAL,LNDAGRFJIC04,LBLTTOT,22,2031,1
GLOBAL,LNDAGRFJIC04,LBLTTOT,22,2032,1
GLOBAL,LNDAGRFJIC04,LBLTTOT,22,2033,1
GLOBAL,LNDAGRFJIC04,LBLTTOT,22,2034,1
GLOBAL,LNDAGRFJIC04,LBLTTOT,22,2035,1
GLOBAL,LNDAGRFJIC04,LBLTTOT,22,2036,1
GLOBAL,LNDAGRFJIC04,LBLTTOT,22,2037,1
GLOBAL,LNDAGRFJIC04,LBLTTOT,22,2038,1
GLOBAL,LNDAGRFJIC04,LBLTTOT,22,2039,1
GLOBAL,LNDAGRFJIC04,LBLTTOT,22,2040,1
GLOBAL,LNDAGRFJIC04,LBLTTOT,22,2041,1
GLOBAL,LNDAGRFJIC04,LBLTTOT,22,2042,1
GLOBAL,LNDAGRFJIC04,LBLTTOT,22,2043,1
GLOBAL,LNDAGRFJIC04,LBLTTOT,22,2044,1
GLOBAL,LNDAGRFJIC04,LBLTTOT,22,2045,1
GLOBAL,LNDAGRFJIC04,LBLTTOT,22,2046,1
GLOBAL,LNDAGRFJIC04,LBLTTOT,22,2047,1
GLOBAL,LNDAGRFJIC04,LBLTTOT,22,2048,1
GLOBAL,LNDAGRFJIC04,LBLTTOT,22,2049,1
GLOBAL,LNDAGRFJIC04,LBLTTOT,22,2050,1
GLOBAL,LNDAGRFJIC04,WTRPRCFJI,22,2020,2.1
GLOBAL,LNDAGRFJIC04,WTRPRCFJI,22,2021,2.1
GLOBAL,LNDAGRFJIC04,WTRPRCFJI,22,2022,2.1
GLOBAL,LNDAGRFJIC04,WTRPRCFJI,22,2023,2.1
GLOBAL,LNDAGRFJIC04,WTRPRCFJI,22,2024,2.1
GLOBAL,LNDAGRFJIC04,WTRPRCFJI,22,2025,2.1
GLOBAL,LNDAGRFJIC04,WTRPRCFJI,22,2026,2.1
GLOBAL,LNDAGRFJIC04,WTRPRCFJI,22,2027,2.1
GLOBAL,LNDAGRFJIC04,WTRPRCFJI,22,2028,2.1
GLOBAL,LNDAGRFJIC04,WTRPRCFJI,22,2029,2.1
GLOBAL,LNDAGRFJIC04,WTRPRCFJI,22,2030,2.1
GLOBAL,LNDAGRFJIC04,WTRPRCFJI,22,2031,2.1
GLOBAL,LNDAGRFJIC04,WTRPRCFJI,22,2032,2.1
GLOBAL,LNDAGRFJIC04,WTRPRCFJI,22,2033,2.1
GLOBAL,LNDAGRFJIC04,WTRPRCFJI,22,2034,2.1
GLOBAL,LNDAGRFJIC04,WTRPRCFJI,22,2035,2.1
GLOBAL,LNDAGRFJIC04,WTRPRCFJI,22,2036,2.1
GLOBAL,LNDAGRFJIC04,WTRPRCFJI,22,2037,2.1
GLOBAL,LNDAGRFJIC04,WTRPRCFJI,22,2038,2.1
GLOBAL,LNDAGRFJIC04,WTRPRCFJI,22,2039,2.1
GLOBAL,LNDAGRFJIC04,WTRPRCFJI,22,2040,2.1
GLOBAL,LNDAGRFJIC04,WTRPRCFJI,22,2041,2.1
GLOBAL,LNDAGRFJIC04,WTRPRCFJI,22,2042,2.1
GLOBAL,LNDAGRFJIC04,WTRPRCFJI,22,2043,2.1
GLOBAL,LNDAGRFJIC04,WTRPRCFJI,22,2044,2.1
GLOBAL,LNDAGRFJIC04,WTRPRCFJI,22,2045,2.1
GLOBAL,LNDAGRFJIC04,WTRPRCFJI,22,2046,2.1
GLOBAL,LNDAGRFJIC04,WTRPRCFJI,22,2047,2.1
GLOBAL,LNDAGRFJIC04,WTRPRCFJI,22,2048,2.1
GLOBAL,LNDAGRFJIC04,WTRPRCFJI,22,2049,2.1
GLOBAL,LNDAGRFJIC04,WTRPRCFJI,22,2050,2.1
GLOBAL,LNDFORTOT,LTOT,1,2020,1
GLOBAL,LNDFORTOT,LTOT,1,2021,1
GLOBAL,LNDFORTOT,LTOT,1,2022,1
GLOBAL,LNDFORTOT,LTOT,1,2023,1
GLOBAL,LNDFORTOT,LTOT,1,2024,1
GLOBAL,LNDFORTOT,LTOT,1,2025,1
GLOBAL,LNDFORTOT,LTOT,1,2026,1
GLOBAL,LNDFORTOT,LTOT,1,2027,1
GLOBAL,LNDFORTOT,LTOT,1,2028,1
GLOBAL,LNDFORTOT,LTOT,1,2029,1
GLOBAL,LNDFORTOT,LTOT,1,2030,1
GLOBAL,LNDFORTOT,LTOT,1,2031,1
GLOBAL,LNDFORTOT,LTOT,1,2032,1
GLOBAL,LNDFORTOT,LTOT,1,2033,1
GLOBAL,LNDFORTOT,LTOT,1,2034,1
GLOBAL,LNDFORTOT,LTOT,1,2035,1
GLOBAL,LNDFORTOT,LTOT,1,2036,1
GLOBAL,LNDFORTOT,LTOT,1,2037,1
GLOBAL,LNDFORTOT,LTOT,1,2038,1
GLOBAL,LNDFORTOT,LTOT,1,2039,1
GLOBAL,LNDFORTOT,LTOT,1,2040,1
GLOBAL,LNDFORTOT,LTOT,1,2041,1
GLOBAL,LNDFORTOT,LTOT,1,2042,1
GLOBAL,LNDFORTOT,LTOT,1,2043,1
GLOBAL,LNDFORTOT,LTOT,1,2044,1
GLOBAL,LNDFORTOT,LTOT,1,2045,1
GLOBAL,LNDFORTOT,LTOT,1,2046,1
GLOBAL,LNDFORTOT,LTOT,1,2047,1
GLOBAL,LNDFORTOT,LTOT,1,2048,1
GLOBAL,LNDFORTOT,LTOT,1,2049,1
GLOBAL,LNDFORTOT,LTOT,1,2050,1
GLOBAL,LNDAGRFJIC01,LFORTOT,23,2020,1
GLOBAL,LNDAGRFJIC01,LFORTOT,23,2021,1
GLOBAL,LNDAGRFJIC01,LFORTOT,23,2022,1
GLOBAL,LNDAGRFJIC01,LFORTOT,23,2023,1
GLOBAL,LNDAGRFJIC01,LFORTOT,23,2024,1
GLOBAL,LNDAGRFJIC01,LFORTOT,23,2025,1
GLOBAL,LNDAGRFJIC01,LFORTOT,23,2026,1
GLOBAL,LNDAGRFJIC01,LFORTOT,23,2027,1
GLOBAL,LNDAGRFJIC01,LFORTOT,23,2028,1
GLOBAL,LNDAGRFJIC01,LFORTOT,23,2029,1
GLOBAL,LNDAGRFJIC01,LFORTOT,23,2030,1
GLOBAL,LNDAGRFJIC01,LFORTOT,23,2031,1
GLOBAL,LNDAGRFJIC01,LFORTOT,23,2032,1
GLOBAL,LNDAGRFJIC01,LFORTOT,23,2033,1
GLOBAL,LNDAGRFJIC01,LFORTOT,23,2034,1
GLOBAL,LNDAGRFJIC01,LFORTOT,23,2035,1
GLOBAL,LNDAGRFJIC01,LFORTOT,23,2036,1
GLOBAL,LNDAGRFJIC01,LFORTOT,23,2037,1
GLOBAL,LNDAGRFJIC01,LFORTOT,23,2038,1
GLOBAL,LNDAGRFJIC01,LFORTOT,23,2039,1
GLOBAL,LNDAGRFJIC01,LFORTOT,23,2040,1
GLOBAL,LNDAGRFJIC01,LFORTOT,23,2041,1
GLOBAL,LNDAGRFJIC01,LFORTOT,23,2042,1
GLOBAL,LNDAGRFJIC01,LFORTOT,23,2043,1
GLOBAL,LNDAGRFJIC01,LFORTOT,23,2044,1
GLOBAL,LNDAGRFJIC01,LFORTOT,23,2045,1
GLOBAL,LNDAGRFJIC01,LFORTOT,23,2046,1
GLOBAL,LNDAGRFJIC01,LFORTOT,23,2047,1
GLOBAL,LNDAGRFJIC01,LFORTOT,23,2048,1
GLOBAL,LNDAGRFJIC01,LFORTOT,23,2049,1
GLOBAL,LNDAGRFJIC01,LFORTOT,23,2050,1
GLOBAL,LNDAGRFJIC01,WTRPRCFJI,23,2020,2.7
GLOBAL,LNDAGRFJIC01,WTRPRCFJI,23,2021,2.7
GLOBAL,LNDAGRFJIC01,WTRPRCFJI,23,2022,2.7
GLOBAL,LNDAGRFJIC01,WTRPRCFJI,23,2023,2.7
GLOBAL,LNDAGRFJIC01,WTRPRCFJI,23,2024,2.7
GLOBAL,LNDAGRFJIC01,WTRPRCFJI,23,2025,2.7
GLOBAL,LNDAGRFJIC01,WTRPRCFJI,23,2026,2.7
GLOBAL,LNDAGRFJIC01,WTRPRCFJI,23,2027,2.7
GLOBAL,LNDAGRFJIC01,WTRPRCFJI,23,2028,2.7
GLOBAL,LNDAGRFJIC01,WTRPRCFJI,23,2029,2.7
GLOBAL,LNDAGRFJIC01,WTRPRCFJI,23,2030,2.7
GLOBAL,LNDAGRFJIC01,WTRPRCFJI,23,2031,2.7
GLOBAL,LNDAGRFJIC01,WTRPRCFJI,23,2032,2.7
GLOBAL,LNDAGRFJIC01,WTRPRCFJI,23,2033,2.7
GLOBAL,LNDAGRFJIC01,WTRPRCFJI,23,2034,2.7
GLOBAL,LNDAGRFJIC01,WTRPRCFJI,23,2035,2.7
GLOBAL,LNDAGRFJIC01,WTRPRCFJI,23,2036,2.7
GLOBAL,LNDAGRFJIC01,WTRPRCFJI,23,2037,2.7
GLOBAL,LNDAGRFJIC01,WTRPRCFJI,23,2038,2.7
GLOBAL,LNDAGRFJIC01,WTRPRCFJI,23,2039,2.7
GLOBAL,LNDAGRFJIC01,WTRPRCFJI,23,2040,2.7
GLOBAL,LNDAGRFJIC01,WTRPRCFJI,23,2041,2.7
GLOBAL,LNDAGRFJIC01,WTRPRCFJI,23,2042,2.7
GLOBAL,LNDAGRFJIC01,WTRPRCFJI,23,2043,2.7
GLOBAL,LNDAGRFJIC01,WTRPRCFJI,23,2044,2.7
GLOBAL,LNDAGRFJIC01,WTRPRCFJI,23,2045,2.7
GLOBAL,LNDAGRFJIC01,WTRPRCFJI,23,2046,2.7
GLOBAL,LNDAGRFJIC01,WTRPRCFJI,23,2047,2.7
GLOBAL,LNDAGRFJIC01,WTRPRCFJI,23,2048,2.7
GLOBAL,LNDAGRFJIC01,WTRPRCFJI,23,2049,2.7
GLOBAL,LNDAGRFJIC01,WTRPRCFJI,23,2050,2.7
GLOBAL,LNDAGRFJIC02,LFORTOT,23,2020,1
GLOBAL,LNDAGRFJIC02,LFORTOT,23,2021,1
GLOBAL,LNDAGRFJIC02,LFORTOT,23,2022,1
GLOBAL,LNDAGRFJIC02,LFORTOT,23,2023,1
GLOBAL,LNDAGRFJIC02,LFORTOT,23,2024,1
GLOBAL,LNDAGRFJIC02,LFORTOT,23,2025,1
GLOBAL,LNDAGRFJIC02,LFORTOT,23,2026,1
GLOBAL,LNDAGRFJIC02,LFORTOT,23,2027,1
GLOBAL,LNDAGRFJIC02,LFORTOT,23,2028,1
GLOBAL,LNDAGRFJIC02,LFORTOT,23,2029,1
GLOBAL,LNDAGRFJIC02,LFORTOT,23,2030,1
GLOBAL,LNDAGRFJIC02,LFORTOT,23,2031,1
GLOBAL,LNDAGRFJIC02,LFORTOT,23,2032,1
GLOBAL,LNDAGRFJIC02,LFORTOT,23,2033,1
GLOBAL,LNDAGRFJIC02,LFORTOT,23,2034,1
GLOBAL,LNDAGRFJIC02,LFORTOT,23,2035,1
GLOBAL,LNDAGRFJIC02,LFORTOT,23,2036,1
GLOBAL,LNDAGRFJIC02,LFORTOT,23,2037,1
GLOBAL,LNDAGRFJIC02,LFORTOT,23,2038,1
GLOBAL,LNDAGRFJIC02,LFORTOT,23,2039,1
GLOBAL,LNDAGRFJIC02,LFORTOT,23,2040,1
GLOBAL,LNDAGRFJIC02,LFORTOT,23,2041,1
GLOBAL,LNDAGRFJIC02,LFORTOT,23,2042,1
GLOBAL,LNDAGRFJIC02,LFORTOT,23,2043,1
GLOBAL,LNDAGRFJIC02,LFORTOT,23,2044,1
GLOBAL,LNDAGRFJIC02,LFORTOT,23,2045,1
GLOBAL,LNDAGRFJIC02,LFORTOT,23,2046,1
GLOBAL,LNDAGRFJIC02,LFORTOT,23,2047,1
GLOBAL,LNDAGRFJIC02,LFORTOT,23,2048,1
GLOBAL,LNDAGRFJIC02,LFORTOT,23,2049,1
GLOBAL,LNDAGRFJIC02,LFORTOT,23,2050,1
GLOBAL,LNDAGRFJIC02,WTRPRCFJI,23,2020,2.5
GLOBAL,LNDAGRFJIC02,WTRPRCFJI,23,2021,2.5
GLOBAL,LNDAGRFJIC02,WTRPRCFJI,23,2022,2.5
GLOBAL,LNDAGRFJIC02,WTRPRCFJI,23,2023,2.5
GLOBAL,LNDAGRFJIC02,WTRPRCFJI,23,2024,2.5
GLOBAL,LNDAGRFJIC02,WTRPRCFJI,23,2025,2.5
GLOBAL,LNDAGRFJIC02,WTRPRCFJI,23,2026,2.5
GLOBAL,LNDAGRFJIC02,WTRPRCFJI,23,2027,2.5
GLOBAL,LNDAGRFJIC02,WTRPRCFJI,23,2028,2.5
GLOBAL,LNDAGRFJIC02,WTRPRCFJI,23,2029,2.5
GLOBAL,LNDAGRFJIC02,WTRPRCFJI,23,2030,2.5
GLOBAL,LNDAGRFJIC02,WTRPRCFJI,23,2031,2.5
GLOBAL,LNDAGRFJIC02,WTRPRCFJI,23,2032,2.5
GLOBAL,LNDAGRFJIC02,WTRPRCFJI,23,2033,2.5
GLOBAL,LNDAGRFJIC02,WTRPRCFJI,23,2034,2.5
GLOBAL,LNDAGRFJIC02,WTRPRCFJI,23,2035,2.5
GLOBAL,LNDAGRFJIC02,WTRPRCFJI,23,2036,2.5
GLOBAL,LNDAGRFJIC02,WTRPRCFJI,23,2037,2.5
GLOBAL,LNDAGRFJIC02,WTRPRCFJI,23,2038,2.5
GLOBAL,LNDAGRFJIC02,WTRPRCFJI,23,2039,2.5
GLOBAL,LNDAGRFJIC02,WTRPRCFJI,23,2040,2.5
GLOBAL,LNDAGRFJIC02,WTRPRCFJI,23,2041,2.5
GLOBAL,LNDAGRFJIC02,WTRPRCFJI,23,2042,2.5
GLOBAL,LNDAGRFJIC02,WTRPRCFJI,23,2043,2.5
GLOBAL,LNDAGRFJIC02,WTRPRCFJI,23,2044,2.5
GLOBAL,LNDAGRFJIC02,WTRPRCFJI,23,2045,2.5
GLOBAL,LNDAGRFJIC02,WTRPRCFJI,23,2046,2.5
GLOBAL,LNDAGRFJIC02,WTRPRCFJI,23,2047,2.5
GLOBAL,LNDAGRFJIC02,WTRPRCFJI,23,2048,2.5
GLOBAL,LNDAGRFJIC02,WTRPRCFJI,23,2049,2.5
GLOBAL,LNDAGRFJIC02,WTRPRCFJI,23,2050,2.5
GLOBAL,LNDAGRFJIC03,LFORTOT,23,2020,1
GLOBAL,LNDAGRFJIC03,LFORTOT,23,2021,1
GLOBAL,LNDAGRFJIC03,LFORTOT,23,2022,1
GLOBAL,LNDAGRFJIC03,LFORTOT,23,2023,1
GLOBAL,LNDAGRFJIC03,LFORTOT,23,2024,1
GLOBAL,LNDAGRFJIC03,LFORTOT,23,2025,1
GLOBAL,LNDAGRFJIC03,LFORTOT,23,2026,1
GLOBAL,LNDAGRFJIC03,LFORTOT,23,2027,1
GLOBAL,LNDAGRFJIC03,LFORTOT,23,2028,1
GLOBAL,LNDAGRFJIC03,LFORTOT,23,2029,1
GLOBAL,LNDAGRFJIC03,LFORTOT,23,2030,1
GLOBAL,LNDAGRFJIC03,LFORTOT,23,2031,1
GLOBAL,LNDAGRFJIC03,LFORTOT,23,2032,1
GLOBAL,LNDAGRFJIC03,LFORTOT,23,2033,1
GLOBAL,LNDAGRFJIC03,LFORTOT,23,2034,1
GLOBAL,LNDAGRFJIC03,LFORTOT,23,2035,1
GLOBAL,LNDAGRFJIC03,LFORTOT,23,2036,1
GLOBAL,LNDAGRFJIC03,LFORTOT,23,2037,1
GLOBAL,LNDAGRFJIC03,LFORTOT,23,2038,1
GLOBAL,LNDAGRFJIC03,LFORTOT,23,2039,1
GLOBAL,LNDAGRFJIC03,LFORTOT,23,2040,1
GLOBAL,LNDAGRFJIC03,LFORTOT,23,2041,1
GLOBAL,LNDAGRFJIC03,LFORTOT,23,2042,1
GLOBAL,LNDAGRFJIC03,LFORTOT,23,2043,1
GLOBAL,LNDAGRFJIC03,LFORTOT,23,2044,1
GLOBAL,LNDAGRFJIC03,LFORTOT,23,2045,1
GLOBAL,LNDAGRFJIC03,LFORTOT,23,2046,1
GLOBAL,LNDAGRFJIC03,LFORTOT,23,2047,1
GLOBAL,LNDAGRFJIC03,LFORTOT,23,2048,1
GLOBAL,LNDAGRFJIC03,LFORTOT,23,2049,1
GLOBAL,LNDAGRFJIC03,LFORTOT,23,2050,1
GLOBAL,LNDAGRFJIC03,WTRPRCFJI,23,2020,2.7
GLOBAL,LNDAGRFJIC03,WTRPRCFJI,23,2021,2.7
GLOBAL,LNDAGRFJIC03,WTRPRCFJI,23,2022,2.7
GLOBAL,LNDAGRFJIC03,WTRPRCFJI,23,2023,2.7
GLOBAL,LNDAGRFJIC03,WTRPRCFJI,23,2024,2.7
GLOBAL,LNDAGRFJIC03,WTRPRCFJI,23,2025,2.7
GLOBAL,LNDAGRFJIC03,WTRPRCFJI,23,2026,2.7
GLOBAL,LNDAGRFJIC03,WTRPRCFJI,23,2027,2.7
GLOBAL,LNDAGRFJIC03,WTRPRCFJI,23,2028,2.7
GLOBAL,LNDAGRFJIC03,WTRPRCFJI,23,2029,2.7
GLOBAL,LNDAGRFJIC03,WTRPRCFJI,23,2030,2.7
GLOBAL,LNDAGRFJIC03,WTRPRCFJI,23,2031,2.7
GLOBAL,LNDAGRFJIC03,WTRPRCFJI,23,2032,2.7
GLOBAL,LNDAGRFJIC03,WTRPRCFJI,23,2033,2.7
GLOBAL,LNDAGRFJIC03,WTRPRCFJI,23,2034,2.7
GLOBAL,LNDAGRFJIC03,WTRPRCFJI,23,2035,2.7
GLOBAL,LNDAGRFJIC03,WTRPRCFJI,23,2036,2.7
GLOBAL,LNDAGRFJIC03,WTRPRCFJI,23,2037,2.7
GLOBAL,LNDAGRFJIC03,WTRPRCFJI,23,2038,2.7
GLOBAL,LNDAGRFJIC03,WTRPRCFJI,23,2039,2.7
GLOBAL,LNDAGRFJIC03,WTRPRCFJI,23,2040,2.7
GLOBAL,LNDAGRFJIC03,WTRPRCFJI,23,2041,2.7
GLOBAL,LNDAGRFJIC03,WTRPRCFJI,23,2042,2.7
GLOBAL,LNDAGRFJIC03,WTRPRCFJI,23,2043,2.7
GLOBAL,LNDAGRFJIC03,WTRPRCFJI,23,2044,2.7
GLOBAL,LNDAGRFJIC03,WTRPRCFJI,23,2045,2.7
GLOBAL,LNDAGRFJIC03,WTRPRCFJI,23,2046,2.7
GLOBAL,LNDAGRFJIC03,WTRPRCFJI,23,2047,2.7
GLOBAL,LNDAGRFJIC03,WTRPRCFJI,23,2048,2.7
GLOBAL,LNDAGRFJIC03,WTRPRCFJI,23,2049,2.7
GLOBAL,LNDAGRFJIC03,WTRPRCFJI,23,2050,2.7
GLOBAL,LNDAGRFJIC04,LFORTOT,23,2020,1
GLOBAL,LNDAGRFJIC04,LFORTOT,23,2021,1
GLOBAL,LNDAGRFJIC04,LFORTOT,23,2022,1
GLOBAL,LNDAGRFJIC04,LFORTOT,23,2023,1
GLOBAL,LNDAGRFJIC04,LFORTOT,23,2024,1
GLOBAL,LNDAGRFJIC04,LFORTOT,23,2025,1
GLOBAL,LNDAGRFJIC04,LFORTOT,23,2026,1
GLOBAL,LNDAGRFJIC04,LFORTOT,23,2027,1
GLOBAL,LNDAGRFJIC04,LFORTOT,23,2028,1
GLOBAL,LNDAGRFJIC04,LFORTOT,23,2029,1
GLOBAL,LNDAGRFJIC04,LFORTOT,23,2030,1
GLOBAL,LNDAGRFJIC04,LFORTOT,23,2031,1
GLOBAL,LNDAGRFJIC04,LFORTOT,23,2032,1
GLOBAL,LNDAGRFJIC04,LFORTOT,23,2033,1
GLOBAL,LNDAGRFJIC04,LFORTOT,23,2034,1
GLOBAL,LNDAGRFJIC04,LFORTOT,23,2035,1
GLOBAL,LNDAGRFJIC04,LFORTOT,23,2036,1
GLOBAL,LNDAGRFJIC04,LFORTOT,23,2037,1
GLOBAL,LNDAGRFJIC04,LFORTOT,23,2038,1
GLOBAL,LNDAGRFJIC04,LFORTOT,23,2039,1
GLOBAL,LNDAGRFJIC04,LFORTOT,23,2040,1
GLOBAL,LNDAGRFJIC04,LFORTOT,23,2041,1
GLOBAL,LNDAGRFJIC04,LFORTOT,23,2042,1
GLOBAL,LNDAGRFJIC04,LFORTOT,23,2043,1
GLOBAL,LNDAGRFJIC04,LFORTOT,23,2044,1
GLOBAL,LNDAGRFJIC04,LFORTOT,23,2045,1
GLOBAL,LNDAGRFJIC04,LFORTOT,23,2046,1
GLOBAL,LNDAGRFJIC04,LFORTOT,23,2047,1
GLOBAL,LNDAGRFJIC04,LFORTOT,23,2048,1
GLOBAL,LNDAGRFJIC04,LFORTOT,23,2049,1
GLOBAL,LNDAGRFJIC04,LFORTOT,23,2050,1
GLOBAL,LNDAGRFJIC04,WTRPRCFJI,23,2020,2.1
GLOBAL,LNDAGRFJIC04,WTRPRCFJI,23,2021,2.1
GLOBAL,LNDAGRFJIC04,WTRPRCFJI,23,2022,2.1
GLOBAL,LNDAGRFJIC04,WTRPRCFJI,23,2023,2.1
GLOBAL,LNDAGRFJIC04,WTRPRCFJI,23,2024,2.1
GLOBAL,LNDAGRFJIC04,WTRPRCFJI,23,2025,2.1
GLOBAL,LNDAGRFJIC04,WTRPRCFJI,23,2026,2.1
GLOBAL,LNDAGRFJIC04,WTRPRCFJI,23,2027,2.1
GLOBAL,LNDAGRFJIC04,WTRPRCFJI,23,2028,2.1
GLOBAL,LNDAGRFJIC04,WTRPRCFJI,23,2029,2.1
GLOBAL,LNDAGRFJIC04,WTRPRCFJI,23,2030,2.1
GLOBAL,LNDAGRFJIC04,WTRPRCFJI,23,2031,2.1
GLOBAL,LNDAGRFJIC04,WTRPRCFJI,23,2032,2.1
GLOBAL,LNDAGRFJIC04,WTRPRCFJI,23,2033,2.1
GLOBAL,LNDAGRFJIC04,WTRPRCFJI,23,2034,2.1
GLOBAL,LNDAGRFJIC04,WTRPRCFJI,23,2035,2.1
GLOBAL,LNDAGRFJIC04,WTRPRCFJI,23,2036,2.1
GLOBAL,LNDAGRFJIC04,WTRPRCFJI,23,2037,2.1
GLOBAL,LNDAGRFJIC04,WTRPRCFJI,23,2038,2.1
GLOBAL,LNDAGRFJIC04,WTRPRCFJI,23,2039,2.1
GLOBAL,LNDAGRFJIC04,WTRPRCFJI,23,2040,2.1
GLOBAL,LNDAGRFJIC04,WTRPRCFJI,23,2041,2.1
GLOBAL,LNDAGRFJIC04,WTRPRCFJI,23,2042,2.1
GLOBAL,LNDAGRFJIC04,WTRPRCFJI,23,2043,2.1
GLOBAL,LNDAGRFJIC04,WTRPRCFJI,23,2044,2.1
GLOBAL,LNDAGRFJIC04,WTRPRCFJI,23,2045,2.1
GLOBAL,LNDAGRFJIC04,WTRPRCFJI,23,2046,2.1
GLOBAL,LNDAGRFJIC04,WTRPRCFJI,23,2047,2.1
GLOBAL,LNDAGRFJIC04,WTRPRCFJI,23,2048,2.1
GLOBAL,LNDAGRFJIC04,WTRPRCFJI,23,2049,2.1
GLOBAL,LNDAGRFJIC04,WTRPRCFJI,23,2050,2.1
GLOBAL,LNDGRSTOT,LTOT,1,2020,1
GLOBAL,LNDGRSTOT,LTOT,1,2021,1
GLOBAL,LNDGRSTOT,LTOT,1,2022,1
GLOBAL,LNDGRSTOT,LTOT,1,2023,1
GLOBAL,LNDGRSTOT,LTOT,1,2024,1
GLOBAL,LNDGRSTOT,LTOT,1,2025,1
GLOBAL,LNDGRSTOT,LTOT,1,2026,1
GLOBAL,LNDGRSTOT,LTOT,1,2027,1
GLOBAL,LNDGRSTOT,LTOT,1,2028,1
GLOBAL,LNDGRSTOT,LTOT,1,2029,1
GLOBAL,LNDGRSTOT,LTOT,1,2030,1
GLOBAL,LNDGRSTOT,LTOT,1,2031,1
GLOBAL,LNDGRSTOT,LTOT,1,2032,1
GLOBAL,LNDGRSTOT,LTOT,1,2033,1
GLOBAL,LNDGRSTOT,LTOT,1,2034,1
GLOBAL,LNDGRSTOT,LTOT,1,2035,1
GLOBAL,LNDGRSTOT,LTOT,1,2036,1
GLOBAL,LNDGRSTOT,LTOT,1,2037,1
GLOBAL,LNDGRSTOT,LTOT,1,2038,1
GLOBAL,LNDGRSTOT,LTOT,1,2039,1
GLOBAL,LNDGRSTOT,LTOT,1,2040,1
GLOBAL,LNDGRSTOT,LTOT,1,2041,1
GLOBAL,LNDGRSTOT,LTOT,1,2042,1
GLOBAL,LNDGRSTOT,LTOT,1,2043,1
GLOBAL,LNDGRSTOT,LTOT,1,2044,1
GLOBAL,LNDGRSTOT,LTOT,1,2045,1
GLOBAL,LNDGRSTOT,LTOT,1,2046,1
GLOBAL,LNDGRSTOT,LTOT,1,2047,1
GLOBAL,LNDGRSTOT,LTOT,1,2048,1
GLOBAL,LNDGRSTOT,LTOT,1,2049,1
GLOBAL,LNDGRSTOT,LTOT,1,2050,1
GLOBAL,LNDAGRFJIC01,LGRSTOT,24,2020,1
GLOBAL,LNDAGRFJIC01,LGRSTOT,24,2021,1
GLOBAL,LNDAGRFJIC01,LGRSTOT,24,2022,1
GLOBAL,LNDAGRFJIC01,LGRSTOT,24,2023,1
GLOBAL,LNDAGRFJIC01,LGRSTOT,24,2024,1
GLOBAL,LNDAGRFJIC01,LGRSTOT,24,2025,1
GLOBAL,LNDAGRFJIC01,LGRSTOT,24,2026,1
GLOBAL,LNDAGRFJIC01,LGRSTOT,24,2027,1
GLOBAL,LNDAGRFJIC01,LGRSTOT,24,2028,1
GLOBAL,LNDAGRFJIC01,LGRSTOT,24,2029,1
GLOBAL,LNDAGRFJIC01,LGRSTOT,24,2030,1
GLOBAL,LNDAGRFJIC01,LGRSTOT,24,2031,1
GLOBAL,LNDAGRFJIC01,LGRSTOT,24,2032,1
GLOBAL,LNDAGRFJIC01,LGRSTOT,24,2033,1
GLOBAL,LNDAGRFJIC01,LGRSTOT,24,2034,1
GLOBAL,LNDAGRFJIC01,LGRSTOT,24,2035,1
GLOBAL,LNDAGRFJIC01,LGRSTOT,24,2036,1
GLOBAL,LNDAGRFJIC01,LGRSTOT,24,2037,1
GLOBAL,LNDAGRFJIC01,LGRSTOT,24,2038,1
GLOBAL,LNDAGRFJIC01,LGRSTOT,24,2039,1
GLOBAL,LNDAGRFJIC01,LGRSTOT,24,2040,1
GLOBAL,LNDAGRFJIC01,LGRSTOT,24,2041,1
GLOBAL,LNDAGRFJIC01,LGRSTOT,24,2042,1
GLOBAL,LNDAGRFJIC01,LGRSTOT,24,2043,1
GLOBAL,LNDAGRFJIC01,LGRSTOT,24,2044,1
GLOBAL,LNDAGRFJIC01,LGRSTOT,24,2045,1
GLOBAL,LNDAGRFJIC01,LGRSTOT,24,2046,1
GLOBAL,LNDAGRFJIC01,LGRSTOT,24,2047,1
GLOBAL,LNDAGRFJIC01,LGRSTOT,24,2048,1
GLOBAL,LNDAGRFJIC01,LGRSTOT,24,2049,1
GLOBAL,LNDAGRFJIC01,LGRSTOT,24,2050,1
GLOBAL,LNDAGRFJIC01,WTRPRCFJI,24,2020,2.7
GLOBAL,LNDAGRFJIC01,WTRPRCFJI,24,2021,2.7
GLOBAL,LNDAGRFJIC01,WTRPRCFJI,24,2022,2.7
GLOBAL,LNDAGRFJIC01,WTRPRCFJI,24,2023,2.7
GLOBAL,LNDAGRFJIC01,WTRPRCFJI,24,2024,2.7
GLOBAL,LNDAGRFJIC01,WTRPRCFJI,24,2025,2.7
GLOBAL,LNDAGRFJIC01,WTRPRCFJI,24,2026,2.7
GLOBAL,LNDAGRFJIC01,WTRPRCFJI,24,2027,2.7
GLOBAL,LNDAGRFJIC01,WTRPRCFJI,24,2028,2.7
GLOBAL,LNDAGRFJIC01,WTRPRCFJI,24,2029,2.7
GLOBAL,LNDAGRFJIC01,WTRPRCFJI,24,2030,2.7
GLOBAL,LNDAGRFJIC01,WTRPRCFJI,24,2031,2.7
GLOBAL,LNDAGRFJIC01,WTRPRCFJI,24,2032,2.7
GLOBAL,LNDAGRFJIC01,WTRPRCFJI,24,2033,2.7
GLOBAL,LNDAGRFJIC01,WTRPRCFJI,24,2034,2.7
GLOBAL,LNDAGRFJIC01,WTRPRCFJI,24,2035,2.7
GLOBAL,LNDAGRFJIC01,WTRPRCFJI,24,2036,2.7
GLOBAL,LNDAGRFJIC01,WTRPRCFJI,24,2037,2.7
GLOBAL,LNDAGRFJIC01,WTRPRCFJI,24,2038,2.7
GLOBAL,LNDAGRFJIC01,WTRPRCFJI,24,2039,2.7
GLOBAL,LNDAGRFJIC01,WTRPRCFJI,24,2040,2.7
GLOBAL,LNDAGRFJIC01,WTRPRCFJI,24,2041,2.7
GLOBAL,LNDAGRFJIC01,WTRPRCFJI,24,2042,2.7
GLOBAL,LNDAGRFJIC01,WTRPRCFJI,24,2043,2.7
GLOBAL,LNDAGRFJIC01,WTRPRCFJI,24,2044,2.7
GLOBAL,LNDAGRFJIC01,WTRPRCFJI,24,2045,2.7
GLOBAL,LNDAGRFJIC01,WTRPRCFJI,24,2046,2.7
GLOBAL,LNDAGRFJIC01,WTRPRCFJI,24,2047,2.7
GLOBAL,LNDAGRFJIC01,WTRPRCFJI,24,2048,2.7
GLOBAL,LNDAGRFJIC01,WTRPRCFJI,24,2049,2.7
GLOBAL,LNDAGRFJIC01,WTRPRCFJI,24,2050,2.7
GLOBAL,LNDAGRFJIC02,LGRSTOT,24,2020,1
GLOBAL,LNDAGRFJIC02,LGRSTOT,24,2021,1
GLOBAL,LNDAGRFJIC02,LGRSTOT,24,2022,1
GLOBAL,LNDAGRFJIC02,LGRSTOT,24,2023,1
GLOBAL,LNDAGRFJIC02,LGRSTOT,24,2024,1
GLOBAL,LNDAGRFJIC02,LGRSTOT,24,2025,1
GLOBAL,LNDAGRFJIC02,LGRSTOT,24,2026,1
GLOBAL,LNDAGRFJIC02,LGRSTOT,24,2027,1
GLOBAL,LNDAGRFJIC02,LGRSTOT,24,2028,1
GLOBAL,LNDAGRFJIC02,LGRSTOT,24,2029,1
GLOBAL,LNDAGRFJIC02,LGRSTOT,24,2030,1
GLOBAL,LNDAGRFJIC02,LGRSTOT,24,2031,1
GLOBAL,LNDAGRFJIC02,LGRSTOT,24,2032,1
GLOBAL,LNDAGRFJIC02,LGRSTOT,24,2033,1
GLOBAL,LNDAGRFJIC02,LGRSTOT,24,2034,1
GLOBAL,LNDAGRFJIC02,LGRSTOT,24,2035,1
GLOBAL,LNDAGRFJIC02,LGRSTOT,24,2036,1
GLOBAL,LNDAGRFJIC02,LGRSTOT,24,2037,1
GLOBAL,LNDAGRFJIC02,LGRSTOT,24,2038,1
GLOBAL,LNDAGRFJIC02,LGRSTOT,24,2039,1
GLOBAL,LNDAGRFJIC02,LGRSTOT,24,2040,1
GLOBAL,LNDAGRFJIC02,LGRSTOT,24,2041,1
GLOBAL,LNDAGRFJIC02,LGRSTOT,24,2042,1
GLOBAL,LNDAGRFJIC02,LGRSTOT,24,2043,1
GLOBAL,LNDAGRFJIC02,LGRSTOT,24,2044,1
GLOBAL,LNDAGRFJIC02,LGRSTOT,24,2045,1
GLOBAL,LNDAGRFJIC02,LGRSTOT,24,2046,1
GLOBAL,LNDAGRFJIC02,LGRSTOT,24,2047,1
GLOBAL,LNDAGRFJIC02,LGRSTOT,24,2048,1
GLOBAL,LNDAGRFJIC02,LGRSTOT,24,2049,1
GLOBAL,LNDAGRFJIC02,LGRSTOT,24,2050,1
GLOBAL,LNDAGRFJIC02,WTRPRCFJI,24,2020,2.5
GLOBAL,LNDAGRFJIC02,WTRPRCFJI,24,2021,2.5
GLOBAL,LNDAGRFJIC02,WTRPRCFJI,24,2022,2.5
GLOBAL,LNDAGRFJIC02,WTRPRCFJI,24,2023,2.5
GLOBAL,LNDAGRFJIC02,WTRPRCFJI,24,2024,2.5
GLOBAL,LNDAGRFJIC02,WTRPRCFJI,24,2025,2.5
GLOBAL,LNDAGRFJIC02,WTRPRCFJI,24,2026,2.5
GLOBAL,LNDAGRFJIC02,WTRPRCFJI,24,2027,2.5
GLOBAL,LNDAGRFJIC02,WTRPRCFJI,24,2028,2.5
GLOBAL,LNDAGRFJIC02,WTRPRCFJI,24,2029,2.5
GLOBAL,LNDAGRFJIC02,WTRPRCFJI,24,2030,2.5
GLOBAL,LNDAGRFJIC02,WTRPRCFJI,24,2031,2.5
GLOBAL,LNDAGRFJIC02,WTRPRCFJI,24,2032,2.5
GLOBAL,LNDAGRFJIC02,WTRPRCFJI,24,2033,2.5
GLOBAL,LNDAGRFJIC02,WTRPRCFJI,24,2034,2.5
GLOBAL,LNDAGRFJIC02,WTRPRCFJI,24,2035,2.5
GLOBAL,LNDAGRFJIC02,WTRPRCFJI,24,2036,2.5
GLOBAL,LNDAGRFJIC02,WTRPRCFJI,24,2037,2.5
GLOBAL,LNDAGRFJIC02,WTRPRCFJI,24,2038,2.5
GLOBAL,LNDAGRFJIC02,WTRPRCFJI,24,2039,2.5
GLOBAL,LNDAGRFJIC02,WTRPRCFJI,24,2040,2.5
GLOBAL,LNDAGRFJIC02,WTRPRCFJI,24,2041,2.5
GLOBAL,LNDAGRFJIC02,WTRPRCFJI,24,2042,2.5
GLOBAL,LNDAGRFJIC02,WTRPRCFJI,24,2043,2.5
GLOBAL,LNDAGRFJIC02,WTRPRCFJI,24,2044,2.5
GLOBAL,LNDAGRFJIC02,WTRPRCFJI,24,2045,2.5
GLOBAL,LNDAGRFJIC02,WTRPRCFJI,24,2046,2.5
GLOBAL,LNDAGRFJIC02,WTRPRCFJI,24,2047,2.5
GLOBAL,LNDAGRFJIC02,WTRPRCFJI,24,2048,2.5
GLOBAL,LNDAGRFJIC02,WTRPRCFJI,24,2049,2.5
GLOBAL,LNDAGRFJIC02,WTRPRCFJI,24,2050,2.5
GLOBAL,LNDAGRFJIC03,LGRSTOT,24,2020,1
GLOBAL,LNDAGRFJIC03,LGRSTOT,24,2021,1
GLOBAL,LNDAGRFJIC03,LGRSTOT,24,2022,1
GLOBAL,LNDAGRFJIC03,LGRSTOT,24,2023,1
GLOBAL,LNDAGRFJIC03,LGRSTOT,24,2024,1
GLOBAL,LNDAGRFJIC03,LGRSTOT,24,2025,1
GLOBAL,LNDAGRFJIC03,LGRSTOT,24,2026,1
GLOBAL,LNDAGRFJIC03,LGRSTOT,24,2027,1
GLOBAL,LNDAGRFJIC03,LGRSTOT,24,2028,1
GLOBAL,LNDAGRFJIC03,LGRSTOT,24,2029,1
GLOBAL,LNDAGRFJIC03,LGRSTOT,24,2030,1
GLOBAL,LNDAGRFJIC03,LGRSTOT,24,2031,1
GLOBAL,LNDAGRFJIC03,LGRSTOT,24,2032,1
GLOBAL,LNDAGRFJIC03,LGRSTOT,24,2033,1
GLOBAL,LNDAGRFJIC03,LGRSTOT,24,2034,1
GLOBAL,LNDAGRFJIC03,LGRSTOT,24,2035,1
GLOBAL,LNDAGRFJIC03,LGRSTOT,24,2036,1
GLOBAL,LNDAGRFJIC03,LGRSTOT,24,2037,1
GLOBAL,LNDAGRFJIC03,LGRSTOT,24,2038,1
GLOBAL,LNDAGRFJIC03,LGRSTOT,24,2039,1
GLOBAL,LNDAGRFJIC03,LGRSTOT,24,2040,1
GLOBAL,LNDAGRFJIC03,LGRSTOT,24,2041,1
GLOBAL,LNDAGRFJIC03,LGRSTOT,24,2042,1
GLOBAL,LNDAGRFJIC03,LGRSTOT,24,2043,1
GLOBAL,LNDAGRFJIC03,LGRSTOT,24,2044,1
GLOBAL,LNDAGRFJIC03,LGRSTOT,24,2045,1
GLOBAL,LNDAGRFJIC03,LGRSTOT,24,2046,1
GLOBAL,LNDAGRFJIC03,LGRSTOT,24,2047,1
GLOBAL,LNDAGRFJIC03,LGRSTOT,24,2048,1
GLOBAL,LNDAGRFJIC03,LGRSTOT,24,2049,1
GLOBAL,LNDAGRFJIC03,LGRSTOT,24,2050,1
GLOBAL,LNDAGRFJIC03,WTRPRCFJI,24,2020,2.7
GLOBAL,LNDAGRFJIC03,WTRPRCFJI,24,2021,2.7
GLOBAL,LNDAGRFJIC03,WTRPRCFJI,24,2022,2.7
GLOBAL,LNDAGRFJIC03,WTRPRCFJI,24,2023,2.7
GLOBAL,LNDAGRFJIC03,WTRPRCFJI,24,2024,2.7
GLOBAL,LNDAGRFJIC03,WTRPRCFJI,24,2025,2.7
GLOBAL,LNDAGRFJIC03,WTRPRCFJI,24,2026,2.7
GLOBAL,LNDAGRFJIC03,WTRPRCFJI,24,2027,2.7
GLOBAL,LNDAGRFJIC03,WTRPRCFJI,24,2028,2.7
GLOBAL,LNDAGRFJIC03,WTRPRCFJI,24,2029,2.7
GLOBAL,LNDAGRFJIC03,WTRPRCFJI,24,2030,2.7
GLOBAL,LNDAGRFJIC03,WTRPRCFJI,24,2031,2.7
GLOBAL,LNDAGRFJIC03,WTRPRCFJI,24,2032,2.7
GLOBAL,LNDAGRFJIC03,WTRPRCFJI,24,2033,2.7
GLOBAL,LNDAGRFJIC03,WTRPRCFJI,24,2034,2.7
GLOBAL,LNDAGRFJIC03,WTRPRCFJI,24,2035,2.7
GLOBAL,LNDAGRFJIC03,WTRPRCFJI,24,2036,2.7
GLOBAL,LNDAGRFJIC03,WTRPRCFJI,24,2037,2.7
GLOBAL,LNDAGRFJIC03,WTRPRCFJI,24,2038,2.7
GLOBAL,LNDAGRFJIC03,WTRPRCFJI,24,2039,2.7
GLOBAL,LNDAGRFJIC03,WTRPRCFJI,24,2040,2.7
GLOBAL,LNDAGRFJIC03,WTRPRCFJI,24,2041,2.7
GLOBAL,LNDAGRFJIC03,WTRPRCFJI,24,2042,2.7
GLOBAL,LNDAGRFJIC03,WTRPRCFJI,24,2043,2.7
GLOBAL,LNDAGRFJIC03,WTRPRCFJI,24,2044,2.7
GLOBAL,LNDAGRFJIC03,WTRPRCFJI,24,2045,2.7
GLOBAL,LNDAGRFJIC03,WTRPRCFJI,24,2046,2.7
GLOBAL,LNDAGRFJIC03,WTRPRCFJI,24,2047,2.7
GLOBAL,LNDAGRFJIC03,WTRPRCFJI,24,2048,2.7
GLOBAL,LNDAGRFJIC03,WTRPRCFJI,24,2049,2.7
GLOBAL,LNDAGRFJIC03,WTRPRCFJI,24,2050,2.7
GLOBAL,LNDAGRFJIC04,LGRSTOT,24,2020,1
GLOBAL,LNDAGRFJIC04,LGRSTOT,24,2021,1
GLOBAL,LNDAGRFJIC04,LGRSTOT,24,2022,1
GLOBAL,LNDAGRFJIC04,LGRSTOT,24,2023,1
GLOBAL,LNDAGRFJIC04,LGRSTOT,24,2024,1
GLOBAL,LNDAGRFJIC04,LGRSTOT,24,2025,1
GLOBAL,LNDAGRFJIC04,LGRSTOT,24,2026,1
GLOBAL,LNDAGRFJIC04,LGRSTOT,24,2027,1
GLOBAL,LNDAGRFJIC04,LGRSTOT,24,2028,1
GLOBAL,LNDAGRFJIC04,LGRSTOT,24,2029,1
GLOBAL,LNDAGRFJIC04,LGRSTOT,24,2030,1
GLOBAL,LNDAGRFJIC04,LGRSTOT,24,2031,1
GLOBAL,LNDAGRFJIC04,LGRSTOT,24,2032,1
GLOBAL,LNDAGRFJIC04,LGRSTOT,24,2033,1
GLOBAL,LNDAGRFJIC04,LGRSTOT,24,2034,1
GLOBAL,LNDAGRFJIC04,LGRSTOT,24,2035,1
GLOBAL,LNDAGRFJIC04,LGRSTOT,24,2036,1
GLOBAL,LNDAGRFJIC04,LGRSTOT,24,2037,1
GLOBAL,LNDAGRFJIC04,LGRSTOT,24,2038,1
GLOBAL,LNDAGRFJIC04,LGRSTOT,24,2039,1
GLOBAL,LNDAGRFJIC04,LGRSTOT,24,2040,1
GLOBAL,LNDAGRFJIC04,LGRSTOT,24,2041,1
GLOBAL,LNDAGRFJIC04,LGRSTOT,24,2042,1
GLOBAL,LNDAGRFJIC04,LGRSTOT,24,2043,1
GLOBAL,LNDAGRFJIC04,LGRSTOT,24,2044,1
GLOBAL,LNDAGRFJIC04,LGRSTOT,24,2045,1
GLOBAL,LNDAGRFJIC04,LGRSTOT,24,2046,1
GLOBAL,LNDAGRFJIC04,LGRSTOT,24,2047,1
GLOBAL,LNDAGRFJIC04,LGRSTOT,24,2048,1
GLOBAL,LNDAGRFJIC04,LGRSTOT,24,2049,1
GLOBAL,LNDAGRFJIC04,LGRSTOT,24,2050,1
GLOBAL,LNDAGRFJIC04,WTRPRCFJI,24,2020,2.1
GLOBAL,LNDAGRFJIC04,WTRPRCFJI,24,2021,2.1
GLOBAL,LNDAGRFJIC04,WTRPRCFJI,24,2022,2.1
GLOBAL,LNDAGRFJIC04,WTRPRCFJI,24,2023,2.1
GLOBAL,LNDAGRFJIC04,WTRPRCFJI,24,2024,2.1
GLOBAL,LNDAGRFJIC04,WTRPRCFJI,24,2025,2.1
GLOBAL,LNDAGRFJIC04,WTRPRCFJI,24,2026,2.1
GLOBAL,LNDAGRFJIC04,WTRPRCFJI,24,2027,2.1
GLOBAL,LNDAGRFJIC04,WTRPRCFJI,24,2028,2.1
GLOBAL,LNDAGRFJIC04,WTRPRCFJI,24,2029,2.1
GLOBAL,LNDAGRFJIC04,WTRPRCFJI,24,2030,2.1
GLOBAL,LNDAGRFJIC04,WTRPRCFJI,24,2031,2.1
GLOBAL,LNDAGRFJIC04,WTRPRCFJI,24,2032,2.1
GLOBAL,LNDAGRFJIC04,WTRPRCFJI,24,2033,2.1
GLOBAL,LNDAGRFJIC04,WTRPRCFJI,24,2034,2.1
GLOBAL,LNDAGRFJIC04,WTRPRCFJI,24,2035,2.1
GLOBAL,LNDAGRFJIC04,WTRPRCFJI,24,2036,2.1
GLOBAL,LNDAGRFJIC04,WTRPRCFJI,24,2037,2.1
GLOBAL,LNDAGRFJIC04,WTRPRCFJI,24,2038,2.1
GLOBAL,LNDAGRFJIC04,WTRPRCFJI,24,2039,2.1
GLOBAL,LNDAGRFJIC04,WTRPRCFJI,24,2040,2.1
GLOBAL,LNDAGRFJIC04,WTRPRCFJI,24,2041,2.1
GLOBAL,LNDAGRFJIC04,WTRPRCFJI,24,2042,2.1
GLOBAL,LNDAGRFJIC04,WTRPRCFJI,24,2043,2.1
GLOBAL,LNDAGRFJIC04,WTRPRCFJI,24,2044,2.1
GLOBAL,LNDAGRFJIC04,WTRPRCFJI,24,2045,2.1
GLOBAL,LNDAGRFJIC04,WTRPRCFJI,24,2046,2.1
GLOBAL,LNDAGRFJIC04,WTRPRCFJI,24,2047,2.1
GLOBAL,LNDAGRFJIC04,WTRPRCFJI,24,2048,2.1
GLOBAL,LNDAGRFJIC04,WTRPRCFJI,24,2049,2.1
GLOBAL,LNDAGRFJIC04,WTRPRCFJI,24,2050,2.1
GLOBAL,LNDOTHTOT,LTOT,1,2020,1
GLOBAL,LNDOTHTOT,LTOT,1,2021,1
GLOBAL,LNDOTHTOT,LTOT,1,2022,1
GLOBAL,LNDOTHTOT,LTOT,1,2023,1
GLOBAL,LNDOTHTOT,LTOT,1,2024,1
GLOBAL,LNDOTHTOT,LTOT,1,2025,1
GLOBAL,LNDOTHTOT,LTOT,1,2026,1
GLOBAL,LNDOTHTOT,LTOT,1,2027,1
GLOBAL,LNDOTHTOT,LTOT,1,2028,1
GLOBAL,LNDOTHTOT,LTOT,1,2029,1
GLOBAL,LNDOTHTOT,LTOT,1,2030,1
GLOBAL,LNDOTHTOT,LTOT,1,2031,1
GLOBAL,LNDOTHTOT,LTOT,1,2032,1
GLOBAL,LNDOTHTOT,LTOT,1,2033,1
GLOBAL,LNDOTHTOT,LTOT,1,2034,1
GLOBAL,LNDOTHTOT,LTOT,1,2035,1
GLOBAL,LNDOTHTOT,LTOT,1,2036,1
GLOBAL,LNDOTHTOT,LTOT,1,2037,1
GLOBAL,LNDOTHTOT,LTOT,1,2038,1
GLOBAL,LNDOTHTOT,LTOT,1,2039,1
GLOBAL,LNDOTHTOT,LTOT,1,2040,1
GLOBAL,LNDOTHTOT,LTOT,1,2041,1
GLOBAL,LNDOTHTOT,LTOT,1,2042,1
GLOBAL,LNDOTHTOT,LTOT,1,2043,1
GLOBAL,LNDOTHTOT,LTOT,1,2044,1
GLOBAL,LNDOTHTOT,LTOT,1,2045,1
GLOBAL,LNDOTHTOT,LTOT,1,2046,1
GLOBAL,LNDOTHTOT,LTOT,1,2047,1
GLOBAL,LNDOTHTOT,LTOT,1,2048,1
GLOBAL,LNDOTHTOT,LTOT,1,2049,1
GLOBAL,LNDOTHTOT,LTOT,1,2050,1
GLOBAL,LNDAGRFJIC01,LOTHTOT,25,2020,1
GLOBAL,LNDAGRFJIC01,LOTHTOT,25,2021,1
GLOBAL,LNDAGRFJIC01,LOTHTOT,25,2022,1
GLOBAL,LNDAGRFJIC01,LOTHTOT,25,2023,1
GLOBAL,LNDAGRFJIC01,LOTHTOT,25,2024,1
GLOBAL,LNDAGRFJIC01,LOTHTOT,25,2025,1
GLOBAL,LNDAGRFJIC01,LOTHTOT,25,2026,1
GLOBAL,LNDAGRFJIC01,LOTHTOT,25,2027,1
GLOBAL,LNDAGRFJIC01,LOTHTOT,25,2028,1
GLOBAL,LNDAGRFJIC01,LOTHTOT,25,2029,1
GLOBAL,LNDAGRFJIC01,LOTHTOT,25,2030,1
GLOBAL,LNDAGRFJIC01,LOTHTOT,25,2031,1
GLOBAL,LNDAGRFJIC01,LOTHTOT,25,2032,1
GLOBAL,LNDAGRFJIC01,LOTHTOT,25,2033,1
GLOBAL,LNDAGRFJIC01,LOTHTOT,25,2034,1
GLOBAL,LNDAGRFJIC01,LOTHTOT,25,2035,1
GLOBAL,LNDAGRFJIC01,LOTHTOT,25,2036,1
GLOBAL,LNDAGRFJIC01,LOTHTOT,25,2037,1
GLOBAL,LNDAGRFJIC01,LOTHTOT,25,2038,1
GLOBAL,LNDAGRFJIC01,LOTHTOT,25,2039,1
GLOBAL,LNDAGRFJIC01,LOTHTOT,25,2040,1
GLOBAL,LNDAGRFJIC01,LOTHTOT,25,2041,1
GLOBAL,LNDAGRFJIC01,LOTHTOT,25,2042,1
GLOBAL,LNDAGRFJIC01,LOTHTOT,25,2043,1
GLOBAL,LNDAGRFJIC01,LOTHTOT,25,2044,1
GLOBAL,LNDAGRFJIC01,LOTHTOT,25,2045,1
GLOBAL,LNDAGRFJIC01,LOTHTOT,25,2046,1
GLOBAL,LNDAGRFJIC01,LOTHTOT,25,2047,1
GLOBAL,LNDAGRFJIC01,LOTHTOT,25,2048,1
GLOBAL,LNDAGRFJIC01,LOTHTOT,25,2049,1
GLOBAL,LNDAGRFJIC01,LOTHTOT,25,2050,1
GLOBAL,LNDAGRFJIC01,WTRPRCFJI,25,2020,2.7
GLOBAL,LNDAGRFJIC01,WTRPRCFJI,25,2021,2.7
GLOBAL,LNDAGRFJIC01,WTRPRCFJI,25,2022,2.7
GLOBAL,LNDAGRFJIC01,WTRPRCFJI,25,2023,2.7
GLOBAL,LNDAGRFJIC01,WTRPRCFJI,25,2024,2.7
GLOBAL,LNDAGRFJIC01,WTRPRCFJI,25,2025,2.7
GLOBAL,LNDAGRFJIC01,WTRPRCFJI,25,2026,2.7
GLOBAL,LNDAGRFJIC01,WTRPRCFJI,25,2027,2.7
GLOBAL,LNDAGRFJIC01,WTRPRCFJI,25,2028,2.7
GLOBAL,LNDAGRFJIC01,WTRPRCFJI,25,2029,2.7
GLOBAL,LNDAGRFJIC01,WTRPRCFJI,25,2030,2.7
GLOBAL,LNDAGRFJIC01,WTRPRCFJI,25,2031,2.7
GLOBAL,LNDAGRFJIC01,WTRPRCFJI,25,2032,2.7
GLOBAL,LNDAGRFJIC01,WTRPRCFJI,25,2033,2.7
GLOBAL,LNDAGRFJIC01,WTRPRCFJI,25,2034,2.7
GLOBAL,LNDAGRFJIC01,WTRPRCFJI,25,2035,2.7
GLOBAL,LNDAGRFJIC01,WTRPRCFJI,25,2036,2.7
GLOBAL,LNDAGRFJIC01,WTRPRCFJI,25,2037,2.7
GLOBAL,LNDAGRFJIC01,WTRPRCFJI,25,2038,2.7
GLOBAL,LNDAGRFJIC01,WTRPRCFJI,25,2039,2.7
GLOBAL,LNDAGRFJIC01,WTRPRCFJI,25,2040,2.7
GLOBAL,LNDAGRFJIC01,WTRPRCFJI,25,2041,2.7
GLOBAL,LNDAGRFJIC01,WTRPRCFJI,25,2042,2.7
GLOBAL,LNDAGRFJIC01,WTRPRCFJI,25,2043,2.7
GLOBAL,LNDAGRFJIC01,WTRPRCFJI,25,2044,2.7
GLOBAL,LNDAGRFJIC01,WTRPRCFJI,25,2045,2.7
GLOBAL,LNDAGRFJIC01,WTRPRCFJI,25,2046,2.7
GLOBAL,LNDAGRFJIC01,WTRPRCFJI,25,2047,2.7
GLOBAL,LNDAGRFJIC01,WTRPRCFJI,25,2048,2.7
GLOBAL,LNDAGRFJIC01,WTRPRCFJI,25,2049,2.7
GLOBAL,LNDAGRFJIC01,WTRPRCFJI,25,2050,2.7
GLOBAL,LNDAGRFJIC02,LOTHTOT,25,2020,1
GLOBAL,LNDAGRFJIC02,LOTHTOT,25,2021,1
GLOBAL,LNDAGRFJIC02,LOTHTOT,25,2022,1
GLOBAL,LNDAGRFJIC02,LOTHTOT,25,2023,1
GLOBAL,LNDAGRFJIC02,LOTHTOT,25,2024,1
GLOBAL,LNDAGRFJIC02,LOTHTOT,25,2025,1
GLOBAL,LNDAGRFJIC02,LOTHTOT,25,2026,1
GLOBAL,LNDAGRFJIC02,LOTHTOT,25,2027,1
GLOBAL,LNDAGRFJIC02,LOTHTOT,25,2028,1
GLOBAL,LNDAGRFJIC02,LOTHTOT,25,2029,1
GLOBAL,LNDAGRFJIC02,LOTHTOT,25,2030,1
GLOBAL,LNDAGRFJIC02,LOTHTOT,25,2031,1
GLOBAL,LNDAGRFJIC02,LOTHTOT,25,2032,1
GLOBAL,LNDAGRFJIC02,LOTHTOT,25,2033,1
GLOBAL,LNDAGRFJIC02,LOTHTOT,25,2034,1
GLOBAL,LNDAGRFJIC02,LOTHTOT,25,2035,1
GLOBAL,LNDAGRFJIC02,LOTHTOT,25,2036,1
GLOBAL,LNDAGRFJIC02,LOTHTOT,25,2037,1
GLOBAL,LNDAGRFJIC02,LOTHTOT,25,2038,1
GLOBAL,LNDAGRFJIC02,LOTHTOT,25,2039,1
GLOBAL,LNDAGRFJIC02,LOTHTOT,25,2040,1
GLOBAL,LNDAGRFJIC02,LOTHTOT,25,2041,1
GLOBAL,LNDAGRFJIC02,LOTHTOT,25,2042,1
GLOBAL,LNDAGRFJIC02,LOTHTOT,25,2043,1
GLOBAL,LNDAGRFJIC02,LOTHTOT,25,2044,1
GLOBAL,LNDAGRFJIC02,LOTHTOT,25,2045,1
GLOBAL,LNDAGRFJIC02,LOTHTOT,25,2046,1
GLOBAL,LNDAGRFJIC02,LOTHTOT,25,2047,1
GLOBAL,LNDAGRFJIC02,LOTHTOT,25,2048,1
GLOBAL,LNDAGRFJIC02,LOTHTOT,25,2049,1
GLOBAL,LNDAGRFJIC02,LOTHTOT,25,2050,1
GLOBAL,LNDAGRFJIC02,WTRPRCFJI,25,2020,2.5
GLOBAL,LNDAGRFJIC02,WTRPRCFJI,25,2021,2.5
GLOBAL,LNDAGRFJIC02,WTRPRCFJI,25,2022,2.5
GLOBAL,LNDAGRFJIC02,WTRPRCFJI,25,2023,2.5
GLOBAL,LNDAGRFJIC02,WTRPRCFJI,25,2024,2.5
GLOBAL,LNDAGRFJIC02,WTRPRCFJI,25,2025,2.5
GLOBAL,LNDAGRFJIC02,WTRPRCFJI,25,2026,2.5
GLOBAL,LNDAGRFJIC02,WTRPRCFJI,25,2027,2.5
GLOBAL,LNDAGRFJIC02,WTRPRCFJI,25,2028,2.5
GLOBAL,LNDAGRFJIC02,WTRPRCFJI,25,2029,2.5
GLOBAL,LNDAGRFJIC02,WTRPRCFJI,25,2030,2.5
GLOBAL,LNDAGRFJIC02,WTRPRCFJI,25,2031,2.5
GLOBAL,LNDAGRFJIC02,WTRPRCFJI,25,2032,2.5
GLOBAL,LNDAGRFJIC02,WTRPRCFJI,25,2033,2.5
GLOBAL,LNDAGRFJIC02,WTRPRCFJI,25,2034,2.5
GLOBAL,LNDAGRFJIC02,WTRPRCFJI,25,2035,2.5
GLOBAL,LNDAGRFJIC02,WTRPRCFJI,25,2036,2.5
GLOBAL,LNDAGRFJIC02,WTRPRCFJI,25,2037,2.5
GLOBAL,LNDAGRFJIC02,WTRPRCFJI,25,2038,2.5
GLOBAL,LNDAGRFJIC02,WTRPRCFJI,25,2039,2.5
GLOBAL,LNDAGRFJIC02,WTRPRCFJI,25,2040,2.5
GLOBAL,LNDAGRFJIC02,WTRPRCFJI,25,2041,2.5
GLOBAL,LNDAGRFJIC02,WTRPRCFJI,25,2042,2.5
GLOBAL,LNDAGRFJIC02,WTRPRCFJI,25,2043,2.5
GLOBAL,LNDAGRFJIC02,WTRPRCFJI,25,2044,2.5
GLOBAL,LNDAGRFJIC02,WTRPRCFJI,25,2045,2.5
GLOBAL,LNDAGRFJIC02,WTRPRCFJI,25,2046,2.5
GLOBAL,LNDAGRFJIC02,WTRPRCFJI,25,2047,2.5
GLOBAL,LNDAGRFJIC02,WTRPRCFJI,25,2048,2.5
GLOBAL,LNDAGRFJIC02,WTRPRCFJI,25,2049,2.5
GLOBAL,LNDAGRFJIC02,WTRPRCFJI,25,2050,2.5
GLOBAL,LNDAGRFJIC03,LOTHTOT,25,2020,1
GLOBAL,LNDAGRFJIC03,LOTHTOT,25,2021,1
GLOBAL,LNDAGRFJIC03,LOTHTOT,25,2022,1
GLOBAL,LNDAGRFJIC03,LOTHTOT,25,2023,1
GLOBAL,LNDAGRFJIC03,LOTHTOT,25,2024,1
GLOBAL,LNDAGRFJIC03,LOTHTOT,25,2025,1
GLOBAL,LNDAGRFJIC03,LOTHTOT,25,2026,1
GLOBAL,LNDAGRFJIC03,LOTHTOT,25,2027,1
GLOBAL,LNDAGRFJIC03,LOTHTOT,25,2028,1
GLOBAL,LNDAGRFJIC03,LOTHTOT,25,2029,1
GLOBAL,LNDAGRFJIC03,LOTHTOT,25,2030,1
GLOBAL,LNDAGRFJIC03,LOTHTOT,25,2031,1
GLOBAL,LNDAGRFJIC03,LOTHTOT,25,2032,1
GLOBAL,LNDAGRFJIC03,LOTHTOT,25,2033,1
GLOBAL,LNDAGRFJIC03,LOTHTOT,25,2034,1
GLOBAL,LNDAGRFJIC03,LOTHTOT,25,2035,1
GLOBAL,LNDAGRFJIC03,LOTHTOT,25,2036,1
GLOBAL,LNDAGRFJIC03,LOTHTOT,25,2037,1
GLOBAL,LNDAGRFJIC03,LOTHTOT,25,2038,1
GLOBAL,LNDAGRFJIC03,LOTHTOT,25,2039,1
GLOBAL,LNDAGRFJIC03,LOTHTOT,25,2040,1
GLOBAL,LNDAGRFJIC03,LOTHTOT,25,2041,1
GLOBAL,LNDAGRFJIC03,LOTHTOT,25,2042,1
GLOBAL,LNDAGRFJIC03,LOTHTOT,25,2043,1
GLOBAL,LNDAGRFJIC03,LOTHTOT,25,2044,1
GLOBAL,LNDAGRFJIC03,LOTHTOT,25,2045,1
GLOBAL,LNDAGRFJIC03,LOTHTOT,25,2046,1
GLOBAL,LNDAGRFJIC03,LOTHTOT,25,2047,1
GLOBAL,LNDAGRFJIC03,LOTHTOT,25,2048,1
GLOBAL,LNDAGRFJIC03,LOTHTOT,25,2049,1
GLOBAL,LNDAGRFJIC03,LOTHTOT,25,2050,1
GLOBAL,LNDAGRFJIC03,WTRPRCFJI,25,2020,2.7
GLOBAL,LNDAGRFJIC03,WTRPRCFJI,25,2021,2.7
GLOBAL,LNDAGRFJIC03,WTRPRCFJI,25,2022,2.7
GLOBAL,LNDAGRFJIC03,WTRPRCFJI,25,2023,2.7
GLOBAL,LNDAGRFJIC03,WTRPRCFJI,25,2024,2.7
GLOBAL,LNDAGRFJIC03,WTRPRCFJI,25,2025,2.7
GLOBAL,LNDAGRFJIC03,WTRPRCFJI,25,2026,2.7
GLOBAL,LNDAGRFJIC03,WTRPRCFJI,25,2027,2.7
GLOBAL,LNDAGRFJIC03,WTRPRCFJI,25,2028,2.7
GLOBAL,LNDAGRFJIC03,WTRPRCFJI,25,2029,2.7
GLOBAL,LNDAGRFJIC03,WTRPRCFJI,25,2030,2.7
GLOBAL,LNDAGRFJIC03,WTRPRCFJI,25,2031,2.7
GLOBAL,LNDAGRFJIC03,WTRPRCFJI,25,2032,2.7
GLOBAL,LNDAGRFJIC03,WTRPRCFJI,25,2033,2.7
GLOBAL,LNDAGRFJIC03,WTRPRCFJI,25,2034,2.7
GLOBAL,LNDAGRFJIC03,WTRPRCFJI,25,2035,2.7
GLOBAL,LNDAGRFJIC03,WTRPRCFJI,25,2036,2.7
GLOBAL,LNDAGRFJIC03,WTRPRCFJI,25,2037,2.7
GLOBAL,LNDAGRFJIC03,WTRPRCFJI,25,2038,2.7
GLOBAL,LNDAGRFJIC03,WTRPRCFJI,25,2039,2.7
GLOBAL,LNDAGRFJIC03,WTRPRCFJI,25,2040,2.7
GLOBAL,LNDAGRFJIC03,WTRPRCFJI,25,2041,2.7
GLOBAL,LNDAGRFJIC03,WTRPRCFJI,25,2042,2.7
GLOBAL,LNDAGRFJIC03,WTRPRCFJI,25,2043,2.7
GLOBAL,LNDAGRFJIC03,WTRPRCFJI,25,2044,2.7
GLOBAL,LNDAGRFJIC03,WTRPRCFJI,25,2045,2.7
GLOBAL,LNDAGRFJIC03,WTRPRCFJI,25,2046,2.7
GLOBAL,LNDAGRFJIC03,WTRPRCFJI,25,2047,2.7
GLOBAL,LNDAGRFJIC03,WTRPRCFJI,25,2048,2.7
GLOBAL,LNDAGRFJIC03,WTRPRCFJI,25,2049,2.7
GLOBAL,LNDAGRFJIC03,WTRPRCFJI,25,2050,2.7
GLOBAL,LNDAGRFJIC04,LOTHTOT,25,2020,1
GLOBAL,LNDAGRFJIC04,LOTHTOT,25,2021,1
GLOBAL,LNDAGRFJIC04,LOTHTOT,25,2022,1
GLOBAL,LNDAGRFJIC04,LOTHTOT,25,2023,1
GLOBAL,LNDAGRFJIC04,LOTHTOT,25,2024,1
GLOBAL,LNDAGRFJIC04,LOTHTOT,25,2025,1
GLOBAL,LNDAGRFJIC04,LOTHTOT,25,2026,1
GLOBAL,LNDAGRFJIC04,LOTHTOT,25,2027,1
GLOBAL,LNDAGRFJIC04,LOTHTOT,25,2028,1
GLOBAL,LNDAGRFJIC04,LOTHTOT,25,2029,1
GLOBAL,LNDAGRFJIC04,LOTHTOT,25,2030,1
GLOBAL,LNDAGRFJIC04,LOTHTOT,25,2031,1
GLOBAL,LNDAGRFJIC04,LOTHTOT,25,2032,1
GLOBAL,LNDAGRFJIC04,LOTHTOT,25,2033,1
GLOBAL,LNDAGRFJIC04,LOTHTOT,25,2034,1
GLOBAL,LNDAGRFJIC04,LOTHTOT,25,2035,1
GLOBAL,LNDAGRFJIC04,LOTHTOT,25,2036,1
GLOBAL,LNDAGRFJIC04,LOTHTOT,25,2037,1
GLOBAL,LNDAGRFJIC04,LOTHTOT,25,2038,1
GLOBAL,LNDAGRFJIC04,LOTHTOT,25,2039,1
GLOBAL,LNDAGRFJIC04,LOTHTOT,25,2040,1
GLOBAL,LNDAGRFJIC04,LOTHTOT,25,2041,1
GLOBAL,LNDAGRFJIC04,LOTHTOT,25,2042,1
GLOBAL,LNDAGRFJIC04,LOTHTOT,25,2043,1
GLOBAL,LNDAGRFJIC04,LOTHTOT,25,2044,1
GLOBAL,LNDAGRFJIC04,LOTHTOT,25,2045,1
GLOBAL,LNDAGRFJIC04,LOTHTOT,25,2046,1
GLOBAL,LNDAGRFJIC04,LOTHTOT,25,2047,1
GLOBAL,LNDAGRFJIC04,LOTHTOT,25,2048,1
GLOBAL,LNDAGRFJIC04,LOTHTOT,25,2049,1
GLOBAL,LNDAGRFJIC04,LOTHTOT,25,2050,1
GLOBAL,LNDAGRFJIC04,WTRPRCFJI,25,2020,2.1
GLOBAL,LNDAGRFJIC04,WTRPRCFJI,25,2021,2.1
GLOBAL,LNDAGRFJIC04,WTRPRCFJI,25,2022,2.1
GLOBAL,LNDAGRFJIC04,WTRPRCFJI,25,2023,2.1
GLOBAL,LNDAGRFJIC04,WTRPRCFJI,25,2024,2.1
GLOBAL,LNDAGRFJIC04,WTRPRCFJI,25,2025,2.1
GLOBAL,LNDAGRFJIC04,WTRPRCFJI,25,2026,2.1
GLOBAL,LNDAGRFJIC04,WTRPRCFJI,25,2027,2.1
GLOBAL,LNDAGRFJIC04,WTRPRCFJI,25,2028,2.1
GLOBAL,LNDAGRFJIC04,WTRPRCFJI,25,2029,2.1
GLOBAL,LNDAGRFJIC04,WTRPRCFJI,25,2030,2.1
GLOBAL,LNDAGRFJIC04,WTRPRCFJI,25,2031,2.1
GLOBAL,LNDAGRFJIC04,WTRPRCFJI,25,2032,2.1
GLOBAL,LNDAGRFJIC04,WTRPRCFJI,25,2033,2.1
GLOBAL,LNDAGRFJIC04,WTRPRCFJI,25,2034,2.1
GLOBAL,LNDAGRFJIC04,WTRPRCFJI,25,2035,2.1
GLOBAL,LNDAGRFJIC04,WTRPRCFJI,25,2036,2.1
GLOBAL,LNDAGRFJIC04,WTRPRCFJI,25,2037,2.1
GLOBAL,LNDAGRFJIC04,WTRPRCFJI,25,2038,2.1
GLOBAL,LNDAGRFJIC04,WTRPRCFJI,25,2039,2.1
GLOBAL,LNDAGRFJIC04,WTRPRCFJI,25,2040,2.1
GLOBAL,LNDAGRFJIC04,WTRPRCFJI,25,2041,2.1
GLOBAL,LNDAGRFJIC04,WTRPRCFJI,25,2042,2.1
GLOBAL,LNDAGRFJIC04,WTRPRCFJI,25,2043,2.1
GLOBAL,LNDAGRFJIC04,WTRPRCFJI,25,2044,2.1
GLOBAL,LNDAGRFJIC04,WTRPRCFJI,25,2045,2.1
GLOBAL,LNDAGRFJIC04,WTRPRCFJI,25,2046,2.1
GLOBAL,LNDAGRFJIC04,WTRPRCFJI,25,2047,2.1
GLOBAL,LNDAGRFJIC04,WTRPRCFJI,25,2048,2.1
GLOBAL,LNDAGRFJIC04,WTRPRCFJI,25,2049,2.1
GLOBAL,LNDAGRFJIC04,WTRPRCFJI,25,2050,2.1
GLOBAL,LNDWATTOT,LTOT,1,2020,1
GLOBAL,LNDWATTOT,LTOT,1,2021,1
GLOBAL,LNDWATTOT,LTOT,1,2022,1
GLOBAL,LNDWATTOT,LTOT,1,2023,1
GLOBAL,LNDWATTOT,LTOT,1,2024,1
GLOBAL,LNDWATTOT,LTOT,1,2025,1
GLOBAL,LNDWATTOT,LTOT,1,2026,1
GLOBAL,LNDWATTOT,LTOT,1,2027,1
GLOBAL,LNDWATTOT,LTOT,1,2028,1
GLOBAL,LNDWATTOT,LTOT,1,2029,1
GLOBAL,LNDWATTOT,LTOT,1,2030,1
GLOBAL,LNDWATTOT,LTOT,1,2031,1
GLOBAL,LNDWATTOT,LTOT,1,2032,1
GLOBAL,LNDWATTOT,LTOT,1,2033,1
GLOBAL,LNDWATTOT,LTOT,1,2034,1
GLOBAL,LNDWATTOT,LTOT,1,2035,1
GLOBAL,LNDWATTOT,LTOT,1,2036,1
GLOBAL,LNDWATTOT,LTOT,1,2037,1
GLOBAL,LNDWATTOT,LTOT,1,2038,1
GLOBAL,LNDWATTOT,LTOT,1,2039,1
GLOBAL,LNDWATTOT,LTOT,1,2040,1
GLOBAL,LNDWATTOT,LTOT,1,2041,1
GLOBAL,LNDWATTOT,LTOT,1,2042,1
GLOBAL,LNDWATTOT,LTOT,1,2043,1
GLOBAL,LNDWATTOT,LTOT,1,2044,1
GLOBAL,LNDWATTOT,LTOT,1,2045,1
GLOBAL,LNDWATTOT,LTOT,1,2046,1
GLOBAL,LNDWATTOT,LTOT,1,2047,1
GLOBAL,LNDWATTOT,LTOT,1,2048,1
GLOBAL,LNDWATTOT,LTOT,1,2049,1
GLOBAL,LNDWATTOT,LTOT,1,2050,1
GLOBAL,LNDAGRFJIC01,LWATTOT,26,2020,1
GLOBAL,LNDAGRFJIC01,LWATTOT,26,2021,1
GLOBAL,LNDAGRFJIC01,LWATTOT,26,2022,1
GLOBAL,LNDAGRFJIC01,LWATTOT,26,2023,1
GLOBAL,LNDAGRFJIC01,LWATTOT,26,2024,1
GLOBAL,LNDAGRFJIC01,LWATTOT,26,2025,1
GLOBAL,LNDAGRFJIC01,LWATTOT,26,2026,1
GLOBAL,LNDAGRFJIC01,LWATTOT,26,2027,1
GLOBAL,LNDAGRFJIC01,LWATTOT,26,2028,1
GLOBAL,LNDAGRFJIC01,LWATTOT,26,2029,1
GLOBAL,LNDAGRFJIC01,LWATTOT,26,2030,1
GLOBAL,LNDAGRFJIC01,LWATTOT,26,2031,1
GLOBAL,LNDAGRFJIC01,LWATTOT,26,2032,1
GLOBAL,LNDAGRFJIC01,LWATTOT,26,2033,1
GLOBAL,LNDAGRFJIC01,LWATTOT,26,2034,1
GLOBAL,LNDAGRFJIC01,LWATTOT,26,2035,1
GLOBAL,LNDAGRFJIC01,LWATTOT,26,2036,1
GLOBAL,LNDAGRFJIC01,LWATTOT,26,2037,1
GLOBAL,LNDAGRFJIC01,LWATTOT,26,2038,1
GLOBAL,LNDAGRFJIC01,LWATTOT,26,2039,1
GLOBAL,LNDAGRFJIC01,LWATTOT,26,2040,1
GLOBAL,LNDAGRFJIC01,LWATTOT,26,2041,1
GLOBAL,LNDAGRFJIC01,LWATTOT,26,2042,1
GLOBAL,LNDAGRFJIC01,LWATTOT,26,2043,1
GLOBAL,LNDAGRFJIC01,LWATTOT,26,2044,1
GLOBAL,LNDAGRFJIC01,LWATTOT,26,2045,1
GLOBAL,LNDAGRFJIC01,LWATTOT,26,2046,1
GLOBAL,LNDAGRFJIC01,LWATTOT,26,2047,1
GLOBAL,LNDAGRFJIC01,LWATTOT,26,2048,1
GLOBAL,LNDAGRFJIC01,LWATTOT,26,2049,1
GLOBAL,LNDAGRFJIC01,LWATTOT,26,2050,1
GLOBAL,LNDAGRFJIC01,WTRPRCFJI,26,2020,2.7
GLOBAL,LNDAGRFJIC01,WTRPRCFJI,26,2021,2.7
GLOBAL,LNDAGRFJIC01,WTRPRCFJI,26,2022,2.7
GLOBAL,LNDAGRFJIC01,WTRPRCFJI,26,2023,2.7
GLOBAL,LNDAGRFJIC01,WTRPRCFJI,26,2024,2.7
GLOBAL,LNDAGRFJIC01,WTRPRCFJI,26,2025,2.7
GLOBAL,LNDAGRFJIC01,WTRPRCFJI,26,2026,2.7
GLOBAL,LNDAGRFJIC01,WTRPRCFJI,26,2027,2.7
GLOBAL,LNDAGRFJIC01,WTRPRCFJI,26,2028,2.7
GLOBAL,LNDAGRFJIC01,WTRPRCFJI,26,2029,2.7
GLOBAL,LNDAGRFJIC01,WTRPRCFJI,26,2030,2.7
GLOBAL,LNDAGRFJIC01,WTRPRCFJI,26,2031,2.7
GLOBAL,LNDAGRFJIC01,WTRPRCFJI,26,2032,2.7
GLOBAL,LNDAGRFJIC01,WTRPRCFJI,26,2033,2.7
GLOBAL,LNDAGRFJIC01,WTRPRCFJI,26,2034,2.7
GLOBAL,LNDAGRFJIC01,WTRPRCFJI,26,2035,2.7
GLOBAL,LNDAGRFJIC01,WTRPRCFJI,26,2036,2.7
GLOBAL,LNDAGRFJIC01,WTRPRCFJI,26,2037,2.7
GLOBAL,LNDAGRFJIC01,WTRPRCFJI,26,2038,2.7
GLOBAL,LNDAGRFJIC01,WTRPRCFJI,26,2039,2.7
GLOBAL,LNDAGRFJIC01,WTRPRCFJI,26,2040,2.7
GLOBAL,LNDAGRFJIC01,WTRPRCFJI,26,2041,2.7
GLOBAL,LNDAGRFJIC01,WTRPRCFJI,26,2042,2.7
GLOBAL,LNDAGRFJIC01,WTRPRCFJI,26,2043,2.7
GLOBAL,LNDAGRFJIC01,WTRPRCFJI,26,2044,2.7
GLOBAL,LNDAGRFJIC01,WTRPRCFJI,26,2045,2.7
GLOBAL,LNDAGRFJIC01,WTRPRCFJI,26,2046,2.7
GLOBAL,LNDAGRFJIC01,WTRPRCFJI,26,2047,2.7
GLOBAL,LNDAGRFJIC01,WTRPRCFJI,26,2048,2.7
GLOBAL,LNDAGRFJIC01,WTRPRCFJI,26,2049,2.7
GLOBAL,LNDAGRFJIC01,WTRPRCFJI,26,2050,2.7
GLOBAL,LNDAGRFJIC02,LWATTOT,26,2020,1
GLOBAL,LNDAGRFJIC02,LWATTOT,26,2021,1
GLOBAL,LNDAGRFJIC02,LWATTOT,26,2022,1
GLOBAL,LNDAGRFJIC02,LWATTOT,26,2023,1
GLOBAL,LNDAGRFJIC02,LWATTOT,26,2024,1
GLOBAL,LNDAGRFJIC02,LWATTOT,26,2025,1
GLOBAL,LNDAGRFJIC02,LWATTOT,26,2026,1
GLOBAL,LNDAGRFJIC02,LWATTOT,26,2027,1
GLOBAL,LNDAGRFJIC02,LWATTOT,26,2028,1
GLOBAL,LNDAGRFJIC02,LWATTOT,26,2029,1
GLOBAL,LNDAGRFJIC02,LWATTOT,26,2030,1
GLOBAL,LNDAGRFJIC02,LWATTOT,26,2031,1
GLOBAL,LNDAGRFJIC02,LWATTOT,26,2032,1
GLOBAL,LNDAGRFJIC02,LWATTOT,26,2033,1
GLOBAL,LNDAGRFJIC02,LWATTOT,26,2034,1
GLOBAL,LNDAGRFJIC02,LWATTOT,26,2035,1
GLOBAL,LNDAGRFJIC02,LWATTOT,26,2036,1
GLOBAL,LNDAGRFJIC02,LWATTOT,26,2037,1
GLOBAL,LNDAGRFJIC02,LWATTOT,26,2038,1
GLOBAL,LNDAGRFJIC02,LWATTOT,26,2039,1
GLOBAL,LNDAGRFJIC02,LWATTOT,26,2040,1
GLOBAL,LNDAGRFJIC02,LWATTOT,26,2041,1
GLOBAL,LNDAGRFJIC02,LWATTOT,26,2042,1
GLOBAL,LNDAGRFJIC02,LWATTOT,26,2043,1
GLOBAL,LNDAGRFJIC02,LWATTOT,26,2044,1
GLOBAL,LNDAGRFJIC02,LWATTOT,26,2045,1
GLOBAL,LNDAGRFJIC02,LWATTOT,26,2046,1
GLOBAL,LNDAGRFJIC02,LWATTOT,26,2047,1
GLOBAL,LNDAGRFJIC02,LWATTOT,26,2048,1
GLOBAL,LNDAGRFJIC02,LWATTOT,26,2049,1
GLOBAL,LNDAGRFJIC02,LWATTOT,26,2050,1
GLOBAL,LNDAGRFJIC02,WTRPRCFJI,26,2020,2.5
GLOBAL,LNDAGRFJIC02,WTRPRCFJI,26,2021,2.5
GLOBAL,LNDAGRFJIC02,WTRPRCFJI,26,2022,2.5
GLOBAL,LNDAGRFJIC02,WTRPRCFJI,26,2023,2.5
GLOBAL,LNDAGRFJIC02,WTRPRCFJI,26,2024,2.5
GLOBAL,LNDAGRFJIC02,WTRPRCFJI,26,2025,2.5
GLOBAL,LNDAGRFJIC02,WTRPRCFJI,26,2026,2.5
GLOBAL,LNDAGRFJIC02,WTRPRCFJI,26,2027,2.5
GLOBAL,LNDAGRFJIC02,WTRPRCFJI,26,2028,2.5
GLOBAL,LNDAGRFJIC02,WTRPRCFJI,26,2029,2.5
GLOBAL,LNDAGRFJIC02,WTRPRCFJI,26,2030,2.5
GLOBAL,LNDAGRFJIC02,WTRPRCFJI,26,2031,2.5
GLOBAL,LNDAGRFJIC02,WTRPRCFJI,26,2032,2.5
GLOBAL,LNDAGRFJIC02,WTRPRCFJI,26,2033,2.5
GLOBAL,LNDAGRFJIC02,WTRPRCFJI,26,2034,2.5
GLOBAL,LNDAGRFJIC02,WTRPRCFJI,26,2035,2.5
GLOBAL,LNDAGRFJIC02,WTRPRCFJI,26,2036,2.5
GLOBAL,LNDAGRFJIC02,WTRPRCFJI,26,2037,2.5
GLOBAL,LNDAGRFJIC02,WTRPRCFJI,26,2038,2.5
GLOBAL,LNDAGRFJIC02,WTRPRCFJI,26,2039,2.5
GLOBAL,LNDAGRFJIC02,WTRPRCFJI,26,2040,2.5
GLOBAL,LNDAGRFJIC02,WTRPRCFJI,26,2041,2.5
GLOBAL,LNDAGRFJIC02,WTRPRCFJI,26,2042,2.5
GLOBAL,LNDAGRFJIC02,WTRPRCFJI,26,2043,2.5
GLOBAL,LNDAGRFJIC02,WTRPRCFJI,26,2044,2.5
GLOBAL,LNDAGRFJIC02,WTRPRCFJI,26,2045,2.5
GLOBAL,LNDAGRFJIC02,WTRPRCFJI,26,2046,2.5
GLOBAL,LNDAGRFJIC02,WTRPRCFJI,26,2047,2.5
GLOBAL,LNDAGRFJIC02,WTRPRCFJI,26,2048,2.5
GLOBAL,LNDAGRFJIC02,WTRPRCFJI,26,2049,2.5
GLOBAL,LNDAGRFJIC02,WTRPRCFJI,26,2050,2.5
GLOBAL,LNDAGRFJIC03,LWATTOT,26,2020,1
GLOBAL,LNDAGRFJIC03,LWATTOT,26,2021,1
GLOBAL,LNDAGRFJIC03,LWATTOT,26,2022,1
GLOBAL,LNDAGRFJIC03,LWATTOT,26,2023,1
GLOBAL,LNDAGRFJIC03,LWATTOT,26,2024,1
GLOBAL,LNDAGRFJIC03,LWATTOT,26,2025,1
GLOBAL,LNDAGRFJIC03,LWATTOT,26,2026,1
GLOBAL,LNDAGRFJIC03,LWATTOT,26,2027,1
GLOBAL,LNDAGRFJIC03,LWATTOT,26,2028,1
GLOBAL,LNDAGRFJIC03,LWATTOT,26,2029,1
GLOBAL,LNDAGRFJIC03,LWATTOT,26,2030,1
GLOBAL,LNDAGRFJIC03,LWATTOT,26,2031,1
GLOBAL,LNDAGRFJIC03,LWATTOT,26,2032,1
GLOBAL,LNDAGRFJIC03,LWATTOT,26,2033,1
GLOBAL,LNDAGRFJIC03,LWATTOT,26,2034,1
GLOBAL,LNDAGRFJIC03,LWATTOT,26,2035,1
GLOBAL,LNDAGRFJIC03,LWATTOT,26,2036,1
GLOBAL,LNDAGRFJIC03,LWATTOT,26,2037,1
GLOBAL,LNDAGRFJIC03,LWATTOT,26,2038,1
GLOBAL,LNDAGRFJIC03,LWATTOT,26,2039,1
GLOBAL,LNDAGRFJIC03,LWATTOT,26,2040,1
GLOBAL,LNDAGRFJIC03,LWATTOT,26,2041,1
GLOBAL,LNDAGRFJIC03,LWATTOT,26,2042,1
GLOBAL,LNDAGRFJIC03,LWATTOT,26,2043,1
GLOBAL,LNDAGRFJIC03,LWATTOT,26,2044,1
GLOBAL,LNDAGRFJIC03,LWATTOT,26,2045,1
GLOBAL,LNDAGRFJIC03,LWATTOT,26,2046,1
GLOBAL,LNDAGRFJIC03,LWATTOT,26,2047,1
GLOBAL,LNDAGRFJIC03,LWATTOT,26,2048,1
GLOBAL,LNDAGRFJIC03,LWATTOT,26,2049,1
GLOBAL,LNDAGRFJIC03,LWATTOT,26,2050,1
GLOBAL,LNDAGRFJIC03,WTRPRCFJI,26,2020,2.7
GLOBAL,LNDAGRFJIC03,WTRPRCFJI,26,2021,2.7
GLOBAL,LNDAGRFJIC03,WTRPRCFJI,26,2022,2.7
GLOBAL,LNDAGRFJIC03,WTRPRCFJI,26,2023,2.7
GLOBAL,LNDAGRFJIC03,WTRPRCFJI,26,2024,2.7
GLOBAL,LNDAGRFJIC03,WTRPRCFJI,26,2025,2.7
GLOBAL,LNDAGRFJIC03,WTRPRCFJI,26,2026,2.7
GLOBAL,LNDAGRFJIC03,WTRPRCFJI,26,2027,2.7
GLOBAL,LNDAGRFJIC03,WTRPRCFJI,26,2028,2.7
GLOBAL,LNDAGRFJIC03,WTRPRCFJI,26,2029,2.7
GLOBAL,LNDAGRFJIC03,WTRPRCFJI,26,2030,2.7
GLOBAL,LNDAGRFJIC03,WTRPRCFJI,26,2031,2.7
GLOBAL,LNDAGRFJIC03,WTRPRCFJI,26,2032,2.7
GLOBAL,LNDAGRFJIC03,WTRPRCFJI,26,2033,2.7
GLOBAL,LNDAGRFJIC03,WTRPRCFJI,26,2034,2.7
GLOBAL,LNDAGRFJIC03,WTRPRCFJI,26,2035,2.7
GLOBAL,LNDAGRFJIC03,WTRPRCFJI,26,2036,2.7
GLOBAL,LNDAGRFJIC03,WTRPRCFJI,26,2037,2.7
GLOBAL,LNDAGRFJIC03,WTRPRCFJI,26,2038,2.7
GLOBAL,LNDAGRFJIC03,WTRPRCFJI,26,2039,2.7
GLOBAL,LNDAGRFJIC03,WTRPRCFJI,26,2040,2.7
GLOBAL,LNDAGRFJIC03,WTRPRCFJI,26,2041,2.7
GLOBAL,LNDAGRFJIC03,WTRPRCFJI,26,2042,2.7
GLOBAL,LNDAGRFJIC03,WTRPRCFJI,26,2043,2.7
GLOBAL,LNDAGRFJIC03,WTRPRCFJI,26,2044,2.7
GLOBAL,LNDAGRFJIC03,WTRPRCFJI,26,2045,2.7
GLOBAL,LNDAGRFJIC03,WTRPRCFJI,26,2046,2.7
GLOBAL,LNDAGRFJIC03,WTRPRCFJI,26,2047,2.7
GLOBAL,LNDAGRFJIC03,WTRPRCFJI,26,2048,2.7
GLOBAL,LNDAGRFJIC03,WTRPRCFJI,26,2049,2.7
GLOBAL,LNDAGRFJIC03,WTRPRCFJI,26,2050,2.7
GLOBAL,LNDAGRFJIC04,LWATTOT,26,2020,1
GLOBAL,LNDAGRFJIC04,LWATTOT,26,2021,1
GLOBAL,LNDAGRFJIC04,LWATTOT,26,2022,1
GLOBAL,LNDAGRFJIC04,LWATTOT,26,2023,1
GLOBAL,LNDAGRFJIC04,LWATTOT,26,2024,1
GLOBAL,LNDAGRFJIC04,LWATTOT,26,2025,1
GLOBAL,LNDAGRFJIC04,LWATTOT,26,2026,1
GLOBAL,LNDAGRFJIC04,LWATTOT,26,2027,1
GLOBAL,LNDAGRFJIC04,LWATTOT,26,2028,1
GLOBAL,LNDAGRFJIC04,LWATTOT,26,2029,1
GLOBAL,LNDAGRFJIC04,LWATTOT,26,2030,1
GLOBAL,LNDAGRFJIC04,LWATTOT,26,2031,1
GLOBAL,LNDAGRFJIC04,LWATTOT,26,2032,1
GLOBAL,LNDAGRFJIC04,LWATTOT,26,2033,1
GLOBAL,LNDAGRFJIC04,LWATTOT,26,2034,1
GLOBAL,LNDAGRFJIC04,LWATTOT,26,2035,1
GLOBAL,LNDAGRFJIC04,LWATTOT,26,2036,1
GLOBAL,LNDAGRFJIC04,LWATTOT,26,2037,1
GLOBAL,LNDAGRFJIC04,LWATTOT,26,2038,1
GLOBAL,LNDAGRFJIC04,LWATTOT,26,2039,1
GLOBAL,LNDAGRFJIC04,LWATTOT,26,2040,1
GLOBAL,LNDAGRFJIC04,LWATTOT,26,2041,1
GLOBAL,LNDAGRFJIC04,LWATTOT,26,2042,1
GLOBAL,LNDAGRFJIC04,LWATTOT,26,2043,1
GLOBAL,LNDAGRFJIC04,LWATTOT,26,2044,1
GLOBAL,LNDAGRFJIC04,LWATTOT,26,2045,1
GLOBAL,LNDAGRFJIC04,LWATTOT,26,2046,1
GLOBAL,LNDAGRFJIC04,LWATTOT,26,2047,1
GLOBAL,LNDAGRFJIC04,LWATTOT,26,2048,1
GLOBAL,LNDAGRFJIC04,LWATTOT,26,2049,1
GLOBAL,LNDAGRFJIC04,LWATTOT,26,2050,1
GLOBAL,LNDAGRFJIC04,WTRPRCFJI,26,2020,2.1
GLOBAL,LNDAGRFJIC04,WTRPRCFJI,26,2021,2.1
GLOBAL,LNDAGRFJIC04,WTRPRCFJI,26,2022,2.1
GLOBAL,LNDAGRFJIC04,WTRPRCFJI,26,2023,2.1
GLOBAL,LNDAGRFJIC04,WTRPRCFJI,26,2024,2.1
GLOBAL,LNDAGRFJIC04,WTRPRCFJI,26,2025,2.1
GLOBAL,LNDAGRFJIC04,WTRPRCFJI,26,2026,2.1
GLOBAL,LNDAGRFJIC04,WTRPRCFJI,26,2027,2.1
GLOBAL,LNDAGRFJIC04,WTRPRCFJI,26,2028,2.1
GLOBAL,LNDAGRFJIC04,WTRPRCFJI,26,2029,2.1
GLOBAL,LNDAGRFJIC04,WTRPRCFJI,26,2030,2.1
GLOBAL,LNDAGRFJIC04,WTRPRCFJI,26,2031,2.1
GLOBAL,LNDAGRFJIC04,WTRPRCFJI,26,2032,2.1
GLOBAL,LNDAGRFJIC04,WTRPRCFJI,26,2033,2.1
GLOBAL,LNDAGRFJIC04,WTRPRCFJI,26,2034,2.1
GLOBAL,LNDAGRFJIC04,WTRPRCFJI,26,2035,2.1
GLOBAL,LNDAGRFJIC04,WTRPRCFJI,26,2036,2.1
GLOBAL,LNDAGRFJIC04,WTRPRCFJI,26,2037,2.1
GLOBAL,LNDAGRFJIC04,WTRPRCFJI,26,2038,2.1
GLOBAL,LNDAGRFJIC04,WTRPRCFJI,26,2039,2.1
GLOBAL,LNDAGRFJIC04,WTRPRCFJI,26,2040,2.1
GLOBAL,LNDAGRFJIC04,WTRPRCFJI,26,2041,2.1
GLOBAL,LNDAGRFJIC04,WTRPRCFJI,26,2042,2.1
GLOBAL,LNDAGRFJIC04,WTRPRCFJI,26,2043,2.1
GLOBAL,LNDAGRFJIC04,WTRPRCFJI,26,2044,2.1
GLOBAL,LNDAGRFJIC04,WTRPRCFJI,26,2045,2.1
GLOBAL,LNDAGRFJIC04,WTRPRCFJI,26,2046,2.1
GLOBAL,LNDAGRFJIC04,WTRPRCFJI,26,2047,2.1
GLOBAL,LNDAGRFJIC04,WTRPRCFJI,26,2048,2.1
GLOBAL,LNDAGRFJIC04,WTRPRCFJI,26,2049,2.1
GLOBAL,LNDAGRFJIC04,WTRPRCFJI,26,2050,2.1
