REGION,TECHNOLOGY,FUEL,MODE_OF_OPERATION,YEAR,VALUE
GLOBAL,PWRCCGFJIXX00,ELCFJIXX01,1,2020,1.0
GLOBAL,PWRCCGFJIXX00,ELCFJIXX01,1,2021,1.0
GLOBAL,PWRCCGFJIXX00,ELCFJIXX01,1,2022,1.0
GLOBAL,PWRCCGFJIXX00,ELCFJIXX01,1,2023,1.0
GLOBAL,PWRCCGFJIXX00,ELCFJIXX01,1,2024,1.0
GLOBAL,PWRCCGFJIXX00,ELCFJIXX01,1,2025,1.0
GLOBAL,PWRCCGFJIXX00,ELCFJIXX01,1,2026,1.0
GLOBAL,PWRCCGFJIXX00,ELCFJIXX01,1,2027,1.0
GLOBAL,PWRCCGFJIXX00,ELCFJIXX01,1,2028,1.0
GLOBAL,PWRCCGFJIXX00,ELCFJIXX01,1,2029,1.0
GLOBAL,PWRCCGFJIXX00,ELCFJIXX01,1,2030,1.0
GLOBAL,PWRCCGFJIXX00,ELCFJIXX01,1,2031,1.0
GLOBAL,PWRCCGFJIXX00,ELCFJIXX01,1,2032,1.0
GLOBAL,PWRCCGFJIXX00,ELCFJIXX01,1,2033,1.0
GLOBAL,PWRCCGFJIXX00,ELCFJIXX01,1,2034,1.0
GLOBAL,PWRCCGFJIXX00,ELCFJIXX01,1,2035,1.0
GLOBAL,PWRCCGFJIXX00,ELCFJIXX01,1,2036,1.0
GLOBAL,PWRCCGFJIXX00,ELCFJIXX01,1,2037,1.0
GLOBAL,PWRCCGFJIXX00,ELCFJIXX01,1,2038,1.0
GLOBAL,PWRCCGFJIXX00,ELCFJIXX01,1,2039,1.0
GLOBAL,PWRCCGFJIXX00,ELCFJIXX01,1,2040,1.0
GLOBAL,PWRCCGFJIXX00,ELCFJIXX01,1,2041,1.0
GLOBAL,PWRCCGFJIXX00,ELCFJIXX01,1,2042,1.0
GLOBAL,PWRCCGFJIXX00,ELCFJIXX01,1,2043,1.0
GLOBAL,PWRCCGFJIXX00,ELCFJIXX01,1,2044,1.0
GLOBAL,PWRCCGFJIXX00,ELCFJIXX01,1,2045,1.0
GLOBAL,PWRCCGFJIXX00,ELCFJIXX01,1,2046,1.0
GLOBAL,PWRCCGFJIXX00,ELCFJIXX01,1,2047,1.0
GLOBAL,PWRCCGFJIXX00,ELCFJIXX01,1,2048,1.0
GLOBAL,PWRCCGFJIXX00,ELCFJIXX01,1,2049,1.0
GLOBAL,PWRCCGFJIXX00,ELCFJIXX01,1,2050,1.0
GLOBAL,PWRCCGFJIXX00,ELCFJIXX01,2,2020,1.0
GLOBAL,PWRCCGFJIXX00,ELCFJIXX01,2,2021,1.0
GLOBAL,PWRCCGFJIXX00,ELCFJIXX01,2,2022,1.0
GLOBAL,PWRCCGFJIXX00,ELCFJIXX01,2,2023,1.0
GLOBAL,PWRCCGFJIXX00,ELCFJIXX01,2,2024,1.0
GLOBAL,PWRCCGFJIXX00,ELCFJIXX01,2,2025,1.0
GLOBAL,PWRCCGFJIXX00,ELCFJIXX01,2,2026,1.0
GLOBAL,PWRCCGFJIXX00,ELCFJIXX01,2,2027,1.0
GLOBAL,PWRCCGFJIXX00,ELCFJIXX01,2,2028,1.0
GLOBAL,PWRCCGFJIXX00,ELCFJIXX01,2,2029,1.0
GLOBAL,PWRCCGFJIXX00,ELCFJIXX01,2,2030,1.0
GLOBAL,PWRCCGFJIXX00,ELCFJIXX01,2,2031,1.0
GLOBAL,PWRCCGFJIXX00,ELCFJIXX01,2,2032,1.0
GLOBAL,PWRCCGFJIXX00,ELCFJIXX01,2,2033,1.0
GLOBAL,PWRCCGFJIXX00,ELCFJIXX01,2,2034,1.0
GLOBAL,PWRCCGFJIXX00,ELCFJIXX01,2,2035,1.0
GLOBAL,PWRCCGFJIXX00,ELCFJIXX01,2,2036,1.0
GLOBAL,PWRCCGFJIXX00,ELCFJIXX01,2,2037,1.0
GLOBAL,PWRCCGFJIXX00,ELCFJIXX01,2,2038,1.0
GLOBAL,PWRCCGFJIXX00,ELCFJIXX01,2,2039,1.0
GLOBAL,PWRCCGFJIXX00,ELCFJIXX01,2,2040,1.0
GLOBAL,PWRCCGFJIXX00,ELCFJIXX01,2,2041,1.0
GLOBAL,PWRCCGFJIXX00,ELCFJIXX01,2,2042,1.0
GLOBAL,PWRCCGFJIXX00,ELCFJIXX01,2,2043,1.0
GLOBAL,PWRCCGFJIXX00,ELCFJIXX01,2,2044,1.0
GLOBAL,PWRCCGFJIXX00,ELCFJIXX01,2,2045,1.0
GLOBAL,PWRCCGFJIXX00,ELCFJIXX01,2,2046,1.0
GLOBAL,PWRCCGFJIXX00,ELCFJIXX01,2,2047,1.0
GLOBAL,PWRCCGFJIXX00,ELCFJIXX01,2,2048,1.0
GLOBAL,PWRCCGFJIXX00,ELCFJIXX01,2,2049,1.0
GLOBAL,PWRCCGFJIXX00,ELCFJIXX01,2,2050,1.0
GLOBAL,PWROCGFJIXX00,ELCFJIXX01,1,2020,1.0
GLOBAL,PWROCGFJIXX00,ELCFJIXX01,1,2021,1.0
GLOBAL,PWROCGFJIXX00,ELCFJIXX01,1,2022,1.0
GLOBAL,PWROCGFJIXX00,ELCFJIXX01,1,2023,1.0
GLOBAL,PWROCGFJIXX00,ELCFJIXX01,1,2024,1.0
GLOBAL,PWROCGFJIXX00,ELCFJIXX01,1,2025,1.0
GLOBAL,PWROCGFJIXX00,ELCFJIXX01,1,2026,1.0
GLOBAL,PWROCGFJIXX00,ELCFJIXX01,1,2027,1.0
GLOBAL,PWROCGFJIXX00,ELCFJIXX01,1,2028,1.0
GLOBAL,PWROCGFJIXX00,ELCFJIXX01,1,2029,1.0
GLOBAL,PWROCGFJIXX00,ELCFJIXX01,1,2030,1.0
GLOBAL,PWROCGFJIXX00,ELCFJIXX01,1,2031,1.0
GLOBAL,PWROCGFJIXX00,ELCFJIXX01,1,2032,1.0
GLOBAL,PWROCGFJIXX00,ELCFJIXX01,1,2033,1.0
GLOBAL,PWROCGFJIXX00,ELCFJIXX01,1,2034,1.0
GLOBAL,PWROCGFJIXX00,ELCFJIXX01,1,2035,1.0
GLOBAL,PWROCGFJIXX00,ELCFJIXX01,1,2036,1.0
GLOBAL,PWROCGFJIXX00,ELCFJIXX01,1,2037,1.0
GLOBAL,PWROCGFJIXX00,ELCFJIXX01,1,2038,1.0
GLOBAL,PWROCGFJIXX00,ELCFJIXX01,1,2039,1.0
GLOBAL,PWROCGFJIXX00,ELCFJIXX01,1,2040,1.0
GLOBAL,PWROCGFJIXX00,ELCFJIXX01,1,2041,1.0
GLOBAL,PWROCGFJIXX00,ELCFJIXX01,1,2042,1.0
GLOBAL,PWROCGFJIXX00,ELCFJIXX01,1,2043,1.0
GLOBAL,PWROCGFJIXX00,ELCFJIXX01,1,2044,1.0
GLOBAL,PWROCGFJIXX00,ELCFJIXX01,1,2045,1.0
GLOBAL,PWROCGFJIXX00,ELCFJIXX01,1,2046,1.0
GLOBAL,PWROCGFJIXX00,ELCFJIXX01,1,2047,1.0
GLOBAL,PWROCGFJIXX00,ELCFJIXX01,1,2048,1.0
GLOBAL,PWROCGFJIXX00,ELCFJIXX01,1,2049,1.0
GLOBAL,PWROCGFJIXX00,ELCFJIXX01,1,2050,1.0
GLOBAL,PWROCGFJIXX00,ELCFJIXX01,2,2020,1.0
GLOBAL,PWROCGFJIXX00,ELCFJIXX01,2,2021,1.0
GLOBAL,PWROCGFJIXX00,ELCFJIXX01,2,2022,1.0
GLOBAL,PWROCGFJIXX00,ELCFJIXX01,2,2023,1.0
GLOBAL,PWROCGFJIXX00,ELCFJIXX01,2,2024,1.0
GLOBAL,PWROCGFJIXX00,ELCFJIXX01,2,2025,1.0
GLOBAL,PWROCGFJIXX00,ELCFJIXX01,2,2026,1.0
GLOBAL,PWROCGFJIXX00,ELCFJIXX01,2,2027,1.0
GLOBAL,PWROCGFJIXX00,ELCFJIXX01,2,2028,1.0
GLOBAL,PWROCGFJIXX00,ELCFJIXX01,2,2029,1.0
GLOBAL,PWROCGFJIXX00,ELCFJIXX01,2,2030,1.0
GLOBAL,PWROCGFJIXX00,ELCFJIXX01,2,2031,1.0
GLOBAL,PWROCGFJIXX00,ELCFJIXX01,2,2032,1.0
GLOBAL,PWROCGFJIXX00,ELCFJIXX01,2,2033,1.0
GLOBAL,PWROCGFJIXX00,ELCFJIXX01,2,2034,1.0
GLOBAL,PWROCGFJIXX00,ELCFJIXX01,2,2035,1.0
GLOBAL,PWROCGFJIXX00,ELCFJIXX01,2,2036,1.0
GLOBAL,PWROCGFJIXX00,ELCFJIXX01,2,2037,1.0
GLOBAL,PWROCGFJIXX00,ELCFJIXX01,2,2038,1.0
GLOBAL,PWROCGFJIXX00,ELCFJIXX01,2,2039,1.0
GLOBAL,PWROCGFJIXX00,ELCFJIXX01,2,2040,1.0
GLOBAL,PWROCGFJIXX00,ELCFJIXX01,2,2041,1.0
GLOBAL,PWROCGFJIXX00,ELCFJIXX01,2,2042,1.0
GLOBAL,PWROCGFJIXX00,ELCFJIXX01,2,2043,1.0
GLOBAL,PWROCGFJIXX00,ELCFJIXX01,2,2044,1.0
GLOBAL,PWROCGFJIXX00,ELCFJIXX01,2,2045,1.0
GLOBAL,PWROCGFJIXX00,ELCFJIXX01,2,2046,1.0
GLOBAL,PWROCGFJIXX00,ELCFJIXX01,2,2047,1.0
GLOBAL,PWROCGFJIXX00,ELCFJIXX01,2,2048,1.0
GLOBAL,PWROCGFJIXX00,ELCFJIXX01,2,2049,1.0
GLOBAL,PWROCGFJIXX00,ELCFJIXX01,2,2050,1.0
GLOBAL,PWRHYDFJIXX01,ELCFJIXX01,1,2020,1.0
GLOBAL,PWRHYDFJIXX01,ELCFJIXX01,1,2021,1.0
GLOBAL,PWRHYDFJIXX01,ELCFJIXX01,1,2022,1.0
GLOBAL,PWRHYDFJIXX01,ELCFJIXX01,1,2023,1.0
GLOBAL,PWRHYDFJIXX01,ELCFJIXX01,1,2024,1.0
GLOBAL,PWRHYDFJIXX01,ELCFJIXX01,1,2025,1.0
GLOBAL,PWRHYDFJIXX01,ELCFJIXX01,1,2026,1.0
GLOBAL,PWRHYDFJIXX01,ELCFJIXX01,1,2027,1.0
GLOBAL,PWRHYDFJIXX01,ELCFJIXX01,1,2028,1.0
GLOBAL,PWRHYDFJIXX01,ELCFJIXX01,1,2029,1.0
GLOBAL,PWRHYDFJIXX01,ELCFJIXX01,1,2030,1.0
GLOBAL,PWRHYDFJIXX01,ELCFJIXX01,1,2031,1.0
GLOBAL,PWRHYDFJIXX01,ELCFJIXX01,1,2032,1.0
GLOBAL,PWRHYDFJIXX01,ELCFJIXX01,1,2033,1.0
GLOBAL,PWRHYDFJIXX01,ELCFJIXX01,1,2034,1.0
GLOBAL,PWRHYDFJIXX01,ELCFJIXX01,1,2035,1.0
GLOBAL,PWRHYDFJIXX01,ELCFJIXX01,1,2036,1.0
GLOBAL,PWRHYDFJIXX01,ELCFJIXX01,1,2037,1.0
GLOBAL,PWRHYDFJIXX01,ELCFJIXX01,1,2038,1.0
GLOBAL,PWRHYDFJIXX01,ELCFJIXX01,1,2039,1.0
GLOBAL,PWRHYDFJIXX01,ELCFJIXX01,1,2040,1.0
GLOBAL,PWRHYDFJIXX01,ELCFJIXX01,1,2041,1.0
GLOBAL,PWRHYDFJIXX01,ELCFJIXX01,1,2042,1.0
GLOBAL,PWRHYDFJIXX01,ELCFJIXX01,1,2043,1.0
GLOBAL,PWRHYDFJIXX01,ELCFJIXX01,1,2044,1.0
GLOBAL,PWRHYDFJIXX01,ELCFJIXX01,1,2045,1.0
GLOBAL,PWRHYDFJIXX01,ELCFJIXX01,1,2046,1.0
GLOBAL,PWRHYDFJIXX01,ELCFJIXX01,1,2047,1.0
GLOBAL,PWRHYDFJIXX01,ELCFJIXX01,1,2048,1.0
GLOBAL,PWRHYDFJIXX01,ELCFJIXX01,1,2049,1.0
GLOBAL,PWRHYDFJIXX01,ELCFJIXX01,1,2050,1.0
GLOBAL,PWROILFJIXX01,ELCFJIXX01,1,2020,1.0
GLOBAL,PWROILFJIXX01,ELCFJIXX01,1,2021,1.0
GLOBAL,PWROILFJIXX01,ELCFJIXX01,1,2022,1.0
GLOBAL,PWROILFJIXX01,ELCFJIXX01,1,2023,1.0
GLOBAL,PWROILFJIXX01,ELCFJIXX01,1,2024,1.0
GLOBAL,PWROILFJIXX01,ELCFJIXX01,1,2025,1.0
GLOBAL,PWROILFJIXX01,ELCFJIXX01,1,2026,1.0
GLOBAL,PWROILFJIXX01,ELCFJIXX01,1,2027,1.0
GLOBAL,PWROILFJIXX01,ELCFJIXX01,1,2028,1.0
GLOBAL,PWROILFJIXX01,ELCFJIXX01,1,2029,1.0
GLOBAL,PWROILFJIXX01,ELCFJIXX01,1,2030,1.0
GLOBAL,PWROILFJIXX01,ELCFJIXX01,1,2031,1.0
GLOBAL,PWROILFJIXX01,ELCFJIXX01,1,2032,1.0
GLOBAL,PWROILFJIXX01,ELCFJIXX01,1,2033,1.0
GLOBAL,PWROILFJIXX01,ELCFJIXX01,1,2034,1.0
GLOBAL,PWROILFJIXX01,ELCFJIXX01,1,2035,1.0
GLOBAL,PWROILFJIXX01,ELCFJIXX01,1,2036,1.0
GLOBAL,PWROILFJIXX01,ELCFJIXX01,1,2037,1.0
GLOBAL,PWROILFJIXX01,ELCFJIXX01,1,2038,1.0
GLOBAL,PWROILFJIXX01,ELCFJIXX01,1,2039,1.0
GLOBAL,PWROILFJIXX01,ELCFJIXX01,1,2040,1.0
GLOBAL,PWROILFJIXX01,ELCFJIXX01,1,2041,1.0
GLOBAL,PWROILFJIXX01,ELCFJIXX01,1,2042,1.0
GLOBAL,PWROILFJIXX01,ELCFJIXX01,1,2043,1.0
GLOBAL,PWROILFJIXX01,ELCFJIXX01,1,2044,1.0
GLOBAL,PWROILFJIXX01,ELCFJIXX01,1,2045,1.0
GLOBAL,PWROILFJIXX01,ELCFJIXX01,1,2046,1.0
GLOBAL,PWROILFJIXX01,ELCFJIXX01,1,2047,1.0
GLOBAL,PWROILFJIXX01,ELCFJIXX01,1,2048,1.0
GLOBAL,PWROILFJIXX01,ELCFJIXX01,1,2049,1.0
GLOBAL,PWROILFJIXX01,ELCFJIXX01,1,2050,1.0
GLOBAL,PWROILFJIXX01,ELCFJIXX01,2,2020,1.0
GLOBAL,PWROILFJIXX01,ELCFJIXX01,2,2021,1.0
GLOBAL,PWROILFJIXX01,ELCFJIXX01,2,2022,1.0
GLOBAL,PWROILFJIXX01,ELCFJIXX01,2,2023,1.0
GLOBAL,PWROILFJIXX01,ELCFJIXX01,2,2024,1.0
GLOBAL,PWROILFJIXX01,ELCFJIXX01,2,2025,1.0
GLOBAL,PWROILFJIXX01,ELCFJIXX01,2,2026,1.0
GLOBAL,PWROILFJIXX01,ELCFJIXX01,2,2027,1.0
GLOBAL,PWROILFJIXX01,ELCFJIXX01,2,2028,1.0
GLOBAL,PWROILFJIXX01,ELCFJIXX01,2,2029,1.0
GLOBAL,PWROILFJIXX01,ELCFJIXX01,2,2030,1.0
GLOBAL,PWROILFJIXX01,ELCFJIXX01,2,2031,1.0
GLOBAL,PWROILFJIXX01,ELCFJIXX01,2,2032,1.0
GLOBAL,PWROILFJIXX01,ELCFJIXX01,2,2033,1.0
GLOBAL,PWROILFJIXX01,ELCFJIXX01,2,2034,1.0
GLOBAL,PWROILFJIXX01,ELCFJIXX01,2,2035,1.0
GLOBAL,PWROILFJIXX01,ELCFJIXX01,2,2036,1.0
GLOBAL,PWROILFJIXX01,ELCFJIXX01,2,2037,1.0
GLOBAL,PWROILFJIXX01,ELCFJIXX01,2,2038,1.0
GLOBAL,PWROILFJIXX01,ELCFJIXX01,2,2039,1.0
GLOBAL,PWROILFJIXX01,ELCFJIXX01,2,2040,1.0
GLOBAL,PWROILFJIXX01,ELCFJIXX01,2,2041,1.0
GLOBAL,PWROILFJIXX01,ELCFJIXX01,2,2042,1.0
GLOBAL,PWROILFJIXX01,ELCFJIXX01,2,2043,1.0
GLOBAL,PWROILFJIXX01,ELCFJIXX01,2,2044,1.0
GLOBAL,PWROILFJIXX01,ELCFJIXX01,2,2045,1.0
GLOBAL,PWROILFJIXX01,ELCFJIXX01,2,2046,1.0
GLOBAL,PWROILFJIXX01,ELCFJIXX01,2,2047,1.0
GLOBAL,PWROILFJIXX01,ELCFJIXX01,2,2048,1.0
GLOBAL,PWROILFJIXX01,ELCFJIXX01,2,2049,1.0
GLOBAL,PWROILFJIXX01,ELCFJIXX01,2,2050,1.0
GLOBAL,PWRSPVFJIXX01,ELCFJIXX01,1,2020,1.0
GLOBAL,PWRSPVFJIXX01,ELCFJIXX01,1,2021,1.0
GLOBAL,PWRSPVFJIXX01,ELCFJIXX01,1,2022,1.0
GLOBAL,PWRSPVFJIXX01,ELCFJIXX01,1,2023,1.0
GLOBAL,PWRSPVFJIXX01,ELCFJIXX01,1,2024,1.0
GLOBAL,PWRSPVFJIXX01,ELCFJIXX01,1,2025,1.0
GLOBAL,PWRSPVFJIXX01,ELCFJIXX01,1,2026,1.0
GLOBAL,PWRSPVFJIXX01,ELCFJIXX01,1,2027,1.0
GLOBAL,PWRSPVFJIXX01,ELCFJIXX01,1,2028,1.0
GLOBAL,PWRSPVFJIXX01,ELCFJIXX01,1,2029,1.0
GLOBAL,PWRSPVFJIXX01,ELCFJIXX01,1,2030,1.0
GLOBAL,PWRSPVFJIXX01,ELCFJIXX01,1,2031,1.0
GLOBAL,PWRSPVFJIXX01,ELCFJIXX01,1,2032,1.0
GLOBAL,PWRSPVFJIXX01,ELCFJIXX01,1,2033,1.0
GLOBAL,PWRSPVFJIXX01,ELCFJIXX01,1,2034,1.0
GLOBAL,PWRSPVFJIXX01,ELCFJIXX01,1,2035,1.0
GLOBAL,PWRSPVFJIXX01,ELCFJIXX01,1,2036,1.0
GLOBAL,PWRSPVFJIXX01,ELCFJIXX01,1,2037,1.0
GLOBAL,PWRSPVFJIXX01,ELCFJIXX01,1,2038,1.0
GLOBAL,PWRSPVFJIXX01,ELCFJIXX01,1,2039,1.0
GLOBAL,PWRSPVFJIXX01,ELCFJIXX01,1,2040,1.0
GLOBAL,PWRSPVFJIXX01,ELCFJIXX01,1,2041,1.0
GLOBAL,PWRSPVFJIXX01,ELCFJIXX01,1,2042,1.0
GLOBAL,PWRSPVFJIXX01,ELCFJIXX01,1,2043,1.0
GLOBAL,PWRSPVFJIXX01,ELCFJIXX01,1,2044,1.0
GLOBAL,PWRSPVFJIXX01,ELCFJIXX01,1,2045,1.0
GLOBAL,PWRSPVFJIXX01,ELCFJIXX01,1,2046,1.0
GLOBAL,PWRSPVFJIXX01,ELCFJIXX01,1,2047,1.0
GLOBAL,PWRSPVFJIXX01,ELCFJIXX01,1,2048,1.0
GLOBAL,PWRSPVFJIXX01,ELCFJIXX01,1,2049,1.0
GLOBAL,PWRSPVFJIXX01,ELCFJIXX01,1,2050,1.0
GLOBAL,PWROTHFJIXX01,ELCFJIXX01,1,2020,1.0
GLOBAL,PWROTHFJIXX01,ELCFJIXX01,1,2021,1.0
GLOBAL,PWROTHFJIXX01,ELCFJIXX01,1,2022,1.0
GLOBAL,PWROTHFJIXX01,ELCFJIXX01,1,2023,1.0
GLOBAL,PWROTHFJIXX01,ELCFJIXX01,1,2024,1.0
GLOBAL,PWROTHFJIXX01,ELCFJIXX01,1,2025,1.0
GLOBAL,PWROTHFJIXX01,ELCFJIXX01,1,2026,1.0
GLOBAL,PWROTHFJIXX01,ELCFJIXX01,1,2027,1.0
GLOBAL,PWROTHFJIXX01,ELCFJIXX01,1,2028,1.0
GLOBAL,PWROTHFJIXX01,ELCFJIXX01,1,2029,1.0
GLOBAL,PWROTHFJIXX01,ELCFJIXX01,1,2030,1.0
GLOBAL,PWROTHFJIXX01,ELCFJIXX01,1,2031,1.0
GLOBAL,PWROTHFJIXX01,ELCFJIXX01,1,2032,1.0
GLOBAL,PWROTHFJIXX01,ELCFJIXX01,1,2033,1.0
GLOBAL,PWROTHFJIXX01,ELCFJIXX01,1,2034,1.0
GLOBAL,PWROTHFJIXX01,ELCFJIXX01,1,2035,1.0
GLOBAL,PWROTHFJIXX01,ELCFJIXX01,1,2036,1.0
GLOBAL,PWROTHFJIXX01,ELCFJIXX01,1,2037,1.0
GLOBAL,PWROTHFJIXX01,ELCFJIXX01,1,2038,1.0
GLOBAL,PWROTHFJIXX01,ELCFJIXX01,1,2039,1.0
GLOBAL,PWROTHFJIXX01,ELCFJIXX01,1,2040,1.0
GLOBAL,PWROTHFJIXX01,ELCFJIXX01,1,2041,1.0
GLOBAL,PWROTHFJIXX01,ELCFJIXX01,1,2042,1.0
GLOBAL,PWROTHFJIXX01,ELCFJIXX01,1,2043,1.0
GLOBAL,PWROTHFJIXX01,ELCFJIXX01,1,2044,1.0
GLOBAL,PWROTHFJIXX01,ELCFJIXX01,1,2045,1.0
GLOBAL,PWROTHFJIXX01,ELCFJIXX01,1,2046,1.0
GLOBAL,PWROTHFJIXX01,ELCFJIXX01,1,2047,1.0
GLOBAL,PWROTHFJIXX01,ELCFJIXX01,1,2048,1.0
GLOBAL,PWROTHFJIXX01,ELCFJIXX01,1,2049,1.0
GLOBAL,PWROTHFJIXX01,ELCFJIXX01,1,2050,1.0
GLOBAL,PWROTHFJIXX01,ELCFJIXX01,2,2020,1.0
GLOBAL,PWROTHFJIXX01,ELCFJIXX01,2,2021,1.0
GLOBAL,PWROTHFJIXX01,ELCFJIXX01,2,2022,1.0
GLOBAL,PWROTHFJIXX01,ELCFJIXX01,2,2023,1.0
GLOBAL,PWROTHFJIXX01,ELCFJIXX01,2,2024,1.0
GLOBAL,PWROTHFJIXX01,ELCFJIXX01,2,2025,1.0
GLOBAL,PWROTHFJIXX01,ELCFJIXX01,2,2026,1.0
GLOBAL,PWROTHFJIXX01,ELCFJIXX01,2,2027,1.0
GLOBAL,PWROTHFJIXX01,ELCFJIXX01,2,2028,1.0
GLOBAL,PWROTHFJIXX01,ELCFJIXX01,2,2029,1.0
GLOBAL,PWROTHFJIXX01,ELCFJIXX01,2,2030,1.0
GLOBAL,PWROTHFJIXX01,ELCFJIXX01,2,2031,1.0
GLOBAL,PWROTHFJIXX01,ELCFJIXX01,2,2032,1.0
GLOBAL,PWROTHFJIXX01,ELCFJIXX01,2,2033,1.0
GLOBAL,PWROTHFJIXX01,ELCFJIXX01,2,2034,1.0
GLOBAL,PWROTHFJIXX01,ELCFJIXX01,2,2035,1.0
GLOBAL,PWROTHFJIXX01,ELCFJIXX01,2,2036,1.0
GLOBAL,PWROTHFJIXX01,ELCFJIXX01,2,2037,1.0
GLOBAL,PWROTHFJIXX01,ELCFJIXX01,2,2038,1.0
GLOBAL,PWROTHFJIXX01,ELCFJIXX01,2,2039,1.0
GLOBAL,PWROTHFJIXX01,ELCFJIXX01,2,2040,1.0
GLOBAL,PWROTHFJIXX01,ELCFJIXX01,2,2041,1.0
GLOBAL,PWROTHFJIXX01,ELCFJIXX01,2,2042,1.0
GLOBAL,PWROTHFJIXX01,ELCFJIXX01,2,2043,1.0
GLOBAL,PWROTHFJIXX01,ELCFJIXX01,2,2044,1.0
GLOBAL,PWROTHFJIXX01,ELCFJIXX01,2,2045,1.0
GLOBAL,PWROTHFJIXX01,ELCFJIXX01,2,2046,1.0
GLOBAL,PWROTHFJIXX01,ELCFJIXX01,2,2047,1.0
GLOBAL,PWROTHFJIXX01,ELCFJIXX01,2,2048,1.0
GLOBAL,PWROTHFJIXX01,ELCFJIXX01,2,2049,1.0
GLOBAL,PWROTHFJIXX01,ELCFJIXX01,2,2050,1.0
GLOBAL,PWRCSPFJIXX01,ELCFJIXX01,1,2020,1.0
GLOBAL,PWRCSPFJIXX01,ELCFJIXX01,1,2021,1.0
GLOBAL,PWRCSPFJIXX01,ELCFJIXX01,1,2022,1.0
GLOBAL,PWRCSPFJIXX01,ELCFJIXX01,1,2023,1.0
GLOBAL,PWRCSPFJIXX01,ELCFJIXX01,1,2024,1.0
GLOBAL,PWRCSPFJIXX01,ELCFJIXX01,1,2025,1.0
GLOBAL,PWRCSPFJIXX01,ELCFJIXX01,1,2026,1.0
GLOBAL,PWRCSPFJIXX01,ELCFJIXX01,1,2027,1.0
GLOBAL,PWRCSPFJIXX01,ELCFJIXX01,1,2028,1.0
GLOBAL,PWRCSPFJIXX01,ELCFJIXX01,1,2029,1.0
GLOBAL,PWRCSPFJIXX01,ELCFJIXX01,1,2030,1.0
GLOBAL,PWRCSPFJIXX01,ELCFJIXX01,1,2031,1.0
GLOBAL,PWRCSPFJIXX01,ELCFJIXX01,1,2032,1.0
GLOBAL,PWRCSPFJIXX01,ELCFJIXX01,1,2033,1.0
GLOBAL,PWRCSPFJIXX01,ELCFJIXX01,1,2034,1.0
GLOBAL,PWRCSPFJIXX01,ELCFJIXX01,1,2035,1.0
GLOBAL,PWRCSPFJIXX01,ELCFJIXX01,1,2036,1.0
GLOBAL,PWRCSPFJIXX01,ELCFJIXX01,1,2037,1.0
GLOBAL,PWRCSPFJIXX01,ELCFJIXX01,1,2038,1.0
GLOBAL,PWRCSPFJIXX01,ELCFJIXX01,1,2039,1.0
GLOBAL,PWRCSPFJIXX01,ELCFJIXX01,1,2040,1.0
GLOBAL,PWRCSPFJIXX01,ELCFJIXX01,1,2041,1.0
GLOBAL,PWRCSPFJIXX01,ELCFJIXX01,1,2042,1.0
GLOBAL,PWRCSPFJIXX01,ELCFJIXX01,1,2043,1.0
GLOBAL,PWRCSPFJIXX01,ELCFJIXX01,1,2044,1.0
GLOBAL,PWRCSPFJIXX01,ELCFJIXX01,1,2045,1.0
GLOBAL,PWRCSPFJIXX01,ELCFJIXX01,1,2046,1.0
GLOBAL,PWRCSPFJIXX01,ELCFJIXX01,1,2047,1.0
GLOBAL,PWRCSPFJIXX01,ELCFJIXX01,1,2048,1.0
GLOBAL,PWRCSPFJIXX01,ELCFJIXX01,1,2049,1.0
GLOBAL,PWRCSPFJIXX01,ELCFJIXX01,1,2050,1.0
GLOBAL,PWRBIOFJIXX01,ELCFJIXX01,1,2020,1.0
GLOBAL,PWRBIOFJIXX01,ELCFJIXX01,1,2021,1.0
GLOBAL,PWRBIOFJIXX01,ELCFJIXX01,1,2022,1.0
GLOBAL,PWRBIOFJIXX01,ELCFJIXX01,1,2023,1.0
GLOBAL,PWRBIOFJIXX01,ELCFJIXX01,1,2024,1.0
GLOBAL,PWRBIOFJIXX01,ELCFJIXX01,1,2025,1.0
GLOBAL,PWRBIOFJIXX01,ELCFJIXX01,1,2026,1.0
GLOBAL,PWRBIOFJIXX01,ELCFJIXX01,1,2027,1.0
GLOBAL,PWRBIOFJIXX01,ELCFJIXX01,1,2028,1.0
GLOBAL,PWRBIOFJIXX01,ELCFJIXX01,1,2029,1.0
GLOBAL,PWRBIOFJIXX01,ELCFJIXX01,1,2030,1.0
GLOBAL,PWRBIOFJIXX01,ELCFJIXX01,1,2031,1.0
GLOBAL,PWRBIOFJIXX01,ELCFJIXX01,1,2032,1.0
GLOBAL,PWRBIOFJIXX01,ELCFJIXX01,1,2033,1.0
GLOBAL,PWRBIOFJIXX01,ELCFJIXX01,1,2034,1.0
GLOBAL,PWRBIOFJIXX01,ELCFJIXX01,1,2035,1.0
GLOBAL,PWRBIOFJIXX01,ELCFJIXX01,1,2036,1.0
GLOBAL,PWRBIOFJIXX01,ELCFJIXX01,1,2037,1.0
GLOBAL,PWRBIOFJIXX01,ELCFJIXX01,1,2038,1.0
GLOBAL,PWRBIOFJIXX01,ELCFJIXX01,1,2039,1.0
GLOBAL,PWRBIOFJIXX01,ELCFJIXX01,1,2040,1.0
GLOBAL,PWRBIOFJIXX01,ELCFJIXX01,1,2041,1.0
GLOBAL,PWRBIOFJIXX01,ELCFJIXX01,1,2042,1.0
GLOBAL,PWRBIOFJIXX01,ELCFJIXX01,1,2043,1.0
GLOBAL,PWRBIOFJIXX01,ELCFJIXX01,1,2044,1.0
GLOBAL,PWRBIOFJIXX01,ELCFJIXX01,1,2045,1.0
GLOBAL,PWRBIOFJIXX01,ELCFJIXX01,1,2046,1.0
GLOBAL,PWRBIOFJIXX01,ELCFJIXX01,1,2047,1.0
GLOBAL,PWRBIOFJIXX01,ELCFJIXX01,1,2048,1.0
GLOBAL,PWRBIOFJIXX01,ELCFJIXX01,1,2049,1.0
GLOBAL,PWRBIOFJIXX01,ELCFJIXX01,1,2050,1.0
GLOBAL,PWRCOAFJIXX01,ELCFJIXX01,1,2020,1.0
GLOBAL,PWRCOAFJIXX01,ELCFJIXX01,1,2021,1.0
GLOBAL,PWRCOAFJIXX01,ELCFJIXX01,1,2022,1.0
GLOBAL,PWRCOAFJIXX01,ELCFJIXX01,1,2023,1.0
GLOBAL,PWRCOAFJIXX01,ELCFJIXX01,1,2024,1.0
GLOBAL,PWRCOAFJIXX01,ELCFJIXX01,1,2025,1.0
GLOBAL,PWRCOAFJIXX01,ELCFJIXX01,1,2026,1.0
GLOBAL,PWRCOAFJIXX01,ELCFJIXX01,1,2027,1.0
GLOBAL,PWRCOAFJIXX01,ELCFJIXX01,1,2028,1.0
GLOBAL,PWRCOAFJIXX01,ELCFJIXX01,1,2029,1.0
GLOBAL,PWRCOAFJIXX01,ELCFJIXX01,1,2030,1.0
GLOBAL,PWRCOAFJIXX01,ELCFJIXX01,1,2031,1.0
GLOBAL,PWRCOAFJIXX01,ELCFJIXX01,1,2032,1.0
GLOBAL,PWRCOAFJIXX01,ELCFJIXX01,1,2033,1.0
GLOBAL,PWRCOAFJIXX01,ELCFJIXX01,1,2034,1.0
GLOBAL,PWRCOAFJIXX01,ELCFJIXX01,1,2035,1.0
GLOBAL,PWRCOAFJIXX01,ELCFJIXX01,1,2036,1.0
GLOBAL,PWRCOAFJIXX01,ELCFJIXX01,1,2037,1.0
GLOBAL,PWRCOAFJIXX01,ELCFJIXX01,1,2038,1.0
GLOBAL,PWRCOAFJIXX01,ELCFJIXX01,1,2039,1.0
GLOBAL,PWRCOAFJIXX01,ELCFJIXX01,1,2040,1.0
GLOBAL,PWRCOAFJIXX01,ELCFJIXX01,1,2041,1.0
GLOBAL,PWRCOAFJIXX01,ELCFJIXX01,1,2042,1.0
GLOBAL,PWRCOAFJIXX01,ELCFJIXX01,1,2043,1.0
GLOBAL,PWRCOAFJIXX01,ELCFJIXX01,1,2044,1.0
GLOBAL,PWRCOAFJIXX01,ELCFJIXX01,1,2045,1.0
GLOBAL,PWRCOAFJIXX01,ELCFJIXX01,1,2046,1.0
GLOBAL,PWRCOAFJIXX01,ELCFJIXX01,1,2047,1.0
GLOBAL,PWRCOAFJIXX01,ELCFJIXX01,1,2048,1.0
GLOBAL,PWRCOAFJIXX01,ELCFJIXX01,1,2049,1.0
GLOBAL,PWRCOAFJIXX01,ELCFJIXX01,1,2050,1.0
GLOBAL,PWRCOAFJIXX01,ELCFJIXX01,2,2020,1.0
GLOBAL,PWRCOAFJIXX01,ELCFJIXX01,2,2021,1.0
GLOBAL,PWRCOAFJIXX01,ELCFJIXX01,2,2022,1.0
GLOBAL,PWRCOAFJIXX01,ELCFJIXX01,2,2023,1.0
GLOBAL,PWRCOAFJIXX01,ELCFJIXX01,2,2024,1.0
GLOBAL,PWRCOAFJIXX01,ELCFJIXX01,2,2025,1.0
GLOBAL,PWRCOAFJIXX01,ELCFJIXX01,2,2026,1.0
GLOBAL,PWRCOAFJIXX01,ELCFJIXX01,2,2027,1.0
GLOBAL,PWRCOAFJIXX01,ELCFJIXX01,2,2028,1.0
GLOBAL,PWRCOAFJIXX01,ELCFJIXX01,2,2029,1.0
GLOBAL,PWRCOAFJIXX01,ELCFJIXX01,2,2030,1.0
GLOBAL,PWRCOAFJIXX01,ELCFJIXX01,2,2031,1.0
GLOBAL,PWRCOAFJIXX01,ELCFJIXX01,2,2032,1.0
GLOBAL,PWRCOAFJIXX01,ELCFJIXX01,2,2033,1.0
GLOBAL,PWRCOAFJIXX01,ELCFJIXX01,2,2034,1.0
GLOBAL,PWRCOAFJIXX01,ELCFJIXX01,2,2035,1.0
GLOBAL,PWRCOAFJIXX01,ELCFJIXX01,2,2036,1.0
GLOBAL,PWRCOAFJIXX01,ELCFJIXX01,2,2037,1.0
GLOBAL,PWRCOAFJIXX01,ELCFJIXX01,2,2038,1.0
GLOBAL,PWRCOAFJIXX01,ELCFJIXX01,2,2039,1.0
GLOBAL,PWRCOAFJIXX01,ELCFJIXX01,2,2040,1.0
GLOBAL,PWRCOAFJIXX01,ELCFJIXX01,2,2041,1.0
GLOBAL,PWRCOAFJIXX01,ELCFJIXX01,2,2042,1.0
GLOBAL,PWRCOAFJIXX01,ELCFJIXX01,2,2043,1.0
GLOBAL,PWRCOAFJIXX01,ELCFJIXX01,2,2044,1.0
GLOBAL,PWRCOAFJIXX01,ELCFJIXX01,2,2045,1.0
GLOBAL,PWRCOAFJIXX01,ELCFJIXX01,2,2046,1.0
GLOBAL,PWRCOAFJIXX01,ELCFJIXX01,2,2047,1.0
GLOBAL,PWRCOAFJIXX01,ELCFJIXX01,2,2048,1.0
GLOBAL,PWRCOAFJIXX01,ELCFJIXX01,2,2049,1.0
GLOBAL,PWRCOAFJIXX01,ELCFJIXX01,2,2050,1.0
GLOBAL,PWRURNFJIXX01,ELCFJIXX01,1,2020,1.0
GLOBAL,PWRURNFJIXX01,ELCFJIXX01,1,2021,1.0
GLOBAL,PWRURNFJIXX01,ELCFJIXX01,1,2022,1.0
GLOBAL,PWRURNFJIXX01,ELCFJIXX01,1,2023,1.0
GLOBAL,PWRURNFJIXX01,ELCFJIXX01,1,2024,1.0
GLOBAL,PWRURNFJIXX01,ELCFJIXX01,1,2025,1.0
GLOBAL,PWRURNFJIXX01,ELCFJIXX01,1,2026,1.0
GLOBAL,PWRURNFJIXX01,ELCFJIXX01,1,2027,1.0
GLOBAL,PWRURNFJIXX01,ELCFJIXX01,1,2028,1.0
GLOBAL,PWRURNFJIXX01,ELCFJIXX01,1,2029,1.0
GLOBAL,PWRURNFJIXX01,ELCFJIXX01,1,2030,1.0
GLOBAL,PWRURNFJIXX01,ELCFJIXX01,1,2031,1.0
GLOBAL,PWRURNFJIXX01,ELCFJIXX01,1,2032,1.0
GLOBAL,PWRURNFJIXX01,ELCFJIXX01,1,2033,1.0
GLOBAL,PWRURNFJIXX01,ELCFJIXX01,1,2034,1.0
GLOBAL,PWRURNFJIXX01,ELCFJIXX01,1,2035,1.0
GLOBAL,PWRURNFJIXX01,ELCFJIXX01,1,2036,1.0
GLOBAL,PWRURNFJIXX01,ELCFJIXX01,1,2037,1.0
GLOBAL,PWRURNFJIXX01,ELCFJIXX01,1,2038,1.0
GLOBAL,PWRURNFJIXX01,ELCFJIXX01,1,2039,1.0
GLOBAL,PWRURNFJIXX01,ELCFJIXX01,1,2040,1.0
GLOBAL,PWRURNFJIXX01,ELCFJIXX01,1,2041,1.0
GLOBAL,PWRURNFJIXX01,ELCFJIXX01,1,2042,1.0
GLOBAL,PWRURNFJIXX01,ELCFJIXX01,1,2043,1.0
GLOBAL,PWRURNFJIXX01,ELCFJIXX01,1,2044,1.0
GLOBAL,PWRURNFJIXX01,ELCFJIXX01,1,2045,1.0
GLOBAL,PWRURNFJIXX01,ELCFJIXX01,1,2046,1.0
GLOBAL,PWRURNFJIXX01,ELCFJIXX01,1,2047,1.0
GLOBAL,PWRURNFJIXX01,ELCFJIXX01,1,2048,1.0
GLOBAL,PWRURNFJIXX01,ELCFJIXX01,1,2049,1.0
GLOBAL,PWRURNFJIXX01,ELCFJIXX01,1,2050,1.0
GLOBAL,PWRURNFJIXX01,ELCFJIXX01,2,2020,1.0
GLOBAL,PWRURNFJIXX01,ELCFJIXX01,2,2021,1.0
GLOBAL,PWRURNFJIXX01,ELCFJIXX01,2,2022,1.0
GLOBAL,PWRURNFJIXX01,ELCFJIXX01,2,2023,1.0
GLOBAL,PWRURNFJIXX01,ELCFJIXX01,2,2024,1.0
GLOBAL,PWRURNFJIXX01,ELCFJIXX01,2,2025,1.0
GLOBAL,PWRURNFJIXX01,ELCFJIXX01,2,2026,1.0
GLOBAL,PWRURNFJIXX01,ELCFJIXX01,2,2027,1.0
GLOBAL,PWRURNFJIXX01,ELCFJIXX01,2,2028,1.0
GLOBAL,PWRURNFJIXX01,ELCFJIXX01,2,2029,1.0
GLOBAL,PWRURNFJIXX01,ELCFJIXX01,2,2030,1.0
GLOBAL,PWRURNFJIXX01,ELCFJIXX01,2,2031,1.0
GLOBAL,PWRURNFJIXX01,ELCFJIXX01,2,2032,1.0
GLOBAL,PWRURNFJIXX01,ELCFJIXX01,2,2033,1.0
GLOBAL,PWRURNFJIXX01,ELCFJIXX01,2,2034,1.0
GLOBAL,PWRURNFJIXX01,ELCFJIXX01,2,2035,1.0
GLOBAL,PWRURNFJIXX01,ELCFJIXX01,2,2036,1.0
GLOBAL,PWRURNFJIXX01,ELCFJIXX01,2,2037,1.0
GLOBAL,PWRURNFJIXX01,ELCFJIXX01,2,2038,1.0
GLOBAL,PWRURNFJIXX01,ELCFJIXX01,2,2039,1.0
GLOBAL,PWRURNFJIXX01,ELCFJIXX01,2,2040,1.0
GLOBAL,PWRURNFJIXX01,ELCFJIXX01,2,2041,1.0
GLOBAL,PWRURNFJIXX01,ELCFJIXX01,2,2042,1.0
GLOBAL,PWRURNFJIXX01,ELCFJIXX01,2,2043,1.0
GLOBAL,PWRURNFJIXX01,ELCFJIXX01,2,2044,1.0
GLOBAL,PWRURNFJIXX01,ELCFJIXX01,2,2045,1.0
GLOBAL,PWRURNFJIXX01,ELCFJIXX01,2,2046,1.0
GLOBAL,PWRURNFJIXX01,ELCFJIXX01,2,2047,1.0
GLOBAL,PWRURNFJIXX01,ELCFJIXX01,2,2048,1.0
GLOBAL,PWRURNFJIXX01,ELCFJIXX01,2,2049,1.0
GLOBAL,PWRURNFJIXX01,ELCFJIXX01,2,2050,1.0
GLOBAL,PWRWONFJIXX01,ELCFJIXX01,1,2020,1.0
GLOBAL,PWRWONFJIXX01,ELCFJIXX01,1,2021,1.0
GLOBAL,PWRWONFJIXX01,ELCFJIXX01,1,2022,1.0
GLOBAL,PWRWONFJIXX01,ELCFJIXX01,1,2023,1.0
GLOBAL,PWRWONFJIXX01,ELCFJIXX01,1,2024,1.0
GLOBAL,PWRWONFJIXX01,ELCFJIXX01,1,2025,1.0
GLOBAL,PWRWONFJIXX01,ELCFJIXX01,1,2026,1.0
GLOBAL,PWRWONFJIXX01,ELCFJIXX01,1,2027,1.0
GLOBAL,PWRWONFJIXX01,ELCFJIXX01,1,2028,1.0
GLOBAL,PWRWONFJIXX01,ELCFJIXX01,1,2029,1.0
GLOBAL,PWRWONFJIXX01,ELCFJIXX01,1,2030,1.0
GLOBAL,PWRWONFJIXX01,ELCFJIXX01,1,2031,1.0
GLOBAL,PWRWONFJIXX01,ELCFJIXX01,1,2032,1.0
GLOBAL,PWRWONFJIXX01,ELCFJIXX01,1,2033,1.0
GLOBAL,PWRWONFJIXX01,ELCFJIXX01,1,2034,1.0
GLOBAL,PWRWONFJIXX01,ELCFJIXX01,1,2035,1.0
GLOBAL,PWRWONFJIXX01,ELCFJIXX01,1,2036,1.0
GLOBAL,PWRWONFJIXX01,ELCFJIXX01,1,2037,1.0
GLOBAL,PWRWONFJIXX01,ELCFJIXX01,1,2038,1.0
GLOBAL,PWRWONFJIXX01,ELCFJIXX01,1,2039,1.0
GLOBAL,PWRWONFJIXX01,ELCFJIXX01,1,2040,1.0
GLOBAL,PWRWONFJIXX01,ELCFJIXX01,1,2041,1.0
GLOBAL,PWRWONFJIXX01,ELCFJIXX01,1,2042,1.0
GLOBAL,PWRWONFJIXX01,ELCFJIXX01,1,2043,1.0
GLOBAL,PWRWONFJIXX01,ELCFJIXX01,1,2044,1.0
GLOBAL,PWRWONFJIXX01,ELCFJIXX01,1,2045,1.0
GLOBAL,PWRWONFJIXX01,ELCFJIXX01,1,2046,1.0
GLOBAL,PWRWONFJIXX01,ELCFJIXX01,1,2047,1.0
GLOBAL,PWRWONFJIXX01,ELCFJIXX01,1,2048,1.0
GLOBAL,PWRWONFJIXX01,ELCFJIXX01,1,2049,1.0
GLOBAL,PWRWONFJIXX01,ELCFJIXX01,1,2050,1.0
GLOBAL,PWRWASFJIXX01,ELCFJIXX01,1,2020,1.0
GLOBAL,PWRWASFJIXX01,ELCFJIXX01,1,2021,1.0
GLOBAL,PWRWASFJIXX01,ELCFJIXX01,1,2022,1.0
GLOBAL,PWRWASFJIXX01,ELCFJIXX01,1,2023,1.0
GLOBAL,PWRWASFJIXX01,ELCFJIXX01,1,2024,1.0
GLOBAL,PWRWASFJIXX01,ELCFJIXX01,1,2025,1.0
GLOBAL,PWRWASFJIXX01,ELCFJIXX01,1,2026,1.0
GLOBAL,PWRWASFJIXX01,ELCFJIXX01,1,2027,1.0
GLOBAL,PWRWASFJIXX01,ELCFJIXX01,1,2028,1.0
GLOBAL,PWRWASFJIXX01,ELCFJIXX01,1,2029,1.0
GLOBAL,PWRWASFJIXX01,ELCFJIXX01,1,2030,1.0
GLOBAL,PWRWASFJIXX01,ELCFJIXX01,1,2031,1.0
GLOBAL,PWRWASFJIXX01,ELCFJIXX01,1,2032,1.0
GLOBAL,PWRWASFJIXX01,ELCFJIXX01,1,2033,1.0
GLOBAL,PWRWASFJIXX01,ELCFJIXX01,1,2034,1.0
GLOBAL,PWRWASFJIXX01,ELCFJIXX01,1,2035,1.0
GLOBAL,PWRWASFJIXX01,ELCFJIXX01,1,2036,1.0
GLOBAL,PWRWASFJIXX01,ELCFJIXX01,1,2037,1.0
GLOBAL,PWRWASFJIXX01,ELCFJIXX01,1,2038,1.0
GLOBAL,PWRWASFJIXX01,ELCFJIXX01,1,2039,1.0
GLOBAL,PWRWASFJIXX01,ELCFJIXX01,1,2040,1.0
GLOBAL,PWRWASFJIXX01,ELCFJIXX01,1,2041,1.0
GLOBAL,PWRWASFJIXX01,ELCFJIXX01,1,2042,1.0
GLOBAL,PWRWASFJIXX01,ELCFJIXX01,1,2043,1.0
GLOBAL,PWRWASFJIXX01,ELCFJIXX01,1,2044,1.0
GLOBAL,PWRWASFJIXX01,ELCFJIXX01,1,2045,1.0
GLOBAL,PWRWASFJIXX01,ELCFJIXX01,1,2046,1.0
GLOBAL,PWRWASFJIXX01,ELCFJIXX01,1,2047,1.0
GLOBAL,PWRWASFJIXX01,ELCFJIXX01,1,2048,1.0
GLOBAL,PWRWASFJIXX01,ELCFJIXX01,1,2049,1.0
GLOBAL,PWRWASFJIXX01,ELCFJIXX01,1,2050,1.0
GLOBAL,PWRWOFFJIXX01,ELCFJIXX01,1,2020,1.0
GLOBAL,PWRWOFFJIXX01,ELCFJIXX01,1,2021,1.0
GLOBAL,PWRWOFFJIXX01,ELCFJIXX01,1,2022,1.0
GLOBAL,PWRWOFFJIXX01,ELCFJIXX01,1,2023,1.0
GLOBAL,PWRWOFFJIXX01,ELCFJIXX01,1,2024,1.0
GLOBAL,PWRWOFFJIXX01,ELCFJIXX01,1,2025,1.0
GLOBAL,PWRWOFFJIXX01,ELCFJIXX01,1,2026,1.0
GLOBAL,PWRWOFFJIXX01,ELCFJIXX01,1,2027,1.0
GLOBAL,PWRWOFFJIXX01,ELCFJIXX01,1,2028,1.0
GLOBAL,PWRWOFFJIXX01,ELCFJIXX01,1,2029,1.0
GLOBAL,PWRWOFFJIXX01,ELCFJIXX01,1,2030,1.0
GLOBAL,PWRWOFFJIXX01,ELCFJIXX01,1,2031,1.0
GLOBAL,PWRWOFFJIXX01,ELCFJIXX01,1,2032,1.0
GLOBAL,PWRWOFFJIXX01,ELCFJIXX01,1,2033,1.0
GLOBAL,PWRWOFFJIXX01,ELCFJIXX01,1,2034,1.0
GLOBAL,PWRWOFFJIXX01,ELCFJIXX01,1,2035,1.0
GLOBAL,PWRWOFFJIXX01,ELCFJIXX01,1,2036,1.0
GLOBAL,PWRWOFFJIXX01,ELCFJIXX01,1,2037,1.0
GLOBAL,PWRWOFFJIXX01,ELCFJIXX01,1,2038,1.0
GLOBAL,PWRWOFFJIXX01,ELCFJIXX01,1,2039,1.0
GLOBAL,PWRWOFFJIXX01,ELCFJIXX01,1,2040,1.0
GLOBAL,PWRWOFFJIXX01,ELCFJIXX01,1,2041,1.0
GLOBAL,PWRWOFFJIXX01,ELCFJIXX01,1,2042,1.0
GLOBAL,PWRWOFFJIXX01,ELCFJIXX01,1,2043,1.0
GLOBAL,PWRWOFFJIXX01,ELCFJIXX01,1,2044,1.0
GLOBAL,PWRWOFFJIXX01,ELCFJIXX01,1,2045,1.0
GLOBAL,PWRWOFFJIXX01,ELCFJIXX01,1,2046,1.0
GLOBAL,PWRWOFFJIXX01,ELCFJIXX01,1,2047,1.0
GLOBAL,PWRWOFFJIXX01,ELCFJIXX01,1,2048,1.0
GLOBAL,PWRWOFFJIXX01,ELCFJIXX01,1,2049,1.0
GLOBAL,PWRWOFFJIXX01,ELCFJIXX01,1,2050,1.0
GLOBAL,PWRWAVFJIXX01,ELCFJIXX01,1,2020,1.0
GLOBAL,PWRWAVFJIXX01,ELCFJIXX01,1,2021,1.0
GLOBAL,PWRWAVFJIXX01,ELCFJIXX01,1,2022,1.0
GLOBAL,PWRWAVFJIXX01,ELCFJIXX01,1,2023,1.0
GLOBAL,PWRWAVFJIXX01,ELCFJIXX01,1,2024,1.0
GLOBAL,PWRWAVFJIXX01,ELCFJIXX01,1,2025,1.0
GLOBAL,PWRWAVFJIXX01,ELCFJIXX01,1,2026,1.0
GLOBAL,PWRWAVFJIXX01,ELCFJIXX01,1,2027,1.0
GLOBAL,PWRWAVFJIXX01,ELCFJIXX01,1,2028,1.0
GLOBAL,PWRWAVFJIXX01,ELCFJIXX01,1,2029,1.0
GLOBAL,PWRWAVFJIXX01,ELCFJIXX01,1,2030,1.0
GLOBAL,PWRWAVFJIXX01,ELCFJIXX01,1,2031,1.0
GLOBAL,PWRWAVFJIXX01,ELCFJIXX01,1,2032,1.0
GLOBAL,PWRWAVFJIXX01,ELCFJIXX01,1,2033,1.0
GLOBAL,PWRWAVFJIXX01,ELCFJIXX01,1,2034,1.0
GLOBAL,PWRWAVFJIXX01,ELCFJIXX01,1,2035,1.0
GLOBAL,PWRWAVFJIXX01,ELCFJIXX01,1,2036,1.0
GLOBAL,PWRWAVFJIXX01,ELCFJIXX01,1,2037,1.0
GLOBAL,PWRWAVFJIXX01,ELCFJIXX01,1,2038,1.0
GLOBAL,PWRWAVFJIXX01,ELCFJIXX01,1,2039,1.0
GLOBAL,PWRWAVFJIXX01,ELCFJIXX01,1,2040,1.0
GLOBAL,PWRWAVFJIXX01,ELCFJIXX01,1,2041,1.0
GLOBAL,PWRWAVFJIXX01,ELCFJIXX01,1,2042,1.0
GLOBAL,PWRWAVFJIXX01,ELCFJIXX01,1,2043,1.0
GLOBAL,PWRWAVFJIXX01,ELCFJIXX01,1,2044,1.0
GLOBAL,PWRWAVFJIXX01,ELCFJIXX01,1,2045,1.0
GLOBAL,PWRWAVFJIXX01,ELCFJIXX01,1,2046,1.0
GLOBAL,PWRWAVFJIXX01,ELCFJIXX01,1,2047,1.0
GLOBAL,PWRWAVFJIXX01,ELCFJIXX01,1,2048,1.0
GLOBAL,PWRWAVFJIXX01,ELCFJIXX01,1,2049,1.0
GLOBAL,PWRWAVFJIXX01,ELCFJIXX01,1,2050,1.0
GLOBAL,PWRPETFJIXX01,ELCFJIXX01,1,2020,1.0
GLOBAL,PWRPETFJIXX01,ELCFJIXX01,1,2021,1.0
GLOBAL,PWRPETFJIXX01,ELCFJIXX01,1,2022,1.0
GLOBAL,PWRPETFJIXX01,ELCFJIXX01,1,2023,1.0
GLOBAL,PWRPETFJIXX01,ELCFJIXX01,1,2024,1.0
GLOBAL,PWRPETFJIXX01,ELCFJIXX01,1,2025,1.0
GLOBAL,PWRPETFJIXX01,ELCFJIXX01,1,2026,1.0
GLOBAL,PWRPETFJIXX01,ELCFJIXX01,1,2027,1.0
GLOBAL,PWRPETFJIXX01,ELCFJIXX01,1,2028,1.0
GLOBAL,PWRPETFJIXX01,ELCFJIXX01,1,2029,1.0
GLOBAL,PWRPETFJIXX01,ELCFJIXX01,1,2030,1.0
GLOBAL,PWRPETFJIXX01,ELCFJIXX01,1,2031,1.0
GLOBAL,PWRPETFJIXX01,ELCFJIXX01,1,2032,1.0
GLOBAL,PWRPETFJIXX01,ELCFJIXX01,1,2033,1.0
GLOBAL,PWRPETFJIXX01,ELCFJIXX01,1,2034,1.0
GLOBAL,PWRPETFJIXX01,ELCFJIXX01,1,2035,1.0
GLOBAL,PWRPETFJIXX01,ELCFJIXX01,1,2036,1.0
GLOBAL,PWRPETFJIXX01,ELCFJIXX01,1,2037,1.0
GLOBAL,PWRPETFJIXX01,ELCFJIXX01,1,2038,1.0
GLOBAL,PWRPETFJIXX01,ELCFJIXX01,1,2039,1.0
GLOBAL,PWRPETFJIXX01,ELCFJIXX01,1,2040,1.0
GLOBAL,PWRPETFJIXX01,ELCFJIXX01,1,2041,1.0
GLOBAL,PWRPETFJIXX01,ELCFJIXX01,1,2042,1.0
GLOBAL,PWRPETFJIXX01,ELCFJIXX01,1,2043,1.0
GLOBAL,PWRPETFJIXX01,ELCFJIXX01,1,2044,1.0
GLOBAL,PWRPETFJIXX01,ELCFJIXX01,1,2045,1.0
GLOBAL,PWRPETFJIXX01,ELCFJIXX01,1,2046,1.0
GLOBAL,PWRPETFJIXX01,ELCFJIXX01,1,2047,1.0
GLOBAL,PWRPETFJIXX01,ELCFJIXX01,1,2048,1.0
GLOBAL,PWRPETFJIXX01,ELCFJIXX01,1,2049,1.0
GLOBAL,PWRPETFJIXX01,ELCFJIXX01,1,2050,1.0
GLOBAL,PWRPETFJIXX01,ELCFJIXX01,2,2020,1.0
GLOBAL,PWRPETFJIXX01,ELCFJIXX01,2,2021,1.0
GLOBAL,PWRPETFJIXX01,ELCFJIXX01,2,2022,1.0
GLOBAL,PWRPETFJIXX01,ELCFJIXX01,2,2023,1.0
GLOBAL,PWRPETFJIXX01,ELCFJIXX01,2,2024,1.0
GLOBAL,PWRPETFJIXX01,ELCFJIXX01,2,2025,1.0
GLOBAL,PWRPETFJIXX01,ELCFJIXX01,2,2026,1.0
GLOBAL,PWRPETFJIXX01,ELCFJIXX01,2,2027,1.0
GLOBAL,PWRPETFJIXX01,ELCFJIXX01,2,2028,1.0
GLOBAL,PWRPETFJIXX01,ELCFJIXX01,2,2029,1.0
GLOBAL,PWRPETFJIXX01,ELCFJIXX01,2,2030,1.0
GLOBAL,PWRPETFJIXX01,ELCFJIXX01,2,2031,1.0
GLOBAL,PWRPETFJIXX01,ELCFJIXX01,2,2032,1.0
GLOBAL,PWRPETFJIXX01,ELCFJIXX01,2,2033,1.0
GLOBAL,PWRPETFJIXX01,ELCFJIXX01,2,2034,1.0
GLOBAL,PWRPETFJIXX01,ELCFJIXX01,2,2035,1.0
GLOBAL,PWRPETFJIXX01,ELCFJIXX01,2,2036,1.0
GLOBAL,PWRPETFJIXX01,ELCFJIXX01,2,2037,1.0
GLOBAL,PWRPETFJIXX01,ELCFJIXX01,2,2038,1.0
GLOBAL,PWRPETFJIXX01,ELCFJIXX01,2,2039,1.0
GLOBAL,PWRPETFJIXX01,ELCFJIXX01,2,2040,1.0
GLOBAL,PWRPETFJIXX01,ELCFJIXX01,2,2041,1.0
GLOBAL,PWRPETFJIXX01,ELCFJIXX01,2,2042,1.0
GLOBAL,PWRPETFJIXX01,ELCFJIXX01,2,2043,1.0
GLOBAL,PWRPETFJIXX01,ELCFJIXX01,2,2044,1.0
GLOBAL,PWRPETFJIXX01,ELCFJIXX01,2,2045,1.0
GLOBAL,PWRPETFJIXX01,ELCFJIXX01,2,2046,1.0
GLOBAL,PWRPETFJIXX01,ELCFJIXX01,2,2047,1.0
GLOBAL,PWRPETFJIXX01,ELCFJIXX01,2,2048,1.0
GLOBAL,PWRPETFJIXX01,ELCFJIXX01,2,2049,1.0
GLOBAL,PWRPETFJIXX01,ELCFJIXX01,2,2050,1.0
GLOBAL,PWRGEOFJIXX01,ELCFJIXX01,1,2020,1.0
GLOBAL,PWRGEOFJIXX01,ELCFJIXX01,1,2021,1.0
GLOBAL,PWRGEOFJIXX01,ELCFJIXX01,1,2022,1.0
GLOBAL,PWRGEOFJIXX01,ELCFJIXX01,1,2023,1.0
GLOBAL,PWRGEOFJIXX01,ELCFJIXX01,1,2024,1.0
GLOBAL,PWRGEOFJIXX01,ELCFJIXX01,1,2025,1.0
GLOBAL,PWRGEOFJIXX01,ELCFJIXX01,1,2026,1.0
GLOBAL,PWRGEOFJIXX01,ELCFJIXX01,1,2027,1.0
GLOBAL,PWRGEOFJIXX01,ELCFJIXX01,1,2028,1.0
GLOBAL,PWRGEOFJIXX01,ELCFJIXX01,1,2029,1.0
GLOBAL,PWRGEOFJIXX01,ELCFJIXX01,1,2030,1.0
GLOBAL,PWRGEOFJIXX01,ELCFJIXX01,1,2031,1.0
GLOBAL,PWRGEOFJIXX01,ELCFJIXX01,1,2032,1.0
GLOBAL,PWRGEOFJIXX01,ELCFJIXX01,1,2033,1.0
GLOBAL,PWRGEOFJIXX01,ELCFJIXX01,1,2034,1.0
GLOBAL,PWRGEOFJIXX01,ELCFJIXX01,1,2035,1.0
GLOBAL,PWRGEOFJIXX01,ELCFJIXX01,1,2036,1.0
GLOBAL,PWRGEOFJIXX01,ELCFJIXX01,1,2037,1.0
GLOBAL,PWRGEOFJIXX01,ELCFJIXX01,1,2038,1.0
GLOBAL,PWRGEOFJIXX01,ELCFJIXX01,1,2039,1.0
GLOBAL,PWRGEOFJIXX01,ELCFJIXX01,1,2040,1.0
GLOBAL,PWRGEOFJIXX01,ELCFJIXX01,1,2041,1.0
GLOBAL,PWRGEOFJIXX01,ELCFJIXX01,1,2042,1.0
GLOBAL,PWRGEOFJIXX01,ELCFJIXX01,1,2043,1.0
GLOBAL,PWRGEOFJIXX01,ELCFJIXX01,1,2044,1.0
GLOBAL,PWRGEOFJIXX01,ELCFJIXX01,1,2045,1.0
GLOBAL,PWRGEOFJIXX01,ELCFJIXX01,1,2046,1.0
GLOBAL,PWRGEOFJIXX01,ELCFJIXX01,1,2047,1.0
GLOBAL,PWRGEOFJIXX01,ELCFJIXX01,1,2048,1.0
GLOBAL,PWRGEOFJIXX01,ELCFJIXX01,1,2049,1.0
GLOBAL,PWRGEOFJIXX01,ELCFJIXX01,1,2050,1.0
GLOBAL,PWRCOGFJIXX01,ELCFJIXX01,1,2020,1.0
GLOBAL,PWRCOGFJIXX01,ELCFJIXX01,1,2021,1.0
GLOBAL,PWRCOGFJIXX01,ELCFJIXX01,1,2022,1.0
GLOBAL,PWRCOGFJIXX01,ELCFJIXX01,1,2023,1.0
GLOBAL,PWRCOGFJIXX01,ELCFJIXX01,1,2024,1.0
GLOBAL,PWRCOGFJIXX01,ELCFJIXX01,1,2025,1.0
GLOBAL,PWRCOGFJIXX01,ELCFJIXX01,1,2026,1.0
GLOBAL,PWRCOGFJIXX01,ELCFJIXX01,1,2027,1.0
GLOBAL,PWRCOGFJIXX01,ELCFJIXX01,1,2028,1.0
GLOBAL,PWRCOGFJIXX01,ELCFJIXX01,1,2029,1.0
GLOBAL,PWRCOGFJIXX01,ELCFJIXX01,1,2030,1.0
GLOBAL,PWRCOGFJIXX01,ELCFJIXX01,1,2031,1.0
GLOBAL,PWRCOGFJIXX01,ELCFJIXX01,1,2032,1.0
GLOBAL,PWRCOGFJIXX01,ELCFJIXX01,1,2033,1.0
GLOBAL,PWRCOGFJIXX01,ELCFJIXX01,1,2034,1.0
GLOBAL,PWRCOGFJIXX01,ELCFJIXX01,1,2035,1.0
GLOBAL,PWRCOGFJIXX01,ELCFJIXX01,1,2036,1.0
GLOBAL,PWRCOGFJIXX01,ELCFJIXX01,1,2037,1.0
GLOBAL,PWRCOGFJIXX01,ELCFJIXX01,1,2038,1.0
GLOBAL,PWRCOGFJIXX01,ELCFJIXX01,1,2039,1.0
GLOBAL,PWRCOGFJIXX01,ELCFJIXX01,1,2040,1.0
GLOBAL,PWRCOGFJIXX01,ELCFJIXX01,1,2041,1.0
GLOBAL,PWRCOGFJIXX01,ELCFJIXX01,1,2042,1.0
GLOBAL,PWRCOGFJIXX01,ELCFJIXX01,1,2043,1.0
GLOBAL,PWRCOGFJIXX01,ELCFJIXX01,1,2044,1.0
GLOBAL,PWRCOGFJIXX01,ELCFJIXX01,1,2045,1.0
GLOBAL,PWRCOGFJIXX01,ELCFJIXX01,1,2046,1.0
GLOBAL,PWRCOGFJIXX01,ELCFJIXX01,1,2047,1.0
GLOBAL,PWRCOGFJIXX01,ELCFJIXX01,1,2048,1.0
GLOBAL,PWRCOGFJIXX01,ELCFJIXX01,1,2049,1.0
GLOBAL,PWRCOGFJIXX01,ELCFJIXX01,1,2050,1.0
GLOBAL,PWRCOGFJIXX01,ELCFJIXX01,2,2020,1.0
GLOBAL,PWRCOGFJIXX01,ELCFJIXX01,2,2021,1.0
GLOBAL,PWRCOGFJIXX01,ELCFJIXX01,2,2022,1.0
GLOBAL,PWRCOGFJIXX01,ELCFJIXX01,2,2023,1.0
GLOBAL,PWRCOGFJIXX01,ELCFJIXX01,2,2024,1.0
GLOBAL,PWRCOGFJIXX01,ELCFJIXX01,2,2025,1.0
GLOBAL,PWRCOGFJIXX01,ELCFJIXX01,2,2026,1.0
GLOBAL,PWRCOGFJIXX01,ELCFJIXX01,2,2027,1.0
GLOBAL,PWRCOGFJIXX01,ELCFJIXX01,2,2028,1.0
GLOBAL,PWRCOGFJIXX01,ELCFJIXX01,2,2029,1.0
GLOBAL,PWRCOGFJIXX01,ELCFJIXX01,2,2030,1.0
GLOBAL,PWRCOGFJIXX01,ELCFJIXX01,2,2031,1.0
GLOBAL,PWRCOGFJIXX01,ELCFJIXX01,2,2032,1.0
GLOBAL,PWRCOGFJIXX01,ELCFJIXX01,2,2033,1.0
GLOBAL,PWRCOGFJIXX01,ELCFJIXX01,2,2034,1.0
GLOBAL,PWRCOGFJIXX01,ELCFJIXX01,2,2035,1.0
GLOBAL,PWRCOGFJIXX01,ELCFJIXX01,2,2036,1.0
GLOBAL,PWRCOGFJIXX01,ELCFJIXX01,2,2037,1.0
GLOBAL,PWRCOGFJIXX01,ELCFJIXX01,2,2038,1.0
GLOBAL,PWRCOGFJIXX01,ELCFJIXX01,2,2039,1.0
GLOBAL,PWRCOGFJIXX01,ELCFJIXX01,2,2040,1.0
GLOBAL,PWRCOGFJIXX01,ELCFJIXX01,2,2041,1.0
GLOBAL,PWRCOGFJIXX01,ELCFJIXX01,2,2042,1.0
GLOBAL,PWRCOGFJIXX01,ELCFJIXX01,2,2043,1.0
GLOBAL,PWRCOGFJIXX01,ELCFJIXX01,2,2044,1.0
GLOBAL,PWRCOGFJIXX01,ELCFJIXX01,2,2045,1.0
GLOBAL,PWRCOGFJIXX01,ELCFJIXX01,2,2046,1.0
GLOBAL,PWRCOGFJIXX01,ELCFJIXX01,2,2047,1.0
GLOBAL,PWRCOGFJIXX01,ELCFJIXX01,2,2048,1.0
GLOBAL,PWRCOGFJIXX01,ELCFJIXX01,2,2049,1.0
GLOBAL,PWRCOGFJIXX01,ELCFJIXX01,2,2050,1.0
GLOBAL,PWRCCSFJIXX01,ELCFJIXX01,1,2020,1.0
GLOBAL,PWRCCSFJIXX01,ELCFJIXX01,1,2021,1.0
GLOBAL,PWRCCSFJIXX01,ELCFJIXX01,1,2022,1.0
GLOBAL,PWRCCSFJIXX01,ELCFJIXX01,1,2023,1.0
GLOBAL,PWRCCSFJIXX01,ELCFJIXX01,1,2024,1.0
GLOBAL,PWRCCSFJIXX01,ELCFJIXX01,1,2025,1.0
GLOBAL,PWRCCSFJIXX01,ELCFJIXX01,1,2026,1.0
GLOBAL,PWRCCSFJIXX01,ELCFJIXX01,1,2027,1.0
GLOBAL,PWRCCSFJIXX01,ELCFJIXX01,1,2028,1.0
GLOBAL,PWRCCSFJIXX01,ELCFJIXX01,1,2029,1.0
GLOBAL,PWRCCSFJIXX01,ELCFJIXX01,1,2030,1.0
GLOBAL,PWRCCSFJIXX01,ELCFJIXX01,1,2031,1.0
GLOBAL,PWRCCSFJIXX01,ELCFJIXX01,1,2032,1.0
GLOBAL,PWRCCSFJIXX01,ELCFJIXX01,1,2033,1.0
GLOBAL,PWRCCSFJIXX01,ELCFJIXX01,1,2034,1.0
GLOBAL,PWRCCSFJIXX01,ELCFJIXX01,1,2035,1.0
GLOBAL,PWRCCSFJIXX01,ELCFJIXX01,1,2036,1.0
GLOBAL,PWRCCSFJIXX01,ELCFJIXX01,1,2037,1.0
GLOBAL,PWRCCSFJIXX01,ELCFJIXX01,1,2038,1.0
GLOBAL,PWRCCSFJIXX01,ELCFJIXX01,1,2039,1.0
GLOBAL,PWRCCSFJIXX01,ELCFJIXX01,1,2040,1.0
GLOBAL,PWRCCSFJIXX01,ELCFJIXX01,1,2041,1.0
GLOBAL,PWRCCSFJIXX01,ELCFJIXX01,1,2042,1.0
GLOBAL,PWRCCSFJIXX01,ELCFJIXX01,1,2043,1.0
GLOBAL,PWRCCSFJIXX01,ELCFJIXX01,1,2044,1.0
GLOBAL,PWRCCSFJIXX01,ELCFJIXX01,1,2045,1.0
GLOBAL,PWRCCSFJIXX01,ELCFJIXX01,1,2046,1.0
GLOBAL,PWRCCSFJIXX01,ELCFJIXX01,1,2047,1.0
GLOBAL,PWRCCSFJIXX01,ELCFJIXX01,1,2048,1.0
GLOBAL,PWRCCSFJIXX01,ELCFJIXX01,1,2049,1.0
GLOBAL,PWRCCSFJIXX01,ELCFJIXX01,1,2050,1.0
GLOBAL,PWRCCSFJIXX01,ELCFJIXX01,2,2020,1.0
GLOBAL,PWRCCSFJIXX01,ELCFJIXX01,2,2021,1.0
GLOBAL,PWRCCSFJIXX01,ELCFJIXX01,2,2022,1.0
GLOBAL,PWRCCSFJIXX01,ELCFJIXX01,2,2023,1.0
GLOBAL,PWRCCSFJIXX01,ELCFJIXX01,2,2024,1.0
GLOBAL,PWRCCSFJIXX01,ELCFJIXX01,2,2025,1.0
GLOBAL,PWRCCSFJIXX01,ELCFJIXX01,2,2026,1.0
GLOBAL,PWRCCSFJIXX01,ELCFJIXX01,2,2027,1.0
GLOBAL,PWRCCSFJIXX01,ELCFJIXX01,2,2028,1.0
GLOBAL,PWRCCSFJIXX01,ELCFJIXX01,2,2029,1.0
GLOBAL,PWRCCSFJIXX01,ELCFJIXX01,2,2030,1.0
GLOBAL,PWRCCSFJIXX01,ELCFJIXX01,2,2031,1.0
GLOBAL,PWRCCSFJIXX01,ELCFJIXX01,2,2032,1.0
GLOBAL,PWRCCSFJIXX01,ELCFJIXX01,2,2033,1.0
GLOBAL,PWRCCSFJIXX01,ELCFJIXX01,2,2034,1.0
GLOBAL,PWRCCSFJIXX01,ELCFJIXX01,2,2035,1.0
GLOBAL,PWRCCSFJIXX01,ELCFJIXX01,2,2036,1.0
GLOBAL,PWRCCSFJIXX01,ELCFJIXX01,2,2037,1.0
GLOBAL,PWRCCSFJIXX01,ELCFJIXX01,2,2038,1.0
GLOBAL,PWRCCSFJIXX01,ELCFJIXX01,2,2039,1.0
GLOBAL,PWRCCSFJIXX01,ELCFJIXX01,2,2040,1.0
GLOBAL,PWRCCSFJIXX01,ELCFJIXX01,2,2041,1.0
GLOBAL,PWRCCSFJIXX01,ELCFJIXX01,2,2042,1.0
GLOBAL,PWRCCSFJIXX01,ELCFJIXX01,2,2043,1.0
GLOBAL,PWRCCSFJIXX01,ELCFJIXX01,2,2044,1.0
GLOBAL,PWRCCSFJIXX01,ELCFJIXX01,2,2045,1.0
GLOBAL,PWRCCSFJIXX01,ELCFJIXX01,2,2046,1.0
GLOBAL,PWRCCSFJIXX01,ELCFJIXX01,2,2047,1.0
GLOBAL,PWRCCSFJIXX01,ELCFJIXX01,2,2048,1.0
GLOBAL,PWRCCSFJIXX01,ELCFJIXX01,2,2049,1.0
GLOBAL,PWRCCSFJIXX01,ELCFJIXX01,2,2050,1.0
GLOBAL,MINGASFJI,GASFJI,1,2020,1.0
GLOBAL,MINGASFJI,GASFJI,1,2021,1.0
GLOBAL,MINGASFJI,GASFJI,1,2022,1.0
GLOBAL,MINGASFJI,GASFJI,1,2023,1.0
GLOBAL,MINGASFJI,GASFJI,1,2024,1.0
GLOBAL,MINGASFJI,GASFJI,1,2025,1.0
GLOBAL,MINGASFJI,GASFJI,1,2026,1.0
GLOBAL,MINGASFJI,GASFJI,1,2027,1.0
GLOBAL,MINGASFJI,GASFJI,1,2028,1.0
GLOBAL,MINGASFJI,GASFJI,1,2029,1.0
GLOBAL,MINGASFJI,GASFJI,1,2030,1.0
GLOBAL,MINGASFJI,GASFJI,1,2031,1.0
GLOBAL,MINGASFJI,GASFJI,1,2032,1.0
GLOBAL,MINGASFJI,GASFJI,1,2033,1.0
GLOBAL,MINGASFJI,GASFJI,1,2034,1.0
GLOBAL,MINGASFJI,GASFJI,1,2035,1.0
GLOBAL,MINGASFJI,GASFJI,1,2036,1.0
GLOBAL,MINGASFJI,GASFJI,1,2037,1.0
GLOBAL,MINGASFJI,GASFJI,1,2038,1.0
GLOBAL,MINGASFJI,GASFJI,1,2039,1.0
GLOBAL,MINGASFJI,GASFJI,1,2040,1.0
GLOBAL,MINGASFJI,GASFJI,1,2041,1.0
GLOBAL,MINGASFJI,GASFJI,1,2042,1.0
GLOBAL,MINGASFJI,GASFJI,1,2043,1.0
GLOBAL,MINGASFJI,GASFJI,1,2044,1.0
GLOBAL,MINGASFJI,GASFJI,1,2045,1.0
GLOBAL,MINGASFJI,GASFJI,1,2046,1.0
GLOBAL,MINGASFJI,GASFJI,1,2047,1.0
GLOBAL,MINGASFJI,GASFJI,1,2048,1.0
GLOBAL,MINGASFJI,GASFJI,1,2049,1.0
GLOBAL,MINGASFJI,GASFJI,1,2050,1.0
GLOBAL,RNWHYDFJIXX,HYDFJIXX,1,2020,1.0
GLOBAL,RNWHYDFJIXX,HYDFJIXX,1,2021,1.0
GLOBAL,RNWHYDFJIXX,HYDFJIXX,1,2022,1.0
GLOBAL,RNWHYDFJIXX,HYDFJIXX,1,2023,1.0
GLOBAL,RNWHYDFJIXX,HYDFJIXX,1,2024,1.0
GLOBAL,RNWHYDFJIXX,HYDFJIXX,1,2025,1.0
GLOBAL,RNWHYDFJIXX,HYDFJIXX,1,2026,1.0
GLOBAL,RNWHYDFJIXX,HYDFJIXX,1,2027,1.0
GLOBAL,RNWHYDFJIXX,HYDFJIXX,1,2028,1.0
GLOBAL,RNWHYDFJIXX,HYDFJIXX,1,2029,1.0
GLOBAL,RNWHYDFJIXX,HYDFJIXX,1,2030,1.0
GLOBAL,RNWHYDFJIXX,HYDFJIXX,1,2031,1.0
GLOBAL,RNWHYDFJIXX,HYDFJIXX,1,2032,1.0
GLOBAL,RNWHYDFJIXX,HYDFJIXX,1,2033,1.0
GLOBAL,RNWHYDFJIXX,HYDFJIXX,1,2034,1.0
GLOBAL,RNWHYDFJIXX,HYDFJIXX,1,2035,1.0
GLOBAL,RNWHYDFJIXX,HYDFJIXX,1,2036,1.0
GLOBAL,RNWHYDFJIXX,HYDFJIXX,1,2037,1.0
GLOBAL,RNWHYDFJIXX,HYDFJIXX,1,2038,1.0
GLOBAL,RNWHYDFJIXX,HYDFJIXX,1,2039,1.0
GLOBAL,RNWHYDFJIXX,HYDFJIXX,1,2040,1.0
GLOBAL,RNWHYDFJIXX,HYDFJIXX,1,2041,1.0
GLOBAL,RNWHYDFJIXX,HYDFJIXX,1,2042,1.0
GLOBAL,RNWHYDFJIXX,HYDFJIXX,1,2043,1.0
GLOBAL,RNWHYDFJIXX,HYDFJIXX,1,2044,1.0
GLOBAL,RNWHYDFJIXX,HYDFJIXX,1,2045,1.0
GLOBAL,RNWHYDFJIXX,HYDFJIXX,1,2046,1.0
GLOBAL,RNWHYDFJIXX,HYDFJIXX,1,2047,1.0
GLOBAL,RNWHYDFJIXX,HYDFJIXX,1,2048,1.0
GLOBAL,RNWHYDFJIXX,HYDFJIXX,1,2049,1.0
GLOBAL,RNWHYDFJIXX,HYDFJIXX,1,2050,1.0
GLOBAL,MINOILFJI,OILFJI,1,2020,1.0
GLOBAL,MINOILFJI,OILFJI,1,2021,1.0
GLOBAL,MINOILFJI,OILFJI,1,2022,1.0
GLOBAL,MINOILFJI,OILFJI,1,2023,1.0
GLOBAL,MINOILFJI,OILFJI,1,2024,1.0
GLOBAL,MINOILFJI,OILFJI,1,2025,1.0
GLOBAL,MINOILFJI,OILFJI,1,2026,1.0
GLOBAL,MINOILFJI,OILFJI,1,2027,1.0
GLOBAL,MINOILFJI,OILFJI,1,2028,1.0
GLOBAL,MINOILFJI,OILFJI,1,2029,1.0
GLOBAL,MINOILFJI,OILFJI,1,2030,1.0
GLOBAL,MINOILFJI,OILFJI,1,2031,1.0
GLOBAL,MINOILFJI,OILFJI,1,2032,1.0
GLOBAL,MINOILFJI,OILFJI,1,2033,1.0
GLOBAL,MINOILFJI,OILFJI,1,2034,1.0
GLOBAL,MINOILFJI,OILFJI,1,2035,1.0
GLOBAL,MINOILFJI,OILFJI,1,2036,1.0
GLOBAL,MINOILFJI,OILFJI,1,2037,1.0
GLOBAL,MINOILFJI,OILFJI,1,2038,1.0
GLOBAL,MINOILFJI,OILFJI,1,2039,1.0
GLOBAL,MINOILFJI,OILFJI,1,2040,1.0
GLOBAL,MINOILFJI,OILFJI,1,2041,1.0
GLOBAL,MINOILFJI,OILFJI,1,2042,1.0
GLOBAL,MINOILFJI,OILFJI,1,2043,1.0
GLOBAL,MINOILFJI,OILFJI,1,2044,1.0
GLOBAL,MINOILFJI,OILFJI,1,2045,1.0
GLOBAL,MINOILFJI,OILFJI,1,2046,1.0
GLOBAL,MINOILFJI,OILFJI,1,2047,1.0
GLOBAL,MINOILFJI,OILFJI,1,2048,1.0
GLOBAL,MINOILFJI,OILFJI,1,2049,1.0
GLOBAL,MINOILFJI,OILFJI,1,2050,1.0
GLOBAL,RNWSPVFJIXX,SPVFJIXX,1,2020,1.0
GLOBAL,RNWSPVFJIXX,SPVFJIXX,1,2021,1.0
GLOBAL,RNWSPVFJIXX,SPVFJIXX,1,2022,1.0
GLOBAL,RNWSPVFJIXX,SPVFJIXX,1,2023,1.0
GLOBAL,RNWSPVFJIXX,SPVFJIXX,1,2024,1.0
GLOBAL,RNWSPVFJIXX,SPVFJIXX,1,2025,1.0
GLOBAL,RNWSPVFJIXX,SPVFJIXX,1,2026,1.0
GLOBAL,RNWSPVFJIXX,SPVFJIXX,1,2027,1.0
GLOBAL,RNWSPVFJIXX,SPVFJIXX,1,2028,1.0
GLOBAL,RNWSPVFJIXX,SPVFJIXX,1,2029,1.0
GLOBAL,RNWSPVFJIXX,SPVFJIXX,1,2030,1.0
GLOBAL,RNWSPVFJIXX,SPVFJIXX,1,2031,1.0
GLOBAL,RNWSPVFJIXX,SPVFJIXX,1,2032,1.0
GLOBAL,RNWSPVFJIXX,SPVFJIXX,1,2033,1.0
GLOBAL,RNWSPVFJIXX,SPVFJIXX,1,2034,1.0
GLOBAL,RNWSPVFJIXX,SPVFJIXX,1,2035,1.0
GLOBAL,RNWSPVFJIXX,SPVFJIXX,1,2036,1.0
GLOBAL,RNWSPVFJIXX,SPVFJIXX,1,2037,1.0
GLOBAL,RNWSPVFJIXX,SPVFJIXX,1,2038,1.0
GLOBAL,RNWSPVFJIXX,SPVFJIXX,1,2039,1.0
GLOBAL,RNWSPVFJIXX,SPVFJIXX,1,2040,1.0
GLOBAL,RNWSPVFJIXX,SPVFJIXX,1,2041,1.0
GLOBAL,RNWSPVFJIXX,SPVFJIXX,1,2042,1.0
GLOBAL,RNWSPVFJIXX,SPVFJIXX,1,2043,1.0
GLOBAL,RNWSPVFJIXX,SPVFJIXX,1,2044,1.0
GLOBAL,RNWSPVFJIXX,SPVFJIXX,1,2045,1.0
GLOBAL,RNWSPVFJIXX,SPVFJIXX,1,2046,1.0
GLOBAL,RNWSPVFJIXX,SPVFJIXX,1,2047,1.0
GLOBAL,RNWSPVFJIXX,SPVFJIXX,1,2048,1.0
GLOBAL,RNWSPVFJIXX,SPVFJIXX,1,2049,1.0
GLOBAL,RNWSPVFJIXX,SPVFJIXX,1,2050,1.0
GLOBAL,MINOTHFJI,OTHFJI,1,2020,1.0
GLOBAL,MINOTHFJI,OTHFJI,1,2021,1.0
GLOBAL,MINOTHFJI,OTHFJI,1,2022,1.0
GLOBAL,MINOTHFJI,OTHFJI,1,2023,1.0
GLOBAL,MINOTHFJI,OTHFJI,1,2024,1.0
GLOBAL,MINOTHFJI,OTHFJI,1,2025,1.0
GLOBAL,MINOTHFJI,OTHFJI,1,2026,1.0
GLOBAL,MINOTHFJI,OTHFJI,1,2027,1.0
GLOBAL,MINOTHFJI,OTHFJI,1,2028,1.0
GLOBAL,MINOTHFJI,OTHFJI,1,2029,1.0
GLOBAL,MINOTHFJI,OTHFJI,1,2030,1.0
GLOBAL,MINOTHFJI,OTHFJI,1,2031,1.0
GLOBAL,MINOTHFJI,OTHFJI,1,2032,1.0
GLOBAL,MINOTHFJI,OTHFJI,1,2033,1.0
GLOBAL,MINOTHFJI,OTHFJI,1,2034,1.0
GLOBAL,MINOTHFJI,OTHFJI,1,2035,1.0
GLOBAL,MINOTHFJI,OTHFJI,1,2036,1.0
GLOBAL,MINOTHFJI,OTHFJI,1,2037,1.0
GLOBAL,MINOTHFJI,OTHFJI,1,2038,1.0
GLOBAL,MINOTHFJI,OTHFJI,1,2039,1.0
GLOBAL,MINOTHFJI,OTHFJI,1,2040,1.0
GLOBAL,MINOTHFJI,OTHFJI,1,2041,1.0
GLOBAL,MINOTHFJI,OTHFJI,1,2042,1.0
GLOBAL,MINOTHFJI,OTHFJI,1,2043,1.0
GLOBAL,MINOTHFJI,OTHFJI,1,2044,1.0
GLOBAL,MINOTHFJI,OTHFJI,1,2045,1.0
GLOBAL,MINOTHFJI,OTHFJI,1,2046,1.0
GLOBAL,MINOTHFJI,OTHFJI,1,2047,1.0
GLOBAL,MINOTHFJI,OTHFJI,1,2048,1.0
GLOBAL,MINOTHFJI,OTHFJI,1,2049,1.0
GLOBAL,MINOTHFJI,OTHFJI,1,2050,1.0
GLOBAL,RNWCSPFJIXX,CSPFJIXX,1,2020,1.0
GLOBAL,RNWCSPFJIXX,CSPFJIXX,1,2021,1.0
GLOBAL,RNWCSPFJIXX,CSPFJIXX,1,2022,1.0
GLOBAL,RNWCSPFJIXX,CSPFJIXX,1,2023,1.0
GLOBAL,RNWCSPFJIXX,CSPFJIXX,1,2024,1.0
GLOBAL,RNWCSPFJIXX,CSPFJIXX,1,2025,1.0
GLOBAL,RNWCSPFJIXX,CSPFJIXX,1,2026,1.0
GLOBAL,RNWCSPFJIXX,CSPFJIXX,1,2027,1.0
GLOBAL,RNWCSPFJIXX,CSPFJIXX,1,2028,1.0
GLOBAL,RNWCSPFJIXX,CSPFJIXX,1,2029,1.0
GLOBAL,RNWCSPFJIXX,CSPFJIXX,1,2030,1.0
GLOBAL,RNWCSPFJIXX,CSPFJIXX,1,2031,1.0
GLOBAL,RNWCSPFJIXX,CSPFJIXX,1,2032,1.0
GLOBAL,RNWCSPFJIXX,CSPFJIXX,1,2033,1.0
GLOBAL,RNWCSPFJIXX,CSPFJIXX,1,2034,1.0
GLOBAL,RNWCSPFJIXX,CSPFJIXX,1,2035,1.0
GLOBAL,RNWCSPFJIXX,CSPFJIXX,1,2036,1.0
GLOBAL,RNWCSPFJIXX,CSPFJIXX,1,2037,1.0
GLOBAL,RNWCSPFJIXX,CSPFJIXX,1,2038,1.0
GLOBAL,RNWCSPFJIXX,CSPFJIXX,1,2039,1.0
GLOBAL,RNWCSPFJIXX,CSPFJIXX,1,2040,1.0
GLOBAL,RNWCSPFJIXX,CSPFJIXX,1,2041,1.0
GLOBAL,RNWCSPFJIXX,CSPFJIXX,1,2042,1.0
GLOBAL,RNWCSPFJIXX,CSPFJIXX,1,2043,1.0
GLOBAL,RNWCSPFJIXX,CSPFJIXX,1,2044,1.0
GLOBAL,RNWCSPFJIXX,CSPFJIXX,1,2045,1.0
GLOBAL,RNWCSPFJIXX,CSPFJIXX,1,2046,1.0
GLOBAL,RNWCSPFJIXX,CSPFJIXX,1,2047,1.0
GLOBAL,RNWCSPFJIXX,CSPFJIXX,1,2048,1.0
GLOBAL,RNWCSPFJIXX,CSPFJIXX,1,2049,1.0
GLOBAL,RNWCSPFJIXX,CSPFJIXX,1,2050,1.0
GLOBAL,RNWBIOFJIXX,BIOFJIXX,1,2020,1.0
GLOBAL,RNWBIOFJIXX,BIOFJIXX,1,2021,1.0
GLOBAL,RNWBIOFJIXX,BIOFJIXX,1,2022,1.0
GLOBAL,RNWBIOFJIXX,BIOFJIXX,1,2023,1.0
GLOBAL,RNWBIOFJIXX,BIOFJIXX,1,2024,1.0
GLOBAL,RNWBIOFJIXX,BIOFJIXX,1,2025,1.0
GLOBAL,RNWBIOFJIXX,BIOFJIXX,1,2026,1.0
GLOBAL,RNWBIOFJIXX,BIOFJIXX,1,2027,1.0
GLOBAL,RNWBIOFJIXX,BIOFJIXX,1,2028,1.0
GLOBAL,RNWBIOFJIXX,BIOFJIXX,1,2029,1.0
GLOBAL,RNWBIOFJIXX,BIOFJIXX,1,2030,1.0
GLOBAL,RNWBIOFJIXX,BIOFJIXX,1,2031,1.0
GLOBAL,RNWBIOFJIXX,BIOFJIXX,1,2032,1.0
GLOBAL,RNWBIOFJIXX,BIOFJIXX,1,2033,1.0
GLOBAL,RNWBIOFJIXX,BIOFJIXX,1,2034,1.0
GLOBAL,RNWBIOFJIXX,BIOFJIXX,1,2035,1.0
GLOBAL,RNWBIOFJIXX,BIOFJIXX,1,2036,1.0
GLOBAL,RNWBIOFJIXX,BIOFJIXX,1,2037,1.0
GLOBAL,RNWBIOFJIXX,BIOFJIXX,1,2038,1.0
GLOBAL,RNWBIOFJIXX,BIOFJIXX,1,2039,1.0
GLOBAL,RNWBIOFJIXX,BIOFJIXX,1,2040,1.0
GLOBAL,RNWBIOFJIXX,BIOFJIXX,1,2041,1.0
GLOBAL,RNWBIOFJIXX,BIOFJIXX,1,2042,1.0
GLOBAL,RNWBIOFJIXX,BIOFJIXX,1,2043,1.0
GLOBAL,RNWBIOFJIXX,BIOFJIXX,1,2044,1.0
GLOBAL,RNWBIOFJIXX,BIOFJIXX,1,2045,1.0
GLOBAL,RNWBIOFJIXX,BIOFJIXX,1,2046,1.0
GLOBAL,RNWBIOFJIXX,BIOFJIXX,1,2047,1.0
GLOBAL,RNWBIOFJIXX,BIOFJIXX,1,2048,1.0
GLOBAL,RNWBIOFJIXX,BIOFJIXX,1,2049,1.0
GLOBAL,RNWBIOFJIXX,BIOFJIXX,1,2050,1.0
GLOBAL,MINCOAFJI,COAFJI,1,2020,1.0
GLOBAL,MINCOAFJI,COAFJI,1,2021,1.0
GLOBAL,MINCOAFJI,COAFJI,1,2022,1.0
GLOBAL,MINCOAFJI,COAFJI,1,2023,1.0
GLOBAL,MINCOAFJI,COAFJI,1,2024,1.0
GLOBAL,MINCOAFJI,COAFJI,1,2025,1.0
GLOBAL,MINCOAFJI,COAFJI,1,2026,1.0
GLOBAL,MINCOAFJI,COAFJI,1,2027,1.0
GLOBAL,MINCOAFJI,COAFJI,1,2028,1.0
GLOBAL,MINCOAFJI,COAFJI,1,2029,1.0
GLOBAL,MINCOAFJI,COAFJI,1,2030,1.0
GLOBAL,MINCOAFJI,COAFJI,1,2031,1.0
GLOBAL,MINCOAFJI,COAFJI,1,2032,1.0
GLOBAL,MINCOAFJI,COAFJI,1,2033,1.0
GLOBAL,MINCOAFJI,COAFJI,1,2034,1.0
GLOBAL,MINCOAFJI,COAFJI,1,2035,1.0
GLOBAL,MINCOAFJI,COAFJI,1,2036,1.0
GLOBAL,MINCOAFJI,COAFJI,1,2037,1.0
GLOBAL,MINCOAFJI,COAFJI,1,2038,1.0
GLOBAL,MINCOAFJI,COAFJI,1,2039,1.0
GLOBAL,MINCOAFJI,COAFJI,1,2040,1.0
GLOBAL,MINCOAFJI,COAFJI,1,2041,1.0
GLOBAL,MINCOAFJI,COAFJI,1,2042,1.0
GLOBAL,MINCOAFJI,COAFJI,1,2043,1.0
GLOBAL,MINCOAFJI,COAFJI,1,2044,1.0
GLOBAL,MINCOAFJI,COAFJI,1,2045,1.0
GLOBAL,MINCOAFJI,COAFJI,1,2046,1.0
GLOBAL,MINCOAFJI,COAFJI,1,2047,1.0
GLOBAL,MINCOAFJI,COAFJI,1,2048,1.0
GLOBAL,MINCOAFJI,COAFJI,1,2049,1.0
GLOBAL,MINCOAFJI,COAFJI,1,2050,1.0
GLOBAL,MINURNFJI,URNFJI,1,2020,1.0
GLOBAL,MINURNFJI,URNFJI,1,2021,1.0
GLOBAL,MINURNFJI,URNFJI,1,2022,1.0
GLOBAL,MINURNFJI,URNFJI,1,2023,1.0
GLOBAL,MINURNFJI,URNFJI,1,2024,1.0
GLOBAL,MINURNFJI,URNFJI,1,2025,1.0
GLOBAL,MINURNFJI,URNFJI,1,2026,1.0
GLOBAL,MINURNFJI,URNFJI,1,2027,1.0
GLOBAL,MINURNFJI,URNFJI,1,2028,1.0
GLOBAL,MINURNFJI,URNFJI,1,2029,1.0
GLOBAL,MINURNFJI,URNFJI,1,2030,1.0
GLOBAL,MINURNFJI,URNFJI,1,2031,1.0
GLOBAL,MINURNFJI,URNFJI,1,2032,1.0
GLOBAL,MINURNFJI,URNFJI,1,2033,1.0
GLOBAL,MINURNFJI,URNFJI,1,2034,1.0
GLOBAL,MINURNFJI,URNFJI,1,2035,1.0
GLOBAL,MINURNFJI,URNFJI,1,2036,1.0
GLOBAL,MINURNFJI,URNFJI,1,2037,1.0
GLOBAL,MINURNFJI,URNFJI,1,2038,1.0
GLOBAL,MINURNFJI,URNFJI,1,2039,1.0
GLOBAL,MINURNFJI,URNFJI,1,2040,1.0
GLOBAL,MINURNFJI,URNFJI,1,2041,1.0
GLOBAL,MINURNFJI,URNFJI,1,2042,1.0
GLOBAL,MINURNFJI,URNFJI,1,2043,1.0
GLOBAL,MINURNFJI,URNFJI,1,2044,1.0
GLOBAL,MINURNFJI,URNFJI,1,2045,1.0
GLOBAL,MINURNFJI,URNFJI,1,2046,1.0
GLOBAL,MINURNFJI,URNFJI,1,2047,1.0
GLOBAL,MINURNFJI,URNFJI,1,2048,1.0
GLOBAL,MINURNFJI,URNFJI,1,2049,1.0
GLOBAL,MINURNFJI,URNFJI,1,2050,1.0
GLOBAL,RNWWONFJIXX,WONFJIXX,1,2020,1.0
GLOBAL,RNWWONFJIXX,WONFJIXX,1,2021,1.0
GLOBAL,RNWWONFJIXX,WONFJIXX,1,2022,1.0
GLOBAL,RNWWONFJIXX,WONFJIXX,1,2023,1.0
GLOBAL,RNWWONFJIXX,WONFJIXX,1,2024,1.0
GLOBAL,RNWWONFJIXX,WONFJIXX,1,2025,1.0
GLOBAL,RNWWONFJIXX,WONFJIXX,1,2026,1.0
GLOBAL,RNWWONFJIXX,WONFJIXX,1,2027,1.0
GLOBAL,RNWWONFJIXX,WONFJIXX,1,2028,1.0
GLOBAL,RNWWONFJIXX,WONFJIXX,1,2029,1.0
GLOBAL,RNWWONFJIXX,WONFJIXX,1,2030,1.0
GLOBAL,RNWWONFJIXX,WONFJIXX,1,2031,1.0
GLOBAL,RNWWONFJIXX,WONFJIXX,1,2032,1.0
GLOBAL,RNWWONFJIXX,WONFJIXX,1,2033,1.0
GLOBAL,RNWWONFJIXX,WONFJIXX,1,2034,1.0
GLOBAL,RNWWONFJIXX,WONFJIXX,1,2035,1.0
GLOBAL,RNWWONFJIXX,WONFJIXX,1,2036,1.0
GLOBAL,RNWWONFJIXX,WONFJIXX,1,2037,1.0
GLOBAL,RNWWONFJIXX,WONFJIXX,1,2038,1.0
GLOBAL,RNWWONFJIXX,WONFJIXX,1,2039,1.0
GLOBAL,RNWWONFJIXX,WONFJIXX,1,2040,1.0
GLOBAL,RNWWONFJIXX,WONFJIXX,1,2041,1.0
GLOBAL,RNWWONFJIXX,WONFJIXX,1,2042,1.0
GLOBAL,RNWWONFJIXX,WONFJIXX,1,2043,1.0
GLOBAL,RNWWONFJIXX,WONFJIXX,1,2044,1.0
GLOBAL,RNWWONFJIXX,WONFJIXX,1,2045,1.0
GLOBAL,RNWWONFJIXX,WONFJIXX,1,2046,1.0
GLOBAL,RNWWONFJIXX,WONFJIXX,1,2047,1.0
GLOBAL,RNWWONFJIXX,WONFJIXX,1,2048,1.0
GLOBAL,RNWWONFJIXX,WONFJIXX,1,2049,1.0
GLOBAL,RNWWONFJIXX,WONFJIXX,1,2050,1.0
GLOBAL,RNWWASFJIXX,WASFJIXX,1,2020,1.0
GLOBAL,RNWWASFJIXX,WASFJIXX,1,2021,1.0
GLOBAL,RNWWASFJIXX,WASFJIXX,1,2022,1.0
GLOBAL,RNWWASFJIXX,WASFJIXX,1,2023,1.0
GLOBAL,RNWWASFJIXX,WASFJIXX,1,2024,1.0
GLOBAL,RNWWASFJIXX,WASFJIXX,1,2025,1.0
GLOBAL,RNWWASFJIXX,WASFJIXX,1,2026,1.0
GLOBAL,RNWWASFJIXX,WASFJIXX,1,2027,1.0
GLOBAL,RNWWASFJIXX,WASFJIXX,1,2028,1.0
GLOBAL,RNWWASFJIXX,WASFJIXX,1,2029,1.0
GLOBAL,RNWWASFJIXX,WASFJIXX,1,2030,1.0
GLOBAL,RNWWASFJIXX,WASFJIXX,1,2031,1.0
GLOBAL,RNWWASFJIXX,WASFJIXX,1,2032,1.0
GLOBAL,RNWWASFJIXX,WASFJIXX,1,2033,1.0
GLOBAL,RNWWASFJIXX,WASFJIXX,1,2034,1.0
GLOBAL,RNWWASFJIXX,WASFJIXX,1,2035,1.0
GLOBAL,RNWWASFJIXX,WASFJIXX,1,2036,1.0
GLOBAL,RNWWASFJIXX,WASFJIXX,1,2037,1.0
GLOBAL,RNWWASFJIXX,WASFJIXX,1,2038,1.0
GLOBAL,RNWWASFJIXX,WASFJIXX,1,2039,1.0
GLOBAL,RNWWASFJIXX,WASFJIXX,1,2040,1.0
GLOBAL,RNWWASFJIXX,WASFJIXX,1,2041,1.0
GLOBAL,RNWWASFJIXX,WASFJIXX,1,2042,1.0
GLOBAL,RNWWASFJIXX,WASFJIXX,1,2043,1.0
GLOBAL,RNWWASFJIXX,WASFJIXX,1,2044,1.0
GLOBAL,RNWWASFJIXX,WASFJIXX,1,2045,1.0
GLOBAL,RNWWASFJIXX,WASFJIXX,1,2046,1.0
GLOBAL,RNWWASFJIXX,WASFJIXX,1,2047,1.0
GLOBAL,RNWWASFJIXX,WASFJIXX,1,2048,1.0
GLOBAL,RNWWASFJIXX,WASFJIXX,1,2049,1.0
GLOBAL,RNWWASFJIXX,WASFJIXX,1,2050,1.0
GLOBAL,RNWWOFFJIXX,WOFFJIXX,1,2020,1.0
GLOBAL,RNWWOFFJIXX,WOFFJIXX,1,2021,1.0
GLOBAL,RNWWOFFJIXX,WOFFJIXX,1,2022,1.0
GLOBAL,RNWWOFFJIXX,WOFFJIXX,1,2023,1.0
GLOBAL,RNWWOFFJIXX,WOFFJIXX,1,2024,1.0
GLOBAL,RNWWOFFJIXX,WOFFJIXX,1,2025,1.0
GLOBAL,RNWWOFFJIXX,WOFFJIXX,1,2026,1.0
GLOBAL,RNWWOFFJIXX,WOFFJIXX,1,2027,1.0
GLOBAL,RNWWOFFJIXX,WOFFJIXX,1,2028,1.0
GLOBAL,RNWWOFFJIXX,WOFFJIXX,1,2029,1.0
GLOBAL,RNWWOFFJIXX,WOFFJIXX,1,2030,1.0
GLOBAL,RNWWOFFJIXX,WOFFJIXX,1,2031,1.0
GLOBAL,RNWWOFFJIXX,WOFFJIXX,1,2032,1.0
GLOBAL,RNWWOFFJIXX,WOFFJIXX,1,2033,1.0
GLOBAL,RNWWOFFJIXX,WOFFJIXX,1,2034,1.0
GLOBAL,RNWWOFFJIXX,WOFFJIXX,1,2035,1.0
GLOBAL,RNWWOFFJIXX,WOFFJIXX,1,2036,1.0
GLOBAL,RNWWOFFJIXX,WOFFJIXX,1,2037,1.0
GLOBAL,RNWWOFFJIXX,WOFFJIXX,1,2038,1.0
GLOBAL,RNWWOFFJIXX,WOFFJIXX,1,2039,1.0
GLOBAL,RNWWOFFJIXX,WOFFJIXX,1,2040,1.0
GLOBAL,RNWWOFFJIXX,WOFFJIXX,1,2041,1.0
GLOBAL,RNWWOFFJIXX,WOFFJIXX,1,2042,1.0
GLOBAL,RNWWOFFJIXX,WOFFJIXX,1,2043,1.0
GLOBAL,RNWWOFFJIXX,WOFFJIXX,1,2044,1.0
GLOBAL,RNWWOFFJIXX,WOFFJIXX,1,2045,1.0
GLOBAL,RNWWOFFJIXX,WOFFJIXX,1,2046,1.0
GLOBAL,RNWWOFFJIXX,WOFFJIXX,1,2047,1.0
GLOBAL,RNWWOFFJIXX,WOFFJIXX,1,2048,1.0
GLOBAL,RNWWOFFJIXX,WOFFJIXX,1,2049,1.0
GLOBAL,RNWWOFFJIXX,WOFFJIXX,1,2050,1.0
GLOBAL,RNWWAVFJIXX,WAVFJIXX,1,2020,1.0
GLOBAL,RNWWAVFJIXX,WAVFJIXX,1,2021,1.0
GLOBAL,RNWWAVFJIXX,WAVFJIXX,1,2022,1.0
GLOBAL,RNWWAVFJIXX,WAVFJIXX,1,2023,1.0
GLOBAL,RNWWAVFJIXX,WAVFJIXX,1,2024,1.0
GLOBAL,RNWWAVFJIXX,WAVFJIXX,1,2025,1.0
GLOBAL,RNWWAVFJIXX,WAVFJIXX,1,2026,1.0
GLOBAL,RNWWAVFJIXX,WAVFJIXX,1,2027,1.0
GLOBAL,RNWWAVFJIXX,WAVFJIXX,1,2028,1.0
GLOBAL,RNWWAVFJIXX,WAVFJIXX,1,2029,1.0
GLOBAL,RNWWAVFJIXX,WAVFJIXX,1,2030,1.0
GLOBAL,RNWWAVFJIXX,WAVFJIXX,1,2031,1.0
GLOBAL,RNWWAVFJIXX,WAVFJIXX,1,2032,1.0
GLOBAL,RNWWAVFJIXX,WAVFJIXX,1,2033,1.0
GLOBAL,RNWWAVFJIXX,WAVFJIXX,1,2034,1.0
GLOBAL,RNWWAVFJIXX,WAVFJIXX,1,2035,1.0
GLOBAL,RNWWAVFJIXX,WAVFJIXX,1,2036,1.0
GLOBAL,RNWWAVFJIXX,WAVFJIXX,1,2037,1.0
GLOBAL,RNWWAVFJIXX,WAVFJIXX,1,2038,1.0
GLOBAL,RNWWAVFJIXX,WAVFJIXX,1,2039,1.0
GLOBAL,RNWWAVFJIXX,WAVFJIXX,1,2040,1.0
GLOBAL,RNWWAVFJIXX,WAVFJIXX,1,2041,1.0
GLOBAL,RNWWAVFJIXX,WAVFJIXX,1,2042,1.0
GLOBAL,RNWWAVFJIXX,WAVFJIXX,1,2043,1.0
GLOBAL,RNWWAVFJIXX,WAVFJIXX,1,2044,1.0
GLOBAL,RNWWAVFJIXX,WAVFJIXX,1,2045,1.0
GLOBAL,RNWWAVFJIXX,WAVFJIXX,1,2046,1.0
GLOBAL,RNWWAVFJIXX,WAVFJIXX,1,2047,1.0
GLOBAL,RNWWAVFJIXX,WAVFJIXX,1,2048,1.0
GLOBAL,RNWWAVFJIXX,WAVFJIXX,1,2049,1.0
GLOBAL,RNWWAVFJIXX,WAVFJIXX,1,2050,1.0
GLOBAL,MINPETFJI,PETFJI,1,2020,1.0
GLOBAL,MINPETFJI,PETFJI,1,2021,1.0
GLOBAL,MINPETFJI,PETFJI,1,2022,1.0
GLOBAL,MINPETFJI,PETFJI,1,2023,1.0
GLOBAL,MINPETFJI,PETFJI,1,2024,1.0
GLOBAL,MINPETFJI,PETFJI,1,2025,1.0
GLOBAL,MINPETFJI,PETFJI,1,2026,1.0
GLOBAL,MINPETFJI,PETFJI,1,2027,1.0
GLOBAL,MINPETFJI,PETFJI,1,2028,1.0
GLOBAL,MINPETFJI,PETFJI,1,2029,1.0
GLOBAL,MINPETFJI,PETFJI,1,2030,1.0
GLOBAL,MINPETFJI,PETFJI,1,2031,1.0
GLOBAL,MINPETFJI,PETFJI,1,2032,1.0
GLOBAL,MINPETFJI,PETFJI,1,2033,1.0
GLOBAL,MINPETFJI,PETFJI,1,2034,1.0
GLOBAL,MINPETFJI,PETFJI,1,2035,1.0
GLOBAL,MINPETFJI,PETFJI,1,2036,1.0
GLOBAL,MINPETFJI,PETFJI,1,2037,1.0
GLOBAL,MINPETFJI,PETFJI,1,2038,1.0
GLOBAL,MINPETFJI,PETFJI,1,2039,1.0
GLOBAL,MINPETFJI,PETFJI,1,2040,1.0
GLOBAL,MINPETFJI,PETFJI,1,2041,1.0
GLOBAL,MINPETFJI,PETFJI,1,2042,1.0
GLOBAL,MINPETFJI,PETFJI,1,2043,1.0
GLOBAL,MINPETFJI,PETFJI,1,2044,1.0
GLOBAL,MINPETFJI,PETFJI,1,2045,1.0
GLOBAL,MINPETFJI,PETFJI,1,2046,1.0
GLOBAL,MINPETFJI,PETFJI,1,2047,1.0
GLOBAL,MINPETFJI,PETFJI,1,2048,1.0
GLOBAL,MINPETFJI,PETFJI,1,2049,1.0
GLOBAL,MINPETFJI,PETFJI,1,2050,1.0
GLOBAL,RNWGEOFJIXX,GEOFJIXX,1,2020,1.0
GLOBAL,RNWGEOFJIXX,GEOFJIXX,1,2021,1.0
GLOBAL,RNWGEOFJIXX,GEOFJIXX,1,2022,1.0
GLOBAL,RNWGEOFJIXX,GEOFJIXX,1,2023,1.0
GLOBAL,RNWGEOFJIXX,GEOFJIXX,1,2024,1.0
GLOBAL,RNWGEOFJIXX,GEOFJIXX,1,2025,1.0
GLOBAL,RNWGEOFJIXX,GEOFJIXX,1,2026,1.0
GLOBAL,RNWGEOFJIXX,GEOFJIXX,1,2027,1.0
GLOBAL,RNWGEOFJIXX,GEOFJIXX,1,2028,1.0
GLOBAL,RNWGEOFJIXX,GEOFJIXX,1,2029,1.0
GLOBAL,RNWGEOFJIXX,GEOFJIXX,1,2030,1.0
GLOBAL,RNWGEOFJIXX,GEOFJIXX,1,2031,1.0
GLOBAL,RNWGEOFJIXX,GEOFJIXX,1,2032,1.0
GLOBAL,RNWGEOFJIXX,GEOFJIXX,1,2033,1.0
GLOBAL,RNWGEOFJIXX,GEOFJIXX,1,2034,1.0
GLOBAL,RNWGEOFJIXX,GEOFJIXX,1,2035,1.0
GLOBAL,RNWGEOFJIXX,GEOFJIXX,1,2036,1.0
GLOBAL,RNWGEOFJIXX,GEOFJIXX,1,2037,1.0
GLOBAL,RNWGEOFJIXX,GEOFJIXX,1,2038,1.0
GLOBAL,RNWGEOFJIXX,GEOFJIXX,1,2039,1.0
GLOBAL,RNWGEOFJIXX,GEOFJIXX,1,2040,1.0
GLOBAL,RNWGEOFJIXX,GEOFJIXX,1,2041,1.0
GLOBAL,RNWGEOFJIXX,GEOFJIXX,1,2042,1.0
GLOBAL,RNWGEOFJIXX,GEOFJIXX,1,2043,1.0
GLOBAL,RNWGEOFJIXX,GEOFJIXX,1,2044,1.0
GLOBAL,RNWGEOFJIXX,GEOFJIXX,1,2045,1.0
GLOBAL,RNWGEOFJIXX,GEOFJIXX,1,2046,1.0
GLOBAL,RNWGEOFJIXX,GEOFJIXX,1,2047,1.0
GLOBAL,RNWGEOFJIXX,GEOFJIXX,1,2048,1.0
GLOBAL,RNWGEOFJIXX,GEOFJIXX,1,2049,1.0
GLOBAL,RNWGEOFJIXX,GEOFJIXX,1,2050,1.0
GLOBAL,MINCOGFJI,COGFJI,1,2020,1.0
GLOBAL,MINCOGFJI,COGFJI,1,2021,1.0
GLOBAL,MINCOGFJI,COGFJI,1,2022,1.0
GLOBAL,MINCOGFJI,COGFJI,1,2023,1.0
GLOBAL,MINCOGFJI,COGFJI,1,2024,1.0
GLOBAL,MINCOGFJI,COGFJI,1,2025,1.0
GLOBAL,MINCOGFJI,COGFJI,1,2026,1.0
GLOBAL,MINCOGFJI,COGFJI,1,2027,1.0
GLOBAL,MINCOGFJI,COGFJI,1,2028,1.0
GLOBAL,MINCOGFJI,COGFJI,1,2029,1.0
GLOBAL,MINCOGFJI,COGFJI,1,2030,1.0
GLOBAL,MINCOGFJI,COGFJI,1,2031,1.0
GLOBAL,MINCOGFJI,COGFJI,1,2032,1.0
GLOBAL,MINCOGFJI,COGFJI,1,2033,1.0
GLOBAL,MINCOGFJI,COGFJI,1,2034,1.0
GLOBAL,MINCOGFJI,COGFJI,1,2035,1.0
GLOBAL,MINCOGFJI,COGFJI,1,2036,1.0
GLOBAL,MINCOGFJI,COGFJI,1,2037,1.0
GLOBAL,MINCOGFJI,COGFJI,1,2038,1.0
GLOBAL,MINCOGFJI,COGFJI,1,2039,1.0
GLOBAL,MINCOGFJI,COGFJI,1,2040,1.0
GLOBAL,MINCOGFJI,COGFJI,1,2041,1.0
GLOBAL,MINCOGFJI,COGFJI,1,2042,1.0
GLOBAL,MINCOGFJI,COGFJI,1,2043,1.0
GLOBAL,MINCOGFJI,COGFJI,1,2044,1.0
GLOBAL,MINCOGFJI,COGFJI,1,2045,1.0
GLOBAL,MINCOGFJI,COGFJI,1,2046,1.0
GLOBAL,MINCOGFJI,COGFJI,1,2047,1.0
GLOBAL,MINCOGFJI,COGFJI,1,2048,1.0
GLOBAL,MINCOGFJI,COGFJI,1,2049,1.0
GLOBAL,MINCOGFJI,COGFJI,1,2050,1.0
GLOBAL,MINGASINT,GASINT,1,2020,1.0
GLOBAL,MINGASINT,GASINT,1,2021,1.0
GLOBAL,MINGASINT,GASINT,1,2022,1.0
GLOBAL,MINGASINT,GASINT,1,2023,1.0
GLOBAL,MINGASINT,GASINT,1,2024,1.0
GLOBAL,MINGASINT,GASINT,1,2025,1.0
GLOBAL,MINGASINT,GASINT,1,2026,1.0
GLOBAL,MINGASINT,GASINT,1,2027,1.0
GLOBAL,MINGASINT,GASINT,1,2028,1.0
GLOBAL,MINGASINT,GASINT,1,2029,1.0
GLOBAL,MINGASINT,GASINT,1,2030,1.0
GLOBAL,MINGASINT,GASINT,1,2031,1.0
GLOBAL,MINGASINT,GASINT,1,2032,1.0
GLOBAL,MINGASINT,GASINT,1,2033,1.0
GLOBAL,MINGASINT,GASINT,1,2034,1.0
GLOBAL,MINGASINT,GASINT,1,2035,1.0
GLOBAL,MINGASINT,GASINT,1,2036,1.0
GLOBAL,MINGASINT,GASINT,1,2037,1.0
GLOBAL,MINGASINT,GASINT,1,2038,1.0
GLOBAL,MINGASINT,GASINT,1,2039,1.0
GLOBAL,MINGASINT,GASINT,1,2040,1.0
GLOBAL,MINGASINT,GASINT,1,2041,1.0
GLOBAL,MINGASINT,GASINT,1,2042,1.0
GLOBAL,MINGASINT,GASINT,1,2043,1.0
GLOBAL,MINGASINT,GASINT,1,2044,1.0
GLOBAL,MINGASINT,GASINT,1,2045,1.0
GLOBAL,MINGASINT,GASINT,1,2046,1.0
GLOBAL,MINGASINT,GASINT,1,2047,1.0
GLOBAL,MINGASINT,GASINT,1,2048,1.0
GLOBAL,MINGASINT,GASINT,1,2049,1.0
GLOBAL,MINGASINT,GASINT,1,2050,1.0
GLOBAL,MINOILINT,OILINT,1,2020,1.0
GLOBAL,MINOILINT,OILINT,1,2021,1.0
GLOBAL,MINOILINT,OILINT,1,2022,1.0
GLOBAL,MINOILINT,OILINT,1,2023,1.0
GLOBAL,MINOILINT,OILINT,1,2024,1.0
GLOBAL,MINOILINT,OILINT,1,2025,1.0
GLOBAL,MINOILINT,OILINT,1,2026,1.0
GLOBAL,MINOILINT,OILINT,1,2027,1.0
GLOBAL,MINOILINT,OILINT,1,2028,1.0
GLOBAL,MINOILINT,OILINT,1,2029,1.0
GLOBAL,MINOILINT,OILINT,1,2030,1.0
GLOBAL,MINOILINT,OILINT,1,2031,1.0
GLOBAL,MINOILINT,OILINT,1,2032,1.0
GLOBAL,MINOILINT,OILINT,1,2033,1.0
GLOBAL,MINOILINT,OILINT,1,2034,1.0
GLOBAL,MINOILINT,OILINT,1,2035,1.0
GLOBAL,MINOILINT,OILINT,1,2036,1.0
GLOBAL,MINOILINT,OILINT,1,2037,1.0
GLOBAL,MINOILINT,OILINT,1,2038,1.0
GLOBAL,MINOILINT,OILINT,1,2039,1.0
GLOBAL,MINOILINT,OILINT,1,2040,1.0
GLOBAL,MINOILINT,OILINT,1,2041,1.0
GLOBAL,MINOILINT,OILINT,1,2042,1.0
GLOBAL,MINOILINT,OILINT,1,2043,1.0
GLOBAL,MINOILINT,OILINT,1,2044,1.0
GLOBAL,MINOILINT,OILINT,1,2045,1.0
GLOBAL,MINOILINT,OILINT,1,2046,1.0
GLOBAL,MINOILINT,OILINT,1,2047,1.0
GLOBAL,MINOILINT,OILINT,1,2048,1.0
GLOBAL,MINOILINT,OILINT,1,2049,1.0
GLOBAL,MINOILINT,OILINT,1,2050,1.0
GLOBAL,MINOTHINT,OTHINT,1,2020,1.0
GLOBAL,MINOTHINT,OTHINT,1,2021,1.0
GLOBAL,MINOTHINT,OTHINT,1,2022,1.0
GLOBAL,MINOTHINT,OTHINT,1,2023,1.0
GLOBAL,MINOTHINT,OTHINT,1,2024,1.0
GLOBAL,MINOTHINT,OTHINT,1,2025,1.0
GLOBAL,MINOTHINT,OTHINT,1,2026,1.0
GLOBAL,MINOTHINT,OTHINT,1,2027,1.0
GLOBAL,MINOTHINT,OTHINT,1,2028,1.0
GLOBAL,MINOTHINT,OTHINT,1,2029,1.0
GLOBAL,MINOTHINT,OTHINT,1,2030,1.0
GLOBAL,MINOTHINT,OTHINT,1,2031,1.0
GLOBAL,MINOTHINT,OTHINT,1,2032,1.0
GLOBAL,MINOTHINT,OTHINT,1,2033,1.0
GLOBAL,MINOTHINT,OTHINT,1,2034,1.0
GLOBAL,MINOTHINT,OTHINT,1,2035,1.0
GLOBAL,MINOTHINT,OTHINT,1,2036,1.0
GLOBAL,MINOTHINT,OTHINT,1,2037,1.0
GLOBAL,MINOTHINT,OTHINT,1,2038,1.0
GLOBAL,MINOTHINT,OTHINT,1,2039,1.0
GLOBAL,MINOTHINT,OTHINT,1,2040,1.0
GLOBAL,MINOTHINT,OTHINT,1,2041,1.0
GLOBAL,MINOTHINT,OTHINT,1,2042,1.0
GLOBAL,MINOTHINT,OTHINT,1,2043,1.0
GLOBAL,MINOTHINT,OTHINT,1,2044,1.0
GLOBAL,MINOTHINT,OTHINT,1,2045,1.0
GLOBAL,MINOTHINT,OTHINT,1,2046,1.0
GLOBAL,MINOTHINT,OTHINT,1,2047,1.0
GLOBAL,MINOTHINT,OTHINT,1,2048,1.0
GLOBAL,MINOTHINT,OTHINT,1,2049,1.0
GLOBAL,MINOTHINT,OTHINT,1,2050,1.0
GLOBAL,MINCOAINT,COAINT,1,2020,1.0
GLOBAL,MINCOAINT,COAINT,1,2021,1.0
GLOBAL,MINCOAINT,COAINT,1,2022,1.0
GLOBAL,MINCOAINT,COAINT,1,2023,1.0
GLOBAL,MINCOAINT,COAINT,1,2024,1.0
GLOBAL,MINCOAINT,COAINT,1,2025,1.0
GLOBAL,MINCOAINT,COAINT,1,2026,1.0
GLOBAL,MINCOAINT,COAINT,1,2027,1.0
GLOBAL,MINCOAINT,COAINT,1,2028,1.0
GLOBAL,MINCOAINT,COAINT,1,2029,1.0
GLOBAL,MINCOAINT,COAINT,1,2030,1.0
GLOBAL,MINCOAINT,COAINT,1,2031,1.0
GLOBAL,MINCOAINT,COAINT,1,2032,1.0
GLOBAL,MINCOAINT,COAINT,1,2033,1.0
GLOBAL,MINCOAINT,COAINT,1,2034,1.0
GLOBAL,MINCOAINT,COAINT,1,2035,1.0
GLOBAL,MINCOAINT,COAINT,1,2036,1.0
GLOBAL,MINCOAINT,COAINT,1,2037,1.0
GLOBAL,MINCOAINT,COAINT,1,2038,1.0
GLOBAL,MINCOAINT,COAINT,1,2039,1.0
GLOBAL,MINCOAINT,COAINT,1,2040,1.0
GLOBAL,MINCOAINT,COAINT,1,2041,1.0
GLOBAL,MINCOAINT,COAINT,1,2042,1.0
GLOBAL,MINCOAINT,COAINT,1,2043,1.0
GLOBAL,MINCOAINT,COAINT,1,2044,1.0
GLOBAL,MINCOAINT,COAINT,1,2045,1.0
GLOBAL,MINCOAINT,COAINT,1,2046,1.0
GLOBAL,MINCOAINT,COAINT,1,2047,1.0
GLOBAL,MINCOAINT,COAINT,1,2048,1.0
GLOBAL,MINCOAINT,COAINT,1,2049,1.0
GLOBAL,MINCOAINT,COAINT,1,2050,1.0
GLOBAL,MINURNINT,URNINT,1,2020,1.0
GLOBAL,MINURNINT,URNINT,1,2021,1.0
GLOBAL,MINURNINT,URNINT,1,2022,1.0
GLOBAL,MINURNINT,URNINT,1,2023,1.0
GLOBAL,MINURNINT,URNINT,1,2024,1.0
GLOBAL,MINURNINT,URNINT,1,2025,1.0
GLOBAL,MINURNINT,URNINT,1,2026,1.0
GLOBAL,MINURNINT,URNINT,1,2027,1.0
GLOBAL,MINURNINT,URNINT,1,2028,1.0
GLOBAL,MINURNINT,URNINT,1,2029,1.0
GLOBAL,MINURNINT,URNINT,1,2030,1.0
GLOBAL,MINURNINT,URNINT,1,2031,1.0
GLOBAL,MINURNINT,URNINT,1,2032,1.0
GLOBAL,MINURNINT,URNINT,1,2033,1.0
GLOBAL,MINURNINT,URNINT,1,2034,1.0
GLOBAL,MINURNINT,URNINT,1,2035,1.0
GLOBAL,MINURNINT,URNINT,1,2036,1.0
GLOBAL,MINURNINT,URNINT,1,2037,1.0
GLOBAL,MINURNINT,URNINT,1,2038,1.0
GLOBAL,MINURNINT,URNINT,1,2039,1.0
GLOBAL,MINURNINT,URNINT,1,2040,1.0
GLOBAL,MINURNINT,URNINT,1,2041,1.0
GLOBAL,MINURNINT,URNINT,1,2042,1.0
GLOBAL,MINURNINT,URNINT,1,2043,1.0
GLOBAL,MINURNINT,URNINT,1,2044,1.0
GLOBAL,MINURNINT,URNINT,1,2045,1.0
GLOBAL,MINURNINT,URNINT,1,2046,1.0
GLOBAL,MINURNINT,URNINT,1,2047,1.0
GLOBAL,MINURNINT,URNINT,1,2048,1.0
GLOBAL,MINURNINT,URNINT,1,2049,1.0
GLOBAL,MINURNINT,URNINT,1,2050,1.0
GLOBAL,MINPETINT,PETINT,1,2020,1.0
GLOBAL,MINPETINT,PETINT,1,2021,1.0
GLOBAL,MINPETINT,PETINT,1,2022,1.0
GLOBAL,MINPETINT,PETINT,1,2023,1.0
GLOBAL,MINPETINT,PETINT,1,2024,1.0
GLOBAL,MINPETINT,PETINT,1,2025,1.0
GLOBAL,MINPETINT,PETINT,1,2026,1.0
GLOBAL,MINPETINT,PETINT,1,2027,1.0
GLOBAL,MINPETINT,PETINT,1,2028,1.0
GLOBAL,MINPETINT,PETINT,1,2029,1.0
GLOBAL,MINPETINT,PETINT,1,2030,1.0
GLOBAL,MINPETINT,PETINT,1,2031,1.0
GLOBAL,MINPETINT,PETINT,1,2032,1.0
GLOBAL,MINPETINT,PETINT,1,2033,1.0
GLOBAL,MINPETINT,PETINT,1,2034,1.0
GLOBAL,MINPETINT,PETINT,1,2035,1.0
GLOBAL,MINPETINT,PETINT,1,2036,1.0
GLOBAL,MINPETINT,PETINT,1,2037,1.0
GLOBAL,MINPETINT,PETINT,1,2038,1.0
GLOBAL,MINPETINT,PETINT,1,2039,1.0
GLOBAL,MINPETINT,PETINT,1,2040,1.0
GLOBAL,MINPETINT,PETINT,1,2041,1.0
GLOBAL,MINPETINT,PETINT,1,2042,1.0
GLOBAL,MINPETINT,PETINT,1,2043,1.0
GLOBAL,MINPETINT,PETINT,1,2044,1.0
GLOBAL,MINPETINT,PETINT,1,2045,1.0
GLOBAL,MINPETINT,PETINT,1,2046,1.0
GLOBAL,MINPETINT,PETINT,1,2047,1.0
GLOBAL,MINPETINT,PETINT,1,2048,1.0
GLOBAL,MINPETINT,PETINT,1,2049,1.0
GLOBAL,MINPETINT,PETINT,1,2050,1.0
GLOBAL,MINCOGINT,COGINT,1,2020,1.0
GLOBAL,MINCOGINT,COGINT,1,2021,1.0
GLOBAL,MINCOGINT,COGINT,1,2022,1.0
GLOBAL,MINCOGINT,COGINT,1,2023,1.0
GLOBAL,MINCOGINT,COGINT,1,2024,1.0
GLOBAL,MINCOGINT,COGINT,1,2025,1.0
GLOBAL,MINCOGINT,COGINT,1,2026,1.0
GLOBAL,MINCOGINT,COGINT,1,2027,1.0
GLOBAL,MINCOGINT,COGINT,1,2028,1.0
GLOBAL,MINCOGINT,COGINT,1,2029,1.0
GLOBAL,MINCOGINT,COGINT,1,2030,1.0
GLOBAL,MINCOGINT,COGINT,1,2031,1.0
GLOBAL,MINCOGINT,COGINT,1,2032,1.0
GLOBAL,MINCOGINT,COGINT,1,2033,1.0
GLOBAL,MINCOGINT,COGINT,1,2034,1.0
GLOBAL,MINCOGINT,COGINT,1,2035,1.0
GLOBAL,MINCOGINT,COGINT,1,2036,1.0
GLOBAL,MINCOGINT,COGINT,1,2037,1.0
GLOBAL,MINCOGINT,COGINT,1,2038,1.0
GLOBAL,MINCOGINT,COGINT,1,2039,1.0
GLOBAL,MINCOGINT,COGINT,1,2040,1.0
GLOBAL,MINCOGINT,COGINT,1,2041,1.0
GLOBAL,MINCOGINT,COGINT,1,2042,1.0
GLOBAL,MINCOGINT,COGINT,1,2043,1.0
GLOBAL,MINCOGINT,COGINT,1,2044,1.0
GLOBAL,MINCOGINT,COGINT,1,2045,1.0
GLOBAL,MINCOGINT,COGINT,1,2046,1.0
GLOBAL,MINCOGINT,COGINT,1,2047,1.0
GLOBAL,MINCOGINT,COGINT,1,2048,1.0
GLOBAL,MINCOGINT,COGINT,1,2049,1.0
GLOBAL,MINCOGINT,COGINT,1,2050,1.0
GLOBAL,PWRCCGFJIXX01,ELCFJIXX01,1,2020,1.0
GLOBAL,PWRCCGFJIXX01,ELCFJIXX01,1,2021,1.0
GLOBAL,PWRCCGFJIXX01,ELCFJIXX01,1,2022,1.0
GLOBAL,PWRCCGFJIXX01,ELCFJIXX01,1,2023,1.0
GLOBAL,PWRCCGFJIXX01,ELCFJIXX01,1,2024,1.0
GLOBAL,PWRCCGFJIXX01,ELCFJIXX01,1,2025,1.0
GLOBAL,PWRCCGFJIXX01,ELCFJIXX01,1,2026,1.0
GLOBAL,PWRCCGFJIXX01,ELCFJIXX01,1,2027,1.0
GLOBAL,PWRCCGFJIXX01,ELCFJIXX01,1,2028,1.0
GLOBAL,PWRCCGFJIXX01,ELCFJIXX01,1,2029,1.0
GLOBAL,PWRCCGFJIXX01,ELCFJIXX01,1,2030,1.0
GLOBAL,PWRCCGFJIXX01,ELCFJIXX01,1,2031,1.0
GLOBAL,PWRCCGFJIXX01,ELCFJIXX01,1,2032,1.0
GLOBAL,PWRCCGFJIXX01,ELCFJIXX01,1,2033,1.0
GLOBAL,PWRCCGFJIXX01,ELCFJIXX01,1,2034,1.0
GLOBAL,PWRCCGFJIXX01,ELCFJIXX01,1,2035,1.0
GLOBAL,PWRCCGFJIXX01,ELCFJIXX01,1,2036,1.0
GLOBAL,PWRCCGFJIXX01,ELCFJIXX01,1,2037,1.0
GLOBAL,PWRCCGFJIXX01,ELCFJIXX01,1,2038,1.0
GLOBAL,PWRCCGFJIXX01,ELCFJIXX01,1,2039,1.0
GLOBAL,PWRCCGFJIXX01,ELCFJIXX01,1,2040,1.0
GLOBAL,PWRCCGFJIXX01,ELCFJIXX01,1,2041,1.0
GLOBAL,PWRCCGFJIXX01,ELCFJIXX01,1,2042,1.0
GLOBAL,PWRCCGFJIXX01,ELCFJIXX01,1,2043,1.0
GLOBAL,PWRCCGFJIXX01,ELCFJIXX01,1,2044,1.0
GLOBAL,PWRCCGFJIXX01,ELCFJIXX01,1,2045,1.0
GLOBAL,PWRCCGFJIXX01,ELCFJIXX01,1,2046,1.0
GLOBAL,PWRCCGFJIXX01,ELCFJIXX01,1,2047,1.0
GLOBAL,PWRCCGFJIXX01,ELCFJIXX01,1,2048,1.0
GLOBAL,PWRCCGFJIXX01,ELCFJIXX01,1,2049,1.0
GLOBAL,PWRCCGFJIXX01,ELCFJIXX01,1,2050,1.0
GLOBAL,PWRCCGFJIXX01,ELCFJIXX01,2,2020,1.0
GLOBAL,PWRCCGFJIXX01,ELCFJIXX01,2,2021,1.0
GLOBAL,PWRCCGFJIXX01,ELCFJIXX01,2,2022,1.0
GLOBAL,PWRCCGFJIXX01,ELCFJIXX01,2,2023,1.0
GLOBAL,PWRCCGFJIXX01,ELCFJIXX01,2,2024,1.0
GLOBAL,PWRCCGFJIXX01,ELCFJIXX01,2,2025,1.0
GLOBAL,PWRCCGFJIXX01,ELCFJIXX01,2,2026,1.0
GLOBAL,PWRCCGFJIXX01,ELCFJIXX01,2,2027,1.0
GLOBAL,PWRCCGFJIXX01,ELCFJIXX01,2,2028,1.0
GLOBAL,PWRCCGFJIXX01,ELCFJIXX01,2,2029,1.0
GLOBAL,PWRCCGFJIXX01,ELCFJIXX01,2,2030,1.0
GLOBAL,PWRCCGFJIXX01,ELCFJIXX01,2,2031,1.0
GLOBAL,PWRCCGFJIXX01,ELCFJIXX01,2,2032,1.0
GLOBAL,PWRCCGFJIXX01,ELCFJIXX01,2,2033,1.0
GLOBAL,PWRCCGFJIXX01,ELCFJIXX01,2,2034,1.0
GLOBAL,PWRCCGFJIXX01,ELCFJIXX01,2,2035,1.0
GLOBAL,PWRCCGFJIXX01,ELCFJIXX01,2,2036,1.0
GLOBAL,PWRCCGFJIXX01,ELCFJIXX01,2,2037,1.0
GLOBAL,PWRCCGFJIXX01,ELCFJIXX01,2,2038,1.0
GLOBAL,PWRCCGFJIXX01,ELCFJIXX01,2,2039,1.0
GLOBAL,PWRCCGFJIXX01,ELCFJIXX01,2,2040,1.0
GLOBAL,PWRCCGFJIXX01,ELCFJIXX01,2,2041,1.0
GLOBAL,PWRCCGFJIXX01,ELCFJIXX01,2,2042,1.0
GLOBAL,PWRCCGFJIXX01,ELCFJIXX01,2,2043,1.0
GLOBAL,PWRCCGFJIXX01,ELCFJIXX01,2,2044,1.0
GLOBAL,PWRCCGFJIXX01,ELCFJIXX01,2,2045,1.0
GLOBAL,PWRCCGFJIXX01,ELCFJIXX01,2,2046,1.0
GLOBAL,PWRCCGFJIXX01,ELCFJIXX01,2,2047,1.0
GLOBAL,PWRCCGFJIXX01,ELCFJIXX01,2,2048,1.0
GLOBAL,PWRCCGFJIXX01,ELCFJIXX01,2,2049,1.0
GLOBAL,PWRCCGFJIXX01,ELCFJIXX01,2,2050,1.0
GLOBAL,PWROCGFJIXX01,ELCFJIXX01,1,2020,1.0
GLOBAL,PWROCGFJIXX01,ELCFJIXX01,1,2021,1.0
GLOBAL,PWROCGFJIXX01,ELCFJIXX01,1,2022,1.0
GLOBAL,PWROCGFJIXX01,ELCFJIXX01,1,2023,1.0
GLOBAL,PWROCGFJIXX01,ELCFJIXX01,1,2024,1.0
GLOBAL,PWROCGFJIXX01,ELCFJIXX01,1,2025,1.0
GLOBAL,PWROCGFJIXX01,ELCFJIXX01,1,2026,1.0
GLOBAL,PWROCGFJIXX01,ELCFJIXX01,1,2027,1.0
GLOBAL,PWROCGFJIXX01,ELCFJIXX01,1,2028,1.0
GLOBAL,PWROCGFJIXX01,ELCFJIXX01,1,2029,1.0
GLOBAL,PWROCGFJIXX01,ELCFJIXX01,1,2030,1.0
GLOBAL,PWROCGFJIXX01,ELCFJIXX01,1,2031,1.0
GLOBAL,PWROCGFJIXX01,ELCFJIXX01,1,2032,1.0
GLOBAL,PWROCGFJIXX01,ELCFJIXX01,1,2033,1.0
GLOBAL,PWROCGFJIXX01,ELCFJIXX01,1,2034,1.0
GLOBAL,PWROCGFJIXX01,ELCFJIXX01,1,2035,1.0
GLOBAL,PWROCGFJIXX01,ELCFJIXX01,1,2036,1.0
GLOBAL,PWROCGFJIXX01,ELCFJIXX01,1,2037,1.0
GLOBAL,PWROCGFJIXX01,ELCFJIXX01,1,2038,1.0
GLOBAL,PWROCGFJIXX01,ELCFJIXX01,1,2039,1.0
GLOBAL,PWROCGFJIXX01,ELCFJIXX01,1,2040,1.0
GLOBAL,PWROCGFJIXX01,ELCFJIXX01,1,2041,1.0
GLOBAL,PWROCGFJIXX01,ELCFJIXX01,1,2042,1.0
GLOBAL,PWROCGFJIXX01,ELCFJIXX01,1,2043,1.0
GLOBAL,PWROCGFJIXX01,ELCFJIXX01,1,2044,1.0
GLOBAL,PWROCGFJIXX01,ELCFJIXX01,1,2045,1.0
GLOBAL,PWROCGFJIXX01,ELCFJIXX01,1,2046,1.0
GLOBAL,PWROCGFJIXX01,ELCFJIXX01,1,2047,1.0
GLOBAL,PWROCGFJIXX01,ELCFJIXX01,1,2048,1.0
GLOBAL,PWROCGFJIXX01,ELCFJIXX01,1,2049,1.0
GLOBAL,PWROCGFJIXX01,ELCFJIXX01,1,2050,1.0
GLOBAL,PWROCGFJIXX01,ELCFJIXX01,2,2020,1.0
GLOBAL,PWROCGFJIXX01,ELCFJIXX01,2,2021,1.0
GLOBAL,PWROCGFJIXX01,ELCFJIXX01,2,2022,1.0
GLOBAL,PWROCGFJIXX01,ELCFJIXX01,2,2023,1.0
GLOBAL,PWROCGFJIXX01,ELCFJIXX01,2,2024,1.0
GLOBAL,PWROCGFJIXX01,ELCFJIXX01,2,2025,1.0
GLOBAL,PWROCGFJIXX01,ELCFJIXX01,2,2026,1.0
GLOBAL,PWROCGFJIXX01,ELCFJIXX01,2,2027,1.0
GLOBAL,PWROCGFJIXX01,ELCFJIXX01,2,2028,1.0
GLOBAL,PWROCGFJIXX01,ELCFJIXX01,2,2029,1.0
GLOBAL,PWROCGFJIXX01,ELCFJIXX01,2,2030,1.0
GLOBAL,PWROCGFJIXX01,ELCFJIXX01,2,2031,1.0
GLOBAL,PWROCGFJIXX01,ELCFJIXX01,2,2032,1.0
GLOBAL,PWROCGFJIXX01,ELCFJIXX01,2,2033,1.0
GLOBAL,PWROCGFJIXX01,ELCFJIXX01,2,2034,1.0
GLOBAL,PWROCGFJIXX01,ELCFJIXX01,2,2035,1.0
GLOBAL,PWROCGFJIXX01,ELCFJIXX01,2,2036,1.0
GLOBAL,PWROCGFJIXX01,ELCFJIXX01,2,2037,1.0
GLOBAL,PWROCGFJIXX01,ELCFJIXX01,2,2038,1.0
GLOBAL,PWROCGFJIXX01,ELCFJIXX01,2,2039,1.0
GLOBAL,PWROCGFJIXX01,ELCFJIXX01,2,2040,1.0
GLOBAL,PWROCGFJIXX01,ELCFJIXX01,2,2041,1.0
GLOBAL,PWROCGFJIXX01,ELCFJIXX01,2,2042,1.0
GLOBAL,PWROCGFJIXX01,ELCFJIXX01,2,2043,1.0
GLOBAL,PWROCGFJIXX01,ELCFJIXX01,2,2044,1.0
GLOBAL,PWROCGFJIXX01,ELCFJIXX01,2,2045,1.0
GLOBAL,PWROCGFJIXX01,ELCFJIXX01,2,2046,1.0
GLOBAL,PWROCGFJIXX01,ELCFJIXX01,2,2047,1.0
GLOBAL,PWROCGFJIXX01,ELCFJIXX01,2,2048,1.0
GLOBAL,PWROCGFJIXX01,ELCFJIXX01,2,2049,1.0
GLOBAL,PWROCGFJIXX01,ELCFJIXX01,2,2050,1.0
GLOBAL,PWRBCKFJIXX,ELCFJIXX01,1,2020,1.0
GLOBAL,PWRBCKFJIXX,ELCFJIXX01,1,2021,1.0
GLOBAL,PWRBCKFJIXX,ELCFJIXX01,1,2022,1.0
GLOBAL,PWRBCKFJIXX,ELCFJIXX01,1,2023,1.0
GLOBAL,PWRBCKFJIXX,ELCFJIXX01,1,2024,1.0
GLOBAL,PWRBCKFJIXX,ELCFJIXX01,1,2025,1.0
GLOBAL,PWRBCKFJIXX,ELCFJIXX01,1,2026,1.0
GLOBAL,PWRBCKFJIXX,ELCFJIXX01,1,2027,1.0
GLOBAL,PWRBCKFJIXX,ELCFJIXX01,1,2028,1.0
GLOBAL,PWRBCKFJIXX,ELCFJIXX01,1,2029,1.0
GLOBAL,PWRBCKFJIXX,ELCFJIXX01,1,2030,1.0
GLOBAL,PWRBCKFJIXX,ELCFJIXX01,1,2031,1.0
GLOBAL,PWRBCKFJIXX,ELCFJIXX01,1,2032,1.0
GLOBAL,PWRBCKFJIXX,ELCFJIXX01,1,2033,1.0
GLOBAL,PWRBCKFJIXX,ELCFJIXX01,1,2034,1.0
GLOBAL,PWRBCKFJIXX,ELCFJIXX01,1,2035,1.0
GLOBAL,PWRBCKFJIXX,ELCFJIXX01,1,2036,1.0
GLOBAL,PWRBCKFJIXX,ELCFJIXX01,1,2037,1.0
GLOBAL,PWRBCKFJIXX,ELCFJIXX01,1,2038,1.0
GLOBAL,PWRBCKFJIXX,ELCFJIXX01,1,2039,1.0
GLOBAL,PWRBCKFJIXX,ELCFJIXX01,1,2040,1.0
GLOBAL,PWRBCKFJIXX,ELCFJIXX01,1,2041,1.0
GLOBAL,PWRBCKFJIXX,ELCFJIXX01,1,2042,1.0
GLOBAL,PWRBCKFJIXX,ELCFJIXX01,1,2043,1.0
GLOBAL,PWRBCKFJIXX,ELCFJIXX01,1,2044,1.0
GLOBAL,PWRBCKFJIXX,ELCFJIXX01,1,2045,1.0
GLOBAL,PWRBCKFJIXX,ELCFJIXX01,1,2046,1.0
GLOBAL,PWRBCKFJIXX,ELCFJIXX01,1,2047,1.0
GLOBAL,PWRBCKFJIXX,ELCFJIXX01,1,2048,1.0
GLOBAL,PWRBCKFJIXX,ELCFJIXX01,1,2049,1.0
GLOBAL,PWRBCKFJIXX,ELCFJIXX01,1,2050,1.0
GLOBAL,PWRTRNFJIXX,ELCFJIXX02,1,2020,1.0
GLOBAL,PWRTRNFJIXX,ELCFJIXX02,1,2021,1.0
GLOBAL,PWRTRNFJIXX,ELCFJIXX02,1,2022,1.0
GLOBAL,PWRTRNFJIXX,ELCFJIXX02,1,2023,1.0
GLOBAL,PWRTRNFJIXX,ELCFJIXX02,1,2024,1.0
GLOBAL,PWRTRNFJIXX,ELCFJIXX02,1,2025,1.0
GLOBAL,PWRTRNFJIXX,ELCFJIXX02,1,2026,1.0
GLOBAL,PWRTRNFJIXX,ELCFJIXX02,1,2027,1.0
GLOBAL,PWRTRNFJIXX,ELCFJIXX02,1,2028,1.0
GLOBAL,PWRTRNFJIXX,ELCFJIXX02,1,2029,1.0
GLOBAL,PWRTRNFJIXX,ELCFJIXX02,1,2030,1.0
GLOBAL,PWRTRNFJIXX,ELCFJIXX02,1,2031,1.0
GLOBAL,PWRTRNFJIXX,ELCFJIXX02,1,2032,1.0
GLOBAL,PWRTRNFJIXX,ELCFJIXX02,1,2033,1.0
GLOBAL,PWRTRNFJIXX,ELCFJIXX02,1,2034,1.0
GLOBAL,PWRTRNFJIXX,ELCFJIXX02,1,2035,1.0
GLOBAL,PWRTRNFJIXX,ELCFJIXX02,1,2036,1.0
GLOBAL,PWRTRNFJIXX,ELCFJIXX02,1,2037,1.0
GLOBAL,PWRTRNFJIXX,ELCFJIXX02,1,2038,1.0
GLOBAL,PWRTRNFJIXX,ELCFJIXX02,1,2039,1.0
GLOBAL,PWRTRNFJIXX,ELCFJIXX02,1,2040,1.0
GLOBAL,PWRTRNFJIXX,ELCFJIXX02,1,2041,1.0
GLOBAL,PWRTRNFJIXX,ELCFJIXX02,1,2042,1.0
GLOBAL,PWRTRNFJIXX,ELCFJIXX02,1,2043,1.0
GLOBAL,PWRTRNFJIXX,ELCFJIXX02,1,2044,1.0
GLOBAL,PWRTRNFJIXX,ELCFJIXX02,1,2045,1.0
GLOBAL,PWRTRNFJIXX,ELCFJIXX02,1,2046,1.0
GLOBAL,PWRTRNFJIXX,ELCFJIXX02,1,2047,1.0
GLOBAL,PWRTRNFJIXX,ELCFJIXX02,1,2048,1.0
GLOBAL,PWRTRNFJIXX,ELCFJIXX02,1,2049,1.0
GLOBAL,PWRTRNFJIXX,ELCFJIXX02,1,2050,1.0
GLOBAL,DEMAGRDSL,AGRDSL,1,2020,1
GLOBAL,DEMAGRDSL,AGRDSL,1,2021,1
GLOBAL,DEMAGRDSL,AGRDSL,1,2022,1
GLOBAL,DEMAGRDSL,AGRDSL,1,2023,1
GLOBAL,DEMAGRDSL,AGRDSL,1,2024,1
GLOBAL,DEMAGRDSL,AGRDSL,1,2025,1
GLOBAL,DEMAGRDSL,AGRDSL,1,2026,1
GLOBAL,DEMAGRDSL,AGRDSL,1,2027,1
GLOBAL,DEMAGRDSL,AGRDSL,1,2028,1
GLOBAL,DEMAGRDSL,AGRDSL,1,2029,1
GLOBAL,DEMAGRDSL,AGRDSL,1,2030,1
GLOBAL,DEMAGRDSL,AGRDSL,1,2031,1
GLOBAL,DEMAGRDSL,AGRDSL,1,2032,1
GLOBAL,DEMAGRDSL,AGRDSL,1,2033,1
GLOBAL,DEMAGRDSL,AGRDSL,1,2034,1
GLOBAL,DEMAGRDSL,AGRDSL,1,2035,1
GLOBAL,DEMAGRDSL,AGRDSL,1,2036,1
GLOBAL,DEMAGRDSL,AGRDSL,1,2037,1
GLOBAL,DEMAGRDSL,AGRDSL,1,2038,1
GLOBAL,DEMAGRDSL,AGRDSL,1,2039,1
GLOBAL,DEMAGRDSL,AGRDSL,1,2040,1
GLOBAL,DEMAGRDSL,AGRDSL,1,2041,1
GLOBAL,DEMAGRDSL,AGRDSL,1,2042,1
GLOBAL,DEMAGRDSL,AGRDSL,1,2043,1
GLOBAL,DEMAGRDSL,AGRDSL,1,2044,1
GLOBAL,DEMAGRDSL,AGRDSL,1,2045,1
GLOBAL,DEMAGRDSL,AGRDSL,1,2046,1
GLOBAL,DEMAGRDSL,AGRDSL,1,2047,1
GLOBAL,DEMAGRDSL,AGRDSL,1,2048,1
GLOBAL,DEMAGRDSL,AGRDSL,1,2049,1
GLOBAL,DEMAGRDSL,AGRDSL,1,2050,1
GLOBAL,DEMAGRELCFJIXX02,AGRELCFJIXX02,1,2020,1
GLOBAL,DEMAGRELCFJIXX02,AGRELCFJIXX02,1,2021,1
GLOBAL,DEMAGRELCFJIXX02,AGRELCFJIXX02,1,2022,1
GLOBAL,DEMAGRELCFJIXX02,AGRELCFJIXX02,1,2023,1
GLOBAL,DEMAGRELCFJIXX02,AGRELCFJIXX02,1,2024,1
GLOBAL,DEMAGRELCFJIXX02,AGRELCFJIXX02,1,2025,1
GLOBAL,DEMAGRELCFJIXX02,AGRELCFJIXX02,1,2026,1
GLOBAL,DEMAGRELCFJIXX02,AGRELCFJIXX02,1,2027,1
GLOBAL,DEMAGRELCFJIXX02,AGRELCFJIXX02,1,2028,1
GLOBAL,DEMAGRELCFJIXX02,AGRELCFJIXX02,1,2029,1
GLOBAL,DEMAGRELCFJIXX02,AGRELCFJIXX02,1,2030,1
GLOBAL,DEMAGRELCFJIXX02,AGRELCFJIXX02,1,2031,1
GLOBAL,DEMAGRELCFJIXX02,AGRELCFJIXX02,1,2032,1
GLOBAL,DEMAGRELCFJIXX02,AGRELCFJIXX02,1,2033,1
GLOBAL,DEMAGRELCFJIXX02,AGRELCFJIXX02,1,2034,1
GLOBAL,DEMAGRELCFJIXX02,AGRELCFJIXX02,1,2035,1
GLOBAL,DEMAGRELCFJIXX02,AGRELCFJIXX02,1,2036,1
GLOBAL,DEMAGRELCFJIXX02,AGRELCFJIXX02,1,2037,1
GLOBAL,DEMAGRELCFJIXX02,AGRELCFJIXX02,1,2038,1
GLOBAL,DEMAGRELCFJIXX02,AGRELCFJIXX02,1,2039,1
GLOBAL,DEMAGRELCFJIXX02,AGRELCFJIXX02,1,2040,1
GLOBAL,DEMAGRELCFJIXX02,AGRELCFJIXX02,1,2041,1
GLOBAL,DEMAGRELCFJIXX02,AGRELCFJIXX02,1,2042,1
GLOBAL,DEMAGRELCFJIXX02,AGRELCFJIXX02,1,2043,1
GLOBAL,DEMAGRELCFJIXX02,AGRELCFJIXX02,1,2044,1
GLOBAL,DEMAGRELCFJIXX02,AGRELCFJIXX02,1,2045,1
GLOBAL,DEMAGRELCFJIXX02,AGRELCFJIXX02,1,2046,1
GLOBAL,DEMAGRELCFJIXX02,AGRELCFJIXX02,1,2047,1
GLOBAL,DEMAGRELCFJIXX02,AGRELCFJIXX02,1,2048,1
GLOBAL,DEMAGRELCFJIXX02,AGRELCFJIXX02,1,2049,1
GLOBAL,DEMAGRELCFJIXX02,AGRELCFJIXX02,1,2050,1
GLOBAL,DEMCOMKER,COMKER,1,2020,1
GLOBAL,DEMCOMKER,COMKER,1,2021,1
GLOBAL,DEMCOMKER,COMKER,1,2022,1
GLOBAL,DEMCOMKER,COMKER,1,2023,1
GLOBAL,DEMCOMKER,COMKER,1,2024,1
GLOBAL,DEMCOMKER,COMKER,1,2025,1
GLOBAL,DEMCOMKER,COMKER,1,2026,1
GLOBAL,DEMCOMKER,COMKER,1,2027,1
GLOBAL,DEMCOMKER,COMKER,1,2028,1
GLOBAL,DEMCOMKER,COMKER,1,2029,1
GLOBAL,DEMCOMKER,COMKER,1,2030,1
GLOBAL,DEMCOMKER,COMKER,1,2031,1
GLOBAL,DEMCOMKER,COMKER,1,2032,1
GLOBAL,DEMCOMKER,COMKER,1,2033,1
GLOBAL,DEMCOMKER,COMKER,1,2034,1
GLOBAL,DEMCOMKER,COMKER,1,2035,1
GLOBAL,DEMCOMKER,COMKER,1,2036,1
GLOBAL,DEMCOMKER,COMKER,1,2037,1
GLOBAL,DEMCOMKER,COMKER,1,2038,1
GLOBAL,DEMCOMKER,COMKER,1,2039,1
GLOBAL,DEMCOMKER,COMKER,1,2040,1
GLOBAL,DEMCOMKER,COMKER,1,2041,1
GLOBAL,DEMCOMKER,COMKER,1,2042,1
GLOBAL,DEMCOMKER,COMKER,1,2043,1
GLOBAL,DEMCOMKER,COMKER,1,2044,1
GLOBAL,DEMCOMKER,COMKER,1,2045,1
GLOBAL,DEMCOMKER,COMKER,1,2046,1
GLOBAL,DEMCOMKER,COMKER,1,2047,1
GLOBAL,DEMCOMKER,COMKER,1,2048,1
GLOBAL,DEMCOMKER,COMKER,1,2049,1
GLOBAL,DEMCOMKER,COMKER,1,2050,1
GLOBAL,DEMCOMDSL,COMDSL,1,2020,1
GLOBAL,DEMCOMDSL,COMDSL,1,2021,1
GLOBAL,DEMCOMDSL,COMDSL,1,2022,1
GLOBAL,DEMCOMDSL,COMDSL,1,2023,1
GLOBAL,DEMCOMDSL,COMDSL,1,2024,1
GLOBAL,DEMCOMDSL,COMDSL,1,2025,1
GLOBAL,DEMCOMDSL,COMDSL,1,2026,1
GLOBAL,DEMCOMDSL,COMDSL,1,2027,1
GLOBAL,DEMCOMDSL,COMDSL,1,2028,1
GLOBAL,DEMCOMDSL,COMDSL,1,2029,1
GLOBAL,DEMCOMDSL,COMDSL,1,2030,1
GLOBAL,DEMCOMDSL,COMDSL,1,2031,1
GLOBAL,DEMCOMDSL,COMDSL,1,2032,1
GLOBAL,DEMCOMDSL,COMDSL,1,2033,1
GLOBAL,DEMCOMDSL,COMDSL,1,2034,1
GLOBAL,DEMCOMDSL,COMDSL,1,2035,1
GLOBAL,DEMCOMDSL,COMDSL,1,2036,1
GLOBAL,DEMCOMDSL,COMDSL,1,2037,1
GLOBAL,DEMCOMDSL,COMDSL,1,2038,1
GLOBAL,DEMCOMDSL,COMDSL,1,2039,1
GLOBAL,DEMCOMDSL,COMDSL,1,2040,1
GLOBAL,DEMCOMDSL,COMDSL,1,2041,1
GLOBAL,DEMCOMDSL,COMDSL,1,2042,1
GLOBAL,DEMCOMDSL,COMDSL,1,2043,1
GLOBAL,DEMCOMDSL,COMDSL,1,2044,1
GLOBAL,DEMCOMDSL,COMDSL,1,2045,1
GLOBAL,DEMCOMDSL,COMDSL,1,2046,1
GLOBAL,DEMCOMDSL,COMDSL,1,2047,1
GLOBAL,DEMCOMDSL,COMDSL,1,2048,1
GLOBAL,DEMCOMDSL,COMDSL,1,2049,1
GLOBAL,DEMCOMDSL,COMDSL,1,2050,1
GLOBAL,DEMCOMLPG,COMLPG,1,2020,1
GLOBAL,DEMCOMLPG,COMLPG,1,2021,1
GLOBAL,DEMCOMLPG,COMLPG,1,2022,1
GLOBAL,DEMCOMLPG,COMLPG,1,2023,1
GLOBAL,DEMCOMLPG,COMLPG,1,2024,1
GLOBAL,DEMCOMLPG,COMLPG,1,2025,1
GLOBAL,DEMCOMLPG,COMLPG,1,2026,1
GLOBAL,DEMCOMLPG,COMLPG,1,2027,1
GLOBAL,DEMCOMLPG,COMLPG,1,2028,1
GLOBAL,DEMCOMLPG,COMLPG,1,2029,1
GLOBAL,DEMCOMLPG,COMLPG,1,2030,1
GLOBAL,DEMCOMLPG,COMLPG,1,2031,1
GLOBAL,DEMCOMLPG,COMLPG,1,2032,1
GLOBAL,DEMCOMLPG,COMLPG,1,2033,1
GLOBAL,DEMCOMLPG,COMLPG,1,2034,1
GLOBAL,DEMCOMLPG,COMLPG,1,2035,1
GLOBAL,DEMCOMLPG,COMLPG,1,2036,1
GLOBAL,DEMCOMLPG,COMLPG,1,2037,1
GLOBAL,DEMCOMLPG,COMLPG,1,2038,1
GLOBAL,DEMCOMLPG,COMLPG,1,2039,1
GLOBAL,DEMCOMLPG,COMLPG,1,2040,1
GLOBAL,DEMCOMLPG,COMLPG,1,2041,1
GLOBAL,DEMCOMLPG,COMLPG,1,2042,1
GLOBAL,DEMCOMLPG,COMLPG,1,2043,1
GLOBAL,DEMCOMLPG,COMLPG,1,2044,1
GLOBAL,DEMCOMLPG,COMLPG,1,2045,1
GLOBAL,DEMCOMLPG,COMLPG,1,2046,1
GLOBAL,DEMCOMLPG,COMLPG,1,2047,1
GLOBAL,DEMCOMLPG,COMLPG,1,2048,1
GLOBAL,DEMCOMLPG,COMLPG,1,2049,1
GLOBAL,DEMCOMLPG,COMLPG,1,2050,1
GLOBAL,DEMCOMBIO,COMBIO,1,2020,1
GLOBAL,DEMCOMBIO,COMBIO,1,2021,1
GLOBAL,DEMCOMBIO,COMBIO,1,2022,1
GLOBAL,DEMCOMBIO,COMBIO,1,2023,1
GLOBAL,DEMCOMBIO,COMBIO,1,2024,1
GLOBAL,DEMCOMBIO,COMBIO,1,2025,1
GLOBAL,DEMCOMBIO,COMBIO,1,2026,1
GLOBAL,DEMCOMBIO,COMBIO,1,2027,1
GLOBAL,DEMCOMBIO,COMBIO,1,2028,1
GLOBAL,DEMCOMBIO,COMBIO,1,2029,1
GLOBAL,DEMCOMBIO,COMBIO,1,2030,1
GLOBAL,DEMCOMBIO,COMBIO,1,2031,1
GLOBAL,DEMCOMBIO,COMBIO,1,2032,1
GLOBAL,DEMCOMBIO,COMBIO,1,2033,1
GLOBAL,DEMCOMBIO,COMBIO,1,2034,1
GLOBAL,DEMCOMBIO,COMBIO,1,2035,1
GLOBAL,DEMCOMBIO,COMBIO,1,2036,1
GLOBAL,DEMCOMBIO,COMBIO,1,2037,1
GLOBAL,DEMCOMBIO,COMBIO,1,2038,1
GLOBAL,DEMCOMBIO,COMBIO,1,2039,1
GLOBAL,DEMCOMBIO,COMBIO,1,2040,1
GLOBAL,DEMCOMBIO,COMBIO,1,2041,1
GLOBAL,DEMCOMBIO,COMBIO,1,2042,1
GLOBAL,DEMCOMBIO,COMBIO,1,2043,1
GLOBAL,DEMCOMBIO,COMBIO,1,2044,1
GLOBAL,DEMCOMBIO,COMBIO,1,2045,1
GLOBAL,DEMCOMBIO,COMBIO,1,2046,1
GLOBAL,DEMCOMBIO,COMBIO,1,2047,1
GLOBAL,DEMCOMBIO,COMBIO,1,2048,1
GLOBAL,DEMCOMBIO,COMBIO,1,2049,1
GLOBAL,DEMCOMBIO,COMBIO,1,2050,1
GLOBAL,DEMCOMNGS,COMNGS,1,2020,1
GLOBAL,DEMCOMNGS,COMNGS,1,2021,1
GLOBAL,DEMCOMNGS,COMNGS,1,2022,1
GLOBAL,DEMCOMNGS,COMNGS,1,2023,1
GLOBAL,DEMCOMNGS,COMNGS,1,2024,1
GLOBAL,DEMCOMNGS,COMNGS,1,2025,1
GLOBAL,DEMCOMNGS,COMNGS,1,2026,1
GLOBAL,DEMCOMNGS,COMNGS,1,2027,1
GLOBAL,DEMCOMNGS,COMNGS,1,2028,1
GLOBAL,DEMCOMNGS,COMNGS,1,2029,1
GLOBAL,DEMCOMNGS,COMNGS,1,2030,1
GLOBAL,DEMCOMNGS,COMNGS,1,2031,1
GLOBAL,DEMCOMNGS,COMNGS,1,2032,1
GLOBAL,DEMCOMNGS,COMNGS,1,2033,1
GLOBAL,DEMCOMNGS,COMNGS,1,2034,1
GLOBAL,DEMCOMNGS,COMNGS,1,2035,1
GLOBAL,DEMCOMNGS,COMNGS,1,2036,1
GLOBAL,DEMCOMNGS,COMNGS,1,2037,1
GLOBAL,DEMCOMNGS,COMNGS,1,2038,1
GLOBAL,DEMCOMNGS,COMNGS,1,2039,1
GLOBAL,DEMCOMNGS,COMNGS,1,2040,1
GLOBAL,DEMCOMNGS,COMNGS,1,2041,1
GLOBAL,DEMCOMNGS,COMNGS,1,2042,1
GLOBAL,DEMCOMNGS,COMNGS,1,2043,1
GLOBAL,DEMCOMNGS,COMNGS,1,2044,1
GLOBAL,DEMCOMNGS,COMNGS,1,2045,1
GLOBAL,DEMCOMNGS,COMNGS,1,2046,1
GLOBAL,DEMCOMNGS,COMNGS,1,2047,1
GLOBAL,DEMCOMNGS,COMNGS,1,2048,1
GLOBAL,DEMCOMNGS,COMNGS,1,2049,1
GLOBAL,DEMCOMNGS,COMNGS,1,2050,1
GLOBAL,DEMCOMELCFJIXX02,COMELCFJIXX02,1,2020,1
GLOBAL,DEMCOMELCFJIXX02,COMELCFJIXX02,1,2021,1
GLOBAL,DEMCOMELCFJIXX02,COMELCFJIXX02,1,2022,1
GLOBAL,DEMCOMELCFJIXX02,COMELCFJIXX02,1,2023,1
GLOBAL,DEMCOMELCFJIXX02,COMELCFJIXX02,1,2024,1
GLOBAL,DEMCOMELCFJIXX02,COMELCFJIXX02,1,2025,1
GLOBAL,DEMCOMELCFJIXX02,COMELCFJIXX02,1,2026,1
GLOBAL,DEMCOMELCFJIXX02,COMELCFJIXX02,1,2027,1
GLOBAL,DEMCOMELCFJIXX02,COMELCFJIXX02,1,2028,1
GLOBAL,DEMCOMELCFJIXX02,COMELCFJIXX02,1,2029,1
GLOBAL,DEMCOMELCFJIXX02,COMELCFJIXX02,1,2030,1
GLOBAL,DEMCOMELCFJIXX02,COMELCFJIXX02,1,2031,1
GLOBAL,DEMCOMELCFJIXX02,COMELCFJIXX02,1,2032,1
GLOBAL,DEMCOMELCFJIXX02,COMELCFJIXX02,1,2033,1
GLOBAL,DEMCOMELCFJIXX02,COMELCFJIXX02,1,2034,1
GLOBAL,DEMCOMELCFJIXX02,COMELCFJIXX02,1,2035,1
GLOBAL,DEMCOMELCFJIXX02,COMELCFJIXX02,1,2036,1
GLOBAL,DEMCOMELCFJIXX02,COMELCFJIXX02,1,2037,1
GLOBAL,DEMCOMELCFJIXX02,COMELCFJIXX02,1,2038,1
GLOBAL,DEMCOMELCFJIXX02,COMELCFJIXX02,1,2039,1
GLOBAL,DEMCOMELCFJIXX02,COMELCFJIXX02,1,2040,1
GLOBAL,DEMCOMELCFJIXX02,COMELCFJIXX02,1,2041,1
GLOBAL,DEMCOMELCFJIXX02,COMELCFJIXX02,1,2042,1
GLOBAL,DEMCOMELCFJIXX02,COMELCFJIXX02,1,2043,1
GLOBAL,DEMCOMELCFJIXX02,COMELCFJIXX02,1,2044,1
GLOBAL,DEMCOMELCFJIXX02,COMELCFJIXX02,1,2045,1
GLOBAL,DEMCOMELCFJIXX02,COMELCFJIXX02,1,2046,1
GLOBAL,DEMCOMELCFJIXX02,COMELCFJIXX02,1,2047,1
GLOBAL,DEMCOMELCFJIXX02,COMELCFJIXX02,1,2048,1
GLOBAL,DEMCOMELCFJIXX02,COMELCFJIXX02,1,2049,1
GLOBAL,DEMCOMELCFJIXX02,COMELCFJIXX02,1,2050,1
GLOBAL,DEMINDCOA,INDCOA,1,2020,1
GLOBAL,DEMINDCOA,INDCOA,1,2021,1
GLOBAL,DEMINDCOA,INDCOA,1,2022,1
GLOBAL,DEMINDCOA,INDCOA,1,2023,1
GLOBAL,DEMINDCOA,INDCOA,1,2024,1
GLOBAL,DEMINDCOA,INDCOA,1,2025,1
GLOBAL,DEMINDCOA,INDCOA,1,2026,1
GLOBAL,DEMINDCOA,INDCOA,1,2027,1
GLOBAL,DEMINDCOA,INDCOA,1,2028,1
GLOBAL,DEMINDCOA,INDCOA,1,2029,1
GLOBAL,DEMINDCOA,INDCOA,1,2030,1
GLOBAL,DEMINDCOA,INDCOA,1,2031,1
GLOBAL,DEMINDCOA,INDCOA,1,2032,1
GLOBAL,DEMINDCOA,INDCOA,1,2033,1
GLOBAL,DEMINDCOA,INDCOA,1,2034,1
GLOBAL,DEMINDCOA,INDCOA,1,2035,1
GLOBAL,DEMINDCOA,INDCOA,1,2036,1
GLOBAL,DEMINDCOA,INDCOA,1,2037,1
GLOBAL,DEMINDCOA,INDCOA,1,2038,1
GLOBAL,DEMINDCOA,INDCOA,1,2039,1
GLOBAL,DEMINDCOA,INDCOA,1,2040,1
GLOBAL,DEMINDCOA,INDCOA,1,2041,1
GLOBAL,DEMINDCOA,INDCOA,1,2042,1
GLOBAL,DEMINDCOA,INDCOA,1,2043,1
GLOBAL,DEMINDCOA,INDCOA,1,2044,1
GLOBAL,DEMINDCOA,INDCOA,1,2045,1
GLOBAL,DEMINDCOA,INDCOA,1,2046,1
GLOBAL,DEMINDCOA,INDCOA,1,2047,1
GLOBAL,DEMINDCOA,INDCOA,1,2048,1
GLOBAL,DEMINDCOA,INDCOA,1,2049,1
GLOBAL,DEMINDCOA,INDCOA,1,2050,1
GLOBAL,DEMINDLPG,INDLPG,1,2020,1
GLOBAL,DEMINDLPG,INDLPG,1,2021,1
GLOBAL,DEMINDLPG,INDLPG,1,2022,1
GLOBAL,DEMINDLPG,INDLPG,1,2023,1
GLOBAL,DEMINDLPG,INDLPG,1,2024,1
GLOBAL,DEMINDLPG,INDLPG,1,2025,1
GLOBAL,DEMINDLPG,INDLPG,1,2026,1
GLOBAL,DEMINDLPG,INDLPG,1,2027,1
GLOBAL,DEMINDLPG,INDLPG,1,2028,1
GLOBAL,DEMINDLPG,INDLPG,1,2029,1
GLOBAL,DEMINDLPG,INDLPG,1,2030,1
GLOBAL,DEMINDLPG,INDLPG,1,2031,1
GLOBAL,DEMINDLPG,INDLPG,1,2032,1
GLOBAL,DEMINDLPG,INDLPG,1,2033,1
GLOBAL,DEMINDLPG,INDLPG,1,2034,1
GLOBAL,DEMINDLPG,INDLPG,1,2035,1
GLOBAL,DEMINDLPG,INDLPG,1,2036,1
GLOBAL,DEMINDLPG,INDLPG,1,2037,1
GLOBAL,DEMINDLPG,INDLPG,1,2038,1
GLOBAL,DEMINDLPG,INDLPG,1,2039,1
GLOBAL,DEMINDLPG,INDLPG,1,2040,1
GLOBAL,DEMINDLPG,INDLPG,1,2041,1
GLOBAL,DEMINDLPG,INDLPG,1,2042,1
GLOBAL,DEMINDLPG,INDLPG,1,2043,1
GLOBAL,DEMINDLPG,INDLPG,1,2044,1
GLOBAL,DEMINDLPG,INDLPG,1,2045,1
GLOBAL,DEMINDLPG,INDLPG,1,2046,1
GLOBAL,DEMINDLPG,INDLPG,1,2047,1
GLOBAL,DEMINDLPG,INDLPG,1,2048,1
GLOBAL,DEMINDLPG,INDLPG,1,2049,1
GLOBAL,DEMINDLPG,INDLPG,1,2050,1
GLOBAL,DEMINDKER,INDKER,1,2020,1
GLOBAL,DEMINDKER,INDKER,1,2021,1
GLOBAL,DEMINDKER,INDKER,1,2022,1
GLOBAL,DEMINDKER,INDKER,1,2023,1
GLOBAL,DEMINDKER,INDKER,1,2024,1
GLOBAL,DEMINDKER,INDKER,1,2025,1
GLOBAL,DEMINDKER,INDKER,1,2026,1
GLOBAL,DEMINDKER,INDKER,1,2027,1
GLOBAL,DEMINDKER,INDKER,1,2028,1
GLOBAL,DEMINDKER,INDKER,1,2029,1
GLOBAL,DEMINDKER,INDKER,1,2030,1
GLOBAL,DEMINDKER,INDKER,1,2031,1
GLOBAL,DEMINDKER,INDKER,1,2032,1
GLOBAL,DEMINDKER,INDKER,1,2033,1
GLOBAL,DEMINDKER,INDKER,1,2034,1
GLOBAL,DEMINDKER,INDKER,1,2035,1
GLOBAL,DEMINDKER,INDKER,1,2036,1
GLOBAL,DEMINDKER,INDKER,1,2037,1
GLOBAL,DEMINDKER,INDKER,1,2038,1
GLOBAL,DEMINDKER,INDKER,1,2039,1
GLOBAL,DEMINDKER,INDKER,1,2040,1
GLOBAL,DEMINDKER,INDKER,1,2041,1
GLOBAL,DEMINDKER,INDKER,1,2042,1
GLOBAL,DEMINDKER,INDKER,1,2043,1
GLOBAL,DEMINDKER,INDKER,1,2044,1
GLOBAL,DEMINDKER,INDKER,1,2045,1
GLOBAL,DEMINDKER,INDKER,1,2046,1
GLOBAL,DEMINDKER,INDKER,1,2047,1
GLOBAL,DEMINDKER,INDKER,1,2048,1
GLOBAL,DEMINDKER,INDKER,1,2049,1
GLOBAL,DEMINDKER,INDKER,1,2050,1
GLOBAL,DEMINDDSL,INDDSL,1,2020,1
GLOBAL,DEMINDDSL,INDDSL,1,2021,1
GLOBAL,DEMINDDSL,INDDSL,1,2022,1
GLOBAL,DEMINDDSL,INDDSL,1,2023,1
GLOBAL,DEMINDDSL,INDDSL,1,2024,1
GLOBAL,DEMINDDSL,INDDSL,1,2025,1
GLOBAL,DEMINDDSL,INDDSL,1,2026,1
GLOBAL,DEMINDDSL,INDDSL,1,2027,1
GLOBAL,DEMINDDSL,INDDSL,1,2028,1
GLOBAL,DEMINDDSL,INDDSL,1,2029,1
GLOBAL,DEMINDDSL,INDDSL,1,2030,1
GLOBAL,DEMINDDSL,INDDSL,1,2031,1
GLOBAL,DEMINDDSL,INDDSL,1,2032,1
GLOBAL,DEMINDDSL,INDDSL,1,2033,1
GLOBAL,DEMINDDSL,INDDSL,1,2034,1
GLOBAL,DEMINDDSL,INDDSL,1,2035,1
GLOBAL,DEMINDDSL,INDDSL,1,2036,1
GLOBAL,DEMINDDSL,INDDSL,1,2037,1
GLOBAL,DEMINDDSL,INDDSL,1,2038,1
GLOBAL,DEMINDDSL,INDDSL,1,2039,1
GLOBAL,DEMINDDSL,INDDSL,1,2040,1
GLOBAL,DEMINDDSL,INDDSL,1,2041,1
GLOBAL,DEMINDDSL,INDDSL,1,2042,1
GLOBAL,DEMINDDSL,INDDSL,1,2043,1
GLOBAL,DEMINDDSL,INDDSL,1,2044,1
GLOBAL,DEMINDDSL,INDDSL,1,2045,1
GLOBAL,DEMINDDSL,INDDSL,1,2046,1
GLOBAL,DEMINDDSL,INDDSL,1,2047,1
GLOBAL,DEMINDDSL,INDDSL,1,2048,1
GLOBAL,DEMINDDSL,INDDSL,1,2049,1
GLOBAL,DEMINDDSL,INDDSL,1,2050,1
GLOBAL,DEMINDHFO,INDHFO,1,2020,1
GLOBAL,DEMINDHFO,INDHFO,1,2021,1
GLOBAL,DEMINDHFO,INDHFO,1,2022,1
GLOBAL,DEMINDHFO,INDHFO,1,2023,1
GLOBAL,DEMINDHFO,INDHFO,1,2024,1
GLOBAL,DEMINDHFO,INDHFO,1,2025,1
GLOBAL,DEMINDHFO,INDHFO,1,2026,1
GLOBAL,DEMINDHFO,INDHFO,1,2027,1
GLOBAL,DEMINDHFO,INDHFO,1,2028,1
GLOBAL,DEMINDHFO,INDHFO,1,2029,1
GLOBAL,DEMINDHFO,INDHFO,1,2030,1
GLOBAL,DEMINDHFO,INDHFO,1,2031,1
GLOBAL,DEMINDHFO,INDHFO,1,2032,1
GLOBAL,DEMINDHFO,INDHFO,1,2033,1
GLOBAL,DEMINDHFO,INDHFO,1,2034,1
GLOBAL,DEMINDHFO,INDHFO,1,2035,1
GLOBAL,DEMINDHFO,INDHFO,1,2036,1
GLOBAL,DEMINDHFO,INDHFO,1,2037,1
GLOBAL,DEMINDHFO,INDHFO,1,2038,1
GLOBAL,DEMINDHFO,INDHFO,1,2039,1
GLOBAL,DEMINDHFO,INDHFO,1,2040,1
GLOBAL,DEMINDHFO,INDHFO,1,2041,1
GLOBAL,DEMINDHFO,INDHFO,1,2042,1
GLOBAL,DEMINDHFO,INDHFO,1,2043,1
GLOBAL,DEMINDHFO,INDHFO,1,2044,1
GLOBAL,DEMINDHFO,INDHFO,1,2045,1
GLOBAL,DEMINDHFO,INDHFO,1,2046,1
GLOBAL,DEMINDHFO,INDHFO,1,2047,1
GLOBAL,DEMINDHFO,INDHFO,1,2048,1
GLOBAL,DEMINDHFO,INDHFO,1,2049,1
GLOBAL,DEMINDHFO,INDHFO,1,2050,1
GLOBAL,DEMINDBIO,INDBIO,1,2020,1
GLOBAL,DEMINDBIO,INDBIO,1,2021,1
GLOBAL,DEMINDBIO,INDBIO,1,2022,1
GLOBAL,DEMINDBIO,INDBIO,1,2023,1
GLOBAL,DEMINDBIO,INDBIO,1,2024,1
GLOBAL,DEMINDBIO,INDBIO,1,2025,1
GLOBAL,DEMINDBIO,INDBIO,1,2026,1
GLOBAL,DEMINDBIO,INDBIO,1,2027,1
GLOBAL,DEMINDBIO,INDBIO,1,2028,1
GLOBAL,DEMINDBIO,INDBIO,1,2029,1
GLOBAL,DEMINDBIO,INDBIO,1,2030,1
GLOBAL,DEMINDBIO,INDBIO,1,2031,1
GLOBAL,DEMINDBIO,INDBIO,1,2032,1
GLOBAL,DEMINDBIO,INDBIO,1,2033,1
GLOBAL,DEMINDBIO,INDBIO,1,2034,1
GLOBAL,DEMINDBIO,INDBIO,1,2035,1
GLOBAL,DEMINDBIO,INDBIO,1,2036,1
GLOBAL,DEMINDBIO,INDBIO,1,2037,1
GLOBAL,DEMINDBIO,INDBIO,1,2038,1
GLOBAL,DEMINDBIO,INDBIO,1,2039,1
GLOBAL,DEMINDBIO,INDBIO,1,2040,1
GLOBAL,DEMINDBIO,INDBIO,1,2041,1
GLOBAL,DEMINDBIO,INDBIO,1,2042,1
GLOBAL,DEMINDBIO,INDBIO,1,2043,1
GLOBAL,DEMINDBIO,INDBIO,1,2044,1
GLOBAL,DEMINDBIO,INDBIO,1,2045,1
GLOBAL,DEMINDBIO,INDBIO,1,2046,1
GLOBAL,DEMINDBIO,INDBIO,1,2047,1
GLOBAL,DEMINDBIO,INDBIO,1,2048,1
GLOBAL,DEMINDBIO,INDBIO,1,2049,1
GLOBAL,DEMINDBIO,INDBIO,1,2050,1
GLOBAL,DEMINDNGS,INDNGS,1,2020,1
GLOBAL,DEMINDNGS,INDNGS,1,2021,1
GLOBAL,DEMINDNGS,INDNGS,1,2022,1
GLOBAL,DEMINDNGS,INDNGS,1,2023,1
GLOBAL,DEMINDNGS,INDNGS,1,2024,1
GLOBAL,DEMINDNGS,INDNGS,1,2025,1
GLOBAL,DEMINDNGS,INDNGS,1,2026,1
GLOBAL,DEMINDNGS,INDNGS,1,2027,1
GLOBAL,DEMINDNGS,INDNGS,1,2028,1
GLOBAL,DEMINDNGS,INDNGS,1,2029,1
GLOBAL,DEMINDNGS,INDNGS,1,2030,1
GLOBAL,DEMINDNGS,INDNGS,1,2031,1
GLOBAL,DEMINDNGS,INDNGS,1,2032,1
GLOBAL,DEMINDNGS,INDNGS,1,2033,1
GLOBAL,DEMINDNGS,INDNGS,1,2034,1
GLOBAL,DEMINDNGS,INDNGS,1,2035,1
GLOBAL,DEMINDNGS,INDNGS,1,2036,1
GLOBAL,DEMINDNGS,INDNGS,1,2037,1
GLOBAL,DEMINDNGS,INDNGS,1,2038,1
GLOBAL,DEMINDNGS,INDNGS,1,2039,1
GLOBAL,DEMINDNGS,INDNGS,1,2040,1
GLOBAL,DEMINDNGS,INDNGS,1,2041,1
GLOBAL,DEMINDNGS,INDNGS,1,2042,1
GLOBAL,DEMINDNGS,INDNGS,1,2043,1
GLOBAL,DEMINDNGS,INDNGS,1,2044,1
GLOBAL,DEMINDNGS,INDNGS,1,2045,1
GLOBAL,DEMINDNGS,INDNGS,1,2046,1
GLOBAL,DEMINDNGS,INDNGS,1,2047,1
GLOBAL,DEMINDNGS,INDNGS,1,2048,1
GLOBAL,DEMINDNGS,INDNGS,1,2049,1
GLOBAL,DEMINDNGS,INDNGS,1,2050,1
GLOBAL,DEMINDELCFJIXX02,INDELCFJIXX02,1,2020,1
GLOBAL,DEMINDELCFJIXX02,INDELCFJIXX02,1,2021,1
GLOBAL,DEMINDELCFJIXX02,INDELCFJIXX02,1,2022,1
GLOBAL,DEMINDELCFJIXX02,INDELCFJIXX02,1,2023,1
GLOBAL,DEMINDELCFJIXX02,INDELCFJIXX02,1,2024,1
GLOBAL,DEMINDELCFJIXX02,INDELCFJIXX02,1,2025,1
GLOBAL,DEMINDELCFJIXX02,INDELCFJIXX02,1,2026,1
GLOBAL,DEMINDELCFJIXX02,INDELCFJIXX02,1,2027,1
GLOBAL,DEMINDELCFJIXX02,INDELCFJIXX02,1,2028,1
GLOBAL,DEMINDELCFJIXX02,INDELCFJIXX02,1,2029,1
GLOBAL,DEMINDELCFJIXX02,INDELCFJIXX02,1,2030,1
GLOBAL,DEMINDELCFJIXX02,INDELCFJIXX02,1,2031,1
GLOBAL,DEMINDELCFJIXX02,INDELCFJIXX02,1,2032,1
GLOBAL,DEMINDELCFJIXX02,INDELCFJIXX02,1,2033,1
GLOBAL,DEMINDELCFJIXX02,INDELCFJIXX02,1,2034,1
GLOBAL,DEMINDELCFJIXX02,INDELCFJIXX02,1,2035,1
GLOBAL,DEMINDELCFJIXX02,INDELCFJIXX02,1,2036,1
GLOBAL,DEMINDELCFJIXX02,INDELCFJIXX02,1,2037,1
GLOBAL,DEMINDELCFJIXX02,INDELCFJIXX02,1,2038,1
GLOBAL,DEMINDELCFJIXX02,INDELCFJIXX02,1,2039,1
GLOBAL,DEMINDELCFJIXX02,INDELCFJIXX02,1,2040,1
GLOBAL,DEMINDELCFJIXX02,INDELCFJIXX02,1,2041,1
GLOBAL,DEMINDELCFJIXX02,INDELCFJIXX02,1,2042,1
GLOBAL,DEMINDELCFJIXX02,INDELCFJIXX02,1,2043,1
GLOBAL,DEMINDELCFJIXX02,INDELCFJIXX02,1,2044,1
GLOBAL,DEMINDELCFJIXX02,INDELCFJIXX02,1,2045,1
GLOBAL,DEMINDELCFJIXX02,INDELCFJIXX02,1,2046,1
GLOBAL,DEMINDELCFJIXX02,INDELCFJIXX02,1,2047,1
GLOBAL,DEMINDELCFJIXX02,INDELCFJIXX02,1,2048,1
GLOBAL,DEMINDELCFJIXX02,INDELCFJIXX02,1,2049,1
GLOBAL,DEMINDELCFJIXX02,INDELCFJIXX02,1,2050,1
GLOBAL,DEMRESLPG,RESLPG,1,2020,1
GLOBAL,DEMRESLPG,RESLPG,1,2021,1
GLOBAL,DEMRESLPG,RESLPG,1,2022,1
GLOBAL,DEMRESLPG,RESLPG,1,2023,1
GLOBAL,DEMRESLPG,RESLPG,1,2024,1
GLOBAL,DEMRESLPG,RESLPG,1,2025,1
GLOBAL,DEMRESLPG,RESLPG,1,2026,1
GLOBAL,DEMRESLPG,RESLPG,1,2027,1
GLOBAL,DEMRESLPG,RESLPG,1,2028,1
GLOBAL,DEMRESLPG,RESLPG,1,2029,1
GLOBAL,DEMRESLPG,RESLPG,1,2030,1
GLOBAL,DEMRESLPG,RESLPG,1,2031,1
GLOBAL,DEMRESLPG,RESLPG,1,2032,1
GLOBAL,DEMRESLPG,RESLPG,1,2033,1
GLOBAL,DEMRESLPG,RESLPG,1,2034,1
GLOBAL,DEMRESLPG,RESLPG,1,2035,1
GLOBAL,DEMRESLPG,RESLPG,1,2036,1
GLOBAL,DEMRESLPG,RESLPG,1,2037,1
GLOBAL,DEMRESLPG,RESLPG,1,2038,1
GLOBAL,DEMRESLPG,RESLPG,1,2039,1
GLOBAL,DEMRESLPG,RESLPG,1,2040,1
GLOBAL,DEMRESLPG,RESLPG,1,2041,1
GLOBAL,DEMRESLPG,RESLPG,1,2042,1
GLOBAL,DEMRESLPG,RESLPG,1,2043,1
GLOBAL,DEMRESLPG,RESLPG,1,2044,1
GLOBAL,DEMRESLPG,RESLPG,1,2045,1
GLOBAL,DEMRESLPG,RESLPG,1,2046,1
GLOBAL,DEMRESLPG,RESLPG,1,2047,1
GLOBAL,DEMRESLPG,RESLPG,1,2048,1
GLOBAL,DEMRESLPG,RESLPG,1,2049,1
GLOBAL,DEMRESLPG,RESLPG,1,2050,1
GLOBAL,DEMRESKER,RESKER,1,2020,1
GLOBAL,DEMRESKER,RESKER,1,2021,1
GLOBAL,DEMRESKER,RESKER,1,2022,1
GLOBAL,DEMRESKER,RESKER,1,2023,1
GLOBAL,DEMRESKER,RESKER,1,2024,1
GLOBAL,DEMRESKER,RESKER,1,2025,1
GLOBAL,DEMRESKER,RESKER,1,2026,1
GLOBAL,DEMRESKER,RESKER,1,2027,1
GLOBAL,DEMRESKER,RESKER,1,2028,1
GLOBAL,DEMRESKER,RESKER,1,2029,1
GLOBAL,DEMRESKER,RESKER,1,2030,1
GLOBAL,DEMRESKER,RESKER,1,2031,1
GLOBAL,DEMRESKER,RESKER,1,2032,1
GLOBAL,DEMRESKER,RESKER,1,2033,1
GLOBAL,DEMRESKER,RESKER,1,2034,1
GLOBAL,DEMRESKER,RESKER,1,2035,1
GLOBAL,DEMRESKER,RESKER,1,2036,1
GLOBAL,DEMRESKER,RESKER,1,2037,1
GLOBAL,DEMRESKER,RESKER,1,2038,1
GLOBAL,DEMRESKER,RESKER,1,2039,1
GLOBAL,DEMRESKER,RESKER,1,2040,1
GLOBAL,DEMRESKER,RESKER,1,2041,1
GLOBAL,DEMRESKER,RESKER,1,2042,1
GLOBAL,DEMRESKER,RESKER,1,2043,1
GLOBAL,DEMRESKER,RESKER,1,2044,1
GLOBAL,DEMRESKER,RESKER,1,2045,1
GLOBAL,DEMRESKER,RESKER,1,2046,1
GLOBAL,DEMRESKER,RESKER,1,2047,1
GLOBAL,DEMRESKER,RESKER,1,2048,1
GLOBAL,DEMRESKER,RESKER,1,2049,1
GLOBAL,DEMRESKER,RESKER,1,2050,1
GLOBAL,DEMRESBIO,RESBIO,1,2020,1
GLOBAL,DEMRESBIO,RESBIO,1,2021,1
GLOBAL,DEMRESBIO,RESBIO,1,2022,1
GLOBAL,DEMRESBIO,RESBIO,1,2023,1
GLOBAL,DEMRESBIO,RESBIO,1,2024,1
GLOBAL,DEMRESBIO,RESBIO,1,2025,1
GLOBAL,DEMRESBIO,RESBIO,1,2026,1
GLOBAL,DEMRESBIO,RESBIO,1,2027,1
GLOBAL,DEMRESBIO,RESBIO,1,2028,1
GLOBAL,DEMRESBIO,RESBIO,1,2029,1
GLOBAL,DEMRESBIO,RESBIO,1,2030,1
GLOBAL,DEMRESBIO,RESBIO,1,2031,1
GLOBAL,DEMRESBIO,RESBIO,1,2032,1
GLOBAL,DEMRESBIO,RESBIO,1,2033,1
GLOBAL,DEMRESBIO,RESBIO,1,2034,1
GLOBAL,DEMRESBIO,RESBIO,1,2035,1
GLOBAL,DEMRESBIO,RESBIO,1,2036,1
GLOBAL,DEMRESBIO,RESBIO,1,2037,1
GLOBAL,DEMRESBIO,RESBIO,1,2038,1
GLOBAL,DEMRESBIO,RESBIO,1,2039,1
GLOBAL,DEMRESBIO,RESBIO,1,2040,1
GLOBAL,DEMRESBIO,RESBIO,1,2041,1
GLOBAL,DEMRESBIO,RESBIO,1,2042,1
GLOBAL,DEMRESBIO,RESBIO,1,2043,1
GLOBAL,DEMRESBIO,RESBIO,1,2044,1
GLOBAL,DEMRESBIO,RESBIO,1,2045,1
GLOBAL,DEMRESBIO,RESBIO,1,2046,1
GLOBAL,DEMRESBIO,RESBIO,1,2047,1
GLOBAL,DEMRESBIO,RESBIO,1,2048,1
GLOBAL,DEMRESBIO,RESBIO,1,2049,1
GLOBAL,DEMRESBIO,RESBIO,1,2050,1
GLOBAL,DEMRESNGS,RESNGS,1,2020,1
GLOBAL,DEMRESNGS,RESNGS,1,2021,1
GLOBAL,DEMRESNGS,RESNGS,1,2022,1
GLOBAL,DEMRESNGS,RESNGS,1,2023,1
GLOBAL,DEMRESNGS,RESNGS,1,2024,1
GLOBAL,DEMRESNGS,RESNGS,1,2025,1
GLOBAL,DEMRESNGS,RESNGS,1,2026,1
GLOBAL,DEMRESNGS,RESNGS,1,2027,1
GLOBAL,DEMRESNGS,RESNGS,1,2028,1
GLOBAL,DEMRESNGS,RESNGS,1,2029,1
GLOBAL,DEMRESNGS,RESNGS,1,2030,1
GLOBAL,DEMRESNGS,RESNGS,1,2031,1
GLOBAL,DEMRESNGS,RESNGS,1,2032,1
GLOBAL,DEMRESNGS,RESNGS,1,2033,1
GLOBAL,DEMRESNGS,RESNGS,1,2034,1
GLOBAL,DEMRESNGS,RESNGS,1,2035,1
GLOBAL,DEMRESNGS,RESNGS,1,2036,1
GLOBAL,DEMRESNGS,RESNGS,1,2037,1
GLOBAL,DEMRESNGS,RESNGS,1,2038,1
GLOBAL,DEMRESNGS,RESNGS,1,2039,1
GLOBAL,DEMRESNGS,RESNGS,1,2040,1
GLOBAL,DEMRESNGS,RESNGS,1,2041,1
GLOBAL,DEMRESNGS,RESNGS,1,2042,1
GLOBAL,DEMRESNGS,RESNGS,1,2043,1
GLOBAL,DEMRESNGS,RESNGS,1,2044,1
GLOBAL,DEMRESNGS,RESNGS,1,2045,1
GLOBAL,DEMRESNGS,RESNGS,1,2046,1
GLOBAL,DEMRESNGS,RESNGS,1,2047,1
GLOBAL,DEMRESNGS,RESNGS,1,2048,1
GLOBAL,DEMRESNGS,RESNGS,1,2049,1
GLOBAL,DEMRESNGS,RESNGS,1,2050,1
GLOBAL,DEMRESELCFJIXX02,RESELCFJIXX02,1,2020,1
GLOBAL,DEMRESELCFJIXX02,RESELCFJIXX02,1,2021,1
GLOBAL,DEMRESELCFJIXX02,RESELCFJIXX02,1,2022,1
GLOBAL,DEMRESELCFJIXX02,RESELCFJIXX02,1,2023,1
GLOBAL,DEMRESELCFJIXX02,RESELCFJIXX02,1,2024,1
GLOBAL,DEMRESELCFJIXX02,RESELCFJIXX02,1,2025,1
GLOBAL,DEMRESELCFJIXX02,RESELCFJIXX02,1,2026,1
GLOBAL,DEMRESELCFJIXX02,RESELCFJIXX02,1,2027,1
GLOBAL,DEMRESELCFJIXX02,RESELCFJIXX02,1,2028,1
GLOBAL,DEMRESELCFJIXX02,RESELCFJIXX02,1,2029,1
GLOBAL,DEMRESELCFJIXX02,RESELCFJIXX02,1,2030,1
GLOBAL,DEMRESELCFJIXX02,RESELCFJIXX02,1,2031,1
GLOBAL,DEMRESELCFJIXX02,RESELCFJIXX02,1,2032,1
GLOBAL,DEMRESELCFJIXX02,RESELCFJIXX02,1,2033,1
GLOBAL,DEMRESELCFJIXX02,RESELCFJIXX02,1,2034,1
GLOBAL,DEMRESELCFJIXX02,RESELCFJIXX02,1,2035,1
GLOBAL,DEMRESELCFJIXX02,RESELCFJIXX02,1,2036,1
GLOBAL,DEMRESELCFJIXX02,RESELCFJIXX02,1,2037,1
GLOBAL,DEMRESELCFJIXX02,RESELCFJIXX02,1,2038,1
GLOBAL,DEMRESELCFJIXX02,RESELCFJIXX02,1,2039,1
GLOBAL,DEMRESELCFJIXX02,RESELCFJIXX02,1,2040,1
GLOBAL,DEMRESELCFJIXX02,RESELCFJIXX02,1,2041,1
GLOBAL,DEMRESELCFJIXX02,RESELCFJIXX02,1,2042,1
GLOBAL,DEMRESELCFJIXX02,RESELCFJIXX02,1,2043,1
GLOBAL,DEMRESELCFJIXX02,RESELCFJIXX02,1,2044,1
GLOBAL,DEMRESELCFJIXX02,RESELCFJIXX02,1,2045,1
GLOBAL,DEMRESELCFJIXX02,RESELCFJIXX02,1,2046,1
GLOBAL,DEMRESELCFJIXX02,RESELCFJIXX02,1,2047,1
GLOBAL,DEMRESELCFJIXX02,RESELCFJIXX02,1,2048,1
GLOBAL,DEMRESELCFJIXX02,RESELCFJIXX02,1,2049,1
GLOBAL,DEMRESELCFJIXX02,RESELCFJIXX02,1,2050,1
GLOBAL,DEMTRAGSL,TRAGSL,1,2020,1
GLOBAL,DEMTRAGSL,TRAGSL,1,2021,1
GLOBAL,DEMTRAGSL,TRAGSL,1,2022,1
GLOBAL,DEMTRAGSL,TRAGSL,1,2023,1
GLOBAL,DEMTRAGSL,TRAGSL,1,2024,1
GLOBAL,DEMTRAGSL,TRAGSL,1,2025,1
GLOBAL,DEMTRAGSL,TRAGSL,1,2026,1
GLOBAL,DEMTRAGSL,TRAGSL,1,2027,1
GLOBAL,DEMTRAGSL,TRAGSL,1,2028,1
GLOBAL,DEMTRAGSL,TRAGSL,1,2029,1
GLOBAL,DEMTRAGSL,TRAGSL,1,2030,1
GLOBAL,DEMTRAGSL,TRAGSL,1,2031,1
GLOBAL,DEMTRAGSL,TRAGSL,1,2032,1
GLOBAL,DEMTRAGSL,TRAGSL,1,2033,1
GLOBAL,DEMTRAGSL,TRAGSL,1,2034,1
GLOBAL,DEMTRAGSL,TRAGSL,1,2035,1
GLOBAL,DEMTRAGSL,TRAGSL,1,2036,1
GLOBAL,DEMTRAGSL,TRAGSL,1,2037,1
GLOBAL,DEMTRAGSL,TRAGSL,1,2038,1
GLOBAL,DEMTRAGSL,TRAGSL,1,2039,1
GLOBAL,DEMTRAGSL,TRAGSL,1,2040,1
GLOBAL,DEMTRAGSL,TRAGSL,1,2041,1
GLOBAL,DEMTRAGSL,TRAGSL,1,2042,1
GLOBAL,DEMTRAGSL,TRAGSL,1,2043,1
GLOBAL,DEMTRAGSL,TRAGSL,1,2044,1
GLOBAL,DEMTRAGSL,TRAGSL,1,2045,1
GLOBAL,DEMTRAGSL,TRAGSL,1,2046,1
GLOBAL,DEMTRAGSL,TRAGSL,1,2047,1
GLOBAL,DEMTRAGSL,TRAGSL,1,2048,1
GLOBAL,DEMTRAGSL,TRAGSL,1,2049,1
GLOBAL,DEMTRAGSL,TRAGSL,1,2050,1
GLOBAL,DEMTRAKER,TRAKER,1,2020,1
GLOBAL,DEMTRAKER,TRAKER,1,2021,1
GLOBAL,DEMTRAKER,TRAKER,1,2022,1
GLOBAL,DEMTRAKER,TRAKER,1,2023,1
GLOBAL,DEMTRAKER,TRAKER,1,2024,1
GLOBAL,DEMTRAKER,TRAKER,1,2025,1
GLOBAL,DEMTRAKER,TRAKER,1,2026,1
GLOBAL,DEMTRAKER,TRAKER,1,2027,1
GLOBAL,DEMTRAKER,TRAKER,1,2028,1
GLOBAL,DEMTRAKER,TRAKER,1,2029,1
GLOBAL,DEMTRAKER,TRAKER,1,2030,1
GLOBAL,DEMTRAKER,TRAKER,1,2031,1
GLOBAL,DEMTRAKER,TRAKER,1,2032,1
GLOBAL,DEMTRAKER,TRAKER,1,2033,1
GLOBAL,DEMTRAKER,TRAKER,1,2034,1
GLOBAL,DEMTRAKER,TRAKER,1,2035,1
GLOBAL,DEMTRAKER,TRAKER,1,2036,1
GLOBAL,DEMTRAKER,TRAKER,1,2037,1
GLOBAL,DEMTRAKER,TRAKER,1,2038,1
GLOBAL,DEMTRAKER,TRAKER,1,2039,1
GLOBAL,DEMTRAKER,TRAKER,1,2040,1
GLOBAL,DEMTRAKER,TRAKER,1,2041,1
GLOBAL,DEMTRAKER,TRAKER,1,2042,1
GLOBAL,DEMTRAKER,TRAKER,1,2043,1
GLOBAL,DEMTRAKER,TRAKER,1,2044,1
GLOBAL,DEMTRAKER,TRAKER,1,2045,1
GLOBAL,DEMTRAKER,TRAKER,1,2046,1
GLOBAL,DEMTRAKER,TRAKER,1,2047,1
GLOBAL,DEMTRAKER,TRAKER,1,2048,1
GLOBAL,DEMTRAKER,TRAKER,1,2049,1
GLOBAL,DEMTRAKER,TRAKER,1,2050,1
GLOBAL,DEMTRADSL,TRADSL,1,2020,1
GLOBAL,DEMTRADSL,TRADSL,1,2021,1
GLOBAL,DEMTRADSL,TRADSL,1,2022,1
GLOBAL,DEMTRADSL,TRADSL,1,2023,1
GLOBAL,DEMTRADSL,TRADSL,1,2024,1
GLOBAL,DEMTRADSL,TRADSL,1,2025,1
GLOBAL,DEMTRADSL,TRADSL,1,2026,1
GLOBAL,DEMTRADSL,TRADSL,1,2027,1
GLOBAL,DEMTRADSL,TRADSL,1,2028,1
GLOBAL,DEMTRADSL,TRADSL,1,2029,1
GLOBAL,DEMTRADSL,TRADSL,1,2030,1
GLOBAL,DEMTRADSL,TRADSL,1,2031,1
GLOBAL,DEMTRADSL,TRADSL,1,2032,1
GLOBAL,DEMTRADSL,TRADSL,1,2033,1
GLOBAL,DEMTRADSL,TRADSL,1,2034,1
GLOBAL,DEMTRADSL,TRADSL,1,2035,1
GLOBAL,DEMTRADSL,TRADSL,1,2036,1
GLOBAL,DEMTRADSL,TRADSL,1,2037,1
GLOBAL,DEMTRADSL,TRADSL,1,2038,1
GLOBAL,DEMTRADSL,TRADSL,1,2039,1
GLOBAL,DEMTRADSL,TRADSL,1,2040,1
GLOBAL,DEMTRADSL,TRADSL,1,2041,1
GLOBAL,DEMTRADSL,TRADSL,1,2042,1
GLOBAL,DEMTRADSL,TRADSL,1,2043,1
GLOBAL,DEMTRADSL,TRADSL,1,2044,1
GLOBAL,DEMTRADSL,TRADSL,1,2045,1
GLOBAL,DEMTRADSL,TRADSL,1,2046,1
GLOBAL,DEMTRADSL,TRADSL,1,2047,1
GLOBAL,DEMTRADSL,TRADSL,1,2048,1
GLOBAL,DEMTRADSL,TRADSL,1,2049,1
GLOBAL,DEMTRADSL,TRADSL,1,2050,1
GLOBAL,DEMTRAHFO,TRAHFO,1,2020,1
GLOBAL,DEMTRAHFO,TRAHFO,1,2021,1
GLOBAL,DEMTRAHFO,TRAHFO,1,2022,1
GLOBAL,DEMTRAHFO,TRAHFO,1,2023,1
GLOBAL,DEMTRAHFO,TRAHFO,1,2024,1
GLOBAL,DEMTRAHFO,TRAHFO,1,2025,1
GLOBAL,DEMTRAHFO,TRAHFO,1,2026,1
GLOBAL,DEMTRAHFO,TRAHFO,1,2027,1
GLOBAL,DEMTRAHFO,TRAHFO,1,2028,1
GLOBAL,DEMTRAHFO,TRAHFO,1,2029,1
GLOBAL,DEMTRAHFO,TRAHFO,1,2030,1
GLOBAL,DEMTRAHFO,TRAHFO,1,2031,1
GLOBAL,DEMTRAHFO,TRAHFO,1,2032,1
GLOBAL,DEMTRAHFO,TRAHFO,1,2033,1
GLOBAL,DEMTRAHFO,TRAHFO,1,2034,1
GLOBAL,DEMTRAHFO,TRAHFO,1,2035,1
GLOBAL,DEMTRAHFO,TRAHFO,1,2036,1
GLOBAL,DEMTRAHFO,TRAHFO,1,2037,1
GLOBAL,DEMTRAHFO,TRAHFO,1,2038,1
GLOBAL,DEMTRAHFO,TRAHFO,1,2039,1
GLOBAL,DEMTRAHFO,TRAHFO,1,2040,1
GLOBAL,DEMTRAHFO,TRAHFO,1,2041,1
GLOBAL,DEMTRAHFO,TRAHFO,1,2042,1
GLOBAL,DEMTRAHFO,TRAHFO,1,2043,1
GLOBAL,DEMTRAHFO,TRAHFO,1,2044,1
GLOBAL,DEMTRAHFO,TRAHFO,1,2045,1
GLOBAL,DEMTRAHFO,TRAHFO,1,2046,1
GLOBAL,DEMTRAHFO,TRAHFO,1,2047,1
GLOBAL,DEMTRAHFO,TRAHFO,1,2048,1
GLOBAL,DEMTRAHFO,TRAHFO,1,2049,1
GLOBAL,DEMTRAHFO,TRAHFO,1,2050,1
GLOBAL,DEMTRANGS,TRANGS,1,2020,1
GLOBAL,DEMTRANGS,TRANGS,1,2021,1
GLOBAL,DEMTRANGS,TRANGS,1,2022,1
GLOBAL,DEMTRANGS,TRANGS,1,2023,1
GLOBAL,DEMTRANGS,TRANGS,1,2024,1
GLOBAL,DEMTRANGS,TRANGS,1,2025,1
GLOBAL,DEMTRANGS,TRANGS,1,2026,1
GLOBAL,DEMTRANGS,TRANGS,1,2027,1
GLOBAL,DEMTRANGS,TRANGS,1,2028,1
GLOBAL,DEMTRANGS,TRANGS,1,2029,1
GLOBAL,DEMTRANGS,TRANGS,1,2030,1
GLOBAL,DEMTRANGS,TRANGS,1,2031,1
GLOBAL,DEMTRANGS,TRANGS,1,2032,1
GLOBAL,DEMTRANGS,TRANGS,1,2033,1
GLOBAL,DEMTRANGS,TRANGS,1,2034,1
GLOBAL,DEMTRANGS,TRANGS,1,2035,1
GLOBAL,DEMTRANGS,TRANGS,1,2036,1
GLOBAL,DEMTRANGS,TRANGS,1,2037,1
GLOBAL,DEMTRANGS,TRANGS,1,2038,1
GLOBAL,DEMTRANGS,TRANGS,1,2039,1
GLOBAL,DEMTRANGS,TRANGS,1,2040,1
GLOBAL,DEMTRANGS,TRANGS,1,2041,1
GLOBAL,DEMTRANGS,TRANGS,1,2042,1
GLOBAL,DEMTRANGS,TRANGS,1,2043,1
GLOBAL,DEMTRANGS,TRANGS,1,2044,1
GLOBAL,DEMTRANGS,TRANGS,1,2045,1
GLOBAL,DEMTRANGS,TRANGS,1,2046,1
GLOBAL,DEMTRANGS,TRANGS,1,2047,1
GLOBAL,DEMTRANGS,TRANGS,1,2048,1
GLOBAL,DEMTRANGS,TRANGS,1,2049,1
GLOBAL,DEMTRANGS,TRANGS,1,2050,1
GLOBAL,DEMTRAELCFJIXX02,TRAELCFJIXX02,1,2020,1
GLOBAL,DEMTRAELCFJIXX02,TRAELCFJIXX02,1,2021,1
GLOBAL,DEMTRAELCFJIXX02,TRAELCFJIXX02,1,2022,1
GLOBAL,DEMTRAELCFJIXX02,TRAELCFJIXX02,1,2023,1
GLOBAL,DEMTRAELCFJIXX02,TRAELCFJIXX02,1,2024,1
GLOBAL,DEMTRAELCFJIXX02,TRAELCFJIXX02,1,2025,1
GLOBAL,DEMTRAELCFJIXX02,TRAELCFJIXX02,1,2026,1
GLOBAL,DEMTRAELCFJIXX02,TRAELCFJIXX02,1,2027,1
GLOBAL,DEMTRAELCFJIXX02,TRAELCFJIXX02,1,2028,1
GLOBAL,DEMTRAELCFJIXX02,TRAELCFJIXX02,1,2029,1
GLOBAL,DEMTRAELCFJIXX02,TRAELCFJIXX02,1,2030,1
GLOBAL,DEMTRAELCFJIXX02,TRAELCFJIXX02,1,2031,1
GLOBAL,DEMTRAELCFJIXX02,TRAELCFJIXX02,1,2032,1
GLOBAL,DEMTRAELCFJIXX02,TRAELCFJIXX02,1,2033,1
GLOBAL,DEMTRAELCFJIXX02,TRAELCFJIXX02,1,2034,1
GLOBAL,DEMTRAELCFJIXX02,TRAELCFJIXX02,1,2035,1
GLOBAL,DEMTRAELCFJIXX02,TRAELCFJIXX02,1,2036,1
GLOBAL,DEMTRAELCFJIXX02,TRAELCFJIXX02,1,2037,1
GLOBAL,DEMTRAELCFJIXX02,TRAELCFJIXX02,1,2038,1
GLOBAL,DEMTRAELCFJIXX02,TRAELCFJIXX02,1,2039,1
GLOBAL,DEMTRAELCFJIXX02,TRAELCFJIXX02,1,2040,1
GLOBAL,DEMTRAELCFJIXX02,TRAELCFJIXX02,1,2041,1
GLOBAL,DEMTRAELCFJIXX02,TRAELCFJIXX02,1,2042,1
GLOBAL,DEMTRAELCFJIXX02,TRAELCFJIXX02,1,2043,1
GLOBAL,DEMTRAELCFJIXX02,TRAELCFJIXX02,1,2044,1
GLOBAL,DEMTRAELCFJIXX02,TRAELCFJIXX02,1,2045,1
GLOBAL,DEMTRAELCFJIXX02,TRAELCFJIXX02,1,2046,1
GLOBAL,DEMTRAELCFJIXX02,TRAELCFJIXX02,1,2047,1
GLOBAL,DEMTRAELCFJIXX02,TRAELCFJIXX02,1,2048,1
GLOBAL,DEMTRAELCFJIXX02,TRAELCFJIXX02,1,2049,1
GLOBAL,DEMTRAELCFJIXX02,TRAELCFJIXX02,1,2050,1
GLOBAL,IMPCOA,COA,1,2020,1
GLOBAL,IMPCOA,COA,1,2021,1
GLOBAL,IMPCOA,COA,1,2022,1
GLOBAL,IMPCOA,COA,1,2023,1
GLOBAL,IMPCOA,COA,1,2024,1
GLOBAL,IMPCOA,COA,1,2025,1
GLOBAL,IMPCOA,COA,1,2026,1
GLOBAL,IMPCOA,COA,1,2027,1
GLOBAL,IMPCOA,COA,1,2028,1
GLOBAL,IMPCOA,COA,1,2029,1
GLOBAL,IMPCOA,COA,1,2030,1
GLOBAL,IMPCOA,COA,1,2031,1
GLOBAL,IMPCOA,COA,1,2032,1
GLOBAL,IMPCOA,COA,1,2033,1
GLOBAL,IMPCOA,COA,1,2034,1
GLOBAL,IMPCOA,COA,1,2035,1
GLOBAL,IMPCOA,COA,1,2036,1
GLOBAL,IMPCOA,COA,1,2037,1
GLOBAL,IMPCOA,COA,1,2038,1
GLOBAL,IMPCOA,COA,1,2039,1
GLOBAL,IMPCOA,COA,1,2040,1
GLOBAL,IMPCOA,COA,1,2041,1
GLOBAL,IMPCOA,COA,1,2042,1
GLOBAL,IMPCOA,COA,1,2043,1
GLOBAL,IMPCOA,COA,1,2044,1
GLOBAL,IMPCOA,COA,1,2045,1
GLOBAL,IMPCOA,COA,1,2046,1
GLOBAL,IMPCOA,COA,1,2047,1
GLOBAL,IMPCOA,COA,1,2048,1
GLOBAL,IMPCOA,COA,1,2049,1
GLOBAL,IMPCOA,COA,1,2050,1
GLOBAL,IMPCRU,CRU,1,2020,1
GLOBAL,IMPCRU,CRU,1,2021,1
GLOBAL,IMPCRU,CRU,1,2022,1
GLOBAL,IMPCRU,CRU,1,2023,1
GLOBAL,IMPCRU,CRU,1,2024,1
GLOBAL,IMPCRU,CRU,1,2025,1
GLOBAL,IMPCRU,CRU,1,2026,1
GLOBAL,IMPCRU,CRU,1,2027,1
GLOBAL,IMPCRU,CRU,1,2028,1
GLOBAL,IMPCRU,CRU,1,2029,1
GLOBAL,IMPCRU,CRU,1,2030,1
GLOBAL,IMPCRU,CRU,1,2031,1
GLOBAL,IMPCRU,CRU,1,2032,1
GLOBAL,IMPCRU,CRU,1,2033,1
GLOBAL,IMPCRU,CRU,1,2034,1
GLOBAL,IMPCRU,CRU,1,2035,1
GLOBAL,IMPCRU,CRU,1,2036,1
GLOBAL,IMPCRU,CRU,1,2037,1
GLOBAL,IMPCRU,CRU,1,2038,1
GLOBAL,IMPCRU,CRU,1,2039,1
GLOBAL,IMPCRU,CRU,1,2040,1
GLOBAL,IMPCRU,CRU,1,2041,1
GLOBAL,IMPCRU,CRU,1,2042,1
GLOBAL,IMPCRU,CRU,1,2043,1
GLOBAL,IMPCRU,CRU,1,2044,1
GLOBAL,IMPCRU,CRU,1,2045,1
GLOBAL,IMPCRU,CRU,1,2046,1
GLOBAL,IMPCRU,CRU,1,2047,1
GLOBAL,IMPCRU,CRU,1,2048,1
GLOBAL,IMPCRU,CRU,1,2049,1
GLOBAL,IMPCRU,CRU,1,2050,1
GLOBAL,IMPLPG,LPG,1,2020,1
GLOBAL,IMPLPG,LPG,1,2021,1
GLOBAL,IMPLPG,LPG,1,2022,1
GLOBAL,IMPLPG,LPG,1,2023,1
GLOBAL,IMPLPG,LPG,1,2024,1
GLOBAL,IMPLPG,LPG,1,2025,1
GLOBAL,IMPLPG,LPG,1,2026,1
GLOBAL,IMPLPG,LPG,1,2027,1
GLOBAL,IMPLPG,LPG,1,2028,1
GLOBAL,IMPLPG,LPG,1,2029,1
GLOBAL,IMPLPG,LPG,1,2030,1
GLOBAL,IMPLPG,LPG,1,2031,1
GLOBAL,IMPLPG,LPG,1,2032,1
GLOBAL,IMPLPG,LPG,1,2033,1
GLOBAL,IMPLPG,LPG,1,2034,1
GLOBAL,IMPLPG,LPG,1,2035,1
GLOBAL,IMPLPG,LPG,1,2036,1
GLOBAL,IMPLPG,LPG,1,2037,1
GLOBAL,IMPLPG,LPG,1,2038,1
GLOBAL,IMPLPG,LPG,1,2039,1
GLOBAL,IMPLPG,LPG,1,2040,1
GLOBAL,IMPLPG,LPG,1,2041,1
GLOBAL,IMPLPG,LPG,1,2042,1
GLOBAL,IMPLPG,LPG,1,2043,1
GLOBAL,IMPLPG,LPG,1,2044,1
GLOBAL,IMPLPG,LPG,1,2045,1
GLOBAL,IMPLPG,LPG,1,2046,1
GLOBAL,IMPLPG,LPG,1,2047,1
GLOBAL,IMPLPG,LPG,1,2048,1
GLOBAL,IMPLPG,LPG,1,2049,1
GLOBAL,IMPLPG,LPG,1,2050,1
GLOBAL,IMPGSL,GSL,1,2020,1
GLOBAL,IMPGSL,GSL,1,2021,1
GLOBAL,IMPGSL,GSL,1,2022,1
GLOBAL,IMPGSL,GSL,1,2023,1
GLOBAL,IMPGSL,GSL,1,2024,1
GLOBAL,IMPGSL,GSL,1,2025,1
GLOBAL,IMPGSL,GSL,1,2026,1
GLOBAL,IMPGSL,GSL,1,2027,1
GLOBAL,IMPGSL,GSL,1,2028,1
GLOBAL,IMPGSL,GSL,1,2029,1
GLOBAL,IMPGSL,GSL,1,2030,1
GLOBAL,IMPGSL,GSL,1,2031,1
GLOBAL,IMPGSL,GSL,1,2032,1
GLOBAL,IMPGSL,GSL,1,2033,1
GLOBAL,IMPGSL,GSL,1,2034,1
GLOBAL,IMPGSL,GSL,1,2035,1
GLOBAL,IMPGSL,GSL,1,2036,1
GLOBAL,IMPGSL,GSL,1,2037,1
GLOBAL,IMPGSL,GSL,1,2038,1
GLOBAL,IMPGSL,GSL,1,2039,1
GLOBAL,IMPGSL,GSL,1,2040,1
GLOBAL,IMPGSL,GSL,1,2041,1
GLOBAL,IMPGSL,GSL,1,2042,1
GLOBAL,IMPGSL,GSL,1,2043,1
GLOBAL,IMPGSL,GSL,1,2044,1
GLOBAL,IMPGSL,GSL,1,2045,1
GLOBAL,IMPGSL,GSL,1,2046,1
GLOBAL,IMPGSL,GSL,1,2047,1
GLOBAL,IMPGSL,GSL,1,2048,1
GLOBAL,IMPGSL,GSL,1,2049,1
GLOBAL,IMPGSL,GSL,1,2050,1
GLOBAL,IMPKER,KER,1,2020,1
GLOBAL,IMPKER,KER,1,2021,1
GLOBAL,IMPKER,KER,1,2022,1
GLOBAL,IMPKER,KER,1,2023,1
GLOBAL,IMPKER,KER,1,2024,1
GLOBAL,IMPKER,KER,1,2025,1
GLOBAL,IMPKER,KER,1,2026,1
GLOBAL,IMPKER,KER,1,2027,1
GLOBAL,IMPKER,KER,1,2028,1
GLOBAL,IMPKER,KER,1,2029,1
GLOBAL,IMPKER,KER,1,2030,1
GLOBAL,IMPKER,KER,1,2031,1
GLOBAL,IMPKER,KER,1,2032,1
GLOBAL,IMPKER,KER,1,2033,1
GLOBAL,IMPKER,KER,1,2034,1
GLOBAL,IMPKER,KER,1,2035,1
GLOBAL,IMPKER,KER,1,2036,1
GLOBAL,IMPKER,KER,1,2037,1
GLOBAL,IMPKER,KER,1,2038,1
GLOBAL,IMPKER,KER,1,2039,1
GLOBAL,IMPKER,KER,1,2040,1
GLOBAL,IMPKER,KER,1,2041,1
GLOBAL,IMPKER,KER,1,2042,1
GLOBAL,IMPKER,KER,1,2043,1
GLOBAL,IMPKER,KER,1,2044,1
GLOBAL,IMPKER,KER,1,2045,1
GLOBAL,IMPKER,KER,1,2046,1
GLOBAL,IMPKER,KER,1,2047,1
GLOBAL,IMPKER,KER,1,2048,1
GLOBAL,IMPKER,KER,1,2049,1
GLOBAL,IMPKER,KER,1,2050,1
GLOBAL,IMPDSL,DSL,1,2020,1
GLOBAL,IMPDSL,DSL,1,2021,1
GLOBAL,IMPDSL,DSL,1,2022,1
GLOBAL,IMPDSL,DSL,1,2023,1
GLOBAL,IMPDSL,DSL,1,2024,1
GLOBAL,IMPDSL,DSL,1,2025,1
GLOBAL,IMPDSL,DSL,1,2026,1
GLOBAL,IMPDSL,DSL,1,2027,1
GLOBAL,IMPDSL,DSL,1,2028,1
GLOBAL,IMPDSL,DSL,1,2029,1
GLOBAL,IMPDSL,DSL,1,2030,1
GLOBAL,IMPDSL,DSL,1,2031,1
GLOBAL,IMPDSL,DSL,1,2032,1
GLOBAL,IMPDSL,DSL,1,2033,1
GLOBAL,IMPDSL,DSL,1,2034,1
GLOBAL,IMPDSL,DSL,1,2035,1
GLOBAL,IMPDSL,DSL,1,2036,1
GLOBAL,IMPDSL,DSL,1,2037,1
GLOBAL,IMPDSL,DSL,1,2038,1
GLOBAL,IMPDSL,DSL,1,2039,1
GLOBAL,IMPDSL,DSL,1,2040,1
GLOBAL,IMPDSL,DSL,1,2041,1
GLOBAL,IMPDSL,DSL,1,2042,1
GLOBAL,IMPDSL,DSL,1,2043,1
GLOBAL,IMPDSL,DSL,1,2044,1
GLOBAL,IMPDSL,DSL,1,2045,1
GLOBAL,IMPDSL,DSL,1,2046,1
GLOBAL,IMPDSL,DSL,1,2047,1
GLOBAL,IMPDSL,DSL,1,2048,1
GLOBAL,IMPDSL,DSL,1,2049,1
GLOBAL,IMPDSL,DSL,1,2050,1
GLOBAL,IMPHFO,HFO,1,2020,1
GLOBAL,IMPHFO,HFO,1,2021,1
GLOBAL,IMPHFO,HFO,1,2022,1
GLOBAL,IMPHFO,HFO,1,2023,1
GLOBAL,IMPHFO,HFO,1,2024,1
GLOBAL,IMPHFO,HFO,1,2025,1
GLOBAL,IMPHFO,HFO,1,2026,1
GLOBAL,IMPHFO,HFO,1,2027,1
GLOBAL,IMPHFO,HFO,1,2028,1
GLOBAL,IMPHFO,HFO,1,2029,1
GLOBAL,IMPHFO,HFO,1,2030,1
GLOBAL,IMPHFO,HFO,1,2031,1
GLOBAL,IMPHFO,HFO,1,2032,1
GLOBAL,IMPHFO,HFO,1,2033,1
GLOBAL,IMPHFO,HFO,1,2034,1
GLOBAL,IMPHFO,HFO,1,2035,1
GLOBAL,IMPHFO,HFO,1,2036,1
GLOBAL,IMPHFO,HFO,1,2037,1
GLOBAL,IMPHFO,HFO,1,2038,1
GLOBAL,IMPHFO,HFO,1,2039,1
GLOBAL,IMPHFO,HFO,1,2040,1
GLOBAL,IMPHFO,HFO,1,2041,1
GLOBAL,IMPHFO,HFO,1,2042,1
GLOBAL,IMPHFO,HFO,1,2043,1
GLOBAL,IMPHFO,HFO,1,2044,1
GLOBAL,IMPHFO,HFO,1,2045,1
GLOBAL,IMPHFO,HFO,1,2046,1
GLOBAL,IMPHFO,HFO,1,2047,1
GLOBAL,IMPHFO,HFO,1,2048,1
GLOBAL,IMPHFO,HFO,1,2049,1
GLOBAL,IMPHFO,HFO,1,2050,1
GLOBAL,MINCOA,COA,1,2020,1
GLOBAL,MINCOA,COA,1,2021,1
GLOBAL,MINCOA,COA,1,2022,1
GLOBAL,MINCOA,COA,1,2023,1
GLOBAL,MINCOA,COA,1,2024,1
GLOBAL,MINCOA,COA,1,2025,1
GLOBAL,MINCOA,COA,1,2026,1
GLOBAL,MINCOA,COA,1,2027,1
GLOBAL,MINCOA,COA,1,2028,1
GLOBAL,MINCOA,COA,1,2029,1
GLOBAL,MINCOA,COA,1,2030,1
GLOBAL,MINCOA,COA,1,2031,1
GLOBAL,MINCOA,COA,1,2032,1
GLOBAL,MINCOA,COA,1,2033,1
GLOBAL,MINCOA,COA,1,2034,1
GLOBAL,MINCOA,COA,1,2035,1
GLOBAL,MINCOA,COA,1,2036,1
GLOBAL,MINCOA,COA,1,2037,1
GLOBAL,MINCOA,COA,1,2038,1
GLOBAL,MINCOA,COA,1,2039,1
GLOBAL,MINCOA,COA,1,2040,1
GLOBAL,MINCOA,COA,1,2041,1
GLOBAL,MINCOA,COA,1,2042,1
GLOBAL,MINCOA,COA,1,2043,1
GLOBAL,MINCOA,COA,1,2044,1
GLOBAL,MINCOA,COA,1,2045,1
GLOBAL,MINCOA,COA,1,2046,1
GLOBAL,MINCOA,COA,1,2047,1
GLOBAL,MINCOA,COA,1,2048,1
GLOBAL,MINCOA,COA,1,2049,1
GLOBAL,MINCOA,COA,1,2050,1
GLOBAL,MINNGS,NGS,1,2020,1
GLOBAL,MINNGS,NGS,1,2021,1
GLOBAL,MINNGS,NGS,1,2022,1
GLOBAL,MINNGS,NGS,1,2023,1
GLOBAL,MINNGS,NGS,1,2024,1
GLOBAL,MINNGS,NGS,1,2025,1
GLOBAL,MINNGS,NGS,1,2026,1
GLOBAL,MINNGS,NGS,1,2027,1
GLOBAL,MINNGS,NGS,1,2028,1
GLOBAL,MINNGS,NGS,1,2029,1
GLOBAL,MINNGS,NGS,1,2030,1
GLOBAL,MINNGS,NGS,1,2031,1
GLOBAL,MINNGS,NGS,1,2032,1
GLOBAL,MINNGS,NGS,1,2033,1
GLOBAL,MINNGS,NGS,1,2034,1
GLOBAL,MINNGS,NGS,1,2035,1
GLOBAL,MINNGS,NGS,1,2036,1
GLOBAL,MINNGS,NGS,1,2037,1
GLOBAL,MINNGS,NGS,1,2038,1
GLOBAL,MINNGS,NGS,1,2039,1
GLOBAL,MINNGS,NGS,1,2040,1
GLOBAL,MINNGS,NGS,1,2041,1
GLOBAL,MINNGS,NGS,1,2042,1
GLOBAL,MINNGS,NGS,1,2043,1
GLOBAL,MINNGS,NGS,1,2044,1
GLOBAL,MINNGS,NGS,1,2045,1
GLOBAL,MINNGS,NGS,1,2046,1
GLOBAL,MINNGS,NGS,1,2047,1
GLOBAL,MINNGS,NGS,1,2048,1
GLOBAL,MINNGS,NGS,1,2049,1
GLOBAL,MINNGS,NGS,1,2050,1
GLOBAL,MINCRU,CRU,1,2020,1
GLOBAL,MINCRU,CRU,1,2021,1
GLOBAL,MINCRU,CRU,1,2022,1
GLOBAL,MINCRU,CRU,1,2023,1
GLOBAL,MINCRU,CRU,1,2024,1
GLOBAL,MINCRU,CRU,1,2025,1
GLOBAL,MINCRU,CRU,1,2026,1
GLOBAL,MINCRU,CRU,1,2027,1
GLOBAL,MINCRU,CRU,1,2028,1
GLOBAL,MINCRU,CRU,1,2029,1
GLOBAL,MINCRU,CRU,1,2030,1
GLOBAL,MINCRU,CRU,1,2031,1
GLOBAL,MINCRU,CRU,1,2032,1
GLOBAL,MINCRU,CRU,1,2033,1
GLOBAL,MINCRU,CRU,1,2034,1
GLOBAL,MINCRU,CRU,1,2035,1
GLOBAL,MINCRU,CRU,1,2036,1
GLOBAL,MINCRU,CRU,1,2037,1
GLOBAL,MINCRU,CRU,1,2038,1
GLOBAL,MINCRU,CRU,1,2039,1
GLOBAL,MINCRU,CRU,1,2040,1
GLOBAL,MINCRU,CRU,1,2041,1
GLOBAL,MINCRU,CRU,1,2042,1
GLOBAL,MINCRU,CRU,1,2043,1
GLOBAL,MINCRU,CRU,1,2044,1
GLOBAL,MINCRU,CRU,1,2045,1
GLOBAL,MINCRU,CRU,1,2046,1
GLOBAL,MINCRU,CRU,1,2047,1
GLOBAL,MINCRU,CRU,1,2048,1
GLOBAL,MINCRU,CRU,1,2049,1
GLOBAL,MINCRU,CRU,1,2050,1
GLOBAL,RNWWND,WND,1,2020,1
GLOBAL,RNWWND,WND,1,2021,1
GLOBAL,RNWWND,WND,1,2022,1
GLOBAL,RNWWND,WND,1,2023,1
GLOBAL,RNWWND,WND,1,2024,1
GLOBAL,RNWWND,WND,1,2025,1
GLOBAL,RNWWND,WND,1,2026,1
GLOBAL,RNWWND,WND,1,2027,1
GLOBAL,RNWWND,WND,1,2028,1
GLOBAL,RNWWND,WND,1,2029,1
GLOBAL,RNWWND,WND,1,2030,1
GLOBAL,RNWWND,WND,1,2031,1
GLOBAL,RNWWND,WND,1,2032,1
GLOBAL,RNWWND,WND,1,2033,1
GLOBAL,RNWWND,WND,1,2034,1
GLOBAL,RNWWND,WND,1,2035,1
GLOBAL,RNWWND,WND,1,2036,1
GLOBAL,RNWWND,WND,1,2037,1
GLOBAL,RNWWND,WND,1,2038,1
GLOBAL,RNWWND,WND,1,2039,1
GLOBAL,RNWWND,WND,1,2040,1
GLOBAL,RNWWND,WND,1,2041,1
GLOBAL,RNWWND,WND,1,2042,1
GLOBAL,RNWWND,WND,1,2043,1
GLOBAL,RNWWND,WND,1,2044,1
GLOBAL,RNWWND,WND,1,2045,1
GLOBAL,RNWWND,WND,1,2046,1
GLOBAL,RNWWND,WND,1,2047,1
GLOBAL,RNWWND,WND,1,2048,1
GLOBAL,RNWWND,WND,1,2049,1
GLOBAL,RNWWND,WND,1,2050,1
GLOBAL,RNWHYD,HYD,1,2020,1
GLOBAL,RNWHYD,HYD,1,2021,1
GLOBAL,RNWHYD,HYD,1,2022,1
GLOBAL,RNWHYD,HYD,1,2023,1
GLOBAL,RNWHYD,HYD,1,2024,1
GLOBAL,RNWHYD,HYD,1,2025,1
GLOBAL,RNWHYD,HYD,1,2026,1
GLOBAL,RNWHYD,HYD,1,2027,1
GLOBAL,RNWHYD,HYD,1,2028,1
GLOBAL,RNWHYD,HYD,1,2029,1
GLOBAL,RNWHYD,HYD,1,2030,1
GLOBAL,RNWHYD,HYD,1,2031,1
GLOBAL,RNWHYD,HYD,1,2032,1
GLOBAL,RNWHYD,HYD,1,2033,1
GLOBAL,RNWHYD,HYD,1,2034,1
GLOBAL,RNWHYD,HYD,1,2035,1
GLOBAL,RNWHYD,HYD,1,2036,1
GLOBAL,RNWHYD,HYD,1,2037,1
GLOBAL,RNWHYD,HYD,1,2038,1
GLOBAL,RNWHYD,HYD,1,2039,1
GLOBAL,RNWHYD,HYD,1,2040,1
GLOBAL,RNWHYD,HYD,1,2041,1
GLOBAL,RNWHYD,HYD,1,2042,1
GLOBAL,RNWHYD,HYD,1,2043,1
GLOBAL,RNWHYD,HYD,1,2044,1
GLOBAL,RNWHYD,HYD,1,2045,1
GLOBAL,RNWHYD,HYD,1,2046,1
GLOBAL,RNWHYD,HYD,1,2047,1
GLOBAL,RNWHYD,HYD,1,2048,1
GLOBAL,RNWHYD,HYD,1,2049,1
GLOBAL,RNWHYD,HYD,1,2050,1
GLOBAL,RNWBIO,BIO,1,2020,1
GLOBAL,RNWBIO,BIO,1,2021,1
GLOBAL,RNWBIO,BIO,1,2022,1
GLOBAL,RNWBIO,BIO,1,2023,1
GLOBAL,RNWBIO,BIO,1,2024,1
GLOBAL,RNWBIO,BIO,1,2025,1
GLOBAL,RNWBIO,BIO,1,2026,1
GLOBAL,RNWBIO,BIO,1,2027,1
GLOBAL,RNWBIO,BIO,1,2028,1
GLOBAL,RNWBIO,BIO,1,2029,1
GLOBAL,RNWBIO,BIO,1,2030,1
GLOBAL,RNWBIO,BIO,1,2031,1
GLOBAL,RNWBIO,BIO,1,2032,1
GLOBAL,RNWBIO,BIO,1,2033,1
GLOBAL,RNWBIO,BIO,1,2034,1
GLOBAL,RNWBIO,BIO,1,2035,1
GLOBAL,RNWBIO,BIO,1,2036,1
GLOBAL,RNWBIO,BIO,1,2037,1
GLOBAL,RNWBIO,BIO,1,2038,1
GLOBAL,RNWBIO,BIO,1,2039,1
GLOBAL,RNWBIO,BIO,1,2040,1
GLOBAL,RNWBIO,BIO,1,2041,1
GLOBAL,RNWBIO,BIO,1,2042,1
GLOBAL,RNWBIO,BIO,1,2043,1
GLOBAL,RNWBIO,BIO,1,2044,1
GLOBAL,RNWBIO,BIO,1,2045,1
GLOBAL,RNWBIO,BIO,1,2046,1
GLOBAL,RNWBIO,BIO,1,2047,1
GLOBAL,RNWBIO,BIO,1,2048,1
GLOBAL,RNWBIO,BIO,1,2049,1
GLOBAL,RNWBIO,BIO,1,2050,1
GLOBAL,RNWSOL,SOL,1,2020,1
GLOBAL,RNWSOL,SOL,1,2021,1
GLOBAL,RNWSOL,SOL,1,2022,1
GLOBAL,RNWSOL,SOL,1,2023,1
GLOBAL,RNWSOL,SOL,1,2024,1
GLOBAL,RNWSOL,SOL,1,2025,1
GLOBAL,RNWSOL,SOL,1,2026,1
GLOBAL,RNWSOL,SOL,1,2027,1
GLOBAL,RNWSOL,SOL,1,2028,1
GLOBAL,RNWSOL,SOL,1,2029,1
GLOBAL,RNWSOL,SOL,1,2030,1
GLOBAL,RNWSOL,SOL,1,2031,1
GLOBAL,RNWSOL,SOL,1,2032,1
GLOBAL,RNWSOL,SOL,1,2033,1
GLOBAL,RNWSOL,SOL,1,2034,1
GLOBAL,RNWSOL,SOL,1,2035,1
GLOBAL,RNWSOL,SOL,1,2036,1
GLOBAL,RNWSOL,SOL,1,2037,1
GLOBAL,RNWSOL,SOL,1,2038,1
GLOBAL,RNWSOL,SOL,1,2039,1
GLOBAL,RNWSOL,SOL,1,2040,1
GLOBAL,RNWSOL,SOL,1,2041,1
GLOBAL,RNWSOL,SOL,1,2042,1
GLOBAL,RNWSOL,SOL,1,2043,1
GLOBAL,RNWSOL,SOL,1,2044,1
GLOBAL,RNWSOL,SOL,1,2045,1
GLOBAL,RNWSOL,SOL,1,2046,1
GLOBAL,RNWSOL,SOL,1,2047,1
GLOBAL,RNWSOL,SOL,1,2048,1
GLOBAL,RNWSOL,SOL,1,2049,1
GLOBAL,RNWSOL,SOL,1,2050,1
GLOBAL,RNWGEO,GEO,1,2020,1
GLOBAL,RNWGEO,GEO,1,2021,1
GLOBAL,RNWGEO,GEO,1,2022,1
GLOBAL,RNWGEO,GEO,1,2023,1
GLOBAL,RNWGEO,GEO,1,2024,1
GLOBAL,RNWGEO,GEO,1,2025,1
GLOBAL,RNWGEO,GEO,1,2026,1
GLOBAL,RNWGEO,GEO,1,2027,1
GLOBAL,RNWGEO,GEO,1,2028,1
GLOBAL,RNWGEO,GEO,1,2029,1
GLOBAL,RNWGEO,GEO,1,2030,1
GLOBAL,RNWGEO,GEO,1,2031,1
GLOBAL,RNWGEO,GEO,1,2032,1
GLOBAL,RNWGEO,GEO,1,2033,1
GLOBAL,RNWGEO,GEO,1,2034,1
GLOBAL,RNWGEO,GEO,1,2035,1
GLOBAL,RNWGEO,GEO,1,2036,1
GLOBAL,RNWGEO,GEO,1,2037,1
GLOBAL,RNWGEO,GEO,1,2038,1
GLOBAL,RNWGEO,GEO,1,2039,1
GLOBAL,RNWGEO,GEO,1,2040,1
GLOBAL,RNWGEO,GEO,1,2041,1
GLOBAL,RNWGEO,GEO,1,2042,1
GLOBAL,RNWGEO,GEO,1,2043,1
GLOBAL,RNWGEO,GEO,1,2044,1
GLOBAL,RNWGEO,GEO,1,2045,1
GLOBAL,RNWGEO,GEO,1,2046,1
GLOBAL,RNWGEO,GEO,1,2047,1
GLOBAL,RNWGEO,GEO,1,2048,1
GLOBAL,RNWGEO,GEO,1,2049,1
GLOBAL,RNWGEO,GEO,1,2050,1
GLOBAL,MINLNDTOT,LTOT,1,2020,1
GLOBAL,MINLNDTOT,LTOT,1,2021,1
GLOBAL,MINLNDTOT,LTOT,1,2022,1
GLOBAL,MINLNDTOT,LTOT,1,2023,1
GLOBAL,MINLNDTOT,LTOT,1,2024,1
GLOBAL,MINLNDTOT,LTOT,1,2025,1
GLOBAL,MINLNDTOT,LTOT,1,2026,1
GLOBAL,MINLNDTOT,LTOT,1,2027,1
GLOBAL,MINLNDTOT,LTOT,1,2028,1
GLOBAL,MINLNDTOT,LTOT,1,2029,1
GLOBAL,MINLNDTOT,LTOT,1,2030,1
GLOBAL,MINLNDTOT,LTOT,1,2031,1
GLOBAL,MINLNDTOT,LTOT,1,2032,1
GLOBAL,MINLNDTOT,LTOT,1,2033,1
GLOBAL,MINLNDTOT,LTOT,1,2034,1
GLOBAL,MINLNDTOT,LTOT,1,2035,1
GLOBAL,MINLNDTOT,LTOT,1,2036,1
GLOBAL,MINLNDTOT,LTOT,1,2037,1
GLOBAL,MINLNDTOT,LTOT,1,2038,1
GLOBAL,MINLNDTOT,LTOT,1,2039,1
GLOBAL,MINLNDTOT,LTOT,1,2040,1
GLOBAL,MINLNDTOT,LTOT,1,2041,1
GLOBAL,MINLNDTOT,LTOT,1,2042,1
GLOBAL,MINLNDTOT,LTOT,1,2043,1
GLOBAL,MINLNDTOT,LTOT,1,2044,1
GLOBAL,MINLNDTOT,LTOT,1,2045,1
GLOBAL,MINLNDTOT,LTOT,1,2046,1
GLOBAL,MINLNDTOT,LTOT,1,2047,1
GLOBAL,MINLNDTOT,LTOT,1,2048,1
GLOBAL,MINLNDTOT,LTOT,1,2049,1
GLOBAL,MINLNDTOT,LTOT,1,2050,1
GLOBAL,DEMAGRGWTFJI,AGRWATFJI,1,2020,1
GLOBAL,DEMAGRGWTFJI,AGRWATFJI,1,2021,1
GLOBAL,DEMAGRGWTFJI,AGRWATFJI,1,2022,1
GLOBAL,DEMAGRGWTFJI,AGRWATFJI,1,2023,1
GLOBAL,DEMAGRGWTFJI,AGRWATFJI,1,2024,1
GLOBAL,DEMAGRGWTFJI,AGRWATFJI,1,2025,1
GLOBAL,DEMAGRGWTFJI,AGRWATFJI,1,2026,1
GLOBAL,DEMAGRGWTFJI,AGRWATFJI,1,2027,1
GLOBAL,DEMAGRGWTFJI,AGRWATFJI,1,2028,1
GLOBAL,DEMAGRGWTFJI,AGRWATFJI,1,2029,1
GLOBAL,DEMAGRGWTFJI,AGRWATFJI,1,2030,1
GLOBAL,DEMAGRGWTFJI,AGRWATFJI,1,2031,1
GLOBAL,DEMAGRGWTFJI,AGRWATFJI,1,2032,1
GLOBAL,DEMAGRGWTFJI,AGRWATFJI,1,2033,1
GLOBAL,DEMAGRGWTFJI,AGRWATFJI,1,2034,1
GLOBAL,DEMAGRGWTFJI,AGRWATFJI,1,2035,1
GLOBAL,DEMAGRGWTFJI,AGRWATFJI,1,2036,1
GLOBAL,DEMAGRGWTFJI,AGRWATFJI,1,2037,1
GLOBAL,DEMAGRGWTFJI,AGRWATFJI,1,2038,1
GLOBAL,DEMAGRGWTFJI,AGRWATFJI,1,2039,1
GLOBAL,DEMAGRGWTFJI,AGRWATFJI,1,2040,1
GLOBAL,DEMAGRGWTFJI,AGRWATFJI,1,2041,1
GLOBAL,DEMAGRGWTFJI,AGRWATFJI,1,2042,1
GLOBAL,DEMAGRGWTFJI,AGRWATFJI,1,2043,1
GLOBAL,DEMAGRGWTFJI,AGRWATFJI,1,2044,1
GLOBAL,DEMAGRGWTFJI,AGRWATFJI,1,2045,1
GLOBAL,DEMAGRGWTFJI,AGRWATFJI,1,2046,1
GLOBAL,DEMAGRGWTFJI,AGRWATFJI,1,2047,1
GLOBAL,DEMAGRGWTFJI,AGRWATFJI,1,2048,1
GLOBAL,DEMAGRGWTFJI,AGRWATFJI,1,2049,1
GLOBAL,DEMAGRGWTFJI,AGRWATFJI,1,2050,1
GLOBAL,DEMAGRSURFJI,AGRWATFJI,1,2020,1
GLOBAL,DEMAGRSURFJI,AGRWATFJI,1,2021,1
GLOBAL,DEMAGRSURFJI,AGRWATFJI,1,2022,1
GLOBAL,DEMAGRSURFJI,AGRWATFJI,1,2023,1
GLOBAL,DEMAGRSURFJI,AGRWATFJI,1,2024,1
GLOBAL,DEMAGRSURFJI,AGRWATFJI,1,2025,1
GLOBAL,DEMAGRSURFJI,AGRWATFJI,1,2026,1
GLOBAL,DEMAGRSURFJI,AGRWATFJI,1,2027,1
GLOBAL,DEMAGRSURFJI,AGRWATFJI,1,2028,1
GLOBAL,DEMAGRSURFJI,AGRWATFJI,1,2029,1
GLOBAL,DEMAGRSURFJI,AGRWATFJI,1,2030,1
GLOBAL,DEMAGRSURFJI,AGRWATFJI,1,2031,1
GLOBAL,DEMAGRSURFJI,AGRWATFJI,1,2032,1
GLOBAL,DEMAGRSURFJI,AGRWATFJI,1,2033,1
GLOBAL,DEMAGRSURFJI,AGRWATFJI,1,2034,1
GLOBAL,DEMAGRSURFJI,AGRWATFJI,1,2035,1
GLOBAL,DEMAGRSURFJI,AGRWATFJI,1,2036,1
GLOBAL,DEMAGRSURFJI,AGRWATFJI,1,2037,1
GLOBAL,DEMAGRSURFJI,AGRWATFJI,1,2038,1
GLOBAL,DEMAGRSURFJI,AGRWATFJI,1,2039,1
GLOBAL,DEMAGRSURFJI,AGRWATFJI,1,2040,1
GLOBAL,DEMAGRSURFJI,AGRWATFJI,1,2041,1
GLOBAL,DEMAGRSURFJI,AGRWATFJI,1,2042,1
GLOBAL,DEMAGRSURFJI,AGRWATFJI,1,2043,1
GLOBAL,DEMAGRSURFJI,AGRWATFJI,1,2044,1
GLOBAL,DEMAGRSURFJI,AGRWATFJI,1,2045,1
GLOBAL,DEMAGRSURFJI,AGRWATFJI,1,2046,1
GLOBAL,DEMAGRSURFJI,AGRWATFJI,1,2047,1
GLOBAL,DEMAGRSURFJI,AGRWATFJI,1,2048,1
GLOBAL,DEMAGRSURFJI,AGRWATFJI,1,2049,1
GLOBAL,DEMAGRSURFJI,AGRWATFJI,1,2050,1
GLOBAL,DEMPUBSURFJI,PUBWATFJI,1,2020,1
GLOBAL,DEMPUBSURFJI,PUBWATFJI,1,2021,1
GLOBAL,DEMPUBSURFJI,PUBWATFJI,1,2022,1
GLOBAL,DEMPUBSURFJI,PUBWATFJI,1,2023,1
GLOBAL,DEMPUBSURFJI,PUBWATFJI,1,2024,1
GLOBAL,DEMPUBSURFJI,PUBWATFJI,1,2025,1
GLOBAL,DEMPUBSURFJI,PUBWATFJI,1,2026,1
GLOBAL,DEMPUBSURFJI,PUBWATFJI,1,2027,1
GLOBAL,DEMPUBSURFJI,PUBWATFJI,1,2028,1
GLOBAL,DEMPUBSURFJI,PUBWATFJI,1,2029,1
GLOBAL,DEMPUBSURFJI,PUBWATFJI,1,2030,1
GLOBAL,DEMPUBSURFJI,PUBWATFJI,1,2031,1
GLOBAL,DEMPUBSURFJI,PUBWATFJI,1,2032,1
GLOBAL,DEMPUBSURFJI,PUBWATFJI,1,2033,1
GLOBAL,DEMPUBSURFJI,PUBWATFJI,1,2034,1
GLOBAL,DEMPUBSURFJI,PUBWATFJI,1,2035,1
GLOBAL,DEMPUBSURFJI,PUBWATFJI,1,2036,1
GLOBAL,DEMPUBSURFJI,PUBWATFJI,1,2037,1
GLOBAL,DEMPUBSURFJI,PUBWATFJI,1,2038,1
GLOBAL,DEMPUBSURFJI,PUBWATFJI,1,2039,1
GLOBAL,DEMPUBSURFJI,PUBWATFJI,1,2040,1
GLOBAL,DEMPUBSURFJI,PUBWATFJI,1,2041,1
GLOBAL,DEMPUBSURFJI,PUBWATFJI,1,2042,1
GLOBAL,DEMPUBSURFJI,PUBWATFJI,1,2043,1
GLOBAL,DEMPUBSURFJI,PUBWATFJI,1,2044,1
GLOBAL,DEMPUBSURFJI,PUBWATFJI,1,2045,1
GLOBAL,DEMPUBSURFJI,PUBWATFJI,1,2046,1
GLOBAL,DEMPUBSURFJI,PUBWATFJI,1,2047,1
GLOBAL,DEMPUBSURFJI,PUBWATFJI,1,2048,1
GLOBAL,DEMPUBSURFJI,PUBWATFJI,1,2049,1
GLOBAL,DEMPUBSURFJI,PUBWATFJI,1,2050,1
GLOBAL,DEMPUBGWTFJI,PUBWATFJI,1,2020,1
GLOBAL,DEMPUBGWTFJI,PUBWATFJI,1,2021,1
GLOBAL,DEMPUBGWTFJI,PUBWATFJI,1,2022,1
GLOBAL,DEMPUBGWTFJI,PUBWATFJI,1,2023,1
GLOBAL,DEMPUBGWTFJI,PUBWATFJI,1,2024,1
GLOBAL,DEMPUBGWTFJI,PUBWATFJI,1,2025,1
GLOBAL,DEMPUBGWTFJI,PUBWATFJI,1,2026,1
GLOBAL,DEMPUBGWTFJI,PUBWATFJI,1,2027,1
GLOBAL,DEMPUBGWTFJI,PUBWATFJI,1,2028,1
GLOBAL,DEMPUBGWTFJI,PUBWATFJI,1,2029,1
GLOBAL,DEMPUBGWTFJI,PUBWATFJI,1,2030,1
GLOBAL,DEMPUBGWTFJI,PUBWATFJI,1,2031,1
GLOBAL,DEMPUBGWTFJI,PUBWATFJI,1,2032,1
GLOBAL,DEMPUBGWTFJI,PUBWATFJI,1,2033,1
GLOBAL,DEMPUBGWTFJI,PUBWATFJI,1,2034,1
GLOBAL,DEMPUBGWTFJI,PUBWATFJI,1,2035,1
GLOBAL,DEMPUBGWTFJI,PUBWATFJI,1,2036,1
GLOBAL,DEMPUBGWTFJI,PUBWATFJI,1,2037,1
GLOBAL,DEMPUBGWTFJI,PUBWATFJI,1,2038,1
GLOBAL,DEMPUBGWTFJI,PUBWATFJI,1,2039,1
GLOBAL,DEMPUBGWTFJI,PUBWATFJI,1,2040,1
GLOBAL,DEMPUBGWTFJI,PUBWATFJI,1,2041,1
GLOBAL,DEMPUBGWTFJI,PUBWATFJI,1,2042,1
GLOBAL,DEMPUBGWTFJI,PUBWATFJI,1,2043,1
GLOBAL,DEMPUBGWTFJI,PUBWATFJI,1,2044,1
GLOBAL,DEMPUBGWTFJI,PUBWATFJI,1,2045,1
GLOBAL,DEMPUBGWTFJI,PUBWATFJI,1,2046,1
GLOBAL,DEMPUBGWTFJI,PUBWATFJI,1,2047,1
GLOBAL,DEMPUBGWTFJI,PUBWATFJI,1,2048,1
GLOBAL,DEMPUBGWTFJI,PUBWATFJI,1,2049,1
GLOBAL,DEMPUBGWTFJI,PUBWATFJI,1,2050,1
GLOBAL,MINPRCFJI,WTRPRCFJI,1,2020,1
GLOBAL,MINPRCFJI,WTRPRCFJI,1,2021,1
GLOBAL,MINPRCFJI,WTRPRCFJI,1,2022,1
GLOBAL,MINPRCFJI,WTRPRCFJI,1,2023,1
GLOBAL,MINPRCFJI,WTRPRCFJI,1,2024,1
GLOBAL,MINPRCFJI,WTRPRCFJI,1,2025,1
GLOBAL,MINPRCFJI,WTRPRCFJI,1,2026,1
GLOBAL,MINPRCFJI,WTRPRCFJI,1,2027,1
GLOBAL,MINPRCFJI,WTRPRCFJI,1,2028,1
GLOBAL,MINPRCFJI,WTRPRCFJI,1,2029,1
GLOBAL,MINPRCFJI,WTRPRCFJI,1,2030,1
GLOBAL,MINPRCFJI,WTRPRCFJI,1,2031,1
GLOBAL,MINPRCFJI,WTRPRCFJI,1,2032,1
GLOBAL,MINPRCFJI,WTRPRCFJI,1,2033,1
GLOBAL,MINPRCFJI,WTRPRCFJI,1,2034,1
GLOBAL,MINPRCFJI,WTRPRCFJI,1,2035,1
GLOBAL,MINPRCFJI,WTRPRCFJI,1,2036,1
GLOBAL,MINPRCFJI,WTRPRCFJI,1,2037,1
GLOBAL,MINPRCFJI,WTRPRCFJI,1,2038,1
GLOBAL,MINPRCFJI,WTRPRCFJI,1,2039,1
GLOBAL,MINPRCFJI,WTRPRCFJI,1,2040,1
GLOBAL,MINPRCFJI,WTRPRCFJI,1,2041,1
GLOBAL,MINPRCFJI,WTRPRCFJI,1,2042,1
GLOBAL,MINPRCFJI,WTRPRCFJI,1,2043,1
GLOBAL,MINPRCFJI,WTRPRCFJI,1,2044,1
GLOBAL,MINPRCFJI,WTRPRCFJI,1,2045,1
GLOBAL,MINPRCFJI,WTRPRCFJI,1,2046,1
GLOBAL,MINPRCFJI,WTRPRCFJI,1,2047,1
GLOBAL,MINPRCFJI,WTRPRCFJI,1,2048,1
GLOBAL,MINPRCFJI,WTRPRCFJI,1,2049,1
GLOBAL,MINPRCFJI,WTRPRCFJI,1,2050,1
GLOBAL,LNDYAMLITOT,LYAMLITOT,1,2020,1
GLOBAL,LNDYAMLITOT,LYAMLITOT,1,2021,1
GLOBAL,LNDYAMLITOT,LYAMLITOT,1,2022,1
GLOBAL,LNDYAMLITOT,LYAMLITOT,1,2023,1
GLOBAL,LNDYAMLITOT,LYAMLITOT,1,2024,1
GLOBAL,LNDYAMLITOT,LYAMLITOT,1,2025,1
GLOBAL,LNDYAMLITOT,LYAMLITOT,1,2026,1
GLOBAL,LNDYAMLITOT,LYAMLITOT,1,2027,1
GLOBAL,LNDYAMLITOT,LYAMLITOT,1,2028,1
GLOBAL,LNDYAMLITOT,LYAMLITOT,1,2029,1
GLOBAL,LNDYAMLITOT,LYAMLITOT,1,2030,1
GLOBAL,LNDYAMLITOT,LYAMLITOT,1,2031,1
GLOBAL,LNDYAMLITOT,LYAMLITOT,1,2032,1
GLOBAL,LNDYAMLITOT,LYAMLITOT,1,2033,1
GLOBAL,LNDYAMLITOT,LYAMLITOT,1,2034,1
GLOBAL,LNDYAMLITOT,LYAMLITOT,1,2035,1
GLOBAL,LNDYAMLITOT,LYAMLITOT,1,2036,1
GLOBAL,LNDYAMLITOT,LYAMLITOT,1,2037,1
GLOBAL,LNDYAMLITOT,LYAMLITOT,1,2038,1
GLOBAL,LNDYAMLITOT,LYAMLITOT,1,2039,1
GLOBAL,LNDYAMLITOT,LYAMLITOT,1,2040,1
GLOBAL,LNDYAMLITOT,LYAMLITOT,1,2041,1
GLOBAL,LNDYAMLITOT,LYAMLITOT,1,2042,1
GLOBAL,LNDYAMLITOT,LYAMLITOT,1,2043,1
GLOBAL,LNDYAMLITOT,LYAMLITOT,1,2044,1
GLOBAL,LNDYAMLITOT,LYAMLITOT,1,2045,1
GLOBAL,LNDYAMLITOT,LYAMLITOT,1,2046,1
GLOBAL,LNDYAMLITOT,LYAMLITOT,1,2047,1
GLOBAL,LNDYAMLITOT,LYAMLITOT,1,2048,1
GLOBAL,LNDYAMLITOT,LYAMLITOT,1,2049,1
GLOBAL,LNDYAMLITOT,LYAMLITOT,1,2050,1
GLOBAL,LNDYAMLRTOT,LYAMLRTOT,1,2020,1
GLOBAL,LNDYAMLRTOT,LYAMLRTOT,1,2021,1
GLOBAL,LNDYAMLRTOT,LYAMLRTOT,1,2022,1
GLOBAL,LNDYAMLRTOT,LYAMLRTOT,1,2023,1
GLOBAL,LNDYAMLRTOT,LYAMLRTOT,1,2024,1
GLOBAL,LNDYAMLRTOT,LYAMLRTOT,1,2025,1
GLOBAL,LNDYAMLRTOT,LYAMLRTOT,1,2026,1
GLOBAL,LNDYAMLRTOT,LYAMLRTOT,1,2027,1
GLOBAL,LNDYAMLRTOT,LYAMLRTOT,1,2028,1
GLOBAL,LNDYAMLRTOT,LYAMLRTOT,1,2029,1
GLOBAL,LNDYAMLRTOT,LYAMLRTOT,1,2030,1
GLOBAL,LNDYAMLRTOT,LYAMLRTOT,1,2031,1
GLOBAL,LNDYAMLRTOT,LYAMLRTOT,1,2032,1
GLOBAL,LNDYAMLRTOT,LYAMLRTOT,1,2033,1
GLOBAL,LNDYAMLRTOT,LYAMLRTOT,1,2034,1
GLOBAL,LNDYAMLRTOT,LYAMLRTOT,1,2035,1
GLOBAL,LNDYAMLRTOT,LYAMLRTOT,1,2036,1
GLOBAL,LNDYAMLRTOT,LYAMLRTOT,1,2037,1
GLOBAL,LNDYAMLRTOT,LYAMLRTOT,1,2038,1
GLOBAL,LNDYAMLRTOT,LYAMLRTOT,1,2039,1
GLOBAL,LNDYAMLRTOT,LYAMLRTOT,1,2040,1
GLOBAL,LNDYAMLRTOT,LYAMLRTOT,1,2041,1
GLOBAL,LNDYAMLRTOT,LYAMLRTOT,1,2042,1
GLOBAL,LNDYAMLRTOT,LYAMLRTOT,1,2043,1
GLOBAL,LNDYAMLRTOT,LYAMLRTOT,1,2044,1
GLOBAL,LNDYAMLRTOT,LYAMLRTOT,1,2045,1
GLOBAL,LNDYAMLRTOT,LYAMLRTOT,1,2046,1
GLOBAL,LNDYAMLRTOT,LYAMLRTOT,1,2047,1
GLOBAL,LNDYAMLRTOT,LYAMLRTOT,1,2048,1
GLOBAL,LNDYAMLRTOT,LYAMLRTOT,1,2049,1
GLOBAL,LNDYAMLRTOT,LYAMLRTOT,1,2050,1
GLOBAL,LNDCONLRTOT,LCONLRTOT,1,2020,1
GLOBAL,LNDCONLRTOT,LCONLRTOT,1,2021,1
GLOBAL,LNDCONLRTOT,LCONLRTOT,1,2022,1
GLOBAL,LNDCONLRTOT,LCONLRTOT,1,2023,1
GLOBAL,LNDCONLRTOT,LCONLRTOT,1,2024,1
GLOBAL,LNDCONLRTOT,LCONLRTOT,1,2025,1
GLOBAL,LNDCONLRTOT,LCONLRTOT,1,2026,1
GLOBAL,LNDCONLRTOT,LCONLRTOT,1,2027,1
GLOBAL,LNDCONLRTOT,LCONLRTOT,1,2028,1
GLOBAL,LNDCONLRTOT,LCONLRTOT,1,2029,1
GLOBAL,LNDCONLRTOT,LCONLRTOT,1,2030,1
GLOBAL,LNDCONLRTOT,LCONLRTOT,1,2031,1
GLOBAL,LNDCONLRTOT,LCONLRTOT,1,2032,1
GLOBAL,LNDCONLRTOT,LCONLRTOT,1,2033,1
GLOBAL,LNDCONLRTOT,LCONLRTOT,1,2034,1
GLOBAL,LNDCONLRTOT,LCONLRTOT,1,2035,1
GLOBAL,LNDCONLRTOT,LCONLRTOT,1,2036,1
GLOBAL,LNDCONLRTOT,LCONLRTOT,1,2037,1
GLOBAL,LNDCONLRTOT,LCONLRTOT,1,2038,1
GLOBAL,LNDCONLRTOT,LCONLRTOT,1,2039,1
GLOBAL,LNDCONLRTOT,LCONLRTOT,1,2040,1
GLOBAL,LNDCONLRTOT,LCONLRTOT,1,2041,1
GLOBAL,LNDCONLRTOT,LCONLRTOT,1,2042,1
GLOBAL,LNDCONLRTOT,LCONLRTOT,1,2043,1
GLOBAL,LNDCONLRTOT,LCONLRTOT,1,2044,1
GLOBAL,LNDCONLRTOT,LCONLRTOT,1,2045,1
GLOBAL,LNDCONLRTOT,LCONLRTOT,1,2046,1
GLOBAL,LNDCONLRTOT,LCONLRTOT,1,2047,1
GLOBAL,LNDCONLRTOT,LCONLRTOT,1,2048,1
GLOBAL,LNDCONLRTOT,LCONLRTOT,1,2049,1
GLOBAL,LNDCONLRTOT,LCONLRTOT,1,2050,1
GLOBAL,LNDCASHITOT,LCASHITOT,1,2020,1
GLOBAL,LNDCASHITOT,LCASHITOT,1,2021,1
GLOBAL,LNDCASHITOT,LCASHITOT,1,2022,1
GLOBAL,LNDCASHITOT,LCASHITOT,1,2023,1
GLOBAL,LNDCASHITOT,LCASHITOT,1,2024,1
GLOBAL,LNDCASHITOT,LCASHITOT,1,2025,1
GLOBAL,LNDCASHITOT,LCASHITOT,1,2026,1
GLOBAL,LNDCASHITOT,LCASHITOT,1,2027,1
GLOBAL,LNDCASHITOT,LCASHITOT,1,2028,1
GLOBAL,LNDCASHITOT,LCASHITOT,1,2029,1
GLOBAL,LNDCASHITOT,LCASHITOT,1,2030,1
GLOBAL,LNDCASHITOT,LCASHITOT,1,2031,1
GLOBAL,LNDCASHITOT,LCASHITOT,1,2032,1
GLOBAL,LNDCASHITOT,LCASHITOT,1,2033,1
GLOBAL,LNDCASHITOT,LCASHITOT,1,2034,1
GLOBAL,LNDCASHITOT,LCASHITOT,1,2035,1
GLOBAL,LNDCASHITOT,LCASHITOT,1,2036,1
GLOBAL,LNDCASHITOT,LCASHITOT,1,2037,1
GLOBAL,LNDCASHITOT,LCASHITOT,1,2038,1
GLOBAL,LNDCASHITOT,LCASHITOT,1,2039,1
GLOBAL,LNDCASHITOT,LCASHITOT,1,2040,1
GLOBAL,LNDCASHITOT,LCASHITOT,1,2041,1
GLOBAL,LNDCASHITOT,LCASHITOT,1,2042,1
GLOBAL,LNDCASHITOT,LCASHITOT,1,2043,1
GLOBAL,LNDCASHITOT,LCASHITOT,1,2044,1
GLOBAL,LNDCASHITOT,LCASHITOT,1,2045,1
GLOBAL,LNDCASHITOT,LCASHITOT,1,2046,1
GLOBAL,LNDCASHITOT,LCASHITOT,1,2047,1
GLOBAL,LNDCASHITOT,LCASHITOT,1,2048,1
GLOBAL,LNDCASHITOT,LCASHITOT,1,2049,1
GLOBAL,LNDCASHITOT,LCASHITOT,1,2050,1
GLOBAL,LNDCASLRTOT,LCASLRTOT,1,2020,1
GLOBAL,LNDCASLRTOT,LCASLRTOT,1,2021,1
GLOBAL,LNDCASLRTOT,LCASLRTOT,1,2022,1
GLOBAL,LNDCASLRTOT,LCASLRTOT,1,2023,1
GLOBAL,LNDCASLRTOT,LCASLRTOT,1,2024,1
GLOBAL,LNDCASLRTOT,LCASLRTOT,1,2025,1
GLOBAL,LNDCASLRTOT,LCASLRTOT,1,2026,1
GLOBAL,LNDCASLRTOT,LCASLRTOT,1,2027,1
GLOBAL,LNDCASLRTOT,LCASLRTOT,1,2028,1
GLOBAL,LNDCASLRTOT,LCASLRTOT,1,2029,1
GLOBAL,LNDCASLRTOT,LCASLRTOT,1,2030,1
GLOBAL,LNDCASLRTOT,LCASLRTOT,1,2031,1
GLOBAL,LNDCASLRTOT,LCASLRTOT,1,2032,1
GLOBAL,LNDCASLRTOT,LCASLRTOT,1,2033,1
GLOBAL,LNDCASLRTOT,LCASLRTOT,1,2034,1
GLOBAL,LNDCASLRTOT,LCASLRTOT,1,2035,1
GLOBAL,LNDCASLRTOT,LCASLRTOT,1,2036,1
GLOBAL,LNDCASLRTOT,LCASLRTOT,1,2037,1
GLOBAL,LNDCASLRTOT,LCASLRTOT,1,2038,1
GLOBAL,LNDCASLRTOT,LCASLRTOT,1,2039,1
GLOBAL,LNDCASLRTOT,LCASLRTOT,1,2040,1
GLOBAL,LNDCASLRTOT,LCASLRTOT,1,2041,1
GLOBAL,LNDCASLRTOT,LCASLRTOT,1,2042,1
GLOBAL,LNDCASLRTOT,LCASLRTOT,1,2043,1
GLOBAL,LNDCASLRTOT,LCASLRTOT,1,2044,1
GLOBAL,LNDCASLRTOT,LCASLRTOT,1,2045,1
GLOBAL,LNDCASLRTOT,LCASLRTOT,1,2046,1
GLOBAL,LNDCASLRTOT,LCASLRTOT,1,2047,1
GLOBAL,LNDCASLRTOT,LCASLRTOT,1,2048,1
GLOBAL,LNDCASLRTOT,LCASLRTOT,1,2049,1
GLOBAL,LNDCASLRTOT,LCASLRTOT,1,2050,1
GLOBAL,LNDSGCHITOT,LSGCHITOT,1,2020,1
GLOBAL,LNDSGCHITOT,LSGCHITOT,1,2021,1
GLOBAL,LNDSGCHITOT,LSGCHITOT,1,2022,1
GLOBAL,LNDSGCHITOT,LSGCHITOT,1,2023,1
GLOBAL,LNDSGCHITOT,LSGCHITOT,1,2024,1
GLOBAL,LNDSGCHITOT,LSGCHITOT,1,2025,1
GLOBAL,LNDSGCHITOT,LSGCHITOT,1,2026,1
GLOBAL,LNDSGCHITOT,LSGCHITOT,1,2027,1
GLOBAL,LNDSGCHITOT,LSGCHITOT,1,2028,1
GLOBAL,LNDSGCHITOT,LSGCHITOT,1,2029,1
GLOBAL,LNDSGCHITOT,LSGCHITOT,1,2030,1
GLOBAL,LNDSGCHITOT,LSGCHITOT,1,2031,1
GLOBAL,LNDSGCHITOT,LSGCHITOT,1,2032,1
GLOBAL,LNDSGCHITOT,LSGCHITOT,1,2033,1
GLOBAL,LNDSGCHITOT,LSGCHITOT,1,2034,1
GLOBAL,LNDSGCHITOT,LSGCHITOT,1,2035,1
GLOBAL,LNDSGCHITOT,LSGCHITOT,1,2036,1
GLOBAL,LNDSGCHITOT,LSGCHITOT,1,2037,1
GLOBAL,LNDSGCHITOT,LSGCHITOT,1,2038,1
GLOBAL,LNDSGCHITOT,LSGCHITOT,1,2039,1
GLOBAL,LNDSGCHITOT,LSGCHITOT,1,2040,1
GLOBAL,LNDSGCHITOT,LSGCHITOT,1,2041,1
GLOBAL,LNDSGCHITOT,LSGCHITOT,1,2042,1
GLOBAL,LNDSGCHITOT,LSGCHITOT,1,2043,1
GLOBAL,LNDSGCHITOT,LSGCHITOT,1,2044,1
GLOBAL,LNDSGCHITOT,LSGCHITOT,1,2045,1
GLOBAL,LNDSGCHITOT,LSGCHITOT,1,2046,1
GLOBAL,LNDSGCHITOT,LSGCHITOT,1,2047,1
GLOBAL,LNDSGCHITOT,LSGCHITOT,1,2048,1
GLOBAL,LNDSGCHITOT,LSGCHITOT,1,2049,1
GLOBAL,LNDSGCHITOT,LSGCHITOT,1,2050,1
GLOBAL,LNDSGCLITOT,LSGCLITOT,1,2020,1
GLOBAL,LNDSGCLITOT,LSGCLITOT,1,2021,1
GLOBAL,LNDSGCLITOT,LSGCLITOT,1,2022,1
GLOBAL,LNDSGCLITOT,LSGCLITOT,1,2023,1
GLOBAL,LNDSGCLITOT,LSGCLITOT,1,2024,1
GLOBAL,LNDSGCLITOT,LSGCLITOT,1,2025,1
GLOBAL,LNDSGCLITOT,LSGCLITOT,1,2026,1
GLOBAL,LNDSGCLITOT,LSGCLITOT,1,2027,1
GLOBAL,LNDSGCLITOT,LSGCLITOT,1,2028,1
GLOBAL,LNDSGCLITOT,LSGCLITOT,1,2029,1
GLOBAL,LNDSGCLITOT,LSGCLITOT,1,2030,1
GLOBAL,LNDSGCLITOT,LSGCLITOT,1,2031,1
GLOBAL,LNDSGCLITOT,LSGCLITOT,1,2032,1
GLOBAL,LNDSGCLITOT,LSGCLITOT,1,2033,1
GLOBAL,LNDSGCLITOT,LSGCLITOT,1,2034,1
GLOBAL,LNDSGCLITOT,LSGCLITOT,1,2035,1
GLOBAL,LNDSGCLITOT,LSGCLITOT,1,2036,1
GLOBAL,LNDSGCLITOT,LSGCLITOT,1,2037,1
GLOBAL,LNDSGCLITOT,LSGCLITOT,1,2038,1
GLOBAL,LNDSGCLITOT,LSGCLITOT,1,2039,1
GLOBAL,LNDSGCLITOT,LSGCLITOT,1,2040,1
GLOBAL,LNDSGCLITOT,LSGCLITOT,1,2041,1
GLOBAL,LNDSGCLITOT,LSGCLITOT,1,2042,1
GLOBAL,LNDSGCLITOT,LSGCLITOT,1,2043,1
GLOBAL,LNDSGCLITOT,LSGCLITOT,1,2044,1
GLOBAL,LNDSGCLITOT,LSGCLITOT,1,2045,1
GLOBAL,LNDSGCLITOT,LSGCLITOT,1,2046,1
GLOBAL,LNDSGCLITOT,LSGCLITOT,1,2047,1
GLOBAL,LNDSGCLITOT,LSGCLITOT,1,2048,1
GLOBAL,LNDSGCLITOT,LSGCLITOT,1,2049,1
GLOBAL,LNDSGCLITOT,LSGCLITOT,1,2050,1
GLOBAL,LNDCONHRTOT,LCONHRTOT,1,2020,1
GLOBAL,LNDCONHRTOT,LCONHRTOT,1,2021,1
GLOBAL,LNDCONHRTOT,LCONHRTOT,1,2022,1
GLOBAL,LNDCONHRTOT,LCONHRTOT,1,2023,1
GLOBAL,LNDCONHRTOT,LCONHRTOT,1,2024,1
GLOBAL,LNDCONHRTOT,LCONHRTOT,1,2025,1
GLOBAL,LNDCONHRTOT,LCONHRTOT,1,2026,1
GLOBAL,LNDCONHRTOT,LCONHRTOT,1,2027,1
GLOBAL,LNDCONHRTOT,LCONHRTOT,1,2028,1
GLOBAL,LNDCONHRTOT,LCONHRTOT,1,2029,1
GLOBAL,LNDCONHRTOT,LCONHRTOT,1,2030,1
GLOBAL,LNDCONHRTOT,LCONHRTOT,1,2031,1
GLOBAL,LNDCONHRTOT,LCONHRTOT,1,2032,1
GLOBAL,LNDCONHRTOT,LCONHRTOT,1,2033,1
GLOBAL,LNDCONHRTOT,LCONHRTOT,1,2034,1
GLOBAL,LNDCONHRTOT,LCONHRTOT,1,2035,1
GLOBAL,LNDCONHRTOT,LCONHRTOT,1,2036,1
GLOBAL,LNDCONHRTOT,LCONHRTOT,1,2037,1
GLOBAL,LNDCONHRTOT,LCONHRTOT,1,2038,1
GLOBAL,LNDCONHRTOT,LCONHRTOT,1,2039,1
GLOBAL,LNDCONHRTOT,LCONHRTOT,1,2040,1
GLOBAL,LNDCONHRTOT,LCONHRTOT,1,2041,1
GLOBAL,LNDCONHRTOT,LCONHRTOT,1,2042,1
GLOBAL,LNDCONHRTOT,LCONHRTOT,1,2043,1
GLOBAL,LNDCONHRTOT,LCONHRTOT,1,2044,1
GLOBAL,LNDCONHRTOT,LCONHRTOT,1,2045,1
GLOBAL,LNDCONHRTOT,LCONHRTOT,1,2046,1
GLOBAL,LNDCONHRTOT,LCONHRTOT,1,2047,1
GLOBAL,LNDCONHRTOT,LCONHRTOT,1,2048,1
GLOBAL,LNDCONHRTOT,LCONHRTOT,1,2049,1
GLOBAL,LNDCONHRTOT,LCONHRTOT,1,2050,1
GLOBAL,LNDCONHITOT,LCONHITOT,1,2020,1
GLOBAL,LNDCONHITOT,LCONHITOT,1,2021,1
GLOBAL,LNDCONHITOT,LCONHITOT,1,2022,1
GLOBAL,LNDCONHITOT,LCONHITOT,1,2023,1
GLOBAL,LNDCONHITOT,LCONHITOT,1,2024,1
GLOBAL,LNDCONHITOT,LCONHITOT,1,2025,1
GLOBAL,LNDCONHITOT,LCONHITOT,1,2026,1
GLOBAL,LNDCONHITOT,LCONHITOT,1,2027,1
GLOBAL,LNDCONHITOT,LCONHITOT,1,2028,1
GLOBAL,LNDCONHITOT,LCONHITOT,1,2029,1
GLOBAL,LNDCONHITOT,LCONHITOT,1,2030,1
GLOBAL,LNDCONHITOT,LCONHITOT,1,2031,1
GLOBAL,LNDCONHITOT,LCONHITOT,1,2032,1
GLOBAL,LNDCONHITOT,LCONHITOT,1,2033,1
GLOBAL,LNDCONHITOT,LCONHITOT,1,2034,1
GLOBAL,LNDCONHITOT,LCONHITOT,1,2035,1
GLOBAL,LNDCONHITOT,LCONHITOT,1,2036,1
GLOBAL,LNDCONHITOT,LCONHITOT,1,2037,1
GLOBAL,LNDCONHITOT,LCONHITOT,1,2038,1
GLOBAL,LNDCONHITOT,LCONHITOT,1,2039,1
GLOBAL,LNDCONHITOT,LCONHITOT,1,2040,1
GLOBAL,LNDCONHITOT,LCONHITOT,1,2041,1
GLOBAL,LNDCONHITOT,LCONHITOT,1,2042,1
GLOBAL,LNDCONHITOT,LCONHITOT,1,2043,1
GLOBAL,LNDCONHITOT,LCONHITOT,1,2044,1
GLOBAL,LNDCONHITOT,LCONHITOT,1,2045,1
GLOBAL,LNDCONHITOT,LCONHITOT,1,2046,1
GLOBAL,LNDCONHITOT,LCONHITOT,1,2047,1
GLOBAL,LNDCONHITOT,LCONHITOT,1,2048,1
GLOBAL,LNDCONHITOT,LCONHITOT,1,2049,1
GLOBAL,LNDCONHITOT,LCONHITOT,1,2050,1
GLOBAL,LNDCONLITOT,LCONLITOT,1,2020,1
GLOBAL,LNDCONLITOT,LCONLITOT,1,2021,1
GLOBAL,LNDCONLITOT,LCONLITOT,1,2022,1
GLOBAL,LNDCONLITOT,LCONLITOT,1,2023,1
GLOBAL,LNDCONLITOT,LCONLITOT,1,2024,1
GLOBAL,LNDCONLITOT,LCONLITOT,1,2025,1
GLOBAL,LNDCONLITOT,LCONLITOT,1,2026,1
GLOBAL,LNDCONLITOT,LCONLITOT,1,2027,1
GLOBAL,LNDCONLITOT,LCONLITOT,1,2028,1
GLOBAL,LNDCONLITOT,LCONLITOT,1,2029,1
GLOBAL,LNDCONLITOT,LCONLITOT,1,2030,1
GLOBAL,LNDCONLITOT,LCONLITOT,1,2031,1
GLOBAL,LNDCONLITOT,LCONLITOT,1,2032,1
GLOBAL,LNDCONLITOT,LCONLITOT,1,2033,1
GLOBAL,LNDCONLITOT,LCONLITOT,1,2034,1
GLOBAL,LNDCONLITOT,LCONLITOT,1,2035,1
GLOBAL,LNDCONLITOT,LCONLITOT,1,2036,1
GLOBAL,LNDCONLITOT,LCONLITOT,1,2037,1
GLOBAL,LNDCONLITOT,LCONLITOT,1,2038,1
GLOBAL,LNDCONLITOT,LCONLITOT,1,2039,1
GLOBAL,LNDCONLITOT,LCONLITOT,1,2040,1
GLOBAL,LNDCONLITOT,LCONLITOT,1,2041,1
GLOBAL,LNDCONLITOT,LCONLITOT,1,2042,1
GLOBAL,LNDCONLITOT,LCONLITOT,1,2043,1
GLOBAL,LNDCONLITOT,LCONLITOT,1,2044,1
GLOBAL,LNDCONLITOT,LCONLITOT,1,2045,1
GLOBAL,LNDCONLITOT,LCONLITOT,1,2046,1
GLOBAL,LNDCONLITOT,LCONLITOT,1,2047,1
GLOBAL,LNDCONLITOT,LCONLITOT,1,2048,1
GLOBAL,LNDCONLITOT,LCONLITOT,1,2049,1
GLOBAL,LNDCONLITOT,LCONLITOT,1,2050,1
GLOBAL,LNDCASHRTOT,LCASHRTOT,1,2020,1
GLOBAL,LNDCASHRTOT,LCASHRTOT,1,2021,1
GLOBAL,LNDCASHRTOT,LCASHRTOT,1,2022,1
GLOBAL,LNDCASHRTOT,LCASHRTOT,1,2023,1
GLOBAL,LNDCASHRTOT,LCASHRTOT,1,2024,1
GLOBAL,LNDCASHRTOT,LCASHRTOT,1,2025,1
GLOBAL,LNDCASHRTOT,LCASHRTOT,1,2026,1
GLOBAL,LNDCASHRTOT,LCASHRTOT,1,2027,1
GLOBAL,LNDCASHRTOT,LCASHRTOT,1,2028,1
GLOBAL,LNDCASHRTOT,LCASHRTOT,1,2029,1
GLOBAL,LNDCASHRTOT,LCASHRTOT,1,2030,1
GLOBAL,LNDCASHRTOT,LCASHRTOT,1,2031,1
GLOBAL,LNDCASHRTOT,LCASHRTOT,1,2032,1
GLOBAL,LNDCASHRTOT,LCASHRTOT,1,2033,1
GLOBAL,LNDCASHRTOT,LCASHRTOT,1,2034,1
GLOBAL,LNDCASHRTOT,LCASHRTOT,1,2035,1
GLOBAL,LNDCASHRTOT,LCASHRTOT,1,2036,1
GLOBAL,LNDCASHRTOT,LCASHRTOT,1,2037,1
GLOBAL,LNDCASHRTOT,LCASHRTOT,1,2038,1
GLOBAL,LNDCASHRTOT,LCASHRTOT,1,2039,1
GLOBAL,LNDCASHRTOT,LCASHRTOT,1,2040,1
GLOBAL,LNDCASHRTOT,LCASHRTOT,1,2041,1
GLOBAL,LNDCASHRTOT,LCASHRTOT,1,2042,1
GLOBAL,LNDCASHRTOT,LCASHRTOT,1,2043,1
GLOBAL,LNDCASHRTOT,LCASHRTOT,1,2044,1
GLOBAL,LNDCASHRTOT,LCASHRTOT,1,2045,1
GLOBAL,LNDCASHRTOT,LCASHRTOT,1,2046,1
GLOBAL,LNDCASHRTOT,LCASHRTOT,1,2047,1
GLOBAL,LNDCASHRTOT,LCASHRTOT,1,2048,1
GLOBAL,LNDCASHRTOT,LCASHRTOT,1,2049,1
GLOBAL,LNDCASHRTOT,LCASHRTOT,1,2050,1
GLOBAL,LNDYAMHITOT,LYAMHITOT,1,2020,1
GLOBAL,LNDYAMHITOT,LYAMHITOT,1,2021,1
GLOBAL,LNDYAMHITOT,LYAMHITOT,1,2022,1
GLOBAL,LNDYAMHITOT,LYAMHITOT,1,2023,1
GLOBAL,LNDYAMHITOT,LYAMHITOT,1,2024,1
GLOBAL,LNDYAMHITOT,LYAMHITOT,1,2025,1
GLOBAL,LNDYAMHITOT,LYAMHITOT,1,2026,1
GLOBAL,LNDYAMHITOT,LYAMHITOT,1,2027,1
GLOBAL,LNDYAMHITOT,LYAMHITOT,1,2028,1
GLOBAL,LNDYAMHITOT,LYAMHITOT,1,2029,1
GLOBAL,LNDYAMHITOT,LYAMHITOT,1,2030,1
GLOBAL,LNDYAMHITOT,LYAMHITOT,1,2031,1
GLOBAL,LNDYAMHITOT,LYAMHITOT,1,2032,1
GLOBAL,LNDYAMHITOT,LYAMHITOT,1,2033,1
GLOBAL,LNDYAMHITOT,LYAMHITOT,1,2034,1
GLOBAL,LNDYAMHITOT,LYAMHITOT,1,2035,1
GLOBAL,LNDYAMHITOT,LYAMHITOT,1,2036,1
GLOBAL,LNDYAMHITOT,LYAMHITOT,1,2037,1
GLOBAL,LNDYAMHITOT,LYAMHITOT,1,2038,1
GLOBAL,LNDYAMHITOT,LYAMHITOT,1,2039,1
GLOBAL,LNDYAMHITOT,LYAMHITOT,1,2040,1
GLOBAL,LNDYAMHITOT,LYAMHITOT,1,2041,1
GLOBAL,LNDYAMHITOT,LYAMHITOT,1,2042,1
GLOBAL,LNDYAMHITOT,LYAMHITOT,1,2043,1
GLOBAL,LNDYAMHITOT,LYAMHITOT,1,2044,1
GLOBAL,LNDYAMHITOT,LYAMHITOT,1,2045,1
GLOBAL,LNDYAMHITOT,LYAMHITOT,1,2046,1
GLOBAL,LNDYAMHITOT,LYAMHITOT,1,2047,1
GLOBAL,LNDYAMHITOT,LYAMHITOT,1,2048,1
GLOBAL,LNDYAMHITOT,LYAMHITOT,1,2049,1
GLOBAL,LNDYAMHITOT,LYAMHITOT,1,2050,1
GLOBAL,LNDCASLITOT,LCASLITOT,1,2020,1
GLOBAL,LNDCASLITOT,LCASLITOT,1,2021,1
GLOBAL,LNDCASLITOT,LCASLITOT,1,2022,1
GLOBAL,LNDCASLITOT,LCASLITOT,1,2023,1
GLOBAL,LNDCASLITOT,LCASLITOT,1,2024,1
GLOBAL,LNDCASLITOT,LCASLITOT,1,2025,1
GLOBAL,LNDCASLITOT,LCASLITOT,1,2026,1
GLOBAL,LNDCASLITOT,LCASLITOT,1,2027,1
GLOBAL,LNDCASLITOT,LCASLITOT,1,2028,1
GLOBAL,LNDCASLITOT,LCASLITOT,1,2029,1
GLOBAL,LNDCASLITOT,LCASLITOT,1,2030,1
GLOBAL,LNDCASLITOT,LCASLITOT,1,2031,1
GLOBAL,LNDCASLITOT,LCASLITOT,1,2032,1
GLOBAL,LNDCASLITOT,LCASLITOT,1,2033,1
GLOBAL,LNDCASLITOT,LCASLITOT,1,2034,1
GLOBAL,LNDCASLITOT,LCASLITOT,1,2035,1
GLOBAL,LNDCASLITOT,LCASLITOT,1,2036,1
GLOBAL,LNDCASLITOT,LCASLITOT,1,2037,1
GLOBAL,LNDCASLITOT,LCASLITOT,1,2038,1
GLOBAL,LNDCASLITOT,LCASLITOT,1,2039,1
GLOBAL,LNDCASLITOT,LCASLITOT,1,2040,1
GLOBAL,LNDCASLITOT,LCASLITOT,1,2041,1
GLOBAL,LNDCASLITOT,LCASLITOT,1,2042,1
GLOBAL,LNDCASLITOT,LCASLITOT,1,2043,1
GLOBAL,LNDCASLITOT,LCASLITOT,1,2044,1
GLOBAL,LNDCASLITOT,LCASLITOT,1,2045,1
GLOBAL,LNDCASLITOT,LCASLITOT,1,2046,1
GLOBAL,LNDCASLITOT,LCASLITOT,1,2047,1
GLOBAL,LNDCASLITOT,LCASLITOT,1,2048,1
GLOBAL,LNDCASLITOT,LCASLITOT,1,2049,1
GLOBAL,LNDCASLITOT,LCASLITOT,1,2050,1
GLOBAL,LNDYAMHRTOT,LYAMHRTOT,1,2020,1
GLOBAL,LNDYAMHRTOT,LYAMHRTOT,1,2021,1
GLOBAL,LNDYAMHRTOT,LYAMHRTOT,1,2022,1
GLOBAL,LNDYAMHRTOT,LYAMHRTOT,1,2023,1
GLOBAL,LNDYAMHRTOT,LYAMHRTOT,1,2024,1
GLOBAL,LNDYAMHRTOT,LYAMHRTOT,1,2025,1
GLOBAL,LNDYAMHRTOT,LYAMHRTOT,1,2026,1
GLOBAL,LNDYAMHRTOT,LYAMHRTOT,1,2027,1
GLOBAL,LNDYAMHRTOT,LYAMHRTOT,1,2028,1
GLOBAL,LNDYAMHRTOT,LYAMHRTOT,1,2029,1
GLOBAL,LNDYAMHRTOT,LYAMHRTOT,1,2030,1
GLOBAL,LNDYAMHRTOT,LYAMHRTOT,1,2031,1
GLOBAL,LNDYAMHRTOT,LYAMHRTOT,1,2032,1
GLOBAL,LNDYAMHRTOT,LYAMHRTOT,1,2033,1
GLOBAL,LNDYAMHRTOT,LYAMHRTOT,1,2034,1
GLOBAL,LNDYAMHRTOT,LYAMHRTOT,1,2035,1
GLOBAL,LNDYAMHRTOT,LYAMHRTOT,1,2036,1
GLOBAL,LNDYAMHRTOT,LYAMHRTOT,1,2037,1
GLOBAL,LNDYAMHRTOT,LYAMHRTOT,1,2038,1
GLOBAL,LNDYAMHRTOT,LYAMHRTOT,1,2039,1
GLOBAL,LNDYAMHRTOT,LYAMHRTOT,1,2040,1
GLOBAL,LNDYAMHRTOT,LYAMHRTOT,1,2041,1
GLOBAL,LNDYAMHRTOT,LYAMHRTOT,1,2042,1
GLOBAL,LNDYAMHRTOT,LYAMHRTOT,1,2043,1
GLOBAL,LNDYAMHRTOT,LYAMHRTOT,1,2044,1
GLOBAL,LNDYAMHRTOT,LYAMHRTOT,1,2045,1
GLOBAL,LNDYAMHRTOT,LYAMHRTOT,1,2046,1
GLOBAL,LNDYAMHRTOT,LYAMHRTOT,1,2047,1
GLOBAL,LNDYAMHRTOT,LYAMHRTOT,1,2048,1
GLOBAL,LNDYAMHRTOT,LYAMHRTOT,1,2049,1
GLOBAL,LNDYAMHRTOT,LYAMHRTOT,1,2050,1
GLOBAL,LNDSGCHRTOT,LSGCHRTOT,1,2020,1
GLOBAL,LNDSGCHRTOT,LSGCHRTOT,1,2021,1
GLOBAL,LNDSGCHRTOT,LSGCHRTOT,1,2022,1
GLOBAL,LNDSGCHRTOT,LSGCHRTOT,1,2023,1
GLOBAL,LNDSGCHRTOT,LSGCHRTOT,1,2024,1
GLOBAL,LNDSGCHRTOT,LSGCHRTOT,1,2025,1
GLOBAL,LNDSGCHRTOT,LSGCHRTOT,1,2026,1
GLOBAL,LNDSGCHRTOT,LSGCHRTOT,1,2027,1
GLOBAL,LNDSGCHRTOT,LSGCHRTOT,1,2028,1
GLOBAL,LNDSGCHRTOT,LSGCHRTOT,1,2029,1
GLOBAL,LNDSGCHRTOT,LSGCHRTOT,1,2030,1
GLOBAL,LNDSGCHRTOT,LSGCHRTOT,1,2031,1
GLOBAL,LNDSGCHRTOT,LSGCHRTOT,1,2032,1
GLOBAL,LNDSGCHRTOT,LSGCHRTOT,1,2033,1
GLOBAL,LNDSGCHRTOT,LSGCHRTOT,1,2034,1
GLOBAL,LNDSGCHRTOT,LSGCHRTOT,1,2035,1
GLOBAL,LNDSGCHRTOT,LSGCHRTOT,1,2036,1
GLOBAL,LNDSGCHRTOT,LSGCHRTOT,1,2037,1
GLOBAL,LNDSGCHRTOT,LSGCHRTOT,1,2038,1
GLOBAL,LNDSGCHRTOT,LSGCHRTOT,1,2039,1
GLOBAL,LNDSGCHRTOT,LSGCHRTOT,1,2040,1
GLOBAL,LNDSGCHRTOT,LSGCHRTOT,1,2041,1
GLOBAL,LNDSGCHRTOT,LSGCHRTOT,1,2042,1
GLOBAL,LNDSGCHRTOT,LSGCHRTOT,1,2043,1
GLOBAL,LNDSGCHRTOT,LSGCHRTOT,1,2044,1
GLOBAL,LNDSGCHRTOT,LSGCHRTOT,1,2045,1
GLOBAL,LNDSGCHRTOT,LSGCHRTOT,1,2046,1
GLOBAL,LNDSGCHRTOT,LSGCHRTOT,1,2047,1
GLOBAL,LNDSGCHRTOT,LSGCHRTOT,1,2048,1
GLOBAL,LNDSGCHRTOT,LSGCHRTOT,1,2049,1
GLOBAL,LNDSGCHRTOT,LSGCHRTOT,1,2050,1
GLOBAL,LNDSGCLRTOT,LSGCLRTOT,1,2020,1
GLOBAL,LNDSGCLRTOT,LSGCLRTOT,1,2021,1
GLOBAL,LNDSGCLRTOT,LSGCLRTOT,1,2022,1
GLOBAL,LNDSGCLRTOT,LSGCLRTOT,1,2023,1
GLOBAL,LNDSGCLRTOT,LSGCLRTOT,1,2024,1
GLOBAL,LNDSGCLRTOT,LSGCLRTOT,1,2025,1
GLOBAL,LNDSGCLRTOT,LSGCLRTOT,1,2026,1
GLOBAL,LNDSGCLRTOT,LSGCLRTOT,1,2027,1
GLOBAL,LNDSGCLRTOT,LSGCLRTOT,1,2028,1
GLOBAL,LNDSGCLRTOT,LSGCLRTOT,1,2029,1
GLOBAL,LNDSGCLRTOT,LSGCLRTOT,1,2030,1
GLOBAL,LNDSGCLRTOT,LSGCLRTOT,1,2031,1
GLOBAL,LNDSGCLRTOT,LSGCLRTOT,1,2032,1
GLOBAL,LNDSGCLRTOT,LSGCLRTOT,1,2033,1
GLOBAL,LNDSGCLRTOT,LSGCLRTOT,1,2034,1
GLOBAL,LNDSGCLRTOT,LSGCLRTOT,1,2035,1
GLOBAL,LNDSGCLRTOT,LSGCLRTOT,1,2036,1
GLOBAL,LNDSGCLRTOT,LSGCLRTOT,1,2037,1
GLOBAL,LNDSGCLRTOT,LSGCLRTOT,1,2038,1
GLOBAL,LNDSGCLRTOT,LSGCLRTOT,1,2039,1
GLOBAL,LNDSGCLRTOT,LSGCLRTOT,1,2040,1
GLOBAL,LNDSGCLRTOT,LSGCLRTOT,1,2041,1
GLOBAL,LNDSGCLRTOT,LSGCLRTOT,1,2042,1
GLOBAL,LNDSGCLRTOT,LSGCLRTOT,1,2043,1
GLOBAL,LNDSGCLRTOT,LSGCLRTOT,1,2044,1
GLOBAL,LNDSGCLRTOT,LSGCLRTOT,1,2045,1
GLOBAL,LNDSGCLRTOT,LSGCLRTOT,1,2046,1
GLOBAL,LNDSGCLRTOT,LSGCLRTOT,1,2047,1
GLOBAL,LNDSGCLRTOT,LSGCLRTOT,1,2048,1
GLOBAL,LNDSGCLRTOT,LSGCLRTOT,1,2049,1
GLOBAL,LNDSGCLRTOT,LSGCLRTOT,1,2050,1
GLOBAL,LNDOTHLITOT,LOTHLITOT,1,2020,1
GLOBAL,LNDOTHLITOT,LOTHLITOT,1,2021,1
GLOBAL,LNDOTHLITOT,LOTHLITOT,1,2022,1
GLOBAL,LNDOTHLITOT,LOTHLITOT,1,2023,1
GLOBAL,LNDOTHLITOT,LOTHLITOT,1,2024,1
GLOBAL,LNDOTHLITOT,LOTHLITOT,1,2025,1
GLOBAL,LNDOTHLITOT,LOTHLITOT,1,2026,1
GLOBAL,LNDOTHLITOT,LOTHLITOT,1,2027,1
GLOBAL,LNDOTHLITOT,LOTHLITOT,1,2028,1
GLOBAL,LNDOTHLITOT,LOTHLITOT,1,2029,1
GLOBAL,LNDOTHLITOT,LOTHLITOT,1,2030,1
GLOBAL,LNDOTHLITOT,LOTHLITOT,1,2031,1
GLOBAL,LNDOTHLITOT,LOTHLITOT,1,2032,1
GLOBAL,LNDOTHLITOT,LOTHLITOT,1,2033,1
GLOBAL,LNDOTHLITOT,LOTHLITOT,1,2034,1
GLOBAL,LNDOTHLITOT,LOTHLITOT,1,2035,1
GLOBAL,LNDOTHLITOT,LOTHLITOT,1,2036,1
GLOBAL,LNDOTHLITOT,LOTHLITOT,1,2037,1
GLOBAL,LNDOTHLITOT,LOTHLITOT,1,2038,1
GLOBAL,LNDOTHLITOT,LOTHLITOT,1,2039,1
GLOBAL,LNDOTHLITOT,LOTHLITOT,1,2040,1
GLOBAL,LNDOTHLITOT,LOTHLITOT,1,2041,1
GLOBAL,LNDOTHLITOT,LOTHLITOT,1,2042,1
GLOBAL,LNDOTHLITOT,LOTHLITOT,1,2043,1
GLOBAL,LNDOTHLITOT,LOTHLITOT,1,2044,1
GLOBAL,LNDOTHLITOT,LOTHLITOT,1,2045,1
GLOBAL,LNDOTHLITOT,LOTHLITOT,1,2046,1
GLOBAL,LNDOTHLITOT,LOTHLITOT,1,2047,1
GLOBAL,LNDOTHLITOT,LOTHLITOT,1,2048,1
GLOBAL,LNDOTHLITOT,LOTHLITOT,1,2049,1
GLOBAL,LNDOTHLITOT,LOTHLITOT,1,2050,1
GLOBAL,LNDOTHHITOT,LOTHHITOT,1,2020,1
GLOBAL,LNDOTHHITOT,LOTHHITOT,1,2021,1
GLOBAL,LNDOTHHITOT,LOTHHITOT,1,2022,1
GLOBAL,LNDOTHHITOT,LOTHHITOT,1,2023,1
GLOBAL,LNDOTHHITOT,LOTHHITOT,1,2024,1
GLOBAL,LNDOTHHITOT,LOTHHITOT,1,2025,1
GLOBAL,LNDOTHHITOT,LOTHHITOT,1,2026,1
GLOBAL,LNDOTHHITOT,LOTHHITOT,1,2027,1
GLOBAL,LNDOTHHITOT,LOTHHITOT,1,2028,1
GLOBAL,LNDOTHHITOT,LOTHHITOT,1,2029,1
GLOBAL,LNDOTHHITOT,LOTHHITOT,1,2030,1
GLOBAL,LNDOTHHITOT,LOTHHITOT,1,2031,1
GLOBAL,LNDOTHHITOT,LOTHHITOT,1,2032,1
GLOBAL,LNDOTHHITOT,LOTHHITOT,1,2033,1
GLOBAL,LNDOTHHITOT,LOTHHITOT,1,2034,1
GLOBAL,LNDOTHHITOT,LOTHHITOT,1,2035,1
GLOBAL,LNDOTHHITOT,LOTHHITOT,1,2036,1
GLOBAL,LNDOTHHITOT,LOTHHITOT,1,2037,1
GLOBAL,LNDOTHHITOT,LOTHHITOT,1,2038,1
GLOBAL,LNDOTHHITOT,LOTHHITOT,1,2039,1
GLOBAL,LNDOTHHITOT,LOTHHITOT,1,2040,1
GLOBAL,LNDOTHHITOT,LOTHHITOT,1,2041,1
GLOBAL,LNDOTHHITOT,LOTHHITOT,1,2042,1
GLOBAL,LNDOTHHITOT,LOTHHITOT,1,2043,1
GLOBAL,LNDOTHHITOT,LOTHHITOT,1,2044,1
GLOBAL,LNDOTHHITOT,LOTHHITOT,1,2045,1
GLOBAL,LNDOTHHITOT,LOTHHITOT,1,2046,1
GLOBAL,LNDOTHHITOT,LOTHHITOT,1,2047,1
GLOBAL,LNDOTHHITOT,LOTHHITOT,1,2048,1
GLOBAL,LNDOTHHITOT,LOTHHITOT,1,2049,1
GLOBAL,LNDOTHHITOT,LOTHHITOT,1,2050,1
GLOBAL,LNDOTHLRTOT,LOTHLRTOT,1,2020,1
GLOBAL,LNDOTHLRTOT,LOTHLRTOT,1,2021,1
GLOBAL,LNDOTHLRTOT,LOTHLRTOT,1,2022,1
GLOBAL,LNDOTHLRTOT,LOTHLRTOT,1,2023,1
GLOBAL,LNDOTHLRTOT,LOTHLRTOT,1,2024,1
GLOBAL,LNDOTHLRTOT,LOTHLRTOT,1,2025,1
GLOBAL,LNDOTHLRTOT,LOTHLRTOT,1,2026,1
GLOBAL,LNDOTHLRTOT,LOTHLRTOT,1,2027,1
GLOBAL,LNDOTHLRTOT,LOTHLRTOT,1,2028,1
GLOBAL,LNDOTHLRTOT,LOTHLRTOT,1,2029,1
GLOBAL,LNDOTHLRTOT,LOTHLRTOT,1,2030,1
GLOBAL,LNDOTHLRTOT,LOTHLRTOT,1,2031,1
GLOBAL,LNDOTHLRTOT,LOTHLRTOT,1,2032,1
GLOBAL,LNDOTHLRTOT,LOTHLRTOT,1,2033,1
GLOBAL,LNDOTHLRTOT,LOTHLRTOT,1,2034,1
GLOBAL,LNDOTHLRTOT,LOTHLRTOT,1,2035,1
GLOBAL,LNDOTHLRTOT,LOTHLRTOT,1,2036,1
GLOBAL,LNDOTHLRTOT,LOTHLRTOT,1,2037,1
GLOBAL,LNDOTHLRTOT,LOTHLRTOT,1,2038,1
GLOBAL,LNDOTHLRTOT,LOTHLRTOT,1,2039,1
GLOBAL,LNDOTHLRTOT,LOTHLRTOT,1,2040,1
GLOBAL,LNDOTHLRTOT,LOTHLRTOT,1,2041,1
GLOBAL,LNDOTHLRTOT,LOTHLRTOT,1,2042,1
GLOBAL,LNDOTHLRTOT,LOTHLRTOT,1,2043,1
GLOBAL,LNDOTHLRTOT,LOTHLRTOT,1,2044,1
GLOBAL,LNDOTHLRTOT,LOTHLRTOT,1,2045,1
GLOBAL,LNDOTHLRTOT,LOTHLRTOT,1,2046,1
GLOBAL,LNDOTHLRTOT,LOTHLRTOT,1,2047,1
GLOBAL,LNDOTHLRTOT,LOTHLRTOT,1,2048,1
GLOBAL,LNDOTHLRTOT,LOTHLRTOT,1,2049,1
GLOBAL,LNDOTHLRTOT,LOTHLRTOT,1,2050,1
GLOBAL,LNDOTHHRTOT,LOTHHRTOT,1,2020,1
GLOBAL,LNDOTHHRTOT,LOTHHRTOT,1,2021,1
GLOBAL,LNDOTHHRTOT,LOTHHRTOT,1,2022,1
GLOBAL,LNDOTHHRTOT,LOTHHRTOT,1,2023,1
GLOBAL,LNDOTHHRTOT,LOTHHRTOT,1,2024,1
GLOBAL,LNDOTHHRTOT,LOTHHRTOT,1,2025,1
GLOBAL,LNDOTHHRTOT,LOTHHRTOT,1,2026,1
GLOBAL,LNDOTHHRTOT,LOTHHRTOT,1,2027,1
GLOBAL,LNDOTHHRTOT,LOTHHRTOT,1,2028,1
GLOBAL,LNDOTHHRTOT,LOTHHRTOT,1,2029,1
GLOBAL,LNDOTHHRTOT,LOTHHRTOT,1,2030,1
GLOBAL,LNDOTHHRTOT,LOTHHRTOT,1,2031,1
GLOBAL,LNDOTHHRTOT,LOTHHRTOT,1,2032,1
GLOBAL,LNDOTHHRTOT,LOTHHRTOT,1,2033,1
GLOBAL,LNDOTHHRTOT,LOTHHRTOT,1,2034,1
GLOBAL,LNDOTHHRTOT,LOTHHRTOT,1,2035,1
GLOBAL,LNDOTHHRTOT,LOTHHRTOT,1,2036,1
GLOBAL,LNDOTHHRTOT,LOTHHRTOT,1,2037,1
GLOBAL,LNDOTHHRTOT,LOTHHRTOT,1,2038,1
GLOBAL,LNDOTHHRTOT,LOTHHRTOT,1,2039,1
GLOBAL,LNDOTHHRTOT,LOTHHRTOT,1,2040,1
GLOBAL,LNDOTHHRTOT,LOTHHRTOT,1,2041,1
GLOBAL,LNDOTHHRTOT,LOTHHRTOT,1,2042,1
GLOBAL,LNDOTHHRTOT,LOTHHRTOT,1,2043,1
GLOBAL,LNDOTHHRTOT,LOTHHRTOT,1,2044,1
GLOBAL,LNDOTHHRTOT,LOTHHRTOT,1,2045,1
GLOBAL,LNDOTHHRTOT,LOTHHRTOT,1,2046,1
GLOBAL,LNDOTHHRTOT,LOTHHRTOT,1,2047,1
GLOBAL,LNDOTHHRTOT,LOTHHRTOT,1,2048,1
GLOBAL,LNDOTHHRTOT,LOTHHRTOT,1,2049,1
GLOBAL,LNDOTHHRTOT,LOTHHRTOT,1,2050,1
GLOBAL,LNDAGRFJIC01,CRPYAM,1,2020,0.023
GLOBAL,LNDAGRFJIC01,CRPYAM,1,2021,0.023
GLOBAL,LNDAGRFJIC01,CRPYAM,1,2022,0.023
GLOBAL,LNDAGRFJIC01,CRPYAM,1,2023,0.023
GLOBAL,LNDAGRFJIC01,CRPYAM,1,2024,0.023
GLOBAL,LNDAGRFJIC01,CRPYAM,1,2025,0.023
GLOBAL,LNDAGRFJIC01,CRPYAM,1,2026,0.023
GLOBAL,LNDAGRFJIC01,CRPYAM,1,2027,0.023
GLOBAL,LNDAGRFJIC01,CRPYAM,1,2028,0.023
GLOBAL,LNDAGRFJIC01,CRPYAM,1,2029,0.023
GLOBAL,LNDAGRFJIC01,CRPYAM,1,2030,0.023
GLOBAL,LNDAGRFJIC01,CRPYAM,1,2031,0.023
GLOBAL,LNDAGRFJIC01,CRPYAM,1,2032,0.023
GLOBAL,LNDAGRFJIC01,CRPYAM,1,2033,0.023
GLOBAL,LNDAGRFJIC01,CRPYAM,1,2034,0.023
GLOBAL,LNDAGRFJIC01,CRPYAM,1,2035,0.023
GLOBAL,LNDAGRFJIC01,CRPYAM,1,2036,0.023
GLOBAL,LNDAGRFJIC01,CRPYAM,1,2037,0.023
GLOBAL,LNDAGRFJIC01,CRPYAM,1,2038,0.023
GLOBAL,LNDAGRFJIC01,CRPYAM,1,2039,0.023
GLOBAL,LNDAGRFJIC01,CRPYAM,1,2040,0.023
GLOBAL,LNDAGRFJIC01,CRPYAM,1,2041,0.023
GLOBAL,LNDAGRFJIC01,CRPYAM,1,2042,0.023
GLOBAL,LNDAGRFJIC01,CRPYAM,1,2043,0.023
GLOBAL,LNDAGRFJIC01,CRPYAM,1,2044,0.023
GLOBAL,LNDAGRFJIC01,CRPYAM,1,2045,0.023
GLOBAL,LNDAGRFJIC01,CRPYAM,1,2046,0.023
GLOBAL,LNDAGRFJIC01,CRPYAM,1,2047,0.023
GLOBAL,LNDAGRFJIC01,CRPYAM,1,2048,0.023
GLOBAL,LNDAGRFJIC01,CRPYAM,1,2049,0.023
GLOBAL,LNDAGRFJIC01,CRPYAM,1,2050,0.023
GLOBAL,LNDAGRFJIC01,WTREVTFJI,1,2020,0.058
GLOBAL,LNDAGRFJIC01,WTREVTFJI,1,2021,0.058
GLOBAL,LNDAGRFJIC01,WTREVTFJI,1,2022,0.058
GLOBAL,LNDAGRFJIC01,WTREVTFJI,1,2023,0.058
GLOBAL,LNDAGRFJIC01,WTREVTFJI,1,2024,0.058
GLOBAL,LNDAGRFJIC01,WTREVTFJI,1,2025,0.058
GLOBAL,LNDAGRFJIC01,WTREVTFJI,1,2026,0.058
GLOBAL,LNDAGRFJIC01,WTREVTFJI,1,2027,0.058
GLOBAL,LNDAGRFJIC01,WTREVTFJI,1,2028,0.058
GLOBAL,LNDAGRFJIC01,WTREVTFJI,1,2029,0.058
GLOBAL,LNDAGRFJIC01,WTREVTFJI,1,2030,0.058
GLOBAL,LNDAGRFJIC01,WTREVTFJI,1,2031,0.058
GLOBAL,LNDAGRFJIC01,WTREVTFJI,1,2032,0.058
GLOBAL,LNDAGRFJIC01,WTREVTFJI,1,2033,0.058
GLOBAL,LNDAGRFJIC01,WTREVTFJI,1,2034,0.058
GLOBAL,LNDAGRFJIC01,WTREVTFJI,1,2035,0.058
GLOBAL,LNDAGRFJIC01,WTREVTFJI,1,2036,0.058
GLOBAL,LNDAGRFJIC01,WTREVTFJI,1,2037,0.058
GLOBAL,LNDAGRFJIC01,WTREVTFJI,1,2038,0.058
GLOBAL,LNDAGRFJIC01,WTREVTFJI,1,2039,0.058
GLOBAL,LNDAGRFJIC01,WTREVTFJI,1,2040,0.058
GLOBAL,LNDAGRFJIC01,WTREVTFJI,1,2041,0.058
GLOBAL,LNDAGRFJIC01,WTREVTFJI,1,2042,0.058
GLOBAL,LNDAGRFJIC01,WTREVTFJI,1,2043,0.058
GLOBAL,LNDAGRFJIC01,WTREVTFJI,1,2044,0.058
GLOBAL,LNDAGRFJIC01,WTREVTFJI,1,2045,0.058
GLOBAL,LNDAGRFJIC01,WTREVTFJI,1,2046,0.058
GLOBAL,LNDAGRFJIC01,WTREVTFJI,1,2047,0.058
GLOBAL,LNDAGRFJIC01,WTREVTFJI,1,2048,0.058
GLOBAL,LNDAGRFJIC01,WTREVTFJI,1,2049,0.058
GLOBAL,LNDAGRFJIC01,WTREVTFJI,1,2050,0.058
GLOBAL,LNDAGRFJIC01,WTRGRCFJI,1,2020,0.13
GLOBAL,LNDAGRFJIC01,WTRGRCFJI,1,2021,0.13
GLOBAL,LNDAGRFJIC01,WTRGRCFJI,1,2022,0.13
GLOBAL,LNDAGRFJIC01,WTRGRCFJI,1,2023,0.13
GLOBAL,LNDAGRFJIC01,WTRGRCFJI,1,2024,0.13
GLOBAL,LNDAGRFJIC01,WTRGRCFJI,1,2025,0.13
GLOBAL,LNDAGRFJIC01,WTRGRCFJI,1,2026,0.13
GLOBAL,LNDAGRFJIC01,WTRGRCFJI,1,2027,0.13
GLOBAL,LNDAGRFJIC01,WTRGRCFJI,1,2028,0.13
GLOBAL,LNDAGRFJIC01,WTRGRCFJI,1,2029,0.13
GLOBAL,LNDAGRFJIC01,WTRGRCFJI,1,2030,0.13
GLOBAL,LNDAGRFJIC01,WTRGRCFJI,1,2031,0.13
GLOBAL,LNDAGRFJIC01,WTRGRCFJI,1,2032,0.13
GLOBAL,LNDAGRFJIC01,WTRGRCFJI,1,2033,0.13
GLOBAL,LNDAGRFJIC01,WTRGRCFJI,1,2034,0.13
GLOBAL,LNDAGRFJIC01,WTRGRCFJI,1,2035,0.13
GLOBAL,LNDAGRFJIC01,WTRGRCFJI,1,2036,0.13
GLOBAL,LNDAGRFJIC01,WTRGRCFJI,1,2037,0.13
GLOBAL,LNDAGRFJIC01,WTRGRCFJI,1,2038,0.13
GLOBAL,LNDAGRFJIC01,WTRGRCFJI,1,2039,0.13
GLOBAL,LNDAGRFJIC01,WTRGRCFJI,1,2040,0.13
GLOBAL,LNDAGRFJIC01,WTRGRCFJI,1,2041,0.13
GLOBAL,LNDAGRFJIC01,WTRGRCFJI,1,2042,0.13
GLOBAL,LNDAGRFJIC01,WTRGRCFJI,1,2043,0.13
GLOBAL,LNDAGRFJIC01,WTRGRCFJI,1,2044,0.13
GLOBAL,LNDAGRFJIC01,WTRGRCFJI,1,2045,0.13
GLOBAL,LNDAGRFJIC01,WTRGRCFJI,1,2046,0.13
GLOBAL,LNDAGRFJIC01,WTRGRCFJI,1,2047,0.13
GLOBAL,LNDAGRFJIC01,WTRGRCFJI,1,2048,0.13
GLOBAL,LNDAGRFJIC01,WTRGRCFJI,1,2049,0.13
GLOBAL,LNDAGRFJIC01,WTRGRCFJI,1,2050,0.13
GLOBAL,LNDAGRFJIC01,WTRSURFJI,1,2020,2.5
GLOBAL,LNDAGRFJIC01,WTRSURFJI,1,2021,2.5
GLOBAL,LNDAGRFJIC01,WTRSURFJI,1,2022,2.5
GLOBAL,LNDAGRFJIC01,WTRSURFJI,1,2023,2.5
GLOBAL,LNDAGRFJIC01,WTRSURFJI,1,2024,2.5
GLOBAL,LNDAGRFJIC01,WTRSURFJI,1,2025,2.5
GLOBAL,LNDAGRFJIC01,WTRSURFJI,1,2026,2.5
GLOBAL,LNDAGRFJIC01,WTRSURFJI,1,2027,2.5
GLOBAL,LNDAGRFJIC01,WTRSURFJI,1,2028,2.5
GLOBAL,LNDAGRFJIC01,WTRSURFJI,1,2029,2.5
GLOBAL,LNDAGRFJIC01,WTRSURFJI,1,2030,2.5
GLOBAL,LNDAGRFJIC01,WTRSURFJI,1,2031,2.5
GLOBAL,LNDAGRFJIC01,WTRSURFJI,1,2032,2.5
GLOBAL,LNDAGRFJIC01,WTRSURFJI,1,2033,2.5
GLOBAL,LNDAGRFJIC01,WTRSURFJI,1,2034,2.5
GLOBAL,LNDAGRFJIC01,WTRSURFJI,1,2035,2.5
GLOBAL,LNDAGRFJIC01,WTRSURFJI,1,2036,2.5
GLOBAL,LNDAGRFJIC01,WTRSURFJI,1,2037,2.5
GLOBAL,LNDAGRFJIC01,WTRSURFJI,1,2038,2.5
GLOBAL,LNDAGRFJIC01,WTRSURFJI,1,2039,2.5
GLOBAL,LNDAGRFJIC01,WTRSURFJI,1,2040,2.5
GLOBAL,LNDAGRFJIC01,WTRSURFJI,1,2041,2.5
GLOBAL,LNDAGRFJIC01,WTRSURFJI,1,2042,2.5
GLOBAL,LNDAGRFJIC01,WTRSURFJI,1,2043,2.5
GLOBAL,LNDAGRFJIC01,WTRSURFJI,1,2044,2.5
GLOBAL,LNDAGRFJIC01,WTRSURFJI,1,2045,2.5
GLOBAL,LNDAGRFJIC01,WTRSURFJI,1,2046,2.5
GLOBAL,LNDAGRFJIC01,WTRSURFJI,1,2047,2.5
GLOBAL,LNDAGRFJIC01,WTRSURFJI,1,2048,2.5
GLOBAL,LNDAGRFJIC01,WTRSURFJI,1,2049,2.5
GLOBAL,LNDAGRFJIC01,WTRSURFJI,1,2050,2.5
GLOBAL,LNDAGRFJIC01,CRPYAM,2,2020,0.023
GLOBAL,LNDAGRFJIC01,CRPYAM,2,2021,0.023
GLOBAL,LNDAGRFJIC01,CRPYAM,2,2022,0.023
GLOBAL,LNDAGRFJIC01,CRPYAM,2,2023,0.023
GLOBAL,LNDAGRFJIC01,CRPYAM,2,2024,0.023
GLOBAL,LNDAGRFJIC01,CRPYAM,2,2025,0.023
GLOBAL,LNDAGRFJIC01,CRPYAM,2,2026,0.023
GLOBAL,LNDAGRFJIC01,CRPYAM,2,2027,0.023
GLOBAL,LNDAGRFJIC01,CRPYAM,2,2028,0.023
GLOBAL,LNDAGRFJIC01,CRPYAM,2,2029,0.023
GLOBAL,LNDAGRFJIC01,CRPYAM,2,2030,0.023
GLOBAL,LNDAGRFJIC01,CRPYAM,2,2031,0.023
GLOBAL,LNDAGRFJIC01,CRPYAM,2,2032,0.023
GLOBAL,LNDAGRFJIC01,CRPYAM,2,2033,0.023
GLOBAL,LNDAGRFJIC01,CRPYAM,2,2034,0.023
GLOBAL,LNDAGRFJIC01,CRPYAM,2,2035,0.023
GLOBAL,LNDAGRFJIC01,CRPYAM,2,2036,0.023
GLOBAL,LNDAGRFJIC01,CRPYAM,2,2037,0.023
GLOBAL,LNDAGRFJIC01,CRPYAM,2,2038,0.023
GLOBAL,LNDAGRFJIC01,CRPYAM,2,2039,0.023
GLOBAL,LNDAGRFJIC01,CRPYAM,2,2040,0.023
GLOBAL,LNDAGRFJIC01,CRPYAM,2,2041,0.023
GLOBAL,LNDAGRFJIC01,CRPYAM,2,2042,0.023
GLOBAL,LNDAGRFJIC01,CRPYAM,2,2043,0.023
GLOBAL,LNDAGRFJIC01,CRPYAM,2,2044,0.023
GLOBAL,LNDAGRFJIC01,CRPYAM,2,2045,0.023
GLOBAL,LNDAGRFJIC01,CRPYAM,2,2046,0.023
GLOBAL,LNDAGRFJIC01,CRPYAM,2,2047,0.023
GLOBAL,LNDAGRFJIC01,CRPYAM,2,2048,0.023
GLOBAL,LNDAGRFJIC01,CRPYAM,2,2049,0.023
GLOBAL,LNDAGRFJIC01,CRPYAM,2,2050,0.023
GLOBAL,LNDAGRFJIC01,WTREVTFJI,2,2020,0.073
GLOBAL,LNDAGRFJIC01,WTREVTFJI,2,2021,0.073
GLOBAL,LNDAGRFJIC01,WTREVTFJI,2,2022,0.073
GLOBAL,LNDAGRFJIC01,WTREVTFJI,2,2023,0.073
GLOBAL,LNDAGRFJIC01,WTREVTFJI,2,2024,0.073
GLOBAL,LNDAGRFJIC01,WTREVTFJI,2,2025,0.073
GLOBAL,LNDAGRFJIC01,WTREVTFJI,2,2026,0.073
GLOBAL,LNDAGRFJIC01,WTREVTFJI,2,2027,0.073
GLOBAL,LNDAGRFJIC01,WTREVTFJI,2,2028,0.073
GLOBAL,LNDAGRFJIC01,WTREVTFJI,2,2029,0.073
GLOBAL,LNDAGRFJIC01,WTREVTFJI,2,2030,0.073
GLOBAL,LNDAGRFJIC01,WTREVTFJI,2,2031,0.073
GLOBAL,LNDAGRFJIC01,WTREVTFJI,2,2032,0.073
GLOBAL,LNDAGRFJIC01,WTREVTFJI,2,2033,0.073
GLOBAL,LNDAGRFJIC01,WTREVTFJI,2,2034,0.073
GLOBAL,LNDAGRFJIC01,WTREVTFJI,2,2035,0.073
GLOBAL,LNDAGRFJIC01,WTREVTFJI,2,2036,0.073
GLOBAL,LNDAGRFJIC01,WTREVTFJI,2,2037,0.073
GLOBAL,LNDAGRFJIC01,WTREVTFJI,2,2038,0.073
GLOBAL,LNDAGRFJIC01,WTREVTFJI,2,2039,0.073
GLOBAL,LNDAGRFJIC01,WTREVTFJI,2,2040,0.073
GLOBAL,LNDAGRFJIC01,WTREVTFJI,2,2041,0.073
GLOBAL,LNDAGRFJIC01,WTREVTFJI,2,2042,0.073
GLOBAL,LNDAGRFJIC01,WTREVTFJI,2,2043,0.073
GLOBAL,LNDAGRFJIC01,WTREVTFJI,2,2044,0.073
GLOBAL,LNDAGRFJIC01,WTREVTFJI,2,2045,0.073
GLOBAL,LNDAGRFJIC01,WTREVTFJI,2,2046,0.073
GLOBAL,LNDAGRFJIC01,WTREVTFJI,2,2047,0.073
GLOBAL,LNDAGRFJIC01,WTREVTFJI,2,2048,0.073
GLOBAL,LNDAGRFJIC01,WTREVTFJI,2,2049,0.073
GLOBAL,LNDAGRFJIC01,WTREVTFJI,2,2050,0.073
GLOBAL,LNDAGRFJIC01,WTRGRCFJI,2,2020,0.13
GLOBAL,LNDAGRFJIC01,WTRGRCFJI,2,2021,0.13
GLOBAL,LNDAGRFJIC01,WTRGRCFJI,2,2022,0.13
GLOBAL,LNDAGRFJIC01,WTRGRCFJI,2,2023,0.13
GLOBAL,LNDAGRFJIC01,WTRGRCFJI,2,2024,0.13
GLOBAL,LNDAGRFJIC01,WTRGRCFJI,2,2025,0.13
GLOBAL,LNDAGRFJIC01,WTRGRCFJI,2,2026,0.13
GLOBAL,LNDAGRFJIC01,WTRGRCFJI,2,2027,0.13
GLOBAL,LNDAGRFJIC01,WTRGRCFJI,2,2028,0.13
GLOBAL,LNDAGRFJIC01,WTRGRCFJI,2,2029,0.13
GLOBAL,LNDAGRFJIC01,WTRGRCFJI,2,2030,0.13
GLOBAL,LNDAGRFJIC01,WTRGRCFJI,2,2031,0.13
GLOBAL,LNDAGRFJIC01,WTRGRCFJI,2,2032,0.13
GLOBAL,LNDAGRFJIC01,WTRGRCFJI,2,2033,0.13
GLOBAL,LNDAGRFJIC01,WTRGRCFJI,2,2034,0.13
GLOBAL,LNDAGRFJIC01,WTRGRCFJI,2,2035,0.13
GLOBAL,LNDAGRFJIC01,WTRGRCFJI,2,2036,0.13
GLOBAL,LNDAGRFJIC01,WTRGRCFJI,2,2037,0.13
GLOBAL,LNDAGRFJIC01,WTRGRCFJI,2,2038,0.13
GLOBAL,LNDAGRFJIC01,WTRGRCFJI,2,2039,0.13
GLOBAL,LNDAGRFJIC01,WTRGRCFJI,2,2040,0.13
GLOBAL,LNDAGRFJIC01,WTRGRCFJI,2,2041,0.13
GLOBAL,LNDAGRFJIC01,WTRGRCFJI,2,2042,0.13
GLOBAL,LNDAGRFJIC01,WTRGRCFJI,2,2043,0.13
GLOBAL,LNDAGRFJIC01,WTRGRCFJI,2,2044,0.13
GLOBAL,LNDAGRFJIC01,WTRGRCFJI,2,2045,0.13
GLOBAL,LNDAGRFJIC01,WTRGRCFJI,2,2046,0.13
GLOBAL,LNDAGRFJIC01,WTRGRCFJI,2,2047,0.13
GLOBAL,LNDAGRFJIC01,WTRGRCFJI,2,2048,0.13
GLOBAL,LNDAGRFJIC01,WTRGRCFJI,2,2049,0.13
GLOBAL,LNDAGRFJIC01,WTRGRCFJI,2,2050,0.13
GLOBAL,LNDAGRFJIC01,WTRSURFJI,2,2020,2.5
GLOBAL,LNDAGRFJIC01,WTRSURFJI,2,2021,2.5
GLOBAL,LNDAGRFJIC01,WTRSURFJI,2,2022,2.5
GLOBAL,LNDAGRFJIC01,WTRSURFJI,2,2023,2.5
GLOBAL,LNDAGRFJIC01,WTRSURFJI,2,2024,2.5
GLOBAL,LNDAGRFJIC01,WTRSURFJI,2,2025,2.5
GLOBAL,LNDAGRFJIC01,WTRSURFJI,2,2026,2.5
GLOBAL,LNDAGRFJIC01,WTRSURFJI,2,2027,2.5
GLOBAL,LNDAGRFJIC01,WTRSURFJI,2,2028,2.5
GLOBAL,LNDAGRFJIC01,WTRSURFJI,2,2029,2.5
GLOBAL,LNDAGRFJIC01,WTRSURFJI,2,2030,2.5
GLOBAL,LNDAGRFJIC01,WTRSURFJI,2,2031,2.5
GLOBAL,LNDAGRFJIC01,WTRSURFJI,2,2032,2.5
GLOBAL,LNDAGRFJIC01,WTRSURFJI,2,2033,2.5
GLOBAL,LNDAGRFJIC01,WTRSURFJI,2,2034,2.5
GLOBAL,LNDAGRFJIC01,WTRSURFJI,2,2035,2.5
GLOBAL,LNDAGRFJIC01,WTRSURFJI,2,2036,2.5
GLOBAL,LNDAGRFJIC01,WTRSURFJI,2,2037,2.5
GLOBAL,LNDAGRFJIC01,WTRSURFJI,2,2038,2.5
GLOBAL,LNDAGRFJIC01,WTRSURFJI,2,2039,2.5
GLOBAL,LNDAGRFJIC01,WTRSURFJI,2,2040,2.5
GLOBAL,LNDAGRFJIC01,WTRSURFJI,2,2041,2.5
GLOBAL,LNDAGRFJIC01,WTRSURFJI,2,2042,2.5
GLOBAL,LNDAGRFJIC01,WTRSURFJI,2,2043,2.5
GLOBAL,LNDAGRFJIC01,WTRSURFJI,2,2044,2.5
GLOBAL,LNDAGRFJIC01,WTRSURFJI,2,2045,2.5
GLOBAL,LNDAGRFJIC01,WTRSURFJI,2,2046,2.5
GLOBAL,LNDAGRFJIC01,WTRSURFJI,2,2047,2.5
GLOBAL,LNDAGRFJIC01,WTRSURFJI,2,2048,2.5
GLOBAL,LNDAGRFJIC01,WTRSURFJI,2,2049,2.5
GLOBAL,LNDAGRFJIC01,WTRSURFJI,2,2050,2.5
GLOBAL,LNDAGRFJIC01,CRPCON,3,2020,0.0063
GLOBAL,LNDAGRFJIC01,CRPCON,3,2021,0.0063
GLOBAL,LNDAGRFJIC01,CRPCON,3,2022,0.0063
GLOBAL,LNDAGRFJIC01,CRPCON,3,2023,0.0063
GLOBAL,LNDAGRFJIC01,CRPCON,3,2024,0.0063
GLOBAL,LNDAGRFJIC01,CRPCON,3,2025,0.0063
GLOBAL,LNDAGRFJIC01,CRPCON,3,2026,0.0063
GLOBAL,LNDAGRFJIC01,CRPCON,3,2027,0.0063
GLOBAL,LNDAGRFJIC01,CRPCON,3,2028,0.0063
GLOBAL,LNDAGRFJIC01,CRPCON,3,2029,0.0063
GLOBAL,LNDAGRFJIC01,CRPCON,3,2030,0.0063
GLOBAL,LNDAGRFJIC01,CRPCON,3,2031,0.0063
GLOBAL,LNDAGRFJIC01,CRPCON,3,2032,0.0063
GLOBAL,LNDAGRFJIC01,CRPCON,3,2033,0.0063
GLOBAL,LNDAGRFJIC01,CRPCON,3,2034,0.0063
GLOBAL,LNDAGRFJIC01,CRPCON,3,2035,0.0063
GLOBAL,LNDAGRFJIC01,CRPCON,3,2036,0.0063
GLOBAL,LNDAGRFJIC01,CRPCON,3,2037,0.0063
GLOBAL,LNDAGRFJIC01,CRPCON,3,2038,0.0063
GLOBAL,LNDAGRFJIC01,CRPCON,3,2039,0.0063
GLOBAL,LNDAGRFJIC01,CRPCON,3,2040,0.0063
GLOBAL,LNDAGRFJIC01,CRPCON,3,2041,0.0063
GLOBAL,LNDAGRFJIC01,CRPCON,3,2042,0.0063
GLOBAL,LNDAGRFJIC01,CRPCON,3,2043,0.0063
GLOBAL,LNDAGRFJIC01,CRPCON,3,2044,0.0063
GLOBAL,LNDAGRFJIC01,CRPCON,3,2045,0.0063
GLOBAL,LNDAGRFJIC01,CRPCON,3,2046,0.0063
GLOBAL,LNDAGRFJIC01,CRPCON,3,2047,0.0063
GLOBAL,LNDAGRFJIC01,CRPCON,3,2048,0.0063
GLOBAL,LNDAGRFJIC01,CRPCON,3,2049,0.0063
GLOBAL,LNDAGRFJIC01,CRPCON,3,2050,0.0063
GLOBAL,LNDAGRFJIC01,WTREVTFJI,3,2020,0.042
GLOBAL,LNDAGRFJIC01,WTREVTFJI,3,2021,0.042
GLOBAL,LNDAGRFJIC01,WTREVTFJI,3,2022,0.042
GLOBAL,LNDAGRFJIC01,WTREVTFJI,3,2023,0.042
GLOBAL,LNDAGRFJIC01,WTREVTFJI,3,2024,0.042
GLOBAL,LNDAGRFJIC01,WTREVTFJI,3,2025,0.042
GLOBAL,LNDAGRFJIC01,WTREVTFJI,3,2026,0.042
GLOBAL,LNDAGRFJIC01,WTREVTFJI,3,2027,0.042
GLOBAL,LNDAGRFJIC01,WTREVTFJI,3,2028,0.042
GLOBAL,LNDAGRFJIC01,WTREVTFJI,3,2029,0.042
GLOBAL,LNDAGRFJIC01,WTREVTFJI,3,2030,0.042
GLOBAL,LNDAGRFJIC01,WTREVTFJI,3,2031,0.042
GLOBAL,LNDAGRFJIC01,WTREVTFJI,3,2032,0.042
GLOBAL,LNDAGRFJIC01,WTREVTFJI,3,2033,0.042
GLOBAL,LNDAGRFJIC01,WTREVTFJI,3,2034,0.042
GLOBAL,LNDAGRFJIC01,WTREVTFJI,3,2035,0.042
GLOBAL,LNDAGRFJIC01,WTREVTFJI,3,2036,0.042
GLOBAL,LNDAGRFJIC01,WTREVTFJI,3,2037,0.042
GLOBAL,LNDAGRFJIC01,WTREVTFJI,3,2038,0.042
GLOBAL,LNDAGRFJIC01,WTREVTFJI,3,2039,0.042
GLOBAL,LNDAGRFJIC01,WTREVTFJI,3,2040,0.042
GLOBAL,LNDAGRFJIC01,WTREVTFJI,3,2041,0.042
GLOBAL,LNDAGRFJIC01,WTREVTFJI,3,2042,0.042
GLOBAL,LNDAGRFJIC01,WTREVTFJI,3,2043,0.042
GLOBAL,LNDAGRFJIC01,WTREVTFJI,3,2044,0.042
GLOBAL,LNDAGRFJIC01,WTREVTFJI,3,2045,0.042
GLOBAL,LNDAGRFJIC01,WTREVTFJI,3,2046,0.042
GLOBAL,LNDAGRFJIC01,WTREVTFJI,3,2047,0.042
GLOBAL,LNDAGRFJIC01,WTREVTFJI,3,2048,0.042
GLOBAL,LNDAGRFJIC01,WTREVTFJI,3,2049,0.042
GLOBAL,LNDAGRFJIC01,WTREVTFJI,3,2050,0.042
GLOBAL,LNDAGRFJIC01,WTRGRCFJI,3,2020,0.14
GLOBAL,LNDAGRFJIC01,WTRGRCFJI,3,2021,0.14
GLOBAL,LNDAGRFJIC01,WTRGRCFJI,3,2022,0.14
GLOBAL,LNDAGRFJIC01,WTRGRCFJI,3,2023,0.14
GLOBAL,LNDAGRFJIC01,WTRGRCFJI,3,2024,0.14
GLOBAL,LNDAGRFJIC01,WTRGRCFJI,3,2025,0.14
GLOBAL,LNDAGRFJIC01,WTRGRCFJI,3,2026,0.14
GLOBAL,LNDAGRFJIC01,WTRGRCFJI,3,2027,0.14
GLOBAL,LNDAGRFJIC01,WTRGRCFJI,3,2028,0.14
GLOBAL,LNDAGRFJIC01,WTRGRCFJI,3,2029,0.14
GLOBAL,LNDAGRFJIC01,WTRGRCFJI,3,2030,0.14
GLOBAL,LNDAGRFJIC01,WTRGRCFJI,3,2031,0.14
GLOBAL,LNDAGRFJIC01,WTRGRCFJI,3,2032,0.14
GLOBAL,LNDAGRFJIC01,WTRGRCFJI,3,2033,0.14
GLOBAL,LNDAGRFJIC01,WTRGRCFJI,3,2034,0.14
GLOBAL,LNDAGRFJIC01,WTRGRCFJI,3,2035,0.14
GLOBAL,LNDAGRFJIC01,WTRGRCFJI,3,2036,0.14
GLOBAL,LNDAGRFJIC01,WTRGRCFJI,3,2037,0.14
GLOBAL,LNDAGRFJIC01,WTRGRCFJI,3,2038,0.14
GLOBAL,LNDAGRFJIC01,WTRGRCFJI,3,2039,0.14
GLOBAL,LNDAGRFJIC01,WTRGRCFJI,3,2040,0.14
GLOBAL,LNDAGRFJIC01,WTRGRCFJI,3,2041,0.14
GLOBAL,LNDAGRFJIC01,WTRGRCFJI,3,2042,0.14
GLOBAL,LNDAGRFJIC01,WTRGRCFJI,3,2043,0.14
GLOBAL,LNDAGRFJIC01,WTRGRCFJI,3,2044,0.14
GLOBAL,LNDAGRFJIC01,WTRGRCFJI,3,2045,0.14
GLOBAL,LNDAGRFJIC01,WTRGRCFJI,3,2046,0.14
GLOBAL,LNDAGRFJIC01,WTRGRCFJI,3,2047,0.14
GLOBAL,LNDAGRFJIC01,WTRGRCFJI,3,2048,0.14
GLOBAL,LNDAGRFJIC01,WTRGRCFJI,3,2049,0.14
GLOBAL,LNDAGRFJIC01,WTRGRCFJI,3,2050,0.14
GLOBAL,LNDAGRFJIC01,WTRSURFJI,3,2020,2.5
GLOBAL,LNDAGRFJIC01,WTRSURFJI,3,2021,2.5
GLOBAL,LNDAGRFJIC01,WTRSURFJI,3,2022,2.5
GLOBAL,LNDAGRFJIC01,WTRSURFJI,3,2023,2.5
GLOBAL,LNDAGRFJIC01,WTRSURFJI,3,2024,2.5
GLOBAL,LNDAGRFJIC01,WTRSURFJI,3,2025,2.5
GLOBAL,LNDAGRFJIC01,WTRSURFJI,3,2026,2.5
GLOBAL,LNDAGRFJIC01,WTRSURFJI,3,2027,2.5
GLOBAL,LNDAGRFJIC01,WTRSURFJI,3,2028,2.5
GLOBAL,LNDAGRFJIC01,WTRSURFJI,3,2029,2.5
GLOBAL,LNDAGRFJIC01,WTRSURFJI,3,2030,2.5
GLOBAL,LNDAGRFJIC01,WTRSURFJI,3,2031,2.5
GLOBAL,LNDAGRFJIC01,WTRSURFJI,3,2032,2.5
GLOBAL,LNDAGRFJIC01,WTRSURFJI,3,2033,2.5
GLOBAL,LNDAGRFJIC01,WTRSURFJI,3,2034,2.5
GLOBAL,LNDAGRFJIC01,WTRSURFJI,3,2035,2.5
GLOBAL,LNDAGRFJIC01,WTRSURFJI,3,2036,2.5
GLOBAL,LNDAGRFJIC01,WTRSURFJI,3,2037,2.5
GLOBAL,LNDAGRFJIC01,WTRSURFJI,3,2038,2.5
GLOBAL,LNDAGRFJIC01,WTRSURFJI,3,2039,2.5
GLOBAL,LNDAGRFJIC01,WTRSURFJI,3,2040,2.5
GLOBAL,LNDAGRFJIC01,WTRSURFJI,3,2041,2.5
GLOBAL,LNDAGRFJIC01,WTRSURFJI,3,2042,2.5
GLOBAL,LNDAGRFJIC01,WTRSURFJI,3,2043,2.5
GLOBAL,LNDAGRFJIC01,WTRSURFJI,3,2044,2.5
GLOBAL,LNDAGRFJIC01,WTRSURFJI,3,2045,2.5
GLOBAL,LNDAGRFJIC01,WTRSURFJI,3,2046,2.5
GLOBAL,LNDAGRFJIC01,WTRSURFJI,3,2047,2.5
GLOBAL,LNDAGRFJIC01,WTRSURFJI,3,2048,2.5
GLOBAL,LNDAGRFJIC01,WTRSURFJI,3,2049,2.5
GLOBAL,LNDAGRFJIC01,WTRSURFJI,3,2050,2.5
GLOBAL,LNDAGRFJIC01,CRPCAS,4,2020,0.98
GLOBAL,LNDAGRFJIC01,CRPCAS,4,2021,0.98
GLOBAL,LNDAGRFJIC01,CRPCAS,4,2022,0.98
GLOBAL,LNDAGRFJIC01,CRPCAS,4,2023,0.98
GLOBAL,LNDAGRFJIC01,CRPCAS,4,2024,0.98
GLOBAL,LNDAGRFJIC01,CRPCAS,4,2025,0.98
GLOBAL,LNDAGRFJIC01,CRPCAS,4,2026,0.98
GLOBAL,LNDAGRFJIC01,CRPCAS,4,2027,0.98
GLOBAL,LNDAGRFJIC01,CRPCAS,4,2028,0.98
GLOBAL,LNDAGRFJIC01,CRPCAS,4,2029,0.98
GLOBAL,LNDAGRFJIC01,CRPCAS,4,2030,0.98
GLOBAL,LNDAGRFJIC01,CRPCAS,4,2031,0.98
GLOBAL,LNDAGRFJIC01,CRPCAS,4,2032,0.98
GLOBAL,LNDAGRFJIC01,CRPCAS,4,2033,0.98
GLOBAL,LNDAGRFJIC01,CRPCAS,4,2034,0.98
GLOBAL,LNDAGRFJIC01,CRPCAS,4,2035,0.98
GLOBAL,LNDAGRFJIC01,CRPCAS,4,2036,0.98
GLOBAL,LNDAGRFJIC01,CRPCAS,4,2037,0.98
GLOBAL,LNDAGRFJIC01,CRPCAS,4,2038,0.98
GLOBAL,LNDAGRFJIC01,CRPCAS,4,2039,0.98
GLOBAL,LNDAGRFJIC01,CRPCAS,4,2040,0.98
GLOBAL,LNDAGRFJIC01,CRPCAS,4,2041,0.98
GLOBAL,LNDAGRFJIC01,CRPCAS,4,2042,0.98
GLOBAL,LNDAGRFJIC01,CRPCAS,4,2043,0.98
GLOBAL,LNDAGRFJIC01,CRPCAS,4,2044,0.98
GLOBAL,LNDAGRFJIC01,CRPCAS,4,2045,0.98
GLOBAL,LNDAGRFJIC01,CRPCAS,4,2046,0.98
GLOBAL,LNDAGRFJIC01,CRPCAS,4,2047,0.98
GLOBAL,LNDAGRFJIC01,CRPCAS,4,2048,0.98
GLOBAL,LNDAGRFJIC01,CRPCAS,4,2049,0.98
GLOBAL,LNDAGRFJIC01,CRPCAS,4,2050,0.98
GLOBAL,LNDAGRFJIC01,WTREVTFJI,4,2020,1.2
GLOBAL,LNDAGRFJIC01,WTREVTFJI,4,2021,1.2
GLOBAL,LNDAGRFJIC01,WTREVTFJI,4,2022,1.2
GLOBAL,LNDAGRFJIC01,WTREVTFJI,4,2023,1.2
GLOBAL,LNDAGRFJIC01,WTREVTFJI,4,2024,1.2
GLOBAL,LNDAGRFJIC01,WTREVTFJI,4,2025,1.2
GLOBAL,LNDAGRFJIC01,WTREVTFJI,4,2026,1.2
GLOBAL,LNDAGRFJIC01,WTREVTFJI,4,2027,1.2
GLOBAL,LNDAGRFJIC01,WTREVTFJI,4,2028,1.2
GLOBAL,LNDAGRFJIC01,WTREVTFJI,4,2029,1.2
GLOBAL,LNDAGRFJIC01,WTREVTFJI,4,2030,1.2
GLOBAL,LNDAGRFJIC01,WTREVTFJI,4,2031,1.2
GLOBAL,LNDAGRFJIC01,WTREVTFJI,4,2032,1.2
GLOBAL,LNDAGRFJIC01,WTREVTFJI,4,2033,1.2
GLOBAL,LNDAGRFJIC01,WTREVTFJI,4,2034,1.2
GLOBAL,LNDAGRFJIC01,WTREVTFJI,4,2035,1.2
GLOBAL,LNDAGRFJIC01,WTREVTFJI,4,2036,1.2
GLOBAL,LNDAGRFJIC01,WTREVTFJI,4,2037,1.2
GLOBAL,LNDAGRFJIC01,WTREVTFJI,4,2038,1.2
GLOBAL,LNDAGRFJIC01,WTREVTFJI,4,2039,1.2
GLOBAL,LNDAGRFJIC01,WTREVTFJI,4,2040,1.2
GLOBAL,LNDAGRFJIC01,WTREVTFJI,4,2041,1.2
GLOBAL,LNDAGRFJIC01,WTREVTFJI,4,2042,1.2
GLOBAL,LNDAGRFJIC01,WTREVTFJI,4,2043,1.2
GLOBAL,LNDAGRFJIC01,WTREVTFJI,4,2044,1.2
GLOBAL,LNDAGRFJIC01,WTREVTFJI,4,2045,1.2
GLOBAL,LNDAGRFJIC01,WTREVTFJI,4,2046,1.2
GLOBAL,LNDAGRFJIC01,WTREVTFJI,4,2047,1.2
GLOBAL,LNDAGRFJIC01,WTREVTFJI,4,2048,1.2
GLOBAL,LNDAGRFJIC01,WTREVTFJI,4,2049,1.2
GLOBAL,LNDAGRFJIC01,WTREVTFJI,4,2050,1.2
GLOBAL,LNDAGRFJIC01,WTRGRCFJI,4,2020,0.079
GLOBAL,LNDAGRFJIC01,WTRGRCFJI,4,2021,0.079
GLOBAL,LNDAGRFJIC01,WTRGRCFJI,4,2022,0.079
GLOBAL,LNDAGRFJIC01,WTRGRCFJI,4,2023,0.079
GLOBAL,LNDAGRFJIC01,WTRGRCFJI,4,2024,0.079
GLOBAL,LNDAGRFJIC01,WTRGRCFJI,4,2025,0.079
GLOBAL,LNDAGRFJIC01,WTRGRCFJI,4,2026,0.079
GLOBAL,LNDAGRFJIC01,WTRGRCFJI,4,2027,0.079
GLOBAL,LNDAGRFJIC01,WTRGRCFJI,4,2028,0.079
GLOBAL,LNDAGRFJIC01,WTRGRCFJI,4,2029,0.079
GLOBAL,LNDAGRFJIC01,WTRGRCFJI,4,2030,0.079
GLOBAL,LNDAGRFJIC01,WTRGRCFJI,4,2031,0.079
GLOBAL,LNDAGRFJIC01,WTRGRCFJI,4,2032,0.079
GLOBAL,LNDAGRFJIC01,WTRGRCFJI,4,2033,0.079
GLOBAL,LNDAGRFJIC01,WTRGRCFJI,4,2034,0.079
GLOBAL,LNDAGRFJIC01,WTRGRCFJI,4,2035,0.079
GLOBAL,LNDAGRFJIC01,WTRGRCFJI,4,2036,0.079
GLOBAL,LNDAGRFJIC01,WTRGRCFJI,4,2037,0.079
GLOBAL,LNDAGRFJIC01,WTRGRCFJI,4,2038,0.079
GLOBAL,LNDAGRFJIC01,WTRGRCFJI,4,2039,0.079
GLOBAL,LNDAGRFJIC01,WTRGRCFJI,4,2040,0.079
GLOBAL,LNDAGRFJIC01,WTRGRCFJI,4,2041,0.079
GLOBAL,LNDAGRFJIC01,WTRGRCFJI,4,2042,0.079
GLOBAL,LNDAGRFJIC01,WTRGRCFJI,4,2043,0.079
GLOBAL,LNDAGRFJIC01,WTRGRCFJI,4,2044,0.079
GLOBAL,LNDAGRFJIC01,WTRGRCFJI,4,2045,0.079
GLOBAL,LNDAGRFJIC01,WTRGRCFJI,4,2046,0.079
GLOBAL,LNDAGRFJIC01,WTRGRCFJI,4,2047,0.079
GLOBAL,LNDAGRFJIC01,WTRGRCFJI,4,2048,0.079
GLOBAL,LNDAGRFJIC01,WTRGRCFJI,4,2049,0.079
GLOBAL,LNDAGRFJIC01,WTRGRCFJI,4,2050,0.079
GLOBAL,LNDAGRFJIC01,WTRSURFJI,4,2020,1.5
GLOBAL,LNDAGRFJIC01,WTRSURFJI,4,2021,1.5
GLOBAL,LNDAGRFJIC01,WTRSURFJI,4,2022,1.5
GLOBAL,LNDAGRFJIC01,WTRSURFJI,4,2023,1.5
GLOBAL,LNDAGRFJIC01,WTRSURFJI,4,2024,1.5
GLOBAL,LNDAGRFJIC01,WTRSURFJI,4,2025,1.5
GLOBAL,LNDAGRFJIC01,WTRSURFJI,4,2026,1.5
GLOBAL,LNDAGRFJIC01,WTRSURFJI,4,2027,1.5
GLOBAL,LNDAGRFJIC01,WTRSURFJI,4,2028,1.5
GLOBAL,LNDAGRFJIC01,WTRSURFJI,4,2029,1.5
GLOBAL,LNDAGRFJIC01,WTRSURFJI,4,2030,1.5
GLOBAL,LNDAGRFJIC01,WTRSURFJI,4,2031,1.5
GLOBAL,LNDAGRFJIC01,WTRSURFJI,4,2032,1.5
GLOBAL,LNDAGRFJIC01,WTRSURFJI,4,2033,1.5
GLOBAL,LNDAGRFJIC01,WTRSURFJI,4,2034,1.5
GLOBAL,LNDAGRFJIC01,WTRSURFJI,4,2035,1.5
GLOBAL,LNDAGRFJIC01,WTRSURFJI,4,2036,1.5
GLOBAL,LNDAGRFJIC01,WTRSURFJI,4,2037,1.5
GLOBAL,LNDAGRFJIC01,WTRSURFJI,4,2038,1.5
GLOBAL,LNDAGRFJIC01,WTRSURFJI,4,2039,1.5
GLOBAL,LNDAGRFJIC01,WTRSURFJI,4,2040,1.5
GLOBAL,LNDAGRFJIC01,WTRSURFJI,4,2041,1.5
GLOBAL,LNDAGRFJIC01,WTRSURFJI,4,2042,1.5
GLOBAL,LNDAGRFJIC01,WTRSURFJI,4,2043,1.5
GLOBAL,LNDAGRFJIC01,WTRSURFJI,4,2044,1.5
GLOBAL,LNDAGRFJIC01,WTRSURFJI,4,2045,1.5
GLOBAL,LNDAGRFJIC01,WTRSURFJI,4,2046,1.5
GLOBAL,LNDAGRFJIC01,WTRSURFJI,4,2047,1.5
GLOBAL,LNDAGRFJIC01,WTRSURFJI,4,2048,1.5
GLOBAL,LNDAGRFJIC01,WTRSURFJI,4,2049,1.5
GLOBAL,LNDAGRFJIC01,WTRSURFJI,4,2050,1.5
GLOBAL,LNDAGRFJIC01,CRPCAS,5,2020,0.020
GLOBAL,LNDAGRFJIC01,CRPCAS,5,2021,0.020
GLOBAL,LNDAGRFJIC01,CRPCAS,5,2022,0.020
GLOBAL,LNDAGRFJIC01,CRPCAS,5,2023,0.020
GLOBAL,LNDAGRFJIC01,CRPCAS,5,2024,0.020
GLOBAL,LNDAGRFJIC01,CRPCAS,5,2025,0.020
GLOBAL,LNDAGRFJIC01,CRPCAS,5,2026,0.020
GLOBAL,LNDAGRFJIC01,CRPCAS,5,2027,0.020
GLOBAL,LNDAGRFJIC01,CRPCAS,5,2028,0.020
GLOBAL,LNDAGRFJIC01,CRPCAS,5,2029,0.020
GLOBAL,LNDAGRFJIC01,CRPCAS,5,2030,0.020
GLOBAL,LNDAGRFJIC01,CRPCAS,5,2031,0.020
GLOBAL,LNDAGRFJIC01,CRPCAS,5,2032,0.020
GLOBAL,LNDAGRFJIC01,CRPCAS,5,2033,0.020
GLOBAL,LNDAGRFJIC01,CRPCAS,5,2034,0.020
GLOBAL,LNDAGRFJIC01,CRPCAS,5,2035,0.020
GLOBAL,LNDAGRFJIC01,CRPCAS,5,2036,0.020
GLOBAL,LNDAGRFJIC01,CRPCAS,5,2037,0.020
GLOBAL,LNDAGRFJIC01,CRPCAS,5,2038,0.020
GLOBAL,LNDAGRFJIC01,CRPCAS,5,2039,0.020
GLOBAL,LNDAGRFJIC01,CRPCAS,5,2040,0.020
GLOBAL,LNDAGRFJIC01,CRPCAS,5,2041,0.020
GLOBAL,LNDAGRFJIC01,CRPCAS,5,2042,0.020
GLOBAL,LNDAGRFJIC01,CRPCAS,5,2043,0.020
GLOBAL,LNDAGRFJIC01,CRPCAS,5,2044,0.020
GLOBAL,LNDAGRFJIC01,CRPCAS,5,2045,0.020
GLOBAL,LNDAGRFJIC01,CRPCAS,5,2046,0.020
GLOBAL,LNDAGRFJIC01,CRPCAS,5,2047,0.020
GLOBAL,LNDAGRFJIC01,CRPCAS,5,2048,0.020
GLOBAL,LNDAGRFJIC01,CRPCAS,5,2049,0.020
GLOBAL,LNDAGRFJIC01,CRPCAS,5,2050,0.020
GLOBAL,LNDAGRFJIC01,WTREVTFJI,5,2020,0.066
GLOBAL,LNDAGRFJIC01,WTREVTFJI,5,2021,0.066
GLOBAL,LNDAGRFJIC01,WTREVTFJI,5,2022,0.066
GLOBAL,LNDAGRFJIC01,WTREVTFJI,5,2023,0.066
GLOBAL,LNDAGRFJIC01,WTREVTFJI,5,2024,0.066
GLOBAL,LNDAGRFJIC01,WTREVTFJI,5,2025,0.066
GLOBAL,LNDAGRFJIC01,WTREVTFJI,5,2026,0.066
GLOBAL,LNDAGRFJIC01,WTREVTFJI,5,2027,0.066
GLOBAL,LNDAGRFJIC01,WTREVTFJI,5,2028,0.066
GLOBAL,LNDAGRFJIC01,WTREVTFJI,5,2029,0.066
GLOBAL,LNDAGRFJIC01,WTREVTFJI,5,2030,0.066
GLOBAL,LNDAGRFJIC01,WTREVTFJI,5,2031,0.066
GLOBAL,LNDAGRFJIC01,WTREVTFJI,5,2032,0.066
GLOBAL,LNDAGRFJIC01,WTREVTFJI,5,2033,0.066
GLOBAL,LNDAGRFJIC01,WTREVTFJI,5,2034,0.066
GLOBAL,LNDAGRFJIC01,WTREVTFJI,5,2035,0.066
GLOBAL,LNDAGRFJIC01,WTREVTFJI,5,2036,0.066
GLOBAL,LNDAGRFJIC01,WTREVTFJI,5,2037,0.066
GLOBAL,LNDAGRFJIC01,WTREVTFJI,5,2038,0.066
GLOBAL,LNDAGRFJIC01,WTREVTFJI,5,2039,0.066
GLOBAL,LNDAGRFJIC01,WTREVTFJI,5,2040,0.066
GLOBAL,LNDAGRFJIC01,WTREVTFJI,5,2041,0.066
GLOBAL,LNDAGRFJIC01,WTREVTFJI,5,2042,0.066
GLOBAL,LNDAGRFJIC01,WTREVTFJI,5,2043,0.066
GLOBAL,LNDAGRFJIC01,WTREVTFJI,5,2044,0.066
GLOBAL,LNDAGRFJIC01,WTREVTFJI,5,2045,0.066
GLOBAL,LNDAGRFJIC01,WTREVTFJI,5,2046,0.066
GLOBAL,LNDAGRFJIC01,WTREVTFJI,5,2047,0.066
GLOBAL,LNDAGRFJIC01,WTREVTFJI,5,2048,0.066
GLOBAL,LNDAGRFJIC01,WTREVTFJI,5,2049,0.066
GLOBAL,LNDAGRFJIC01,WTREVTFJI,5,2050,0.066
GLOBAL,LNDAGRFJIC01,WTRGRCFJI,5,2020,0.13
GLOBAL,LNDAGRFJIC01,WTRGRCFJI,5,2021,0.13
GLOBAL,LNDAGRFJIC01,WTRGRCFJI,5,2022,0.13
GLOBAL,LNDAGRFJIC01,WTRGRCFJI,5,2023,0.13
GLOBAL,LNDAGRFJIC01,WTRGRCFJI,5,2024,0.13
GLOBAL,LNDAGRFJIC01,WTRGRCFJI,5,2025,0.13
GLOBAL,LNDAGRFJIC01,WTRGRCFJI,5,2026,0.13
GLOBAL,LNDAGRFJIC01,WTRGRCFJI,5,2027,0.13
GLOBAL,LNDAGRFJIC01,WTRGRCFJI,5,2028,0.13
GLOBAL,LNDAGRFJIC01,WTRGRCFJI,5,2029,0.13
GLOBAL,LNDAGRFJIC01,WTRGRCFJI,5,2030,0.13
GLOBAL,LNDAGRFJIC01,WTRGRCFJI,5,2031,0.13
GLOBAL,LNDAGRFJIC01,WTRGRCFJI,5,2032,0.13
GLOBAL,LNDAGRFJIC01,WTRGRCFJI,5,2033,0.13
GLOBAL,LNDAGRFJIC01,WTRGRCFJI,5,2034,0.13
GLOBAL,LNDAGRFJIC01,WTRGRCFJI,5,2035,0.13
GLOBAL,LNDAGRFJIC01,WTRGRCFJI,5,2036,0.13
GLOBAL,LNDAGRFJIC01,WTRGRCFJI,5,2037,0.13
GLOBAL,LNDAGRFJIC01,WTRGRCFJI,5,2038,0.13
GLOBAL,LNDAGRFJIC01,WTRGRCFJI,5,2039,0.13
GLOBAL,LNDAGRFJIC01,WTRGRCFJI,5,2040,0.13
GLOBAL,LNDAGRFJIC01,WTRGRCFJI,5,2041,0.13
GLOBAL,LNDAGRFJIC01,WTRGRCFJI,5,2042,0.13
GLOBAL,LNDAGRFJIC01,WTRGRCFJI,5,2043,0.13
GLOBAL,LNDAGRFJIC01,WTRGRCFJI,5,2044,0.13
GLOBAL,LNDAGRFJIC01,WTRGRCFJI,5,2045,0.13
GLOBAL,LNDAGRFJIC01,WTRGRCFJI,5,2046,0.13
GLOBAL,LNDAGRFJIC01,WTRGRCFJI,5,2047,0.13
GLOBAL,LNDAGRFJIC01,WTRGRCFJI,5,2048,0.13
GLOBAL,LNDAGRFJIC01,WTRGRCFJI,5,2049,0.13
GLOBAL,LNDAGRFJIC01,WTRGRCFJI,5,2050,0.13
GLOBAL,LNDAGRFJIC01,WTRSURFJI,5,2020,2.5
GLOBAL,LNDAGRFJIC01,WTRSURFJI,5,2021,2.5
GLOBAL,LNDAGRFJIC01,WTRSURFJI,5,2022,2.5
GLOBAL,LNDAGRFJIC01,WTRSURFJI,5,2023,2.5
GLOBAL,LNDAGRFJIC01,WTRSURFJI,5,2024,2.5
GLOBAL,LNDAGRFJIC01,WTRSURFJI,5,2025,2.5
GLOBAL,LNDAGRFJIC01,WTRSURFJI,5,2026,2.5
GLOBAL,LNDAGRFJIC01,WTRSURFJI,5,2027,2.5
GLOBAL,LNDAGRFJIC01,WTRSURFJI,5,2028,2.5
GLOBAL,LNDAGRFJIC01,WTRSURFJI,5,2029,2.5
GLOBAL,LNDAGRFJIC01,WTRSURFJI,5,2030,2.5
GLOBAL,LNDAGRFJIC01,WTRSURFJI,5,2031,2.5
GLOBAL,LNDAGRFJIC01,WTRSURFJI,5,2032,2.5
GLOBAL,LNDAGRFJIC01,WTRSURFJI,5,2033,2.5
GLOBAL,LNDAGRFJIC01,WTRSURFJI,5,2034,2.5
GLOBAL,LNDAGRFJIC01,WTRSURFJI,5,2035,2.5
GLOBAL,LNDAGRFJIC01,WTRSURFJI,5,2036,2.5
GLOBAL,LNDAGRFJIC01,WTRSURFJI,5,2037,2.5
GLOBAL,LNDAGRFJIC01,WTRSURFJI,5,2038,2.5
GLOBAL,LNDAGRFJIC01,WTRSURFJI,5,2039,2.5
GLOBAL,LNDAGRFJIC01,WTRSURFJI,5,2040,2.5
GLOBAL,LNDAGRFJIC01,WTRSURFJI,5,2041,2.5
GLOBAL,LNDAGRFJIC01,WTRSURFJI,5,2042,2.5
GLOBAL,LNDAGRFJIC01,WTRSURFJI,5,2043,2.5
GLOBAL,LNDAGRFJIC01,WTRSURFJI,5,2044,2.5
GLOBAL,LNDAGRFJIC01,WTRSURFJI,5,2045,2.5
GLOBAL,LNDAGRFJIC01,WTRSURFJI,5,2046,2.5
GLOBAL,LNDAGRFJIC01,WTRSURFJI,5,2047,2.5
GLOBAL,LNDAGRFJIC01,WTRSURFJI,5,2048,2.5
GLOBAL,LNDAGRFJIC01,WTRSURFJI,5,2049,2.5
GLOBAL,LNDAGRFJIC01,WTRSURFJI,5,2050,2.5
GLOBAL,LNDAGRFJIC01,CRPSGC,6,2020,1.1
GLOBAL,LNDAGRFJIC01,CRPSGC,6,2021,1.1
GLOBAL,LNDAGRFJIC01,CRPSGC,6,2022,1.1
GLOBAL,LNDAGRFJIC01,CRPSGC,6,2023,1.1
GLOBAL,LNDAGRFJIC01,CRPSGC,6,2024,1.1
GLOBAL,LNDAGRFJIC01,CRPSGC,6,2025,1.1
GLOBAL,LNDAGRFJIC01,CRPSGC,6,2026,1.1
GLOBAL,LNDAGRFJIC01,CRPSGC,6,2027,1.1
GLOBAL,LNDAGRFJIC01,CRPSGC,6,2028,1.1
GLOBAL,LNDAGRFJIC01,CRPSGC,6,2029,1.1
GLOBAL,LNDAGRFJIC01,CRPSGC,6,2030,1.1
GLOBAL,LNDAGRFJIC01,CRPSGC,6,2031,1.1
GLOBAL,LNDAGRFJIC01,CRPSGC,6,2032,1.1
GLOBAL,LNDAGRFJIC01,CRPSGC,6,2033,1.1
GLOBAL,LNDAGRFJIC01,CRPSGC,6,2034,1.1
GLOBAL,LNDAGRFJIC01,CRPSGC,6,2035,1.1
GLOBAL,LNDAGRFJIC01,CRPSGC,6,2036,1.1
GLOBAL,LNDAGRFJIC01,CRPSGC,6,2037,1.1
GLOBAL,LNDAGRFJIC01,CRPSGC,6,2038,1.1
GLOBAL,LNDAGRFJIC01,CRPSGC,6,2039,1.1
GLOBAL,LNDAGRFJIC01,CRPSGC,6,2040,1.1
GLOBAL,LNDAGRFJIC01,CRPSGC,6,2041,1.1
GLOBAL,LNDAGRFJIC01,CRPSGC,6,2042,1.1
GLOBAL,LNDAGRFJIC01,CRPSGC,6,2043,1.1
GLOBAL,LNDAGRFJIC01,CRPSGC,6,2044,1.1
GLOBAL,LNDAGRFJIC01,CRPSGC,6,2045,1.1
GLOBAL,LNDAGRFJIC01,CRPSGC,6,2046,1.1
GLOBAL,LNDAGRFJIC01,CRPSGC,6,2047,1.1
GLOBAL,LNDAGRFJIC01,CRPSGC,6,2048,1.1
GLOBAL,LNDAGRFJIC01,CRPSGC,6,2049,1.1
GLOBAL,LNDAGRFJIC01,CRPSGC,6,2050,1.1
GLOBAL,LNDAGRFJIC01,WTREVTFJI,6,2020,1.6
GLOBAL,LNDAGRFJIC01,WTREVTFJI,6,2021,1.6
GLOBAL,LNDAGRFJIC01,WTREVTFJI,6,2022,1.6
GLOBAL,LNDAGRFJIC01,WTREVTFJI,6,2023,1.6
GLOBAL,LNDAGRFJIC01,WTREVTFJI,6,2024,1.6
GLOBAL,LNDAGRFJIC01,WTREVTFJI,6,2025,1.6
GLOBAL,LNDAGRFJIC01,WTREVTFJI,6,2026,1.6
GLOBAL,LNDAGRFJIC01,WTREVTFJI,6,2027,1.6
GLOBAL,LNDAGRFJIC01,WTREVTFJI,6,2028,1.6
GLOBAL,LNDAGRFJIC01,WTREVTFJI,6,2029,1.6
GLOBAL,LNDAGRFJIC01,WTREVTFJI,6,2030,1.6
GLOBAL,LNDAGRFJIC01,WTREVTFJI,6,2031,1.6
GLOBAL,LNDAGRFJIC01,WTREVTFJI,6,2032,1.6
GLOBAL,LNDAGRFJIC01,WTREVTFJI,6,2033,1.6
GLOBAL,LNDAGRFJIC01,WTREVTFJI,6,2034,1.6
GLOBAL,LNDAGRFJIC01,WTREVTFJI,6,2035,1.6
GLOBAL,LNDAGRFJIC01,WTREVTFJI,6,2036,1.6
GLOBAL,LNDAGRFJIC01,WTREVTFJI,6,2037,1.6
GLOBAL,LNDAGRFJIC01,WTREVTFJI,6,2038,1.6
GLOBAL,LNDAGRFJIC01,WTREVTFJI,6,2039,1.6
GLOBAL,LNDAGRFJIC01,WTREVTFJI,6,2040,1.6
GLOBAL,LNDAGRFJIC01,WTREVTFJI,6,2041,1.6
GLOBAL,LNDAGRFJIC01,WTREVTFJI,6,2042,1.6
GLOBAL,LNDAGRFJIC01,WTREVTFJI,6,2043,1.6
GLOBAL,LNDAGRFJIC01,WTREVTFJI,6,2044,1.6
GLOBAL,LNDAGRFJIC01,WTREVTFJI,6,2045,1.6
GLOBAL,LNDAGRFJIC01,WTREVTFJI,6,2046,1.6
GLOBAL,LNDAGRFJIC01,WTREVTFJI,6,2047,1.6
GLOBAL,LNDAGRFJIC01,WTREVTFJI,6,2048,1.6
GLOBAL,LNDAGRFJIC01,WTREVTFJI,6,2049,1.6
GLOBAL,LNDAGRFJIC01,WTREVTFJI,6,2050,1.6
GLOBAL,LNDAGRFJIC01,WTRGRCFJI,6,2020,0.069
GLOBAL,LNDAGRFJIC01,WTRGRCFJI,6,2021,0.069
GLOBAL,LNDAGRFJIC01,WTRGRCFJI,6,2022,0.069
GLOBAL,LNDAGRFJIC01,WTRGRCFJI,6,2023,0.069
GLOBAL,LNDAGRFJIC01,WTRGRCFJI,6,2024,0.069
GLOBAL,LNDAGRFJIC01,WTRGRCFJI,6,2025,0.069
GLOBAL,LNDAGRFJIC01,WTRGRCFJI,6,2026,0.069
GLOBAL,LNDAGRFJIC01,WTRGRCFJI,6,2027,0.069
GLOBAL,LNDAGRFJIC01,WTRGRCFJI,6,2028,0.069
GLOBAL,LNDAGRFJIC01,WTRGRCFJI,6,2029,0.069
GLOBAL,LNDAGRFJIC01,WTRGRCFJI,6,2030,0.069
GLOBAL,LNDAGRFJIC01,WTRGRCFJI,6,2031,0.069
GLOBAL,LNDAGRFJIC01,WTRGRCFJI,6,2032,0.069
GLOBAL,LNDAGRFJIC01,WTRGRCFJI,6,2033,0.069
GLOBAL,LNDAGRFJIC01,WTRGRCFJI,6,2034,0.069
GLOBAL,LNDAGRFJIC01,WTRGRCFJI,6,2035,0.069
GLOBAL,LNDAGRFJIC01,WTRGRCFJI,6,2036,0.069
GLOBAL,LNDAGRFJIC01,WTRGRCFJI,6,2037,0.069
GLOBAL,LNDAGRFJIC01,WTRGRCFJI,6,2038,0.069
GLOBAL,LNDAGRFJIC01,WTRGRCFJI,6,2039,0.069
GLOBAL,LNDAGRFJIC01,WTRGRCFJI,6,2040,0.069
GLOBAL,LNDAGRFJIC01,WTRGRCFJI,6,2041,0.069
GLOBAL,LNDAGRFJIC01,WTRGRCFJI,6,2042,0.069
GLOBAL,LNDAGRFJIC01,WTRGRCFJI,6,2043,0.069
GLOBAL,LNDAGRFJIC01,WTRGRCFJI,6,2044,0.069
GLOBAL,LNDAGRFJIC01,WTRGRCFJI,6,2045,0.069
GLOBAL,LNDAGRFJIC01,WTRGRCFJI,6,2046,0.069
GLOBAL,LNDAGRFJIC01,WTRGRCFJI,6,2047,0.069
GLOBAL,LNDAGRFJIC01,WTRGRCFJI,6,2048,0.069
GLOBAL,LNDAGRFJIC01,WTRGRCFJI,6,2049,0.069
GLOBAL,LNDAGRFJIC01,WTRGRCFJI,6,2050,0.069
GLOBAL,LNDAGRFJIC01,WTRSURFJI,6,2020,1.3
GLOBAL,LNDAGRFJIC01,WTRSURFJI,6,2021,1.3
GLOBAL,LNDAGRFJIC01,WTRSURFJI,6,2022,1.3
GLOBAL,LNDAGRFJIC01,WTRSURFJI,6,2023,1.3
GLOBAL,LNDAGRFJIC01,WTRSURFJI,6,2024,1.3
GLOBAL,LNDAGRFJIC01,WTRSURFJI,6,2025,1.3
GLOBAL,LNDAGRFJIC01,WTRSURFJI,6,2026,1.3
GLOBAL,LNDAGRFJIC01,WTRSURFJI,6,2027,1.3
GLOBAL,LNDAGRFJIC01,WTRSURFJI,6,2028,1.3
GLOBAL,LNDAGRFJIC01,WTRSURFJI,6,2029,1.3
GLOBAL,LNDAGRFJIC01,WTRSURFJI,6,2030,1.3
GLOBAL,LNDAGRFJIC01,WTRSURFJI,6,2031,1.3
GLOBAL,LNDAGRFJIC01,WTRSURFJI,6,2032,1.3
GLOBAL,LNDAGRFJIC01,WTRSURFJI,6,2033,1.3
GLOBAL,LNDAGRFJIC01,WTRSURFJI,6,2034,1.3
GLOBAL,LNDAGRFJIC01,WTRSURFJI,6,2035,1.3
GLOBAL,LNDAGRFJIC01,WTRSURFJI,6,2036,1.3
GLOBAL,LNDAGRFJIC01,WTRSURFJI,6,2037,1.3
GLOBAL,LNDAGRFJIC01,WTRSURFJI,6,2038,1.3
GLOBAL,LNDAGRFJIC01,WTRSURFJI,6,2039,1.3
GLOBAL,LNDAGRFJIC01,WTRSURFJI,6,2040,1.3
GLOBAL,LNDAGRFJIC01,WTRSURFJI,6,2041,1.3
GLOBAL,LNDAGRFJIC01,WTRSURFJI,6,2042,1.3
GLOBAL,LNDAGRFJIC01,WTRSURFJI,6,2043,1.3
GLOBAL,LNDAGRFJIC01,WTRSURFJI,6,2044,1.3
GLOBAL,LNDAGRFJIC01,WTRSURFJI,6,2045,1.3
GLOBAL,LNDAGRFJIC01,WTRSURFJI,6,2046,1.3
GLOBAL,LNDAGRFJIC01,WTRSURFJI,6,2047,1.3
GLOBAL,LNDAGRFJIC01,WTRSURFJI,6,2048,1.3
GLOBAL,LNDAGRFJIC01,WTRSURFJI,6,2049,1.3
GLOBAL,LNDAGRFJIC01,WTRSURFJI,6,2050,1.3
GLOBAL,LNDAGRFJIC01,CRPSGC,7,2020,0.029
GLOBAL,LNDAGRFJIC01,CRPSGC,7,2021,0.029
GLOBAL,LNDAGRFJIC01,CRPSGC,7,2022,0.029
GLOBAL,LNDAGRFJIC01,CRPSGC,7,2023,0.029
GLOBAL,LNDAGRFJIC01,CRPSGC,7,2024,0.029
GLOBAL,LNDAGRFJIC01,CRPSGC,7,2025,0.029
GLOBAL,LNDAGRFJIC01,CRPSGC,7,2026,0.029
GLOBAL,LNDAGRFJIC01,CRPSGC,7,2027,0.029
GLOBAL,LNDAGRFJIC01,CRPSGC,7,2028,0.029
GLOBAL,LNDAGRFJIC01,CRPSGC,7,2029,0.029
GLOBAL,LNDAGRFJIC01,CRPSGC,7,2030,0.029
GLOBAL,LNDAGRFJIC01,CRPSGC,7,2031,0.029
GLOBAL,LNDAGRFJIC01,CRPSGC,7,2032,0.029
GLOBAL,LNDAGRFJIC01,CRPSGC,7,2033,0.029
GLOBAL,LNDAGRFJIC01,CRPSGC,7,2034,0.029
GLOBAL,LNDAGRFJIC01,CRPSGC,7,2035,0.029
GLOBAL,LNDAGRFJIC01,CRPSGC,7,2036,0.029
GLOBAL,LNDAGRFJIC01,CRPSGC,7,2037,0.029
GLOBAL,LNDAGRFJIC01,CRPSGC,7,2038,0.029
GLOBAL,LNDAGRFJIC01,CRPSGC,7,2039,0.029
GLOBAL,LNDAGRFJIC01,CRPSGC,7,2040,0.029
GLOBAL,LNDAGRFJIC01,CRPSGC,7,2041,0.029
GLOBAL,LNDAGRFJIC01,CRPSGC,7,2042,0.029
GLOBAL,LNDAGRFJIC01,CRPSGC,7,2043,0.029
GLOBAL,LNDAGRFJIC01,CRPSGC,7,2044,0.029
GLOBAL,LNDAGRFJIC01,CRPSGC,7,2045,0.029
GLOBAL,LNDAGRFJIC01,CRPSGC,7,2046,0.029
GLOBAL,LNDAGRFJIC01,CRPSGC,7,2047,0.029
GLOBAL,LNDAGRFJIC01,CRPSGC,7,2048,0.029
GLOBAL,LNDAGRFJIC01,CRPSGC,7,2049,0.029
GLOBAL,LNDAGRFJIC01,CRPSGC,7,2050,0.029
GLOBAL,LNDAGRFJIC01,WTREVTFJI,7,2020,0.077
GLOBAL,LNDAGRFJIC01,WTREVTFJI,7,2021,0.077
GLOBAL,LNDAGRFJIC01,WTREVTFJI,7,2022,0.077
GLOBAL,LNDAGRFJIC01,WTREVTFJI,7,2023,0.077
GLOBAL,LNDAGRFJIC01,WTREVTFJI,7,2024,0.077
GLOBAL,LNDAGRFJIC01,WTREVTFJI,7,2025,0.077
GLOBAL,LNDAGRFJIC01,WTREVTFJI,7,2026,0.077
GLOBAL,LNDAGRFJIC01,WTREVTFJI,7,2027,0.077
GLOBAL,LNDAGRFJIC01,WTREVTFJI,7,2028,0.077
GLOBAL,LNDAGRFJIC01,WTREVTFJI,7,2029,0.077
GLOBAL,LNDAGRFJIC01,WTREVTFJI,7,2030,0.077
GLOBAL,LNDAGRFJIC01,WTREVTFJI,7,2031,0.077
GLOBAL,LNDAGRFJIC01,WTREVTFJI,7,2032,0.077
GLOBAL,LNDAGRFJIC01,WTREVTFJI,7,2033,0.077
GLOBAL,LNDAGRFJIC01,WTREVTFJI,7,2034,0.077
GLOBAL,LNDAGRFJIC01,WTREVTFJI,7,2035,0.077
GLOBAL,LNDAGRFJIC01,WTREVTFJI,7,2036,0.077
GLOBAL,LNDAGRFJIC01,WTREVTFJI,7,2037,0.077
GLOBAL,LNDAGRFJIC01,WTREVTFJI,7,2038,0.077
GLOBAL,LNDAGRFJIC01,WTREVTFJI,7,2039,0.077
GLOBAL,LNDAGRFJIC01,WTREVTFJI,7,2040,0.077
GLOBAL,LNDAGRFJIC01,WTREVTFJI,7,2041,0.077
GLOBAL,LNDAGRFJIC01,WTREVTFJI,7,2042,0.077
GLOBAL,LNDAGRFJIC01,WTREVTFJI,7,2043,0.077
GLOBAL,LNDAGRFJIC01,WTREVTFJI,7,2044,0.077
GLOBAL,LNDAGRFJIC01,WTREVTFJI,7,2045,0.077
GLOBAL,LNDAGRFJIC01,WTREVTFJI,7,2046,0.077
GLOBAL,LNDAGRFJIC01,WTREVTFJI,7,2047,0.077
GLOBAL,LNDAGRFJIC01,WTREVTFJI,7,2048,0.077
GLOBAL,LNDAGRFJIC01,WTREVTFJI,7,2049,0.077
GLOBAL,LNDAGRFJIC01,WTREVTFJI,7,2050,0.077
GLOBAL,LNDAGRFJIC01,WTRGRCFJI,7,2020,0.13
GLOBAL,LNDAGRFJIC01,WTRGRCFJI,7,2021,0.13
GLOBAL,LNDAGRFJIC01,WTRGRCFJI,7,2022,0.13
GLOBAL,LNDAGRFJIC01,WTRGRCFJI,7,2023,0.13
GLOBAL,LNDAGRFJIC01,WTRGRCFJI,7,2024,0.13
GLOBAL,LNDAGRFJIC01,WTRGRCFJI,7,2025,0.13
GLOBAL,LNDAGRFJIC01,WTRGRCFJI,7,2026,0.13
GLOBAL,LNDAGRFJIC01,WTRGRCFJI,7,2027,0.13
GLOBAL,LNDAGRFJIC01,WTRGRCFJI,7,2028,0.13
GLOBAL,LNDAGRFJIC01,WTRGRCFJI,7,2029,0.13
GLOBAL,LNDAGRFJIC01,WTRGRCFJI,7,2030,0.13
GLOBAL,LNDAGRFJIC01,WTRGRCFJI,7,2031,0.13
GLOBAL,LNDAGRFJIC01,WTRGRCFJI,7,2032,0.13
GLOBAL,LNDAGRFJIC01,WTRGRCFJI,7,2033,0.13
GLOBAL,LNDAGRFJIC01,WTRGRCFJI,7,2034,0.13
GLOBAL,LNDAGRFJIC01,WTRGRCFJI,7,2035,0.13
GLOBAL,LNDAGRFJIC01,WTRGRCFJI,7,2036,0.13
GLOBAL,LNDAGRFJIC01,WTRGRCFJI,7,2037,0.13
GLOBAL,LNDAGRFJIC01,WTRGRCFJI,7,2038,0.13
GLOBAL,LNDAGRFJIC01,WTRGRCFJI,7,2039,0.13
GLOBAL,LNDAGRFJIC01,WTRGRCFJI,7,2040,0.13
GLOBAL,LNDAGRFJIC01,WTRGRCFJI,7,2041,0.13
GLOBAL,LNDAGRFJIC01,WTRGRCFJI,7,2042,0.13
GLOBAL,LNDAGRFJIC01,WTRGRCFJI,7,2043,0.13
GLOBAL,LNDAGRFJIC01,WTRGRCFJI,7,2044,0.13
GLOBAL,LNDAGRFJIC01,WTRGRCFJI,7,2045,0.13
GLOBAL,LNDAGRFJIC01,WTRGRCFJI,7,2046,0.13
GLOBAL,LNDAGRFJIC01,WTRGRCFJI,7,2047,0.13
GLOBAL,LNDAGRFJIC01,WTRGRCFJI,7,2048,0.13
GLOBAL,LNDAGRFJIC01,WTRGRCFJI,7,2049,0.13
GLOBAL,LNDAGRFJIC01,WTRGRCFJI,7,2050,0.13
GLOBAL,LNDAGRFJIC01,WTRSURFJI,7,2020,2.5
GLOBAL,LNDAGRFJIC01,WTRSURFJI,7,2021,2.5
GLOBAL,LNDAGRFJIC01,WTRSURFJI,7,2022,2.5
GLOBAL,LNDAGRFJIC01,WTRSURFJI,7,2023,2.5
GLOBAL,LNDAGRFJIC01,WTRSURFJI,7,2024,2.5
GLOBAL,LNDAGRFJIC01,WTRSURFJI,7,2025,2.5
GLOBAL,LNDAGRFJIC01,WTRSURFJI,7,2026,2.5
GLOBAL,LNDAGRFJIC01,WTRSURFJI,7,2027,2.5
GLOBAL,LNDAGRFJIC01,WTRSURFJI,7,2028,2.5
GLOBAL,LNDAGRFJIC01,WTRSURFJI,7,2029,2.5
GLOBAL,LNDAGRFJIC01,WTRSURFJI,7,2030,2.5
GLOBAL,LNDAGRFJIC01,WTRSURFJI,7,2031,2.5
GLOBAL,LNDAGRFJIC01,WTRSURFJI,7,2032,2.5
GLOBAL,LNDAGRFJIC01,WTRSURFJI,7,2033,2.5
GLOBAL,LNDAGRFJIC01,WTRSURFJI,7,2034,2.5
GLOBAL,LNDAGRFJIC01,WTRSURFJI,7,2035,2.5
GLOBAL,LNDAGRFJIC01,WTRSURFJI,7,2036,2.5
GLOBAL,LNDAGRFJIC01,WTRSURFJI,7,2037,2.5
GLOBAL,LNDAGRFJIC01,WTRSURFJI,7,2038,2.5
GLOBAL,LNDAGRFJIC01,WTRSURFJI,7,2039,2.5
GLOBAL,LNDAGRFJIC01,WTRSURFJI,7,2040,2.5
GLOBAL,LNDAGRFJIC01,WTRSURFJI,7,2041,2.5
GLOBAL,LNDAGRFJIC01,WTRSURFJI,7,2042,2.5
GLOBAL,LNDAGRFJIC01,WTRSURFJI,7,2043,2.5
GLOBAL,LNDAGRFJIC01,WTRSURFJI,7,2044,2.5
GLOBAL,LNDAGRFJIC01,WTRSURFJI,7,2045,2.5
GLOBAL,LNDAGRFJIC01,WTRSURFJI,7,2046,2.5
GLOBAL,LNDAGRFJIC01,WTRSURFJI,7,2047,2.5
GLOBAL,LNDAGRFJIC01,WTRSURFJI,7,2048,2.5
GLOBAL,LNDAGRFJIC01,WTRSURFJI,7,2049,2.5
GLOBAL,LNDAGRFJIC01,WTRSURFJI,7,2050,2.5
GLOBAL,LNDAGRFJIC01,CRPCON,8,2020,0.039
GLOBAL,LNDAGRFJIC01,CRPCON,8,2021,0.039
GLOBAL,LNDAGRFJIC01,CRPCON,8,2022,0.039
GLOBAL,LNDAGRFJIC01,CRPCON,8,2023,0.039
GLOBAL,LNDAGRFJIC01,CRPCON,8,2024,0.039
GLOBAL,LNDAGRFJIC01,CRPCON,8,2025,0.039
GLOBAL,LNDAGRFJIC01,CRPCON,8,2026,0.039
GLOBAL,LNDAGRFJIC01,CRPCON,8,2027,0.039
GLOBAL,LNDAGRFJIC01,CRPCON,8,2028,0.039
GLOBAL,LNDAGRFJIC01,CRPCON,8,2029,0.039
GLOBAL,LNDAGRFJIC01,CRPCON,8,2030,0.039
GLOBAL,LNDAGRFJIC01,CRPCON,8,2031,0.039
GLOBAL,LNDAGRFJIC01,CRPCON,8,2032,0.039
GLOBAL,LNDAGRFJIC01,CRPCON,8,2033,0.039
GLOBAL,LNDAGRFJIC01,CRPCON,8,2034,0.039
GLOBAL,LNDAGRFJIC01,CRPCON,8,2035,0.039
GLOBAL,LNDAGRFJIC01,CRPCON,8,2036,0.039
GLOBAL,LNDAGRFJIC01,CRPCON,8,2037,0.039
GLOBAL,LNDAGRFJIC01,CRPCON,8,2038,0.039
GLOBAL,LNDAGRFJIC01,CRPCON,8,2039,0.039
GLOBAL,LNDAGRFJIC01,CRPCON,8,2040,0.039
GLOBAL,LNDAGRFJIC01,CRPCON,8,2041,0.039
GLOBAL,LNDAGRFJIC01,CRPCON,8,2042,0.039
GLOBAL,LNDAGRFJIC01,CRPCON,8,2043,0.039
GLOBAL,LNDAGRFJIC01,CRPCON,8,2044,0.039
GLOBAL,LNDAGRFJIC01,CRPCON,8,2045,0.039
GLOBAL,LNDAGRFJIC01,CRPCON,8,2046,0.039
GLOBAL,LNDAGRFJIC01,CRPCON,8,2047,0.039
GLOBAL,LNDAGRFJIC01,CRPCON,8,2048,0.039
GLOBAL,LNDAGRFJIC01,CRPCON,8,2049,0.039
GLOBAL,LNDAGRFJIC01,CRPCON,8,2050,0.039
GLOBAL,LNDAGRFJIC01,WTREVTFJI,8,2020,0.082
GLOBAL,LNDAGRFJIC01,WTREVTFJI,8,2021,0.082
GLOBAL,LNDAGRFJIC01,WTREVTFJI,8,2022,0.082
GLOBAL,LNDAGRFJIC01,WTREVTFJI,8,2023,0.082
GLOBAL,LNDAGRFJIC01,WTREVTFJI,8,2024,0.082
GLOBAL,LNDAGRFJIC01,WTREVTFJI,8,2025,0.082
GLOBAL,LNDAGRFJIC01,WTREVTFJI,8,2026,0.082
GLOBAL,LNDAGRFJIC01,WTREVTFJI,8,2027,0.082
GLOBAL,LNDAGRFJIC01,WTREVTFJI,8,2028,0.082
GLOBAL,LNDAGRFJIC01,WTREVTFJI,8,2029,0.082
GLOBAL,LNDAGRFJIC01,WTREVTFJI,8,2030,0.082
GLOBAL,LNDAGRFJIC01,WTREVTFJI,8,2031,0.082
GLOBAL,LNDAGRFJIC01,WTREVTFJI,8,2032,0.082
GLOBAL,LNDAGRFJIC01,WTREVTFJI,8,2033,0.082
GLOBAL,LNDAGRFJIC01,WTREVTFJI,8,2034,0.082
GLOBAL,LNDAGRFJIC01,WTREVTFJI,8,2035,0.082
GLOBAL,LNDAGRFJIC01,WTREVTFJI,8,2036,0.082
GLOBAL,LNDAGRFJIC01,WTREVTFJI,8,2037,0.082
GLOBAL,LNDAGRFJIC01,WTREVTFJI,8,2038,0.082
GLOBAL,LNDAGRFJIC01,WTREVTFJI,8,2039,0.082
GLOBAL,LNDAGRFJIC01,WTREVTFJI,8,2040,0.082
GLOBAL,LNDAGRFJIC01,WTREVTFJI,8,2041,0.082
GLOBAL,LNDAGRFJIC01,WTREVTFJI,8,2042,0.082
GLOBAL,LNDAGRFJIC01,WTREVTFJI,8,2043,0.082
GLOBAL,LNDAGRFJIC01,WTREVTFJI,8,2044,0.082
GLOBAL,LNDAGRFJIC01,WTREVTFJI,8,2045,0.082
GLOBAL,LNDAGRFJIC01,WTREVTFJI,8,2046,0.082
GLOBAL,LNDAGRFJIC01,WTREVTFJI,8,2047,0.082
GLOBAL,LNDAGRFJIC01,WTREVTFJI,8,2048,0.082
GLOBAL,LNDAGRFJIC01,WTREVTFJI,8,2049,0.082
GLOBAL,LNDAGRFJIC01,WTREVTFJI,8,2050,0.082
GLOBAL,LNDAGRFJIC01,WTRGRCFJI,8,2020,0.13
GLOBAL,LNDAGRFJIC01,WTRGRCFJI,8,2021,0.13
GLOBAL,LNDAGRFJIC01,WTRGRCFJI,8,2022,0.13
GLOBAL,LNDAGRFJIC01,WTRGRCFJI,8,2023,0.13
GLOBAL,LNDAGRFJIC01,WTRGRCFJI,8,2024,0.13
GLOBAL,LNDAGRFJIC01,WTRGRCFJI,8,2025,0.13
GLOBAL,LNDAGRFJIC01,WTRGRCFJI,8,2026,0.13
GLOBAL,LNDAGRFJIC01,WTRGRCFJI,8,2027,0.13
GLOBAL,LNDAGRFJIC01,WTRGRCFJI,8,2028,0.13
GLOBAL,LNDAGRFJIC01,WTRGRCFJI,8,2029,0.13
GLOBAL,LNDAGRFJIC01,WTRGRCFJI,8,2030,0.13
GLOBAL,LNDAGRFJIC01,WTRGRCFJI,8,2031,0.13
GLOBAL,LNDAGRFJIC01,WTRGRCFJI,8,2032,0.13
GLOBAL,LNDAGRFJIC01,WTRGRCFJI,8,2033,0.13
GLOBAL,LNDAGRFJIC01,WTRGRCFJI,8,2034,0.13
GLOBAL,LNDAGRFJIC01,WTRGRCFJI,8,2035,0.13
GLOBAL,LNDAGRFJIC01,WTRGRCFJI,8,2036,0.13
GLOBAL,LNDAGRFJIC01,WTRGRCFJI,8,2037,0.13
GLOBAL,LNDAGRFJIC01,WTRGRCFJI,8,2038,0.13
GLOBAL,LNDAGRFJIC01,WTRGRCFJI,8,2039,0.13
GLOBAL,LNDAGRFJIC01,WTRGRCFJI,8,2040,0.13
GLOBAL,LNDAGRFJIC01,WTRGRCFJI,8,2041,0.13
GLOBAL,LNDAGRFJIC01,WTRGRCFJI,8,2042,0.13
GLOBAL,LNDAGRFJIC01,WTRGRCFJI,8,2043,0.13
GLOBAL,LNDAGRFJIC01,WTRGRCFJI,8,2044,0.13
GLOBAL,LNDAGRFJIC01,WTRGRCFJI,8,2045,0.13
GLOBAL,LNDAGRFJIC01,WTRGRCFJI,8,2046,0.13
GLOBAL,LNDAGRFJIC01,WTRGRCFJI,8,2047,0.13
GLOBAL,LNDAGRFJIC01,WTRGRCFJI,8,2048,0.13
GLOBAL,LNDAGRFJIC01,WTRGRCFJI,8,2049,0.13
GLOBAL,LNDAGRFJIC01,WTRGRCFJI,8,2050,0.13
GLOBAL,LNDAGRFJIC01,WTRSURFJI,8,2020,2.5
GLOBAL,LNDAGRFJIC01,WTRSURFJI,8,2021,2.5
GLOBAL,LNDAGRFJIC01,WTRSURFJI,8,2022,2.5
GLOBAL,LNDAGRFJIC01,WTRSURFJI,8,2023,2.5
GLOBAL,LNDAGRFJIC01,WTRSURFJI,8,2024,2.5
GLOBAL,LNDAGRFJIC01,WTRSURFJI,8,2025,2.5
GLOBAL,LNDAGRFJIC01,WTRSURFJI,8,2026,2.5
GLOBAL,LNDAGRFJIC01,WTRSURFJI,8,2027,2.5
GLOBAL,LNDAGRFJIC01,WTRSURFJI,8,2028,2.5
GLOBAL,LNDAGRFJIC01,WTRSURFJI,8,2029,2.5
GLOBAL,LNDAGRFJIC01,WTRSURFJI,8,2030,2.5
GLOBAL,LNDAGRFJIC01,WTRSURFJI,8,2031,2.5
GLOBAL,LNDAGRFJIC01,WTRSURFJI,8,2032,2.5
GLOBAL,LNDAGRFJIC01,WTRSURFJI,8,2033,2.5
GLOBAL,LNDAGRFJIC01,WTRSURFJI,8,2034,2.5
GLOBAL,LNDAGRFJIC01,WTRSURFJI,8,2035,2.5
GLOBAL,LNDAGRFJIC01,WTRSURFJI,8,2036,2.5
GLOBAL,LNDAGRFJIC01,WTRSURFJI,8,2037,2.5
GLOBAL,LNDAGRFJIC01,WTRSURFJI,8,2038,2.5
GLOBAL,LNDAGRFJIC01,WTRSURFJI,8,2039,2.5
GLOBAL,LNDAGRFJIC01,WTRSURFJI,8,2040,2.5
GLOBAL,LNDAGRFJIC01,WTRSURFJI,8,2041,2.5
GLOBAL,LNDAGRFJIC01,WTRSURFJI,8,2042,2.5
GLOBAL,LNDAGRFJIC01,WTRSURFJI,8,2043,2.5
GLOBAL,LNDAGRFJIC01,WTRSURFJI,8,2044,2.5
GLOBAL,LNDAGRFJIC01,WTRSURFJI,8,2045,2.5
GLOBAL,LNDAGRFJIC01,WTRSURFJI,8,2046,2.5
GLOBAL,LNDAGRFJIC01,WTRSURFJI,8,2047,2.5
GLOBAL,LNDAGRFJIC01,WTRSURFJI,8,2048,2.5
GLOBAL,LNDAGRFJIC01,WTRSURFJI,8,2049,2.5
GLOBAL,LNDAGRFJIC01,WTRSURFJI,8,2050,2.5
GLOBAL,LNDAGRFJIC01,CRPCON,9,2020,0.039
GLOBAL,LNDAGRFJIC01,CRPCON,9,2021,0.039
GLOBAL,LNDAGRFJIC01,CRPCON,9,2022,0.039
GLOBAL,LNDAGRFJIC01,CRPCON,9,2023,0.039
GLOBAL,LNDAGRFJIC01,CRPCON,9,2024,0.039
GLOBAL,LNDAGRFJIC01,CRPCON,9,2025,0.039
GLOBAL,LNDAGRFJIC01,CRPCON,9,2026,0.039
GLOBAL,LNDAGRFJIC01,CRPCON,9,2027,0.039
GLOBAL,LNDAGRFJIC01,CRPCON,9,2028,0.039
GLOBAL,LNDAGRFJIC01,CRPCON,9,2029,0.039
GLOBAL,LNDAGRFJIC01,CRPCON,9,2030,0.039
GLOBAL,LNDAGRFJIC01,CRPCON,9,2031,0.039
GLOBAL,LNDAGRFJIC01,CRPCON,9,2032,0.039
GLOBAL,LNDAGRFJIC01,CRPCON,9,2033,0.039
GLOBAL,LNDAGRFJIC01,CRPCON,9,2034,0.039
GLOBAL,LNDAGRFJIC01,CRPCON,9,2035,0.039
GLOBAL,LNDAGRFJIC01,CRPCON,9,2036,0.039
GLOBAL,LNDAGRFJIC01,CRPCON,9,2037,0.039
GLOBAL,LNDAGRFJIC01,CRPCON,9,2038,0.039
GLOBAL,LNDAGRFJIC01,CRPCON,9,2039,0.039
GLOBAL,LNDAGRFJIC01,CRPCON,9,2040,0.039
GLOBAL,LNDAGRFJIC01,CRPCON,9,2041,0.039
GLOBAL,LNDAGRFJIC01,CRPCON,9,2042,0.039
GLOBAL,LNDAGRFJIC01,CRPCON,9,2043,0.039
GLOBAL,LNDAGRFJIC01,CRPCON,9,2044,0.039
GLOBAL,LNDAGRFJIC01,CRPCON,9,2045,0.039
GLOBAL,LNDAGRFJIC01,CRPCON,9,2046,0.039
GLOBAL,LNDAGRFJIC01,CRPCON,9,2047,0.039
GLOBAL,LNDAGRFJIC01,CRPCON,9,2048,0.039
GLOBAL,LNDAGRFJIC01,CRPCON,9,2049,0.039
GLOBAL,LNDAGRFJIC01,CRPCON,9,2050,0.039
GLOBAL,LNDAGRFJIC01,WTREVTFJI,9,2020,0.071
GLOBAL,LNDAGRFJIC01,WTREVTFJI,9,2021,0.071
GLOBAL,LNDAGRFJIC01,WTREVTFJI,9,2022,0.071
GLOBAL,LNDAGRFJIC01,WTREVTFJI,9,2023,0.071
GLOBAL,LNDAGRFJIC01,WTREVTFJI,9,2024,0.071
GLOBAL,LNDAGRFJIC01,WTREVTFJI,9,2025,0.071
GLOBAL,LNDAGRFJIC01,WTREVTFJI,9,2026,0.071
GLOBAL,LNDAGRFJIC01,WTREVTFJI,9,2027,0.071
GLOBAL,LNDAGRFJIC01,WTREVTFJI,9,2028,0.071
GLOBAL,LNDAGRFJIC01,WTREVTFJI,9,2029,0.071
GLOBAL,LNDAGRFJIC01,WTREVTFJI,9,2030,0.071
GLOBAL,LNDAGRFJIC01,WTREVTFJI,9,2031,0.071
GLOBAL,LNDAGRFJIC01,WTREVTFJI,9,2032,0.071
GLOBAL,LNDAGRFJIC01,WTREVTFJI,9,2033,0.071
GLOBAL,LNDAGRFJIC01,WTREVTFJI,9,2034,0.071
GLOBAL,LNDAGRFJIC01,WTREVTFJI,9,2035,0.071
GLOBAL,LNDAGRFJIC01,WTREVTFJI,9,2036,0.071
GLOBAL,LNDAGRFJIC01,WTREVTFJI,9,2037,0.071
GLOBAL,LNDAGRFJIC01,WTREVTFJI,9,2038,0.071
GLOBAL,LNDAGRFJIC01,WTREVTFJI,9,2039,0.071
GLOBAL,LNDAGRFJIC01,WTREVTFJI,9,2040,0.071
GLOBAL,LNDAGRFJIC01,WTREVTFJI,9,2041,0.071
GLOBAL,LNDAGRFJIC01,WTREVTFJI,9,2042,0.071
GLOBAL,LNDAGRFJIC01,WTREVTFJI,9,2043,0.071
GLOBAL,LNDAGRFJIC01,WTREVTFJI,9,2044,0.071
GLOBAL,LNDAGRFJIC01,WTREVTFJI,9,2045,0.071
GLOBAL,LNDAGRFJIC01,WTREVTFJI,9,2046,0.071
GLOBAL,LNDAGRFJIC01,WTREVTFJI,9,2047,0.071
GLOBAL,LNDAGRFJIC01,WTREVTFJI,9,2048,0.071
GLOBAL,LNDAGRFJIC01,WTREVTFJI,9,2049,0.071
GLOBAL,LNDAGRFJIC01,WTREVTFJI,9,2050,0.071
GLOBAL,LNDAGRFJIC01,WTRGRCFJI,9,2020,0.13
GLOBAL,LNDAGRFJIC01,WTRGRCFJI,9,2021,0.13
GLOBAL,LNDAGRFJIC01,WTRGRCFJI,9,2022,0.13
GLOBAL,LNDAGRFJIC01,WTRGRCFJI,9,2023,0.13
GLOBAL,LNDAGRFJIC01,WTRGRCFJI,9,2024,0.13
GLOBAL,LNDAGRFJIC01,WTRGRCFJI,9,2025,0.13
GLOBAL,LNDAGRFJIC01,WTRGRCFJI,9,2026,0.13
GLOBAL,LNDAGRFJIC01,WTRGRCFJI,9,2027,0.13
GLOBAL,LNDAGRFJIC01,WTRGRCFJI,9,2028,0.13
GLOBAL,LNDAGRFJIC01,WTRGRCFJI,9,2029,0.13
GLOBAL,LNDAGRFJIC01,WTRGRCFJI,9,2030,0.13
GLOBAL,LNDAGRFJIC01,WTRGRCFJI,9,2031,0.13
GLOBAL,LNDAGRFJIC01,WTRGRCFJI,9,2032,0.13
GLOBAL,LNDAGRFJIC01,WTRGRCFJI,9,2033,0.13
GLOBAL,LNDAGRFJIC01,WTRGRCFJI,9,2034,0.13
GLOBAL,LNDAGRFJIC01,WTRGRCFJI,9,2035,0.13
GLOBAL,LNDAGRFJIC01,WTRGRCFJI,9,2036,0.13
GLOBAL,LNDAGRFJIC01,WTRGRCFJI,9,2037,0.13
GLOBAL,LNDAGRFJIC01,WTRGRCFJI,9,2038,0.13
GLOBAL,LNDAGRFJIC01,WTRGRCFJI,9,2039,0.13
GLOBAL,LNDAGRFJIC01,WTRGRCFJI,9,2040,0.13
GLOBAL,LNDAGRFJIC01,WTRGRCFJI,9,2041,0.13
GLOBAL,LNDAGRFJIC01,WTRGRCFJI,9,2042,0.13
GLOBAL,LNDAGRFJIC01,WTRGRCFJI,9,2043,0.13
GLOBAL,LNDAGRFJIC01,WTRGRCFJI,9,2044,0.13
GLOBAL,LNDAGRFJIC01,WTRGRCFJI,9,2045,0.13
GLOBAL,LNDAGRFJIC01,WTRGRCFJI,9,2046,0.13
GLOBAL,LNDAGRFJIC01,WTRGRCFJI,9,2047,0.13
GLOBAL,LNDAGRFJIC01,WTRGRCFJI,9,2048,0.13
GLOBAL,LNDAGRFJIC01,WTRGRCFJI,9,2049,0.13
GLOBAL,LNDAGRFJIC01,WTRGRCFJI,9,2050,0.13
GLOBAL,LNDAGRFJIC01,WTRSURFJI,9,2020,2.5
GLOBAL,LNDAGRFJIC01,WTRSURFJI,9,2021,2.5
GLOBAL,LNDAGRFJIC01,WTRSURFJI,9,2022,2.5
GLOBAL,LNDAGRFJIC01,WTRSURFJI,9,2023,2.5
GLOBAL,LNDAGRFJIC01,WTRSURFJI,9,2024,2.5
GLOBAL,LNDAGRFJIC01,WTRSURFJI,9,2025,2.5
GLOBAL,LNDAGRFJIC01,WTRSURFJI,9,2026,2.5
GLOBAL,LNDAGRFJIC01,WTRSURFJI,9,2027,2.5
GLOBAL,LNDAGRFJIC01,WTRSURFJI,9,2028,2.5
GLOBAL,LNDAGRFJIC01,WTRSURFJI,9,2029,2.5
GLOBAL,LNDAGRFJIC01,WTRSURFJI,9,2030,2.5
GLOBAL,LNDAGRFJIC01,WTRSURFJI,9,2031,2.5
GLOBAL,LNDAGRFJIC01,WTRSURFJI,9,2032,2.5
GLOBAL,LNDAGRFJIC01,WTRSURFJI,9,2033,2.5
GLOBAL,LNDAGRFJIC01,WTRSURFJI,9,2034,2.5
GLOBAL,LNDAGRFJIC01,WTRSURFJI,9,2035,2.5
GLOBAL,LNDAGRFJIC01,WTRSURFJI,9,2036,2.5
GLOBAL,LNDAGRFJIC01,WTRSURFJI,9,2037,2.5
GLOBAL,LNDAGRFJIC01,WTRSURFJI,9,2038,2.5
GLOBAL,LNDAGRFJIC01,WTRSURFJI,9,2039,2.5
GLOBAL,LNDAGRFJIC01,WTRSURFJI,9,2040,2.5
GLOBAL,LNDAGRFJIC01,WTRSURFJI,9,2041,2.5
GLOBAL,LNDAGRFJIC01,WTRSURFJI,9,2042,2.5
GLOBAL,LNDAGRFJIC01,WTRSURFJI,9,2043,2.5
GLOBAL,LNDAGRFJIC01,WTRSURFJI,9,2044,2.5
GLOBAL,LNDAGRFJIC01,WTRSURFJI,9,2045,2.5
GLOBAL,LNDAGRFJIC01,WTRSURFJI,9,2046,2.5
GLOBAL,LNDAGRFJIC01,WTRSURFJI,9,2047,2.5
GLOBAL,LNDAGRFJIC01,WTRSURFJI,9,2048,2.5
GLOBAL,LNDAGRFJIC01,WTRSURFJI,9,2049,2.5
GLOBAL,LNDAGRFJIC01,WTRSURFJI,9,2050,2.5
GLOBAL,LNDAGRFJIC01,CRPCON,10,2020,0.0063
GLOBAL,LNDAGRFJIC01,CRPCON,10,2021,0.0063
GLOBAL,LNDAGRFJIC01,CRPCON,10,2022,0.0063
GLOBAL,LNDAGRFJIC01,CRPCON,10,2023,0.0063
GLOBAL,LNDAGRFJIC01,CRPCON,10,2024,0.0063
GLOBAL,LNDAGRFJIC01,CRPCON,10,2025,0.0063
GLOBAL,LNDAGRFJIC01,CRPCON,10,2026,0.0063
GLOBAL,LNDAGRFJIC01,CRPCON,10,2027,0.0063
GLOBAL,LNDAGRFJIC01,CRPCON,10,2028,0.0063
GLOBAL,LNDAGRFJIC01,CRPCON,10,2029,0.0063
GLOBAL,LNDAGRFJIC01,CRPCON,10,2030,0.0063
GLOBAL,LNDAGRFJIC01,CRPCON,10,2031,0.0063
GLOBAL,LNDAGRFJIC01,CRPCON,10,2032,0.0063
GLOBAL,LNDAGRFJIC01,CRPCON,10,2033,0.0063
GLOBAL,LNDAGRFJIC01,CRPCON,10,2034,0.0063
GLOBAL,LNDAGRFJIC01,CRPCON,10,2035,0.0063
GLOBAL,LNDAGRFJIC01,CRPCON,10,2036,0.0063
GLOBAL,LNDAGRFJIC01,CRPCON,10,2037,0.0063
GLOBAL,LNDAGRFJIC01,CRPCON,10,2038,0.0063
GLOBAL,LNDAGRFJIC01,CRPCON,10,2039,0.0063
GLOBAL,LNDAGRFJIC01,CRPCON,10,2040,0.0063
GLOBAL,LNDAGRFJIC01,CRPCON,10,2041,0.0063
GLOBAL,LNDAGRFJIC01,CRPCON,10,2042,0.0063
GLOBAL,LNDAGRFJIC01,CRPCON,10,2043,0.0063
GLOBAL,LNDAGRFJIC01,CRPCON,10,2044,0.0063
GLOBAL,LNDAGRFJIC01,CRPCON,10,2045,0.0063
GLOBAL,LNDAGRFJIC01,CRPCON,10,2046,0.0063
GLOBAL,LNDAGRFJIC01,CRPCON,10,2047,0.0063
GLOBAL,LNDAGRFJIC01,CRPCON,10,2048,0.0063
GLOBAL,LNDAGRFJIC01,CRPCON,10,2049,0.0063
GLOBAL,LNDAGRFJIC01,CRPCON,10,2050,0.0063
GLOBAL,LNDAGRFJIC01,WTREVTFJI,10,2020,0.036
GLOBAL,LNDAGRFJIC01,WTREVTFJI,10,2021,0.036
GLOBAL,LNDAGRFJIC01,WTREVTFJI,10,2022,0.036
GLOBAL,LNDAGRFJIC01,WTREVTFJI,10,2023,0.036
GLOBAL,LNDAGRFJIC01,WTREVTFJI,10,2024,0.036
GLOBAL,LNDAGRFJIC01,WTREVTFJI,10,2025,0.036
GLOBAL,LNDAGRFJIC01,WTREVTFJI,10,2026,0.036
GLOBAL,LNDAGRFJIC01,WTREVTFJI,10,2027,0.036
GLOBAL,LNDAGRFJIC01,WTREVTFJI,10,2028,0.036
GLOBAL,LNDAGRFJIC01,WTREVTFJI,10,2029,0.036
GLOBAL,LNDAGRFJIC01,WTREVTFJI,10,2030,0.036
GLOBAL,LNDAGRFJIC01,WTREVTFJI,10,2031,0.036
GLOBAL,LNDAGRFJIC01,WTREVTFJI,10,2032,0.036
GLOBAL,LNDAGRFJIC01,WTREVTFJI,10,2033,0.036
GLOBAL,LNDAGRFJIC01,WTREVTFJI,10,2034,0.036
GLOBAL,LNDAGRFJIC01,WTREVTFJI,10,2035,0.036
GLOBAL,LNDAGRFJIC01,WTREVTFJI,10,2036,0.036
GLOBAL,LNDAGRFJIC01,WTREVTFJI,10,2037,0.036
GLOBAL,LNDAGRFJIC01,WTREVTFJI,10,2038,0.036
GLOBAL,LNDAGRFJIC01,WTREVTFJI,10,2039,0.036
GLOBAL,LNDAGRFJIC01,WTREVTFJI,10,2040,0.036
GLOBAL,LNDAGRFJIC01,WTREVTFJI,10,2041,0.036
GLOBAL,LNDAGRFJIC01,WTREVTFJI,10,2042,0.036
GLOBAL,LNDAGRFJIC01,WTREVTFJI,10,2043,0.036
GLOBAL,LNDAGRFJIC01,WTREVTFJI,10,2044,0.036
GLOBAL,LNDAGRFJIC01,WTREVTFJI,10,2045,0.036
GLOBAL,LNDAGRFJIC01,WTREVTFJI,10,2046,0.036
GLOBAL,LNDAGRFJIC01,WTREVTFJI,10,2047,0.036
GLOBAL,LNDAGRFJIC01,WTREVTFJI,10,2048,0.036
GLOBAL,LNDAGRFJIC01,WTREVTFJI,10,2049,0.036
GLOBAL,LNDAGRFJIC01,WTREVTFJI,10,2050,0.036
GLOBAL,LNDAGRFJIC01,WTRGRCFJI,10,2020,0.14
GLOBAL,LNDAGRFJIC01,WTRGRCFJI,10,2021,0.14
GLOBAL,LNDAGRFJIC01,WTRGRCFJI,10,2022,0.14
GLOBAL,LNDAGRFJIC01,WTRGRCFJI,10,2023,0.14
GLOBAL,LNDAGRFJIC01,WTRGRCFJI,10,2024,0.14
GLOBAL,LNDAGRFJIC01,WTRGRCFJI,10,2025,0.14
GLOBAL,LNDAGRFJIC01,WTRGRCFJI,10,2026,0.14
GLOBAL,LNDAGRFJIC01,WTRGRCFJI,10,2027,0.14
GLOBAL,LNDAGRFJIC01,WTRGRCFJI,10,2028,0.14
GLOBAL,LNDAGRFJIC01,WTRGRCFJI,10,2029,0.14
GLOBAL,LNDAGRFJIC01,WTRGRCFJI,10,2030,0.14
GLOBAL,LNDAGRFJIC01,WTRGRCFJI,10,2031,0.14
GLOBAL,LNDAGRFJIC01,WTRGRCFJI,10,2032,0.14
GLOBAL,LNDAGRFJIC01,WTRGRCFJI,10,2033,0.14
GLOBAL,LNDAGRFJIC01,WTRGRCFJI,10,2034,0.14
GLOBAL,LNDAGRFJIC01,WTRGRCFJI,10,2035,0.14
GLOBAL,LNDAGRFJIC01,WTRGRCFJI,10,2036,0.14
GLOBAL,LNDAGRFJIC01,WTRGRCFJI,10,2037,0.14
GLOBAL,LNDAGRFJIC01,WTRGRCFJI,10,2038,0.14
GLOBAL,LNDAGRFJIC01,WTRGRCFJI,10,2039,0.14
GLOBAL,LNDAGRFJIC01,WTRGRCFJI,10,2040,0.14
GLOBAL,LNDAGRFJIC01,WTRGRCFJI,10,2041,0.14
GLOBAL,LNDAGRFJIC01,WTRGRCFJI,10,2042,0.14
GLOBAL,LNDAGRFJIC01,WTRGRCFJI,10,2043,0.14
GLOBAL,LNDAGRFJIC01,WTRGRCFJI,10,2044,0.14
GLOBAL,LNDAGRFJIC01,WTRGRCFJI,10,2045,0.14
GLOBAL,LNDAGRFJIC01,WTRGRCFJI,10,2046,0.14
GLOBAL,LNDAGRFJIC01,WTRGRCFJI,10,2047,0.14
GLOBAL,LNDAGRFJIC01,WTRGRCFJI,10,2048,0.14
GLOBAL,LNDAGRFJIC01,WTRGRCFJI,10,2049,0.14
GLOBAL,LNDAGRFJIC01,WTRGRCFJI,10,2050,0.14
GLOBAL,LNDAGRFJIC01,WTRSURFJI,10,2020,2.5
GLOBAL,LNDAGRFJIC01,WTRSURFJI,10,2021,2.5
GLOBAL,LNDAGRFJIC01,WTRSURFJI,10,2022,2.5
GLOBAL,LNDAGRFJIC01,WTRSURFJI,10,2023,2.5
GLOBAL,LNDAGRFJIC01,WTRSURFJI,10,2024,2.5
GLOBAL,LNDAGRFJIC01,WTRSURFJI,10,2025,2.5
GLOBAL,LNDAGRFJIC01,WTRSURFJI,10,2026,2.5
GLOBAL,LNDAGRFJIC01,WTRSURFJI,10,2027,2.5
GLOBAL,LNDAGRFJIC01,WTRSURFJI,10,2028,2.5
GLOBAL,LNDAGRFJIC01,WTRSURFJI,10,2029,2.5
GLOBAL,LNDAGRFJIC01,WTRSURFJI,10,2030,2.5
GLOBAL,LNDAGRFJIC01,WTRSURFJI,10,2031,2.5
GLOBAL,LNDAGRFJIC01,WTRSURFJI,10,2032,2.5
GLOBAL,LNDAGRFJIC01,WTRSURFJI,10,2033,2.5
GLOBAL,LNDAGRFJIC01,WTRSURFJI,10,2034,2.5
GLOBAL,LNDAGRFJIC01,WTRSURFJI,10,2035,2.5
GLOBAL,LNDAGRFJIC01,WTRSURFJI,10,2036,2.5
GLOBAL,LNDAGRFJIC01,WTRSURFJI,10,2037,2.5
GLOBAL,LNDAGRFJIC01,WTRSURFJI,10,2038,2.5
GLOBAL,LNDAGRFJIC01,WTRSURFJI,10,2039,2.5
GLOBAL,LNDAGRFJIC01,WTRSURFJI,10,2040,2.5
GLOBAL,LNDAGRFJIC01,WTRSURFJI,10,2041,2.5
GLOBAL,LNDAGRFJIC01,WTRSURFJI,10,2042,2.5
GLOBAL,LNDAGRFJIC01,WTRSURFJI,10,2043,2.5
GLOBAL,LNDAGRFJIC01,WTRSURFJI,10,2044,2.5
GLOBAL,LNDAGRFJIC01,WTRSURFJI,10,2045,2.5
GLOBAL,LNDAGRFJIC01,WTRSURFJI,10,2046,2.5
GLOBAL,LNDAGRFJIC01,WTRSURFJI,10,2047,2.5
GLOBAL,LNDAGRFJIC01,WTRSURFJI,10,2048,2.5
GLOBAL,LNDAGRFJIC01,WTRSURFJI,10,2049,2.5
GLOBAL,LNDAGRFJIC01,WTRSURFJI,10,2050,2.5
GLOBAL,LNDAGRFJIC01,CRPCAS,11,2020,0.98
GLOBAL,LNDAGRFJIC01,CRPCAS,11,2021,0.98
GLOBAL,LNDAGRFJIC01,CRPCAS,11,2022,0.98
GLOBAL,LNDAGRFJIC01,CRPCAS,11,2023,0.98
GLOBAL,LNDAGRFJIC01,CRPCAS,11,2024,0.98
GLOBAL,LNDAGRFJIC01,CRPCAS,11,2025,0.98
GLOBAL,LNDAGRFJIC01,CRPCAS,11,2026,0.98
GLOBAL,LNDAGRFJIC01,CRPCAS,11,2027,0.98
GLOBAL,LNDAGRFJIC01,CRPCAS,11,2028,0.98
GLOBAL,LNDAGRFJIC01,CRPCAS,11,2029,0.98
GLOBAL,LNDAGRFJIC01,CRPCAS,11,2030,0.98
GLOBAL,LNDAGRFJIC01,CRPCAS,11,2031,0.98
GLOBAL,LNDAGRFJIC01,CRPCAS,11,2032,0.98
GLOBAL,LNDAGRFJIC01,CRPCAS,11,2033,0.98
GLOBAL,LNDAGRFJIC01,CRPCAS,11,2034,0.98
GLOBAL,LNDAGRFJIC01,CRPCAS,11,2035,0.98
GLOBAL,LNDAGRFJIC01,CRPCAS,11,2036,0.98
GLOBAL,LNDAGRFJIC01,CRPCAS,11,2037,0.98
GLOBAL,LNDAGRFJIC01,CRPCAS,11,2038,0.98
GLOBAL,LNDAGRFJIC01,CRPCAS,11,2039,0.98
GLOBAL,LNDAGRFJIC01,CRPCAS,11,2040,0.98
GLOBAL,LNDAGRFJIC01,CRPCAS,11,2041,0.98
GLOBAL,LNDAGRFJIC01,CRPCAS,11,2042,0.98
GLOBAL,LNDAGRFJIC01,CRPCAS,11,2043,0.98
GLOBAL,LNDAGRFJIC01,CRPCAS,11,2044,0.98
GLOBAL,LNDAGRFJIC01,CRPCAS,11,2045,0.98
GLOBAL,LNDAGRFJIC01,CRPCAS,11,2046,0.98
GLOBAL,LNDAGRFJIC01,CRPCAS,11,2047,0.98
GLOBAL,LNDAGRFJIC01,CRPCAS,11,2048,0.98
GLOBAL,LNDAGRFJIC01,CRPCAS,11,2049,0.98
GLOBAL,LNDAGRFJIC01,CRPCAS,11,2050,0.98
GLOBAL,LNDAGRFJIC01,WTREVTFJI,11,2020,1.4
GLOBAL,LNDAGRFJIC01,WTREVTFJI,11,2021,1.4
GLOBAL,LNDAGRFJIC01,WTREVTFJI,11,2022,1.4
GLOBAL,LNDAGRFJIC01,WTREVTFJI,11,2023,1.4
GLOBAL,LNDAGRFJIC01,WTREVTFJI,11,2024,1.4
GLOBAL,LNDAGRFJIC01,WTREVTFJI,11,2025,1.4
GLOBAL,LNDAGRFJIC01,WTREVTFJI,11,2026,1.4
GLOBAL,LNDAGRFJIC01,WTREVTFJI,11,2027,1.4
GLOBAL,LNDAGRFJIC01,WTREVTFJI,11,2028,1.4
GLOBAL,LNDAGRFJIC01,WTREVTFJI,11,2029,1.4
GLOBAL,LNDAGRFJIC01,WTREVTFJI,11,2030,1.4
GLOBAL,LNDAGRFJIC01,WTREVTFJI,11,2031,1.4
GLOBAL,LNDAGRFJIC01,WTREVTFJI,11,2032,1.4
GLOBAL,LNDAGRFJIC01,WTREVTFJI,11,2033,1.4
GLOBAL,LNDAGRFJIC01,WTREVTFJI,11,2034,1.4
GLOBAL,LNDAGRFJIC01,WTREVTFJI,11,2035,1.4
GLOBAL,LNDAGRFJIC01,WTREVTFJI,11,2036,1.4
GLOBAL,LNDAGRFJIC01,WTREVTFJI,11,2037,1.4
GLOBAL,LNDAGRFJIC01,WTREVTFJI,11,2038,1.4
GLOBAL,LNDAGRFJIC01,WTREVTFJI,11,2039,1.4
GLOBAL,LNDAGRFJIC01,WTREVTFJI,11,2040,1.4
GLOBAL,LNDAGRFJIC01,WTREVTFJI,11,2041,1.4
GLOBAL,LNDAGRFJIC01,WTREVTFJI,11,2042,1.4
GLOBAL,LNDAGRFJIC01,WTREVTFJI,11,2043,1.4
GLOBAL,LNDAGRFJIC01,WTREVTFJI,11,2044,1.4
GLOBAL,LNDAGRFJIC01,WTREVTFJI,11,2045,1.4
GLOBAL,LNDAGRFJIC01,WTREVTFJI,11,2046,1.4
GLOBAL,LNDAGRFJIC01,WTREVTFJI,11,2047,1.4
GLOBAL,LNDAGRFJIC01,WTREVTFJI,11,2048,1.4
GLOBAL,LNDAGRFJIC01,WTREVTFJI,11,2049,1.4
GLOBAL,LNDAGRFJIC01,WTREVTFJI,11,2050,1.4
GLOBAL,LNDAGRFJIC01,WTRGRCFJI,11,2020,0.066
GLOBAL,LNDAGRFJIC01,WTRGRCFJI,11,2021,0.066
GLOBAL,LNDAGRFJIC01,WTRGRCFJI,11,2022,0.066
GLOBAL,LNDAGRFJIC01,WTRGRCFJI,11,2023,0.066
GLOBAL,LNDAGRFJIC01,WTRGRCFJI,11,2024,0.066
GLOBAL,LNDAGRFJIC01,WTRGRCFJI,11,2025,0.066
GLOBAL,LNDAGRFJIC01,WTRGRCFJI,11,2026,0.066
GLOBAL,LNDAGRFJIC01,WTRGRCFJI,11,2027,0.066
GLOBAL,LNDAGRFJIC01,WTRGRCFJI,11,2028,0.066
GLOBAL,LNDAGRFJIC01,WTRGRCFJI,11,2029,0.066
GLOBAL,LNDAGRFJIC01,WTRGRCFJI,11,2030,0.066
GLOBAL,LNDAGRFJIC01,WTRGRCFJI,11,2031,0.066
GLOBAL,LNDAGRFJIC01,WTRGRCFJI,11,2032,0.066
GLOBAL,LNDAGRFJIC01,WTRGRCFJI,11,2033,0.066
GLOBAL,LNDAGRFJIC01,WTRGRCFJI,11,2034,0.066
GLOBAL,LNDAGRFJIC01,WTRGRCFJI,11,2035,0.066
GLOBAL,LNDAGRFJIC01,WTRGRCFJI,11,2036,0.066
GLOBAL,LNDAGRFJIC01,WTRGRCFJI,11,2037,0.066
GLOBAL,LNDAGRFJIC01,WTRGRCFJI,11,2038,0.066
GLOBAL,LNDAGRFJIC01,WTRGRCFJI,11,2039,0.066
GLOBAL,LNDAGRFJIC01,WTRGRCFJI,11,2040,0.066
GLOBAL,LNDAGRFJIC01,WTRGRCFJI,11,2041,0.066
GLOBAL,LNDAGRFJIC01,WTRGRCFJI,11,2042,0.066
GLOBAL,LNDAGRFJIC01,WTRGRCFJI,11,2043,0.066
GLOBAL,LNDAGRFJIC01,WTRGRCFJI,11,2044,0.066
GLOBAL,LNDAGRFJIC01,WTRGRCFJI,11,2045,0.066
GLOBAL,LNDAGRFJIC01,WTRGRCFJI,11,2046,0.066
GLOBAL,LNDAGRFJIC01,WTRGRCFJI,11,2047,0.066
GLOBAL,LNDAGRFJIC01,WTRGRCFJI,11,2048,0.066
GLOBAL,LNDAGRFJIC01,WTRGRCFJI,11,2049,0.066
GLOBAL,LNDAGRFJIC01,WTRGRCFJI,11,2050,0.066
GLOBAL,LNDAGRFJIC01,WTRSURFJI,11,2020,1.2
GLOBAL,LNDAGRFJIC01,WTRSURFJI,11,2021,1.2
GLOBAL,LNDAGRFJIC01,WTRSURFJI,11,2022,1.2
GLOBAL,LNDAGRFJIC01,WTRSURFJI,11,2023,1.2
GLOBAL,LNDAGRFJIC01,WTRSURFJI,11,2024,1.2
GLOBAL,LNDAGRFJIC01,WTRSURFJI,11,2025,1.2
GLOBAL,LNDAGRFJIC01,WTRSURFJI,11,2026,1.2
GLOBAL,LNDAGRFJIC01,WTRSURFJI,11,2027,1.2
GLOBAL,LNDAGRFJIC01,WTRSURFJI,11,2028,1.2
GLOBAL,LNDAGRFJIC01,WTRSURFJI,11,2029,1.2
GLOBAL,LNDAGRFJIC01,WTRSURFJI,11,2030,1.2
GLOBAL,LNDAGRFJIC01,WTRSURFJI,11,2031,1.2
GLOBAL,LNDAGRFJIC01,WTRSURFJI,11,2032,1.2
GLOBAL,LNDAGRFJIC01,WTRSURFJI,11,2033,1.2
GLOBAL,LNDAGRFJIC01,WTRSURFJI,11,2034,1.2
GLOBAL,LNDAGRFJIC01,WTRSURFJI,11,2035,1.2
GLOBAL,LNDAGRFJIC01,WTRSURFJI,11,2036,1.2
GLOBAL,LNDAGRFJIC01,WTRSURFJI,11,2037,1.2
GLOBAL,LNDAGRFJIC01,WTRSURFJI,11,2038,1.2
GLOBAL,LNDAGRFJIC01,WTRSURFJI,11,2039,1.2
GLOBAL,LNDAGRFJIC01,WTRSURFJI,11,2040,1.2
GLOBAL,LNDAGRFJIC01,WTRSURFJI,11,2041,1.2
GLOBAL,LNDAGRFJIC01,WTRSURFJI,11,2042,1.2
GLOBAL,LNDAGRFJIC01,WTRSURFJI,11,2043,1.2
GLOBAL,LNDAGRFJIC01,WTRSURFJI,11,2044,1.2
GLOBAL,LNDAGRFJIC01,WTRSURFJI,11,2045,1.2
GLOBAL,LNDAGRFJIC01,WTRSURFJI,11,2046,1.2
GLOBAL,LNDAGRFJIC01,WTRSURFJI,11,2047,1.2
GLOBAL,LNDAGRFJIC01,WTRSURFJI,11,2048,1.2
GLOBAL,LNDAGRFJIC01,WTRSURFJI,11,2049,1.2
GLOBAL,LNDAGRFJIC01,WTRSURFJI,11,2050,1.2
GLOBAL,LNDAGRFJIC01,CRPYAM,12,2020,0.91
GLOBAL,LNDAGRFJIC01,CRPYAM,12,2021,0.91
GLOBAL,LNDAGRFJIC01,CRPYAM,12,2022,0.91
GLOBAL,LNDAGRFJIC01,CRPYAM,12,2023,0.91
GLOBAL,LNDAGRFJIC01,CRPYAM,12,2024,0.91
GLOBAL,LNDAGRFJIC01,CRPYAM,12,2025,0.91
GLOBAL,LNDAGRFJIC01,CRPYAM,12,2026,0.91
GLOBAL,LNDAGRFJIC01,CRPYAM,12,2027,0.91
GLOBAL,LNDAGRFJIC01,CRPYAM,12,2028,0.91
GLOBAL,LNDAGRFJIC01,CRPYAM,12,2029,0.91
GLOBAL,LNDAGRFJIC01,CRPYAM,12,2030,0.91
GLOBAL,LNDAGRFJIC01,CRPYAM,12,2031,0.91
GLOBAL,LNDAGRFJIC01,CRPYAM,12,2032,0.91
GLOBAL,LNDAGRFJIC01,CRPYAM,12,2033,0.91
GLOBAL,LNDAGRFJIC01,CRPYAM,12,2034,0.91
GLOBAL,LNDAGRFJIC01,CRPYAM,12,2035,0.91
GLOBAL,LNDAGRFJIC01,CRPYAM,12,2036,0.91
GLOBAL,LNDAGRFJIC01,CRPYAM,12,2037,0.91
GLOBAL,LNDAGRFJIC01,CRPYAM,12,2038,0.91
GLOBAL,LNDAGRFJIC01,CRPYAM,12,2039,0.91
GLOBAL,LNDAGRFJIC01,CRPYAM,12,2040,0.91
GLOBAL,LNDAGRFJIC01,CRPYAM,12,2041,0.91
GLOBAL,LNDAGRFJIC01,CRPYAM,12,2042,0.91
GLOBAL,LNDAGRFJIC01,CRPYAM,12,2043,0.91
GLOBAL,LNDAGRFJIC01,CRPYAM,12,2044,0.91
GLOBAL,LNDAGRFJIC01,CRPYAM,12,2045,0.91
GLOBAL,LNDAGRFJIC01,CRPYAM,12,2046,0.91
GLOBAL,LNDAGRFJIC01,CRPYAM,12,2047,0.91
GLOBAL,LNDAGRFJIC01,CRPYAM,12,2048,0.91
GLOBAL,LNDAGRFJIC01,CRPYAM,12,2049,0.91
GLOBAL,LNDAGRFJIC01,CRPYAM,12,2050,0.91
GLOBAL,LNDAGRFJIC01,WTREVTFJI,12,2020,1.3
GLOBAL,LNDAGRFJIC01,WTREVTFJI,12,2021,1.3
GLOBAL,LNDAGRFJIC01,WTREVTFJI,12,2022,1.3
GLOBAL,LNDAGRFJIC01,WTREVTFJI,12,2023,1.3
GLOBAL,LNDAGRFJIC01,WTREVTFJI,12,2024,1.3
GLOBAL,LNDAGRFJIC01,WTREVTFJI,12,2025,1.3
GLOBAL,LNDAGRFJIC01,WTREVTFJI,12,2026,1.3
GLOBAL,LNDAGRFJIC01,WTREVTFJI,12,2027,1.3
GLOBAL,LNDAGRFJIC01,WTREVTFJI,12,2028,1.3
GLOBAL,LNDAGRFJIC01,WTREVTFJI,12,2029,1.3
GLOBAL,LNDAGRFJIC01,WTREVTFJI,12,2030,1.3
GLOBAL,LNDAGRFJIC01,WTREVTFJI,12,2031,1.3
GLOBAL,LNDAGRFJIC01,WTREVTFJI,12,2032,1.3
GLOBAL,LNDAGRFJIC01,WTREVTFJI,12,2033,1.3
GLOBAL,LNDAGRFJIC01,WTREVTFJI,12,2034,1.3
GLOBAL,LNDAGRFJIC01,WTREVTFJI,12,2035,1.3
GLOBAL,LNDAGRFJIC01,WTREVTFJI,12,2036,1.3
GLOBAL,LNDAGRFJIC01,WTREVTFJI,12,2037,1.3
GLOBAL,LNDAGRFJIC01,WTREVTFJI,12,2038,1.3
GLOBAL,LNDAGRFJIC01,WTREVTFJI,12,2039,1.3
GLOBAL,LNDAGRFJIC01,WTREVTFJI,12,2040,1.3
GLOBAL,LNDAGRFJIC01,WTREVTFJI,12,2041,1.3
GLOBAL,LNDAGRFJIC01,WTREVTFJI,12,2042,1.3
GLOBAL,LNDAGRFJIC01,WTREVTFJI,12,2043,1.3
GLOBAL,LNDAGRFJIC01,WTREVTFJI,12,2044,1.3
GLOBAL,LNDAGRFJIC01,WTREVTFJI,12,2045,1.3
GLOBAL,LNDAGRFJIC01,WTREVTFJI,12,2046,1.3
GLOBAL,LNDAGRFJIC01,WTREVTFJI,12,2047,1.3
GLOBAL,LNDAGRFJIC01,WTREVTFJI,12,2048,1.3
GLOBAL,LNDAGRFJIC01,WTREVTFJI,12,2049,1.3
GLOBAL,LNDAGRFJIC01,WTREVTFJI,12,2050,1.3
GLOBAL,LNDAGRFJIC01,WTRGRCFJI,12,2020,0.079
GLOBAL,LNDAGRFJIC01,WTRGRCFJI,12,2021,0.079
GLOBAL,LNDAGRFJIC01,WTRGRCFJI,12,2022,0.079
GLOBAL,LNDAGRFJIC01,WTRGRCFJI,12,2023,0.079
GLOBAL,LNDAGRFJIC01,WTRGRCFJI,12,2024,0.079
GLOBAL,LNDAGRFJIC01,WTRGRCFJI,12,2025,0.079
GLOBAL,LNDAGRFJIC01,WTRGRCFJI,12,2026,0.079
GLOBAL,LNDAGRFJIC01,WTRGRCFJI,12,2027,0.079
GLOBAL,LNDAGRFJIC01,WTRGRCFJI,12,2028,0.079
GLOBAL,LNDAGRFJIC01,WTRGRCFJI,12,2029,0.079
GLOBAL,LNDAGRFJIC01,WTRGRCFJI,12,2030,0.079
GLOBAL,LNDAGRFJIC01,WTRGRCFJI,12,2031,0.079
GLOBAL,LNDAGRFJIC01,WTRGRCFJI,12,2032,0.079
GLOBAL,LNDAGRFJIC01,WTRGRCFJI,12,2033,0.079
GLOBAL,LNDAGRFJIC01,WTRGRCFJI,12,2034,0.079
GLOBAL,LNDAGRFJIC01,WTRGRCFJI,12,2035,0.079
GLOBAL,LNDAGRFJIC01,WTRGRCFJI,12,2036,0.079
GLOBAL,LNDAGRFJIC01,WTRGRCFJI,12,2037,0.079
GLOBAL,LNDAGRFJIC01,WTRGRCFJI,12,2038,0.079
GLOBAL,LNDAGRFJIC01,WTRGRCFJI,12,2039,0.079
GLOBAL,LNDAGRFJIC01,WTRGRCFJI,12,2040,0.079
GLOBAL,LNDAGRFJIC01,WTRGRCFJI,12,2041,0.079
GLOBAL,LNDAGRFJIC01,WTRGRCFJI,12,2042,0.079
GLOBAL,LNDAGRFJIC01,WTRGRCFJI,12,2043,0.079
GLOBAL,LNDAGRFJIC01,WTRGRCFJI,12,2044,0.079
GLOBAL,LNDAGRFJIC01,WTRGRCFJI,12,2045,0.079
GLOBAL,LNDAGRFJIC01,WTRGRCFJI,12,2046,0.079
GLOBAL,LNDAGRFJIC01,WTRGRCFJI,12,2047,0.079
GLOBAL,LNDAGRFJIC01,WTRGRCFJI,12,2048,0.079
GLOBAL,LNDAGRFJIC01,WTRGRCFJI,12,2049,0.079
GLOBAL,LNDAGRFJIC01,WTRGRCFJI,12,2050,0.079
GLOBAL,LNDAGRFJIC01,WTRSURFJI,12,2020,1.5
GLOBAL,LNDAGRFJIC01,WTRSURFJI,12,2021,1.5
GLOBAL,LNDAGRFJIC01,WTRSURFJI,12,2022,1.5
GLOBAL,LNDAGRFJIC01,WTRSURFJI,12,2023,1.5
GLOBAL,LNDAGRFJIC01,WTRSURFJI,12,2024,1.5
GLOBAL,LNDAGRFJIC01,WTRSURFJI,12,2025,1.5
GLOBAL,LNDAGRFJIC01,WTRSURFJI,12,2026,1.5
GLOBAL,LNDAGRFJIC01,WTRSURFJI,12,2027,1.5
GLOBAL,LNDAGRFJIC01,WTRSURFJI,12,2028,1.5
GLOBAL,LNDAGRFJIC01,WTRSURFJI,12,2029,1.5
GLOBAL,LNDAGRFJIC01,WTRSURFJI,12,2030,1.5
GLOBAL,LNDAGRFJIC01,WTRSURFJI,12,2031,1.5
GLOBAL,LNDAGRFJIC01,WTRSURFJI,12,2032,1.5
GLOBAL,LNDAGRFJIC01,WTRSURFJI,12,2033,1.5
GLOBAL,LNDAGRFJIC01,WTRSURFJI,12,2034,1.5
GLOBAL,LNDAGRFJIC01,WTRSURFJI,12,2035,1.5
GLOBAL,LNDAGRFJIC01,WTRSURFJI,12,2036,1.5
GLOBAL,LNDAGRFJIC01,WTRSURFJI,12,2037,1.5
GLOBAL,LNDAGRFJIC01,WTRSURFJI,12,2038,1.5
GLOBAL,LNDAGRFJIC01,WTRSURFJI,12,2039,1.5
GLOBAL,LNDAGRFJIC01,WTRSURFJI,12,2040,1.5
GLOBAL,LNDAGRFJIC01,WTRSURFJI,12,2041,1.5
GLOBAL,LNDAGRFJIC01,WTRSURFJI,12,2042,1.5
GLOBAL,LNDAGRFJIC01,WTRSURFJI,12,2043,1.5
GLOBAL,LNDAGRFJIC01,WTRSURFJI,12,2044,1.5
GLOBAL,LNDAGRFJIC01,WTRSURFJI,12,2045,1.5
GLOBAL,LNDAGRFJIC01,WTRSURFJI,12,2046,1.5
GLOBAL,LNDAGRFJIC01,WTRSURFJI,12,2047,1.5
GLOBAL,LNDAGRFJIC01,WTRSURFJI,12,2048,1.5
GLOBAL,LNDAGRFJIC01,WTRSURFJI,12,2049,1.5
GLOBAL,LNDAGRFJIC01,WTRSURFJI,12,2050,1.5
GLOBAL,LNDAGRFJIC01,CRPCAS,13,2020,0.019
GLOBAL,LNDAGRFJIC01,CRPCAS,13,2021,0.019
GLOBAL,LNDAGRFJIC01,CRPCAS,13,2022,0.019
GLOBAL,LNDAGRFJIC01,CRPCAS,13,2023,0.019
GLOBAL,LNDAGRFJIC01,CRPCAS,13,2024,0.019
GLOBAL,LNDAGRFJIC01,CRPCAS,13,2025,0.019
GLOBAL,LNDAGRFJIC01,CRPCAS,13,2026,0.019
GLOBAL,LNDAGRFJIC01,CRPCAS,13,2027,0.019
GLOBAL,LNDAGRFJIC01,CRPCAS,13,2028,0.019
GLOBAL,LNDAGRFJIC01,CRPCAS,13,2029,0.019
GLOBAL,LNDAGRFJIC01,CRPCAS,13,2030,0.019
GLOBAL,LNDAGRFJIC01,CRPCAS,13,2031,0.019
GLOBAL,LNDAGRFJIC01,CRPCAS,13,2032,0.019
GLOBAL,LNDAGRFJIC01,CRPCAS,13,2033,0.019
GLOBAL,LNDAGRFJIC01,CRPCAS,13,2034,0.019
GLOBAL,LNDAGRFJIC01,CRPCAS,13,2035,0.019
GLOBAL,LNDAGRFJIC01,CRPCAS,13,2036,0.019
GLOBAL,LNDAGRFJIC01,CRPCAS,13,2037,0.019
GLOBAL,LNDAGRFJIC01,CRPCAS,13,2038,0.019
GLOBAL,LNDAGRFJIC01,CRPCAS,13,2039,0.019
GLOBAL,LNDAGRFJIC01,CRPCAS,13,2040,0.019
GLOBAL,LNDAGRFJIC01,CRPCAS,13,2041,0.019
GLOBAL,LNDAGRFJIC01,CRPCAS,13,2042,0.019
GLOBAL,LNDAGRFJIC01,CRPCAS,13,2043,0.019
GLOBAL,LNDAGRFJIC01,CRPCAS,13,2044,0.019
GLOBAL,LNDAGRFJIC01,CRPCAS,13,2045,0.019
GLOBAL,LNDAGRFJIC01,CRPCAS,13,2046,0.019
GLOBAL,LNDAGRFJIC01,CRPCAS,13,2047,0.019
GLOBAL,LNDAGRFJIC01,CRPCAS,13,2048,0.019
GLOBAL,LNDAGRFJIC01,CRPCAS,13,2049,0.019
GLOBAL,LNDAGRFJIC01,CRPCAS,13,2050,0.019
GLOBAL,LNDAGRFJIC01,WTREVTFJI,13,2020,0.052
GLOBAL,LNDAGRFJIC01,WTREVTFJI,13,2021,0.052
GLOBAL,LNDAGRFJIC01,WTREVTFJI,13,2022,0.052
GLOBAL,LNDAGRFJIC01,WTREVTFJI,13,2023,0.052
GLOBAL,LNDAGRFJIC01,WTREVTFJI,13,2024,0.052
GLOBAL,LNDAGRFJIC01,WTREVTFJI,13,2025,0.052
GLOBAL,LNDAGRFJIC01,WTREVTFJI,13,2026,0.052
GLOBAL,LNDAGRFJIC01,WTREVTFJI,13,2027,0.052
GLOBAL,LNDAGRFJIC01,WTREVTFJI,13,2028,0.052
GLOBAL,LNDAGRFJIC01,WTREVTFJI,13,2029,0.052
GLOBAL,LNDAGRFJIC01,WTREVTFJI,13,2030,0.052
GLOBAL,LNDAGRFJIC01,WTREVTFJI,13,2031,0.052
GLOBAL,LNDAGRFJIC01,WTREVTFJI,13,2032,0.052
GLOBAL,LNDAGRFJIC01,WTREVTFJI,13,2033,0.052
GLOBAL,LNDAGRFJIC01,WTREVTFJI,13,2034,0.052
GLOBAL,LNDAGRFJIC01,WTREVTFJI,13,2035,0.052
GLOBAL,LNDAGRFJIC01,WTREVTFJI,13,2036,0.052
GLOBAL,LNDAGRFJIC01,WTREVTFJI,13,2037,0.052
GLOBAL,LNDAGRFJIC01,WTREVTFJI,13,2038,0.052
GLOBAL,LNDAGRFJIC01,WTREVTFJI,13,2039,0.052
GLOBAL,LNDAGRFJIC01,WTREVTFJI,13,2040,0.052
GLOBAL,LNDAGRFJIC01,WTREVTFJI,13,2041,0.052
GLOBAL,LNDAGRFJIC01,WTREVTFJI,13,2042,0.052
GLOBAL,LNDAGRFJIC01,WTREVTFJI,13,2043,0.052
GLOBAL,LNDAGRFJIC01,WTREVTFJI,13,2044,0.052
GLOBAL,LNDAGRFJIC01,WTREVTFJI,13,2045,0.052
GLOBAL,LNDAGRFJIC01,WTREVTFJI,13,2046,0.052
GLOBAL,LNDAGRFJIC01,WTREVTFJI,13,2047,0.052
GLOBAL,LNDAGRFJIC01,WTREVTFJI,13,2048,0.052
GLOBAL,LNDAGRFJIC01,WTREVTFJI,13,2049,0.052
GLOBAL,LNDAGRFJIC01,WTREVTFJI,13,2050,0.052
GLOBAL,LNDAGRFJIC01,WTRGRCFJI,13,2020,0.14
GLOBAL,LNDAGRFJIC01,WTRGRCFJI,13,2021,0.14
GLOBAL,LNDAGRFJIC01,WTRGRCFJI,13,2022,0.14
GLOBAL,LNDAGRFJIC01,WTRGRCFJI,13,2023,0.14
GLOBAL,LNDAGRFJIC01,WTRGRCFJI,13,2024,0.14
GLOBAL,LNDAGRFJIC01,WTRGRCFJI,13,2025,0.14
GLOBAL,LNDAGRFJIC01,WTRGRCFJI,13,2026,0.14
GLOBAL,LNDAGRFJIC01,WTRGRCFJI,13,2027,0.14
GLOBAL,LNDAGRFJIC01,WTRGRCFJI,13,2028,0.14
GLOBAL,LNDAGRFJIC01,WTRGRCFJI,13,2029,0.14
GLOBAL,LNDAGRFJIC01,WTRGRCFJI,13,2030,0.14
GLOBAL,LNDAGRFJIC01,WTRGRCFJI,13,2031,0.14
GLOBAL,LNDAGRFJIC01,WTRGRCFJI,13,2032,0.14
GLOBAL,LNDAGRFJIC01,WTRGRCFJI,13,2033,0.14
GLOBAL,LNDAGRFJIC01,WTRGRCFJI,13,2034,0.14
GLOBAL,LNDAGRFJIC01,WTRGRCFJI,13,2035,0.14
GLOBAL,LNDAGRFJIC01,WTRGRCFJI,13,2036,0.14
GLOBAL,LNDAGRFJIC01,WTRGRCFJI,13,2037,0.14
GLOBAL,LNDAGRFJIC01,WTRGRCFJI,13,2038,0.14
GLOBAL,LNDAGRFJIC01,WTRGRCFJI,13,2039,0.14
GLOBAL,LNDAGRFJIC01,WTRGRCFJI,13,2040,0.14
GLOBAL,LNDAGRFJIC01,WTRGRCFJI,13,2041,0.14
GLOBAL,LNDAGRFJIC01,WTRGRCFJI,13,2042,0.14
GLOBAL,LNDAGRFJIC01,WTRGRCFJI,13,2043,0.14
GLOBAL,LNDAGRFJIC01,WTRGRCFJI,13,2044,0.14
GLOBAL,LNDAGRFJIC01,WTRGRCFJI,13,2045,0.14
GLOBAL,LNDAGRFJIC01,WTRGRCFJI,13,2046,0.14
GLOBAL,LNDAGRFJIC01,WTRGRCFJI,13,2047,0.14
GLOBAL,LNDAGRFJIC01,WTRGRCFJI,13,2048,0.14
GLOBAL,LNDAGRFJIC01,WTRGRCFJI,13,2049,0.14
GLOBAL,LNDAGRFJIC01,WTRGRCFJI,13,2050,0.14
GLOBAL,LNDAGRFJIC01,WTRSURFJI,13,2020,2.5
GLOBAL,LNDAGRFJIC01,WTRSURFJI,13,2021,2.5
GLOBAL,LNDAGRFJIC01,WTRSURFJI,13,2022,2.5
GLOBAL,LNDAGRFJIC01,WTRSURFJI,13,2023,2.5
GLOBAL,LNDAGRFJIC01,WTRSURFJI,13,2024,2.5
GLOBAL,LNDAGRFJIC01,WTRSURFJI,13,2025,2.5
GLOBAL,LNDAGRFJIC01,WTRSURFJI,13,2026,2.5
GLOBAL,LNDAGRFJIC01,WTRSURFJI,13,2027,2.5
GLOBAL,LNDAGRFJIC01,WTRSURFJI,13,2028,2.5
GLOBAL,LNDAGRFJIC01,WTRSURFJI,13,2029,2.5
GLOBAL,LNDAGRFJIC01,WTRSURFJI,13,2030,2.5
GLOBAL,LNDAGRFJIC01,WTRSURFJI,13,2031,2.5
GLOBAL,LNDAGRFJIC01,WTRSURFJI,13,2032,2.5
GLOBAL,LNDAGRFJIC01,WTRSURFJI,13,2033,2.5
GLOBAL,LNDAGRFJIC01,WTRSURFJI,13,2034,2.5
GLOBAL,LNDAGRFJIC01,WTRSURFJI,13,2035,2.5
GLOBAL,LNDAGRFJIC01,WTRSURFJI,13,2036,2.5
GLOBAL,LNDAGRFJIC01,WTRSURFJI,13,2037,2.5
GLOBAL,LNDAGRFJIC01,WTRSURFJI,13,2038,2.5
GLOBAL,LNDAGRFJIC01,WTRSURFJI,13,2039,2.5
GLOBAL,LNDAGRFJIC01,WTRSURFJI,13,2040,2.5
GLOBAL,LNDAGRFJIC01,WTRSURFJI,13,2041,2.5
GLOBAL,LNDAGRFJIC01,WTRSURFJI,13,2042,2.5
GLOBAL,LNDAGRFJIC01,WTRSURFJI,13,2043,2.5
GLOBAL,LNDAGRFJIC01,WTRSURFJI,13,2044,2.5
GLOBAL,LNDAGRFJIC01,WTRSURFJI,13,2045,2.5
GLOBAL,LNDAGRFJIC01,WTRSURFJI,13,2046,2.5
GLOBAL,LNDAGRFJIC01,WTRSURFJI,13,2047,2.5
GLOBAL,LNDAGRFJIC01,WTRSURFJI,13,2048,2.5
GLOBAL,LNDAGRFJIC01,WTRSURFJI,13,2049,2.5
GLOBAL,LNDAGRFJIC01,WTRSURFJI,13,2050,2.5
GLOBAL,LNDAGRFJIC01,CRPYAM,14,2020,0.89
GLOBAL,LNDAGRFJIC01,CRPYAM,14,2021,0.89
GLOBAL,LNDAGRFJIC01,CRPYAM,14,2022,0.89
GLOBAL,LNDAGRFJIC01,CRPYAM,14,2023,0.89
GLOBAL,LNDAGRFJIC01,CRPYAM,14,2024,0.89
GLOBAL,LNDAGRFJIC01,CRPYAM,14,2025,0.89
GLOBAL,LNDAGRFJIC01,CRPYAM,14,2026,0.89
GLOBAL,LNDAGRFJIC01,CRPYAM,14,2027,0.89
GLOBAL,LNDAGRFJIC01,CRPYAM,14,2028,0.89
GLOBAL,LNDAGRFJIC01,CRPYAM,14,2029,0.89
GLOBAL,LNDAGRFJIC01,CRPYAM,14,2030,0.89
GLOBAL,LNDAGRFJIC01,CRPYAM,14,2031,0.89
GLOBAL,LNDAGRFJIC01,CRPYAM,14,2032,0.89
GLOBAL,LNDAGRFJIC01,CRPYAM,14,2033,0.89
GLOBAL,LNDAGRFJIC01,CRPYAM,14,2034,0.89
GLOBAL,LNDAGRFJIC01,CRPYAM,14,2035,0.89
GLOBAL,LNDAGRFJIC01,CRPYAM,14,2036,0.89
GLOBAL,LNDAGRFJIC01,CRPYAM,14,2037,0.89
GLOBAL,LNDAGRFJIC01,CRPYAM,14,2038,0.89
GLOBAL,LNDAGRFJIC01,CRPYAM,14,2039,0.89
GLOBAL,LNDAGRFJIC01,CRPYAM,14,2040,0.89
GLOBAL,LNDAGRFJIC01,CRPYAM,14,2041,0.89
GLOBAL,LNDAGRFJIC01,CRPYAM,14,2042,0.89
GLOBAL,LNDAGRFJIC01,CRPYAM,14,2043,0.89
GLOBAL,LNDAGRFJIC01,CRPYAM,14,2044,0.89
GLOBAL,LNDAGRFJIC01,CRPYAM,14,2045,0.89
GLOBAL,LNDAGRFJIC01,CRPYAM,14,2046,0.89
GLOBAL,LNDAGRFJIC01,CRPYAM,14,2047,0.89
GLOBAL,LNDAGRFJIC01,CRPYAM,14,2048,0.89
GLOBAL,LNDAGRFJIC01,CRPYAM,14,2049,0.89
GLOBAL,LNDAGRFJIC01,CRPYAM,14,2050,0.89
GLOBAL,LNDAGRFJIC01,WTREVTFJI,14,2020,1.5
GLOBAL,LNDAGRFJIC01,WTREVTFJI,14,2021,1.5
GLOBAL,LNDAGRFJIC01,WTREVTFJI,14,2022,1.5
GLOBAL,LNDAGRFJIC01,WTREVTFJI,14,2023,1.5
GLOBAL,LNDAGRFJIC01,WTREVTFJI,14,2024,1.5
GLOBAL,LNDAGRFJIC01,WTREVTFJI,14,2025,1.5
GLOBAL,LNDAGRFJIC01,WTREVTFJI,14,2026,1.5
GLOBAL,LNDAGRFJIC01,WTREVTFJI,14,2027,1.5
GLOBAL,LNDAGRFJIC01,WTREVTFJI,14,2028,1.5
GLOBAL,LNDAGRFJIC01,WTREVTFJI,14,2029,1.5
GLOBAL,LNDAGRFJIC01,WTREVTFJI,14,2030,1.5
GLOBAL,LNDAGRFJIC01,WTREVTFJI,14,2031,1.5
GLOBAL,LNDAGRFJIC01,WTREVTFJI,14,2032,1.5
GLOBAL,LNDAGRFJIC01,WTREVTFJI,14,2033,1.5
GLOBAL,LNDAGRFJIC01,WTREVTFJI,14,2034,1.5
GLOBAL,LNDAGRFJIC01,WTREVTFJI,14,2035,1.5
GLOBAL,LNDAGRFJIC01,WTREVTFJI,14,2036,1.5
GLOBAL,LNDAGRFJIC01,WTREVTFJI,14,2037,1.5
GLOBAL,LNDAGRFJIC01,WTREVTFJI,14,2038,1.5
GLOBAL,LNDAGRFJIC01,WTREVTFJI,14,2039,1.5
GLOBAL,LNDAGRFJIC01,WTREVTFJI,14,2040,1.5
GLOBAL,LNDAGRFJIC01,WTREVTFJI,14,2041,1.5
GLOBAL,LNDAGRFJIC01,WTREVTFJI,14,2042,1.5
GLOBAL,LNDAGRFJIC01,WTREVTFJI,14,2043,1.5
GLOBAL,LNDAGRFJIC01,WTREVTFJI,14,2044,1.5
GLOBAL,LNDAGRFJIC01,WTREVTFJI,14,2045,1.5
GLOBAL,LNDAGRFJIC01,WTREVTFJI,14,2046,1.5
GLOBAL,LNDAGRFJIC01,WTREVTFJI,14,2047,1.5
GLOBAL,LNDAGRFJIC01,WTREVTFJI,14,2048,1.5
GLOBAL,LNDAGRFJIC01,WTREVTFJI,14,2049,1.5
GLOBAL,LNDAGRFJIC01,WTREVTFJI,14,2050,1.5
GLOBAL,LNDAGRFJIC01,WTRGRCFJI,14,2020,0.061
GLOBAL,LNDAGRFJIC01,WTRGRCFJI,14,2021,0.061
GLOBAL,LNDAGRFJIC01,WTRGRCFJI,14,2022,0.061
GLOBAL,LNDAGRFJIC01,WTRGRCFJI,14,2023,0.061
GLOBAL,LNDAGRFJIC01,WTRGRCFJI,14,2024,0.061
GLOBAL,LNDAGRFJIC01,WTRGRCFJI,14,2025,0.061
GLOBAL,LNDAGRFJIC01,WTRGRCFJI,14,2026,0.061
GLOBAL,LNDAGRFJIC01,WTRGRCFJI,14,2027,0.061
GLOBAL,LNDAGRFJIC01,WTRGRCFJI,14,2028,0.061
GLOBAL,LNDAGRFJIC01,WTRGRCFJI,14,2029,0.061
GLOBAL,LNDAGRFJIC01,WTRGRCFJI,14,2030,0.061
GLOBAL,LNDAGRFJIC01,WTRGRCFJI,14,2031,0.061
GLOBAL,LNDAGRFJIC01,WTRGRCFJI,14,2032,0.061
GLOBAL,LNDAGRFJIC01,WTRGRCFJI,14,2033,0.061
GLOBAL,LNDAGRFJIC01,WTRGRCFJI,14,2034,0.061
GLOBAL,LNDAGRFJIC01,WTRGRCFJI,14,2035,0.061
GLOBAL,LNDAGRFJIC01,WTRGRCFJI,14,2036,0.061
GLOBAL,LNDAGRFJIC01,WTRGRCFJI,14,2037,0.061
GLOBAL,LNDAGRFJIC01,WTRGRCFJI,14,2038,0.061
GLOBAL,LNDAGRFJIC01,WTRGRCFJI,14,2039,0.061
GLOBAL,LNDAGRFJIC01,WTRGRCFJI,14,2040,0.061
GLOBAL,LNDAGRFJIC01,WTRGRCFJI,14,2041,0.061
GLOBAL,LNDAGRFJIC01,WTRGRCFJI,14,2042,0.061
GLOBAL,LNDAGRFJIC01,WTRGRCFJI,14,2043,0.061
GLOBAL,LNDAGRFJIC01,WTRGRCFJI,14,2044,0.061
GLOBAL,LNDAGRFJIC01,WTRGRCFJI,14,2045,0.061
GLOBAL,LNDAGRFJIC01,WTRGRCFJI,14,2046,0.061
GLOBAL,LNDAGRFJIC01,WTRGRCFJI,14,2047,0.061
GLOBAL,LNDAGRFJIC01,WTRGRCFJI,14,2048,0.061
GLOBAL,LNDAGRFJIC01,WTRGRCFJI,14,2049,0.061
GLOBAL,LNDAGRFJIC01,WTRGRCFJI,14,2050,0.061
GLOBAL,LNDAGRFJIC01,WTRSURFJI,14,2020,1.1
GLOBAL,LNDAGRFJIC01,WTRSURFJI,14,2021,1.1
GLOBAL,LNDAGRFJIC01,WTRSURFJI,14,2022,1.1
GLOBAL,LNDAGRFJIC01,WTRSURFJI,14,2023,1.1
GLOBAL,LNDAGRFJIC01,WTRSURFJI,14,2024,1.1
GLOBAL,LNDAGRFJIC01,WTRSURFJI,14,2025,1.1
GLOBAL,LNDAGRFJIC01,WTRSURFJI,14,2026,1.1
GLOBAL,LNDAGRFJIC01,WTRSURFJI,14,2027,1.1
GLOBAL,LNDAGRFJIC01,WTRSURFJI,14,2028,1.1
GLOBAL,LNDAGRFJIC01,WTRSURFJI,14,2029,1.1
GLOBAL,LNDAGRFJIC01,WTRSURFJI,14,2030,1.1
GLOBAL,LNDAGRFJIC01,WTRSURFJI,14,2031,1.1
GLOBAL,LNDAGRFJIC01,WTRSURFJI,14,2032,1.1
GLOBAL,LNDAGRFJIC01,WTRSURFJI,14,2033,1.1
GLOBAL,LNDAGRFJIC01,WTRSURFJI,14,2034,1.1
GLOBAL,LNDAGRFJIC01,WTRSURFJI,14,2035,1.1
GLOBAL,LNDAGRFJIC01,WTRSURFJI,14,2036,1.1
GLOBAL,LNDAGRFJIC01,WTRSURFJI,14,2037,1.1
GLOBAL,LNDAGRFJIC01,WTRSURFJI,14,2038,1.1
GLOBAL,LNDAGRFJIC01,WTRSURFJI,14,2039,1.1
GLOBAL,LNDAGRFJIC01,WTRSURFJI,14,2040,1.1
GLOBAL,LNDAGRFJIC01,WTRSURFJI,14,2041,1.1
GLOBAL,LNDAGRFJIC01,WTRSURFJI,14,2042,1.1
GLOBAL,LNDAGRFJIC01,WTRSURFJI,14,2043,1.1
GLOBAL,LNDAGRFJIC01,WTRSURFJI,14,2044,1.1
GLOBAL,LNDAGRFJIC01,WTRSURFJI,14,2045,1.1
GLOBAL,LNDAGRFJIC01,WTRSURFJI,14,2046,1.1
GLOBAL,LNDAGRFJIC01,WTRSURFJI,14,2047,1.1
GLOBAL,LNDAGRFJIC01,WTRSURFJI,14,2048,1.1
GLOBAL,LNDAGRFJIC01,WTRSURFJI,14,2049,1.1
GLOBAL,LNDAGRFJIC01,WTRSURFJI,14,2050,1.1
GLOBAL,LNDAGRFJIC01,CRPSGC,15,2020,1.1
GLOBAL,LNDAGRFJIC01,CRPSGC,15,2021,1.1
GLOBAL,LNDAGRFJIC01,CRPSGC,15,2022,1.1
GLOBAL,LNDAGRFJIC01,CRPSGC,15,2023,1.1
GLOBAL,LNDAGRFJIC01,CRPSGC,15,2024,1.1
GLOBAL,LNDAGRFJIC01,CRPSGC,15,2025,1.1
GLOBAL,LNDAGRFJIC01,CRPSGC,15,2026,1.1
GLOBAL,LNDAGRFJIC01,CRPSGC,15,2027,1.1
GLOBAL,LNDAGRFJIC01,CRPSGC,15,2028,1.1
GLOBAL,LNDAGRFJIC01,CRPSGC,15,2029,1.1
GLOBAL,LNDAGRFJIC01,CRPSGC,15,2030,1.1
GLOBAL,LNDAGRFJIC01,CRPSGC,15,2031,1.1
GLOBAL,LNDAGRFJIC01,CRPSGC,15,2032,1.1
GLOBAL,LNDAGRFJIC01,CRPSGC,15,2033,1.1
GLOBAL,LNDAGRFJIC01,CRPSGC,15,2034,1.1
GLOBAL,LNDAGRFJIC01,CRPSGC,15,2035,1.1
GLOBAL,LNDAGRFJIC01,CRPSGC,15,2036,1.1
GLOBAL,LNDAGRFJIC01,CRPSGC,15,2037,1.1
GLOBAL,LNDAGRFJIC01,CRPSGC,15,2038,1.1
GLOBAL,LNDAGRFJIC01,CRPSGC,15,2039,1.1
GLOBAL,LNDAGRFJIC01,CRPSGC,15,2040,1.1
GLOBAL,LNDAGRFJIC01,CRPSGC,15,2041,1.1
GLOBAL,LNDAGRFJIC01,CRPSGC,15,2042,1.1
GLOBAL,LNDAGRFJIC01,CRPSGC,15,2043,1.1
GLOBAL,LNDAGRFJIC01,CRPSGC,15,2044,1.1
GLOBAL,LNDAGRFJIC01,CRPSGC,15,2045,1.1
GLOBAL,LNDAGRFJIC01,CRPSGC,15,2046,1.1
GLOBAL,LNDAGRFJIC01,CRPSGC,15,2047,1.1
GLOBAL,LNDAGRFJIC01,CRPSGC,15,2048,1.1
GLOBAL,LNDAGRFJIC01,CRPSGC,15,2049,1.1
GLOBAL,LNDAGRFJIC01,CRPSGC,15,2050,1.1
GLOBAL,LNDAGRFJIC01,WTREVTFJI,15,2020,1.9
GLOBAL,LNDAGRFJIC01,WTREVTFJI,15,2021,1.9
GLOBAL,LNDAGRFJIC01,WTREVTFJI,15,2022,1.9
GLOBAL,LNDAGRFJIC01,WTREVTFJI,15,2023,1.9
GLOBAL,LNDAGRFJIC01,WTREVTFJI,15,2024,1.9
GLOBAL,LNDAGRFJIC01,WTREVTFJI,15,2025,1.9
GLOBAL,LNDAGRFJIC01,WTREVTFJI,15,2026,1.9
GLOBAL,LNDAGRFJIC01,WTREVTFJI,15,2027,1.9
GLOBAL,LNDAGRFJIC01,WTREVTFJI,15,2028,1.9
GLOBAL,LNDAGRFJIC01,WTREVTFJI,15,2029,1.9
GLOBAL,LNDAGRFJIC01,WTREVTFJI,15,2030,1.9
GLOBAL,LNDAGRFJIC01,WTREVTFJI,15,2031,1.9
GLOBAL,LNDAGRFJIC01,WTREVTFJI,15,2032,1.9
GLOBAL,LNDAGRFJIC01,WTREVTFJI,15,2033,1.9
GLOBAL,LNDAGRFJIC01,WTREVTFJI,15,2034,1.9
GLOBAL,LNDAGRFJIC01,WTREVTFJI,15,2035,1.9
GLOBAL,LNDAGRFJIC01,WTREVTFJI,15,2036,1.9
GLOBAL,LNDAGRFJIC01,WTREVTFJI,15,2037,1.9
GLOBAL,LNDAGRFJIC01,WTREVTFJI,15,2038,1.9
GLOBAL,LNDAGRFJIC01,WTREVTFJI,15,2039,1.9
GLOBAL,LNDAGRFJIC01,WTREVTFJI,15,2040,1.9
GLOBAL,LNDAGRFJIC01,WTREVTFJI,15,2041,1.9
GLOBAL,LNDAGRFJIC01,WTREVTFJI,15,2042,1.9
GLOBAL,LNDAGRFJIC01,WTREVTFJI,15,2043,1.9
GLOBAL,LNDAGRFJIC01,WTREVTFJI,15,2044,1.9
GLOBAL,LNDAGRFJIC01,WTREVTFJI,15,2045,1.9
GLOBAL,LNDAGRFJIC01,WTREVTFJI,15,2046,1.9
GLOBAL,LNDAGRFJIC01,WTREVTFJI,15,2047,1.9
GLOBAL,LNDAGRFJIC01,WTREVTFJI,15,2048,1.9
GLOBAL,LNDAGRFJIC01,WTREVTFJI,15,2049,1.9
GLOBAL,LNDAGRFJIC01,WTREVTFJI,15,2050,1.9
GLOBAL,LNDAGRFJIC01,WTRGRCFJI,15,2020,0.041
GLOBAL,LNDAGRFJIC01,WTRGRCFJI,15,2021,0.041
GLOBAL,LNDAGRFJIC01,WTRGRCFJI,15,2022,0.041
GLOBAL,LNDAGRFJIC01,WTRGRCFJI,15,2023,0.041
GLOBAL,LNDAGRFJIC01,WTRGRCFJI,15,2024,0.041
GLOBAL,LNDAGRFJIC01,WTRGRCFJI,15,2025,0.041
GLOBAL,LNDAGRFJIC01,WTRGRCFJI,15,2026,0.041
GLOBAL,LNDAGRFJIC01,WTRGRCFJI,15,2027,0.041
GLOBAL,LNDAGRFJIC01,WTRGRCFJI,15,2028,0.041
GLOBAL,LNDAGRFJIC01,WTRGRCFJI,15,2029,0.041
GLOBAL,LNDAGRFJIC01,WTRGRCFJI,15,2030,0.041
GLOBAL,LNDAGRFJIC01,WTRGRCFJI,15,2031,0.041
GLOBAL,LNDAGRFJIC01,WTRGRCFJI,15,2032,0.041
GLOBAL,LNDAGRFJIC01,WTRGRCFJI,15,2033,0.041
GLOBAL,LNDAGRFJIC01,WTRGRCFJI,15,2034,0.041
GLOBAL,LNDAGRFJIC01,WTRGRCFJI,15,2035,0.041
GLOBAL,LNDAGRFJIC01,WTRGRCFJI,15,2036,0.041
GLOBAL,LNDAGRFJIC01,WTRGRCFJI,15,2037,0.041
GLOBAL,LNDAGRFJIC01,WTRGRCFJI,15,2038,0.041
GLOBAL,LNDAGRFJIC01,WTRGRCFJI,15,2039,0.041
GLOBAL,LNDAGRFJIC01,WTRGRCFJI,15,2040,0.041
GLOBAL,LNDAGRFJIC01,WTRGRCFJI,15,2041,0.041
GLOBAL,LNDAGRFJIC01,WTRGRCFJI,15,2042,0.041
GLOBAL,LNDAGRFJIC01,WTRGRCFJI,15,2043,0.041
GLOBAL,LNDAGRFJIC01,WTRGRCFJI,15,2044,0.041
GLOBAL,LNDAGRFJIC01,WTRGRCFJI,15,2045,0.041
GLOBAL,LNDAGRFJIC01,WTRGRCFJI,15,2046,0.041
GLOBAL,LNDAGRFJIC01,WTRGRCFJI,15,2047,0.041
GLOBAL,LNDAGRFJIC01,WTRGRCFJI,15,2048,0.041
GLOBAL,LNDAGRFJIC01,WTRGRCFJI,15,2049,0.041
GLOBAL,LNDAGRFJIC01,WTRGRCFJI,15,2050,0.041
GLOBAL,LNDAGRFJIC01,WTRSURFJI,15,2020,0.76
GLOBAL,LNDAGRFJIC01,WTRSURFJI,15,2021,0.76
GLOBAL,LNDAGRFJIC01,WTRSURFJI,15,2022,0.76
GLOBAL,LNDAGRFJIC01,WTRSURFJI,15,2023,0.76
GLOBAL,LNDAGRFJIC01,WTRSURFJI,15,2024,0.76
GLOBAL,LNDAGRFJIC01,WTRSURFJI,15,2025,0.76
GLOBAL,LNDAGRFJIC01,WTRSURFJI,15,2026,0.76
GLOBAL,LNDAGRFJIC01,WTRSURFJI,15,2027,0.76
GLOBAL,LNDAGRFJIC01,WTRSURFJI,15,2028,0.76
GLOBAL,LNDAGRFJIC01,WTRSURFJI,15,2029,0.76
GLOBAL,LNDAGRFJIC01,WTRSURFJI,15,2030,0.76
GLOBAL,LNDAGRFJIC01,WTRSURFJI,15,2031,0.76
GLOBAL,LNDAGRFJIC01,WTRSURFJI,15,2032,0.76
GLOBAL,LNDAGRFJIC01,WTRSURFJI,15,2033,0.76
GLOBAL,LNDAGRFJIC01,WTRSURFJI,15,2034,0.76
GLOBAL,LNDAGRFJIC01,WTRSURFJI,15,2035,0.76
GLOBAL,LNDAGRFJIC01,WTRSURFJI,15,2036,0.76
GLOBAL,LNDAGRFJIC01,WTRSURFJI,15,2037,0.76
GLOBAL,LNDAGRFJIC01,WTRSURFJI,15,2038,0.76
GLOBAL,LNDAGRFJIC01,WTRSURFJI,15,2039,0.76
GLOBAL,LNDAGRFJIC01,WTRSURFJI,15,2040,0.76
GLOBAL,LNDAGRFJIC01,WTRSURFJI,15,2041,0.76
GLOBAL,LNDAGRFJIC01,WTRSURFJI,15,2042,0.76
GLOBAL,LNDAGRFJIC01,WTRSURFJI,15,2043,0.76
GLOBAL,LNDAGRFJIC01,WTRSURFJI,15,2044,0.76
GLOBAL,LNDAGRFJIC01,WTRSURFJI,15,2045,0.76
GLOBAL,LNDAGRFJIC01,WTRSURFJI,15,2046,0.76
GLOBAL,LNDAGRFJIC01,WTRSURFJI,15,2047,0.76
GLOBAL,LNDAGRFJIC01,WTRSURFJI,15,2048,0.76
GLOBAL,LNDAGRFJIC01,WTRSURFJI,15,2049,0.76
GLOBAL,LNDAGRFJIC01,WTRSURFJI,15,2050,0.76
GLOBAL,LNDAGRFJIC01,CRPSGC,16,2020,0.03
GLOBAL,LNDAGRFJIC01,CRPSGC,16,2021,0.03
GLOBAL,LNDAGRFJIC01,CRPSGC,16,2022,0.03
GLOBAL,LNDAGRFJIC01,CRPSGC,16,2023,0.03
GLOBAL,LNDAGRFJIC01,CRPSGC,16,2024,0.03
GLOBAL,LNDAGRFJIC01,CRPSGC,16,2025,0.03
GLOBAL,LNDAGRFJIC01,CRPSGC,16,2026,0.03
GLOBAL,LNDAGRFJIC01,CRPSGC,16,2027,0.03
GLOBAL,LNDAGRFJIC01,CRPSGC,16,2028,0.03
GLOBAL,LNDAGRFJIC01,CRPSGC,16,2029,0.03
GLOBAL,LNDAGRFJIC01,CRPSGC,16,2030,0.03
GLOBAL,LNDAGRFJIC01,CRPSGC,16,2031,0.03
GLOBAL,LNDAGRFJIC01,CRPSGC,16,2032,0.03
GLOBAL,LNDAGRFJIC01,CRPSGC,16,2033,0.03
GLOBAL,LNDAGRFJIC01,CRPSGC,16,2034,0.03
GLOBAL,LNDAGRFJIC01,CRPSGC,16,2035,0.03
GLOBAL,LNDAGRFJIC01,CRPSGC,16,2036,0.03
GLOBAL,LNDAGRFJIC01,CRPSGC,16,2037,0.03
GLOBAL,LNDAGRFJIC01,CRPSGC,16,2038,0.03
GLOBAL,LNDAGRFJIC01,CRPSGC,16,2039,0.03
GLOBAL,LNDAGRFJIC01,CRPSGC,16,2040,0.03
GLOBAL,LNDAGRFJIC01,CRPSGC,16,2041,0.03
GLOBAL,LNDAGRFJIC01,CRPSGC,16,2042,0.03
GLOBAL,LNDAGRFJIC01,CRPSGC,16,2043,0.03
GLOBAL,LNDAGRFJIC01,CRPSGC,16,2044,0.03
GLOBAL,LNDAGRFJIC01,CRPSGC,16,2045,0.03
GLOBAL,LNDAGRFJIC01,CRPSGC,16,2046,0.03
GLOBAL,LNDAGRFJIC01,CRPSGC,16,2047,0.03
GLOBAL,LNDAGRFJIC01,CRPSGC,16,2048,0.03
GLOBAL,LNDAGRFJIC01,CRPSGC,16,2049,0.03
GLOBAL,LNDAGRFJIC01,CRPSGC,16,2050,0.03
GLOBAL,LNDAGRFJIC01,WTREVTFJI,16,2020,0.089
GLOBAL,LNDAGRFJIC01,WTREVTFJI,16,2021,0.089
GLOBAL,LNDAGRFJIC01,WTREVTFJI,16,2022,0.089
GLOBAL,LNDAGRFJIC01,WTREVTFJI,16,2023,0.089
GLOBAL,LNDAGRFJIC01,WTREVTFJI,16,2024,0.089
GLOBAL,LNDAGRFJIC01,WTREVTFJI,16,2025,0.089
GLOBAL,LNDAGRFJIC01,WTREVTFJI,16,2026,0.089
GLOBAL,LNDAGRFJIC01,WTREVTFJI,16,2027,0.089
GLOBAL,LNDAGRFJIC01,WTREVTFJI,16,2028,0.089
GLOBAL,LNDAGRFJIC01,WTREVTFJI,16,2029,0.089
GLOBAL,LNDAGRFJIC01,WTREVTFJI,16,2030,0.089
GLOBAL,LNDAGRFJIC01,WTREVTFJI,16,2031,0.089
GLOBAL,LNDAGRFJIC01,WTREVTFJI,16,2032,0.089
GLOBAL,LNDAGRFJIC01,WTREVTFJI,16,2033,0.089
GLOBAL,LNDAGRFJIC01,WTREVTFJI,16,2034,0.089
GLOBAL,LNDAGRFJIC01,WTREVTFJI,16,2035,0.089
GLOBAL,LNDAGRFJIC01,WTREVTFJI,16,2036,0.089
GLOBAL,LNDAGRFJIC01,WTREVTFJI,16,2037,0.089
GLOBAL,LNDAGRFJIC01,WTREVTFJI,16,2038,0.089
GLOBAL,LNDAGRFJIC01,WTREVTFJI,16,2039,0.089
GLOBAL,LNDAGRFJIC01,WTREVTFJI,16,2040,0.089
GLOBAL,LNDAGRFJIC01,WTREVTFJI,16,2041,0.089
GLOBAL,LNDAGRFJIC01,WTREVTFJI,16,2042,0.089
GLOBAL,LNDAGRFJIC01,WTREVTFJI,16,2043,0.089
GLOBAL,LNDAGRFJIC01,WTREVTFJI,16,2044,0.089
GLOBAL,LNDAGRFJIC01,WTREVTFJI,16,2045,0.089
GLOBAL,LNDAGRFJIC01,WTREVTFJI,16,2046,0.089
GLOBAL,LNDAGRFJIC01,WTREVTFJI,16,2047,0.089
GLOBAL,LNDAGRFJIC01,WTREVTFJI,16,2048,0.089
GLOBAL,LNDAGRFJIC01,WTREVTFJI,16,2049,0.089
GLOBAL,LNDAGRFJIC01,WTREVTFJI,16,2050,0.089
GLOBAL,LNDAGRFJIC01,WTRGRCFJI,16,2020,0.13
GLOBAL,LNDAGRFJIC01,WTRGRCFJI,16,2021,0.13
GLOBAL,LNDAGRFJIC01,WTRGRCFJI,16,2022,0.13
GLOBAL,LNDAGRFJIC01,WTRGRCFJI,16,2023,0.13
GLOBAL,LNDAGRFJIC01,WTRGRCFJI,16,2024,0.13
GLOBAL,LNDAGRFJIC01,WTRGRCFJI,16,2025,0.13
GLOBAL,LNDAGRFJIC01,WTRGRCFJI,16,2026,0.13
GLOBAL,LNDAGRFJIC01,WTRGRCFJI,16,2027,0.13
GLOBAL,LNDAGRFJIC01,WTRGRCFJI,16,2028,0.13
GLOBAL,LNDAGRFJIC01,WTRGRCFJI,16,2029,0.13
GLOBAL,LNDAGRFJIC01,WTRGRCFJI,16,2030,0.13
GLOBAL,LNDAGRFJIC01,WTRGRCFJI,16,2031,0.13
GLOBAL,LNDAGRFJIC01,WTRGRCFJI,16,2032,0.13
GLOBAL,LNDAGRFJIC01,WTRGRCFJI,16,2033,0.13
GLOBAL,LNDAGRFJIC01,WTRGRCFJI,16,2034,0.13
GLOBAL,LNDAGRFJIC01,WTRGRCFJI,16,2035,0.13
GLOBAL,LNDAGRFJIC01,WTRGRCFJI,16,2036,0.13
GLOBAL,LNDAGRFJIC01,WTRGRCFJI,16,2037,0.13
GLOBAL,LNDAGRFJIC01,WTRGRCFJI,16,2038,0.13
GLOBAL,LNDAGRFJIC01,WTRGRCFJI,16,2039,0.13
GLOBAL,LNDAGRFJIC01,WTRGRCFJI,16,2040,0.13
GLOBAL,LNDAGRFJIC01,WTRGRCFJI,16,2041,0.13
GLOBAL,LNDAGRFJIC01,WTRGRCFJI,16,2042,0.13
GLOBAL,LNDAGRFJIC01,WTRGRCFJI,16,2043,0.13
GLOBAL,LNDAGRFJIC01,WTRGRCFJI,16,2044,0.13
GLOBAL,LNDAGRFJIC01,WTRGRCFJI,16,2045,0.13
GLOBAL,LNDAGRFJIC01,WTRGRCFJI,16,2046,0.13
GLOBAL,LNDAGRFJIC01,WTRGRCFJI,16,2047,0.13
GLOBAL,LNDAGRFJIC01,WTRGRCFJI,16,2048,0.13
GLOBAL,LNDAGRFJIC01,WTRGRCFJI,16,2049,0.13
GLOBAL,LNDAGRFJIC01,WTRGRCFJI,16,2050,0.13
GLOBAL,LNDAGRFJIC01,WTRSURFJI,16,2020,2.5
GLOBAL,LNDAGRFJIC01,WTRSURFJI,16,2021,2.5
GLOBAL,LNDAGRFJIC01,WTRSURFJI,16,2022,2.5
GLOBAL,LNDAGRFJIC01,WTRSURFJI,16,2023,2.5
GLOBAL,LNDAGRFJIC01,WTRSURFJI,16,2024,2.5
GLOBAL,LNDAGRFJIC01,WTRSURFJI,16,2025,2.5
GLOBAL,LNDAGRFJIC01,WTRSURFJI,16,2026,2.5
GLOBAL,LNDAGRFJIC01,WTRSURFJI,16,2027,2.5
GLOBAL,LNDAGRFJIC01,WTRSURFJI,16,2028,2.5
GLOBAL,LNDAGRFJIC01,WTRSURFJI,16,2029,2.5
GLOBAL,LNDAGRFJIC01,WTRSURFJI,16,2030,2.5
GLOBAL,LNDAGRFJIC01,WTRSURFJI,16,2031,2.5
GLOBAL,LNDAGRFJIC01,WTRSURFJI,16,2032,2.5
GLOBAL,LNDAGRFJIC01,WTRSURFJI,16,2033,2.5
GLOBAL,LNDAGRFJIC01,WTRSURFJI,16,2034,2.5
GLOBAL,LNDAGRFJIC01,WTRSURFJI,16,2035,2.5
GLOBAL,LNDAGRFJIC01,WTRSURFJI,16,2036,2.5
GLOBAL,LNDAGRFJIC01,WTRSURFJI,16,2037,2.5
GLOBAL,LNDAGRFJIC01,WTRSURFJI,16,2038,2.5
GLOBAL,LNDAGRFJIC01,WTRSURFJI,16,2039,2.5
GLOBAL,LNDAGRFJIC01,WTRSURFJI,16,2040,2.5
GLOBAL,LNDAGRFJIC01,WTRSURFJI,16,2041,2.5
GLOBAL,LNDAGRFJIC01,WTRSURFJI,16,2042,2.5
GLOBAL,LNDAGRFJIC01,WTRSURFJI,16,2043,2.5
GLOBAL,LNDAGRFJIC01,WTRSURFJI,16,2044,2.5
GLOBAL,LNDAGRFJIC01,WTRSURFJI,16,2045,2.5
GLOBAL,LNDAGRFJIC01,WTRSURFJI,16,2046,2.5
GLOBAL,LNDAGRFJIC01,WTRSURFJI,16,2047,2.5
GLOBAL,LNDAGRFJIC01,WTRSURFJI,16,2048,2.5
GLOBAL,LNDAGRFJIC01,WTRSURFJI,16,2049,2.5
GLOBAL,LNDAGRFJIC01,WTRSURFJI,16,2050,2.5
GLOBAL,LNDAGRFJIC01,CRPOTH,17,2020,0.15
GLOBAL,LNDAGRFJIC01,CRPOTH,17,2021,0.15
GLOBAL,LNDAGRFJIC01,CRPOTH,17,2022,0.15
GLOBAL,LNDAGRFJIC01,CRPOTH,17,2023,0.15
GLOBAL,LNDAGRFJIC01,CRPOTH,17,2024,0.15
GLOBAL,LNDAGRFJIC01,CRPOTH,17,2025,0.15
GLOBAL,LNDAGRFJIC01,CRPOTH,17,2026,0.15
GLOBAL,LNDAGRFJIC01,CRPOTH,17,2027,0.15
GLOBAL,LNDAGRFJIC01,CRPOTH,17,2028,0.15
GLOBAL,LNDAGRFJIC01,CRPOTH,17,2029,0.15
GLOBAL,LNDAGRFJIC01,CRPOTH,17,2030,0.15
GLOBAL,LNDAGRFJIC01,CRPOTH,17,2031,0.15
GLOBAL,LNDAGRFJIC01,CRPOTH,17,2032,0.15
GLOBAL,LNDAGRFJIC01,CRPOTH,17,2033,0.15
GLOBAL,LNDAGRFJIC01,CRPOTH,17,2034,0.15
GLOBAL,LNDAGRFJIC01,CRPOTH,17,2035,0.15
GLOBAL,LNDAGRFJIC01,CRPOTH,17,2036,0.15
GLOBAL,LNDAGRFJIC01,CRPOTH,17,2037,0.15
GLOBAL,LNDAGRFJIC01,CRPOTH,17,2038,0.15
GLOBAL,LNDAGRFJIC01,CRPOTH,17,2039,0.15
GLOBAL,LNDAGRFJIC01,CRPOTH,17,2040,0.15
GLOBAL,LNDAGRFJIC01,CRPOTH,17,2041,0.15
GLOBAL,LNDAGRFJIC01,CRPOTH,17,2042,0.15
GLOBAL,LNDAGRFJIC01,CRPOTH,17,2043,0.15
GLOBAL,LNDAGRFJIC01,CRPOTH,17,2044,0.15
GLOBAL,LNDAGRFJIC01,CRPOTH,17,2045,0.15
GLOBAL,LNDAGRFJIC01,CRPOTH,17,2046,0.15
GLOBAL,LNDAGRFJIC01,CRPOTH,17,2047,0.15
GLOBAL,LNDAGRFJIC01,CRPOTH,17,2048,0.15
GLOBAL,LNDAGRFJIC01,CRPOTH,17,2049,0.15
GLOBAL,LNDAGRFJIC01,CRPOTH,17,2050,0.15
GLOBAL,LNDAGRFJIC01,WTREVTFJI,17,2020,0.40
GLOBAL,LNDAGRFJIC01,WTREVTFJI,17,2021,0.40
GLOBAL,LNDAGRFJIC01,WTREVTFJI,17,2022,0.40
GLOBAL,LNDAGRFJIC01,WTREVTFJI,17,2023,0.40
GLOBAL,LNDAGRFJIC01,WTREVTFJI,17,2024,0.40
GLOBAL,LNDAGRFJIC01,WTREVTFJI,17,2025,0.40
GLOBAL,LNDAGRFJIC01,WTREVTFJI,17,2026,0.40
GLOBAL,LNDAGRFJIC01,WTREVTFJI,17,2027,0.40
GLOBAL,LNDAGRFJIC01,WTREVTFJI,17,2028,0.40
GLOBAL,LNDAGRFJIC01,WTREVTFJI,17,2029,0.40
GLOBAL,LNDAGRFJIC01,WTREVTFJI,17,2030,0.40
GLOBAL,LNDAGRFJIC01,WTREVTFJI,17,2031,0.40
GLOBAL,LNDAGRFJIC01,WTREVTFJI,17,2032,0.40
GLOBAL,LNDAGRFJIC01,WTREVTFJI,17,2033,0.40
GLOBAL,LNDAGRFJIC01,WTREVTFJI,17,2034,0.40
GLOBAL,LNDAGRFJIC01,WTREVTFJI,17,2035,0.40
GLOBAL,LNDAGRFJIC01,WTREVTFJI,17,2036,0.40
GLOBAL,LNDAGRFJIC01,WTREVTFJI,17,2037,0.40
GLOBAL,LNDAGRFJIC01,WTREVTFJI,17,2038,0.40
GLOBAL,LNDAGRFJIC01,WTREVTFJI,17,2039,0.40
GLOBAL,LNDAGRFJIC01,WTREVTFJI,17,2040,0.40
GLOBAL,LNDAGRFJIC01,WTREVTFJI,17,2041,0.40
GLOBAL,LNDAGRFJIC01,WTREVTFJI,17,2042,0.40
GLOBAL,LNDAGRFJIC01,WTREVTFJI,17,2043,0.40
GLOBAL,LNDAGRFJIC01,WTREVTFJI,17,2044,0.40
GLOBAL,LNDAGRFJIC01,WTREVTFJI,17,2045,0.40
GLOBAL,LNDAGRFJIC01,WTREVTFJI,17,2046,0.40
GLOBAL,LNDAGRFJIC01,WTREVTFJI,17,2047,0.40
GLOBAL,LNDAGRFJIC01,WTREVTFJI,17,2048,0.40
GLOBAL,LNDAGRFJIC01,WTREVTFJI,17,2049,0.40
GLOBAL,LNDAGRFJIC01,WTREVTFJI,17,2050,0.40
GLOBAL,LNDAGRFJIC01,WTRGRCFJI,17,2020,0.12
GLOBAL,LNDAGRFJIC01,WTRGRCFJI,17,2021,0.12
GLOBAL,LNDAGRFJIC01,WTRGRCFJI,17,2022,0.12
GLOBAL,LNDAGRFJIC01,WTRGRCFJI,17,2023,0.12
GLOBAL,LNDAGRFJIC01,WTRGRCFJI,17,2024,0.12
GLOBAL,LNDAGRFJIC01,WTRGRCFJI,17,2025,0.12
GLOBAL,LNDAGRFJIC01,WTRGRCFJI,17,2026,0.12
GLOBAL,LNDAGRFJIC01,WTRGRCFJI,17,2027,0.12
GLOBAL,LNDAGRFJIC01,WTRGRCFJI,17,2028,0.12
GLOBAL,LNDAGRFJIC01,WTRGRCFJI,17,2029,0.12
GLOBAL,LNDAGRFJIC01,WTRGRCFJI,17,2030,0.12
GLOBAL,LNDAGRFJIC01,WTRGRCFJI,17,2031,0.12
GLOBAL,LNDAGRFJIC01,WTRGRCFJI,17,2032,0.12
GLOBAL,LNDAGRFJIC01,WTRGRCFJI,17,2033,0.12
GLOBAL,LNDAGRFJIC01,WTRGRCFJI,17,2034,0.12
GLOBAL,LNDAGRFJIC01,WTRGRCFJI,17,2035,0.12
GLOBAL,LNDAGRFJIC01,WTRGRCFJI,17,2036,0.12
GLOBAL,LNDAGRFJIC01,WTRGRCFJI,17,2037,0.12
GLOBAL,LNDAGRFJIC01,WTRGRCFJI,17,2038,0.12
GLOBAL,LNDAGRFJIC01,WTRGRCFJI,17,2039,0.12
GLOBAL,LNDAGRFJIC01,WTRGRCFJI,17,2040,0.12
GLOBAL,LNDAGRFJIC01,WTRGRCFJI,17,2041,0.12
GLOBAL,LNDAGRFJIC01,WTRGRCFJI,17,2042,0.12
GLOBAL,LNDAGRFJIC01,WTRGRCFJI,17,2043,0.12
GLOBAL,LNDAGRFJIC01,WTRGRCFJI,17,2044,0.12
GLOBAL,LNDAGRFJIC01,WTRGRCFJI,17,2045,0.12
GLOBAL,LNDAGRFJIC01,WTRGRCFJI,17,2046,0.12
GLOBAL,LNDAGRFJIC01,WTRGRCFJI,17,2047,0.12
GLOBAL,LNDAGRFJIC01,WTRGRCFJI,17,2048,0.12
GLOBAL,LNDAGRFJIC01,WTRGRCFJI,17,2049,0.12
GLOBAL,LNDAGRFJIC01,WTRGRCFJI,17,2050,0.12
GLOBAL,LNDAGRFJIC01,WTRSURFJI,17,2020,2.2
GLOBAL,LNDAGRFJIC01,WTRSURFJI,17,2021,2.2
GLOBAL,LNDAGRFJIC01,WTRSURFJI,17,2022,2.2
GLOBAL,LNDAGRFJIC01,WTRSURFJI,17,2023,2.2
GLOBAL,LNDAGRFJIC01,WTRSURFJI,17,2024,2.2
GLOBAL,LNDAGRFJIC01,WTRSURFJI,17,2025,2.2
GLOBAL,LNDAGRFJIC01,WTRSURFJI,17,2026,2.2
GLOBAL,LNDAGRFJIC01,WTRSURFJI,17,2027,2.2
GLOBAL,LNDAGRFJIC01,WTRSURFJI,17,2028,2.2
GLOBAL,LNDAGRFJIC01,WTRSURFJI,17,2029,2.2
GLOBAL,LNDAGRFJIC01,WTRSURFJI,17,2030,2.2
GLOBAL,LNDAGRFJIC01,WTRSURFJI,17,2031,2.2
GLOBAL,LNDAGRFJIC01,WTRSURFJI,17,2032,2.2
GLOBAL,LNDAGRFJIC01,WTRSURFJI,17,2033,2.2
GLOBAL,LNDAGRFJIC01,WTRSURFJI,17,2034,2.2
GLOBAL,LNDAGRFJIC01,WTRSURFJI,17,2035,2.2
GLOBAL,LNDAGRFJIC01,WTRSURFJI,17,2036,2.2
GLOBAL,LNDAGRFJIC01,WTRSURFJI,17,2037,2.2
GLOBAL,LNDAGRFJIC01,WTRSURFJI,17,2038,2.2
GLOBAL,LNDAGRFJIC01,WTRSURFJI,17,2039,2.2
GLOBAL,LNDAGRFJIC01,WTRSURFJI,17,2040,2.2
GLOBAL,LNDAGRFJIC01,WTRSURFJI,17,2041,2.2
GLOBAL,LNDAGRFJIC01,WTRSURFJI,17,2042,2.2
GLOBAL,LNDAGRFJIC01,WTRSURFJI,17,2043,2.2
GLOBAL,LNDAGRFJIC01,WTRSURFJI,17,2044,2.2
GLOBAL,LNDAGRFJIC01,WTRSURFJI,17,2045,2.2
GLOBAL,LNDAGRFJIC01,WTRSURFJI,17,2046,2.2
GLOBAL,LNDAGRFJIC01,WTRSURFJI,17,2047,2.2
GLOBAL,LNDAGRFJIC01,WTRSURFJI,17,2048,2.2
GLOBAL,LNDAGRFJIC01,WTRSURFJI,17,2049,2.2
GLOBAL,LNDAGRFJIC01,WTRSURFJI,17,2050,2.2
GLOBAL,LNDAGRFJIC01,CRPOTH,18,2020,0.94
GLOBAL,LNDAGRFJIC01,CRPOTH,18,2021,0.94
GLOBAL,LNDAGRFJIC01,CRPOTH,18,2022,0.94
GLOBAL,LNDAGRFJIC01,CRPOTH,18,2023,0.94
GLOBAL,LNDAGRFJIC01,CRPOTH,18,2024,0.94
GLOBAL,LNDAGRFJIC01,CRPOTH,18,2025,0.94
GLOBAL,LNDAGRFJIC01,CRPOTH,18,2026,0.94
GLOBAL,LNDAGRFJIC01,CRPOTH,18,2027,0.94
GLOBAL,LNDAGRFJIC01,CRPOTH,18,2028,0.94
GLOBAL,LNDAGRFJIC01,CRPOTH,18,2029,0.94
GLOBAL,LNDAGRFJIC01,CRPOTH,18,2030,0.94
GLOBAL,LNDAGRFJIC01,CRPOTH,18,2031,0.94
GLOBAL,LNDAGRFJIC01,CRPOTH,18,2032,0.94
GLOBAL,LNDAGRFJIC01,CRPOTH,18,2033,0.94
GLOBAL,LNDAGRFJIC01,CRPOTH,18,2034,0.94
GLOBAL,LNDAGRFJIC01,CRPOTH,18,2035,0.94
GLOBAL,LNDAGRFJIC01,CRPOTH,18,2036,0.94
GLOBAL,LNDAGRFJIC01,CRPOTH,18,2037,0.94
GLOBAL,LNDAGRFJIC01,CRPOTH,18,2038,0.94
GLOBAL,LNDAGRFJIC01,CRPOTH,18,2039,0.94
GLOBAL,LNDAGRFJIC01,CRPOTH,18,2040,0.94
GLOBAL,LNDAGRFJIC01,CRPOTH,18,2041,0.94
GLOBAL,LNDAGRFJIC01,CRPOTH,18,2042,0.94
GLOBAL,LNDAGRFJIC01,CRPOTH,18,2043,0.94
GLOBAL,LNDAGRFJIC01,CRPOTH,18,2044,0.94
GLOBAL,LNDAGRFJIC01,CRPOTH,18,2045,0.94
GLOBAL,LNDAGRFJIC01,CRPOTH,18,2046,0.94
GLOBAL,LNDAGRFJIC01,CRPOTH,18,2047,0.94
GLOBAL,LNDAGRFJIC01,CRPOTH,18,2048,0.94
GLOBAL,LNDAGRFJIC01,CRPOTH,18,2049,0.94
GLOBAL,LNDAGRFJIC01,CRPOTH,18,2050,0.94
GLOBAL,LNDAGRFJIC01,WTREVTFJI,18,2020,0.86
GLOBAL,LNDAGRFJIC01,WTREVTFJI,18,2021,0.86
GLOBAL,LNDAGRFJIC01,WTREVTFJI,18,2022,0.86
GLOBAL,LNDAGRFJIC01,WTREVTFJI,18,2023,0.86
GLOBAL,LNDAGRFJIC01,WTREVTFJI,18,2024,0.86
GLOBAL,LNDAGRFJIC01,WTREVTFJI,18,2025,0.86
GLOBAL,LNDAGRFJIC01,WTREVTFJI,18,2026,0.86
GLOBAL,LNDAGRFJIC01,WTREVTFJI,18,2027,0.86
GLOBAL,LNDAGRFJIC01,WTREVTFJI,18,2028,0.86
GLOBAL,LNDAGRFJIC01,WTREVTFJI,18,2029,0.86
GLOBAL,LNDAGRFJIC01,WTREVTFJI,18,2030,0.86
GLOBAL,LNDAGRFJIC01,WTREVTFJI,18,2031,0.86
GLOBAL,LNDAGRFJIC01,WTREVTFJI,18,2032,0.86
GLOBAL,LNDAGRFJIC01,WTREVTFJI,18,2033,0.86
GLOBAL,LNDAGRFJIC01,WTREVTFJI,18,2034,0.86
GLOBAL,LNDAGRFJIC01,WTREVTFJI,18,2035,0.86
GLOBAL,LNDAGRFJIC01,WTREVTFJI,18,2036,0.86
GLOBAL,LNDAGRFJIC01,WTREVTFJI,18,2037,0.86
GLOBAL,LNDAGRFJIC01,WTREVTFJI,18,2038,0.86
GLOBAL,LNDAGRFJIC01,WTREVTFJI,18,2039,0.86
GLOBAL,LNDAGRFJIC01,WTREVTFJI,18,2040,0.86
GLOBAL,LNDAGRFJIC01,WTREVTFJI,18,2041,0.86
GLOBAL,LNDAGRFJIC01,WTREVTFJI,18,2042,0.86
GLOBAL,LNDAGRFJIC01,WTREVTFJI,18,2043,0.86
GLOBAL,LNDAGRFJIC01,WTREVTFJI,18,2044,0.86
GLOBAL,LNDAGRFJIC01,WTREVTFJI,18,2045,0.86
GLOBAL,LNDAGRFJIC01,WTREVTFJI,18,2046,0.86
GLOBAL,LNDAGRFJIC01,WTREVTFJI,18,2047,0.86
GLOBAL,LNDAGRFJIC01,WTREVTFJI,18,2048,0.86
GLOBAL,LNDAGRFJIC01,WTREVTFJI,18,2049,0.86
GLOBAL,LNDAGRFJIC01,WTREVTFJI,18,2050,0.86
GLOBAL,LNDAGRFJIC01,WTRGRCFJI,18,2020,0.096
GLOBAL,LNDAGRFJIC01,WTRGRCFJI,18,2021,0.096
GLOBAL,LNDAGRFJIC01,WTRGRCFJI,18,2022,0.096
GLOBAL,LNDAGRFJIC01,WTRGRCFJI,18,2023,0.096
GLOBAL,LNDAGRFJIC01,WTRGRCFJI,18,2024,0.096
GLOBAL,LNDAGRFJIC01,WTRGRCFJI,18,2025,0.096
GLOBAL,LNDAGRFJIC01,WTRGRCFJI,18,2026,0.096
GLOBAL,LNDAGRFJIC01,WTRGRCFJI,18,2027,0.096
GLOBAL,LNDAGRFJIC01,WTRGRCFJI,18,2028,0.096
GLOBAL,LNDAGRFJIC01,WTRGRCFJI,18,2029,0.096
GLOBAL,LNDAGRFJIC01,WTRGRCFJI,18,2030,0.096
GLOBAL,LNDAGRFJIC01,WTRGRCFJI,18,2031,0.096
GLOBAL,LNDAGRFJIC01,WTRGRCFJI,18,2032,0.096
GLOBAL,LNDAGRFJIC01,WTRGRCFJI,18,2033,0.096
GLOBAL,LNDAGRFJIC01,WTRGRCFJI,18,2034,0.096
GLOBAL,LNDAGRFJIC01,WTRGRCFJI,18,2035,0.096
GLOBAL,LNDAGRFJIC01,WTRGRCFJI,18,2036,0.096
GLOBAL,LNDAGRFJIC01,WTRGRCFJI,18,2037,0.096
GLOBAL,LNDAGRFJIC01,WTRGRCFJI,18,2038,0.096
GLOBAL,LNDAGRFJIC01,WTRGRCFJI,18,2039,0.096
GLOBAL,LNDAGRFJIC01,WTRGRCFJI,18,2040,0.096
GLOBAL,LNDAGRFJIC01,WTRGRCFJI,18,2041,0.096
GLOBAL,LNDAGRFJIC01,WTRGRCFJI,18,2042,0.096
GLOBAL,LNDAGRFJIC01,WTRGRCFJI,18,2043,0.096
GLOBAL,LNDAGRFJIC01,WTRGRCFJI,18,2044,0.096
GLOBAL,LNDAGRFJIC01,WTRGRCFJI,18,2045,0.096
GLOBAL,LNDAGRFJIC01,WTRGRCFJI,18,2046,0.096
GLOBAL,LNDAGRFJIC01,WTRGRCFJI,18,2047,0.096
GLOBAL,LNDAGRFJIC01,WTRGRCFJI,18,2048,0.096
GLOBAL,LNDAGRFJIC01,WTRGRCFJI,18,2049,0.096
GLOBAL,LNDAGRFJIC01,WTRGRCFJI,18,2050,0.096
GLOBAL,LNDAGRFJIC01,WTRSURFJI,18,2020,1.8
GLOBAL,LNDAGRFJIC01,WTRSURFJI,18,2021,1.8
GLOBAL,LNDAGRFJIC01,WTRSURFJI,18,2022,1.8
GLOBAL,LNDAGRFJIC01,WTRSURFJI,18,2023,1.8
GLOBAL,LNDAGRFJIC01,WTRSURFJI,18,2024,1.8
GLOBAL,LNDAGRFJIC01,WTRSURFJI,18,2025,1.8
GLOBAL,LNDAGRFJIC01,WTRSURFJI,18,2026,1.8
GLOBAL,LNDAGRFJIC01,WTRSURFJI,18,2027,1.8
GLOBAL,LNDAGRFJIC01,WTRSURFJI,18,2028,1.8
GLOBAL,LNDAGRFJIC01,WTRSURFJI,18,2029,1.8
GLOBAL,LNDAGRFJIC01,WTRSURFJI,18,2030,1.8
GLOBAL,LNDAGRFJIC01,WTRSURFJI,18,2031,1.8
GLOBAL,LNDAGRFJIC01,WTRSURFJI,18,2032,1.8
GLOBAL,LNDAGRFJIC01,WTRSURFJI,18,2033,1.8
GLOBAL,LNDAGRFJIC01,WTRSURFJI,18,2034,1.8
GLOBAL,LNDAGRFJIC01,WTRSURFJI,18,2035,1.8
GLOBAL,LNDAGRFJIC01,WTRSURFJI,18,2036,1.8
GLOBAL,LNDAGRFJIC01,WTRSURFJI,18,2037,1.8
GLOBAL,LNDAGRFJIC01,WTRSURFJI,18,2038,1.8
GLOBAL,LNDAGRFJIC01,WTRSURFJI,18,2039,1.8
GLOBAL,LNDAGRFJIC01,WTRSURFJI,18,2040,1.8
GLOBAL,LNDAGRFJIC01,WTRSURFJI,18,2041,1.8
GLOBAL,LNDAGRFJIC01,WTRSURFJI,18,2042,1.8
GLOBAL,LNDAGRFJIC01,WTRSURFJI,18,2043,1.8
GLOBAL,LNDAGRFJIC01,WTRSURFJI,18,2044,1.8
GLOBAL,LNDAGRFJIC01,WTRSURFJI,18,2045,1.8
GLOBAL,LNDAGRFJIC01,WTRSURFJI,18,2046,1.8
GLOBAL,LNDAGRFJIC01,WTRSURFJI,18,2047,1.8
GLOBAL,LNDAGRFJIC01,WTRSURFJI,18,2048,1.8
GLOBAL,LNDAGRFJIC01,WTRSURFJI,18,2049,1.8
GLOBAL,LNDAGRFJIC01,WTRSURFJI,18,2050,1.8
GLOBAL,LNDAGRFJIC01,CRPOTH,19,2020,0.019
GLOBAL,LNDAGRFJIC01,CRPOTH,19,2021,0.019
GLOBAL,LNDAGRFJIC01,CRPOTH,19,2022,0.019
GLOBAL,LNDAGRFJIC01,CRPOTH,19,2023,0.019
GLOBAL,LNDAGRFJIC01,CRPOTH,19,2024,0.019
GLOBAL,LNDAGRFJIC01,CRPOTH,19,2025,0.019
GLOBAL,LNDAGRFJIC01,CRPOTH,19,2026,0.019
GLOBAL,LNDAGRFJIC01,CRPOTH,19,2027,0.019
GLOBAL,LNDAGRFJIC01,CRPOTH,19,2028,0.019
GLOBAL,LNDAGRFJIC01,CRPOTH,19,2029,0.019
GLOBAL,LNDAGRFJIC01,CRPOTH,19,2030,0.019
GLOBAL,LNDAGRFJIC01,CRPOTH,19,2031,0.019
GLOBAL,LNDAGRFJIC01,CRPOTH,19,2032,0.019
GLOBAL,LNDAGRFJIC01,CRPOTH,19,2033,0.019
GLOBAL,LNDAGRFJIC01,CRPOTH,19,2034,0.019
GLOBAL,LNDAGRFJIC01,CRPOTH,19,2035,0.019
GLOBAL,LNDAGRFJIC01,CRPOTH,19,2036,0.019
GLOBAL,LNDAGRFJIC01,CRPOTH,19,2037,0.019
GLOBAL,LNDAGRFJIC01,CRPOTH,19,2038,0.019
GLOBAL,LNDAGRFJIC01,CRPOTH,19,2039,0.019
GLOBAL,LNDAGRFJIC01,CRPOTH,19,2040,0.019
GLOBAL,LNDAGRFJIC01,CRPOTH,19,2041,0.019
GLOBAL,LNDAGRFJIC01,CRPOTH,19,2042,0.019
GLOBAL,LNDAGRFJIC01,CRPOTH,19,2043,0.019
GLOBAL,LNDAGRFJIC01,CRPOTH,19,2044,0.019
GLOBAL,LNDAGRFJIC01,CRPOTH,19,2045,0.019
GLOBAL,LNDAGRFJIC01,CRPOTH,19,2046,0.019
GLOBAL,LNDAGRFJIC01,CRPOTH,19,2047,0.019
GLOBAL,LNDAGRFJIC01,CRPOTH,19,2048,0.019
GLOBAL,LNDAGRFJIC01,CRPOTH,19,2049,0.019
GLOBAL,LNDAGRFJIC01,CRPOTH,19,2050,0.019
GLOBAL,LNDAGRFJIC01,WTREVTFJI,19,2020,0.043
GLOBAL,LNDAGRFJIC01,WTREVTFJI,19,2021,0.043
GLOBAL,LNDAGRFJIC01,WTREVTFJI,19,2022,0.043
GLOBAL,LNDAGRFJIC01,WTREVTFJI,19,2023,0.043
GLOBAL,LNDAGRFJIC01,WTREVTFJI,19,2024,0.043
GLOBAL,LNDAGRFJIC01,WTREVTFJI,19,2025,0.043
GLOBAL,LNDAGRFJIC01,WTREVTFJI,19,2026,0.043
GLOBAL,LNDAGRFJIC01,WTREVTFJI,19,2027,0.043
GLOBAL,LNDAGRFJIC01,WTREVTFJI,19,2028,0.043
GLOBAL,LNDAGRFJIC01,WTREVTFJI,19,2029,0.043
GLOBAL,LNDAGRFJIC01,WTREVTFJI,19,2030,0.043
GLOBAL,LNDAGRFJIC01,WTREVTFJI,19,2031,0.043
GLOBAL,LNDAGRFJIC01,WTREVTFJI,19,2032,0.043
GLOBAL,LNDAGRFJIC01,WTREVTFJI,19,2033,0.043
GLOBAL,LNDAGRFJIC01,WTREVTFJI,19,2034,0.043
GLOBAL,LNDAGRFJIC01,WTREVTFJI,19,2035,0.043
GLOBAL,LNDAGRFJIC01,WTREVTFJI,19,2036,0.043
GLOBAL,LNDAGRFJIC01,WTREVTFJI,19,2037,0.043
GLOBAL,LNDAGRFJIC01,WTREVTFJI,19,2038,0.043
GLOBAL,LNDAGRFJIC01,WTREVTFJI,19,2039,0.043
GLOBAL,LNDAGRFJIC01,WTREVTFJI,19,2040,0.043
GLOBAL,LNDAGRFJIC01,WTREVTFJI,19,2041,0.043
GLOBAL,LNDAGRFJIC01,WTREVTFJI,19,2042,0.043
GLOBAL,LNDAGRFJIC01,WTREVTFJI,19,2043,0.043
GLOBAL,LNDAGRFJIC01,WTREVTFJI,19,2044,0.043
GLOBAL,LNDAGRFJIC01,WTREVTFJI,19,2045,0.043
GLOBAL,LNDAGRFJIC01,WTREVTFJI,19,2046,0.043
GLOBAL,LNDAGRFJIC01,WTREVTFJI,19,2047,0.043
GLOBAL,LNDAGRFJIC01,WTREVTFJI,19,2048,0.043
GLOBAL,LNDAGRFJIC01,WTREVTFJI,19,2049,0.043
GLOBAL,LNDAGRFJIC01,WTREVTFJI,19,2050,0.043
GLOBAL,LNDAGRFJIC01,WTRGRCFJI,19,2020,0.14
GLOBAL,LNDAGRFJIC01,WTRGRCFJI,19,2021,0.14
GLOBAL,LNDAGRFJIC01,WTRGRCFJI,19,2022,0.14
GLOBAL,LNDAGRFJIC01,WTRGRCFJI,19,2023,0.14
GLOBAL,LNDAGRFJIC01,WTRGRCFJI,19,2024,0.14
GLOBAL,LNDAGRFJIC01,WTRGRCFJI,19,2025,0.14
GLOBAL,LNDAGRFJIC01,WTRGRCFJI,19,2026,0.14
GLOBAL,LNDAGRFJIC01,WTRGRCFJI,19,2027,0.14
GLOBAL,LNDAGRFJIC01,WTRGRCFJI,19,2028,0.14
GLOBAL,LNDAGRFJIC01,WTRGRCFJI,19,2029,0.14
GLOBAL,LNDAGRFJIC01,WTRGRCFJI,19,2030,0.14
GLOBAL,LNDAGRFJIC01,WTRGRCFJI,19,2031,0.14
GLOBAL,LNDAGRFJIC01,WTRGRCFJI,19,2032,0.14
GLOBAL,LNDAGRFJIC01,WTRGRCFJI,19,2033,0.14
GLOBAL,LNDAGRFJIC01,WTRGRCFJI,19,2034,0.14
GLOBAL,LNDAGRFJIC01,WTRGRCFJI,19,2035,0.14
GLOBAL,LNDAGRFJIC01,WTRGRCFJI,19,2036,0.14
GLOBAL,LNDAGRFJIC01,WTRGRCFJI,19,2037,0.14
GLOBAL,LNDAGRFJIC01,WTRGRCFJI,19,2038,0.14
GLOBAL,LNDAGRFJIC01,WTRGRCFJI,19,2039,0.14
GLOBAL,LNDAGRFJIC01,WTRGRCFJI,19,2040,0.14
GLOBAL,LNDAGRFJIC01,WTRGRCFJI,19,2041,0.14
GLOBAL,LNDAGRFJIC01,WTRGRCFJI,19,2042,0.14
GLOBAL,LNDAGRFJIC01,WTRGRCFJI,19,2043,0.14
GLOBAL,LNDAGRFJIC01,WTRGRCFJI,19,2044,0.14
GLOBAL,LNDAGRFJIC01,WTRGRCFJI,19,2045,0.14
GLOBAL,LNDAGRFJIC01,WTRGRCFJI,19,2046,0.14
GLOBAL,LNDAGRFJIC01,WTRGRCFJI,19,2047,0.14
GLOBAL,LNDAGRFJIC01,WTRGRCFJI,19,2048,0.14
GLOBAL,LNDAGRFJIC01,WTRGRCFJI,19,2049,0.14
GLOBAL,LNDAGRFJIC01,WTRGRCFJI,19,2050,0.14
GLOBAL,LNDAGRFJIC01,WTRSURFJI,19,2020,2.5
GLOBAL,LNDAGRFJIC01,WTRSURFJI,19,2021,2.5
GLOBAL,LNDAGRFJIC01,WTRSURFJI,19,2022,2.5
GLOBAL,LNDAGRFJIC01,WTRSURFJI,19,2023,2.5
GLOBAL,LNDAGRFJIC01,WTRSURFJI,19,2024,2.5
GLOBAL,LNDAGRFJIC01,WTRSURFJI,19,2025,2.5
GLOBAL,LNDAGRFJIC01,WTRSURFJI,19,2026,2.5
GLOBAL,LNDAGRFJIC01,WTRSURFJI,19,2027,2.5
GLOBAL,LNDAGRFJIC01,WTRSURFJI,19,2028,2.5
GLOBAL,LNDAGRFJIC01,WTRSURFJI,19,2029,2.5
GLOBAL,LNDAGRFJIC01,WTRSURFJI,19,2030,2.5
GLOBAL,LNDAGRFJIC01,WTRSURFJI,19,2031,2.5
GLOBAL,LNDAGRFJIC01,WTRSURFJI,19,2032,2.5
GLOBAL,LNDAGRFJIC01,WTRSURFJI,19,2033,2.5
GLOBAL,LNDAGRFJIC01,WTRSURFJI,19,2034,2.5
GLOBAL,LNDAGRFJIC01,WTRSURFJI,19,2035,2.5
GLOBAL,LNDAGRFJIC01,WTRSURFJI,19,2036,2.5
GLOBAL,LNDAGRFJIC01,WTRSURFJI,19,2037,2.5
GLOBAL,LNDAGRFJIC01,WTRSURFJI,19,2038,2.5
GLOBAL,LNDAGRFJIC01,WTRSURFJI,19,2039,2.5
GLOBAL,LNDAGRFJIC01,WTRSURFJI,19,2040,2.5
GLOBAL,LNDAGRFJIC01,WTRSURFJI,19,2041,2.5
GLOBAL,LNDAGRFJIC01,WTRSURFJI,19,2042,2.5
GLOBAL,LNDAGRFJIC01,WTRSURFJI,19,2043,2.5
GLOBAL,LNDAGRFJIC01,WTRSURFJI,19,2044,2.5
GLOBAL,LNDAGRFJIC01,WTRSURFJI,19,2045,2.5
GLOBAL,LNDAGRFJIC01,WTRSURFJI,19,2046,2.5
GLOBAL,LNDAGRFJIC01,WTRSURFJI,19,2047,2.5
GLOBAL,LNDAGRFJIC01,WTRSURFJI,19,2048,2.5
GLOBAL,LNDAGRFJIC01,WTRSURFJI,19,2049,2.5
GLOBAL,LNDAGRFJIC01,WTRSURFJI,19,2050,2.5
GLOBAL,LNDAGRFJIC01,CRPOTH,20,2020,0.92
GLOBAL,LNDAGRFJIC01,CRPOTH,20,2021,0.92
GLOBAL,LNDAGRFJIC01,CRPOTH,20,2022,0.92
GLOBAL,LNDAGRFJIC01,CRPOTH,20,2023,0.92
GLOBAL,LNDAGRFJIC01,CRPOTH,20,2024,0.92
GLOBAL,LNDAGRFJIC01,CRPOTH,20,2025,0.92
GLOBAL,LNDAGRFJIC01,CRPOTH,20,2026,0.92
GLOBAL,LNDAGRFJIC01,CRPOTH,20,2027,0.92
GLOBAL,LNDAGRFJIC01,CRPOTH,20,2028,0.92
GLOBAL,LNDAGRFJIC01,CRPOTH,20,2029,0.92
GLOBAL,LNDAGRFJIC01,CRPOTH,20,2030,0.92
GLOBAL,LNDAGRFJIC01,CRPOTH,20,2031,0.92
GLOBAL,LNDAGRFJIC01,CRPOTH,20,2032,0.92
GLOBAL,LNDAGRFJIC01,CRPOTH,20,2033,0.92
GLOBAL,LNDAGRFJIC01,CRPOTH,20,2034,0.92
GLOBAL,LNDAGRFJIC01,CRPOTH,20,2035,0.92
GLOBAL,LNDAGRFJIC01,CRPOTH,20,2036,0.92
GLOBAL,LNDAGRFJIC01,CRPOTH,20,2037,0.92
GLOBAL,LNDAGRFJIC01,CRPOTH,20,2038,0.92
GLOBAL,LNDAGRFJIC01,CRPOTH,20,2039,0.92
GLOBAL,LNDAGRFJIC01,CRPOTH,20,2040,0.92
GLOBAL,LNDAGRFJIC01,CRPOTH,20,2041,0.92
GLOBAL,LNDAGRFJIC01,CRPOTH,20,2042,0.92
GLOBAL,LNDAGRFJIC01,CRPOTH,20,2043,0.92
GLOBAL,LNDAGRFJIC01,CRPOTH,20,2044,0.92
GLOBAL,LNDAGRFJIC01,CRPOTH,20,2045,0.92
GLOBAL,LNDAGRFJIC01,CRPOTH,20,2046,0.92
GLOBAL,LNDAGRFJIC01,CRPOTH,20,2047,0.92
GLOBAL,LNDAGRFJIC01,CRPOTH,20,2048,0.92
GLOBAL,LNDAGRFJIC01,CRPOTH,20,2049,0.92
GLOBAL,LNDAGRFJIC01,CRPOTH,20,2050,0.92
GLOBAL,LNDAGRFJIC01,WTREVTFJI,20,2020,0.90
GLOBAL,LNDAGRFJIC01,WTREVTFJI,20,2021,0.90
GLOBAL,LNDAGRFJIC01,WTREVTFJI,20,2022,0.90
GLOBAL,LNDAGRFJIC01,WTREVTFJI,20,2023,0.90
GLOBAL,LNDAGRFJIC01,WTREVTFJI,20,2024,0.90
GLOBAL,LNDAGRFJIC01,WTREVTFJI,20,2025,0.90
GLOBAL,LNDAGRFJIC01,WTREVTFJI,20,2026,0.90
GLOBAL,LNDAGRFJIC01,WTREVTFJI,20,2027,0.90
GLOBAL,LNDAGRFJIC01,WTREVTFJI,20,2028,0.90
GLOBAL,LNDAGRFJIC01,WTREVTFJI,20,2029,0.90
GLOBAL,LNDAGRFJIC01,WTREVTFJI,20,2030,0.90
GLOBAL,LNDAGRFJIC01,WTREVTFJI,20,2031,0.90
GLOBAL,LNDAGRFJIC01,WTREVTFJI,20,2032,0.90
GLOBAL,LNDAGRFJIC01,WTREVTFJI,20,2033,0.90
GLOBAL,LNDAGRFJIC01,WTREVTFJI,20,2034,0.90
GLOBAL,LNDAGRFJIC01,WTREVTFJI,20,2035,0.90
GLOBAL,LNDAGRFJIC01,WTREVTFJI,20,2036,0.90
GLOBAL,LNDAGRFJIC01,WTREVTFJI,20,2037,0.90
GLOBAL,LNDAGRFJIC01,WTREVTFJI,20,2038,0.90
GLOBAL,LNDAGRFJIC01,WTREVTFJI,20,2039,0.90
GLOBAL,LNDAGRFJIC01,WTREVTFJI,20,2040,0.90
GLOBAL,LNDAGRFJIC01,WTREVTFJI,20,2041,0.90
GLOBAL,LNDAGRFJIC01,WTREVTFJI,20,2042,0.90
GLOBAL,LNDAGRFJIC01,WTREVTFJI,20,2043,0.90
GLOBAL,LNDAGRFJIC01,WTREVTFJI,20,2044,0.90
GLOBAL,LNDAGRFJIC01,WTREVTFJI,20,2045,0.90
GLOBAL,LNDAGRFJIC01,WTREVTFJI,20,2046,0.90
GLOBAL,LNDAGRFJIC01,WTREVTFJI,20,2047,0.90
GLOBAL,LNDAGRFJIC01,WTREVTFJI,20,2048,0.90
GLOBAL,LNDAGRFJIC01,WTREVTFJI,20,2049,0.90
GLOBAL,LNDAGRFJIC01,WTREVTFJI,20,2050,0.90
GLOBAL,LNDAGRFJIC01,WTRGRCFJI,20,2020,0.092
GLOBAL,LNDAGRFJIC01,WTRGRCFJI,20,2021,0.092
GLOBAL,LNDAGRFJIC01,WTRGRCFJI,20,2022,0.092
GLOBAL,LNDAGRFJIC01,WTRGRCFJI,20,2023,0.092
GLOBAL,LNDAGRFJIC01,WTRGRCFJI,20,2024,0.092
GLOBAL,LNDAGRFJIC01,WTRGRCFJI,20,2025,0.092
GLOBAL,LNDAGRFJIC01,WTRGRCFJI,20,2026,0.092
GLOBAL,LNDAGRFJIC01,WTRGRCFJI,20,2027,0.092
GLOBAL,LNDAGRFJIC01,WTRGRCFJI,20,2028,0.092
GLOBAL,LNDAGRFJIC01,WTRGRCFJI,20,2029,0.092
GLOBAL,LNDAGRFJIC01,WTRGRCFJI,20,2030,0.092
GLOBAL,LNDAGRFJIC01,WTRGRCFJI,20,2031,0.092
GLOBAL,LNDAGRFJIC01,WTRGRCFJI,20,2032,0.092
GLOBAL,LNDAGRFJIC01,WTRGRCFJI,20,2033,0.092
GLOBAL,LNDAGRFJIC01,WTRGRCFJI,20,2034,0.092
GLOBAL,LNDAGRFJIC01,WTRGRCFJI,20,2035,0.092
GLOBAL,LNDAGRFJIC01,WTRGRCFJI,20,2036,0.092
GLOBAL,LNDAGRFJIC01,WTRGRCFJI,20,2037,0.092
GLOBAL,LNDAGRFJIC01,WTRGRCFJI,20,2038,0.092
GLOBAL,LNDAGRFJIC01,WTRGRCFJI,20,2039,0.092
GLOBAL,LNDAGRFJIC01,WTRGRCFJI,20,2040,0.092
GLOBAL,LNDAGRFJIC01,WTRGRCFJI,20,2041,0.092
GLOBAL,LNDAGRFJIC01,WTRGRCFJI,20,2042,0.092
GLOBAL,LNDAGRFJIC01,WTRGRCFJI,20,2043,0.092
GLOBAL,LNDAGRFJIC01,WTRGRCFJI,20,2044,0.092
GLOBAL,LNDAGRFJIC01,WTRGRCFJI,20,2045,0.092
GLOBAL,LNDAGRFJIC01,WTRGRCFJI,20,2046,0.092
GLOBAL,LNDAGRFJIC01,WTRGRCFJI,20,2047,0.092
GLOBAL,LNDAGRFJIC01,WTRGRCFJI,20,2048,0.092
GLOBAL,LNDAGRFJIC01,WTRGRCFJI,20,2049,0.092
GLOBAL,LNDAGRFJIC01,WTRGRCFJI,20,2050,0.092
GLOBAL,LNDAGRFJIC01,WTRSURFJI,20,2020,1.7
GLOBAL,LNDAGRFJIC01,WTRSURFJI,20,2021,1.7
GLOBAL,LNDAGRFJIC01,WTRSURFJI,20,2022,1.7
GLOBAL,LNDAGRFJIC01,WTRSURFJI,20,2023,1.7
GLOBAL,LNDAGRFJIC01,WTRSURFJI,20,2024,1.7
GLOBAL,LNDAGRFJIC01,WTRSURFJI,20,2025,1.7
GLOBAL,LNDAGRFJIC01,WTRSURFJI,20,2026,1.7
GLOBAL,LNDAGRFJIC01,WTRSURFJI,20,2027,1.7
GLOBAL,LNDAGRFJIC01,WTRSURFJI,20,2028,1.7
GLOBAL,LNDAGRFJIC01,WTRSURFJI,20,2029,1.7
GLOBAL,LNDAGRFJIC01,WTRSURFJI,20,2030,1.7
GLOBAL,LNDAGRFJIC01,WTRSURFJI,20,2031,1.7
GLOBAL,LNDAGRFJIC01,WTRSURFJI,20,2032,1.7
GLOBAL,LNDAGRFJIC01,WTRSURFJI,20,2033,1.7
GLOBAL,LNDAGRFJIC01,WTRSURFJI,20,2034,1.7
GLOBAL,LNDAGRFJIC01,WTRSURFJI,20,2035,1.7
GLOBAL,LNDAGRFJIC01,WTRSURFJI,20,2036,1.7
GLOBAL,LNDAGRFJIC01,WTRSURFJI,20,2037,1.7
GLOBAL,LNDAGRFJIC01,WTRSURFJI,20,2038,1.7
GLOBAL,LNDAGRFJIC01,WTRSURFJI,20,2039,1.7
GLOBAL,LNDAGRFJIC01,WTRSURFJI,20,2040,1.7
GLOBAL,LNDAGRFJIC01,WTRSURFJI,20,2041,1.7
GLOBAL,LNDAGRFJIC01,WTRSURFJI,20,2042,1.7
GLOBAL,LNDAGRFJIC01,WTRSURFJI,20,2043,1.7
GLOBAL,LNDAGRFJIC01,WTRSURFJI,20,2044,1.7
GLOBAL,LNDAGRFJIC01,WTRSURFJI,20,2045,1.7
GLOBAL,LNDAGRFJIC01,WTRSURFJI,20,2046,1.7
GLOBAL,LNDAGRFJIC01,WTRSURFJI,20,2047,1.7
GLOBAL,LNDAGRFJIC01,WTRSURFJI,20,2048,1.7
GLOBAL,LNDAGRFJIC01,WTRSURFJI,20,2049,1.7
GLOBAL,LNDAGRFJIC01,WTRSURFJI,20,2050,1.7
GLOBAL,LNDAGRFJIC02,CRPYAM,1,2020,0.25
GLOBAL,LNDAGRFJIC02,CRPYAM,1,2021,0.25
GLOBAL,LNDAGRFJIC02,CRPYAM,1,2022,0.25
GLOBAL,LNDAGRFJIC02,CRPYAM,1,2023,0.25
GLOBAL,LNDAGRFJIC02,CRPYAM,1,2024,0.25
GLOBAL,LNDAGRFJIC02,CRPYAM,1,2025,0.25
GLOBAL,LNDAGRFJIC02,CRPYAM,1,2026,0.25
GLOBAL,LNDAGRFJIC02,CRPYAM,1,2027,0.25
GLOBAL,LNDAGRFJIC02,CRPYAM,1,2028,0.25
GLOBAL,LNDAGRFJIC02,CRPYAM,1,2029,0.25
GLOBAL,LNDAGRFJIC02,CRPYAM,1,2030,0.25
GLOBAL,LNDAGRFJIC02,CRPYAM,1,2031,0.25
GLOBAL,LNDAGRFJIC02,CRPYAM,1,2032,0.25
GLOBAL,LNDAGRFJIC02,CRPYAM,1,2033,0.25
GLOBAL,LNDAGRFJIC02,CRPYAM,1,2034,0.25
GLOBAL,LNDAGRFJIC02,CRPYAM,1,2035,0.25
GLOBAL,LNDAGRFJIC02,CRPYAM,1,2036,0.25
GLOBAL,LNDAGRFJIC02,CRPYAM,1,2037,0.25
GLOBAL,LNDAGRFJIC02,CRPYAM,1,2038,0.25
GLOBAL,LNDAGRFJIC02,CRPYAM,1,2039,0.25
GLOBAL,LNDAGRFJIC02,CRPYAM,1,2040,0.25
GLOBAL,LNDAGRFJIC02,CRPYAM,1,2041,0.25
GLOBAL,LNDAGRFJIC02,CRPYAM,1,2042,0.25
GLOBAL,LNDAGRFJIC02,CRPYAM,1,2043,0.25
GLOBAL,LNDAGRFJIC02,CRPYAM,1,2044,0.25
GLOBAL,LNDAGRFJIC02,CRPYAM,1,2045,0.25
GLOBAL,LNDAGRFJIC02,CRPYAM,1,2046,0.25
GLOBAL,LNDAGRFJIC02,CRPYAM,1,2047,0.25
GLOBAL,LNDAGRFJIC02,CRPYAM,1,2048,0.25
GLOBAL,LNDAGRFJIC02,CRPYAM,1,2049,0.25
GLOBAL,LNDAGRFJIC02,CRPYAM,1,2050,0.25
GLOBAL,LNDAGRFJIC02,WTREVTFJI,1,2020,0.78
GLOBAL,LNDAGRFJIC02,WTREVTFJI,1,2021,0.78
GLOBAL,LNDAGRFJIC02,WTREVTFJI,1,2022,0.78
GLOBAL,LNDAGRFJIC02,WTREVTFJI,1,2023,0.78
GLOBAL,LNDAGRFJIC02,WTREVTFJI,1,2024,0.78
GLOBAL,LNDAGRFJIC02,WTREVTFJI,1,2025,0.78
GLOBAL,LNDAGRFJIC02,WTREVTFJI,1,2026,0.78
GLOBAL,LNDAGRFJIC02,WTREVTFJI,1,2027,0.78
GLOBAL,LNDAGRFJIC02,WTREVTFJI,1,2028,0.78
GLOBAL,LNDAGRFJIC02,WTREVTFJI,1,2029,0.78
GLOBAL,LNDAGRFJIC02,WTREVTFJI,1,2030,0.78
GLOBAL,LNDAGRFJIC02,WTREVTFJI,1,2031,0.78
GLOBAL,LNDAGRFJIC02,WTREVTFJI,1,2032,0.78
GLOBAL,LNDAGRFJIC02,WTREVTFJI,1,2033,0.78
GLOBAL,LNDAGRFJIC02,WTREVTFJI,1,2034,0.78
GLOBAL,LNDAGRFJIC02,WTREVTFJI,1,2035,0.78
GLOBAL,LNDAGRFJIC02,WTREVTFJI,1,2036,0.78
GLOBAL,LNDAGRFJIC02,WTREVTFJI,1,2037,0.78
GLOBAL,LNDAGRFJIC02,WTREVTFJI,1,2038,0.78
GLOBAL,LNDAGRFJIC02,WTREVTFJI,1,2039,0.78
GLOBAL,LNDAGRFJIC02,WTREVTFJI,1,2040,0.78
GLOBAL,LNDAGRFJIC02,WTREVTFJI,1,2041,0.78
GLOBAL,LNDAGRFJIC02,WTREVTFJI,1,2042,0.78
GLOBAL,LNDAGRFJIC02,WTREVTFJI,1,2043,0.78
GLOBAL,LNDAGRFJIC02,WTREVTFJI,1,2044,0.78
GLOBAL,LNDAGRFJIC02,WTREVTFJI,1,2045,0.78
GLOBAL,LNDAGRFJIC02,WTREVTFJI,1,2046,0.78
GLOBAL,LNDAGRFJIC02,WTREVTFJI,1,2047,0.78
GLOBAL,LNDAGRFJIC02,WTREVTFJI,1,2048,0.78
GLOBAL,LNDAGRFJIC02,WTREVTFJI,1,2049,0.78
GLOBAL,LNDAGRFJIC02,WTREVTFJI,1,2050,0.78
GLOBAL,LNDAGRFJIC02,WTRGRCFJI,1,2020,0.088
GLOBAL,LNDAGRFJIC02,WTRGRCFJI,1,2021,0.088
GLOBAL,LNDAGRFJIC02,WTRGRCFJI,1,2022,0.088
GLOBAL,LNDAGRFJIC02,WTRGRCFJI,1,2023,0.088
GLOBAL,LNDAGRFJIC02,WTRGRCFJI,1,2024,0.088
GLOBAL,LNDAGRFJIC02,WTRGRCFJI,1,2025,0.088
GLOBAL,LNDAGRFJIC02,WTRGRCFJI,1,2026,0.088
GLOBAL,LNDAGRFJIC02,WTRGRCFJI,1,2027,0.088
GLOBAL,LNDAGRFJIC02,WTRGRCFJI,1,2028,0.088
GLOBAL,LNDAGRFJIC02,WTRGRCFJI,1,2029,0.088
GLOBAL,LNDAGRFJIC02,WTRGRCFJI,1,2030,0.088
GLOBAL,LNDAGRFJIC02,WTRGRCFJI,1,2031,0.088
GLOBAL,LNDAGRFJIC02,WTRGRCFJI,1,2032,0.088
GLOBAL,LNDAGRFJIC02,WTRGRCFJI,1,2033,0.088
GLOBAL,LNDAGRFJIC02,WTRGRCFJI,1,2034,0.088
GLOBAL,LNDAGRFJIC02,WTRGRCFJI,1,2035,0.088
GLOBAL,LNDAGRFJIC02,WTRGRCFJI,1,2036,0.088
GLOBAL,LNDAGRFJIC02,WTRGRCFJI,1,2037,0.088
GLOBAL,LNDAGRFJIC02,WTRGRCFJI,1,2038,0.088
GLOBAL,LNDAGRFJIC02,WTRGRCFJI,1,2039,0.088
GLOBAL,LNDAGRFJIC02,WTRGRCFJI,1,2040,0.088
GLOBAL,LNDAGRFJIC02,WTRGRCFJI,1,2041,0.088
GLOBAL,LNDAGRFJIC02,WTRGRCFJI,1,2042,0.088
GLOBAL,LNDAGRFJIC02,WTRGRCFJI,1,2043,0.088
GLOBAL,LNDAGRFJIC02,WTRGRCFJI,1,2044,0.088
GLOBAL,LNDAGRFJIC02,WTRGRCFJI,1,2045,0.088
GLOBAL,LNDAGRFJIC02,WTRGRCFJI,1,2046,0.088
GLOBAL,LNDAGRFJIC02,WTRGRCFJI,1,2047,0.088
GLOBAL,LNDAGRFJIC02,WTRGRCFJI,1,2048,0.088
GLOBAL,LNDAGRFJIC02,WTRGRCFJI,1,2049,0.088
GLOBAL,LNDAGRFJIC02,WTRGRCFJI,1,2050,0.088
GLOBAL,LNDAGRFJIC02,WTRSURFJI,1,2020,1.6
GLOBAL,LNDAGRFJIC02,WTRSURFJI,1,2021,1.6
GLOBAL,LNDAGRFJIC02,WTRSURFJI,1,2022,1.6
GLOBAL,LNDAGRFJIC02,WTRSURFJI,1,2023,1.6
GLOBAL,LNDAGRFJIC02,WTRSURFJI,1,2024,1.6
GLOBAL,LNDAGRFJIC02,WTRSURFJI,1,2025,1.6
GLOBAL,LNDAGRFJIC02,WTRSURFJI,1,2026,1.6
GLOBAL,LNDAGRFJIC02,WTRSURFJI,1,2027,1.6
GLOBAL,LNDAGRFJIC02,WTRSURFJI,1,2028,1.6
GLOBAL,LNDAGRFJIC02,WTRSURFJI,1,2029,1.6
GLOBAL,LNDAGRFJIC02,WTRSURFJI,1,2030,1.6
GLOBAL,LNDAGRFJIC02,WTRSURFJI,1,2031,1.6
GLOBAL,LNDAGRFJIC02,WTRSURFJI,1,2032,1.6
GLOBAL,LNDAGRFJIC02,WTRSURFJI,1,2033,1.6
GLOBAL,LNDAGRFJIC02,WTRSURFJI,1,2034,1.6
GLOBAL,LNDAGRFJIC02,WTRSURFJI,1,2035,1.6
GLOBAL,LNDAGRFJIC02,WTRSURFJI,1,2036,1.6
GLOBAL,LNDAGRFJIC02,WTRSURFJI,1,2037,1.6
GLOBAL,LNDAGRFJIC02,WTRSURFJI,1,2038,1.6
GLOBAL,LNDAGRFJIC02,WTRSURFJI,1,2039,1.6
GLOBAL,LNDAGRFJIC02,WTRSURFJI,1,2040,1.6
GLOBAL,LNDAGRFJIC02,WTRSURFJI,1,2041,1.6
GLOBAL,LNDAGRFJIC02,WTRSURFJI,1,2042,1.6
GLOBAL,LNDAGRFJIC02,WTRSURFJI,1,2043,1.6
GLOBAL,LNDAGRFJIC02,WTRSURFJI,1,2044,1.6
GLOBAL,LNDAGRFJIC02,WTRSURFJI,1,2045,1.6
GLOBAL,LNDAGRFJIC02,WTRSURFJI,1,2046,1.6
GLOBAL,LNDAGRFJIC02,WTRSURFJI,1,2047,1.6
GLOBAL,LNDAGRFJIC02,WTRSURFJI,1,2048,1.6
GLOBAL,LNDAGRFJIC02,WTRSURFJI,1,2049,1.6
GLOBAL,LNDAGRFJIC02,WTRSURFJI,1,2050,1.6
GLOBAL,LNDAGRFJIC02,CRPYAM,2,2020,0.25
GLOBAL,LNDAGRFJIC02,CRPYAM,2,2021,0.25
GLOBAL,LNDAGRFJIC02,CRPYAM,2,2022,0.25
GLOBAL,LNDAGRFJIC02,CRPYAM,2,2023,0.25
GLOBAL,LNDAGRFJIC02,CRPYAM,2,2024,0.25
GLOBAL,LNDAGRFJIC02,CRPYAM,2,2025,0.25
GLOBAL,LNDAGRFJIC02,CRPYAM,2,2026,0.25
GLOBAL,LNDAGRFJIC02,CRPYAM,2,2027,0.25
GLOBAL,LNDAGRFJIC02,CRPYAM,2,2028,0.25
GLOBAL,LNDAGRFJIC02,CRPYAM,2,2029,0.25
GLOBAL,LNDAGRFJIC02,CRPYAM,2,2030,0.25
GLOBAL,LNDAGRFJIC02,CRPYAM,2,2031,0.25
GLOBAL,LNDAGRFJIC02,CRPYAM,2,2032,0.25
GLOBAL,LNDAGRFJIC02,CRPYAM,2,2033,0.25
GLOBAL,LNDAGRFJIC02,CRPYAM,2,2034,0.25
GLOBAL,LNDAGRFJIC02,CRPYAM,2,2035,0.25
GLOBAL,LNDAGRFJIC02,CRPYAM,2,2036,0.25
GLOBAL,LNDAGRFJIC02,CRPYAM,2,2037,0.25
GLOBAL,LNDAGRFJIC02,CRPYAM,2,2038,0.25
GLOBAL,LNDAGRFJIC02,CRPYAM,2,2039,0.25
GLOBAL,LNDAGRFJIC02,CRPYAM,2,2040,0.25
GLOBAL,LNDAGRFJIC02,CRPYAM,2,2041,0.25
GLOBAL,LNDAGRFJIC02,CRPYAM,2,2042,0.25
GLOBAL,LNDAGRFJIC02,CRPYAM,2,2043,0.25
GLOBAL,LNDAGRFJIC02,CRPYAM,2,2044,0.25
GLOBAL,LNDAGRFJIC02,CRPYAM,2,2045,0.25
GLOBAL,LNDAGRFJIC02,CRPYAM,2,2046,0.25
GLOBAL,LNDAGRFJIC02,CRPYAM,2,2047,0.25
GLOBAL,LNDAGRFJIC02,CRPYAM,2,2048,0.25
GLOBAL,LNDAGRFJIC02,CRPYAM,2,2049,0.25
GLOBAL,LNDAGRFJIC02,CRPYAM,2,2050,0.25
GLOBAL,LNDAGRFJIC02,WTREVTFJI,2,2020,0.91
GLOBAL,LNDAGRFJIC02,WTREVTFJI,2,2021,0.91
GLOBAL,LNDAGRFJIC02,WTREVTFJI,2,2022,0.91
GLOBAL,LNDAGRFJIC02,WTREVTFJI,2,2023,0.91
GLOBAL,LNDAGRFJIC02,WTREVTFJI,2,2024,0.91
GLOBAL,LNDAGRFJIC02,WTREVTFJI,2,2025,0.91
GLOBAL,LNDAGRFJIC02,WTREVTFJI,2,2026,0.91
GLOBAL,LNDAGRFJIC02,WTREVTFJI,2,2027,0.91
GLOBAL,LNDAGRFJIC02,WTREVTFJI,2,2028,0.91
GLOBAL,LNDAGRFJIC02,WTREVTFJI,2,2029,0.91
GLOBAL,LNDAGRFJIC02,WTREVTFJI,2,2030,0.91
GLOBAL,LNDAGRFJIC02,WTREVTFJI,2,2031,0.91
GLOBAL,LNDAGRFJIC02,WTREVTFJI,2,2032,0.91
GLOBAL,LNDAGRFJIC02,WTREVTFJI,2,2033,0.91
GLOBAL,LNDAGRFJIC02,WTREVTFJI,2,2034,0.91
GLOBAL,LNDAGRFJIC02,WTREVTFJI,2,2035,0.91
GLOBAL,LNDAGRFJIC02,WTREVTFJI,2,2036,0.91
GLOBAL,LNDAGRFJIC02,WTREVTFJI,2,2037,0.91
GLOBAL,LNDAGRFJIC02,WTREVTFJI,2,2038,0.91
GLOBAL,LNDAGRFJIC02,WTREVTFJI,2,2039,0.91
GLOBAL,LNDAGRFJIC02,WTREVTFJI,2,2040,0.91
GLOBAL,LNDAGRFJIC02,WTREVTFJI,2,2041,0.91
GLOBAL,LNDAGRFJIC02,WTREVTFJI,2,2042,0.91
GLOBAL,LNDAGRFJIC02,WTREVTFJI,2,2043,0.91
GLOBAL,LNDAGRFJIC02,WTREVTFJI,2,2044,0.91
GLOBAL,LNDAGRFJIC02,WTREVTFJI,2,2045,0.91
GLOBAL,LNDAGRFJIC02,WTREVTFJI,2,2046,0.91
GLOBAL,LNDAGRFJIC02,WTREVTFJI,2,2047,0.91
GLOBAL,LNDAGRFJIC02,WTREVTFJI,2,2048,0.91
GLOBAL,LNDAGRFJIC02,WTREVTFJI,2,2049,0.91
GLOBAL,LNDAGRFJIC02,WTREVTFJI,2,2050,0.91
GLOBAL,LNDAGRFJIC02,WTRGRCFJI,2,2020,0.081
GLOBAL,LNDAGRFJIC02,WTRGRCFJI,2,2021,0.081
GLOBAL,LNDAGRFJIC02,WTRGRCFJI,2,2022,0.081
GLOBAL,LNDAGRFJIC02,WTRGRCFJI,2,2023,0.081
GLOBAL,LNDAGRFJIC02,WTRGRCFJI,2,2024,0.081
GLOBAL,LNDAGRFJIC02,WTRGRCFJI,2,2025,0.081
GLOBAL,LNDAGRFJIC02,WTRGRCFJI,2,2026,0.081
GLOBAL,LNDAGRFJIC02,WTRGRCFJI,2,2027,0.081
GLOBAL,LNDAGRFJIC02,WTRGRCFJI,2,2028,0.081
GLOBAL,LNDAGRFJIC02,WTRGRCFJI,2,2029,0.081
GLOBAL,LNDAGRFJIC02,WTRGRCFJI,2,2030,0.081
GLOBAL,LNDAGRFJIC02,WTRGRCFJI,2,2031,0.081
GLOBAL,LNDAGRFJIC02,WTRGRCFJI,2,2032,0.081
GLOBAL,LNDAGRFJIC02,WTRGRCFJI,2,2033,0.081
GLOBAL,LNDAGRFJIC02,WTRGRCFJI,2,2034,0.081
GLOBAL,LNDAGRFJIC02,WTRGRCFJI,2,2035,0.081
GLOBAL,LNDAGRFJIC02,WTRGRCFJI,2,2036,0.081
GLOBAL,LNDAGRFJIC02,WTRGRCFJI,2,2037,0.081
GLOBAL,LNDAGRFJIC02,WTRGRCFJI,2,2038,0.081
GLOBAL,LNDAGRFJIC02,WTRGRCFJI,2,2039,0.081
GLOBAL,LNDAGRFJIC02,WTRGRCFJI,2,2040,0.081
GLOBAL,LNDAGRFJIC02,WTRGRCFJI,2,2041,0.081
GLOBAL,LNDAGRFJIC02,WTRGRCFJI,2,2042,0.081
GLOBAL,LNDAGRFJIC02,WTRGRCFJI,2,2043,0.081
GLOBAL,LNDAGRFJIC02,WTRGRCFJI,2,2044,0.081
GLOBAL,LNDAGRFJIC02,WTRGRCFJI,2,2045,0.081
GLOBAL,LNDAGRFJIC02,WTRGRCFJI,2,2046,0.081
GLOBAL,LNDAGRFJIC02,WTRGRCFJI,2,2047,0.081
GLOBAL,LNDAGRFJIC02,WTRGRCFJI,2,2048,0.081
GLOBAL,LNDAGRFJIC02,WTRGRCFJI,2,2049,0.081
GLOBAL,LNDAGRFJIC02,WTRGRCFJI,2,2050,0.081
GLOBAL,LNDAGRFJIC02,WTRSURFJI,2,2020,1.5
GLOBAL,LNDAGRFJIC02,WTRSURFJI,2,2021,1.5
GLOBAL,LNDAGRFJIC02,WTRSURFJI,2,2022,1.5
GLOBAL,LNDAGRFJIC02,WTRSURFJI,2,2023,1.5
GLOBAL,LNDAGRFJIC02,WTRSURFJI,2,2024,1.5
GLOBAL,LNDAGRFJIC02,WTRSURFJI,2,2025,1.5
GLOBAL,LNDAGRFJIC02,WTRSURFJI,2,2026,1.5
GLOBAL,LNDAGRFJIC02,WTRSURFJI,2,2027,1.5
GLOBAL,LNDAGRFJIC02,WTRSURFJI,2,2028,1.5
GLOBAL,LNDAGRFJIC02,WTRSURFJI,2,2029,1.5
GLOBAL,LNDAGRFJIC02,WTRSURFJI,2,2030,1.5
GLOBAL,LNDAGRFJIC02,WTRSURFJI,2,2031,1.5
GLOBAL,LNDAGRFJIC02,WTRSURFJI,2,2032,1.5
GLOBAL,LNDAGRFJIC02,WTRSURFJI,2,2033,1.5
GLOBAL,LNDAGRFJIC02,WTRSURFJI,2,2034,1.5
GLOBAL,LNDAGRFJIC02,WTRSURFJI,2,2035,1.5
GLOBAL,LNDAGRFJIC02,WTRSURFJI,2,2036,1.5
GLOBAL,LNDAGRFJIC02,WTRSURFJI,2,2037,1.5
GLOBAL,LNDAGRFJIC02,WTRSURFJI,2,2038,1.5
GLOBAL,LNDAGRFJIC02,WTRSURFJI,2,2039,1.5
GLOBAL,LNDAGRFJIC02,WTRSURFJI,2,2040,1.5
GLOBAL,LNDAGRFJIC02,WTRSURFJI,2,2041,1.5
GLOBAL,LNDAGRFJIC02,WTRSURFJI,2,2042,1.5
GLOBAL,LNDAGRFJIC02,WTRSURFJI,2,2043,1.5
GLOBAL,LNDAGRFJIC02,WTRSURFJI,2,2044,1.5
GLOBAL,LNDAGRFJIC02,WTRSURFJI,2,2045,1.5
GLOBAL,LNDAGRFJIC02,WTRSURFJI,2,2046,1.5
GLOBAL,LNDAGRFJIC02,WTRSURFJI,2,2047,1.5
GLOBAL,LNDAGRFJIC02,WTRSURFJI,2,2048,1.5
GLOBAL,LNDAGRFJIC02,WTRSURFJI,2,2049,1.5
GLOBAL,LNDAGRFJIC02,WTRSURFJI,2,2050,1.5
GLOBAL,LNDAGRFJIC02,CRPCON,3,2020,0.043
GLOBAL,LNDAGRFJIC02,CRPCON,3,2021,0.043
GLOBAL,LNDAGRFJIC02,CRPCON,3,2022,0.043
GLOBAL,LNDAGRFJIC02,CRPCON,3,2023,0.043
GLOBAL,LNDAGRFJIC02,CRPCON,3,2024,0.043
GLOBAL,LNDAGRFJIC02,CRPCON,3,2025,0.043
GLOBAL,LNDAGRFJIC02,CRPCON,3,2026,0.043
GLOBAL,LNDAGRFJIC02,CRPCON,3,2027,0.043
GLOBAL,LNDAGRFJIC02,CRPCON,3,2028,0.043
GLOBAL,LNDAGRFJIC02,CRPCON,3,2029,0.043
GLOBAL,LNDAGRFJIC02,CRPCON,3,2030,0.043
GLOBAL,LNDAGRFJIC02,CRPCON,3,2031,0.043
GLOBAL,LNDAGRFJIC02,CRPCON,3,2032,0.043
GLOBAL,LNDAGRFJIC02,CRPCON,3,2033,0.043
GLOBAL,LNDAGRFJIC02,CRPCON,3,2034,0.043
GLOBAL,LNDAGRFJIC02,CRPCON,3,2035,0.043
GLOBAL,LNDAGRFJIC02,CRPCON,3,2036,0.043
GLOBAL,LNDAGRFJIC02,CRPCON,3,2037,0.043
GLOBAL,LNDAGRFJIC02,CRPCON,3,2038,0.043
GLOBAL,LNDAGRFJIC02,CRPCON,3,2039,0.043
GLOBAL,LNDAGRFJIC02,CRPCON,3,2040,0.043
GLOBAL,LNDAGRFJIC02,CRPCON,3,2041,0.043
GLOBAL,LNDAGRFJIC02,CRPCON,3,2042,0.043
GLOBAL,LNDAGRFJIC02,CRPCON,3,2043,0.043
GLOBAL,LNDAGRFJIC02,CRPCON,3,2044,0.043
GLOBAL,LNDAGRFJIC02,CRPCON,3,2045,0.043
GLOBAL,LNDAGRFJIC02,CRPCON,3,2046,0.043
GLOBAL,LNDAGRFJIC02,CRPCON,3,2047,0.043
GLOBAL,LNDAGRFJIC02,CRPCON,3,2048,0.043
GLOBAL,LNDAGRFJIC02,CRPCON,3,2049,0.043
GLOBAL,LNDAGRFJIC02,CRPCON,3,2050,0.043
GLOBAL,LNDAGRFJIC02,WTREVTFJI,3,2020,0.27
GLOBAL,LNDAGRFJIC02,WTREVTFJI,3,2021,0.27
GLOBAL,LNDAGRFJIC02,WTREVTFJI,3,2022,0.27
GLOBAL,LNDAGRFJIC02,WTREVTFJI,3,2023,0.27
GLOBAL,LNDAGRFJIC02,WTREVTFJI,3,2024,0.27
GLOBAL,LNDAGRFJIC02,WTREVTFJI,3,2025,0.27
GLOBAL,LNDAGRFJIC02,WTREVTFJI,3,2026,0.27
GLOBAL,LNDAGRFJIC02,WTREVTFJI,3,2027,0.27
GLOBAL,LNDAGRFJIC02,WTREVTFJI,3,2028,0.27
GLOBAL,LNDAGRFJIC02,WTREVTFJI,3,2029,0.27
GLOBAL,LNDAGRFJIC02,WTREVTFJI,3,2030,0.27
GLOBAL,LNDAGRFJIC02,WTREVTFJI,3,2031,0.27
GLOBAL,LNDAGRFJIC02,WTREVTFJI,3,2032,0.27
GLOBAL,LNDAGRFJIC02,WTREVTFJI,3,2033,0.27
GLOBAL,LNDAGRFJIC02,WTREVTFJI,3,2034,0.27
GLOBAL,LNDAGRFJIC02,WTREVTFJI,3,2035,0.27
GLOBAL,LNDAGRFJIC02,WTREVTFJI,3,2036,0.27
GLOBAL,LNDAGRFJIC02,WTREVTFJI,3,2037,0.27
GLOBAL,LNDAGRFJIC02,WTREVTFJI,3,2038,0.27
GLOBAL,LNDAGRFJIC02,WTREVTFJI,3,2039,0.27
GLOBAL,LNDAGRFJIC02,WTREVTFJI,3,2040,0.27
GLOBAL,LNDAGRFJIC02,WTREVTFJI,3,2041,0.27
GLOBAL,LNDAGRFJIC02,WTREVTFJI,3,2042,0.27
GLOBAL,LNDAGRFJIC02,WTREVTFJI,3,2043,0.27
GLOBAL,LNDAGRFJIC02,WTREVTFJI,3,2044,0.27
GLOBAL,LNDAGRFJIC02,WTREVTFJI,3,2045,0.27
GLOBAL,LNDAGRFJIC02,WTREVTFJI,3,2046,0.27
GLOBAL,LNDAGRFJIC02,WTREVTFJI,3,2047,0.27
GLOBAL,LNDAGRFJIC02,WTREVTFJI,3,2048,0.27
GLOBAL,LNDAGRFJIC02,WTREVTFJI,3,2049,0.27
GLOBAL,LNDAGRFJIC02,WTREVTFJI,3,2050,0.27
GLOBAL,LNDAGRFJIC02,WTRGRCFJI,3,2020,0.11
GLOBAL,LNDAGRFJIC02,WTRGRCFJI,3,2021,0.11
GLOBAL,LNDAGRFJIC02,WTRGRCFJI,3,2022,0.11
GLOBAL,LNDAGRFJIC02,WTRGRCFJI,3,2023,0.11
GLOBAL,LNDAGRFJIC02,WTRGRCFJI,3,2024,0.11
GLOBAL,LNDAGRFJIC02,WTRGRCFJI,3,2025,0.11
GLOBAL,LNDAGRFJIC02,WTRGRCFJI,3,2026,0.11
GLOBAL,LNDAGRFJIC02,WTRGRCFJI,3,2027,0.11
GLOBAL,LNDAGRFJIC02,WTRGRCFJI,3,2028,0.11
GLOBAL,LNDAGRFJIC02,WTRGRCFJI,3,2029,0.11
GLOBAL,LNDAGRFJIC02,WTRGRCFJI,3,2030,0.11
GLOBAL,LNDAGRFJIC02,WTRGRCFJI,3,2031,0.11
GLOBAL,LNDAGRFJIC02,WTRGRCFJI,3,2032,0.11
GLOBAL,LNDAGRFJIC02,WTRGRCFJI,3,2033,0.11
GLOBAL,LNDAGRFJIC02,WTRGRCFJI,3,2034,0.11
GLOBAL,LNDAGRFJIC02,WTRGRCFJI,3,2035,0.11
GLOBAL,LNDAGRFJIC02,WTRGRCFJI,3,2036,0.11
GLOBAL,LNDAGRFJIC02,WTRGRCFJI,3,2037,0.11
GLOBAL,LNDAGRFJIC02,WTRGRCFJI,3,2038,0.11
GLOBAL,LNDAGRFJIC02,WTRGRCFJI,3,2039,0.11
GLOBAL,LNDAGRFJIC02,WTRGRCFJI,3,2040,0.11
GLOBAL,LNDAGRFJIC02,WTRGRCFJI,3,2041,0.11
GLOBAL,LNDAGRFJIC02,WTRGRCFJI,3,2042,0.11
GLOBAL,LNDAGRFJIC02,WTRGRCFJI,3,2043,0.11
GLOBAL,LNDAGRFJIC02,WTRGRCFJI,3,2044,0.11
GLOBAL,LNDAGRFJIC02,WTRGRCFJI,3,2045,0.11
GLOBAL,LNDAGRFJIC02,WTRGRCFJI,3,2046,0.11
GLOBAL,LNDAGRFJIC02,WTRGRCFJI,3,2047,0.11
GLOBAL,LNDAGRFJIC02,WTRGRCFJI,3,2048,0.11
GLOBAL,LNDAGRFJIC02,WTRGRCFJI,3,2049,0.11
GLOBAL,LNDAGRFJIC02,WTRGRCFJI,3,2050,0.11
GLOBAL,LNDAGRFJIC02,WTRSURFJI,3,2020,2.1
GLOBAL,LNDAGRFJIC02,WTRSURFJI,3,2021,2.1
GLOBAL,LNDAGRFJIC02,WTRSURFJI,3,2022,2.1
GLOBAL,LNDAGRFJIC02,WTRSURFJI,3,2023,2.1
GLOBAL,LNDAGRFJIC02,WTRSURFJI,3,2024,2.1
GLOBAL,LNDAGRFJIC02,WTRSURFJI,3,2025,2.1
GLOBAL,LNDAGRFJIC02,WTRSURFJI,3,2026,2.1
GLOBAL,LNDAGRFJIC02,WTRSURFJI,3,2027,2.1
GLOBAL,LNDAGRFJIC02,WTRSURFJI,3,2028,2.1
GLOBAL,LNDAGRFJIC02,WTRSURFJI,3,2029,2.1
GLOBAL,LNDAGRFJIC02,WTRSURFJI,3,2030,2.1
GLOBAL,LNDAGRFJIC02,WTRSURFJI,3,2031,2.1
GLOBAL,LNDAGRFJIC02,WTRSURFJI,3,2032,2.1
GLOBAL,LNDAGRFJIC02,WTRSURFJI,3,2033,2.1
GLOBAL,LNDAGRFJIC02,WTRSURFJI,3,2034,2.1
GLOBAL,LNDAGRFJIC02,WTRSURFJI,3,2035,2.1
GLOBAL,LNDAGRFJIC02,WTRSURFJI,3,2036,2.1
GLOBAL,LNDAGRFJIC02,WTRSURFJI,3,2037,2.1
GLOBAL,LNDAGRFJIC02,WTRSURFJI,3,2038,2.1
GLOBAL,LNDAGRFJIC02,WTRSURFJI,3,2039,2.1
GLOBAL,LNDAGRFJIC02,WTRSURFJI,3,2040,2.1
GLOBAL,LNDAGRFJIC02,WTRSURFJI,3,2041,2.1
GLOBAL,LNDAGRFJIC02,WTRSURFJI,3,2042,2.1
GLOBAL,LNDAGRFJIC02,WTRSURFJI,3,2043,2.1
GLOBAL,LNDAGRFJIC02,WTRSURFJI,3,2044,2.1
GLOBAL,LNDAGRFJIC02,WTRSURFJI,3,2045,2.1
GLOBAL,LNDAGRFJIC02,WTRSURFJI,3,2046,2.1
GLOBAL,LNDAGRFJIC02,WTRSURFJI,3,2047,2.1
GLOBAL,LNDAGRFJIC02,WTRSURFJI,3,2048,2.1
GLOBAL,LNDAGRFJIC02,WTRSURFJI,3,2049,2.1
GLOBAL,LNDAGRFJIC02,WTRSURFJI,3,2050,2.1
GLOBAL,LNDAGRFJIC02,CRPCAS,4,2020,0.91
GLOBAL,LNDAGRFJIC02,CRPCAS,4,2021,0.91
GLOBAL,LNDAGRFJIC02,CRPCAS,4,2022,0.91
GLOBAL,LNDAGRFJIC02,CRPCAS,4,2023,0.91
GLOBAL,LNDAGRFJIC02,CRPCAS,4,2024,0.91
GLOBAL,LNDAGRFJIC02,CRPCAS,4,2025,0.91
GLOBAL,LNDAGRFJIC02,CRPCAS,4,2026,0.91
GLOBAL,LNDAGRFJIC02,CRPCAS,4,2027,0.91
GLOBAL,LNDAGRFJIC02,CRPCAS,4,2028,0.91
GLOBAL,LNDAGRFJIC02,CRPCAS,4,2029,0.91
GLOBAL,LNDAGRFJIC02,CRPCAS,4,2030,0.91
GLOBAL,LNDAGRFJIC02,CRPCAS,4,2031,0.91
GLOBAL,LNDAGRFJIC02,CRPCAS,4,2032,0.91
GLOBAL,LNDAGRFJIC02,CRPCAS,4,2033,0.91
GLOBAL,LNDAGRFJIC02,CRPCAS,4,2034,0.91
GLOBAL,LNDAGRFJIC02,CRPCAS,4,2035,0.91
GLOBAL,LNDAGRFJIC02,CRPCAS,4,2036,0.91
GLOBAL,LNDAGRFJIC02,CRPCAS,4,2037,0.91
GLOBAL,LNDAGRFJIC02,CRPCAS,4,2038,0.91
GLOBAL,LNDAGRFJIC02,CRPCAS,4,2039,0.91
GLOBAL,LNDAGRFJIC02,CRPCAS,4,2040,0.91
GLOBAL,LNDAGRFJIC02,CRPCAS,4,2041,0.91
GLOBAL,LNDAGRFJIC02,CRPCAS,4,2042,0.91
GLOBAL,LNDAGRFJIC02,CRPCAS,4,2043,0.91
GLOBAL,LNDAGRFJIC02,CRPCAS,4,2044,0.91
GLOBAL,LNDAGRFJIC02,CRPCAS,4,2045,0.91
GLOBAL,LNDAGRFJIC02,CRPCAS,4,2046,0.91
GLOBAL,LNDAGRFJIC02,CRPCAS,4,2047,0.91
GLOBAL,LNDAGRFJIC02,CRPCAS,4,2048,0.91
GLOBAL,LNDAGRFJIC02,CRPCAS,4,2049,0.91
GLOBAL,LNDAGRFJIC02,CRPCAS,4,2050,0.91
GLOBAL,LNDAGRFJIC02,WTREVTFJI,4,2020,0.80
GLOBAL,LNDAGRFJIC02,WTREVTFJI,4,2021,0.80
GLOBAL,LNDAGRFJIC02,WTREVTFJI,4,2022,0.80
GLOBAL,LNDAGRFJIC02,WTREVTFJI,4,2023,0.80
GLOBAL,LNDAGRFJIC02,WTREVTFJI,4,2024,0.80
GLOBAL,LNDAGRFJIC02,WTREVTFJI,4,2025,0.80
GLOBAL,LNDAGRFJIC02,WTREVTFJI,4,2026,0.80
GLOBAL,LNDAGRFJIC02,WTREVTFJI,4,2027,0.80
GLOBAL,LNDAGRFJIC02,WTREVTFJI,4,2028,0.80
GLOBAL,LNDAGRFJIC02,WTREVTFJI,4,2029,0.80
GLOBAL,LNDAGRFJIC02,WTREVTFJI,4,2030,0.80
GLOBAL,LNDAGRFJIC02,WTREVTFJI,4,2031,0.80
GLOBAL,LNDAGRFJIC02,WTREVTFJI,4,2032,0.80
GLOBAL,LNDAGRFJIC02,WTREVTFJI,4,2033,0.80
GLOBAL,LNDAGRFJIC02,WTREVTFJI,4,2034,0.80
GLOBAL,LNDAGRFJIC02,WTREVTFJI,4,2035,0.80
GLOBAL,LNDAGRFJIC02,WTREVTFJI,4,2036,0.80
GLOBAL,LNDAGRFJIC02,WTREVTFJI,4,2037,0.80
GLOBAL,LNDAGRFJIC02,WTREVTFJI,4,2038,0.80
GLOBAL,LNDAGRFJIC02,WTREVTFJI,4,2039,0.80
GLOBAL,LNDAGRFJIC02,WTREVTFJI,4,2040,0.80
GLOBAL,LNDAGRFJIC02,WTREVTFJI,4,2041,0.80
GLOBAL,LNDAGRFJIC02,WTREVTFJI,4,2042,0.80
GLOBAL,LNDAGRFJIC02,WTREVTFJI,4,2043,0.80
GLOBAL,LNDAGRFJIC02,WTREVTFJI,4,2044,0.80
GLOBAL,LNDAGRFJIC02,WTREVTFJI,4,2045,0.80
GLOBAL,LNDAGRFJIC02,WTREVTFJI,4,2046,0.80
GLOBAL,LNDAGRFJIC02,WTREVTFJI,4,2047,0.80
GLOBAL,LNDAGRFJIC02,WTREVTFJI,4,2048,0.80
GLOBAL,LNDAGRFJIC02,WTREVTFJI,4,2049,0.80
GLOBAL,LNDAGRFJIC02,WTREVTFJI,4,2050,0.80
GLOBAL,LNDAGRFJIC02,WTRGRCFJI,4,2020,0.087
GLOBAL,LNDAGRFJIC02,WTRGRCFJI,4,2021,0.087
GLOBAL,LNDAGRFJIC02,WTRGRCFJI,4,2022,0.087
GLOBAL,LNDAGRFJIC02,WTRGRCFJI,4,2023,0.087
GLOBAL,LNDAGRFJIC02,WTRGRCFJI,4,2024,0.087
GLOBAL,LNDAGRFJIC02,WTRGRCFJI,4,2025,0.087
GLOBAL,LNDAGRFJIC02,WTRGRCFJI,4,2026,0.087
GLOBAL,LNDAGRFJIC02,WTRGRCFJI,4,2027,0.087
GLOBAL,LNDAGRFJIC02,WTRGRCFJI,4,2028,0.087
GLOBAL,LNDAGRFJIC02,WTRGRCFJI,4,2029,0.087
GLOBAL,LNDAGRFJIC02,WTRGRCFJI,4,2030,0.087
GLOBAL,LNDAGRFJIC02,WTRGRCFJI,4,2031,0.087
GLOBAL,LNDAGRFJIC02,WTRGRCFJI,4,2032,0.087
GLOBAL,LNDAGRFJIC02,WTRGRCFJI,4,2033,0.087
GLOBAL,LNDAGRFJIC02,WTRGRCFJI,4,2034,0.087
GLOBAL,LNDAGRFJIC02,WTRGRCFJI,4,2035,0.087
GLOBAL,LNDAGRFJIC02,WTRGRCFJI,4,2036,0.087
GLOBAL,LNDAGRFJIC02,WTRGRCFJI,4,2037,0.087
GLOBAL,LNDAGRFJIC02,WTRGRCFJI,4,2038,0.087
GLOBAL,LNDAGRFJIC02,WTRGRCFJI,4,2039,0.087
GLOBAL,LNDAGRFJIC02,WTRGRCFJI,4,2040,0.087
GLOBAL,LNDAGRFJIC02,WTRGRCFJI,4,2041,0.087
GLOBAL,LNDAGRFJIC02,WTRGRCFJI,4,2042,0.087
GLOBAL,LNDAGRFJIC02,WTRGRCFJI,4,2043,0.087
GLOBAL,LNDAGRFJIC02,WTRGRCFJI,4,2044,0.087
GLOBAL,LNDAGRFJIC02,WTRGRCFJI,4,2045,0.087
GLOBAL,LNDAGRFJIC02,WTRGRCFJI,4,2046,0.087
GLOBAL,LNDAGRFJIC02,WTRGRCFJI,4,2047,0.087
GLOBAL,LNDAGRFJIC02,WTRGRCFJI,4,2048,0.087
GLOBAL,LNDAGRFJIC02,WTRGRCFJI,4,2049,0.087
GLOBAL,LNDAGRFJIC02,WTRGRCFJI,4,2050,0.087
GLOBAL,LNDAGRFJIC02,WTRSURFJI,4,2020,1.6
GLOBAL,LNDAGRFJIC02,WTRSURFJI,4,2021,1.6
GLOBAL,LNDAGRFJIC02,WTRSURFJI,4,2022,1.6
GLOBAL,LNDAGRFJIC02,WTRSURFJI,4,2023,1.6
GLOBAL,LNDAGRFJIC02,WTRSURFJI,4,2024,1.6
GLOBAL,LNDAGRFJIC02,WTRSURFJI,4,2025,1.6
GLOBAL,LNDAGRFJIC02,WTRSURFJI,4,2026,1.6
GLOBAL,LNDAGRFJIC02,WTRSURFJI,4,2027,1.6
GLOBAL,LNDAGRFJIC02,WTRSURFJI,4,2028,1.6
GLOBAL,LNDAGRFJIC02,WTRSURFJI,4,2029,1.6
GLOBAL,LNDAGRFJIC02,WTRSURFJI,4,2030,1.6
GLOBAL,LNDAGRFJIC02,WTRSURFJI,4,2031,1.6
GLOBAL,LNDAGRFJIC02,WTRSURFJI,4,2032,1.6
GLOBAL,LNDAGRFJIC02,WTRSURFJI,4,2033,1.6
GLOBAL,LNDAGRFJIC02,WTRSURFJI,4,2034,1.6
GLOBAL,LNDAGRFJIC02,WTRSURFJI,4,2035,1.6
GLOBAL,LNDAGRFJIC02,WTRSURFJI,4,2036,1.6
GLOBAL,LNDAGRFJIC02,WTRSURFJI,4,2037,1.6
GLOBAL,LNDAGRFJIC02,WTRSURFJI,4,2038,1.6
GLOBAL,LNDAGRFJIC02,WTRSURFJI,4,2039,1.6
GLOBAL,LNDAGRFJIC02,WTRSURFJI,4,2040,1.6
GLOBAL,LNDAGRFJIC02,WTRSURFJI,4,2041,1.6
GLOBAL,LNDAGRFJIC02,WTRSURFJI,4,2042,1.6
GLOBAL,LNDAGRFJIC02,WTRSURFJI,4,2043,1.6
GLOBAL,LNDAGRFJIC02,WTRSURFJI,4,2044,1.6
GLOBAL,LNDAGRFJIC02,WTRSURFJI,4,2045,1.6
GLOBAL,LNDAGRFJIC02,WTRSURFJI,4,2046,1.6
GLOBAL,LNDAGRFJIC02,WTRSURFJI,4,2047,1.6
GLOBAL,LNDAGRFJIC02,WTRSURFJI,4,2048,1.6
GLOBAL,LNDAGRFJIC02,WTRSURFJI,4,2049,1.6
GLOBAL,LNDAGRFJIC02,WTRSURFJI,4,2050,1.6
GLOBAL,LNDAGRFJIC02,CRPCAS,5,2020,0.20
GLOBAL,LNDAGRFJIC02,CRPCAS,5,2021,0.20
GLOBAL,LNDAGRFJIC02,CRPCAS,5,2022,0.20
GLOBAL,LNDAGRFJIC02,CRPCAS,5,2023,0.20
GLOBAL,LNDAGRFJIC02,CRPCAS,5,2024,0.20
GLOBAL,LNDAGRFJIC02,CRPCAS,5,2025,0.20
GLOBAL,LNDAGRFJIC02,CRPCAS,5,2026,0.20
GLOBAL,LNDAGRFJIC02,CRPCAS,5,2027,0.20
GLOBAL,LNDAGRFJIC02,CRPCAS,5,2028,0.20
GLOBAL,LNDAGRFJIC02,CRPCAS,5,2029,0.20
GLOBAL,LNDAGRFJIC02,CRPCAS,5,2030,0.20
GLOBAL,LNDAGRFJIC02,CRPCAS,5,2031,0.20
GLOBAL,LNDAGRFJIC02,CRPCAS,5,2032,0.20
GLOBAL,LNDAGRFJIC02,CRPCAS,5,2033,0.20
GLOBAL,LNDAGRFJIC02,CRPCAS,5,2034,0.20
GLOBAL,LNDAGRFJIC02,CRPCAS,5,2035,0.20
GLOBAL,LNDAGRFJIC02,CRPCAS,5,2036,0.20
GLOBAL,LNDAGRFJIC02,CRPCAS,5,2037,0.20
GLOBAL,LNDAGRFJIC02,CRPCAS,5,2038,0.20
GLOBAL,LNDAGRFJIC02,CRPCAS,5,2039,0.20
GLOBAL,LNDAGRFJIC02,CRPCAS,5,2040,0.20
GLOBAL,LNDAGRFJIC02,CRPCAS,5,2041,0.20
GLOBAL,LNDAGRFJIC02,CRPCAS,5,2042,0.20
GLOBAL,LNDAGRFJIC02,CRPCAS,5,2043,0.20
GLOBAL,LNDAGRFJIC02,CRPCAS,5,2044,0.20
GLOBAL,LNDAGRFJIC02,CRPCAS,5,2045,0.20
GLOBAL,LNDAGRFJIC02,CRPCAS,5,2046,0.20
GLOBAL,LNDAGRFJIC02,CRPCAS,5,2047,0.20
GLOBAL,LNDAGRFJIC02,CRPCAS,5,2048,0.20
GLOBAL,LNDAGRFJIC02,CRPCAS,5,2049,0.20
GLOBAL,LNDAGRFJIC02,CRPCAS,5,2050,0.20
GLOBAL,LNDAGRFJIC02,WTREVTFJI,5,2020,0.82
GLOBAL,LNDAGRFJIC02,WTREVTFJI,5,2021,0.82
GLOBAL,LNDAGRFJIC02,WTREVTFJI,5,2022,0.82
GLOBAL,LNDAGRFJIC02,WTREVTFJI,5,2023,0.82
GLOBAL,LNDAGRFJIC02,WTREVTFJI,5,2024,0.82
GLOBAL,LNDAGRFJIC02,WTREVTFJI,5,2025,0.82
GLOBAL,LNDAGRFJIC02,WTREVTFJI,5,2026,0.82
GLOBAL,LNDAGRFJIC02,WTREVTFJI,5,2027,0.82
GLOBAL,LNDAGRFJIC02,WTREVTFJI,5,2028,0.82
GLOBAL,LNDAGRFJIC02,WTREVTFJI,5,2029,0.82
GLOBAL,LNDAGRFJIC02,WTREVTFJI,5,2030,0.82
GLOBAL,LNDAGRFJIC02,WTREVTFJI,5,2031,0.82
GLOBAL,LNDAGRFJIC02,WTREVTFJI,5,2032,0.82
GLOBAL,LNDAGRFJIC02,WTREVTFJI,5,2033,0.82
GLOBAL,LNDAGRFJIC02,WTREVTFJI,5,2034,0.82
GLOBAL,LNDAGRFJIC02,WTREVTFJI,5,2035,0.82
GLOBAL,LNDAGRFJIC02,WTREVTFJI,5,2036,0.82
GLOBAL,LNDAGRFJIC02,WTREVTFJI,5,2037,0.82
GLOBAL,LNDAGRFJIC02,WTREVTFJI,5,2038,0.82
GLOBAL,LNDAGRFJIC02,WTREVTFJI,5,2039,0.82
GLOBAL,LNDAGRFJIC02,WTREVTFJI,5,2040,0.82
GLOBAL,LNDAGRFJIC02,WTREVTFJI,5,2041,0.82
GLOBAL,LNDAGRFJIC02,WTREVTFJI,5,2042,0.82
GLOBAL,LNDAGRFJIC02,WTREVTFJI,5,2043,0.82
GLOBAL,LNDAGRFJIC02,WTREVTFJI,5,2044,0.82
GLOBAL,LNDAGRFJIC02,WTREVTFJI,5,2045,0.82
GLOBAL,LNDAGRFJIC02,WTREVTFJI,5,2046,0.82
GLOBAL,LNDAGRFJIC02,WTREVTFJI,5,2047,0.82
GLOBAL,LNDAGRFJIC02,WTREVTFJI,5,2048,0.82
GLOBAL,LNDAGRFJIC02,WTREVTFJI,5,2049,0.82
GLOBAL,LNDAGRFJIC02,WTREVTFJI,5,2050,0.82
GLOBAL,LNDAGRFJIC02,WTRGRCFJI,5,2020,0.086
GLOBAL,LNDAGRFJIC02,WTRGRCFJI,5,2021,0.086
GLOBAL,LNDAGRFJIC02,WTRGRCFJI,5,2022,0.086
GLOBAL,LNDAGRFJIC02,WTRGRCFJI,5,2023,0.086
GLOBAL,LNDAGRFJIC02,WTRGRCFJI,5,2024,0.086
GLOBAL,LNDAGRFJIC02,WTRGRCFJI,5,2025,0.086
GLOBAL,LNDAGRFJIC02,WTRGRCFJI,5,2026,0.086
GLOBAL,LNDAGRFJIC02,WTRGRCFJI,5,2027,0.086
GLOBAL,LNDAGRFJIC02,WTRGRCFJI,5,2028,0.086
GLOBAL,LNDAGRFJIC02,WTRGRCFJI,5,2029,0.086
GLOBAL,LNDAGRFJIC02,WTRGRCFJI,5,2030,0.086
GLOBAL,LNDAGRFJIC02,WTRGRCFJI,5,2031,0.086
GLOBAL,LNDAGRFJIC02,WTRGRCFJI,5,2032,0.086
GLOBAL,LNDAGRFJIC02,WTRGRCFJI,5,2033,0.086
GLOBAL,LNDAGRFJIC02,WTRGRCFJI,5,2034,0.086
GLOBAL,LNDAGRFJIC02,WTRGRCFJI,5,2035,0.086
GLOBAL,LNDAGRFJIC02,WTRGRCFJI,5,2036,0.086
GLOBAL,LNDAGRFJIC02,WTRGRCFJI,5,2037,0.086
GLOBAL,LNDAGRFJIC02,WTRGRCFJI,5,2038,0.086
GLOBAL,LNDAGRFJIC02,WTRGRCFJI,5,2039,0.086
GLOBAL,LNDAGRFJIC02,WTRGRCFJI,5,2040,0.086
GLOBAL,LNDAGRFJIC02,WTRGRCFJI,5,2041,0.086
GLOBAL,LNDAGRFJIC02,WTRGRCFJI,5,2042,0.086
GLOBAL,LNDAGRFJIC02,WTRGRCFJI,5,2043,0.086
GLOBAL,LNDAGRFJIC02,WTRGRCFJI,5,2044,0.086
GLOBAL,LNDAGRFJIC02,WTRGRCFJI,5,2045,0.086
GLOBAL,LNDAGRFJIC02,WTRGRCFJI,5,2046,0.086
GLOBAL,LNDAGRFJIC02,WTRGRCFJI,5,2047,0.086
GLOBAL,LNDAGRFJIC02,WTRGRCFJI,5,2048,0.086
GLOBAL,LNDAGRFJIC02,WTRGRCFJI,5,2049,0.086
GLOBAL,LNDAGRFJIC02,WTRGRCFJI,5,2050,0.086
GLOBAL,LNDAGRFJIC02,WTRSURFJI,5,2020,1.6
GLOBAL,LNDAGRFJIC02,WTRSURFJI,5,2021,1.6
GLOBAL,LNDAGRFJIC02,WTRSURFJI,5,2022,1.6
GLOBAL,LNDAGRFJIC02,WTRSURFJI,5,2023,1.6
GLOBAL,LNDAGRFJIC02,WTRSURFJI,5,2024,1.6
GLOBAL,LNDAGRFJIC02,WTRSURFJI,5,2025,1.6
GLOBAL,LNDAGRFJIC02,WTRSURFJI,5,2026,1.6
GLOBAL,LNDAGRFJIC02,WTRSURFJI,5,2027,1.6
GLOBAL,LNDAGRFJIC02,WTRSURFJI,5,2028,1.6
GLOBAL,LNDAGRFJIC02,WTRSURFJI,5,2029,1.6
GLOBAL,LNDAGRFJIC02,WTRSURFJI,5,2030,1.6
GLOBAL,LNDAGRFJIC02,WTRSURFJI,5,2031,1.6
GLOBAL,LNDAGRFJIC02,WTRSURFJI,5,2032,1.6
GLOBAL,LNDAGRFJIC02,WTRSURFJI,5,2033,1.6
GLOBAL,LNDAGRFJIC02,WTRSURFJI,5,2034,1.6
GLOBAL,LNDAGRFJIC02,WTRSURFJI,5,2035,1.6
GLOBAL,LNDAGRFJIC02,WTRSURFJI,5,2036,1.6
GLOBAL,LNDAGRFJIC02,WTRSURFJI,5,2037,1.6
GLOBAL,LNDAGRFJIC02,WTRSURFJI,5,2038,1.6
GLOBAL,LNDAGRFJIC02,WTRSURFJI,5,2039,1.6
GLOBAL,LNDAGRFJIC02,WTRSURFJI,5,2040,1.6
GLOBAL,LNDAGRFJIC02,WTRSURFJI,5,2041,1.6
GLOBAL,LNDAGRFJIC02,WTRSURFJI,5,2042,1.6
GLOBAL,LNDAGRFJIC02,WTRSURFJI,5,2043,1.6
GLOBAL,LNDAGRFJIC02,WTRSURFJI,5,2044,1.6
GLOBAL,LNDAGRFJIC02,WTRSURFJI,5,2045,1.6
GLOBAL,LNDAGRFJIC02,WTRSURFJI,5,2046,1.6
GLOBAL,LNDAGRFJIC02,WTRSURFJI,5,2047,1.6
GLOBAL,LNDAGRFJIC02,WTRSURFJI,5,2048,1.6
GLOBAL,LNDAGRFJIC02,WTRSURFJI,5,2049,1.6
GLOBAL,LNDAGRFJIC02,WTRSURFJI,5,2050,1.6
GLOBAL,LNDAGRFJIC02,CRPSGC,6,2020,1.1
GLOBAL,LNDAGRFJIC02,CRPSGC,6,2021,1.1
GLOBAL,LNDAGRFJIC02,CRPSGC,6,2022,1.1
GLOBAL,LNDAGRFJIC02,CRPSGC,6,2023,1.1
GLOBAL,LNDAGRFJIC02,CRPSGC,6,2024,1.1
GLOBAL,LNDAGRFJIC02,CRPSGC,6,2025,1.1
GLOBAL,LNDAGRFJIC02,CRPSGC,6,2026,1.1
GLOBAL,LNDAGRFJIC02,CRPSGC,6,2027,1.1
GLOBAL,LNDAGRFJIC02,CRPSGC,6,2028,1.1
GLOBAL,LNDAGRFJIC02,CRPSGC,6,2029,1.1
GLOBAL,LNDAGRFJIC02,CRPSGC,6,2030,1.1
GLOBAL,LNDAGRFJIC02,CRPSGC,6,2031,1.1
GLOBAL,LNDAGRFJIC02,CRPSGC,6,2032,1.1
GLOBAL,LNDAGRFJIC02,CRPSGC,6,2033,1.1
GLOBAL,LNDAGRFJIC02,CRPSGC,6,2034,1.1
GLOBAL,LNDAGRFJIC02,CRPSGC,6,2035,1.1
GLOBAL,LNDAGRFJIC02,CRPSGC,6,2036,1.1
GLOBAL,LNDAGRFJIC02,CRPSGC,6,2037,1.1
GLOBAL,LNDAGRFJIC02,CRPSGC,6,2038,1.1
GLOBAL,LNDAGRFJIC02,CRPSGC,6,2039,1.1
GLOBAL,LNDAGRFJIC02,CRPSGC,6,2040,1.1
GLOBAL,LNDAGRFJIC02,CRPSGC,6,2041,1.1
GLOBAL,LNDAGRFJIC02,CRPSGC,6,2042,1.1
GLOBAL,LNDAGRFJIC02,CRPSGC,6,2043,1.1
GLOBAL,LNDAGRFJIC02,CRPSGC,6,2044,1.1
GLOBAL,LNDAGRFJIC02,CRPSGC,6,2045,1.1
GLOBAL,LNDAGRFJIC02,CRPSGC,6,2046,1.1
GLOBAL,LNDAGRFJIC02,CRPSGC,6,2047,1.1
GLOBAL,LNDAGRFJIC02,CRPSGC,6,2048,1.1
GLOBAL,LNDAGRFJIC02,CRPSGC,6,2049,1.1
GLOBAL,LNDAGRFJIC02,CRPSGC,6,2050,1.1
GLOBAL,LNDAGRFJIC02,WTREVTFJI,6,2020,1.2
GLOBAL,LNDAGRFJIC02,WTREVTFJI,6,2021,1.2
GLOBAL,LNDAGRFJIC02,WTREVTFJI,6,2022,1.2
GLOBAL,LNDAGRFJIC02,WTREVTFJI,6,2023,1.2
GLOBAL,LNDAGRFJIC02,WTREVTFJI,6,2024,1.2
GLOBAL,LNDAGRFJIC02,WTREVTFJI,6,2025,1.2
GLOBAL,LNDAGRFJIC02,WTREVTFJI,6,2026,1.2
GLOBAL,LNDAGRFJIC02,WTREVTFJI,6,2027,1.2
GLOBAL,LNDAGRFJIC02,WTREVTFJI,6,2028,1.2
GLOBAL,LNDAGRFJIC02,WTREVTFJI,6,2029,1.2
GLOBAL,LNDAGRFJIC02,WTREVTFJI,6,2030,1.2
GLOBAL,LNDAGRFJIC02,WTREVTFJI,6,2031,1.2
GLOBAL,LNDAGRFJIC02,WTREVTFJI,6,2032,1.2
GLOBAL,LNDAGRFJIC02,WTREVTFJI,6,2033,1.2
GLOBAL,LNDAGRFJIC02,WTREVTFJI,6,2034,1.2
GLOBAL,LNDAGRFJIC02,WTREVTFJI,6,2035,1.2
GLOBAL,LNDAGRFJIC02,WTREVTFJI,6,2036,1.2
GLOBAL,LNDAGRFJIC02,WTREVTFJI,6,2037,1.2
GLOBAL,LNDAGRFJIC02,WTREVTFJI,6,2038,1.2
GLOBAL,LNDAGRFJIC02,WTREVTFJI,6,2039,1.2
GLOBAL,LNDAGRFJIC02,WTREVTFJI,6,2040,1.2
GLOBAL,LNDAGRFJIC02,WTREVTFJI,6,2041,1.2
GLOBAL,LNDAGRFJIC02,WTREVTFJI,6,2042,1.2
GLOBAL,LNDAGRFJIC02,WTREVTFJI,6,2043,1.2
GLOBAL,LNDAGRFJIC02,WTREVTFJI,6,2044,1.2
GLOBAL,LNDAGRFJIC02,WTREVTFJI,6,2045,1.2
GLOBAL,LNDAGRFJIC02,WTREVTFJI,6,2046,1.2
GLOBAL,LNDAGRFJIC02,WTREVTFJI,6,2047,1.2
GLOBAL,LNDAGRFJIC02,WTREVTFJI,6,2048,1.2
GLOBAL,LNDAGRFJIC02,WTREVTFJI,6,2049,1.2
GLOBAL,LNDAGRFJIC02,WTREVTFJI,6,2050,1.2
GLOBAL,LNDAGRFJIC02,WTRGRCFJI,6,2020,0.067
GLOBAL,LNDAGRFJIC02,WTRGRCFJI,6,2021,0.067
GLOBAL,LNDAGRFJIC02,WTRGRCFJI,6,2022,0.067
GLOBAL,LNDAGRFJIC02,WTRGRCFJI,6,2023,0.067
GLOBAL,LNDAGRFJIC02,WTRGRCFJI,6,2024,0.067
GLOBAL,LNDAGRFJIC02,WTRGRCFJI,6,2025,0.067
GLOBAL,LNDAGRFJIC02,WTRGRCFJI,6,2026,0.067
GLOBAL,LNDAGRFJIC02,WTRGRCFJI,6,2027,0.067
GLOBAL,LNDAGRFJIC02,WTRGRCFJI,6,2028,0.067
GLOBAL,LNDAGRFJIC02,WTRGRCFJI,6,2029,0.067
GLOBAL,LNDAGRFJIC02,WTRGRCFJI,6,2030,0.067
GLOBAL,LNDAGRFJIC02,WTRGRCFJI,6,2031,0.067
GLOBAL,LNDAGRFJIC02,WTRGRCFJI,6,2032,0.067
GLOBAL,LNDAGRFJIC02,WTRGRCFJI,6,2033,0.067
GLOBAL,LNDAGRFJIC02,WTRGRCFJI,6,2034,0.067
GLOBAL,LNDAGRFJIC02,WTRGRCFJI,6,2035,0.067
GLOBAL,LNDAGRFJIC02,WTRGRCFJI,6,2036,0.067
GLOBAL,LNDAGRFJIC02,WTRGRCFJI,6,2037,0.067
GLOBAL,LNDAGRFJIC02,WTRGRCFJI,6,2038,0.067
GLOBAL,LNDAGRFJIC02,WTRGRCFJI,6,2039,0.067
GLOBAL,LNDAGRFJIC02,WTRGRCFJI,6,2040,0.067
GLOBAL,LNDAGRFJIC02,WTRGRCFJI,6,2041,0.067
GLOBAL,LNDAGRFJIC02,WTRGRCFJI,6,2042,0.067
GLOBAL,LNDAGRFJIC02,WTRGRCFJI,6,2043,0.067
GLOBAL,LNDAGRFJIC02,WTRGRCFJI,6,2044,0.067
GLOBAL,LNDAGRFJIC02,WTRGRCFJI,6,2045,0.067
GLOBAL,LNDAGRFJIC02,WTRGRCFJI,6,2046,0.067
GLOBAL,LNDAGRFJIC02,WTRGRCFJI,6,2047,0.067
GLOBAL,LNDAGRFJIC02,WTRGRCFJI,6,2048,0.067
GLOBAL,LNDAGRFJIC02,WTRGRCFJI,6,2049,0.067
GLOBAL,LNDAGRFJIC02,WTRGRCFJI,6,2050,0.067
GLOBAL,LNDAGRFJIC02,WTRSURFJI,6,2020,1.2
GLOBAL,LNDAGRFJIC02,WTRSURFJI,6,2021,1.2
GLOBAL,LNDAGRFJIC02,WTRSURFJI,6,2022,1.2
GLOBAL,LNDAGRFJIC02,WTRSURFJI,6,2023,1.2
GLOBAL,LNDAGRFJIC02,WTRSURFJI,6,2024,1.2
GLOBAL,LNDAGRFJIC02,WTRSURFJI,6,2025,1.2
GLOBAL,LNDAGRFJIC02,WTRSURFJI,6,2026,1.2
GLOBAL,LNDAGRFJIC02,WTRSURFJI,6,2027,1.2
GLOBAL,LNDAGRFJIC02,WTRSURFJI,6,2028,1.2
GLOBAL,LNDAGRFJIC02,WTRSURFJI,6,2029,1.2
GLOBAL,LNDAGRFJIC02,WTRSURFJI,6,2030,1.2
GLOBAL,LNDAGRFJIC02,WTRSURFJI,6,2031,1.2
GLOBAL,LNDAGRFJIC02,WTRSURFJI,6,2032,1.2
GLOBAL,LNDAGRFJIC02,WTRSURFJI,6,2033,1.2
GLOBAL,LNDAGRFJIC02,WTRSURFJI,6,2034,1.2
GLOBAL,LNDAGRFJIC02,WTRSURFJI,6,2035,1.2
GLOBAL,LNDAGRFJIC02,WTRSURFJI,6,2036,1.2
GLOBAL,LNDAGRFJIC02,WTRSURFJI,6,2037,1.2
GLOBAL,LNDAGRFJIC02,WTRSURFJI,6,2038,1.2
GLOBAL,LNDAGRFJIC02,WTRSURFJI,6,2039,1.2
GLOBAL,LNDAGRFJIC02,WTRSURFJI,6,2040,1.2
GLOBAL,LNDAGRFJIC02,WTRSURFJI,6,2041,1.2
GLOBAL,LNDAGRFJIC02,WTRSURFJI,6,2042,1.2
GLOBAL,LNDAGRFJIC02,WTRSURFJI,6,2043,1.2
GLOBAL,LNDAGRFJIC02,WTRSURFJI,6,2044,1.2
GLOBAL,LNDAGRFJIC02,WTRSURFJI,6,2045,1.2
GLOBAL,LNDAGRFJIC02,WTRSURFJI,6,2046,1.2
GLOBAL,LNDAGRFJIC02,WTRSURFJI,6,2047,1.2
GLOBAL,LNDAGRFJIC02,WTRSURFJI,6,2048,1.2
GLOBAL,LNDAGRFJIC02,WTRSURFJI,6,2049,1.2
GLOBAL,LNDAGRFJIC02,WTRSURFJI,6,2050,1.2
GLOBAL,LNDAGRFJIC02,CRPSGC,7,2020,0.35
GLOBAL,LNDAGRFJIC02,CRPSGC,7,2021,0.35
GLOBAL,LNDAGRFJIC02,CRPSGC,7,2022,0.35
GLOBAL,LNDAGRFJIC02,CRPSGC,7,2023,0.35
GLOBAL,LNDAGRFJIC02,CRPSGC,7,2024,0.35
GLOBAL,LNDAGRFJIC02,CRPSGC,7,2025,0.35
GLOBAL,LNDAGRFJIC02,CRPSGC,7,2026,0.35
GLOBAL,LNDAGRFJIC02,CRPSGC,7,2027,0.35
GLOBAL,LNDAGRFJIC02,CRPSGC,7,2028,0.35
GLOBAL,LNDAGRFJIC02,CRPSGC,7,2029,0.35
GLOBAL,LNDAGRFJIC02,CRPSGC,7,2030,0.35
GLOBAL,LNDAGRFJIC02,CRPSGC,7,2031,0.35
GLOBAL,LNDAGRFJIC02,CRPSGC,7,2032,0.35
GLOBAL,LNDAGRFJIC02,CRPSGC,7,2033,0.35
GLOBAL,LNDAGRFJIC02,CRPSGC,7,2034,0.35
GLOBAL,LNDAGRFJIC02,CRPSGC,7,2035,0.35
GLOBAL,LNDAGRFJIC02,CRPSGC,7,2036,0.35
GLOBAL,LNDAGRFJIC02,CRPSGC,7,2037,0.35
GLOBAL,LNDAGRFJIC02,CRPSGC,7,2038,0.35
GLOBAL,LNDAGRFJIC02,CRPSGC,7,2039,0.35
GLOBAL,LNDAGRFJIC02,CRPSGC,7,2040,0.35
GLOBAL,LNDAGRFJIC02,CRPSGC,7,2041,0.35
GLOBAL,LNDAGRFJIC02,CRPSGC,7,2042,0.35
GLOBAL,LNDAGRFJIC02,CRPSGC,7,2043,0.35
GLOBAL,LNDAGRFJIC02,CRPSGC,7,2044,0.35
GLOBAL,LNDAGRFJIC02,CRPSGC,7,2045,0.35
GLOBAL,LNDAGRFJIC02,CRPSGC,7,2046,0.35
GLOBAL,LNDAGRFJIC02,CRPSGC,7,2047,0.35
GLOBAL,LNDAGRFJIC02,CRPSGC,7,2048,0.35
GLOBAL,LNDAGRFJIC02,CRPSGC,7,2049,0.35
GLOBAL,LNDAGRFJIC02,CRPSGC,7,2050,0.35
GLOBAL,LNDAGRFJIC02,WTREVTFJI,7,2020,1.0
GLOBAL,LNDAGRFJIC02,WTREVTFJI,7,2021,1.0
GLOBAL,LNDAGRFJIC02,WTREVTFJI,7,2022,1.0
GLOBAL,LNDAGRFJIC02,WTREVTFJI,7,2023,1.0
GLOBAL,LNDAGRFJIC02,WTREVTFJI,7,2024,1.0
GLOBAL,LNDAGRFJIC02,WTREVTFJI,7,2025,1.0
GLOBAL,LNDAGRFJIC02,WTREVTFJI,7,2026,1.0
GLOBAL,LNDAGRFJIC02,WTREVTFJI,7,2027,1.0
GLOBAL,LNDAGRFJIC02,WTREVTFJI,7,2028,1.0
GLOBAL,LNDAGRFJIC02,WTREVTFJI,7,2029,1.0
GLOBAL,LNDAGRFJIC02,WTREVTFJI,7,2030,1.0
GLOBAL,LNDAGRFJIC02,WTREVTFJI,7,2031,1.0
GLOBAL,LNDAGRFJIC02,WTREVTFJI,7,2032,1.0
GLOBAL,LNDAGRFJIC02,WTREVTFJI,7,2033,1.0
GLOBAL,LNDAGRFJIC02,WTREVTFJI,7,2034,1.0
GLOBAL,LNDAGRFJIC02,WTREVTFJI,7,2035,1.0
GLOBAL,LNDAGRFJIC02,WTREVTFJI,7,2036,1.0
GLOBAL,LNDAGRFJIC02,WTREVTFJI,7,2037,1.0
GLOBAL,LNDAGRFJIC02,WTREVTFJI,7,2038,1.0
GLOBAL,LNDAGRFJIC02,WTREVTFJI,7,2039,1.0
GLOBAL,LNDAGRFJIC02,WTREVTFJI,7,2040,1.0
GLOBAL,LNDAGRFJIC02,WTREVTFJI,7,2041,1.0
GLOBAL,LNDAGRFJIC02,WTREVTFJI,7,2042,1.0
GLOBAL,LNDAGRFJIC02,WTREVTFJI,7,2043,1.0
GLOBAL,LNDAGRFJIC02,WTREVTFJI,7,2044,1.0
GLOBAL,LNDAGRFJIC02,WTREVTFJI,7,2045,1.0
GLOBAL,LNDAGRFJIC02,WTREVTFJI,7,2046,1.0
GLOBAL,LNDAGRFJIC02,WTREVTFJI,7,2047,1.0
GLOBAL,LNDAGRFJIC02,WTREVTFJI,7,2048,1.0
GLOBAL,LNDAGRFJIC02,WTREVTFJI,7,2049,1.0
GLOBAL,LNDAGRFJIC02,WTREVTFJI,7,2050,1.0
GLOBAL,LNDAGRFJIC02,WTRGRCFJI,7,2020,0.077
GLOBAL,LNDAGRFJIC02,WTRGRCFJI,7,2021,0.077
GLOBAL,LNDAGRFJIC02,WTRGRCFJI,7,2022,0.077
GLOBAL,LNDAGRFJIC02,WTRGRCFJI,7,2023,0.077
GLOBAL,LNDAGRFJIC02,WTRGRCFJI,7,2024,0.077
GLOBAL,LNDAGRFJIC02,WTRGRCFJI,7,2025,0.077
GLOBAL,LNDAGRFJIC02,WTRGRCFJI,7,2026,0.077
GLOBAL,LNDAGRFJIC02,WTRGRCFJI,7,2027,0.077
GLOBAL,LNDAGRFJIC02,WTRGRCFJI,7,2028,0.077
GLOBAL,LNDAGRFJIC02,WTRGRCFJI,7,2029,0.077
GLOBAL,LNDAGRFJIC02,WTRGRCFJI,7,2030,0.077
GLOBAL,LNDAGRFJIC02,WTRGRCFJI,7,2031,0.077
GLOBAL,LNDAGRFJIC02,WTRGRCFJI,7,2032,0.077
GLOBAL,LNDAGRFJIC02,WTRGRCFJI,7,2033,0.077
GLOBAL,LNDAGRFJIC02,WTRGRCFJI,7,2034,0.077
GLOBAL,LNDAGRFJIC02,WTRGRCFJI,7,2035,0.077
GLOBAL,LNDAGRFJIC02,WTRGRCFJI,7,2036,0.077
GLOBAL,LNDAGRFJIC02,WTRGRCFJI,7,2037,0.077
GLOBAL,LNDAGRFJIC02,WTRGRCFJI,7,2038,0.077
GLOBAL,LNDAGRFJIC02,WTRGRCFJI,7,2039,0.077
GLOBAL,LNDAGRFJIC02,WTRGRCFJI,7,2040,0.077
GLOBAL,LNDAGRFJIC02,WTRGRCFJI,7,2041,0.077
GLOBAL,LNDAGRFJIC02,WTRGRCFJI,7,2042,0.077
GLOBAL,LNDAGRFJIC02,WTRGRCFJI,7,2043,0.077
GLOBAL,LNDAGRFJIC02,WTRGRCFJI,7,2044,0.077
GLOBAL,LNDAGRFJIC02,WTRGRCFJI,7,2045,0.077
GLOBAL,LNDAGRFJIC02,WTRGRCFJI,7,2046,0.077
GLOBAL,LNDAGRFJIC02,WTRGRCFJI,7,2047,0.077
GLOBAL,LNDAGRFJIC02,WTRGRCFJI,7,2048,0.077
GLOBAL,LNDAGRFJIC02,WTRGRCFJI,7,2049,0.077
GLOBAL,LNDAGRFJIC02,WTRGRCFJI,7,2050,0.077
GLOBAL,LNDAGRFJIC02,WTRSURFJI,7,2020,1.4
GLOBAL,LNDAGRFJIC02,WTRSURFJI,7,2021,1.4
GLOBAL,LNDAGRFJIC02,WTRSURFJI,7,2022,1.4
GLOBAL,LNDAGRFJIC02,WTRSURFJI,7,2023,1.4
GLOBAL,LNDAGRFJIC02,WTRSURFJI,7,2024,1.4
GLOBAL,LNDAGRFJIC02,WTRSURFJI,7,2025,1.4
GLOBAL,LNDAGRFJIC02,WTRSURFJI,7,2026,1.4
GLOBAL,LNDAGRFJIC02,WTRSURFJI,7,2027,1.4
GLOBAL,LNDAGRFJIC02,WTRSURFJI,7,2028,1.4
GLOBAL,LNDAGRFJIC02,WTRSURFJI,7,2029,1.4
GLOBAL,LNDAGRFJIC02,WTRSURFJI,7,2030,1.4
GLOBAL,LNDAGRFJIC02,WTRSURFJI,7,2031,1.4
GLOBAL,LNDAGRFJIC02,WTRSURFJI,7,2032,1.4
GLOBAL,LNDAGRFJIC02,WTRSURFJI,7,2033,1.4
GLOBAL,LNDAGRFJIC02,WTRSURFJI,7,2034,1.4
GLOBAL,LNDAGRFJIC02,WTRSURFJI,7,2035,1.4
GLOBAL,LNDAGRFJIC02,WTRSURFJI,7,2036,1.4
GLOBAL,LNDAGRFJIC02,WTRSURFJI,7,2037,1.4
GLOBAL,LNDAGRFJIC02,WTRSURFJI,7,2038,1.4
GLOBAL,LNDAGRFJIC02,WTRSURFJI,7,2039,1.4
GLOBAL,LNDAGRFJIC02,WTRSURFJI,7,2040,1.4
GLOBAL,LNDAGRFJIC02,WTRSURFJI,7,2041,1.4
GLOBAL,LNDAGRFJIC02,WTRSURFJI,7,2042,1.4
GLOBAL,LNDAGRFJIC02,WTRSURFJI,7,2043,1.4
GLOBAL,LNDAGRFJIC02,WTRSURFJI,7,2044,1.4
GLOBAL,LNDAGRFJIC02,WTRSURFJI,7,2045,1.4
GLOBAL,LNDAGRFJIC02,WTRSURFJI,7,2046,1.4
GLOBAL,LNDAGRFJIC02,WTRSURFJI,7,2047,1.4
GLOBAL,LNDAGRFJIC02,WTRSURFJI,7,2048,1.4
GLOBAL,LNDAGRFJIC02,WTRSURFJI,7,2049,1.4
GLOBAL,LNDAGRFJIC02,WTRSURFJI,7,2050,1.4
GLOBAL,LNDAGRFJIC02,CRPCON,8,2020,0.43
GLOBAL,LNDAGRFJIC02,CRPCON,8,2021,0.43
GLOBAL,LNDAGRFJIC02,CRPCON,8,2022,0.43
GLOBAL,LNDAGRFJIC02,CRPCON,8,2023,0.43
GLOBAL,LNDAGRFJIC02,CRPCON,8,2024,0.43
GLOBAL,LNDAGRFJIC02,CRPCON,8,2025,0.43
GLOBAL,LNDAGRFJIC02,CRPCON,8,2026,0.43
GLOBAL,LNDAGRFJIC02,CRPCON,8,2027,0.43
GLOBAL,LNDAGRFJIC02,CRPCON,8,2028,0.43
GLOBAL,LNDAGRFJIC02,CRPCON,8,2029,0.43
GLOBAL,LNDAGRFJIC02,CRPCON,8,2030,0.43
GLOBAL,LNDAGRFJIC02,CRPCON,8,2031,0.43
GLOBAL,LNDAGRFJIC02,CRPCON,8,2032,0.43
GLOBAL,LNDAGRFJIC02,CRPCON,8,2033,0.43
GLOBAL,LNDAGRFJIC02,CRPCON,8,2034,0.43
GLOBAL,LNDAGRFJIC02,CRPCON,8,2035,0.43
GLOBAL,LNDAGRFJIC02,CRPCON,8,2036,0.43
GLOBAL,LNDAGRFJIC02,CRPCON,8,2037,0.43
GLOBAL,LNDAGRFJIC02,CRPCON,8,2038,0.43
GLOBAL,LNDAGRFJIC02,CRPCON,8,2039,0.43
GLOBAL,LNDAGRFJIC02,CRPCON,8,2040,0.43
GLOBAL,LNDAGRFJIC02,CRPCON,8,2041,0.43
GLOBAL,LNDAGRFJIC02,CRPCON,8,2042,0.43
GLOBAL,LNDAGRFJIC02,CRPCON,8,2043,0.43
GLOBAL,LNDAGRFJIC02,CRPCON,8,2044,0.43
GLOBAL,LNDAGRFJIC02,CRPCON,8,2045,0.43
GLOBAL,LNDAGRFJIC02,CRPCON,8,2046,0.43
GLOBAL,LNDAGRFJIC02,CRPCON,8,2047,0.43
GLOBAL,LNDAGRFJIC02,CRPCON,8,2048,0.43
GLOBAL,LNDAGRFJIC02,CRPCON,8,2049,0.43
GLOBAL,LNDAGRFJIC02,CRPCON,8,2050,0.43
GLOBAL,LNDAGRFJIC02,WTREVTFJI,8,2020,0.92
GLOBAL,LNDAGRFJIC02,WTREVTFJI,8,2021,0.92
GLOBAL,LNDAGRFJIC02,WTREVTFJI,8,2022,0.92
GLOBAL,LNDAGRFJIC02,WTREVTFJI,8,2023,0.92
GLOBAL,LNDAGRFJIC02,WTREVTFJI,8,2024,0.92
GLOBAL,LNDAGRFJIC02,WTREVTFJI,8,2025,0.92
GLOBAL,LNDAGRFJIC02,WTREVTFJI,8,2026,0.92
GLOBAL,LNDAGRFJIC02,WTREVTFJI,8,2027,0.92
GLOBAL,LNDAGRFJIC02,WTREVTFJI,8,2028,0.92
GLOBAL,LNDAGRFJIC02,WTREVTFJI,8,2029,0.92
GLOBAL,LNDAGRFJIC02,WTREVTFJI,8,2030,0.92
GLOBAL,LNDAGRFJIC02,WTREVTFJI,8,2031,0.92
GLOBAL,LNDAGRFJIC02,WTREVTFJI,8,2032,0.92
GLOBAL,LNDAGRFJIC02,WTREVTFJI,8,2033,0.92
GLOBAL,LNDAGRFJIC02,WTREVTFJI,8,2034,0.92
GLOBAL,LNDAGRFJIC02,WTREVTFJI,8,2035,0.92
GLOBAL,LNDAGRFJIC02,WTREVTFJI,8,2036,0.92
GLOBAL,LNDAGRFJIC02,WTREVTFJI,8,2037,0.92
GLOBAL,LNDAGRFJIC02,WTREVTFJI,8,2038,0.92
GLOBAL,LNDAGRFJIC02,WTREVTFJI,8,2039,0.92
GLOBAL,LNDAGRFJIC02,WTREVTFJI,8,2040,0.92
GLOBAL,LNDAGRFJIC02,WTREVTFJI,8,2041,0.92
GLOBAL,LNDAGRFJIC02,WTREVTFJI,8,2042,0.92
GLOBAL,LNDAGRFJIC02,WTREVTFJI,8,2043,0.92
GLOBAL,LNDAGRFJIC02,WTREVTFJI,8,2044,0.92
GLOBAL,LNDAGRFJIC02,WTREVTFJI,8,2045,0.92
GLOBAL,LNDAGRFJIC02,WTREVTFJI,8,2046,0.92
GLOBAL,LNDAGRFJIC02,WTREVTFJI,8,2047,0.92
GLOBAL,LNDAGRFJIC02,WTREVTFJI,8,2048,0.92
GLOBAL,LNDAGRFJIC02,WTREVTFJI,8,2049,0.92
GLOBAL,LNDAGRFJIC02,WTREVTFJI,8,2050,0.92
GLOBAL,LNDAGRFJIC02,WTRGRCFJI,8,2020,0.081
GLOBAL,LNDAGRFJIC02,WTRGRCFJI,8,2021,0.081
GLOBAL,LNDAGRFJIC02,WTRGRCFJI,8,2022,0.081
GLOBAL,LNDAGRFJIC02,WTRGRCFJI,8,2023,0.081
GLOBAL,LNDAGRFJIC02,WTRGRCFJI,8,2024,0.081
GLOBAL,LNDAGRFJIC02,WTRGRCFJI,8,2025,0.081
GLOBAL,LNDAGRFJIC02,WTRGRCFJI,8,2026,0.081
GLOBAL,LNDAGRFJIC02,WTRGRCFJI,8,2027,0.081
GLOBAL,LNDAGRFJIC02,WTRGRCFJI,8,2028,0.081
GLOBAL,LNDAGRFJIC02,WTRGRCFJI,8,2029,0.081
GLOBAL,LNDAGRFJIC02,WTRGRCFJI,8,2030,0.081
GLOBAL,LNDAGRFJIC02,WTRGRCFJI,8,2031,0.081
GLOBAL,LNDAGRFJIC02,WTRGRCFJI,8,2032,0.081
GLOBAL,LNDAGRFJIC02,WTRGRCFJI,8,2033,0.081
GLOBAL,LNDAGRFJIC02,WTRGRCFJI,8,2034,0.081
GLOBAL,LNDAGRFJIC02,WTRGRCFJI,8,2035,0.081
GLOBAL,LNDAGRFJIC02,WTRGRCFJI,8,2036,0.081
GLOBAL,LNDAGRFJIC02,WTRGRCFJI,8,2037,0.081
GLOBAL,LNDAGRFJIC02,WTRGRCFJI,8,2038,0.081
GLOBAL,LNDAGRFJIC02,WTRGRCFJI,8,2039,0.081
GLOBAL,LNDAGRFJIC02,WTRGRCFJI,8,2040,0.081
GLOBAL,LNDAGRFJIC02,WTRGRCFJI,8,2041,0.081
GLOBAL,LNDAGRFJIC02,WTRGRCFJI,8,2042,0.081
GLOBAL,LNDAGRFJIC02,WTRGRCFJI,8,2043,0.081
GLOBAL,LNDAGRFJIC02,WTRGRCFJI,8,2044,0.081
GLOBAL,LNDAGRFJIC02,WTRGRCFJI,8,2045,0.081
GLOBAL,LNDAGRFJIC02,WTRGRCFJI,8,2046,0.081
GLOBAL,LNDAGRFJIC02,WTRGRCFJI,8,2047,0.081
GLOBAL,LNDAGRFJIC02,WTRGRCFJI,8,2048,0.081
GLOBAL,LNDAGRFJIC02,WTRGRCFJI,8,2049,0.081
GLOBAL,LNDAGRFJIC02,WTRGRCFJI,8,2050,0.081
GLOBAL,LNDAGRFJIC02,WTRSURFJI,8,2020,1.5
GLOBAL,LNDAGRFJIC02,WTRSURFJI,8,2021,1.5
GLOBAL,LNDAGRFJIC02,WTRSURFJI,8,2022,1.5
GLOBAL,LNDAGRFJIC02,WTRSURFJI,8,2023,1.5
GLOBAL,LNDAGRFJIC02,WTRSURFJI,8,2024,1.5
GLOBAL,LNDAGRFJIC02,WTRSURFJI,8,2025,1.5
GLOBAL,LNDAGRFJIC02,WTRSURFJI,8,2026,1.5
GLOBAL,LNDAGRFJIC02,WTRSURFJI,8,2027,1.5
GLOBAL,LNDAGRFJIC02,WTRSURFJI,8,2028,1.5
GLOBAL,LNDAGRFJIC02,WTRSURFJI,8,2029,1.5
GLOBAL,LNDAGRFJIC02,WTRSURFJI,8,2030,1.5
GLOBAL,LNDAGRFJIC02,WTRSURFJI,8,2031,1.5
GLOBAL,LNDAGRFJIC02,WTRSURFJI,8,2032,1.5
GLOBAL,LNDAGRFJIC02,WTRSURFJI,8,2033,1.5
GLOBAL,LNDAGRFJIC02,WTRSURFJI,8,2034,1.5
GLOBAL,LNDAGRFJIC02,WTRSURFJI,8,2035,1.5
GLOBAL,LNDAGRFJIC02,WTRSURFJI,8,2036,1.5
GLOBAL,LNDAGRFJIC02,WTRSURFJI,8,2037,1.5
GLOBAL,LNDAGRFJIC02,WTRSURFJI,8,2038,1.5
GLOBAL,LNDAGRFJIC02,WTRSURFJI,8,2039,1.5
GLOBAL,LNDAGRFJIC02,WTRSURFJI,8,2040,1.5
GLOBAL,LNDAGRFJIC02,WTRSURFJI,8,2041,1.5
GLOBAL,LNDAGRFJIC02,WTRSURFJI,8,2042,1.5
GLOBAL,LNDAGRFJIC02,WTRSURFJI,8,2043,1.5
GLOBAL,LNDAGRFJIC02,WTRSURFJI,8,2044,1.5
GLOBAL,LNDAGRFJIC02,WTRSURFJI,8,2045,1.5
GLOBAL,LNDAGRFJIC02,WTRSURFJI,8,2046,1.5
GLOBAL,LNDAGRFJIC02,WTRSURFJI,8,2047,1.5
GLOBAL,LNDAGRFJIC02,WTRSURFJI,8,2048,1.5
GLOBAL,LNDAGRFJIC02,WTRSURFJI,8,2049,1.5
GLOBAL,LNDAGRFJIC02,WTRSURFJI,8,2050,1.5
GLOBAL,LNDAGRFJIC02,CRPCON,9,2020,0.43
GLOBAL,LNDAGRFJIC02,CRPCON,9,2021,0.43
GLOBAL,LNDAGRFJIC02,CRPCON,9,2022,0.43
GLOBAL,LNDAGRFJIC02,CRPCON,9,2023,0.43
GLOBAL,LNDAGRFJIC02,CRPCON,9,2024,0.43
GLOBAL,LNDAGRFJIC02,CRPCON,9,2025,0.43
GLOBAL,LNDAGRFJIC02,CRPCON,9,2026,0.43
GLOBAL,LNDAGRFJIC02,CRPCON,9,2027,0.43
GLOBAL,LNDAGRFJIC02,CRPCON,9,2028,0.43
GLOBAL,LNDAGRFJIC02,CRPCON,9,2029,0.43
GLOBAL,LNDAGRFJIC02,CRPCON,9,2030,0.43
GLOBAL,LNDAGRFJIC02,CRPCON,9,2031,0.43
GLOBAL,LNDAGRFJIC02,CRPCON,9,2032,0.43
GLOBAL,LNDAGRFJIC02,CRPCON,9,2033,0.43
GLOBAL,LNDAGRFJIC02,CRPCON,9,2034,0.43
GLOBAL,LNDAGRFJIC02,CRPCON,9,2035,0.43
GLOBAL,LNDAGRFJIC02,CRPCON,9,2036,0.43
GLOBAL,LNDAGRFJIC02,CRPCON,9,2037,0.43
GLOBAL,LNDAGRFJIC02,CRPCON,9,2038,0.43
GLOBAL,LNDAGRFJIC02,CRPCON,9,2039,0.43
GLOBAL,LNDAGRFJIC02,CRPCON,9,2040,0.43
GLOBAL,LNDAGRFJIC02,CRPCON,9,2041,0.43
GLOBAL,LNDAGRFJIC02,CRPCON,9,2042,0.43
GLOBAL,LNDAGRFJIC02,CRPCON,9,2043,0.43
GLOBAL,LNDAGRFJIC02,CRPCON,9,2044,0.43
GLOBAL,LNDAGRFJIC02,CRPCON,9,2045,0.43
GLOBAL,LNDAGRFJIC02,CRPCON,9,2046,0.43
GLOBAL,LNDAGRFJIC02,CRPCON,9,2047,0.43
GLOBAL,LNDAGRFJIC02,CRPCON,9,2048,0.43
GLOBAL,LNDAGRFJIC02,CRPCON,9,2049,0.43
GLOBAL,LNDAGRFJIC02,CRPCON,9,2050,0.43
GLOBAL,LNDAGRFJIC02,WTREVTFJI,9,2020,0.78
GLOBAL,LNDAGRFJIC02,WTREVTFJI,9,2021,0.78
GLOBAL,LNDAGRFJIC02,WTREVTFJI,9,2022,0.78
GLOBAL,LNDAGRFJIC02,WTREVTFJI,9,2023,0.78
GLOBAL,LNDAGRFJIC02,WTREVTFJI,9,2024,0.78
GLOBAL,LNDAGRFJIC02,WTREVTFJI,9,2025,0.78
GLOBAL,LNDAGRFJIC02,WTREVTFJI,9,2026,0.78
GLOBAL,LNDAGRFJIC02,WTREVTFJI,9,2027,0.78
GLOBAL,LNDAGRFJIC02,WTREVTFJI,9,2028,0.78
GLOBAL,LNDAGRFJIC02,WTREVTFJI,9,2029,0.78
GLOBAL,LNDAGRFJIC02,WTREVTFJI,9,2030,0.78
GLOBAL,LNDAGRFJIC02,WTREVTFJI,9,2031,0.78
GLOBAL,LNDAGRFJIC02,WTREVTFJI,9,2032,0.78
GLOBAL,LNDAGRFJIC02,WTREVTFJI,9,2033,0.78
GLOBAL,LNDAGRFJIC02,WTREVTFJI,9,2034,0.78
GLOBAL,LNDAGRFJIC02,WTREVTFJI,9,2035,0.78
GLOBAL,LNDAGRFJIC02,WTREVTFJI,9,2036,0.78
GLOBAL,LNDAGRFJIC02,WTREVTFJI,9,2037,0.78
GLOBAL,LNDAGRFJIC02,WTREVTFJI,9,2038,0.78
GLOBAL,LNDAGRFJIC02,WTREVTFJI,9,2039,0.78
GLOBAL,LNDAGRFJIC02,WTREVTFJI,9,2040,0.78
GLOBAL,LNDAGRFJIC02,WTREVTFJI,9,2041,0.78
GLOBAL,LNDAGRFJIC02,WTREVTFJI,9,2042,0.78
GLOBAL,LNDAGRFJIC02,WTREVTFJI,9,2043,0.78
GLOBAL,LNDAGRFJIC02,WTREVTFJI,9,2044,0.78
GLOBAL,LNDAGRFJIC02,WTREVTFJI,9,2045,0.78
GLOBAL,LNDAGRFJIC02,WTREVTFJI,9,2046,0.78
GLOBAL,LNDAGRFJIC02,WTREVTFJI,9,2047,0.78
GLOBAL,LNDAGRFJIC02,WTREVTFJI,9,2048,0.78
GLOBAL,LNDAGRFJIC02,WTREVTFJI,9,2049,0.78
GLOBAL,LNDAGRFJIC02,WTREVTFJI,9,2050,0.78
GLOBAL,LNDAGRFJIC02,WTRGRCFJI,9,2020,0.088
GLOBAL,LNDAGRFJIC02,WTRGRCFJI,9,2021,0.088
GLOBAL,LNDAGRFJIC02,WTRGRCFJI,9,2022,0.088
GLOBAL,LNDAGRFJIC02,WTRGRCFJI,9,2023,0.088
GLOBAL,LNDAGRFJIC02,WTRGRCFJI,9,2024,0.088
GLOBAL,LNDAGRFJIC02,WTRGRCFJI,9,2025,0.088
GLOBAL,LNDAGRFJIC02,WTRGRCFJI,9,2026,0.088
GLOBAL,LNDAGRFJIC02,WTRGRCFJI,9,2027,0.088
GLOBAL,LNDAGRFJIC02,WTRGRCFJI,9,2028,0.088
GLOBAL,LNDAGRFJIC02,WTRGRCFJI,9,2029,0.088
GLOBAL,LNDAGRFJIC02,WTRGRCFJI,9,2030,0.088
GLOBAL,LNDAGRFJIC02,WTRGRCFJI,9,2031,0.088
GLOBAL,LNDAGRFJIC02,WTRGRCFJI,9,2032,0.088
GLOBAL,LNDAGRFJIC02,WTRGRCFJI,9,2033,0.088
GLOBAL,LNDAGRFJIC02,WTRGRCFJI,9,2034,0.088
GLOBAL,LNDAGRFJIC02,WTRGRCFJI,9,2035,0.088
GLOBAL,LNDAGRFJIC02,WTRGRCFJI,9,2036,0.088
GLOBAL,LNDAGRFJIC02,WTRGRCFJI,9,2037,0.088
GLOBAL,LNDAGRFJIC02,WTRGRCFJI,9,2038,0.088
GLOBAL,LNDAGRFJIC02,WTRGRCFJI,9,2039,0.088
GLOBAL,LNDAGRFJIC02,WTRGRCFJI,9,2040,0.088
GLOBAL,LNDAGRFJIC02,WTRGRCFJI,9,2041,0.088
GLOBAL,LNDAGRFJIC02,WTRGRCFJI,9,2042,0.088
GLOBAL,LNDAGRFJIC02,WTRGRCFJI,9,2043,0.088
GLOBAL,LNDAGRFJIC02,WTRGRCFJI,9,2044,0.088
GLOBAL,LNDAGRFJIC02,WTRGRCFJI,9,2045,0.088
GLOBAL,LNDAGRFJIC02,WTRGRCFJI,9,2046,0.088
GLOBAL,LNDAGRFJIC02,WTRGRCFJI,9,2047,0.088
GLOBAL,LNDAGRFJIC02,WTRGRCFJI,9,2048,0.088
GLOBAL,LNDAGRFJIC02,WTRGRCFJI,9,2049,0.088
GLOBAL,LNDAGRFJIC02,WTRGRCFJI,9,2050,0.088
GLOBAL,LNDAGRFJIC02,WTRSURFJI,9,2020,1.6
GLOBAL,LNDAGRFJIC02,WTRSURFJI,9,2021,1.6
GLOBAL,LNDAGRFJIC02,WTRSURFJI,9,2022,1.6
GLOBAL,LNDAGRFJIC02,WTRSURFJI,9,2023,1.6
GLOBAL,LNDAGRFJIC02,WTRSURFJI,9,2024,1.6
GLOBAL,LNDAGRFJIC02,WTRSURFJI,9,2025,1.6
GLOBAL,LNDAGRFJIC02,WTRSURFJI,9,2026,1.6
GLOBAL,LNDAGRFJIC02,WTRSURFJI,9,2027,1.6
GLOBAL,LNDAGRFJIC02,WTRSURFJI,9,2028,1.6
GLOBAL,LNDAGRFJIC02,WTRSURFJI,9,2029,1.6
GLOBAL,LNDAGRFJIC02,WTRSURFJI,9,2030,1.6
GLOBAL,LNDAGRFJIC02,WTRSURFJI,9,2031,1.6
GLOBAL,LNDAGRFJIC02,WTRSURFJI,9,2032,1.6
GLOBAL,LNDAGRFJIC02,WTRSURFJI,9,2033,1.6
GLOBAL,LNDAGRFJIC02,WTRSURFJI,9,2034,1.6
GLOBAL,LNDAGRFJIC02,WTRSURFJI,9,2035,1.6
GLOBAL,LNDAGRFJIC02,WTRSURFJI,9,2036,1.6
GLOBAL,LNDAGRFJIC02,WTRSURFJI,9,2037,1.6
GLOBAL,LNDAGRFJIC02,WTRSURFJI,9,2038,1.6
GLOBAL,LNDAGRFJIC02,WTRSURFJI,9,2039,1.6
GLOBAL,LNDAGRFJIC02,WTRSURFJI,9,2040,1.6
GLOBAL,LNDAGRFJIC02,WTRSURFJI,9,2041,1.6
GLOBAL,LNDAGRFJIC02,WTRSURFJI,9,2042,1.6
GLOBAL,LNDAGRFJIC02,WTRSURFJI,9,2043,1.6
GLOBAL,LNDAGRFJIC02,WTRSURFJI,9,2044,1.6
GLOBAL,LNDAGRFJIC02,WTRSURFJI,9,2045,1.6
GLOBAL,LNDAGRFJIC02,WTRSURFJI,9,2046,1.6
GLOBAL,LNDAGRFJIC02,WTRSURFJI,9,2047,1.6
GLOBAL,LNDAGRFJIC02,WTRSURFJI,9,2048,1.6
GLOBAL,LNDAGRFJIC02,WTRSURFJI,9,2049,1.6
GLOBAL,LNDAGRFJIC02,WTRSURFJI,9,2050,1.6
GLOBAL,LNDAGRFJIC02,CRPCON,10,2020,0.043
GLOBAL,LNDAGRFJIC02,CRPCON,10,2021,0.043
GLOBAL,LNDAGRFJIC02,CRPCON,10,2022,0.043
GLOBAL,LNDAGRFJIC02,CRPCON,10,2023,0.043
GLOBAL,LNDAGRFJIC02,CRPCON,10,2024,0.043
GLOBAL,LNDAGRFJIC02,CRPCON,10,2025,0.043
GLOBAL,LNDAGRFJIC02,CRPCON,10,2026,0.043
GLOBAL,LNDAGRFJIC02,CRPCON,10,2027,0.043
GLOBAL,LNDAGRFJIC02,CRPCON,10,2028,0.043
GLOBAL,LNDAGRFJIC02,CRPCON,10,2029,0.043
GLOBAL,LNDAGRFJIC02,CRPCON,10,2030,0.043
GLOBAL,LNDAGRFJIC02,CRPCON,10,2031,0.043
GLOBAL,LNDAGRFJIC02,CRPCON,10,2032,0.043
GLOBAL,LNDAGRFJIC02,CRPCON,10,2033,0.043
GLOBAL,LNDAGRFJIC02,CRPCON,10,2034,0.043
GLOBAL,LNDAGRFJIC02,CRPCON,10,2035,0.043
GLOBAL,LNDAGRFJIC02,CRPCON,10,2036,0.043
GLOBAL,LNDAGRFJIC02,CRPCON,10,2037,0.043
GLOBAL,LNDAGRFJIC02,CRPCON,10,2038,0.043
GLOBAL,LNDAGRFJIC02,CRPCON,10,2039,0.043
GLOBAL,LNDAGRFJIC02,CRPCON,10,2040,0.043
GLOBAL,LNDAGRFJIC02,CRPCON,10,2041,0.043
GLOBAL,LNDAGRFJIC02,CRPCON,10,2042,0.043
GLOBAL,LNDAGRFJIC02,CRPCON,10,2043,0.043
GLOBAL,LNDAGRFJIC02,CRPCON,10,2044,0.043
GLOBAL,LNDAGRFJIC02,CRPCON,10,2045,0.043
GLOBAL,LNDAGRFJIC02,CRPCON,10,2046,0.043
GLOBAL,LNDAGRFJIC02,CRPCON,10,2047,0.043
GLOBAL,LNDAGRFJIC02,CRPCON,10,2048,0.043
GLOBAL,LNDAGRFJIC02,CRPCON,10,2049,0.043
GLOBAL,LNDAGRFJIC02,CRPCON,10,2050,0.043
GLOBAL,LNDAGRFJIC02,WTREVTFJI,10,2020,0.24
GLOBAL,LNDAGRFJIC02,WTREVTFJI,10,2021,0.24
GLOBAL,LNDAGRFJIC02,WTREVTFJI,10,2022,0.24
GLOBAL,LNDAGRFJIC02,WTREVTFJI,10,2023,0.24
GLOBAL,LNDAGRFJIC02,WTREVTFJI,10,2024,0.24
GLOBAL,LNDAGRFJIC02,WTREVTFJI,10,2025,0.24
GLOBAL,LNDAGRFJIC02,WTREVTFJI,10,2026,0.24
GLOBAL,LNDAGRFJIC02,WTREVTFJI,10,2027,0.24
GLOBAL,LNDAGRFJIC02,WTREVTFJI,10,2028,0.24
GLOBAL,LNDAGRFJIC02,WTREVTFJI,10,2029,0.24
GLOBAL,LNDAGRFJIC02,WTREVTFJI,10,2030,0.24
GLOBAL,LNDAGRFJIC02,WTREVTFJI,10,2031,0.24
GLOBAL,LNDAGRFJIC02,WTREVTFJI,10,2032,0.24
GLOBAL,LNDAGRFJIC02,WTREVTFJI,10,2033,0.24
GLOBAL,LNDAGRFJIC02,WTREVTFJI,10,2034,0.24
GLOBAL,LNDAGRFJIC02,WTREVTFJI,10,2035,0.24
GLOBAL,LNDAGRFJIC02,WTREVTFJI,10,2036,0.24
GLOBAL,LNDAGRFJIC02,WTREVTFJI,10,2037,0.24
GLOBAL,LNDAGRFJIC02,WTREVTFJI,10,2038,0.24
GLOBAL,LNDAGRFJIC02,WTREVTFJI,10,2039,0.24
GLOBAL,LNDAGRFJIC02,WTREVTFJI,10,2040,0.24
GLOBAL,LNDAGRFJIC02,WTREVTFJI,10,2041,0.24
GLOBAL,LNDAGRFJIC02,WTREVTFJI,10,2042,0.24
GLOBAL,LNDAGRFJIC02,WTREVTFJI,10,2043,0.24
GLOBAL,LNDAGRFJIC02,WTREVTFJI,10,2044,0.24
GLOBAL,LNDAGRFJIC02,WTREVTFJI,10,2045,0.24
GLOBAL,LNDAGRFJIC02,WTREVTFJI,10,2046,0.24
GLOBAL,LNDAGRFJIC02,WTREVTFJI,10,2047,0.24
GLOBAL,LNDAGRFJIC02,WTREVTFJI,10,2048,0.24
GLOBAL,LNDAGRFJIC02,WTREVTFJI,10,2049,0.24
GLOBAL,LNDAGRFJIC02,WTREVTFJI,10,2050,0.24
GLOBAL,LNDAGRFJIC02,WTRGRCFJI,10,2020,0.12
GLOBAL,LNDAGRFJIC02,WTRGRCFJI,10,2021,0.12
GLOBAL,LNDAGRFJIC02,WTRGRCFJI,10,2022,0.12
GLOBAL,LNDAGRFJIC02,WTRGRCFJI,10,2023,0.12
GLOBAL,LNDAGRFJIC02,WTRGRCFJI,10,2024,0.12
GLOBAL,LNDAGRFJIC02,WTRGRCFJI,10,2025,0.12
GLOBAL,LNDAGRFJIC02,WTRGRCFJI,10,2026,0.12
GLOBAL,LNDAGRFJIC02,WTRGRCFJI,10,2027,0.12
GLOBAL,LNDAGRFJIC02,WTRGRCFJI,10,2028,0.12
GLOBAL,LNDAGRFJIC02,WTRGRCFJI,10,2029,0.12
GLOBAL,LNDAGRFJIC02,WTRGRCFJI,10,2030,0.12
GLOBAL,LNDAGRFJIC02,WTRGRCFJI,10,2031,0.12
GLOBAL,LNDAGRFJIC02,WTRGRCFJI,10,2032,0.12
GLOBAL,LNDAGRFJIC02,WTRGRCFJI,10,2033,0.12
GLOBAL,LNDAGRFJIC02,WTRGRCFJI,10,2034,0.12
GLOBAL,LNDAGRFJIC02,WTRGRCFJI,10,2035,0.12
GLOBAL,LNDAGRFJIC02,WTRGRCFJI,10,2036,0.12
GLOBAL,LNDAGRFJIC02,WTRGRCFJI,10,2037,0.12
GLOBAL,LNDAGRFJIC02,WTRGRCFJI,10,2038,0.12
GLOBAL,LNDAGRFJIC02,WTRGRCFJI,10,2039,0.12
GLOBAL,LNDAGRFJIC02,WTRGRCFJI,10,2040,0.12
GLOBAL,LNDAGRFJIC02,WTRGRCFJI,10,2041,0.12
GLOBAL,LNDAGRFJIC02,WTRGRCFJI,10,2042,0.12
GLOBAL,LNDAGRFJIC02,WTRGRCFJI,10,2043,0.12
GLOBAL,LNDAGRFJIC02,WTRGRCFJI,10,2044,0.12
GLOBAL,LNDAGRFJIC02,WTRGRCFJI,10,2045,0.12
GLOBAL,LNDAGRFJIC02,WTRGRCFJI,10,2046,0.12
GLOBAL,LNDAGRFJIC02,WTRGRCFJI,10,2047,0.12
GLOBAL,LNDAGRFJIC02,WTRGRCFJI,10,2048,0.12
GLOBAL,LNDAGRFJIC02,WTRGRCFJI,10,2049,0.12
GLOBAL,LNDAGRFJIC02,WTRGRCFJI,10,2050,0.12
GLOBAL,LNDAGRFJIC02,WTRSURFJI,10,2020,2.1
GLOBAL,LNDAGRFJIC02,WTRSURFJI,10,2021,2.1
GLOBAL,LNDAGRFJIC02,WTRSURFJI,10,2022,2.1
GLOBAL,LNDAGRFJIC02,WTRSURFJI,10,2023,2.1
GLOBAL,LNDAGRFJIC02,WTRSURFJI,10,2024,2.1
GLOBAL,LNDAGRFJIC02,WTRSURFJI,10,2025,2.1
GLOBAL,LNDAGRFJIC02,WTRSURFJI,10,2026,2.1
GLOBAL,LNDAGRFJIC02,WTRSURFJI,10,2027,2.1
GLOBAL,LNDAGRFJIC02,WTRSURFJI,10,2028,2.1
GLOBAL,LNDAGRFJIC02,WTRSURFJI,10,2029,2.1
GLOBAL,LNDAGRFJIC02,WTRSURFJI,10,2030,2.1
GLOBAL,LNDAGRFJIC02,WTRSURFJI,10,2031,2.1
GLOBAL,LNDAGRFJIC02,WTRSURFJI,10,2032,2.1
GLOBAL,LNDAGRFJIC02,WTRSURFJI,10,2033,2.1
GLOBAL,LNDAGRFJIC02,WTRSURFJI,10,2034,2.1
GLOBAL,LNDAGRFJIC02,WTRSURFJI,10,2035,2.1
GLOBAL,LNDAGRFJIC02,WTRSURFJI,10,2036,2.1
GLOBAL,LNDAGRFJIC02,WTRSURFJI,10,2037,2.1
GLOBAL,LNDAGRFJIC02,WTRSURFJI,10,2038,2.1
GLOBAL,LNDAGRFJIC02,WTRSURFJI,10,2039,2.1
GLOBAL,LNDAGRFJIC02,WTRSURFJI,10,2040,2.1
GLOBAL,LNDAGRFJIC02,WTRSURFJI,10,2041,2.1
GLOBAL,LNDAGRFJIC02,WTRSURFJI,10,2042,2.1
GLOBAL,LNDAGRFJIC02,WTRSURFJI,10,2043,2.1
GLOBAL,LNDAGRFJIC02,WTRSURFJI,10,2044,2.1
GLOBAL,LNDAGRFJIC02,WTRSURFJI,10,2045,2.1
GLOBAL,LNDAGRFJIC02,WTRSURFJI,10,2046,2.1
GLOBAL,LNDAGRFJIC02,WTRSURFJI,10,2047,2.1
GLOBAL,LNDAGRFJIC02,WTRSURFJI,10,2048,2.1
GLOBAL,LNDAGRFJIC02,WTRSURFJI,10,2049,2.1
GLOBAL,LNDAGRFJIC02,WTRSURFJI,10,2050,2.1
GLOBAL,LNDAGRFJIC02,CRPCAS,11,2020,0.91
GLOBAL,LNDAGRFJIC02,CRPCAS,11,2021,0.91
GLOBAL,LNDAGRFJIC02,CRPCAS,11,2022,0.91
GLOBAL,LNDAGRFJIC02,CRPCAS,11,2023,0.91
GLOBAL,LNDAGRFJIC02,CRPCAS,11,2024,0.91
GLOBAL,LNDAGRFJIC02,CRPCAS,11,2025,0.91
GLOBAL,LNDAGRFJIC02,CRPCAS,11,2026,0.91
GLOBAL,LNDAGRFJIC02,CRPCAS,11,2027,0.91
GLOBAL,LNDAGRFJIC02,CRPCAS,11,2028,0.91
GLOBAL,LNDAGRFJIC02,CRPCAS,11,2029,0.91
GLOBAL,LNDAGRFJIC02,CRPCAS,11,2030,0.91
GLOBAL,LNDAGRFJIC02,CRPCAS,11,2031,0.91
GLOBAL,LNDAGRFJIC02,CRPCAS,11,2032,0.91
GLOBAL,LNDAGRFJIC02,CRPCAS,11,2033,0.91
GLOBAL,LNDAGRFJIC02,CRPCAS,11,2034,0.91
GLOBAL,LNDAGRFJIC02,CRPCAS,11,2035,0.91
GLOBAL,LNDAGRFJIC02,CRPCAS,11,2036,0.91
GLOBAL,LNDAGRFJIC02,CRPCAS,11,2037,0.91
GLOBAL,LNDAGRFJIC02,CRPCAS,11,2038,0.91
GLOBAL,LNDAGRFJIC02,CRPCAS,11,2039,0.91
GLOBAL,LNDAGRFJIC02,CRPCAS,11,2040,0.91
GLOBAL,LNDAGRFJIC02,CRPCAS,11,2041,0.91
GLOBAL,LNDAGRFJIC02,CRPCAS,11,2042,0.91
GLOBAL,LNDAGRFJIC02,CRPCAS,11,2043,0.91
GLOBAL,LNDAGRFJIC02,CRPCAS,11,2044,0.91
GLOBAL,LNDAGRFJIC02,CRPCAS,11,2045,0.91
GLOBAL,LNDAGRFJIC02,CRPCAS,11,2046,0.91
GLOBAL,LNDAGRFJIC02,CRPCAS,11,2047,0.91
GLOBAL,LNDAGRFJIC02,CRPCAS,11,2048,0.91
GLOBAL,LNDAGRFJIC02,CRPCAS,11,2049,0.91
GLOBAL,LNDAGRFJIC02,CRPCAS,11,2050,0.91
GLOBAL,LNDAGRFJIC02,WTREVTFJI,11,2020,0.98
GLOBAL,LNDAGRFJIC02,WTREVTFJI,11,2021,0.98
GLOBAL,LNDAGRFJIC02,WTREVTFJI,11,2022,0.98
GLOBAL,LNDAGRFJIC02,WTREVTFJI,11,2023,0.98
GLOBAL,LNDAGRFJIC02,WTREVTFJI,11,2024,0.98
GLOBAL,LNDAGRFJIC02,WTREVTFJI,11,2025,0.98
GLOBAL,LNDAGRFJIC02,WTREVTFJI,11,2026,0.98
GLOBAL,LNDAGRFJIC02,WTREVTFJI,11,2027,0.98
GLOBAL,LNDAGRFJIC02,WTREVTFJI,11,2028,0.98
GLOBAL,LNDAGRFJIC02,WTREVTFJI,11,2029,0.98
GLOBAL,LNDAGRFJIC02,WTREVTFJI,11,2030,0.98
GLOBAL,LNDAGRFJIC02,WTREVTFJI,11,2031,0.98
GLOBAL,LNDAGRFJIC02,WTREVTFJI,11,2032,0.98
GLOBAL,LNDAGRFJIC02,WTREVTFJI,11,2033,0.98
GLOBAL,LNDAGRFJIC02,WTREVTFJI,11,2034,0.98
GLOBAL,LNDAGRFJIC02,WTREVTFJI,11,2035,0.98
GLOBAL,LNDAGRFJIC02,WTREVTFJI,11,2036,0.98
GLOBAL,LNDAGRFJIC02,WTREVTFJI,11,2037,0.98
GLOBAL,LNDAGRFJIC02,WTREVTFJI,11,2038,0.98
GLOBAL,LNDAGRFJIC02,WTREVTFJI,11,2039,0.98
GLOBAL,LNDAGRFJIC02,WTREVTFJI,11,2040,0.98
GLOBAL,LNDAGRFJIC02,WTREVTFJI,11,2041,0.98
GLOBAL,LNDAGRFJIC02,WTREVTFJI,11,2042,0.98
GLOBAL,LNDAGRFJIC02,WTREVTFJI,11,2043,0.98
GLOBAL,LNDAGRFJIC02,WTREVTFJI,11,2044,0.98
GLOBAL,LNDAGRFJIC02,WTREVTFJI,11,2045,0.98
GLOBAL,LNDAGRFJIC02,WTREVTFJI,11,2046,0.98
GLOBAL,LNDAGRFJIC02,WTREVTFJI,11,2047,0.98
GLOBAL,LNDAGRFJIC02,WTREVTFJI,11,2048,0.98
GLOBAL,LNDAGRFJIC02,WTREVTFJI,11,2049,0.98
GLOBAL,LNDAGRFJIC02,WTREVTFJI,11,2050,0.98
GLOBAL,LNDAGRFJIC02,WTRGRCFJI,11,2020,0.078
GLOBAL,LNDAGRFJIC02,WTRGRCFJI,11,2021,0.078
GLOBAL,LNDAGRFJIC02,WTRGRCFJI,11,2022,0.078
GLOBAL,LNDAGRFJIC02,WTRGRCFJI,11,2023,0.078
GLOBAL,LNDAGRFJIC02,WTRGRCFJI,11,2024,0.078
GLOBAL,LNDAGRFJIC02,WTRGRCFJI,11,2025,0.078
GLOBAL,LNDAGRFJIC02,WTRGRCFJI,11,2026,0.078
GLOBAL,LNDAGRFJIC02,WTRGRCFJI,11,2027,0.078
GLOBAL,LNDAGRFJIC02,WTRGRCFJI,11,2028,0.078
GLOBAL,LNDAGRFJIC02,WTRGRCFJI,11,2029,0.078
GLOBAL,LNDAGRFJIC02,WTRGRCFJI,11,2030,0.078
GLOBAL,LNDAGRFJIC02,WTRGRCFJI,11,2031,0.078
GLOBAL,LNDAGRFJIC02,WTRGRCFJI,11,2032,0.078
GLOBAL,LNDAGRFJIC02,WTRGRCFJI,11,2033,0.078
GLOBAL,LNDAGRFJIC02,WTRGRCFJI,11,2034,0.078
GLOBAL,LNDAGRFJIC02,WTRGRCFJI,11,2035,0.078
GLOBAL,LNDAGRFJIC02,WTRGRCFJI,11,2036,0.078
GLOBAL,LNDAGRFJIC02,WTRGRCFJI,11,2037,0.078
GLOBAL,LNDAGRFJIC02,WTRGRCFJI,11,2038,0.078
GLOBAL,LNDAGRFJIC02,WTRGRCFJI,11,2039,0.078
GLOBAL,LNDAGRFJIC02,WTRGRCFJI,11,2040,0.078
GLOBAL,LNDAGRFJIC02,WTRGRCFJI,11,2041,0.078
GLOBAL,LNDAGRFJIC02,WTRGRCFJI,11,2042,0.078
GLOBAL,LNDAGRFJIC02,WTRGRCFJI,11,2043,0.078
GLOBAL,LNDAGRFJIC02,WTRGRCFJI,11,2044,0.078
GLOBAL,LNDAGRFJIC02,WTRGRCFJI,11,2045,0.078
GLOBAL,LNDAGRFJIC02,WTRGRCFJI,11,2046,0.078
GLOBAL,LNDAGRFJIC02,WTRGRCFJI,11,2047,0.078
GLOBAL,LNDAGRFJIC02,WTRGRCFJI,11,2048,0.078
GLOBAL,LNDAGRFJIC02,WTRGRCFJI,11,2049,0.078
GLOBAL,LNDAGRFJIC02,WTRGRCFJI,11,2050,0.078
GLOBAL,LNDAGRFJIC02,WTRSURFJI,11,2020,1.4
GLOBAL,LNDAGRFJIC02,WTRSURFJI,11,2021,1.4
GLOBAL,LNDAGRFJIC02,WTRSURFJI,11,2022,1.4
GLOBAL,LNDAGRFJIC02,WTRSURFJI,11,2023,1.4
GLOBAL,LNDAGRFJIC02,WTRSURFJI,11,2024,1.4
GLOBAL,LNDAGRFJIC02,WTRSURFJI,11,2025,1.4
GLOBAL,LNDAGRFJIC02,WTRSURFJI,11,2026,1.4
GLOBAL,LNDAGRFJIC02,WTRSURFJI,11,2027,1.4
GLOBAL,LNDAGRFJIC02,WTRSURFJI,11,2028,1.4
GLOBAL,LNDAGRFJIC02,WTRSURFJI,11,2029,1.4
GLOBAL,LNDAGRFJIC02,WTRSURFJI,11,2030,1.4
GLOBAL,LNDAGRFJIC02,WTRSURFJI,11,2031,1.4
GLOBAL,LNDAGRFJIC02,WTRSURFJI,11,2032,1.4
GLOBAL,LNDAGRFJIC02,WTRSURFJI,11,2033,1.4
GLOBAL,LNDAGRFJIC02,WTRSURFJI,11,2034,1.4
GLOBAL,LNDAGRFJIC02,WTRSURFJI,11,2035,1.4
GLOBAL,LNDAGRFJIC02,WTRSURFJI,11,2036,1.4
GLOBAL,LNDAGRFJIC02,WTRSURFJI,11,2037,1.4
GLOBAL,LNDAGRFJIC02,WTRSURFJI,11,2038,1.4
GLOBAL,LNDAGRFJIC02,WTRSURFJI,11,2039,1.4
GLOBAL,LNDAGRFJIC02,WTRSURFJI,11,2040,1.4
GLOBAL,LNDAGRFJIC02,WTRSURFJI,11,2041,1.4
GLOBAL,LNDAGRFJIC02,WTRSURFJI,11,2042,1.4
GLOBAL,LNDAGRFJIC02,WTRSURFJI,11,2043,1.4
GLOBAL,LNDAGRFJIC02,WTRSURFJI,11,2044,1.4
GLOBAL,LNDAGRFJIC02,WTRSURFJI,11,2045,1.4
GLOBAL,LNDAGRFJIC02,WTRSURFJI,11,2046,1.4
GLOBAL,LNDAGRFJIC02,WTRSURFJI,11,2047,1.4
GLOBAL,LNDAGRFJIC02,WTRSURFJI,11,2048,1.4
GLOBAL,LNDAGRFJIC02,WTRSURFJI,11,2049,1.4
GLOBAL,LNDAGRFJIC02,WTRSURFJI,11,2050,1.4
GLOBAL,LNDAGRFJIC02,CRPYAM,12,2020,0.90
GLOBAL,LNDAGRFJIC02,CRPYAM,12,2021,0.90
GLOBAL,LNDAGRFJIC02,CRPYAM,12,2022,0.90
GLOBAL,LNDAGRFJIC02,CRPYAM,12,2023,0.90
GLOBAL,LNDAGRFJIC02,CRPYAM,12,2024,0.90
GLOBAL,LNDAGRFJIC02,CRPYAM,12,2025,0.90
GLOBAL,LNDAGRFJIC02,CRPYAM,12,2026,0.90
GLOBAL,LNDAGRFJIC02,CRPYAM,12,2027,0.90
GLOBAL,LNDAGRFJIC02,CRPYAM,12,2028,0.90
GLOBAL,LNDAGRFJIC02,CRPYAM,12,2029,0.90
GLOBAL,LNDAGRFJIC02,CRPYAM,12,2030,0.90
GLOBAL,LNDAGRFJIC02,CRPYAM,12,2031,0.90
GLOBAL,LNDAGRFJIC02,CRPYAM,12,2032,0.90
GLOBAL,LNDAGRFJIC02,CRPYAM,12,2033,0.90
GLOBAL,LNDAGRFJIC02,CRPYAM,12,2034,0.90
GLOBAL,LNDAGRFJIC02,CRPYAM,12,2035,0.90
GLOBAL,LNDAGRFJIC02,CRPYAM,12,2036,0.90
GLOBAL,LNDAGRFJIC02,CRPYAM,12,2037,0.90
GLOBAL,LNDAGRFJIC02,CRPYAM,12,2038,0.90
GLOBAL,LNDAGRFJIC02,CRPYAM,12,2039,0.90
GLOBAL,LNDAGRFJIC02,CRPYAM,12,2040,0.90
GLOBAL,LNDAGRFJIC02,CRPYAM,12,2041,0.90
GLOBAL,LNDAGRFJIC02,CRPYAM,12,2042,0.90
GLOBAL,LNDAGRFJIC02,CRPYAM,12,2043,0.90
GLOBAL,LNDAGRFJIC02,CRPYAM,12,2044,0.90
GLOBAL,LNDAGRFJIC02,CRPYAM,12,2045,0.90
GLOBAL,LNDAGRFJIC02,CRPYAM,12,2046,0.90
GLOBAL,LNDAGRFJIC02,CRPYAM,12,2047,0.90
GLOBAL,LNDAGRFJIC02,CRPYAM,12,2048,0.90
GLOBAL,LNDAGRFJIC02,CRPYAM,12,2049,0.90
GLOBAL,LNDAGRFJIC02,CRPYAM,12,2050,0.90
GLOBAL,LNDAGRFJIC02,WTREVTFJI,12,2020,0.93
GLOBAL,LNDAGRFJIC02,WTREVTFJI,12,2021,0.93
GLOBAL,LNDAGRFJIC02,WTREVTFJI,12,2022,0.93
GLOBAL,LNDAGRFJIC02,WTREVTFJI,12,2023,0.93
GLOBAL,LNDAGRFJIC02,WTREVTFJI,12,2024,0.93
GLOBAL,LNDAGRFJIC02,WTREVTFJI,12,2025,0.93
GLOBAL,LNDAGRFJIC02,WTREVTFJI,12,2026,0.93
GLOBAL,LNDAGRFJIC02,WTREVTFJI,12,2027,0.93
GLOBAL,LNDAGRFJIC02,WTREVTFJI,12,2028,0.93
GLOBAL,LNDAGRFJIC02,WTREVTFJI,12,2029,0.93
GLOBAL,LNDAGRFJIC02,WTREVTFJI,12,2030,0.93
GLOBAL,LNDAGRFJIC02,WTREVTFJI,12,2031,0.93
GLOBAL,LNDAGRFJIC02,WTREVTFJI,12,2032,0.93
GLOBAL,LNDAGRFJIC02,WTREVTFJI,12,2033,0.93
GLOBAL,LNDAGRFJIC02,WTREVTFJI,12,2034,0.93
GLOBAL,LNDAGRFJIC02,WTREVTFJI,12,2035,0.93
GLOBAL,LNDAGRFJIC02,WTREVTFJI,12,2036,0.93
GLOBAL,LNDAGRFJIC02,WTREVTFJI,12,2037,0.93
GLOBAL,LNDAGRFJIC02,WTREVTFJI,12,2038,0.93
GLOBAL,LNDAGRFJIC02,WTREVTFJI,12,2039,0.93
GLOBAL,LNDAGRFJIC02,WTREVTFJI,12,2040,0.93
GLOBAL,LNDAGRFJIC02,WTREVTFJI,12,2041,0.93
GLOBAL,LNDAGRFJIC02,WTREVTFJI,12,2042,0.93
GLOBAL,LNDAGRFJIC02,WTREVTFJI,12,2043,0.93
GLOBAL,LNDAGRFJIC02,WTREVTFJI,12,2044,0.93
GLOBAL,LNDAGRFJIC02,WTREVTFJI,12,2045,0.93
GLOBAL,LNDAGRFJIC02,WTREVTFJI,12,2046,0.93
GLOBAL,LNDAGRFJIC02,WTREVTFJI,12,2047,0.93
GLOBAL,LNDAGRFJIC02,WTREVTFJI,12,2048,0.93
GLOBAL,LNDAGRFJIC02,WTREVTFJI,12,2049,0.93
GLOBAL,LNDAGRFJIC02,WTREVTFJI,12,2050,0.93
GLOBAL,LNDAGRFJIC02,WTRGRCFJI,12,2020,0.080
GLOBAL,LNDAGRFJIC02,WTRGRCFJI,12,2021,0.080
GLOBAL,LNDAGRFJIC02,WTRGRCFJI,12,2022,0.080
GLOBAL,LNDAGRFJIC02,WTRGRCFJI,12,2023,0.080
GLOBAL,LNDAGRFJIC02,WTRGRCFJI,12,2024,0.080
GLOBAL,LNDAGRFJIC02,WTRGRCFJI,12,2025,0.080
GLOBAL,LNDAGRFJIC02,WTRGRCFJI,12,2026,0.080
GLOBAL,LNDAGRFJIC02,WTRGRCFJI,12,2027,0.080
GLOBAL,LNDAGRFJIC02,WTRGRCFJI,12,2028,0.080
GLOBAL,LNDAGRFJIC02,WTRGRCFJI,12,2029,0.080
GLOBAL,LNDAGRFJIC02,WTRGRCFJI,12,2030,0.080
GLOBAL,LNDAGRFJIC02,WTRGRCFJI,12,2031,0.080
GLOBAL,LNDAGRFJIC02,WTRGRCFJI,12,2032,0.080
GLOBAL,LNDAGRFJIC02,WTRGRCFJI,12,2033,0.080
GLOBAL,LNDAGRFJIC02,WTRGRCFJI,12,2034,0.080
GLOBAL,LNDAGRFJIC02,WTRGRCFJI,12,2035,0.080
GLOBAL,LNDAGRFJIC02,WTRGRCFJI,12,2036,0.080
GLOBAL,LNDAGRFJIC02,WTRGRCFJI,12,2037,0.080
GLOBAL,LNDAGRFJIC02,WTRGRCFJI,12,2038,0.080
GLOBAL,LNDAGRFJIC02,WTRGRCFJI,12,2039,0.080
GLOBAL,LNDAGRFJIC02,WTRGRCFJI,12,2040,0.080
GLOBAL,LNDAGRFJIC02,WTRGRCFJI,12,2041,0.080
GLOBAL,LNDAGRFJIC02,WTRGRCFJI,12,2042,0.080
GLOBAL,LNDAGRFJIC02,WTRGRCFJI,12,2043,0.080
GLOBAL,LNDAGRFJIC02,WTRGRCFJI,12,2044,0.080
GLOBAL,LNDAGRFJIC02,WTRGRCFJI,12,2045,0.080
GLOBAL,LNDAGRFJIC02,WTRGRCFJI,12,2046,0.080
GLOBAL,LNDAGRFJIC02,WTRGRCFJI,12,2047,0.080
GLOBAL,LNDAGRFJIC02,WTRGRCFJI,12,2048,0.080
GLOBAL,LNDAGRFJIC02,WTRGRCFJI,12,2049,0.080
GLOBAL,LNDAGRFJIC02,WTRGRCFJI,12,2050,0.080
GLOBAL,LNDAGRFJIC02,WTRSURFJI,12,2020,1.5
GLOBAL,LNDAGRFJIC02,WTRSURFJI,12,2021,1.5
GLOBAL,LNDAGRFJIC02,WTRSURFJI,12,2022,1.5
GLOBAL,LNDAGRFJIC02,WTRSURFJI,12,2023,1.5
GLOBAL,LNDAGRFJIC02,WTRSURFJI,12,2024,1.5
GLOBAL,LNDAGRFJIC02,WTRSURFJI,12,2025,1.5
GLOBAL,LNDAGRFJIC02,WTRSURFJI,12,2026,1.5
GLOBAL,LNDAGRFJIC02,WTRSURFJI,12,2027,1.5
GLOBAL,LNDAGRFJIC02,WTRSURFJI,12,2028,1.5
GLOBAL,LNDAGRFJIC02,WTRSURFJI,12,2029,1.5
GLOBAL,LNDAGRFJIC02,WTRSURFJI,12,2030,1.5
GLOBAL,LNDAGRFJIC02,WTRSURFJI,12,2031,1.5
GLOBAL,LNDAGRFJIC02,WTRSURFJI,12,2032,1.5
GLOBAL,LNDAGRFJIC02,WTRSURFJI,12,2033,1.5
GLOBAL,LNDAGRFJIC02,WTRSURFJI,12,2034,1.5
GLOBAL,LNDAGRFJIC02,WTRSURFJI,12,2035,1.5
GLOBAL,LNDAGRFJIC02,WTRSURFJI,12,2036,1.5
GLOBAL,LNDAGRFJIC02,WTRSURFJI,12,2037,1.5
GLOBAL,LNDAGRFJIC02,WTRSURFJI,12,2038,1.5
GLOBAL,LNDAGRFJIC02,WTRSURFJI,12,2039,1.5
GLOBAL,LNDAGRFJIC02,WTRSURFJI,12,2040,1.5
GLOBAL,LNDAGRFJIC02,WTRSURFJI,12,2041,1.5
GLOBAL,LNDAGRFJIC02,WTRSURFJI,12,2042,1.5
GLOBAL,LNDAGRFJIC02,WTRSURFJI,12,2043,1.5
GLOBAL,LNDAGRFJIC02,WTRSURFJI,12,2044,1.5
GLOBAL,LNDAGRFJIC02,WTRSURFJI,12,2045,1.5
GLOBAL,LNDAGRFJIC02,WTRSURFJI,12,2046,1.5
GLOBAL,LNDAGRFJIC02,WTRSURFJI,12,2047,1.5
GLOBAL,LNDAGRFJIC02,WTRSURFJI,12,2048,1.5
GLOBAL,LNDAGRFJIC02,WTRSURFJI,12,2049,1.5
GLOBAL,LNDAGRFJIC02,WTRSURFJI,12,2050,1.5
GLOBAL,LNDAGRFJIC02,CRPCAS,13,2020,0.20
GLOBAL,LNDAGRFJIC02,CRPCAS,13,2021,0.20
GLOBAL,LNDAGRFJIC02,CRPCAS,13,2022,0.20
GLOBAL,LNDAGRFJIC02,CRPCAS,13,2023,0.20
GLOBAL,LNDAGRFJIC02,CRPCAS,13,2024,0.20
GLOBAL,LNDAGRFJIC02,CRPCAS,13,2025,0.20
GLOBAL,LNDAGRFJIC02,CRPCAS,13,2026,0.20
GLOBAL,LNDAGRFJIC02,CRPCAS,13,2027,0.20
GLOBAL,LNDAGRFJIC02,CRPCAS,13,2028,0.20
GLOBAL,LNDAGRFJIC02,CRPCAS,13,2029,0.20
GLOBAL,LNDAGRFJIC02,CRPCAS,13,2030,0.20
GLOBAL,LNDAGRFJIC02,CRPCAS,13,2031,0.20
GLOBAL,LNDAGRFJIC02,CRPCAS,13,2032,0.20
GLOBAL,LNDAGRFJIC02,CRPCAS,13,2033,0.20
GLOBAL,LNDAGRFJIC02,CRPCAS,13,2034,0.20
GLOBAL,LNDAGRFJIC02,CRPCAS,13,2035,0.20
GLOBAL,LNDAGRFJIC02,CRPCAS,13,2036,0.20
GLOBAL,LNDAGRFJIC02,CRPCAS,13,2037,0.20
GLOBAL,LNDAGRFJIC02,CRPCAS,13,2038,0.20
GLOBAL,LNDAGRFJIC02,CRPCAS,13,2039,0.20
GLOBAL,LNDAGRFJIC02,CRPCAS,13,2040,0.20
GLOBAL,LNDAGRFJIC02,CRPCAS,13,2041,0.20
GLOBAL,LNDAGRFJIC02,CRPCAS,13,2042,0.20
GLOBAL,LNDAGRFJIC02,CRPCAS,13,2043,0.20
GLOBAL,LNDAGRFJIC02,CRPCAS,13,2044,0.20
GLOBAL,LNDAGRFJIC02,CRPCAS,13,2045,0.20
GLOBAL,LNDAGRFJIC02,CRPCAS,13,2046,0.20
GLOBAL,LNDAGRFJIC02,CRPCAS,13,2047,0.20
GLOBAL,LNDAGRFJIC02,CRPCAS,13,2048,0.20
GLOBAL,LNDAGRFJIC02,CRPCAS,13,2049,0.20
GLOBAL,LNDAGRFJIC02,CRPCAS,13,2050,0.20
GLOBAL,LNDAGRFJIC02,WTREVTFJI,13,2020,0.68
GLOBAL,LNDAGRFJIC02,WTREVTFJI,13,2021,0.68
GLOBAL,LNDAGRFJIC02,WTREVTFJI,13,2022,0.68
GLOBAL,LNDAGRFJIC02,WTREVTFJI,13,2023,0.68
GLOBAL,LNDAGRFJIC02,WTREVTFJI,13,2024,0.68
GLOBAL,LNDAGRFJIC02,WTREVTFJI,13,2025,0.68
GLOBAL,LNDAGRFJIC02,WTREVTFJI,13,2026,0.68
GLOBAL,LNDAGRFJIC02,WTREVTFJI,13,2027,0.68
GLOBAL,LNDAGRFJIC02,WTREVTFJI,13,2028,0.68
GLOBAL,LNDAGRFJIC02,WTREVTFJI,13,2029,0.68
GLOBAL,LNDAGRFJIC02,WTREVTFJI,13,2030,0.68
GLOBAL,LNDAGRFJIC02,WTREVTFJI,13,2031,0.68
GLOBAL,LNDAGRFJIC02,WTREVTFJI,13,2032,0.68
GLOBAL,LNDAGRFJIC02,WTREVTFJI,13,2033,0.68
GLOBAL,LNDAGRFJIC02,WTREVTFJI,13,2034,0.68
GLOBAL,LNDAGRFJIC02,WTREVTFJI,13,2035,0.68
GLOBAL,LNDAGRFJIC02,WTREVTFJI,13,2036,0.68
GLOBAL,LNDAGRFJIC02,WTREVTFJI,13,2037,0.68
GLOBAL,LNDAGRFJIC02,WTREVTFJI,13,2038,0.68
GLOBAL,LNDAGRFJIC02,WTREVTFJI,13,2039,0.68
GLOBAL,LNDAGRFJIC02,WTREVTFJI,13,2040,0.68
GLOBAL,LNDAGRFJIC02,WTREVTFJI,13,2041,0.68
GLOBAL,LNDAGRFJIC02,WTREVTFJI,13,2042,0.68
GLOBAL,LNDAGRFJIC02,WTREVTFJI,13,2043,0.68
GLOBAL,LNDAGRFJIC02,WTREVTFJI,13,2044,0.68
GLOBAL,LNDAGRFJIC02,WTREVTFJI,13,2045,0.68
GLOBAL,LNDAGRFJIC02,WTREVTFJI,13,2046,0.68
GLOBAL,LNDAGRFJIC02,WTREVTFJI,13,2047,0.68
GLOBAL,LNDAGRFJIC02,WTREVTFJI,13,2048,0.68
GLOBAL,LNDAGRFJIC02,WTREVTFJI,13,2049,0.68
GLOBAL,LNDAGRFJIC02,WTREVTFJI,13,2050,0.68
GLOBAL,LNDAGRFJIC02,WTRGRCFJI,13,2020,0.093
GLOBAL,LNDAGRFJIC02,WTRGRCFJI,13,2021,0.093
GLOBAL,LNDAGRFJIC02,WTRGRCFJI,13,2022,0.093
GLOBAL,LNDAGRFJIC02,WTRGRCFJI,13,2023,0.093
GLOBAL,LNDAGRFJIC02,WTRGRCFJI,13,2024,0.093
GLOBAL,LNDAGRFJIC02,WTRGRCFJI,13,2025,0.093
GLOBAL,LNDAGRFJIC02,WTRGRCFJI,13,2026,0.093
GLOBAL,LNDAGRFJIC02,WTRGRCFJI,13,2027,0.093
GLOBAL,LNDAGRFJIC02,WTRGRCFJI,13,2028,0.093
GLOBAL,LNDAGRFJIC02,WTRGRCFJI,13,2029,0.093
GLOBAL,LNDAGRFJIC02,WTRGRCFJI,13,2030,0.093
GLOBAL,LNDAGRFJIC02,WTRGRCFJI,13,2031,0.093
GLOBAL,LNDAGRFJIC02,WTRGRCFJI,13,2032,0.093
GLOBAL,LNDAGRFJIC02,WTRGRCFJI,13,2033,0.093
GLOBAL,LNDAGRFJIC02,WTRGRCFJI,13,2034,0.093
GLOBAL,LNDAGRFJIC02,WTRGRCFJI,13,2035,0.093
GLOBAL,LNDAGRFJIC02,WTRGRCFJI,13,2036,0.093
GLOBAL,LNDAGRFJIC02,WTRGRCFJI,13,2037,0.093
GLOBAL,LNDAGRFJIC02,WTRGRCFJI,13,2038,0.093
GLOBAL,LNDAGRFJIC02,WTRGRCFJI,13,2039,0.093
GLOBAL,LNDAGRFJIC02,WTRGRCFJI,13,2040,0.093
GLOBAL,LNDAGRFJIC02,WTRGRCFJI,13,2041,0.093
GLOBAL,LNDAGRFJIC02,WTRGRCFJI,13,2042,0.093
GLOBAL,LNDAGRFJIC02,WTRGRCFJI,13,2043,0.093
GLOBAL,LNDAGRFJIC02,WTRGRCFJI,13,2044,0.093
GLOBAL,LNDAGRFJIC02,WTRGRCFJI,13,2045,0.093
GLOBAL,LNDAGRFJIC02,WTRGRCFJI,13,2046,0.093
GLOBAL,LNDAGRFJIC02,WTRGRCFJI,13,2047,0.093
GLOBAL,LNDAGRFJIC02,WTRGRCFJI,13,2048,0.093
GLOBAL,LNDAGRFJIC02,WTRGRCFJI,13,2049,0.093
GLOBAL,LNDAGRFJIC02,WTRGRCFJI,13,2050,0.093
GLOBAL,LNDAGRFJIC02,WTRSURFJI,13,2020,1.7
GLOBAL,LNDAGRFJIC02,WTRSURFJI,13,2021,1.7
GLOBAL,LNDAGRFJIC02,WTRSURFJI,13,2022,1.7
GLOBAL,LNDAGRFJIC02,WTRSURFJI,13,2023,1.7
GLOBAL,LNDAGRFJIC02,WTRSURFJI,13,2024,1.7
GLOBAL,LNDAGRFJIC02,WTRSURFJI,13,2025,1.7
GLOBAL,LNDAGRFJIC02,WTRSURFJI,13,2026,1.7
GLOBAL,LNDAGRFJIC02,WTRSURFJI,13,2027,1.7
GLOBAL,LNDAGRFJIC02,WTRSURFJI,13,2028,1.7
GLOBAL,LNDAGRFJIC02,WTRSURFJI,13,2029,1.7
GLOBAL,LNDAGRFJIC02,WTRSURFJI,13,2030,1.7
GLOBAL,LNDAGRFJIC02,WTRSURFJI,13,2031,1.7
GLOBAL,LNDAGRFJIC02,WTRSURFJI,13,2032,1.7
GLOBAL,LNDAGRFJIC02,WTRSURFJI,13,2033,1.7
GLOBAL,LNDAGRFJIC02,WTRSURFJI,13,2034,1.7
GLOBAL,LNDAGRFJIC02,WTRSURFJI,13,2035,1.7
GLOBAL,LNDAGRFJIC02,WTRSURFJI,13,2036,1.7
GLOBAL,LNDAGRFJIC02,WTRSURFJI,13,2037,1.7
GLOBAL,LNDAGRFJIC02,WTRSURFJI,13,2038,1.7
GLOBAL,LNDAGRFJIC02,WTRSURFJI,13,2039,1.7
GLOBAL,LNDAGRFJIC02,WTRSURFJI,13,2040,1.7
GLOBAL,LNDAGRFJIC02,WTRSURFJI,13,2041,1.7
GLOBAL,LNDAGRFJIC02,WTRSURFJI,13,2042,1.7
GLOBAL,LNDAGRFJIC02,WTRSURFJI,13,2043,1.7
GLOBAL,LNDAGRFJIC02,WTRSURFJI,13,2044,1.7
GLOBAL,LNDAGRFJIC02,WTRSURFJI,13,2045,1.7
GLOBAL,LNDAGRFJIC02,WTRSURFJI,13,2046,1.7
GLOBAL,LNDAGRFJIC02,WTRSURFJI,13,2047,1.7
GLOBAL,LNDAGRFJIC02,WTRSURFJI,13,2048,1.7
GLOBAL,LNDAGRFJIC02,WTRSURFJI,13,2049,1.7
GLOBAL,LNDAGRFJIC02,WTRSURFJI,13,2050,1.7
GLOBAL,LNDAGRFJIC02,CRPYAM,14,2020,0.90
GLOBAL,LNDAGRFJIC02,CRPYAM,14,2021,0.90
GLOBAL,LNDAGRFJIC02,CRPYAM,14,2022,0.90
GLOBAL,LNDAGRFJIC02,CRPYAM,14,2023,0.90
GLOBAL,LNDAGRFJIC02,CRPYAM,14,2024,0.90
GLOBAL,LNDAGRFJIC02,CRPYAM,14,2025,0.90
GLOBAL,LNDAGRFJIC02,CRPYAM,14,2026,0.90
GLOBAL,LNDAGRFJIC02,CRPYAM,14,2027,0.90
GLOBAL,LNDAGRFJIC02,CRPYAM,14,2028,0.90
GLOBAL,LNDAGRFJIC02,CRPYAM,14,2029,0.90
GLOBAL,LNDAGRFJIC02,CRPYAM,14,2030,0.90
GLOBAL,LNDAGRFJIC02,CRPYAM,14,2031,0.90
GLOBAL,LNDAGRFJIC02,CRPYAM,14,2032,0.90
GLOBAL,LNDAGRFJIC02,CRPYAM,14,2033,0.90
GLOBAL,LNDAGRFJIC02,CRPYAM,14,2034,0.90
GLOBAL,LNDAGRFJIC02,CRPYAM,14,2035,0.90
GLOBAL,LNDAGRFJIC02,CRPYAM,14,2036,0.90
GLOBAL,LNDAGRFJIC02,CRPYAM,14,2037,0.90
GLOBAL,LNDAGRFJIC02,CRPYAM,14,2038,0.90
GLOBAL,LNDAGRFJIC02,CRPYAM,14,2039,0.90
GLOBAL,LNDAGRFJIC02,CRPYAM,14,2040,0.90
GLOBAL,LNDAGRFJIC02,CRPYAM,14,2041,0.90
GLOBAL,LNDAGRFJIC02,CRPYAM,14,2042,0.90
GLOBAL,LNDAGRFJIC02,CRPYAM,14,2043,0.90
GLOBAL,LNDAGRFJIC02,CRPYAM,14,2044,0.90
GLOBAL,LNDAGRFJIC02,CRPYAM,14,2045,0.90
GLOBAL,LNDAGRFJIC02,CRPYAM,14,2046,0.90
GLOBAL,LNDAGRFJIC02,CRPYAM,14,2047,0.90
GLOBAL,LNDAGRFJIC02,CRPYAM,14,2048,0.90
GLOBAL,LNDAGRFJIC02,CRPYAM,14,2049,0.90
GLOBAL,LNDAGRFJIC02,CRPYAM,14,2050,0.90
GLOBAL,LNDAGRFJIC02,WTREVTFJI,14,2020,1.1
GLOBAL,LNDAGRFJIC02,WTREVTFJI,14,2021,1.1
GLOBAL,LNDAGRFJIC02,WTREVTFJI,14,2022,1.1
GLOBAL,LNDAGRFJIC02,WTREVTFJI,14,2023,1.1
GLOBAL,LNDAGRFJIC02,WTREVTFJI,14,2024,1.1
GLOBAL,LNDAGRFJIC02,WTREVTFJI,14,2025,1.1
GLOBAL,LNDAGRFJIC02,WTREVTFJI,14,2026,1.1
GLOBAL,LNDAGRFJIC02,WTREVTFJI,14,2027,1.1
GLOBAL,LNDAGRFJIC02,WTREVTFJI,14,2028,1.1
GLOBAL,LNDAGRFJIC02,WTREVTFJI,14,2029,1.1
GLOBAL,LNDAGRFJIC02,WTREVTFJI,14,2030,1.1
GLOBAL,LNDAGRFJIC02,WTREVTFJI,14,2031,1.1
GLOBAL,LNDAGRFJIC02,WTREVTFJI,14,2032,1.1
GLOBAL,LNDAGRFJIC02,WTREVTFJI,14,2033,1.1
GLOBAL,LNDAGRFJIC02,WTREVTFJI,14,2034,1.1
GLOBAL,LNDAGRFJIC02,WTREVTFJI,14,2035,1.1
GLOBAL,LNDAGRFJIC02,WTREVTFJI,14,2036,1.1
GLOBAL,LNDAGRFJIC02,WTREVTFJI,14,2037,1.1
GLOBAL,LNDAGRFJIC02,WTREVTFJI,14,2038,1.1
GLOBAL,LNDAGRFJIC02,WTREVTFJI,14,2039,1.1
GLOBAL,LNDAGRFJIC02,WTREVTFJI,14,2040,1.1
GLOBAL,LNDAGRFJIC02,WTREVTFJI,14,2041,1.1
GLOBAL,LNDAGRFJIC02,WTREVTFJI,14,2042,1.1
GLOBAL,LNDAGRFJIC02,WTREVTFJI,14,2043,1.1
GLOBAL,LNDAGRFJIC02,WTREVTFJI,14,2044,1.1
GLOBAL,LNDAGRFJIC02,WTREVTFJI,14,2045,1.1
GLOBAL,LNDAGRFJIC02,WTREVTFJI,14,2046,1.1
GLOBAL,LNDAGRFJIC02,WTREVTFJI,14,2047,1.1
GLOBAL,LNDAGRFJIC02,WTREVTFJI,14,2048,1.1
GLOBAL,LNDAGRFJIC02,WTREVTFJI,14,2049,1.1
GLOBAL,LNDAGRFJIC02,WTREVTFJI,14,2050,1.1
GLOBAL,LNDAGRFJIC02,WTRGRCFJI,14,2020,0.071
GLOBAL,LNDAGRFJIC02,WTRGRCFJI,14,2021,0.071
GLOBAL,LNDAGRFJIC02,WTRGRCFJI,14,2022,0.071
GLOBAL,LNDAGRFJIC02,WTRGRCFJI,14,2023,0.071
GLOBAL,LNDAGRFJIC02,WTRGRCFJI,14,2024,0.071
GLOBAL,LNDAGRFJIC02,WTRGRCFJI,14,2025,0.071
GLOBAL,LNDAGRFJIC02,WTRGRCFJI,14,2026,0.071
GLOBAL,LNDAGRFJIC02,WTRGRCFJI,14,2027,0.071
GLOBAL,LNDAGRFJIC02,WTRGRCFJI,14,2028,0.071
GLOBAL,LNDAGRFJIC02,WTRGRCFJI,14,2029,0.071
GLOBAL,LNDAGRFJIC02,WTRGRCFJI,14,2030,0.071
GLOBAL,LNDAGRFJIC02,WTRGRCFJI,14,2031,0.071
GLOBAL,LNDAGRFJIC02,WTRGRCFJI,14,2032,0.071
GLOBAL,LNDAGRFJIC02,WTRGRCFJI,14,2033,0.071
GLOBAL,LNDAGRFJIC02,WTRGRCFJI,14,2034,0.071
GLOBAL,LNDAGRFJIC02,WTRGRCFJI,14,2035,0.071
GLOBAL,LNDAGRFJIC02,WTRGRCFJI,14,2036,0.071
GLOBAL,LNDAGRFJIC02,WTRGRCFJI,14,2037,0.071
GLOBAL,LNDAGRFJIC02,WTRGRCFJI,14,2038,0.071
GLOBAL,LNDAGRFJIC02,WTRGRCFJI,14,2039,0.071
GLOBAL,LNDAGRFJIC02,WTRGRCFJI,14,2040,0.071
GLOBAL,LNDAGRFJIC02,WTRGRCFJI,14,2041,0.071
GLOBAL,LNDAGRFJIC02,WTRGRCFJI,14,2042,0.071
GLOBAL,LNDAGRFJIC02,WTRGRCFJI,14,2043,0.071
GLOBAL,LNDAGRFJIC02,WTRGRCFJI,14,2044,0.071
GLOBAL,LNDAGRFJIC02,WTRGRCFJI,14,2045,0.071
GLOBAL,LNDAGRFJIC02,WTRGRCFJI,14,2046,0.071
GLOBAL,LNDAGRFJIC02,WTRGRCFJI,14,2047,0.071
GLOBAL,LNDAGRFJIC02,WTRGRCFJI,14,2048,0.071
GLOBAL,LNDAGRFJIC02,WTRGRCFJI,14,2049,0.071
GLOBAL,LNDAGRFJIC02,WTRGRCFJI,14,2050,0.071
GLOBAL,LNDAGRFJIC02,WTRSURFJI,14,2020,1.3
GLOBAL,LNDAGRFJIC02,WTRSURFJI,14,2021,1.3
GLOBAL,LNDAGRFJIC02,WTRSURFJI,14,2022,1.3
GLOBAL,LNDAGRFJIC02,WTRSURFJI,14,2023,1.3
GLOBAL,LNDAGRFJIC02,WTRSURFJI,14,2024,1.3
GLOBAL,LNDAGRFJIC02,WTRSURFJI,14,2025,1.3
GLOBAL,LNDAGRFJIC02,WTRSURFJI,14,2026,1.3
GLOBAL,LNDAGRFJIC02,WTRSURFJI,14,2027,1.3
GLOBAL,LNDAGRFJIC02,WTRSURFJI,14,2028,1.3
GLOBAL,LNDAGRFJIC02,WTRSURFJI,14,2029,1.3
GLOBAL,LNDAGRFJIC02,WTRSURFJI,14,2030,1.3
GLOBAL,LNDAGRFJIC02,WTRSURFJI,14,2031,1.3
GLOBAL,LNDAGRFJIC02,WTRSURFJI,14,2032,1.3
GLOBAL,LNDAGRFJIC02,WTRSURFJI,14,2033,1.3
GLOBAL,LNDAGRFJIC02,WTRSURFJI,14,2034,1.3
GLOBAL,LNDAGRFJIC02,WTRSURFJI,14,2035,1.3
GLOBAL,LNDAGRFJIC02,WTRSURFJI,14,2036,1.3
GLOBAL,LNDAGRFJIC02,WTRSURFJI,14,2037,1.3
GLOBAL,LNDAGRFJIC02,WTRSURFJI,14,2038,1.3
GLOBAL,LNDAGRFJIC02,WTRSURFJI,14,2039,1.3
GLOBAL,LNDAGRFJIC02,WTRSURFJI,14,2040,1.3
GLOBAL,LNDAGRFJIC02,WTRSURFJI,14,2041,1.3
GLOBAL,LNDAGRFJIC02,WTRSURFJI,14,2042,1.3
GLOBAL,LNDAGRFJIC02,WTRSURFJI,14,2043,1.3
GLOBAL,LNDAGRFJIC02,WTRSURFJI,14,2044,1.3
GLOBAL,LNDAGRFJIC02,WTRSURFJI,14,2045,1.3
GLOBAL,LNDAGRFJIC02,WTRSURFJI,14,2046,1.3
GLOBAL,LNDAGRFJIC02,WTRSURFJI,14,2047,1.3
GLOBAL,LNDAGRFJIC02,WTRSURFJI,14,2048,1.3
GLOBAL,LNDAGRFJIC02,WTRSURFJI,14,2049,1.3
GLOBAL,LNDAGRFJIC02,WTRSURFJI,14,2050,1.3
GLOBAL,LNDAGRFJIC02,CRPSGC,15,2020,1.1
GLOBAL,LNDAGRFJIC02,CRPSGC,15,2021,1.1
GLOBAL,LNDAGRFJIC02,CRPSGC,15,2022,1.1
GLOBAL,LNDAGRFJIC02,CRPSGC,15,2023,1.1
GLOBAL,LNDAGRFJIC02,CRPSGC,15,2024,1.1
GLOBAL,LNDAGRFJIC02,CRPSGC,15,2025,1.1
GLOBAL,LNDAGRFJIC02,CRPSGC,15,2026,1.1
GLOBAL,LNDAGRFJIC02,CRPSGC,15,2027,1.1
GLOBAL,LNDAGRFJIC02,CRPSGC,15,2028,1.1
GLOBAL,LNDAGRFJIC02,CRPSGC,15,2029,1.1
GLOBAL,LNDAGRFJIC02,CRPSGC,15,2030,1.1
GLOBAL,LNDAGRFJIC02,CRPSGC,15,2031,1.1
GLOBAL,LNDAGRFJIC02,CRPSGC,15,2032,1.1
GLOBAL,LNDAGRFJIC02,CRPSGC,15,2033,1.1
GLOBAL,LNDAGRFJIC02,CRPSGC,15,2034,1.1
GLOBAL,LNDAGRFJIC02,CRPSGC,15,2035,1.1
GLOBAL,LNDAGRFJIC02,CRPSGC,15,2036,1.1
GLOBAL,LNDAGRFJIC02,CRPSGC,15,2037,1.1
GLOBAL,LNDAGRFJIC02,CRPSGC,15,2038,1.1
GLOBAL,LNDAGRFJIC02,CRPSGC,15,2039,1.1
GLOBAL,LNDAGRFJIC02,CRPSGC,15,2040,1.1
GLOBAL,LNDAGRFJIC02,CRPSGC,15,2041,1.1
GLOBAL,LNDAGRFJIC02,CRPSGC,15,2042,1.1
GLOBAL,LNDAGRFJIC02,CRPSGC,15,2043,1.1
GLOBAL,LNDAGRFJIC02,CRPSGC,15,2044,1.1
GLOBAL,LNDAGRFJIC02,CRPSGC,15,2045,1.1
GLOBAL,LNDAGRFJIC02,CRPSGC,15,2046,1.1
GLOBAL,LNDAGRFJIC02,CRPSGC,15,2047,1.1
GLOBAL,LNDAGRFJIC02,CRPSGC,15,2048,1.1
GLOBAL,LNDAGRFJIC02,CRPSGC,15,2049,1.1
GLOBAL,LNDAGRFJIC02,CRPSGC,15,2050,1.1
GLOBAL,LNDAGRFJIC02,WTREVTFJI,15,2020,1.3
GLOBAL,LNDAGRFJIC02,WTREVTFJI,15,2021,1.3
GLOBAL,LNDAGRFJIC02,WTREVTFJI,15,2022,1.3
GLOBAL,LNDAGRFJIC02,WTREVTFJI,15,2023,1.3
GLOBAL,LNDAGRFJIC02,WTREVTFJI,15,2024,1.3
GLOBAL,LNDAGRFJIC02,WTREVTFJI,15,2025,1.3
GLOBAL,LNDAGRFJIC02,WTREVTFJI,15,2026,1.3
GLOBAL,LNDAGRFJIC02,WTREVTFJI,15,2027,1.3
GLOBAL,LNDAGRFJIC02,WTREVTFJI,15,2028,1.3
GLOBAL,LNDAGRFJIC02,WTREVTFJI,15,2029,1.3
GLOBAL,LNDAGRFJIC02,WTREVTFJI,15,2030,1.3
GLOBAL,LNDAGRFJIC02,WTREVTFJI,15,2031,1.3
GLOBAL,LNDAGRFJIC02,WTREVTFJI,15,2032,1.3
GLOBAL,LNDAGRFJIC02,WTREVTFJI,15,2033,1.3
GLOBAL,LNDAGRFJIC02,WTREVTFJI,15,2034,1.3
GLOBAL,LNDAGRFJIC02,WTREVTFJI,15,2035,1.3
GLOBAL,LNDAGRFJIC02,WTREVTFJI,15,2036,1.3
GLOBAL,LNDAGRFJIC02,WTREVTFJI,15,2037,1.3
GLOBAL,LNDAGRFJIC02,WTREVTFJI,15,2038,1.3
GLOBAL,LNDAGRFJIC02,WTREVTFJI,15,2039,1.3
GLOBAL,LNDAGRFJIC02,WTREVTFJI,15,2040,1.3
GLOBAL,LNDAGRFJIC02,WTREVTFJI,15,2041,1.3
GLOBAL,LNDAGRFJIC02,WTREVTFJI,15,2042,1.3
GLOBAL,LNDAGRFJIC02,WTREVTFJI,15,2043,1.3
GLOBAL,LNDAGRFJIC02,WTREVTFJI,15,2044,1.3
GLOBAL,LNDAGRFJIC02,WTREVTFJI,15,2045,1.3
GLOBAL,LNDAGRFJIC02,WTREVTFJI,15,2046,1.3
GLOBAL,LNDAGRFJIC02,WTREVTFJI,15,2047,1.3
GLOBAL,LNDAGRFJIC02,WTREVTFJI,15,2048,1.3
GLOBAL,LNDAGRFJIC02,WTREVTFJI,15,2049,1.3
GLOBAL,LNDAGRFJIC02,WTREVTFJI,15,2050,1.3
GLOBAL,LNDAGRFJIC02,WTRGRCFJI,15,2020,0.061
GLOBAL,LNDAGRFJIC02,WTRGRCFJI,15,2021,0.061
GLOBAL,LNDAGRFJIC02,WTRGRCFJI,15,2022,0.061
GLOBAL,LNDAGRFJIC02,WTRGRCFJI,15,2023,0.061
GLOBAL,LNDAGRFJIC02,WTRGRCFJI,15,2024,0.061
GLOBAL,LNDAGRFJIC02,WTRGRCFJI,15,2025,0.061
GLOBAL,LNDAGRFJIC02,WTRGRCFJI,15,2026,0.061
GLOBAL,LNDAGRFJIC02,WTRGRCFJI,15,2027,0.061
GLOBAL,LNDAGRFJIC02,WTRGRCFJI,15,2028,0.061
GLOBAL,LNDAGRFJIC02,WTRGRCFJI,15,2029,0.061
GLOBAL,LNDAGRFJIC02,WTRGRCFJI,15,2030,0.061
GLOBAL,LNDAGRFJIC02,WTRGRCFJI,15,2031,0.061
GLOBAL,LNDAGRFJIC02,WTRGRCFJI,15,2032,0.061
GLOBAL,LNDAGRFJIC02,WTRGRCFJI,15,2033,0.061
GLOBAL,LNDAGRFJIC02,WTRGRCFJI,15,2034,0.061
GLOBAL,LNDAGRFJIC02,WTRGRCFJI,15,2035,0.061
GLOBAL,LNDAGRFJIC02,WTRGRCFJI,15,2036,0.061
GLOBAL,LNDAGRFJIC02,WTRGRCFJI,15,2037,0.061
GLOBAL,LNDAGRFJIC02,WTRGRCFJI,15,2038,0.061
GLOBAL,LNDAGRFJIC02,WTRGRCFJI,15,2039,0.061
GLOBAL,LNDAGRFJIC02,WTRGRCFJI,15,2040,0.061
GLOBAL,LNDAGRFJIC02,WTRGRCFJI,15,2041,0.061
GLOBAL,LNDAGRFJIC02,WTRGRCFJI,15,2042,0.061
GLOBAL,LNDAGRFJIC02,WTRGRCFJI,15,2043,0.061
GLOBAL,LNDAGRFJIC02,WTRGRCFJI,15,2044,0.061
GLOBAL,LNDAGRFJIC02,WTRGRCFJI,15,2045,0.061
GLOBAL,LNDAGRFJIC02,WTRGRCFJI,15,2046,0.061
GLOBAL,LNDAGRFJIC02,WTRGRCFJI,15,2047,0.061
GLOBAL,LNDAGRFJIC02,WTRGRCFJI,15,2048,0.061
GLOBAL,LNDAGRFJIC02,WTRGRCFJI,15,2049,0.061
GLOBAL,LNDAGRFJIC02,WTRGRCFJI,15,2050,0.061
GLOBAL,LNDAGRFJIC02,WTRSURFJI,15,2020,1.1
GLOBAL,LNDAGRFJIC02,WTRSURFJI,15,2021,1.1
GLOBAL,LNDAGRFJIC02,WTRSURFJI,15,2022,1.1
GLOBAL,LNDAGRFJIC02,WTRSURFJI,15,2023,1.1
GLOBAL,LNDAGRFJIC02,WTRSURFJI,15,2024,1.1
GLOBAL,LNDAGRFJIC02,WTRSURFJI,15,2025,1.1
GLOBAL,LNDAGRFJIC02,WTRSURFJI,15,2026,1.1
GLOBAL,LNDAGRFJIC02,WTRSURFJI,15,2027,1.1
GLOBAL,LNDAGRFJIC02,WTRSURFJI,15,2028,1.1
GLOBAL,LNDAGRFJIC02,WTRSURFJI,15,2029,1.1
GLOBAL,LNDAGRFJIC02,WTRSURFJI,15,2030,1.1
GLOBAL,LNDAGRFJIC02,WTRSURFJI,15,2031,1.1
GLOBAL,LNDAGRFJIC02,WTRSURFJI,15,2032,1.1
GLOBAL,LNDAGRFJIC02,WTRSURFJI,15,2033,1.1
GLOBAL,LNDAGRFJIC02,WTRSURFJI,15,2034,1.1
GLOBAL,LNDAGRFJIC02,WTRSURFJI,15,2035,1.1
GLOBAL,LNDAGRFJIC02,WTRSURFJI,15,2036,1.1
GLOBAL,LNDAGRFJIC02,WTRSURFJI,15,2037,1.1
GLOBAL,LNDAGRFJIC02,WTRSURFJI,15,2038,1.1
GLOBAL,LNDAGRFJIC02,WTRSURFJI,15,2039,1.1
GLOBAL,LNDAGRFJIC02,WTRSURFJI,15,2040,1.1
GLOBAL,LNDAGRFJIC02,WTRSURFJI,15,2041,1.1
GLOBAL,LNDAGRFJIC02,WTRSURFJI,15,2042,1.1
GLOBAL,LNDAGRFJIC02,WTRSURFJI,15,2043,1.1
GLOBAL,LNDAGRFJIC02,WTRSURFJI,15,2044,1.1
GLOBAL,LNDAGRFJIC02,WTRSURFJI,15,2045,1.1
GLOBAL,LNDAGRFJIC02,WTRSURFJI,15,2046,1.1
GLOBAL,LNDAGRFJIC02,WTRSURFJI,15,2047,1.1
GLOBAL,LNDAGRFJIC02,WTRSURFJI,15,2048,1.1
GLOBAL,LNDAGRFJIC02,WTRSURFJI,15,2049,1.1
GLOBAL,LNDAGRFJIC02,WTRSURFJI,15,2050,1.1
GLOBAL,LNDAGRFJIC02,CRPSGC,16,2020,0.35
GLOBAL,LNDAGRFJIC02,CRPSGC,16,2021,0.35
GLOBAL,LNDAGRFJIC02,CRPSGC,16,2022,0.35
GLOBAL,LNDAGRFJIC02,CRPSGC,16,2023,0.35
GLOBAL,LNDAGRFJIC02,CRPSGC,16,2024,0.35
GLOBAL,LNDAGRFJIC02,CRPSGC,16,2025,0.35
GLOBAL,LNDAGRFJIC02,CRPSGC,16,2026,0.35
GLOBAL,LNDAGRFJIC02,CRPSGC,16,2027,0.35
GLOBAL,LNDAGRFJIC02,CRPSGC,16,2028,0.35
GLOBAL,LNDAGRFJIC02,CRPSGC,16,2029,0.35
GLOBAL,LNDAGRFJIC02,CRPSGC,16,2030,0.35
GLOBAL,LNDAGRFJIC02,CRPSGC,16,2031,0.35
GLOBAL,LNDAGRFJIC02,CRPSGC,16,2032,0.35
GLOBAL,LNDAGRFJIC02,CRPSGC,16,2033,0.35
GLOBAL,LNDAGRFJIC02,CRPSGC,16,2034,0.35
GLOBAL,LNDAGRFJIC02,CRPSGC,16,2035,0.35
GLOBAL,LNDAGRFJIC02,CRPSGC,16,2036,0.35
GLOBAL,LNDAGRFJIC02,CRPSGC,16,2037,0.35
GLOBAL,LNDAGRFJIC02,CRPSGC,16,2038,0.35
GLOBAL,LNDAGRFJIC02,CRPSGC,16,2039,0.35
GLOBAL,LNDAGRFJIC02,CRPSGC,16,2040,0.35
GLOBAL,LNDAGRFJIC02,CRPSGC,16,2041,0.35
GLOBAL,LNDAGRFJIC02,CRPSGC,16,2042,0.35
GLOBAL,LNDAGRFJIC02,CRPSGC,16,2043,0.35
GLOBAL,LNDAGRFJIC02,CRPSGC,16,2044,0.35
GLOBAL,LNDAGRFJIC02,CRPSGC,16,2045,0.35
GLOBAL,LNDAGRFJIC02,CRPSGC,16,2046,0.35
GLOBAL,LNDAGRFJIC02,CRPSGC,16,2047,0.35
GLOBAL,LNDAGRFJIC02,CRPSGC,16,2048,0.35
GLOBAL,LNDAGRFJIC02,CRPSGC,16,2049,0.35
GLOBAL,LNDAGRFJIC02,CRPSGC,16,2050,0.35
GLOBAL,LNDAGRFJIC02,WTREVTFJI,16,2020,1.1
GLOBAL,LNDAGRFJIC02,WTREVTFJI,16,2021,1.1
GLOBAL,LNDAGRFJIC02,WTREVTFJI,16,2022,1.1
GLOBAL,LNDAGRFJIC02,WTREVTFJI,16,2023,1.1
GLOBAL,LNDAGRFJIC02,WTREVTFJI,16,2024,1.1
GLOBAL,LNDAGRFJIC02,WTREVTFJI,16,2025,1.1
GLOBAL,LNDAGRFJIC02,WTREVTFJI,16,2026,1.1
GLOBAL,LNDAGRFJIC02,WTREVTFJI,16,2027,1.1
GLOBAL,LNDAGRFJIC02,WTREVTFJI,16,2028,1.1
GLOBAL,LNDAGRFJIC02,WTREVTFJI,16,2029,1.1
GLOBAL,LNDAGRFJIC02,WTREVTFJI,16,2030,1.1
GLOBAL,LNDAGRFJIC02,WTREVTFJI,16,2031,1.1
GLOBAL,LNDAGRFJIC02,WTREVTFJI,16,2032,1.1
GLOBAL,LNDAGRFJIC02,WTREVTFJI,16,2033,1.1
GLOBAL,LNDAGRFJIC02,WTREVTFJI,16,2034,1.1
GLOBAL,LNDAGRFJIC02,WTREVTFJI,16,2035,1.1
GLOBAL,LNDAGRFJIC02,WTREVTFJI,16,2036,1.1
GLOBAL,LNDAGRFJIC02,WTREVTFJI,16,2037,1.1
GLOBAL,LNDAGRFJIC02,WTREVTFJI,16,2038,1.1
GLOBAL,LNDAGRFJIC02,WTREVTFJI,16,2039,1.1
GLOBAL,LNDAGRFJIC02,WTREVTFJI,16,2040,1.1
GLOBAL,LNDAGRFJIC02,WTREVTFJI,16,2041,1.1
GLOBAL,LNDAGRFJIC02,WTREVTFJI,16,2042,1.1
GLOBAL,LNDAGRFJIC02,WTREVTFJI,16,2043,1.1
GLOBAL,LNDAGRFJIC02,WTREVTFJI,16,2044,1.1
GLOBAL,LNDAGRFJIC02,WTREVTFJI,16,2045,1.1
GLOBAL,LNDAGRFJIC02,WTREVTFJI,16,2046,1.1
GLOBAL,LNDAGRFJIC02,WTREVTFJI,16,2047,1.1
GLOBAL,LNDAGRFJIC02,WTREVTFJI,16,2048,1.1
GLOBAL,LNDAGRFJIC02,WTREVTFJI,16,2049,1.1
GLOBAL,LNDAGRFJIC02,WTREVTFJI,16,2050,1.1
GLOBAL,LNDAGRFJIC02,WTRGRCFJI,16,2020,0.071
GLOBAL,LNDAGRFJIC02,WTRGRCFJI,16,2021,0.071
GLOBAL,LNDAGRFJIC02,WTRGRCFJI,16,2022,0.071
GLOBAL,LNDAGRFJIC02,WTRGRCFJI,16,2023,0.071
GLOBAL,LNDAGRFJIC02,WTRGRCFJI,16,2024,0.071
GLOBAL,LNDAGRFJIC02,WTRGRCFJI,16,2025,0.071
GLOBAL,LNDAGRFJIC02,WTRGRCFJI,16,2026,0.071
GLOBAL,LNDAGRFJIC02,WTRGRCFJI,16,2027,0.071
GLOBAL,LNDAGRFJIC02,WTRGRCFJI,16,2028,0.071
GLOBAL,LNDAGRFJIC02,WTRGRCFJI,16,2029,0.071
GLOBAL,LNDAGRFJIC02,WTRGRCFJI,16,2030,0.071
GLOBAL,LNDAGRFJIC02,WTRGRCFJI,16,2031,0.071
GLOBAL,LNDAGRFJIC02,WTRGRCFJI,16,2032,0.071
GLOBAL,LNDAGRFJIC02,WTRGRCFJI,16,2033,0.071
GLOBAL,LNDAGRFJIC02,WTRGRCFJI,16,2034,0.071
GLOBAL,LNDAGRFJIC02,WTRGRCFJI,16,2035,0.071
GLOBAL,LNDAGRFJIC02,WTRGRCFJI,16,2036,0.071
GLOBAL,LNDAGRFJIC02,WTRGRCFJI,16,2037,0.071
GLOBAL,LNDAGRFJIC02,WTRGRCFJI,16,2038,0.071
GLOBAL,LNDAGRFJIC02,WTRGRCFJI,16,2039,0.071
GLOBAL,LNDAGRFJIC02,WTRGRCFJI,16,2040,0.071
GLOBAL,LNDAGRFJIC02,WTRGRCFJI,16,2041,0.071
GLOBAL,LNDAGRFJIC02,WTRGRCFJI,16,2042,0.071
GLOBAL,LNDAGRFJIC02,WTRGRCFJI,16,2043,0.071
GLOBAL,LNDAGRFJIC02,WTRGRCFJI,16,2044,0.071
GLOBAL,LNDAGRFJIC02,WTRGRCFJI,16,2045,0.071
GLOBAL,LNDAGRFJIC02,WTRGRCFJI,16,2046,0.071
GLOBAL,LNDAGRFJIC02,WTRGRCFJI,16,2047,0.071
GLOBAL,LNDAGRFJIC02,WTRGRCFJI,16,2048,0.071
GLOBAL,LNDAGRFJIC02,WTRGRCFJI,16,2049,0.071
GLOBAL,LNDAGRFJIC02,WTRGRCFJI,16,2050,0.071
GLOBAL,LNDAGRFJIC02,WTRSURFJI,16,2020,1.3
GLOBAL,LNDAGRFJIC02,WTRSURFJI,16,2021,1.3
GLOBAL,LNDAGRFJIC02,WTRSURFJI,16,2022,1.3
GLOBAL,LNDAGRFJIC02,WTRSURFJI,16,2023,1.3
GLOBAL,LNDAGRFJIC02,WTRSURFJI,16,2024,1.3
GLOBAL,LNDAGRFJIC02,WTRSURFJI,16,2025,1.3
GLOBAL,LNDAGRFJIC02,WTRSURFJI,16,2026,1.3
GLOBAL,LNDAGRFJIC02,WTRSURFJI,16,2027,1.3
GLOBAL,LNDAGRFJIC02,WTRSURFJI,16,2028,1.3
GLOBAL,LNDAGRFJIC02,WTRSURFJI,16,2029,1.3
GLOBAL,LNDAGRFJIC02,WTRSURFJI,16,2030,1.3
GLOBAL,LNDAGRFJIC02,WTRSURFJI,16,2031,1.3
GLOBAL,LNDAGRFJIC02,WTRSURFJI,16,2032,1.3
GLOBAL,LNDAGRFJIC02,WTRSURFJI,16,2033,1.3
GLOBAL,LNDAGRFJIC02,WTRSURFJI,16,2034,1.3
GLOBAL,LNDAGRFJIC02,WTRSURFJI,16,2035,1.3
GLOBAL,LNDAGRFJIC02,WTRSURFJI,16,2036,1.3
GLOBAL,LNDAGRFJIC02,WTRSURFJI,16,2037,1.3
GLOBAL,LNDAGRFJIC02,WTRSURFJI,16,2038,1.3
GLOBAL,LNDAGRFJIC02,WTRSURFJI,16,2039,1.3
GLOBAL,LNDAGRFJIC02,WTRSURFJI,16,2040,1.3
GLOBAL,LNDAGRFJIC02,WTRSURFJI,16,2041,1.3
GLOBAL,LNDAGRFJIC02,WTRSURFJI,16,2042,1.3
GLOBAL,LNDAGRFJIC02,WTRSURFJI,16,2043,1.3
GLOBAL,LNDAGRFJIC02,WTRSURFJI,16,2044,1.3
GLOBAL,LNDAGRFJIC02,WTRSURFJI,16,2045,1.3
GLOBAL,LNDAGRFJIC02,WTRSURFJI,16,2046,1.3
GLOBAL,LNDAGRFJIC02,WTRSURFJI,16,2047,1.3
GLOBAL,LNDAGRFJIC02,WTRSURFJI,16,2048,1.3
GLOBAL,LNDAGRFJIC02,WTRSURFJI,16,2049,1.3
GLOBAL,LNDAGRFJIC02,WTRSURFJI,16,2050,1.3
GLOBAL,LNDAGRFJIC02,CRPOTH,17,2020,0.21
GLOBAL,LNDAGRFJIC02,CRPOTH,17,2021,0.21
GLOBAL,LNDAGRFJIC02,CRPOTH,17,2022,0.21
GLOBAL,LNDAGRFJIC02,CRPOTH,17,2023,0.21
GLOBAL,LNDAGRFJIC02,CRPOTH,17,2024,0.21
GLOBAL,LNDAGRFJIC02,CRPOTH,17,2025,0.21
GLOBAL,LNDAGRFJIC02,CRPOTH,17,2026,0.21
GLOBAL,LNDAGRFJIC02,CRPOTH,17,2027,0.21
GLOBAL,LNDAGRFJIC02,CRPOTH,17,2028,0.21
GLOBAL,LNDAGRFJIC02,CRPOTH,17,2029,0.21
GLOBAL,LNDAGRFJIC02,CRPOTH,17,2030,0.21
GLOBAL,LNDAGRFJIC02,CRPOTH,17,2031,0.21
GLOBAL,LNDAGRFJIC02,CRPOTH,17,2032,0.21
GLOBAL,LNDAGRFJIC02,CRPOTH,17,2033,0.21
GLOBAL,LNDAGRFJIC02,CRPOTH,17,2034,0.21
GLOBAL,LNDAGRFJIC02,CRPOTH,17,2035,0.21
GLOBAL,LNDAGRFJIC02,CRPOTH,17,2036,0.21
GLOBAL,LNDAGRFJIC02,CRPOTH,17,2037,0.21
GLOBAL,LNDAGRFJIC02,CRPOTH,17,2038,0.21
GLOBAL,LNDAGRFJIC02,CRPOTH,17,2039,0.21
GLOBAL,LNDAGRFJIC02,CRPOTH,17,2040,0.21
GLOBAL,LNDAGRFJIC02,CRPOTH,17,2041,0.21
GLOBAL,LNDAGRFJIC02,CRPOTH,17,2042,0.21
GLOBAL,LNDAGRFJIC02,CRPOTH,17,2043,0.21
GLOBAL,LNDAGRFJIC02,CRPOTH,17,2044,0.21
GLOBAL,LNDAGRFJIC02,CRPOTH,17,2045,0.21
GLOBAL,LNDAGRFJIC02,CRPOTH,17,2046,0.21
GLOBAL,LNDAGRFJIC02,CRPOTH,17,2047,0.21
GLOBAL,LNDAGRFJIC02,CRPOTH,17,2048,0.21
GLOBAL,LNDAGRFJIC02,CRPOTH,17,2049,0.21
GLOBAL,LNDAGRFJIC02,CRPOTH,17,2050,0.21
GLOBAL,LNDAGRFJIC02,WTREVTFJI,17,2020,0.54
GLOBAL,LNDAGRFJIC02,WTREVTFJI,17,2021,0.54
GLOBAL,LNDAGRFJIC02,WTREVTFJI,17,2022,0.54
GLOBAL,LNDAGRFJIC02,WTREVTFJI,17,2023,0.54
GLOBAL,LNDAGRFJIC02,WTREVTFJI,17,2024,0.54
GLOBAL,LNDAGRFJIC02,WTREVTFJI,17,2025,0.54
GLOBAL,LNDAGRFJIC02,WTREVTFJI,17,2026,0.54
GLOBAL,LNDAGRFJIC02,WTREVTFJI,17,2027,0.54
GLOBAL,LNDAGRFJIC02,WTREVTFJI,17,2028,0.54
GLOBAL,LNDAGRFJIC02,WTREVTFJI,17,2029,0.54
GLOBAL,LNDAGRFJIC02,WTREVTFJI,17,2030,0.54
GLOBAL,LNDAGRFJIC02,WTREVTFJI,17,2031,0.54
GLOBAL,LNDAGRFJIC02,WTREVTFJI,17,2032,0.54
GLOBAL,LNDAGRFJIC02,WTREVTFJI,17,2033,0.54
GLOBAL,LNDAGRFJIC02,WTREVTFJI,17,2034,0.54
GLOBAL,LNDAGRFJIC02,WTREVTFJI,17,2035,0.54
GLOBAL,LNDAGRFJIC02,WTREVTFJI,17,2036,0.54
GLOBAL,LNDAGRFJIC02,WTREVTFJI,17,2037,0.54
GLOBAL,LNDAGRFJIC02,WTREVTFJI,17,2038,0.54
GLOBAL,LNDAGRFJIC02,WTREVTFJI,17,2039,0.54
GLOBAL,LNDAGRFJIC02,WTREVTFJI,17,2040,0.54
GLOBAL,LNDAGRFJIC02,WTREVTFJI,17,2041,0.54
GLOBAL,LNDAGRFJIC02,WTREVTFJI,17,2042,0.54
GLOBAL,LNDAGRFJIC02,WTREVTFJI,17,2043,0.54
GLOBAL,LNDAGRFJIC02,WTREVTFJI,17,2044,0.54
GLOBAL,LNDAGRFJIC02,WTREVTFJI,17,2045,0.54
GLOBAL,LNDAGRFJIC02,WTREVTFJI,17,2046,0.54
GLOBAL,LNDAGRFJIC02,WTREVTFJI,17,2047,0.54
GLOBAL,LNDAGRFJIC02,WTREVTFJI,17,2048,0.54
GLOBAL,LNDAGRFJIC02,WTREVTFJI,17,2049,0.54
GLOBAL,LNDAGRFJIC02,WTREVTFJI,17,2050,0.54
GLOBAL,LNDAGRFJIC02,WTRGRCFJI,17,2020,0.10
GLOBAL,LNDAGRFJIC02,WTRGRCFJI,17,2021,0.10
GLOBAL,LNDAGRFJIC02,WTRGRCFJI,17,2022,0.10
GLOBAL,LNDAGRFJIC02,WTRGRCFJI,17,2023,0.10
GLOBAL,LNDAGRFJIC02,WTRGRCFJI,17,2024,0.10
GLOBAL,LNDAGRFJIC02,WTRGRCFJI,17,2025,0.10
GLOBAL,LNDAGRFJIC02,WTRGRCFJI,17,2026,0.10
GLOBAL,LNDAGRFJIC02,WTRGRCFJI,17,2027,0.10
GLOBAL,LNDAGRFJIC02,WTRGRCFJI,17,2028,0.10
GLOBAL,LNDAGRFJIC02,WTRGRCFJI,17,2029,0.10
GLOBAL,LNDAGRFJIC02,WTRGRCFJI,17,2030,0.10
GLOBAL,LNDAGRFJIC02,WTRGRCFJI,17,2031,0.10
GLOBAL,LNDAGRFJIC02,WTRGRCFJI,17,2032,0.10
GLOBAL,LNDAGRFJIC02,WTRGRCFJI,17,2033,0.10
GLOBAL,LNDAGRFJIC02,WTRGRCFJI,17,2034,0.10
GLOBAL,LNDAGRFJIC02,WTRGRCFJI,17,2035,0.10
GLOBAL,LNDAGRFJIC02,WTRGRCFJI,17,2036,0.10
GLOBAL,LNDAGRFJIC02,WTRGRCFJI,17,2037,0.10
GLOBAL,LNDAGRFJIC02,WTRGRCFJI,17,2038,0.10
GLOBAL,LNDAGRFJIC02,WTRGRCFJI,17,2039,0.10
GLOBAL,LNDAGRFJIC02,WTRGRCFJI,17,2040,0.10
GLOBAL,LNDAGRFJIC02,WTRGRCFJI,17,2041,0.10
GLOBAL,LNDAGRFJIC02,WTRGRCFJI,17,2042,0.10
GLOBAL,LNDAGRFJIC02,WTRGRCFJI,17,2043,0.10
GLOBAL,LNDAGRFJIC02,WTRGRCFJI,17,2044,0.10
GLOBAL,LNDAGRFJIC02,WTRGRCFJI,17,2045,0.10
GLOBAL,LNDAGRFJIC02,WTRGRCFJI,17,2046,0.10
GLOBAL,LNDAGRFJIC02,WTRGRCFJI,17,2047,0.10
GLOBAL,LNDAGRFJIC02,WTRGRCFJI,17,2048,0.10
GLOBAL,LNDAGRFJIC02,WTRGRCFJI,17,2049,0.10
GLOBAL,LNDAGRFJIC02,WTRGRCFJI,17,2050,0.10
GLOBAL,LNDAGRFJIC02,WTRSURFJI,17,2020,1.9
GLOBAL,LNDAGRFJIC02,WTRSURFJI,17,2021,1.9
GLOBAL,LNDAGRFJIC02,WTRSURFJI,17,2022,1.9
GLOBAL,LNDAGRFJIC02,WTRSURFJI,17,2023,1.9
GLOBAL,LNDAGRFJIC02,WTRSURFJI,17,2024,1.9
GLOBAL,LNDAGRFJIC02,WTRSURFJI,17,2025,1.9
GLOBAL,LNDAGRFJIC02,WTRSURFJI,17,2026,1.9
GLOBAL,LNDAGRFJIC02,WTRSURFJI,17,2027,1.9
GLOBAL,LNDAGRFJIC02,WTRSURFJI,17,2028,1.9
GLOBAL,LNDAGRFJIC02,WTRSURFJI,17,2029,1.9
GLOBAL,LNDAGRFJIC02,WTRSURFJI,17,2030,1.9
GLOBAL,LNDAGRFJIC02,WTRSURFJI,17,2031,1.9
GLOBAL,LNDAGRFJIC02,WTRSURFJI,17,2032,1.9
GLOBAL,LNDAGRFJIC02,WTRSURFJI,17,2033,1.9
GLOBAL,LNDAGRFJIC02,WTRSURFJI,17,2034,1.9
GLOBAL,LNDAGRFJIC02,WTRSURFJI,17,2035,1.9
GLOBAL,LNDAGRFJIC02,WTRSURFJI,17,2036,1.9
GLOBAL,LNDAGRFJIC02,WTRSURFJI,17,2037,1.9
GLOBAL,LNDAGRFJIC02,WTRSURFJI,17,2038,1.9
GLOBAL,LNDAGRFJIC02,WTRSURFJI,17,2039,1.9
GLOBAL,LNDAGRFJIC02,WTRSURFJI,17,2040,1.9
GLOBAL,LNDAGRFJIC02,WTRSURFJI,17,2041,1.9
GLOBAL,LNDAGRFJIC02,WTRSURFJI,17,2042,1.9
GLOBAL,LNDAGRFJIC02,WTRSURFJI,17,2043,1.9
GLOBAL,LNDAGRFJIC02,WTRSURFJI,17,2044,1.9
GLOBAL,LNDAGRFJIC02,WTRSURFJI,17,2045,1.9
GLOBAL,LNDAGRFJIC02,WTRSURFJI,17,2046,1.9
GLOBAL,LNDAGRFJIC02,WTRSURFJI,17,2047,1.9
GLOBAL,LNDAGRFJIC02,WTRSURFJI,17,2048,1.9
GLOBAL,LNDAGRFJIC02,WTRSURFJI,17,2049,1.9
GLOBAL,LNDAGRFJIC02,WTRSURFJI,17,2050,1.9
GLOBAL,LNDAGRFJIC02,CRPOTH,18,2020,0.77
GLOBAL,LNDAGRFJIC02,CRPOTH,18,2021,0.77
GLOBAL,LNDAGRFJIC02,CRPOTH,18,2022,0.77
GLOBAL,LNDAGRFJIC02,CRPOTH,18,2023,0.77
GLOBAL,LNDAGRFJIC02,CRPOTH,18,2024,0.77
GLOBAL,LNDAGRFJIC02,CRPOTH,18,2025,0.77
GLOBAL,LNDAGRFJIC02,CRPOTH,18,2026,0.77
GLOBAL,LNDAGRFJIC02,CRPOTH,18,2027,0.77
GLOBAL,LNDAGRFJIC02,CRPOTH,18,2028,0.77
GLOBAL,LNDAGRFJIC02,CRPOTH,18,2029,0.77
GLOBAL,LNDAGRFJIC02,CRPOTH,18,2030,0.77
GLOBAL,LNDAGRFJIC02,CRPOTH,18,2031,0.77
GLOBAL,LNDAGRFJIC02,CRPOTH,18,2032,0.77
GLOBAL,LNDAGRFJIC02,CRPOTH,18,2033,0.77
GLOBAL,LNDAGRFJIC02,CRPOTH,18,2034,0.77
GLOBAL,LNDAGRFJIC02,CRPOTH,18,2035,0.77
GLOBAL,LNDAGRFJIC02,CRPOTH,18,2036,0.77
GLOBAL,LNDAGRFJIC02,CRPOTH,18,2037,0.77
GLOBAL,LNDAGRFJIC02,CRPOTH,18,2038,0.77
GLOBAL,LNDAGRFJIC02,CRPOTH,18,2039,0.77
GLOBAL,LNDAGRFJIC02,CRPOTH,18,2040,0.77
GLOBAL,LNDAGRFJIC02,CRPOTH,18,2041,0.77
GLOBAL,LNDAGRFJIC02,CRPOTH,18,2042,0.77
GLOBAL,LNDAGRFJIC02,CRPOTH,18,2043,0.77
GLOBAL,LNDAGRFJIC02,CRPOTH,18,2044,0.77
GLOBAL,LNDAGRFJIC02,CRPOTH,18,2045,0.77
GLOBAL,LNDAGRFJIC02,CRPOTH,18,2046,0.77
GLOBAL,LNDAGRFJIC02,CRPOTH,18,2047,0.77
GLOBAL,LNDAGRFJIC02,CRPOTH,18,2048,0.77
GLOBAL,LNDAGRFJIC02,CRPOTH,18,2049,0.77
GLOBAL,LNDAGRFJIC02,CRPOTH,18,2050,0.77
GLOBAL,LNDAGRFJIC02,WTREVTFJI,18,2020,0.64
GLOBAL,LNDAGRFJIC02,WTREVTFJI,18,2021,0.64
GLOBAL,LNDAGRFJIC02,WTREVTFJI,18,2022,0.64
GLOBAL,LNDAGRFJIC02,WTREVTFJI,18,2023,0.64
GLOBAL,LNDAGRFJIC02,WTREVTFJI,18,2024,0.64
GLOBAL,LNDAGRFJIC02,WTREVTFJI,18,2025,0.64
GLOBAL,LNDAGRFJIC02,WTREVTFJI,18,2026,0.64
GLOBAL,LNDAGRFJIC02,WTREVTFJI,18,2027,0.64
GLOBAL,LNDAGRFJIC02,WTREVTFJI,18,2028,0.64
GLOBAL,LNDAGRFJIC02,WTREVTFJI,18,2029,0.64
GLOBAL,LNDAGRFJIC02,WTREVTFJI,18,2030,0.64
GLOBAL,LNDAGRFJIC02,WTREVTFJI,18,2031,0.64
GLOBAL,LNDAGRFJIC02,WTREVTFJI,18,2032,0.64
GLOBAL,LNDAGRFJIC02,WTREVTFJI,18,2033,0.64
GLOBAL,LNDAGRFJIC02,WTREVTFJI,18,2034,0.64
GLOBAL,LNDAGRFJIC02,WTREVTFJI,18,2035,0.64
GLOBAL,LNDAGRFJIC02,WTREVTFJI,18,2036,0.64
GLOBAL,LNDAGRFJIC02,WTREVTFJI,18,2037,0.64
GLOBAL,LNDAGRFJIC02,WTREVTFJI,18,2038,0.64
GLOBAL,LNDAGRFJIC02,WTREVTFJI,18,2039,0.64
GLOBAL,LNDAGRFJIC02,WTREVTFJI,18,2040,0.64
GLOBAL,LNDAGRFJIC02,WTREVTFJI,18,2041,0.64
GLOBAL,LNDAGRFJIC02,WTREVTFJI,18,2042,0.64
GLOBAL,LNDAGRFJIC02,WTREVTFJI,18,2043,0.64
GLOBAL,LNDAGRFJIC02,WTREVTFJI,18,2044,0.64
GLOBAL,LNDAGRFJIC02,WTREVTFJI,18,2045,0.64
GLOBAL,LNDAGRFJIC02,WTREVTFJI,18,2046,0.64
GLOBAL,LNDAGRFJIC02,WTREVTFJI,18,2047,0.64
GLOBAL,LNDAGRFJIC02,WTREVTFJI,18,2048,0.64
GLOBAL,LNDAGRFJIC02,WTREVTFJI,18,2049,0.64
GLOBAL,LNDAGRFJIC02,WTREVTFJI,18,2050,0.64
GLOBAL,LNDAGRFJIC02,WTRGRCFJI,18,2020,0.095
GLOBAL,LNDAGRFJIC02,WTRGRCFJI,18,2021,0.095
GLOBAL,LNDAGRFJIC02,WTRGRCFJI,18,2022,0.095
GLOBAL,LNDAGRFJIC02,WTRGRCFJI,18,2023,0.095
GLOBAL,LNDAGRFJIC02,WTRGRCFJI,18,2024,0.095
GLOBAL,LNDAGRFJIC02,WTRGRCFJI,18,2025,0.095
GLOBAL,LNDAGRFJIC02,WTRGRCFJI,18,2026,0.095
GLOBAL,LNDAGRFJIC02,WTRGRCFJI,18,2027,0.095
GLOBAL,LNDAGRFJIC02,WTRGRCFJI,18,2028,0.095
GLOBAL,LNDAGRFJIC02,WTRGRCFJI,18,2029,0.095
GLOBAL,LNDAGRFJIC02,WTRGRCFJI,18,2030,0.095
GLOBAL,LNDAGRFJIC02,WTRGRCFJI,18,2031,0.095
GLOBAL,LNDAGRFJIC02,WTRGRCFJI,18,2032,0.095
GLOBAL,LNDAGRFJIC02,WTRGRCFJI,18,2033,0.095
GLOBAL,LNDAGRFJIC02,WTRGRCFJI,18,2034,0.095
GLOBAL,LNDAGRFJIC02,WTRGRCFJI,18,2035,0.095
GLOBAL,LNDAGRFJIC02,WTRGRCFJI,18,2036,0.095
GLOBAL,LNDAGRFJIC02,WTRGRCFJI,18,2037,0.095
GLOBAL,LNDAGRFJIC02,WTRGRCFJI,18,2038,0.095
GLOBAL,LNDAGRFJIC02,WTRGRCFJI,18,2039,0.095
GLOBAL,LNDAGRFJIC02,WTRGRCFJI,18,2040,0.095
GLOBAL,LNDAGRFJIC02,WTRGRCFJI,18,2041,0.095
GLOBAL,LNDAGRFJIC02,WTRGRCFJI,18,2042,0.095
GLOBAL,LNDAGRFJIC02,WTRGRCFJI,18,2043,0.095
GLOBAL,LNDAGRFJIC02,WTRGRCFJI,18,2044,0.095
GLOBAL,LNDAGRFJIC02,WTRGRCFJI,18,2045,0.095
GLOBAL,LNDAGRFJIC02,WTRGRCFJI,18,2046,0.095
GLOBAL,LNDAGRFJIC02,WTRGRCFJI,18,2047,0.095
GLOBAL,LNDAGRFJIC02,WTRGRCFJI,18,2048,0.095
GLOBAL,LNDAGRFJIC02,WTRGRCFJI,18,2049,0.095
GLOBAL,LNDAGRFJIC02,WTRGRCFJI,18,2050,0.095
GLOBAL,LNDAGRFJIC02,WTRSURFJI,18,2020,1.8
GLOBAL,LNDAGRFJIC02,WTRSURFJI,18,2021,1.8
GLOBAL,LNDAGRFJIC02,WTRSURFJI,18,2022,1.8
GLOBAL,LNDAGRFJIC02,WTRSURFJI,18,2023,1.8
GLOBAL,LNDAGRFJIC02,WTRSURFJI,18,2024,1.8
GLOBAL,LNDAGRFJIC02,WTRSURFJI,18,2025,1.8
GLOBAL,LNDAGRFJIC02,WTRSURFJI,18,2026,1.8
GLOBAL,LNDAGRFJIC02,WTRSURFJI,18,2027,1.8
GLOBAL,LNDAGRFJIC02,WTRSURFJI,18,2028,1.8
GLOBAL,LNDAGRFJIC02,WTRSURFJI,18,2029,1.8
GLOBAL,LNDAGRFJIC02,WTRSURFJI,18,2030,1.8
GLOBAL,LNDAGRFJIC02,WTRSURFJI,18,2031,1.8
GLOBAL,LNDAGRFJIC02,WTRSURFJI,18,2032,1.8
GLOBAL,LNDAGRFJIC02,WTRSURFJI,18,2033,1.8
GLOBAL,LNDAGRFJIC02,WTRSURFJI,18,2034,1.8
GLOBAL,LNDAGRFJIC02,WTRSURFJI,18,2035,1.8
GLOBAL,LNDAGRFJIC02,WTRSURFJI,18,2036,1.8
GLOBAL,LNDAGRFJIC02,WTRSURFJI,18,2037,1.8
GLOBAL,LNDAGRFJIC02,WTRSURFJI,18,2038,1.8
GLOBAL,LNDAGRFJIC02,WTRSURFJI,18,2039,1.8
GLOBAL,LNDAGRFJIC02,WTRSURFJI,18,2040,1.8
GLOBAL,LNDAGRFJIC02,WTRSURFJI,18,2041,1.8
GLOBAL,LNDAGRFJIC02,WTRSURFJI,18,2042,1.8
GLOBAL,LNDAGRFJIC02,WTRSURFJI,18,2043,1.8
GLOBAL,LNDAGRFJIC02,WTRSURFJI,18,2044,1.8
GLOBAL,LNDAGRFJIC02,WTRSURFJI,18,2045,1.8
GLOBAL,LNDAGRFJIC02,WTRSURFJI,18,2046,1.8
GLOBAL,LNDAGRFJIC02,WTRSURFJI,18,2047,1.8
GLOBAL,LNDAGRFJIC02,WTRSURFJI,18,2048,1.8
GLOBAL,LNDAGRFJIC02,WTRSURFJI,18,2049,1.8
GLOBAL,LNDAGRFJIC02,WTRSURFJI,18,2050,1.8
GLOBAL,LNDAGRFJIC02,CRPOTH,19,2020,0.21
GLOBAL,LNDAGRFJIC02,CRPOTH,19,2021,0.21
GLOBAL,LNDAGRFJIC02,CRPOTH,19,2022,0.21
GLOBAL,LNDAGRFJIC02,CRPOTH,19,2023,0.21
GLOBAL,LNDAGRFJIC02,CRPOTH,19,2024,0.21
GLOBAL,LNDAGRFJIC02,CRPOTH,19,2025,0.21
GLOBAL,LNDAGRFJIC02,CRPOTH,19,2026,0.21
GLOBAL,LNDAGRFJIC02,CRPOTH,19,2027,0.21
GLOBAL,LNDAGRFJIC02,CRPOTH,19,2028,0.21
GLOBAL,LNDAGRFJIC02,CRPOTH,19,2029,0.21
GLOBAL,LNDAGRFJIC02,CRPOTH,19,2030,0.21
GLOBAL,LNDAGRFJIC02,CRPOTH,19,2031,0.21
GLOBAL,LNDAGRFJIC02,CRPOTH,19,2032,0.21
GLOBAL,LNDAGRFJIC02,CRPOTH,19,2033,0.21
GLOBAL,LNDAGRFJIC02,CRPOTH,19,2034,0.21
GLOBAL,LNDAGRFJIC02,CRPOTH,19,2035,0.21
GLOBAL,LNDAGRFJIC02,CRPOTH,19,2036,0.21
GLOBAL,LNDAGRFJIC02,CRPOTH,19,2037,0.21
GLOBAL,LNDAGRFJIC02,CRPOTH,19,2038,0.21
GLOBAL,LNDAGRFJIC02,CRPOTH,19,2039,0.21
GLOBAL,LNDAGRFJIC02,CRPOTH,19,2040,0.21
GLOBAL,LNDAGRFJIC02,CRPOTH,19,2041,0.21
GLOBAL,LNDAGRFJIC02,CRPOTH,19,2042,0.21
GLOBAL,LNDAGRFJIC02,CRPOTH,19,2043,0.21
GLOBAL,LNDAGRFJIC02,CRPOTH,19,2044,0.21
GLOBAL,LNDAGRFJIC02,CRPOTH,19,2045,0.21
GLOBAL,LNDAGRFJIC02,CRPOTH,19,2046,0.21
GLOBAL,LNDAGRFJIC02,CRPOTH,19,2047,0.21
GLOBAL,LNDAGRFJIC02,CRPOTH,19,2048,0.21
GLOBAL,LNDAGRFJIC02,CRPOTH,19,2049,0.21
GLOBAL,LNDAGRFJIC02,CRPOTH,19,2050,0.21
GLOBAL,LNDAGRFJIC02,WTREVTFJI,19,2020,0.53
GLOBAL,LNDAGRFJIC02,WTREVTFJI,19,2021,0.53
GLOBAL,LNDAGRFJIC02,WTREVTFJI,19,2022,0.53
GLOBAL,LNDAGRFJIC02,WTREVTFJI,19,2023,0.53
GLOBAL,LNDAGRFJIC02,WTREVTFJI,19,2024,0.53
GLOBAL,LNDAGRFJIC02,WTREVTFJI,19,2025,0.53
GLOBAL,LNDAGRFJIC02,WTREVTFJI,19,2026,0.53
GLOBAL,LNDAGRFJIC02,WTREVTFJI,19,2027,0.53
GLOBAL,LNDAGRFJIC02,WTREVTFJI,19,2028,0.53
GLOBAL,LNDAGRFJIC02,WTREVTFJI,19,2029,0.53
GLOBAL,LNDAGRFJIC02,WTREVTFJI,19,2030,0.53
GLOBAL,LNDAGRFJIC02,WTREVTFJI,19,2031,0.53
GLOBAL,LNDAGRFJIC02,WTREVTFJI,19,2032,0.53
GLOBAL,LNDAGRFJIC02,WTREVTFJI,19,2033,0.53
GLOBAL,LNDAGRFJIC02,WTREVTFJI,19,2034,0.53
GLOBAL,LNDAGRFJIC02,WTREVTFJI,19,2035,0.53
GLOBAL,LNDAGRFJIC02,WTREVTFJI,19,2036,0.53
GLOBAL,LNDAGRFJIC02,WTREVTFJI,19,2037,0.53
GLOBAL,LNDAGRFJIC02,WTREVTFJI,19,2038,0.53
GLOBAL,LNDAGRFJIC02,WTREVTFJI,19,2039,0.53
GLOBAL,LNDAGRFJIC02,WTREVTFJI,19,2040,0.53
GLOBAL,LNDAGRFJIC02,WTREVTFJI,19,2041,0.53
GLOBAL,LNDAGRFJIC02,WTREVTFJI,19,2042,0.53
GLOBAL,LNDAGRFJIC02,WTREVTFJI,19,2043,0.53
GLOBAL,LNDAGRFJIC02,WTREVTFJI,19,2044,0.53
GLOBAL,LNDAGRFJIC02,WTREVTFJI,19,2045,0.53
GLOBAL,LNDAGRFJIC02,WTREVTFJI,19,2046,0.53
GLOBAL,LNDAGRFJIC02,WTREVTFJI,19,2047,0.53
GLOBAL,LNDAGRFJIC02,WTREVTFJI,19,2048,0.53
GLOBAL,LNDAGRFJIC02,WTREVTFJI,19,2049,0.53
GLOBAL,LNDAGRFJIC02,WTREVTFJI,19,2050,0.53
GLOBAL,LNDAGRFJIC02,WTRGRCFJI,19,2020,0.10
GLOBAL,LNDAGRFJIC02,WTRGRCFJI,19,2021,0.10
GLOBAL,LNDAGRFJIC02,WTRGRCFJI,19,2022,0.10
GLOBAL,LNDAGRFJIC02,WTRGRCFJI,19,2023,0.10
GLOBAL,LNDAGRFJIC02,WTRGRCFJI,19,2024,0.10
GLOBAL,LNDAGRFJIC02,WTRGRCFJI,19,2025,0.10
GLOBAL,LNDAGRFJIC02,WTRGRCFJI,19,2026,0.10
GLOBAL,LNDAGRFJIC02,WTRGRCFJI,19,2027,0.10
GLOBAL,LNDAGRFJIC02,WTRGRCFJI,19,2028,0.10
GLOBAL,LNDAGRFJIC02,WTRGRCFJI,19,2029,0.10
GLOBAL,LNDAGRFJIC02,WTRGRCFJI,19,2030,0.10
GLOBAL,LNDAGRFJIC02,WTRGRCFJI,19,2031,0.10
GLOBAL,LNDAGRFJIC02,WTRGRCFJI,19,2032,0.10
GLOBAL,LNDAGRFJIC02,WTRGRCFJI,19,2033,0.10
GLOBAL,LNDAGRFJIC02,WTRGRCFJI,19,2034,0.10
GLOBAL,LNDAGRFJIC02,WTRGRCFJI,19,2035,0.10
GLOBAL,LNDAGRFJIC02,WTRGRCFJI,19,2036,0.10
GLOBAL,LNDAGRFJIC02,WTRGRCFJI,19,2037,0.10
GLOBAL,LNDAGRFJIC02,WTRGRCFJI,19,2038,0.10
GLOBAL,LNDAGRFJIC02,WTRGRCFJI,19,2039,0.10
GLOBAL,LNDAGRFJIC02,WTRGRCFJI,19,2040,0.10
GLOBAL,LNDAGRFJIC02,WTRGRCFJI,19,2041,0.10
GLOBAL,LNDAGRFJIC02,WTRGRCFJI,19,2042,0.10
GLOBAL,LNDAGRFJIC02,WTRGRCFJI,19,2043,0.10
GLOBAL,LNDAGRFJIC02,WTRGRCFJI,19,2044,0.10
GLOBAL,LNDAGRFJIC02,WTRGRCFJI,19,2045,0.10
GLOBAL,LNDAGRFJIC02,WTRGRCFJI,19,2046,0.10
GLOBAL,LNDAGRFJIC02,WTRGRCFJI,19,2047,0.10
GLOBAL,LNDAGRFJIC02,WTRGRCFJI,19,2048,0.10
GLOBAL,LNDAGRFJIC02,WTRGRCFJI,19,2049,0.10
GLOBAL,LNDAGRFJIC02,WTRGRCFJI,19,2050,0.10
GLOBAL,LNDAGRFJIC02,WTRSURFJI,19,2020,1.9
GLOBAL,LNDAGRFJIC02,WTRSURFJI,19,2021,1.9
GLOBAL,LNDAGRFJIC02,WTRSURFJI,19,2022,1.9
GLOBAL,LNDAGRFJIC02,WTRSURFJI,19,2023,1.9
GLOBAL,LNDAGRFJIC02,WTRSURFJI,19,2024,1.9
GLOBAL,LNDAGRFJIC02,WTRSURFJI,19,2025,1.9
GLOBAL,LNDAGRFJIC02,WTRSURFJI,19,2026,1.9
GLOBAL,LNDAGRFJIC02,WTRSURFJI,19,2027,1.9
GLOBAL,LNDAGRFJIC02,WTRSURFJI,19,2028,1.9
GLOBAL,LNDAGRFJIC02,WTRSURFJI,19,2029,1.9
GLOBAL,LNDAGRFJIC02,WTRSURFJI,19,2030,1.9
GLOBAL,LNDAGRFJIC02,WTRSURFJI,19,2031,1.9
GLOBAL,LNDAGRFJIC02,WTRSURFJI,19,2032,1.9
GLOBAL,LNDAGRFJIC02,WTRSURFJI,19,2033,1.9
GLOBAL,LNDAGRFJIC02,WTRSURFJI,19,2034,1.9
GLOBAL,LNDAGRFJIC02,WTRSURFJI,19,2035,1.9
GLOBAL,LNDAGRFJIC02,WTRSURFJI,19,2036,1.9
GLOBAL,LNDAGRFJIC02,WTRSURFJI,19,2037,1.9
GLOBAL,LNDAGRFJIC02,WTRSURFJI,19,2038,1.9
GLOBAL,LNDAGRFJIC02,WTRSURFJI,19,2039,1.9
GLOBAL,LNDAGRFJIC02,WTRSURFJI,19,2040,1.9
GLOBAL,LNDAGRFJIC02,WTRSURFJI,19,2041,1.9
GLOBAL,LNDAGRFJIC02,WTRSURFJI,19,2042,1.9
GLOBAL,LNDAGRFJIC02,WTRSURFJI,19,2043,1.9
GLOBAL,LNDAGRFJIC02,WTRSURFJI,19,2044,1.9
GLOBAL,LNDAGRFJIC02,WTRSURFJI,19,2045,1.9
GLOBAL,LNDAGRFJIC02,WTRSURFJI,19,2046,1.9
GLOBAL,LNDAGRFJIC02,WTRSURFJI,19,2047,1.9
GLOBAL,LNDAGRFJIC02,WTRSURFJI,19,2048,1.9
GLOBAL,LNDAGRFJIC02,WTRSURFJI,19,2049,1.9
GLOBAL,LNDAGRFJIC02,WTRSURFJI,19,2050,1.9
GLOBAL,LNDAGRFJIC02,CRPOTH,20,2020,0.75
GLOBAL,LNDAGRFJIC02,CRPOTH,20,2021,0.75
GLOBAL,LNDAGRFJIC02,CRPOTH,20,2022,0.75
GLOBAL,LNDAGRFJIC02,CRPOTH,20,2023,0.75
GLOBAL,LNDAGRFJIC02,CRPOTH,20,2024,0.75
GLOBAL,LNDAGRFJIC02,CRPOTH,20,2025,0.75
GLOBAL,LNDAGRFJIC02,CRPOTH,20,2026,0.75
GLOBAL,LNDAGRFJIC02,CRPOTH,20,2027,0.75
GLOBAL,LNDAGRFJIC02,CRPOTH,20,2028,0.75
GLOBAL,LNDAGRFJIC02,CRPOTH,20,2029,0.75
GLOBAL,LNDAGRFJIC02,CRPOTH,20,2030,0.75
GLOBAL,LNDAGRFJIC02,CRPOTH,20,2031,0.75
GLOBAL,LNDAGRFJIC02,CRPOTH,20,2032,0.75
GLOBAL,LNDAGRFJIC02,CRPOTH,20,2033,0.75
GLOBAL,LNDAGRFJIC02,CRPOTH,20,2034,0.75
GLOBAL,LNDAGRFJIC02,CRPOTH,20,2035,0.75
GLOBAL,LNDAGRFJIC02,CRPOTH,20,2036,0.75
GLOBAL,LNDAGRFJIC02,CRPOTH,20,2037,0.75
GLOBAL,LNDAGRFJIC02,CRPOTH,20,2038,0.75
GLOBAL,LNDAGRFJIC02,CRPOTH,20,2039,0.75
GLOBAL,LNDAGRFJIC02,CRPOTH,20,2040,0.75
GLOBAL,LNDAGRFJIC02,CRPOTH,20,2041,0.75
GLOBAL,LNDAGRFJIC02,CRPOTH,20,2042,0.75
GLOBAL,LNDAGRFJIC02,CRPOTH,20,2043,0.75
GLOBAL,LNDAGRFJIC02,CRPOTH,20,2044,0.75
GLOBAL,LNDAGRFJIC02,CRPOTH,20,2045,0.75
GLOBAL,LNDAGRFJIC02,CRPOTH,20,2046,0.75
GLOBAL,LNDAGRFJIC02,CRPOTH,20,2047,0.75
GLOBAL,LNDAGRFJIC02,CRPOTH,20,2048,0.75
GLOBAL,LNDAGRFJIC02,CRPOTH,20,2049,0.75
GLOBAL,LNDAGRFJIC02,CRPOTH,20,2050,0.75
GLOBAL,LNDAGRFJIC02,WTREVTFJI,20,2020,0.64
GLOBAL,LNDAGRFJIC02,WTREVTFJI,20,2021,0.64
GLOBAL,LNDAGRFJIC02,WTREVTFJI,20,2022,0.64
GLOBAL,LNDAGRFJIC02,WTREVTFJI,20,2023,0.64
GLOBAL,LNDAGRFJIC02,WTREVTFJI,20,2024,0.64
GLOBAL,LNDAGRFJIC02,WTREVTFJI,20,2025,0.64
GLOBAL,LNDAGRFJIC02,WTREVTFJI,20,2026,0.64
GLOBAL,LNDAGRFJIC02,WTREVTFJI,20,2027,0.64
GLOBAL,LNDAGRFJIC02,WTREVTFJI,20,2028,0.64
GLOBAL,LNDAGRFJIC02,WTREVTFJI,20,2029,0.64
GLOBAL,LNDAGRFJIC02,WTREVTFJI,20,2030,0.64
GLOBAL,LNDAGRFJIC02,WTREVTFJI,20,2031,0.64
GLOBAL,LNDAGRFJIC02,WTREVTFJI,20,2032,0.64
GLOBAL,LNDAGRFJIC02,WTREVTFJI,20,2033,0.64
GLOBAL,LNDAGRFJIC02,WTREVTFJI,20,2034,0.64
GLOBAL,LNDAGRFJIC02,WTREVTFJI,20,2035,0.64
GLOBAL,LNDAGRFJIC02,WTREVTFJI,20,2036,0.64
GLOBAL,LNDAGRFJIC02,WTREVTFJI,20,2037,0.64
GLOBAL,LNDAGRFJIC02,WTREVTFJI,20,2038,0.64
GLOBAL,LNDAGRFJIC02,WTREVTFJI,20,2039,0.64
GLOBAL,LNDAGRFJIC02,WTREVTFJI,20,2040,0.64
GLOBAL,LNDAGRFJIC02,WTREVTFJI,20,2041,0.64
GLOBAL,LNDAGRFJIC02,WTREVTFJI,20,2042,0.64
GLOBAL,LNDAGRFJIC02,WTREVTFJI,20,2043,0.64
GLOBAL,LNDAGRFJIC02,WTREVTFJI,20,2044,0.64
GLOBAL,LNDAGRFJIC02,WTREVTFJI,20,2045,0.64
GLOBAL,LNDAGRFJIC02,WTREVTFJI,20,2046,0.64
GLOBAL,LNDAGRFJIC02,WTREVTFJI,20,2047,0.64
GLOBAL,LNDAGRFJIC02,WTREVTFJI,20,2048,0.64
GLOBAL,LNDAGRFJIC02,WTREVTFJI,20,2049,0.64
GLOBAL,LNDAGRFJIC02,WTREVTFJI,20,2050,0.64
GLOBAL,LNDAGRFJIC02,WTRGRCFJI,20,2020,0.095
GLOBAL,LNDAGRFJIC02,WTRGRCFJI,20,2021,0.095
GLOBAL,LNDAGRFJIC02,WTRGRCFJI,20,2022,0.095
GLOBAL,LNDAGRFJIC02,WTRGRCFJI,20,2023,0.095
GLOBAL,LNDAGRFJIC02,WTRGRCFJI,20,2024,0.095
GLOBAL,LNDAGRFJIC02,WTRGRCFJI,20,2025,0.095
GLOBAL,LNDAGRFJIC02,WTRGRCFJI,20,2026,0.095
GLOBAL,LNDAGRFJIC02,WTRGRCFJI,20,2027,0.095
GLOBAL,LNDAGRFJIC02,WTRGRCFJI,20,2028,0.095
GLOBAL,LNDAGRFJIC02,WTRGRCFJI,20,2029,0.095
GLOBAL,LNDAGRFJIC02,WTRGRCFJI,20,2030,0.095
GLOBAL,LNDAGRFJIC02,WTRGRCFJI,20,2031,0.095
GLOBAL,LNDAGRFJIC02,WTRGRCFJI,20,2032,0.095
GLOBAL,LNDAGRFJIC02,WTRGRCFJI,20,2033,0.095
GLOBAL,LNDAGRFJIC02,WTRGRCFJI,20,2034,0.095
GLOBAL,LNDAGRFJIC02,WTRGRCFJI,20,2035,0.095
GLOBAL,LNDAGRFJIC02,WTRGRCFJI,20,2036,0.095
GLOBAL,LNDAGRFJIC02,WTRGRCFJI,20,2037,0.095
GLOBAL,LNDAGRFJIC02,WTRGRCFJI,20,2038,0.095
GLOBAL,LNDAGRFJIC02,WTRGRCFJI,20,2039,0.095
GLOBAL,LNDAGRFJIC02,WTRGRCFJI,20,2040,0.095
GLOBAL,LNDAGRFJIC02,WTRGRCFJI,20,2041,0.095
GLOBAL,LNDAGRFJIC02,WTRGRCFJI,20,2042,0.095
GLOBAL,LNDAGRFJIC02,WTRGRCFJI,20,2043,0.095
GLOBAL,LNDAGRFJIC02,WTRGRCFJI,20,2044,0.095
GLOBAL,LNDAGRFJIC02,WTRGRCFJI,20,2045,0.095
GLOBAL,LNDAGRFJIC02,WTRGRCFJI,20,2046,0.095
GLOBAL,LNDAGRFJIC02,WTRGRCFJI,20,2047,0.095
GLOBAL,LNDAGRFJIC02,WTRGRCFJI,20,2048,0.095
GLOBAL,LNDAGRFJIC02,WTRGRCFJI,20,2049,0.095
GLOBAL,LNDAGRFJIC02,WTRGRCFJI,20,2050,0.095
GLOBAL,LNDAGRFJIC02,WTRSURFJI,20,2020,1.8
GLOBAL,LNDAGRFJIC02,WTRSURFJI,20,2021,1.8
GLOBAL,LNDAGRFJIC02,WTRSURFJI,20,2022,1.8
GLOBAL,LNDAGRFJIC02,WTRSURFJI,20,2023,1.8
GLOBAL,LNDAGRFJIC02,WTRSURFJI,20,2024,1.8
GLOBAL,LNDAGRFJIC02,WTRSURFJI,20,2025,1.8
GLOBAL,LNDAGRFJIC02,WTRSURFJI,20,2026,1.8
GLOBAL,LNDAGRFJIC02,WTRSURFJI,20,2027,1.8
GLOBAL,LNDAGRFJIC02,WTRSURFJI,20,2028,1.8
GLOBAL,LNDAGRFJIC02,WTRSURFJI,20,2029,1.8
GLOBAL,LNDAGRFJIC02,WTRSURFJI,20,2030,1.8
GLOBAL,LNDAGRFJIC02,WTRSURFJI,20,2031,1.8
GLOBAL,LNDAGRFJIC02,WTRSURFJI,20,2032,1.8
GLOBAL,LNDAGRFJIC02,WTRSURFJI,20,2033,1.8
GLOBAL,LNDAGRFJIC02,WTRSURFJI,20,2034,1.8
GLOBAL,LNDAGRFJIC02,WTRSURFJI,20,2035,1.8
GLOBAL,LNDAGRFJIC02,WTRSURFJI,20,2036,1.8
GLOBAL,LNDAGRFJIC02,WTRSURFJI,20,2037,1.8
GLOBAL,LNDAGRFJIC02,WTRSURFJI,20,2038,1.8
GLOBAL,LNDAGRFJIC02,WTRSURFJI,20,2039,1.8
GLOBAL,LNDAGRFJIC02,WTRSURFJI,20,2040,1.8
GLOBAL,LNDAGRFJIC02,WTRSURFJI,20,2041,1.8
GLOBAL,LNDAGRFJIC02,WTRSURFJI,20,2042,1.8
GLOBAL,LNDAGRFJIC02,WTRSURFJI,20,2043,1.8
GLOBAL,LNDAGRFJIC02,WTRSURFJI,20,2044,1.8
GLOBAL,LNDAGRFJIC02,WTRSURFJI,20,2045,1.8
GLOBAL,LNDAGRFJIC02,WTRSURFJI,20,2046,1.8
GLOBAL,LNDAGRFJIC02,WTRSURFJI,20,2047,1.8
GLOBAL,LNDAGRFJIC02,WTRSURFJI,20,2048,1.8
GLOBAL,LNDAGRFJIC02,WTRSURFJI,20,2049,1.8
GLOBAL,LNDAGRFJIC02,WTRSURFJI,20,2050,1.8
GLOBAL,LNDAGRFJIC03,CRPYAM,1,2020,0.20
GLOBAL,LNDAGRFJIC03,CRPYAM,1,2021,0.20
GLOBAL,LNDAGRFJIC03,CRPYAM,1,2022,0.20
GLOBAL,LNDAGRFJIC03,CRPYAM,1,2023,0.20
GLOBAL,LNDAGRFJIC03,CRPYAM,1,2024,0.20
GLOBAL,LNDAGRFJIC03,CRPYAM,1,2025,0.20
GLOBAL,LNDAGRFJIC03,CRPYAM,1,2026,0.20
GLOBAL,LNDAGRFJIC03,CRPYAM,1,2027,0.20
GLOBAL,LNDAGRFJIC03,CRPYAM,1,2028,0.20
GLOBAL,LNDAGRFJIC03,CRPYAM,1,2029,0.20
GLOBAL,LNDAGRFJIC03,CRPYAM,1,2030,0.20
GLOBAL,LNDAGRFJIC03,CRPYAM,1,2031,0.20
GLOBAL,LNDAGRFJIC03,CRPYAM,1,2032,0.20
GLOBAL,LNDAGRFJIC03,CRPYAM,1,2033,0.20
GLOBAL,LNDAGRFJIC03,CRPYAM,1,2034,0.20
GLOBAL,LNDAGRFJIC03,CRPYAM,1,2035,0.20
GLOBAL,LNDAGRFJIC03,CRPYAM,1,2036,0.20
GLOBAL,LNDAGRFJIC03,CRPYAM,1,2037,0.20
GLOBAL,LNDAGRFJIC03,CRPYAM,1,2038,0.20
GLOBAL,LNDAGRFJIC03,CRPYAM,1,2039,0.20
GLOBAL,LNDAGRFJIC03,CRPYAM,1,2040,0.20
GLOBAL,LNDAGRFJIC03,CRPYAM,1,2041,0.20
GLOBAL,LNDAGRFJIC03,CRPYAM,1,2042,0.20
GLOBAL,LNDAGRFJIC03,CRPYAM,1,2043,0.20
GLOBAL,LNDAGRFJIC03,CRPYAM,1,2044,0.20
GLOBAL,LNDAGRFJIC03,CRPYAM,1,2045,0.20
GLOBAL,LNDAGRFJIC03,CRPYAM,1,2046,0.20
GLOBAL,LNDAGRFJIC03,CRPYAM,1,2047,0.20
GLOBAL,LNDAGRFJIC03,CRPYAM,1,2048,0.20
GLOBAL,LNDAGRFJIC03,CRPYAM,1,2049,0.20
GLOBAL,LNDAGRFJIC03,CRPYAM,1,2050,0.20
GLOBAL,LNDAGRFJIC03,WTREVTFJI,1,2020,0.67
GLOBAL,LNDAGRFJIC03,WTREVTFJI,1,2021,0.67
GLOBAL,LNDAGRFJIC03,WTREVTFJI,1,2022,0.67
GLOBAL,LNDAGRFJIC03,WTREVTFJI,1,2023,0.67
GLOBAL,LNDAGRFJIC03,WTREVTFJI,1,2024,0.67
GLOBAL,LNDAGRFJIC03,WTREVTFJI,1,2025,0.67
GLOBAL,LNDAGRFJIC03,WTREVTFJI,1,2026,0.67
GLOBAL,LNDAGRFJIC03,WTREVTFJI,1,2027,0.67
GLOBAL,LNDAGRFJIC03,WTREVTFJI,1,2028,0.67
GLOBAL,LNDAGRFJIC03,WTREVTFJI,1,2029,0.67
GLOBAL,LNDAGRFJIC03,WTREVTFJI,1,2030,0.67
GLOBAL,LNDAGRFJIC03,WTREVTFJI,1,2031,0.67
GLOBAL,LNDAGRFJIC03,WTREVTFJI,1,2032,0.67
GLOBAL,LNDAGRFJIC03,WTREVTFJI,1,2033,0.67
GLOBAL,LNDAGRFJIC03,WTREVTFJI,1,2034,0.67
GLOBAL,LNDAGRFJIC03,WTREVTFJI,1,2035,0.67
GLOBAL,LNDAGRFJIC03,WTREVTFJI,1,2036,0.67
GLOBAL,LNDAGRFJIC03,WTREVTFJI,1,2037,0.67
GLOBAL,LNDAGRFJIC03,WTREVTFJI,1,2038,0.67
GLOBAL,LNDAGRFJIC03,WTREVTFJI,1,2039,0.67
GLOBAL,LNDAGRFJIC03,WTREVTFJI,1,2040,0.67
GLOBAL,LNDAGRFJIC03,WTREVTFJI,1,2041,0.67
GLOBAL,LNDAGRFJIC03,WTREVTFJI,1,2042,0.67
GLOBAL,LNDAGRFJIC03,WTREVTFJI,1,2043,0.67
GLOBAL,LNDAGRFJIC03,WTREVTFJI,1,2044,0.67
GLOBAL,LNDAGRFJIC03,WTREVTFJI,1,2045,0.67
GLOBAL,LNDAGRFJIC03,WTREVTFJI,1,2046,0.67
GLOBAL,LNDAGRFJIC03,WTREVTFJI,1,2047,0.67
GLOBAL,LNDAGRFJIC03,WTREVTFJI,1,2048,0.67
GLOBAL,LNDAGRFJIC03,WTREVTFJI,1,2049,0.67
GLOBAL,LNDAGRFJIC03,WTREVTFJI,1,2050,0.67
GLOBAL,LNDAGRFJIC03,WTRGRCFJI,1,2020,0.10
GLOBAL,LNDAGRFJIC03,WTRGRCFJI,1,2021,0.10
GLOBAL,LNDAGRFJIC03,WTRGRCFJI,1,2022,0.10
GLOBAL,LNDAGRFJIC03,WTRGRCFJI,1,2023,0.10
GLOBAL,LNDAGRFJIC03,WTRGRCFJI,1,2024,0.10
GLOBAL,LNDAGRFJIC03,WTRGRCFJI,1,2025,0.10
GLOBAL,LNDAGRFJIC03,WTRGRCFJI,1,2026,0.10
GLOBAL,LNDAGRFJIC03,WTRGRCFJI,1,2027,0.10
GLOBAL,LNDAGRFJIC03,WTRGRCFJI,1,2028,0.10
GLOBAL,LNDAGRFJIC03,WTRGRCFJI,1,2029,0.10
GLOBAL,LNDAGRFJIC03,WTRGRCFJI,1,2030,0.10
GLOBAL,LNDAGRFJIC03,WTRGRCFJI,1,2031,0.10
GLOBAL,LNDAGRFJIC03,WTRGRCFJI,1,2032,0.10
GLOBAL,LNDAGRFJIC03,WTRGRCFJI,1,2033,0.10
GLOBAL,LNDAGRFJIC03,WTRGRCFJI,1,2034,0.10
GLOBAL,LNDAGRFJIC03,WTRGRCFJI,1,2035,0.10
GLOBAL,LNDAGRFJIC03,WTRGRCFJI,1,2036,0.10
GLOBAL,LNDAGRFJIC03,WTRGRCFJI,1,2037,0.10
GLOBAL,LNDAGRFJIC03,WTRGRCFJI,1,2038,0.10
GLOBAL,LNDAGRFJIC03,WTRGRCFJI,1,2039,0.10
GLOBAL,LNDAGRFJIC03,WTRGRCFJI,1,2040,0.10
GLOBAL,LNDAGRFJIC03,WTRGRCFJI,1,2041,0.10
GLOBAL,LNDAGRFJIC03,WTRGRCFJI,1,2042,0.10
GLOBAL,LNDAGRFJIC03,WTRGRCFJI,1,2043,0.10
GLOBAL,LNDAGRFJIC03,WTRGRCFJI,1,2044,0.10
GLOBAL,LNDAGRFJIC03,WTRGRCFJI,1,2045,0.10
GLOBAL,LNDAGRFJIC03,WTRGRCFJI,1,2046,0.10
GLOBAL,LNDAGRFJIC03,WTRGRCFJI,1,2047,0.10
GLOBAL,LNDAGRFJIC03,WTRGRCFJI,1,2048,0.10
GLOBAL,LNDAGRFJIC03,WTRGRCFJI,1,2049,0.10
GLOBAL,LNDAGRFJIC03,WTRGRCFJI,1,2050,0.10
GLOBAL,LNDAGRFJIC03,WTRSURFJI,1,2020,1.9
GLOBAL,LNDAGRFJIC03,WTRSURFJI,1,2021,1.9
GLOBAL,LNDAGRFJIC03,WTRSURFJI,1,2022,1.9
GLOBAL,LNDAGRFJIC03,WTRSURFJI,1,2023,1.9
GLOBAL,LNDAGRFJIC03,WTRSURFJI,1,2024,1.9
GLOBAL,LNDAGRFJIC03,WTRSURFJI,1,2025,1.9
GLOBAL,LNDAGRFJIC03,WTRSURFJI,1,2026,1.9
GLOBAL,LNDAGRFJIC03,WTRSURFJI,1,2027,1.9
GLOBAL,LNDAGRFJIC03,WTRSURFJI,1,2028,1.9
GLOBAL,LNDAGRFJIC03,WTRSURFJI,1,2029,1.9
GLOBAL,LNDAGRFJIC03,WTRSURFJI,1,2030,1.9
GLOBAL,LNDAGRFJIC03,WTRSURFJI,1,2031,1.9
GLOBAL,LNDAGRFJIC03,WTRSURFJI,1,2032,1.9
GLOBAL,LNDAGRFJIC03,WTRSURFJI,1,2033,1.9
GLOBAL,LNDAGRFJIC03,WTRSURFJI,1,2034,1.9
GLOBAL,LNDAGRFJIC03,WTRSURFJI,1,2035,1.9
GLOBAL,LNDAGRFJIC03,WTRSURFJI,1,2036,1.9
GLOBAL,LNDAGRFJIC03,WTRSURFJI,1,2037,1.9
GLOBAL,LNDAGRFJIC03,WTRSURFJI,1,2038,1.9
GLOBAL,LNDAGRFJIC03,WTRSURFJI,1,2039,1.9
GLOBAL,LNDAGRFJIC03,WTRSURFJI,1,2040,1.9
GLOBAL,LNDAGRFJIC03,WTRSURFJI,1,2041,1.9
GLOBAL,LNDAGRFJIC03,WTRSURFJI,1,2042,1.9
GLOBAL,LNDAGRFJIC03,WTRSURFJI,1,2043,1.9
GLOBAL,LNDAGRFJIC03,WTRSURFJI,1,2044,1.9
GLOBAL,LNDAGRFJIC03,WTRSURFJI,1,2045,1.9
GLOBAL,LNDAGRFJIC03,WTRSURFJI,1,2046,1.9
GLOBAL,LNDAGRFJIC03,WTRSURFJI,1,2047,1.9
GLOBAL,LNDAGRFJIC03,WTRSURFJI,1,2048,1.9
GLOBAL,LNDAGRFJIC03,WTRSURFJI,1,2049,1.9
GLOBAL,LNDAGRFJIC03,WTRSURFJI,1,2050,1.9
GLOBAL,LNDAGRFJIC03,CRPYAM,2,2020,0.20
GLOBAL,LNDAGRFJIC03,CRPYAM,2,2021,0.20
GLOBAL,LNDAGRFJIC03,CRPYAM,2,2022,0.20
GLOBAL,LNDAGRFJIC03,CRPYAM,2,2023,0.20
GLOBAL,LNDAGRFJIC03,CRPYAM,2,2024,0.20
GLOBAL,LNDAGRFJIC03,CRPYAM,2,2025,0.20
GLOBAL,LNDAGRFJIC03,CRPYAM,2,2026,0.20
GLOBAL,LNDAGRFJIC03,CRPYAM,2,2027,0.20
GLOBAL,LNDAGRFJIC03,CRPYAM,2,2028,0.20
GLOBAL,LNDAGRFJIC03,CRPYAM,2,2029,0.20
GLOBAL,LNDAGRFJIC03,CRPYAM,2,2030,0.20
GLOBAL,LNDAGRFJIC03,CRPYAM,2,2031,0.20
GLOBAL,LNDAGRFJIC03,CRPYAM,2,2032,0.20
GLOBAL,LNDAGRFJIC03,CRPYAM,2,2033,0.20
GLOBAL,LNDAGRFJIC03,CRPYAM,2,2034,0.20
GLOBAL,LNDAGRFJIC03,CRPYAM,2,2035,0.20
GLOBAL,LNDAGRFJIC03,CRPYAM,2,2036,0.20
GLOBAL,LNDAGRFJIC03,CRPYAM,2,2037,0.20
GLOBAL,LNDAGRFJIC03,CRPYAM,2,2038,0.20
GLOBAL,LNDAGRFJIC03,CRPYAM,2,2039,0.20
GLOBAL,LNDAGRFJIC03,CRPYAM,2,2040,0.20
GLOBAL,LNDAGRFJIC03,CRPYAM,2,2041,0.20
GLOBAL,LNDAGRFJIC03,CRPYAM,2,2042,0.20
GLOBAL,LNDAGRFJIC03,CRPYAM,2,2043,0.20
GLOBAL,LNDAGRFJIC03,CRPYAM,2,2044,0.20
GLOBAL,LNDAGRFJIC03,CRPYAM,2,2045,0.20
GLOBAL,LNDAGRFJIC03,CRPYAM,2,2046,0.20
GLOBAL,LNDAGRFJIC03,CRPYAM,2,2047,0.20
GLOBAL,LNDAGRFJIC03,CRPYAM,2,2048,0.20
GLOBAL,LNDAGRFJIC03,CRPYAM,2,2049,0.20
GLOBAL,LNDAGRFJIC03,CRPYAM,2,2050,0.20
GLOBAL,LNDAGRFJIC03,WTREVTFJI,2,2020,0.85
GLOBAL,LNDAGRFJIC03,WTREVTFJI,2,2021,0.85
GLOBAL,LNDAGRFJIC03,WTREVTFJI,2,2022,0.85
GLOBAL,LNDAGRFJIC03,WTREVTFJI,2,2023,0.85
GLOBAL,LNDAGRFJIC03,WTREVTFJI,2,2024,0.85
GLOBAL,LNDAGRFJIC03,WTREVTFJI,2,2025,0.85
GLOBAL,LNDAGRFJIC03,WTREVTFJI,2,2026,0.85
GLOBAL,LNDAGRFJIC03,WTREVTFJI,2,2027,0.85
GLOBAL,LNDAGRFJIC03,WTREVTFJI,2,2028,0.85
GLOBAL,LNDAGRFJIC03,WTREVTFJI,2,2029,0.85
GLOBAL,LNDAGRFJIC03,WTREVTFJI,2,2030,0.85
GLOBAL,LNDAGRFJIC03,WTREVTFJI,2,2031,0.85
GLOBAL,LNDAGRFJIC03,WTREVTFJI,2,2032,0.85
GLOBAL,LNDAGRFJIC03,WTREVTFJI,2,2033,0.85
GLOBAL,LNDAGRFJIC03,WTREVTFJI,2,2034,0.85
GLOBAL,LNDAGRFJIC03,WTREVTFJI,2,2035,0.85
GLOBAL,LNDAGRFJIC03,WTREVTFJI,2,2036,0.85
GLOBAL,LNDAGRFJIC03,WTREVTFJI,2,2037,0.85
GLOBAL,LNDAGRFJIC03,WTREVTFJI,2,2038,0.85
GLOBAL,LNDAGRFJIC03,WTREVTFJI,2,2039,0.85
GLOBAL,LNDAGRFJIC03,WTREVTFJI,2,2040,0.85
GLOBAL,LNDAGRFJIC03,WTREVTFJI,2,2041,0.85
GLOBAL,LNDAGRFJIC03,WTREVTFJI,2,2042,0.85
GLOBAL,LNDAGRFJIC03,WTREVTFJI,2,2043,0.85
GLOBAL,LNDAGRFJIC03,WTREVTFJI,2,2044,0.85
GLOBAL,LNDAGRFJIC03,WTREVTFJI,2,2045,0.85
GLOBAL,LNDAGRFJIC03,WTREVTFJI,2,2046,0.85
GLOBAL,LNDAGRFJIC03,WTREVTFJI,2,2047,0.85
GLOBAL,LNDAGRFJIC03,WTREVTFJI,2,2048,0.85
GLOBAL,LNDAGRFJIC03,WTREVTFJI,2,2049,0.85
GLOBAL,LNDAGRFJIC03,WTREVTFJI,2,2050,0.85
GLOBAL,LNDAGRFJIC03,WTRGRCFJI,2,2020,0.094
GLOBAL,LNDAGRFJIC03,WTRGRCFJI,2,2021,0.094
GLOBAL,LNDAGRFJIC03,WTRGRCFJI,2,2022,0.094
GLOBAL,LNDAGRFJIC03,WTRGRCFJI,2,2023,0.094
GLOBAL,LNDAGRFJIC03,WTRGRCFJI,2,2024,0.094
GLOBAL,LNDAGRFJIC03,WTRGRCFJI,2,2025,0.094
GLOBAL,LNDAGRFJIC03,WTRGRCFJI,2,2026,0.094
GLOBAL,LNDAGRFJIC03,WTRGRCFJI,2,2027,0.094
GLOBAL,LNDAGRFJIC03,WTRGRCFJI,2,2028,0.094
GLOBAL,LNDAGRFJIC03,WTRGRCFJI,2,2029,0.094
GLOBAL,LNDAGRFJIC03,WTRGRCFJI,2,2030,0.094
GLOBAL,LNDAGRFJIC03,WTRGRCFJI,2,2031,0.094
GLOBAL,LNDAGRFJIC03,WTRGRCFJI,2,2032,0.094
GLOBAL,LNDAGRFJIC03,WTRGRCFJI,2,2033,0.094
GLOBAL,LNDAGRFJIC03,WTRGRCFJI,2,2034,0.094
GLOBAL,LNDAGRFJIC03,WTRGRCFJI,2,2035,0.094
GLOBAL,LNDAGRFJIC03,WTRGRCFJI,2,2036,0.094
GLOBAL,LNDAGRFJIC03,WTRGRCFJI,2,2037,0.094
GLOBAL,LNDAGRFJIC03,WTRGRCFJI,2,2038,0.094
GLOBAL,LNDAGRFJIC03,WTRGRCFJI,2,2039,0.094
GLOBAL,LNDAGRFJIC03,WTRGRCFJI,2,2040,0.094
GLOBAL,LNDAGRFJIC03,WTRGRCFJI,2,2041,0.094
GLOBAL,LNDAGRFJIC03,WTRGRCFJI,2,2042,0.094
GLOBAL,LNDAGRFJIC03,WTRGRCFJI,2,2043,0.094
GLOBAL,LNDAGRFJIC03,WTRGRCFJI,2,2044,0.094
GLOBAL,LNDAGRFJIC03,WTRGRCFJI,2,2045,0.094
GLOBAL,LNDAGRFJIC03,WTRGRCFJI,2,2046,0.094
GLOBAL,LNDAGRFJIC03,WTRGRCFJI,2,2047,0.094
GLOBAL,LNDAGRFJIC03,WTRGRCFJI,2,2048,0.094
GLOBAL,LNDAGRFJIC03,WTRGRCFJI,2,2049,0.094
GLOBAL,LNDAGRFJIC03,WTRGRCFJI,2,2050,0.094
GLOBAL,LNDAGRFJIC03,WTRSURFJI,2,2020,1.8
GLOBAL,LNDAGRFJIC03,WTRSURFJI,2,2021,1.8
GLOBAL,LNDAGRFJIC03,WTRSURFJI,2,2022,1.8
GLOBAL,LNDAGRFJIC03,WTRSURFJI,2,2023,1.8
GLOBAL,LNDAGRFJIC03,WTRSURFJI,2,2024,1.8
GLOBAL,LNDAGRFJIC03,WTRSURFJI,2,2025,1.8
GLOBAL,LNDAGRFJIC03,WTRSURFJI,2,2026,1.8
GLOBAL,LNDAGRFJIC03,WTRSURFJI,2,2027,1.8
GLOBAL,LNDAGRFJIC03,WTRSURFJI,2,2028,1.8
GLOBAL,LNDAGRFJIC03,WTRSURFJI,2,2029,1.8
GLOBAL,LNDAGRFJIC03,WTRSURFJI,2,2030,1.8
GLOBAL,LNDAGRFJIC03,WTRSURFJI,2,2031,1.8
GLOBAL,LNDAGRFJIC03,WTRSURFJI,2,2032,1.8
GLOBAL,LNDAGRFJIC03,WTRSURFJI,2,2033,1.8
GLOBAL,LNDAGRFJIC03,WTRSURFJI,2,2034,1.8
GLOBAL,LNDAGRFJIC03,WTRSURFJI,2,2035,1.8
GLOBAL,LNDAGRFJIC03,WTRSURFJI,2,2036,1.8
GLOBAL,LNDAGRFJIC03,WTRSURFJI,2,2037,1.8
GLOBAL,LNDAGRFJIC03,WTRSURFJI,2,2038,1.8
GLOBAL,LNDAGRFJIC03,WTRSURFJI,2,2039,1.8
GLOBAL,LNDAGRFJIC03,WTRSURFJI,2,2040,1.8
GLOBAL,LNDAGRFJIC03,WTRSURFJI,2,2041,1.8
GLOBAL,LNDAGRFJIC03,WTRSURFJI,2,2042,1.8
GLOBAL,LNDAGRFJIC03,WTRSURFJI,2,2043,1.8
GLOBAL,LNDAGRFJIC03,WTRSURFJI,2,2044,1.8
GLOBAL,LNDAGRFJIC03,WTRSURFJI,2,2045,1.8
GLOBAL,LNDAGRFJIC03,WTRSURFJI,2,2046,1.8
GLOBAL,LNDAGRFJIC03,WTRSURFJI,2,2047,1.8
GLOBAL,LNDAGRFJIC03,WTRSURFJI,2,2048,1.8
GLOBAL,LNDAGRFJIC03,WTRSURFJI,2,2049,1.8
GLOBAL,LNDAGRFJIC03,WTRSURFJI,2,2050,1.8
GLOBAL,LNDAGRFJIC03,CRPCON,3,2020,0.086
GLOBAL,LNDAGRFJIC03,CRPCON,3,2021,0.086
GLOBAL,LNDAGRFJIC03,CRPCON,3,2022,0.086
GLOBAL,LNDAGRFJIC03,CRPCON,3,2023,0.086
GLOBAL,LNDAGRFJIC03,CRPCON,3,2024,0.086
GLOBAL,LNDAGRFJIC03,CRPCON,3,2025,0.086
GLOBAL,LNDAGRFJIC03,CRPCON,3,2026,0.086
GLOBAL,LNDAGRFJIC03,CRPCON,3,2027,0.086
GLOBAL,LNDAGRFJIC03,CRPCON,3,2028,0.086
GLOBAL,LNDAGRFJIC03,CRPCON,3,2029,0.086
GLOBAL,LNDAGRFJIC03,CRPCON,3,2030,0.086
GLOBAL,LNDAGRFJIC03,CRPCON,3,2031,0.086
GLOBAL,LNDAGRFJIC03,CRPCON,3,2032,0.086
GLOBAL,LNDAGRFJIC03,CRPCON,3,2033,0.086
GLOBAL,LNDAGRFJIC03,CRPCON,3,2034,0.086
GLOBAL,LNDAGRFJIC03,CRPCON,3,2035,0.086
GLOBAL,LNDAGRFJIC03,CRPCON,3,2036,0.086
GLOBAL,LNDAGRFJIC03,CRPCON,3,2037,0.086
GLOBAL,LNDAGRFJIC03,CRPCON,3,2038,0.086
GLOBAL,LNDAGRFJIC03,CRPCON,3,2039,0.086
GLOBAL,LNDAGRFJIC03,CRPCON,3,2040,0.086
GLOBAL,LNDAGRFJIC03,CRPCON,3,2041,0.086
GLOBAL,LNDAGRFJIC03,CRPCON,3,2042,0.086
GLOBAL,LNDAGRFJIC03,CRPCON,3,2043,0.086
GLOBAL,LNDAGRFJIC03,CRPCON,3,2044,0.086
GLOBAL,LNDAGRFJIC03,CRPCON,3,2045,0.086
GLOBAL,LNDAGRFJIC03,CRPCON,3,2046,0.086
GLOBAL,LNDAGRFJIC03,CRPCON,3,2047,0.086
GLOBAL,LNDAGRFJIC03,CRPCON,3,2048,0.086
GLOBAL,LNDAGRFJIC03,CRPCON,3,2049,0.086
GLOBAL,LNDAGRFJIC03,CRPCON,3,2050,0.086
GLOBAL,LNDAGRFJIC03,WTREVTFJI,3,2020,0.52
GLOBAL,LNDAGRFJIC03,WTREVTFJI,3,2021,0.52
GLOBAL,LNDAGRFJIC03,WTREVTFJI,3,2022,0.52
GLOBAL,LNDAGRFJIC03,WTREVTFJI,3,2023,0.52
GLOBAL,LNDAGRFJIC03,WTREVTFJI,3,2024,0.52
GLOBAL,LNDAGRFJIC03,WTREVTFJI,3,2025,0.52
GLOBAL,LNDAGRFJIC03,WTREVTFJI,3,2026,0.52
GLOBAL,LNDAGRFJIC03,WTREVTFJI,3,2027,0.52
GLOBAL,LNDAGRFJIC03,WTREVTFJI,3,2028,0.52
GLOBAL,LNDAGRFJIC03,WTREVTFJI,3,2029,0.52
GLOBAL,LNDAGRFJIC03,WTREVTFJI,3,2030,0.52
GLOBAL,LNDAGRFJIC03,WTREVTFJI,3,2031,0.52
GLOBAL,LNDAGRFJIC03,WTREVTFJI,3,2032,0.52
GLOBAL,LNDAGRFJIC03,WTREVTFJI,3,2033,0.52
GLOBAL,LNDAGRFJIC03,WTREVTFJI,3,2034,0.52
GLOBAL,LNDAGRFJIC03,WTREVTFJI,3,2035,0.52
GLOBAL,LNDAGRFJIC03,WTREVTFJI,3,2036,0.52
GLOBAL,LNDAGRFJIC03,WTREVTFJI,3,2037,0.52
GLOBAL,LNDAGRFJIC03,WTREVTFJI,3,2038,0.52
GLOBAL,LNDAGRFJIC03,WTREVTFJI,3,2039,0.52
GLOBAL,LNDAGRFJIC03,WTREVTFJI,3,2040,0.52
GLOBAL,LNDAGRFJIC03,WTREVTFJI,3,2041,0.52
GLOBAL,LNDAGRFJIC03,WTREVTFJI,3,2042,0.52
GLOBAL,LNDAGRFJIC03,WTREVTFJI,3,2043,0.52
GLOBAL,LNDAGRFJIC03,WTREVTFJI,3,2044,0.52
GLOBAL,LNDAGRFJIC03,WTREVTFJI,3,2045,0.52
GLOBAL,LNDAGRFJIC03,WTREVTFJI,3,2046,0.52
GLOBAL,LNDAGRFJIC03,WTREVTFJI,3,2047,0.52
GLOBAL,LNDAGRFJIC03,WTREVTFJI,3,2048,0.52
GLOBAL,LNDAGRFJIC03,WTREVTFJI,3,2049,0.52
GLOBAL,LNDAGRFJIC03,WTREVTFJI,3,2050,0.52
GLOBAL,LNDAGRFJIC03,WTRGRCFJI,3,2020,0.11
GLOBAL,LNDAGRFJIC03,WTRGRCFJI,3,2021,0.11
GLOBAL,LNDAGRFJIC03,WTRGRCFJI,3,2022,0.11
GLOBAL,LNDAGRFJIC03,WTRGRCFJI,3,2023,0.11
GLOBAL,LNDAGRFJIC03,WTRGRCFJI,3,2024,0.11
GLOBAL,LNDAGRFJIC03,WTRGRCFJI,3,2025,0.11
GLOBAL,LNDAGRFJIC03,WTRGRCFJI,3,2026,0.11
GLOBAL,LNDAGRFJIC03,WTRGRCFJI,3,2027,0.11
GLOBAL,LNDAGRFJIC03,WTRGRCFJI,3,2028,0.11
GLOBAL,LNDAGRFJIC03,WTRGRCFJI,3,2029,0.11
GLOBAL,LNDAGRFJIC03,WTRGRCFJI,3,2030,0.11
GLOBAL,LNDAGRFJIC03,WTRGRCFJI,3,2031,0.11
GLOBAL,LNDAGRFJIC03,WTRGRCFJI,3,2032,0.11
GLOBAL,LNDAGRFJIC03,WTRGRCFJI,3,2033,0.11
GLOBAL,LNDAGRFJIC03,WTRGRCFJI,3,2034,0.11
GLOBAL,LNDAGRFJIC03,WTRGRCFJI,3,2035,0.11
GLOBAL,LNDAGRFJIC03,WTRGRCFJI,3,2036,0.11
GLOBAL,LNDAGRFJIC03,WTRGRCFJI,3,2037,0.11
GLOBAL,LNDAGRFJIC03,WTRGRCFJI,3,2038,0.11
GLOBAL,LNDAGRFJIC03,WTRGRCFJI,3,2039,0.11
GLOBAL,LNDAGRFJIC03,WTRGRCFJI,3,2040,0.11
GLOBAL,LNDAGRFJIC03,WTRGRCFJI,3,2041,0.11
GLOBAL,LNDAGRFJIC03,WTRGRCFJI,3,2042,0.11
GLOBAL,LNDAGRFJIC03,WTRGRCFJI,3,2043,0.11
GLOBAL,LNDAGRFJIC03,WTRGRCFJI,3,2044,0.11
GLOBAL,LNDAGRFJIC03,WTRGRCFJI,3,2045,0.11
GLOBAL,LNDAGRFJIC03,WTRGRCFJI,3,2046,0.11
GLOBAL,LNDAGRFJIC03,WTRGRCFJI,3,2047,0.11
GLOBAL,LNDAGRFJIC03,WTRGRCFJI,3,2048,0.11
GLOBAL,LNDAGRFJIC03,WTRGRCFJI,3,2049,0.11
GLOBAL,LNDAGRFJIC03,WTRGRCFJI,3,2050,0.11
GLOBAL,LNDAGRFJIC03,WTRSURFJI,3,2020,2.1
GLOBAL,LNDAGRFJIC03,WTRSURFJI,3,2021,2.1
GLOBAL,LNDAGRFJIC03,WTRSURFJI,3,2022,2.1
GLOBAL,LNDAGRFJIC03,WTRSURFJI,3,2023,2.1
GLOBAL,LNDAGRFJIC03,WTRSURFJI,3,2024,2.1
GLOBAL,LNDAGRFJIC03,WTRSURFJI,3,2025,2.1
GLOBAL,LNDAGRFJIC03,WTRSURFJI,3,2026,2.1
GLOBAL,LNDAGRFJIC03,WTRSURFJI,3,2027,2.1
GLOBAL,LNDAGRFJIC03,WTRSURFJI,3,2028,2.1
GLOBAL,LNDAGRFJIC03,WTRSURFJI,3,2029,2.1
GLOBAL,LNDAGRFJIC03,WTRSURFJI,3,2030,2.1
GLOBAL,LNDAGRFJIC03,WTRSURFJI,3,2031,2.1
GLOBAL,LNDAGRFJIC03,WTRSURFJI,3,2032,2.1
GLOBAL,LNDAGRFJIC03,WTRSURFJI,3,2033,2.1
GLOBAL,LNDAGRFJIC03,WTRSURFJI,3,2034,2.1
GLOBAL,LNDAGRFJIC03,WTRSURFJI,3,2035,2.1
GLOBAL,LNDAGRFJIC03,WTRSURFJI,3,2036,2.1
GLOBAL,LNDAGRFJIC03,WTRSURFJI,3,2037,2.1
GLOBAL,LNDAGRFJIC03,WTRSURFJI,3,2038,2.1
GLOBAL,LNDAGRFJIC03,WTRSURFJI,3,2039,2.1
GLOBAL,LNDAGRFJIC03,WTRSURFJI,3,2040,2.1
GLOBAL,LNDAGRFJIC03,WTRSURFJI,3,2041,2.1
GLOBAL,LNDAGRFJIC03,WTRSURFJI,3,2042,2.1
GLOBAL,LNDAGRFJIC03,WTRSURFJI,3,2043,2.1
GLOBAL,LNDAGRFJIC03,WTRSURFJI,3,2044,2.1
GLOBAL,LNDAGRFJIC03,WTRSURFJI,3,2045,2.1
GLOBAL,LNDAGRFJIC03,WTRSURFJI,3,2046,2.1
GLOBAL,LNDAGRFJIC03,WTRSURFJI,3,2047,2.1
GLOBAL,LNDAGRFJIC03,WTRSURFJI,3,2048,2.1
GLOBAL,LNDAGRFJIC03,WTRSURFJI,3,2049,2.1
GLOBAL,LNDAGRFJIC03,WTRSURFJI,3,2050,2.1
GLOBAL,LNDAGRFJIC03,CRPCAS,4,2020,0.91
GLOBAL,LNDAGRFJIC03,CRPCAS,4,2021,0.91
GLOBAL,LNDAGRFJIC03,CRPCAS,4,2022,0.91
GLOBAL,LNDAGRFJIC03,CRPCAS,4,2023,0.91
GLOBAL,LNDAGRFJIC03,CRPCAS,4,2024,0.91
GLOBAL,LNDAGRFJIC03,CRPCAS,4,2025,0.91
GLOBAL,LNDAGRFJIC03,CRPCAS,4,2026,0.91
GLOBAL,LNDAGRFJIC03,CRPCAS,4,2027,0.91
GLOBAL,LNDAGRFJIC03,CRPCAS,4,2028,0.91
GLOBAL,LNDAGRFJIC03,CRPCAS,4,2029,0.91
GLOBAL,LNDAGRFJIC03,CRPCAS,4,2030,0.91
GLOBAL,LNDAGRFJIC03,CRPCAS,4,2031,0.91
GLOBAL,LNDAGRFJIC03,CRPCAS,4,2032,0.91
GLOBAL,LNDAGRFJIC03,CRPCAS,4,2033,0.91
GLOBAL,LNDAGRFJIC03,CRPCAS,4,2034,0.91
GLOBAL,LNDAGRFJIC03,CRPCAS,4,2035,0.91
GLOBAL,LNDAGRFJIC03,CRPCAS,4,2036,0.91
GLOBAL,LNDAGRFJIC03,CRPCAS,4,2037,0.91
GLOBAL,LNDAGRFJIC03,CRPCAS,4,2038,0.91
GLOBAL,LNDAGRFJIC03,CRPCAS,4,2039,0.91
GLOBAL,LNDAGRFJIC03,CRPCAS,4,2040,0.91
GLOBAL,LNDAGRFJIC03,CRPCAS,4,2041,0.91
GLOBAL,LNDAGRFJIC03,CRPCAS,4,2042,0.91
GLOBAL,LNDAGRFJIC03,CRPCAS,4,2043,0.91
GLOBAL,LNDAGRFJIC03,CRPCAS,4,2044,0.91
GLOBAL,LNDAGRFJIC03,CRPCAS,4,2045,0.91
GLOBAL,LNDAGRFJIC03,CRPCAS,4,2046,0.91
GLOBAL,LNDAGRFJIC03,CRPCAS,4,2047,0.91
GLOBAL,LNDAGRFJIC03,CRPCAS,4,2048,0.91
GLOBAL,LNDAGRFJIC03,CRPCAS,4,2049,0.91
GLOBAL,LNDAGRFJIC03,CRPCAS,4,2050,0.91
GLOBAL,LNDAGRFJIC03,WTREVTFJI,4,2020,0.71
GLOBAL,LNDAGRFJIC03,WTREVTFJI,4,2021,0.71
GLOBAL,LNDAGRFJIC03,WTREVTFJI,4,2022,0.71
GLOBAL,LNDAGRFJIC03,WTREVTFJI,4,2023,0.71
GLOBAL,LNDAGRFJIC03,WTREVTFJI,4,2024,0.71
GLOBAL,LNDAGRFJIC03,WTREVTFJI,4,2025,0.71
GLOBAL,LNDAGRFJIC03,WTREVTFJI,4,2026,0.71
GLOBAL,LNDAGRFJIC03,WTREVTFJI,4,2027,0.71
GLOBAL,LNDAGRFJIC03,WTREVTFJI,4,2028,0.71
GLOBAL,LNDAGRFJIC03,WTREVTFJI,4,2029,0.71
GLOBAL,LNDAGRFJIC03,WTREVTFJI,4,2030,0.71
GLOBAL,LNDAGRFJIC03,WTREVTFJI,4,2031,0.71
GLOBAL,LNDAGRFJIC03,WTREVTFJI,4,2032,0.71
GLOBAL,LNDAGRFJIC03,WTREVTFJI,4,2033,0.71
GLOBAL,LNDAGRFJIC03,WTREVTFJI,4,2034,0.71
GLOBAL,LNDAGRFJIC03,WTREVTFJI,4,2035,0.71
GLOBAL,LNDAGRFJIC03,WTREVTFJI,4,2036,0.71
GLOBAL,LNDAGRFJIC03,WTREVTFJI,4,2037,0.71
GLOBAL,LNDAGRFJIC03,WTREVTFJI,4,2038,0.71
GLOBAL,LNDAGRFJIC03,WTREVTFJI,4,2039,0.71
GLOBAL,LNDAGRFJIC03,WTREVTFJI,4,2040,0.71
GLOBAL,LNDAGRFJIC03,WTREVTFJI,4,2041,0.71
GLOBAL,LNDAGRFJIC03,WTREVTFJI,4,2042,0.71
GLOBAL,LNDAGRFJIC03,WTREVTFJI,4,2043,0.71
GLOBAL,LNDAGRFJIC03,WTREVTFJI,4,2044,0.71
GLOBAL,LNDAGRFJIC03,WTREVTFJI,4,2045,0.71
GLOBAL,LNDAGRFJIC03,WTREVTFJI,4,2046,0.71
GLOBAL,LNDAGRFJIC03,WTREVTFJI,4,2047,0.71
GLOBAL,LNDAGRFJIC03,WTREVTFJI,4,2048,0.71
GLOBAL,LNDAGRFJIC03,WTREVTFJI,4,2049,0.71
GLOBAL,LNDAGRFJIC03,WTREVTFJI,4,2050,0.71
GLOBAL,LNDAGRFJIC03,WTRGRCFJI,4,2020,0.10
GLOBAL,LNDAGRFJIC03,WTRGRCFJI,4,2021,0.10
GLOBAL,LNDAGRFJIC03,WTRGRCFJI,4,2022,0.10
GLOBAL,LNDAGRFJIC03,WTRGRCFJI,4,2023,0.10
GLOBAL,LNDAGRFJIC03,WTRGRCFJI,4,2024,0.10
GLOBAL,LNDAGRFJIC03,WTRGRCFJI,4,2025,0.10
GLOBAL,LNDAGRFJIC03,WTRGRCFJI,4,2026,0.10
GLOBAL,LNDAGRFJIC03,WTRGRCFJI,4,2027,0.10
GLOBAL,LNDAGRFJIC03,WTRGRCFJI,4,2028,0.10
GLOBAL,LNDAGRFJIC03,WTRGRCFJI,4,2029,0.10
GLOBAL,LNDAGRFJIC03,WTRGRCFJI,4,2030,0.10
GLOBAL,LNDAGRFJIC03,WTRGRCFJI,4,2031,0.10
GLOBAL,LNDAGRFJIC03,WTRGRCFJI,4,2032,0.10
GLOBAL,LNDAGRFJIC03,WTRGRCFJI,4,2033,0.10
GLOBAL,LNDAGRFJIC03,WTRGRCFJI,4,2034,0.10
GLOBAL,LNDAGRFJIC03,WTRGRCFJI,4,2035,0.10
GLOBAL,LNDAGRFJIC03,WTRGRCFJI,4,2036,0.10
GLOBAL,LNDAGRFJIC03,WTRGRCFJI,4,2037,0.10
GLOBAL,LNDAGRFJIC03,WTRGRCFJI,4,2038,0.10
GLOBAL,LNDAGRFJIC03,WTRGRCFJI,4,2039,0.10
GLOBAL,LNDAGRFJIC03,WTRGRCFJI,4,2040,0.10
GLOBAL,LNDAGRFJIC03,WTRGRCFJI,4,2041,0.10
GLOBAL,LNDAGRFJIC03,WTRGRCFJI,4,2042,0.10
GLOBAL,LNDAGRFJIC03,WTRGRCFJI,4,2043,0.10
GLOBAL,LNDAGRFJIC03,WTRGRCFJI,4,2044,0.10
GLOBAL,LNDAGRFJIC03,WTRGRCFJI,4,2045,0.10
GLOBAL,LNDAGRFJIC03,WTRGRCFJI,4,2046,0.10
GLOBAL,LNDAGRFJIC03,WTRGRCFJI,4,2047,0.10
GLOBAL,LNDAGRFJIC03,WTRGRCFJI,4,2048,0.10
GLOBAL,LNDAGRFJIC03,WTRGRCFJI,4,2049,0.10
GLOBAL,LNDAGRFJIC03,WTRGRCFJI,4,2050,0.10
GLOBAL,LNDAGRFJIC03,WTRSURFJI,4,2020,1.9
GLOBAL,LNDAGRFJIC03,WTRSURFJI,4,2021,1.9
GLOBAL,LNDAGRFJIC03,WTRSURFJI,4,2022,1.9
GLOBAL,LNDAGRFJIC03,WTRSURFJI,4,2023,1.9
GLOBAL,LNDAGRFJIC03,WTRSURFJI,4,2024,1.9
GLOBAL,LNDAGRFJIC03,WTRSURFJI,4,2025,1.9
GLOBAL,LNDAGRFJIC03,WTRSURFJI,4,2026,1.9
GLOBAL,LNDAGRFJIC03,WTRSURFJI,4,2027,1.9
GLOBAL,LNDAGRFJIC03,WTRSURFJI,4,2028,1.9
GLOBAL,LNDAGRFJIC03,WTRSURFJI,4,2029,1.9
GLOBAL,LNDAGRFJIC03,WTRSURFJI,4,2030,1.9
GLOBAL,LNDAGRFJIC03,WTRSURFJI,4,2031,1.9
GLOBAL,LNDAGRFJIC03,WTRSURFJI,4,2032,1.9
GLOBAL,LNDAGRFJIC03,WTRSURFJI,4,2033,1.9
GLOBAL,LNDAGRFJIC03,WTRSURFJI,4,2034,1.9
GLOBAL,LNDAGRFJIC03,WTRSURFJI,4,2035,1.9
GLOBAL,LNDAGRFJIC03,WTRSURFJI,4,2036,1.9
GLOBAL,LNDAGRFJIC03,WTRSURFJI,4,2037,1.9
GLOBAL,LNDAGRFJIC03,WTRSURFJI,4,2038,1.9
GLOBAL,LNDAGRFJIC03,WTRSURFJI,4,2039,1.9
GLOBAL,LNDAGRFJIC03,WTRSURFJI,4,2040,1.9
GLOBAL,LNDAGRFJIC03,WTRSURFJI,4,2041,1.9
GLOBAL,LNDAGRFJIC03,WTRSURFJI,4,2042,1.9
GLOBAL,LNDAGRFJIC03,WTRSURFJI,4,2043,1.9
GLOBAL,LNDAGRFJIC03,WTRSURFJI,4,2044,1.9
GLOBAL,LNDAGRFJIC03,WTRSURFJI,4,2045,1.9
GLOBAL,LNDAGRFJIC03,WTRSURFJI,4,2046,1.9
GLOBAL,LNDAGRFJIC03,WTRSURFJI,4,2047,1.9
GLOBAL,LNDAGRFJIC03,WTRSURFJI,4,2048,1.9
GLOBAL,LNDAGRFJIC03,WTRSURFJI,4,2049,1.9
GLOBAL,LNDAGRFJIC03,WTRSURFJI,4,2050,1.9
GLOBAL,LNDAGRFJIC03,CRPCAS,5,2020,0.19
GLOBAL,LNDAGRFJIC03,CRPCAS,5,2021,0.19
GLOBAL,LNDAGRFJIC03,CRPCAS,5,2022,0.19
GLOBAL,LNDAGRFJIC03,CRPCAS,5,2023,0.19
GLOBAL,LNDAGRFJIC03,CRPCAS,5,2024,0.19
GLOBAL,LNDAGRFJIC03,CRPCAS,5,2025,0.19
GLOBAL,LNDAGRFJIC03,CRPCAS,5,2026,0.19
GLOBAL,LNDAGRFJIC03,CRPCAS,5,2027,0.19
GLOBAL,LNDAGRFJIC03,CRPCAS,5,2028,0.19
GLOBAL,LNDAGRFJIC03,CRPCAS,5,2029,0.19
GLOBAL,LNDAGRFJIC03,CRPCAS,5,2030,0.19
GLOBAL,LNDAGRFJIC03,CRPCAS,5,2031,0.19
GLOBAL,LNDAGRFJIC03,CRPCAS,5,2032,0.19
GLOBAL,LNDAGRFJIC03,CRPCAS,5,2033,0.19
GLOBAL,LNDAGRFJIC03,CRPCAS,5,2034,0.19
GLOBAL,LNDAGRFJIC03,CRPCAS,5,2035,0.19
GLOBAL,LNDAGRFJIC03,CRPCAS,5,2036,0.19
GLOBAL,LNDAGRFJIC03,CRPCAS,5,2037,0.19
GLOBAL,LNDAGRFJIC03,CRPCAS,5,2038,0.19
GLOBAL,LNDAGRFJIC03,CRPCAS,5,2039,0.19
GLOBAL,LNDAGRFJIC03,CRPCAS,5,2040,0.19
GLOBAL,LNDAGRFJIC03,CRPCAS,5,2041,0.19
GLOBAL,LNDAGRFJIC03,CRPCAS,5,2042,0.19
GLOBAL,LNDAGRFJIC03,CRPCAS,5,2043,0.19
GLOBAL,LNDAGRFJIC03,CRPCAS,5,2044,0.19
GLOBAL,LNDAGRFJIC03,CRPCAS,5,2045,0.19
GLOBAL,LNDAGRFJIC03,CRPCAS,5,2046,0.19
GLOBAL,LNDAGRFJIC03,CRPCAS,5,2047,0.19
GLOBAL,LNDAGRFJIC03,CRPCAS,5,2048,0.19
GLOBAL,LNDAGRFJIC03,CRPCAS,5,2049,0.19
GLOBAL,LNDAGRFJIC03,CRPCAS,5,2050,0.19
GLOBAL,LNDAGRFJIC03,WTREVTFJI,5,2020,0.77
GLOBAL,LNDAGRFJIC03,WTREVTFJI,5,2021,0.77
GLOBAL,LNDAGRFJIC03,WTREVTFJI,5,2022,0.77
GLOBAL,LNDAGRFJIC03,WTREVTFJI,5,2023,0.77
GLOBAL,LNDAGRFJIC03,WTREVTFJI,5,2024,0.77
GLOBAL,LNDAGRFJIC03,WTREVTFJI,5,2025,0.77
GLOBAL,LNDAGRFJIC03,WTREVTFJI,5,2026,0.77
GLOBAL,LNDAGRFJIC03,WTREVTFJI,5,2027,0.77
GLOBAL,LNDAGRFJIC03,WTREVTFJI,5,2028,0.77
GLOBAL,LNDAGRFJIC03,WTREVTFJI,5,2029,0.77
GLOBAL,LNDAGRFJIC03,WTREVTFJI,5,2030,0.77
GLOBAL,LNDAGRFJIC03,WTREVTFJI,5,2031,0.77
GLOBAL,LNDAGRFJIC03,WTREVTFJI,5,2032,0.77
GLOBAL,LNDAGRFJIC03,WTREVTFJI,5,2033,0.77
GLOBAL,LNDAGRFJIC03,WTREVTFJI,5,2034,0.77
GLOBAL,LNDAGRFJIC03,WTREVTFJI,5,2035,0.77
GLOBAL,LNDAGRFJIC03,WTREVTFJI,5,2036,0.77
GLOBAL,LNDAGRFJIC03,WTREVTFJI,5,2037,0.77
GLOBAL,LNDAGRFJIC03,WTREVTFJI,5,2038,0.77
GLOBAL,LNDAGRFJIC03,WTREVTFJI,5,2039,0.77
GLOBAL,LNDAGRFJIC03,WTREVTFJI,5,2040,0.77
GLOBAL,LNDAGRFJIC03,WTREVTFJI,5,2041,0.77
GLOBAL,LNDAGRFJIC03,WTREVTFJI,5,2042,0.77
GLOBAL,LNDAGRFJIC03,WTREVTFJI,5,2043,0.77
GLOBAL,LNDAGRFJIC03,WTREVTFJI,5,2044,0.77
GLOBAL,LNDAGRFJIC03,WTREVTFJI,5,2045,0.77
GLOBAL,LNDAGRFJIC03,WTREVTFJI,5,2046,0.77
GLOBAL,LNDAGRFJIC03,WTREVTFJI,5,2047,0.77
GLOBAL,LNDAGRFJIC03,WTREVTFJI,5,2048,0.77
GLOBAL,LNDAGRFJIC03,WTREVTFJI,5,2049,0.77
GLOBAL,LNDAGRFJIC03,WTREVTFJI,5,2050,0.77
GLOBAL,LNDAGRFJIC03,WTRGRCFJI,5,2020,0.098
GLOBAL,LNDAGRFJIC03,WTRGRCFJI,5,2021,0.098
GLOBAL,LNDAGRFJIC03,WTRGRCFJI,5,2022,0.098
GLOBAL,LNDAGRFJIC03,WTRGRCFJI,5,2023,0.098
GLOBAL,LNDAGRFJIC03,WTRGRCFJI,5,2024,0.098
GLOBAL,LNDAGRFJIC03,WTRGRCFJI,5,2025,0.098
GLOBAL,LNDAGRFJIC03,WTRGRCFJI,5,2026,0.098
GLOBAL,LNDAGRFJIC03,WTRGRCFJI,5,2027,0.098
GLOBAL,LNDAGRFJIC03,WTRGRCFJI,5,2028,0.098
GLOBAL,LNDAGRFJIC03,WTRGRCFJI,5,2029,0.098
GLOBAL,LNDAGRFJIC03,WTRGRCFJI,5,2030,0.098
GLOBAL,LNDAGRFJIC03,WTRGRCFJI,5,2031,0.098
GLOBAL,LNDAGRFJIC03,WTRGRCFJI,5,2032,0.098
GLOBAL,LNDAGRFJIC03,WTRGRCFJI,5,2033,0.098
GLOBAL,LNDAGRFJIC03,WTRGRCFJI,5,2034,0.098
GLOBAL,LNDAGRFJIC03,WTRGRCFJI,5,2035,0.098
GLOBAL,LNDAGRFJIC03,WTRGRCFJI,5,2036,0.098
GLOBAL,LNDAGRFJIC03,WTRGRCFJI,5,2037,0.098
GLOBAL,LNDAGRFJIC03,WTRGRCFJI,5,2038,0.098
GLOBAL,LNDAGRFJIC03,WTRGRCFJI,5,2039,0.098
GLOBAL,LNDAGRFJIC03,WTRGRCFJI,5,2040,0.098
GLOBAL,LNDAGRFJIC03,WTRGRCFJI,5,2041,0.098
GLOBAL,LNDAGRFJIC03,WTRGRCFJI,5,2042,0.098
GLOBAL,LNDAGRFJIC03,WTRGRCFJI,5,2043,0.098
GLOBAL,LNDAGRFJIC03,WTRGRCFJI,5,2044,0.098
GLOBAL,LNDAGRFJIC03,WTRGRCFJI,5,2045,0.098
GLOBAL,LNDAGRFJIC03,WTRGRCFJI,5,2046,0.098
GLOBAL,LNDAGRFJIC03,WTRGRCFJI,5,2047,0.098
GLOBAL,LNDAGRFJIC03,WTRGRCFJI,5,2048,0.098
GLOBAL,LNDAGRFJIC03,WTRGRCFJI,5,2049,0.098
GLOBAL,LNDAGRFJIC03,WTRGRCFJI,5,2050,0.098
GLOBAL,LNDAGRFJIC03,WTRSURFJI,5,2020,1.8
GLOBAL,LNDAGRFJIC03,WTRSURFJI,5,2021,1.8
GLOBAL,LNDAGRFJIC03,WTRSURFJI,5,2022,1.8
GLOBAL,LNDAGRFJIC03,WTRSURFJI,5,2023,1.8
GLOBAL,LNDAGRFJIC03,WTRSURFJI,5,2024,1.8
GLOBAL,LNDAGRFJIC03,WTRSURFJI,5,2025,1.8
GLOBAL,LNDAGRFJIC03,WTRSURFJI,5,2026,1.8
GLOBAL,LNDAGRFJIC03,WTRSURFJI,5,2027,1.8
GLOBAL,LNDAGRFJIC03,WTRSURFJI,5,2028,1.8
GLOBAL,LNDAGRFJIC03,WTRSURFJI,5,2029,1.8
GLOBAL,LNDAGRFJIC03,WTRSURFJI,5,2030,1.8
GLOBAL,LNDAGRFJIC03,WTRSURFJI,5,2031,1.8
GLOBAL,LNDAGRFJIC03,WTRSURFJI,5,2032,1.8
GLOBAL,LNDAGRFJIC03,WTRSURFJI,5,2033,1.8
GLOBAL,LNDAGRFJIC03,WTRSURFJI,5,2034,1.8
GLOBAL,LNDAGRFJIC03,WTRSURFJI,5,2035,1.8
GLOBAL,LNDAGRFJIC03,WTRSURFJI,5,2036,1.8
GLOBAL,LNDAGRFJIC03,WTRSURFJI,5,2037,1.8
GLOBAL,LNDAGRFJIC03,WTRSURFJI,5,2038,1.8
GLOBAL,LNDAGRFJIC03,WTRSURFJI,5,2039,1.8
GLOBAL,LNDAGRFJIC03,WTRSURFJI,5,2040,1.8
GLOBAL,LNDAGRFJIC03,WTRSURFJI,5,2041,1.8
GLOBAL,LNDAGRFJIC03,WTRSURFJI,5,2042,1.8
GLOBAL,LNDAGRFJIC03,WTRSURFJI,5,2043,1.8
GLOBAL,LNDAGRFJIC03,WTRSURFJI,5,2044,1.8
GLOBAL,LNDAGRFJIC03,WTRSURFJI,5,2045,1.8
GLOBAL,LNDAGRFJIC03,WTRSURFJI,5,2046,1.8
GLOBAL,LNDAGRFJIC03,WTRSURFJI,5,2047,1.8
GLOBAL,LNDAGRFJIC03,WTRSURFJI,5,2048,1.8
GLOBAL,LNDAGRFJIC03,WTRSURFJI,5,2049,1.8
GLOBAL,LNDAGRFJIC03,WTRSURFJI,5,2050,1.8
GLOBAL,LNDAGRFJIC03,CRPSGC,6,2020,1.1
GLOBAL,LNDAGRFJIC03,CRPSGC,6,2021,1.1
GLOBAL,LNDAGRFJIC03,CRPSGC,6,2022,1.1
GLOBAL,LNDAGRFJIC03,CRPSGC,6,2023,1.1
GLOBAL,LNDAGRFJIC03,CRPSGC,6,2024,1.1
GLOBAL,LNDAGRFJIC03,CRPSGC,6,2025,1.1
GLOBAL,LNDAGRFJIC03,CRPSGC,6,2026,1.1
GLOBAL,LNDAGRFJIC03,CRPSGC,6,2027,1.1
GLOBAL,LNDAGRFJIC03,CRPSGC,6,2028,1.1
GLOBAL,LNDAGRFJIC03,CRPSGC,6,2029,1.1
GLOBAL,LNDAGRFJIC03,CRPSGC,6,2030,1.1
GLOBAL,LNDAGRFJIC03,CRPSGC,6,2031,1.1
GLOBAL,LNDAGRFJIC03,CRPSGC,6,2032,1.1
GLOBAL,LNDAGRFJIC03,CRPSGC,6,2033,1.1
GLOBAL,LNDAGRFJIC03,CRPSGC,6,2034,1.1
GLOBAL,LNDAGRFJIC03,CRPSGC,6,2035,1.1
GLOBAL,LNDAGRFJIC03,CRPSGC,6,2036,1.1
GLOBAL,LNDAGRFJIC03,CRPSGC,6,2037,1.1
GLOBAL,LNDAGRFJIC03,CRPSGC,6,2038,1.1
GLOBAL,LNDAGRFJIC03,CRPSGC,6,2039,1.1
GLOBAL,LNDAGRFJIC03,CRPSGC,6,2040,1.1
GLOBAL,LNDAGRFJIC03,CRPSGC,6,2041,1.1
GLOBAL,LNDAGRFJIC03,CRPSGC,6,2042,1.1
GLOBAL,LNDAGRFJIC03,CRPSGC,6,2043,1.1
GLOBAL,LNDAGRFJIC03,CRPSGC,6,2044,1.1
GLOBAL,LNDAGRFJIC03,CRPSGC,6,2045,1.1
GLOBAL,LNDAGRFJIC03,CRPSGC,6,2046,1.1
GLOBAL,LNDAGRFJIC03,CRPSGC,6,2047,1.1
GLOBAL,LNDAGRFJIC03,CRPSGC,6,2048,1.1
GLOBAL,LNDAGRFJIC03,CRPSGC,6,2049,1.1
GLOBAL,LNDAGRFJIC03,CRPSGC,6,2050,1.1
GLOBAL,LNDAGRFJIC03,WTREVTFJI,6,2020,1.1
GLOBAL,LNDAGRFJIC03,WTREVTFJI,6,2021,1.1
GLOBAL,LNDAGRFJIC03,WTREVTFJI,6,2022,1.1
GLOBAL,LNDAGRFJIC03,WTREVTFJI,6,2023,1.1
GLOBAL,LNDAGRFJIC03,WTREVTFJI,6,2024,1.1
GLOBAL,LNDAGRFJIC03,WTREVTFJI,6,2025,1.1
GLOBAL,LNDAGRFJIC03,WTREVTFJI,6,2026,1.1
GLOBAL,LNDAGRFJIC03,WTREVTFJI,6,2027,1.1
GLOBAL,LNDAGRFJIC03,WTREVTFJI,6,2028,1.1
GLOBAL,LNDAGRFJIC03,WTREVTFJI,6,2029,1.1
GLOBAL,LNDAGRFJIC03,WTREVTFJI,6,2030,1.1
GLOBAL,LNDAGRFJIC03,WTREVTFJI,6,2031,1.1
GLOBAL,LNDAGRFJIC03,WTREVTFJI,6,2032,1.1
GLOBAL,LNDAGRFJIC03,WTREVTFJI,6,2033,1.1
GLOBAL,LNDAGRFJIC03,WTREVTFJI,6,2034,1.1
GLOBAL,LNDAGRFJIC03,WTREVTFJI,6,2035,1.1
GLOBAL,LNDAGRFJIC03,WTREVTFJI,6,2036,1.1
GLOBAL,LNDAGRFJIC03,WTREVTFJI,6,2037,1.1
GLOBAL,LNDAGRFJIC03,WTREVTFJI,6,2038,1.1
GLOBAL,LNDAGRFJIC03,WTREVTFJI,6,2039,1.1
GLOBAL,LNDAGRFJIC03,WTREVTFJI,6,2040,1.1
GLOBAL,LNDAGRFJIC03,WTREVTFJI,6,2041,1.1
GLOBAL,LNDAGRFJIC03,WTREVTFJI,6,2042,1.1
GLOBAL,LNDAGRFJIC03,WTREVTFJI,6,2043,1.1
GLOBAL,LNDAGRFJIC03,WTREVTFJI,6,2044,1.1
GLOBAL,LNDAGRFJIC03,WTREVTFJI,6,2045,1.1
GLOBAL,LNDAGRFJIC03,WTREVTFJI,6,2046,1.1
GLOBAL,LNDAGRFJIC03,WTREVTFJI,6,2047,1.1
GLOBAL,LNDAGRFJIC03,WTREVTFJI,6,2048,1.1
GLOBAL,LNDAGRFJIC03,WTREVTFJI,6,2049,1.1
GLOBAL,LNDAGRFJIC03,WTREVTFJI,6,2050,1.1
GLOBAL,LNDAGRFJIC03,WTRGRCFJI,6,2020,0.082
GLOBAL,LNDAGRFJIC03,WTRGRCFJI,6,2021,0.082
GLOBAL,LNDAGRFJIC03,WTRGRCFJI,6,2022,0.082
GLOBAL,LNDAGRFJIC03,WTRGRCFJI,6,2023,0.082
GLOBAL,LNDAGRFJIC03,WTRGRCFJI,6,2024,0.082
GLOBAL,LNDAGRFJIC03,WTRGRCFJI,6,2025,0.082
GLOBAL,LNDAGRFJIC03,WTRGRCFJI,6,2026,0.082
GLOBAL,LNDAGRFJIC03,WTRGRCFJI,6,2027,0.082
GLOBAL,LNDAGRFJIC03,WTRGRCFJI,6,2028,0.082
GLOBAL,LNDAGRFJIC03,WTRGRCFJI,6,2029,0.082
GLOBAL,LNDAGRFJIC03,WTRGRCFJI,6,2030,0.082
GLOBAL,LNDAGRFJIC03,WTRGRCFJI,6,2031,0.082
GLOBAL,LNDAGRFJIC03,WTRGRCFJI,6,2032,0.082
GLOBAL,LNDAGRFJIC03,WTRGRCFJI,6,2033,0.082
GLOBAL,LNDAGRFJIC03,WTRGRCFJI,6,2034,0.082
GLOBAL,LNDAGRFJIC03,WTRGRCFJI,6,2035,0.082
GLOBAL,LNDAGRFJIC03,WTRGRCFJI,6,2036,0.082
GLOBAL,LNDAGRFJIC03,WTRGRCFJI,6,2037,0.082
GLOBAL,LNDAGRFJIC03,WTRGRCFJI,6,2038,0.082
GLOBAL,LNDAGRFJIC03,WTRGRCFJI,6,2039,0.082
GLOBAL,LNDAGRFJIC03,WTRGRCFJI,6,2040,0.082
GLOBAL,LNDAGRFJIC03,WTRGRCFJI,6,2041,0.082
GLOBAL,LNDAGRFJIC03,WTRGRCFJI,6,2042,0.082
GLOBAL,LNDAGRFJIC03,WTRGRCFJI,6,2043,0.082
GLOBAL,LNDAGRFJIC03,WTRGRCFJI,6,2044,0.082
GLOBAL,LNDAGRFJIC03,WTRGRCFJI,6,2045,0.082
GLOBAL,LNDAGRFJIC03,WTRGRCFJI,6,2046,0.082
GLOBAL,LNDAGRFJIC03,WTRGRCFJI,6,2047,0.082
GLOBAL,LNDAGRFJIC03,WTRGRCFJI,6,2048,0.082
GLOBAL,LNDAGRFJIC03,WTRGRCFJI,6,2049,0.082
GLOBAL,LNDAGRFJIC03,WTRGRCFJI,6,2050,0.082
GLOBAL,LNDAGRFJIC03,WTRSURFJI,6,2020,1.5
GLOBAL,LNDAGRFJIC03,WTRSURFJI,6,2021,1.5
GLOBAL,LNDAGRFJIC03,WTRSURFJI,6,2022,1.5
GLOBAL,LNDAGRFJIC03,WTRSURFJI,6,2023,1.5
GLOBAL,LNDAGRFJIC03,WTRSURFJI,6,2024,1.5
GLOBAL,LNDAGRFJIC03,WTRSURFJI,6,2025,1.5
GLOBAL,LNDAGRFJIC03,WTRSURFJI,6,2026,1.5
GLOBAL,LNDAGRFJIC03,WTRSURFJI,6,2027,1.5
GLOBAL,LNDAGRFJIC03,WTRSURFJI,6,2028,1.5
GLOBAL,LNDAGRFJIC03,WTRSURFJI,6,2029,1.5
GLOBAL,LNDAGRFJIC03,WTRSURFJI,6,2030,1.5
GLOBAL,LNDAGRFJIC03,WTRSURFJI,6,2031,1.5
GLOBAL,LNDAGRFJIC03,WTRSURFJI,6,2032,1.5
GLOBAL,LNDAGRFJIC03,WTRSURFJI,6,2033,1.5
GLOBAL,LNDAGRFJIC03,WTRSURFJI,6,2034,1.5
GLOBAL,LNDAGRFJIC03,WTRSURFJI,6,2035,1.5
GLOBAL,LNDAGRFJIC03,WTRSURFJI,6,2036,1.5
GLOBAL,LNDAGRFJIC03,WTRSURFJI,6,2037,1.5
GLOBAL,LNDAGRFJIC03,WTRSURFJI,6,2038,1.5
GLOBAL,LNDAGRFJIC03,WTRSURFJI,6,2039,1.5
GLOBAL,LNDAGRFJIC03,WTRSURFJI,6,2040,1.5
GLOBAL,LNDAGRFJIC03,WTRSURFJI,6,2041,1.5
GLOBAL,LNDAGRFJIC03,WTRSURFJI,6,2042,1.5
GLOBAL,LNDAGRFJIC03,WTRSURFJI,6,2043,1.5
GLOBAL,LNDAGRFJIC03,WTRSURFJI,6,2044,1.5
GLOBAL,LNDAGRFJIC03,WTRSURFJI,6,2045,1.5
GLOBAL,LNDAGRFJIC03,WTRSURFJI,6,2046,1.5
GLOBAL,LNDAGRFJIC03,WTRSURFJI,6,2047,1.5
GLOBAL,LNDAGRFJIC03,WTRSURFJI,6,2048,1.5
GLOBAL,LNDAGRFJIC03,WTRSURFJI,6,2049,1.5
GLOBAL,LNDAGRFJIC03,WTRSURFJI,6,2050,1.5
GLOBAL,LNDAGRFJIC03,CRPSGC,7,2020,0.35
GLOBAL,LNDAGRFJIC03,CRPSGC,7,2021,0.35
GLOBAL,LNDAGRFJIC03,CRPSGC,7,2022,0.35
GLOBAL,LNDAGRFJIC03,CRPSGC,7,2023,0.35
GLOBAL,LNDAGRFJIC03,CRPSGC,7,2024,0.35
GLOBAL,LNDAGRFJIC03,CRPSGC,7,2025,0.35
GLOBAL,LNDAGRFJIC03,CRPSGC,7,2026,0.35
GLOBAL,LNDAGRFJIC03,CRPSGC,7,2027,0.35
GLOBAL,LNDAGRFJIC03,CRPSGC,7,2028,0.35
GLOBAL,LNDAGRFJIC03,CRPSGC,7,2029,0.35
GLOBAL,LNDAGRFJIC03,CRPSGC,7,2030,0.35
GLOBAL,LNDAGRFJIC03,CRPSGC,7,2031,0.35
GLOBAL,LNDAGRFJIC03,CRPSGC,7,2032,0.35
GLOBAL,LNDAGRFJIC03,CRPSGC,7,2033,0.35
GLOBAL,LNDAGRFJIC03,CRPSGC,7,2034,0.35
GLOBAL,LNDAGRFJIC03,CRPSGC,7,2035,0.35
GLOBAL,LNDAGRFJIC03,CRPSGC,7,2036,0.35
GLOBAL,LNDAGRFJIC03,CRPSGC,7,2037,0.35
GLOBAL,LNDAGRFJIC03,CRPSGC,7,2038,0.35
GLOBAL,LNDAGRFJIC03,CRPSGC,7,2039,0.35
GLOBAL,LNDAGRFJIC03,CRPSGC,7,2040,0.35
GLOBAL,LNDAGRFJIC03,CRPSGC,7,2041,0.35
GLOBAL,LNDAGRFJIC03,CRPSGC,7,2042,0.35
GLOBAL,LNDAGRFJIC03,CRPSGC,7,2043,0.35
GLOBAL,LNDAGRFJIC03,CRPSGC,7,2044,0.35
GLOBAL,LNDAGRFJIC03,CRPSGC,7,2045,0.35
GLOBAL,LNDAGRFJIC03,CRPSGC,7,2046,0.35
GLOBAL,LNDAGRFJIC03,CRPSGC,7,2047,0.35
GLOBAL,LNDAGRFJIC03,CRPSGC,7,2048,0.35
GLOBAL,LNDAGRFJIC03,CRPSGC,7,2049,0.35
GLOBAL,LNDAGRFJIC03,CRPSGC,7,2050,0.35
GLOBAL,LNDAGRFJIC03,WTREVTFJI,7,2020,0.88
GLOBAL,LNDAGRFJIC03,WTREVTFJI,7,2021,0.88
GLOBAL,LNDAGRFJIC03,WTREVTFJI,7,2022,0.88
GLOBAL,LNDAGRFJIC03,WTREVTFJI,7,2023,0.88
GLOBAL,LNDAGRFJIC03,WTREVTFJI,7,2024,0.88
GLOBAL,LNDAGRFJIC03,WTREVTFJI,7,2025,0.88
GLOBAL,LNDAGRFJIC03,WTREVTFJI,7,2026,0.88
GLOBAL,LNDAGRFJIC03,WTREVTFJI,7,2027,0.88
GLOBAL,LNDAGRFJIC03,WTREVTFJI,7,2028,0.88
GLOBAL,LNDAGRFJIC03,WTREVTFJI,7,2029,0.88
GLOBAL,LNDAGRFJIC03,WTREVTFJI,7,2030,0.88
GLOBAL,LNDAGRFJIC03,WTREVTFJI,7,2031,0.88
GLOBAL,LNDAGRFJIC03,WTREVTFJI,7,2032,0.88
GLOBAL,LNDAGRFJIC03,WTREVTFJI,7,2033,0.88
GLOBAL,LNDAGRFJIC03,WTREVTFJI,7,2034,0.88
GLOBAL,LNDAGRFJIC03,WTREVTFJI,7,2035,0.88
GLOBAL,LNDAGRFJIC03,WTREVTFJI,7,2036,0.88
GLOBAL,LNDAGRFJIC03,WTREVTFJI,7,2037,0.88
GLOBAL,LNDAGRFJIC03,WTREVTFJI,7,2038,0.88
GLOBAL,LNDAGRFJIC03,WTREVTFJI,7,2039,0.88
GLOBAL,LNDAGRFJIC03,WTREVTFJI,7,2040,0.88
GLOBAL,LNDAGRFJIC03,WTREVTFJI,7,2041,0.88
GLOBAL,LNDAGRFJIC03,WTREVTFJI,7,2042,0.88
GLOBAL,LNDAGRFJIC03,WTREVTFJI,7,2043,0.88
GLOBAL,LNDAGRFJIC03,WTREVTFJI,7,2044,0.88
GLOBAL,LNDAGRFJIC03,WTREVTFJI,7,2045,0.88
GLOBAL,LNDAGRFJIC03,WTREVTFJI,7,2046,0.88
GLOBAL,LNDAGRFJIC03,WTREVTFJI,7,2047,0.88
GLOBAL,LNDAGRFJIC03,WTREVTFJI,7,2048,0.88
GLOBAL,LNDAGRFJIC03,WTREVTFJI,7,2049,0.88
GLOBAL,LNDAGRFJIC03,WTREVTFJI,7,2050,0.88
GLOBAL,LNDAGRFJIC03,WTRGRCFJI,7,2020,0.093
GLOBAL,LNDAGRFJIC03,WTRGRCFJI,7,2021,0.093
GLOBAL,LNDAGRFJIC03,WTRGRCFJI,7,2022,0.093
GLOBAL,LNDAGRFJIC03,WTRGRCFJI,7,2023,0.093
GLOBAL,LNDAGRFJIC03,WTRGRCFJI,7,2024,0.093
GLOBAL,LNDAGRFJIC03,WTRGRCFJI,7,2025,0.093
GLOBAL,LNDAGRFJIC03,WTRGRCFJI,7,2026,0.093
GLOBAL,LNDAGRFJIC03,WTRGRCFJI,7,2027,0.093
GLOBAL,LNDAGRFJIC03,WTRGRCFJI,7,2028,0.093
GLOBAL,LNDAGRFJIC03,WTRGRCFJI,7,2029,0.093
GLOBAL,LNDAGRFJIC03,WTRGRCFJI,7,2030,0.093
GLOBAL,LNDAGRFJIC03,WTRGRCFJI,7,2031,0.093
GLOBAL,LNDAGRFJIC03,WTRGRCFJI,7,2032,0.093
GLOBAL,LNDAGRFJIC03,WTRGRCFJI,7,2033,0.093
GLOBAL,LNDAGRFJIC03,WTRGRCFJI,7,2034,0.093
GLOBAL,LNDAGRFJIC03,WTRGRCFJI,7,2035,0.093
GLOBAL,LNDAGRFJIC03,WTRGRCFJI,7,2036,0.093
GLOBAL,LNDAGRFJIC03,WTRGRCFJI,7,2037,0.093
GLOBAL,LNDAGRFJIC03,WTRGRCFJI,7,2038,0.093
GLOBAL,LNDAGRFJIC03,WTRGRCFJI,7,2039,0.093
GLOBAL,LNDAGRFJIC03,WTRGRCFJI,7,2040,0.093
GLOBAL,LNDAGRFJIC03,WTRGRCFJI,7,2041,0.093
GLOBAL,LNDAGRFJIC03,WTRGRCFJI,7,2042,0.093
GLOBAL,LNDAGRFJIC03,WTRGRCFJI,7,2043,0.093
GLOBAL,LNDAGRFJIC03,WTRGRCFJI,7,2044,0.093
GLOBAL,LNDAGRFJIC03,WTRGRCFJI,7,2045,0.093
GLOBAL,LNDAGRFJIC03,WTRGRCFJI,7,2046,0.093
GLOBAL,LNDAGRFJIC03,WTRGRCFJI,7,2047,0.093
GLOBAL,LNDAGRFJIC03,WTRGRCFJI,7,2048,0.093
GLOBAL,LNDAGRFJIC03,WTRGRCFJI,7,2049,0.093
GLOBAL,LNDAGRFJIC03,WTRGRCFJI,7,2050,0.093
GLOBAL,LNDAGRFJIC03,WTRSURFJI,7,2020,1.7
GLOBAL,LNDAGRFJIC03,WTRSURFJI,7,2021,1.7
GLOBAL,LNDAGRFJIC03,WTRSURFJI,7,2022,1.7
GLOBAL,LNDAGRFJIC03,WTRSURFJI,7,2023,1.7
GLOBAL,LNDAGRFJIC03,WTRSURFJI,7,2024,1.7
GLOBAL,LNDAGRFJIC03,WTRSURFJI,7,2025,1.7
GLOBAL,LNDAGRFJIC03,WTRSURFJI,7,2026,1.7
GLOBAL,LNDAGRFJIC03,WTRSURFJI,7,2027,1.7
GLOBAL,LNDAGRFJIC03,WTRSURFJI,7,2028,1.7
GLOBAL,LNDAGRFJIC03,WTRSURFJI,7,2029,1.7
GLOBAL,LNDAGRFJIC03,WTRSURFJI,7,2030,1.7
GLOBAL,LNDAGRFJIC03,WTRSURFJI,7,2031,1.7
GLOBAL,LNDAGRFJIC03,WTRSURFJI,7,2032,1.7
GLOBAL,LNDAGRFJIC03,WTRSURFJI,7,2033,1.7
GLOBAL,LNDAGRFJIC03,WTRSURFJI,7,2034,1.7
GLOBAL,LNDAGRFJIC03,WTRSURFJI,7,2035,1.7
GLOBAL,LNDAGRFJIC03,WTRSURFJI,7,2036,1.7
GLOBAL,LNDAGRFJIC03,WTRSURFJI,7,2037,1.7
GLOBAL,LNDAGRFJIC03,WTRSURFJI,7,2038,1.7
GLOBAL,LNDAGRFJIC03,WTRSURFJI,7,2039,1.7
GLOBAL,LNDAGRFJIC03,WTRSURFJI,7,2040,1.7
GLOBAL,LNDAGRFJIC03,WTRSURFJI,7,2041,1.7
GLOBAL,LNDAGRFJIC03,WTRSURFJI,7,2042,1.7
GLOBAL,LNDAGRFJIC03,WTRSURFJI,7,2043,1.7
GLOBAL,LNDAGRFJIC03,WTRSURFJI,7,2044,1.7
GLOBAL,LNDAGRFJIC03,WTRSURFJI,7,2045,1.7
GLOBAL,LNDAGRFJIC03,WTRSURFJI,7,2046,1.7
GLOBAL,LNDAGRFJIC03,WTRSURFJI,7,2047,1.7
GLOBAL,LNDAGRFJIC03,WTRSURFJI,7,2048,1.7
GLOBAL,LNDAGRFJIC03,WTRSURFJI,7,2049,1.7
GLOBAL,LNDAGRFJIC03,WTRSURFJI,7,2050,1.7
GLOBAL,LNDAGRFJIC03,CRPCON,8,2020,0.33
GLOBAL,LNDAGRFJIC03,CRPCON,8,2021,0.33
GLOBAL,LNDAGRFJIC03,CRPCON,8,2022,0.33
GLOBAL,LNDAGRFJIC03,CRPCON,8,2023,0.33
GLOBAL,LNDAGRFJIC03,CRPCON,8,2024,0.33
GLOBAL,LNDAGRFJIC03,CRPCON,8,2025,0.33
GLOBAL,LNDAGRFJIC03,CRPCON,8,2026,0.33
GLOBAL,LNDAGRFJIC03,CRPCON,8,2027,0.33
GLOBAL,LNDAGRFJIC03,CRPCON,8,2028,0.33
GLOBAL,LNDAGRFJIC03,CRPCON,8,2029,0.33
GLOBAL,LNDAGRFJIC03,CRPCON,8,2030,0.33
GLOBAL,LNDAGRFJIC03,CRPCON,8,2031,0.33
GLOBAL,LNDAGRFJIC03,CRPCON,8,2032,0.33
GLOBAL,LNDAGRFJIC03,CRPCON,8,2033,0.33
GLOBAL,LNDAGRFJIC03,CRPCON,8,2034,0.33
GLOBAL,LNDAGRFJIC03,CRPCON,8,2035,0.33
GLOBAL,LNDAGRFJIC03,CRPCON,8,2036,0.33
GLOBAL,LNDAGRFJIC03,CRPCON,8,2037,0.33
GLOBAL,LNDAGRFJIC03,CRPCON,8,2038,0.33
GLOBAL,LNDAGRFJIC03,CRPCON,8,2039,0.33
GLOBAL,LNDAGRFJIC03,CRPCON,8,2040,0.33
GLOBAL,LNDAGRFJIC03,CRPCON,8,2041,0.33
GLOBAL,LNDAGRFJIC03,CRPCON,8,2042,0.33
GLOBAL,LNDAGRFJIC03,CRPCON,8,2043,0.33
GLOBAL,LNDAGRFJIC03,CRPCON,8,2044,0.33
GLOBAL,LNDAGRFJIC03,CRPCON,8,2045,0.33
GLOBAL,LNDAGRFJIC03,CRPCON,8,2046,0.33
GLOBAL,LNDAGRFJIC03,CRPCON,8,2047,0.33
GLOBAL,LNDAGRFJIC03,CRPCON,8,2048,0.33
GLOBAL,LNDAGRFJIC03,CRPCON,8,2049,0.33
GLOBAL,LNDAGRFJIC03,CRPCON,8,2050,0.33
GLOBAL,LNDAGRFJIC03,WTREVTFJI,8,2020,0.74
GLOBAL,LNDAGRFJIC03,WTREVTFJI,8,2021,0.74
GLOBAL,LNDAGRFJIC03,WTREVTFJI,8,2022,0.74
GLOBAL,LNDAGRFJIC03,WTREVTFJI,8,2023,0.74
GLOBAL,LNDAGRFJIC03,WTREVTFJI,8,2024,0.74
GLOBAL,LNDAGRFJIC03,WTREVTFJI,8,2025,0.74
GLOBAL,LNDAGRFJIC03,WTREVTFJI,8,2026,0.74
GLOBAL,LNDAGRFJIC03,WTREVTFJI,8,2027,0.74
GLOBAL,LNDAGRFJIC03,WTREVTFJI,8,2028,0.74
GLOBAL,LNDAGRFJIC03,WTREVTFJI,8,2029,0.74
GLOBAL,LNDAGRFJIC03,WTREVTFJI,8,2030,0.74
GLOBAL,LNDAGRFJIC03,WTREVTFJI,8,2031,0.74
GLOBAL,LNDAGRFJIC03,WTREVTFJI,8,2032,0.74
GLOBAL,LNDAGRFJIC03,WTREVTFJI,8,2033,0.74
GLOBAL,LNDAGRFJIC03,WTREVTFJI,8,2034,0.74
GLOBAL,LNDAGRFJIC03,WTREVTFJI,8,2035,0.74
GLOBAL,LNDAGRFJIC03,WTREVTFJI,8,2036,0.74
GLOBAL,LNDAGRFJIC03,WTREVTFJI,8,2037,0.74
GLOBAL,LNDAGRFJIC03,WTREVTFJI,8,2038,0.74
GLOBAL,LNDAGRFJIC03,WTREVTFJI,8,2039,0.74
GLOBAL,LNDAGRFJIC03,WTREVTFJI,8,2040,0.74
GLOBAL,LNDAGRFJIC03,WTREVTFJI,8,2041,0.74
GLOBAL,LNDAGRFJIC03,WTREVTFJI,8,2042,0.74
GLOBAL,LNDAGRFJIC03,WTREVTFJI,8,2043,0.74
GLOBAL,LNDAGRFJIC03,WTREVTFJI,8,2044,0.74
GLOBAL,LNDAGRFJIC03,WTREVTFJI,8,2045,0.74
GLOBAL,LNDAGRFJIC03,WTREVTFJI,8,2046,0.74
GLOBAL,LNDAGRFJIC03,WTREVTFJI,8,2047,0.74
GLOBAL,LNDAGRFJIC03,WTREVTFJI,8,2048,0.74
GLOBAL,LNDAGRFJIC03,WTREVTFJI,8,2049,0.74
GLOBAL,LNDAGRFJIC03,WTREVTFJI,8,2050,0.74
GLOBAL,LNDAGRFJIC03,WTRGRCFJI,8,2020,0.10
GLOBAL,LNDAGRFJIC03,WTRGRCFJI,8,2021,0.10
GLOBAL,LNDAGRFJIC03,WTRGRCFJI,8,2022,0.10
GLOBAL,LNDAGRFJIC03,WTRGRCFJI,8,2023,0.10
GLOBAL,LNDAGRFJIC03,WTRGRCFJI,8,2024,0.10
GLOBAL,LNDAGRFJIC03,WTRGRCFJI,8,2025,0.10
GLOBAL,LNDAGRFJIC03,WTRGRCFJI,8,2026,0.10
GLOBAL,LNDAGRFJIC03,WTRGRCFJI,8,2027,0.10
GLOBAL,LNDAGRFJIC03,WTRGRCFJI,8,2028,0.10
GLOBAL,LNDAGRFJIC03,WTRGRCFJI,8,2029,0.10
GLOBAL,LNDAGRFJIC03,WTRGRCFJI,8,2030,0.10
GLOBAL,LNDAGRFJIC03,WTRGRCFJI,8,2031,0.10
GLOBAL,LNDAGRFJIC03,WTRGRCFJI,8,2032,0.10
GLOBAL,LNDAGRFJIC03,WTRGRCFJI,8,2033,0.10
GLOBAL,LNDAGRFJIC03,WTRGRCFJI,8,2034,0.10
GLOBAL,LNDAGRFJIC03,WTRGRCFJI,8,2035,0.10
GLOBAL,LNDAGRFJIC03,WTRGRCFJI,8,2036,0.10
GLOBAL,LNDAGRFJIC03,WTRGRCFJI,8,2037,0.10
GLOBAL,LNDAGRFJIC03,WTRGRCFJI,8,2038,0.10
GLOBAL,LNDAGRFJIC03,WTRGRCFJI,8,2039,0.10
GLOBAL,LNDAGRFJIC03,WTRGRCFJI,8,2040,0.10
GLOBAL,LNDAGRFJIC03,WTRGRCFJI,8,2041,0.10
GLOBAL,LNDAGRFJIC03,WTRGRCFJI,8,2042,0.10
GLOBAL,LNDAGRFJIC03,WTRGRCFJI,8,2043,0.10
GLOBAL,LNDAGRFJIC03,WTRGRCFJI,8,2044,0.10
GLOBAL,LNDAGRFJIC03,WTRGRCFJI,8,2045,0.10
GLOBAL,LNDAGRFJIC03,WTRGRCFJI,8,2046,0.10
GLOBAL,LNDAGRFJIC03,WTRGRCFJI,8,2047,0.10
GLOBAL,LNDAGRFJIC03,WTRGRCFJI,8,2048,0.10
GLOBAL,LNDAGRFJIC03,WTRGRCFJI,8,2049,0.10
GLOBAL,LNDAGRFJIC03,WTRGRCFJI,8,2050,0.10
GLOBAL,LNDAGRFJIC03,WTRSURFJI,8,2020,1.9
GLOBAL,LNDAGRFJIC03,WTRSURFJI,8,2021,1.9
GLOBAL,LNDAGRFJIC03,WTRSURFJI,8,2022,1.9
GLOBAL,LNDAGRFJIC03,WTRSURFJI,8,2023,1.9
GLOBAL,LNDAGRFJIC03,WTRSURFJI,8,2024,1.9
GLOBAL,LNDAGRFJIC03,WTRSURFJI,8,2025,1.9
GLOBAL,LNDAGRFJIC03,WTRSURFJI,8,2026,1.9
GLOBAL,LNDAGRFJIC03,WTRSURFJI,8,2027,1.9
GLOBAL,LNDAGRFJIC03,WTRSURFJI,8,2028,1.9
GLOBAL,LNDAGRFJIC03,WTRSURFJI,8,2029,1.9
GLOBAL,LNDAGRFJIC03,WTRSURFJI,8,2030,1.9
GLOBAL,LNDAGRFJIC03,WTRSURFJI,8,2031,1.9
GLOBAL,LNDAGRFJIC03,WTRSURFJI,8,2032,1.9
GLOBAL,LNDAGRFJIC03,WTRSURFJI,8,2033,1.9
GLOBAL,LNDAGRFJIC03,WTRSURFJI,8,2034,1.9
GLOBAL,LNDAGRFJIC03,WTRSURFJI,8,2035,1.9
GLOBAL,LNDAGRFJIC03,WTRSURFJI,8,2036,1.9
GLOBAL,LNDAGRFJIC03,WTRSURFJI,8,2037,1.9
GLOBAL,LNDAGRFJIC03,WTRSURFJI,8,2038,1.9
GLOBAL,LNDAGRFJIC03,WTRSURFJI,8,2039,1.9
GLOBAL,LNDAGRFJIC03,WTRSURFJI,8,2040,1.9
GLOBAL,LNDAGRFJIC03,WTRSURFJI,8,2041,1.9
GLOBAL,LNDAGRFJIC03,WTRSURFJI,8,2042,1.9
GLOBAL,LNDAGRFJIC03,WTRSURFJI,8,2043,1.9
GLOBAL,LNDAGRFJIC03,WTRSURFJI,8,2044,1.9
GLOBAL,LNDAGRFJIC03,WTRSURFJI,8,2045,1.9
GLOBAL,LNDAGRFJIC03,WTRSURFJI,8,2046,1.9
GLOBAL,LNDAGRFJIC03,WTRSURFJI,8,2047,1.9
GLOBAL,LNDAGRFJIC03,WTRSURFJI,8,2048,1.9
GLOBAL,LNDAGRFJIC03,WTRSURFJI,8,2049,1.9
GLOBAL,LNDAGRFJIC03,WTRSURFJI,8,2050,1.9
GLOBAL,LNDAGRFJIC03,CRPCON,9,2020,0.33
GLOBAL,LNDAGRFJIC03,CRPCON,9,2021,0.33
GLOBAL,LNDAGRFJIC03,CRPCON,9,2022,0.33
GLOBAL,LNDAGRFJIC03,CRPCON,9,2023,0.33
GLOBAL,LNDAGRFJIC03,CRPCON,9,2024,0.33
GLOBAL,LNDAGRFJIC03,CRPCON,9,2025,0.33
GLOBAL,LNDAGRFJIC03,CRPCON,9,2026,0.33
GLOBAL,LNDAGRFJIC03,CRPCON,9,2027,0.33
GLOBAL,LNDAGRFJIC03,CRPCON,9,2028,0.33
GLOBAL,LNDAGRFJIC03,CRPCON,9,2029,0.33
GLOBAL,LNDAGRFJIC03,CRPCON,9,2030,0.33
GLOBAL,LNDAGRFJIC03,CRPCON,9,2031,0.33
GLOBAL,LNDAGRFJIC03,CRPCON,9,2032,0.33
GLOBAL,LNDAGRFJIC03,CRPCON,9,2033,0.33
GLOBAL,LNDAGRFJIC03,CRPCON,9,2034,0.33
GLOBAL,LNDAGRFJIC03,CRPCON,9,2035,0.33
GLOBAL,LNDAGRFJIC03,CRPCON,9,2036,0.33
GLOBAL,LNDAGRFJIC03,CRPCON,9,2037,0.33
GLOBAL,LNDAGRFJIC03,CRPCON,9,2038,0.33
GLOBAL,LNDAGRFJIC03,CRPCON,9,2039,0.33
GLOBAL,LNDAGRFJIC03,CRPCON,9,2040,0.33
GLOBAL,LNDAGRFJIC03,CRPCON,9,2041,0.33
GLOBAL,LNDAGRFJIC03,CRPCON,9,2042,0.33
GLOBAL,LNDAGRFJIC03,CRPCON,9,2043,0.33
GLOBAL,LNDAGRFJIC03,CRPCON,9,2044,0.33
GLOBAL,LNDAGRFJIC03,CRPCON,9,2045,0.33
GLOBAL,LNDAGRFJIC03,CRPCON,9,2046,0.33
GLOBAL,LNDAGRFJIC03,CRPCON,9,2047,0.33
GLOBAL,LNDAGRFJIC03,CRPCON,9,2048,0.33
GLOBAL,LNDAGRFJIC03,CRPCON,9,2049,0.33
GLOBAL,LNDAGRFJIC03,CRPCON,9,2050,0.33
GLOBAL,LNDAGRFJIC03,WTREVTFJI,9,2020,0.60
GLOBAL,LNDAGRFJIC03,WTREVTFJI,9,2021,0.60
GLOBAL,LNDAGRFJIC03,WTREVTFJI,9,2022,0.60
GLOBAL,LNDAGRFJIC03,WTREVTFJI,9,2023,0.60
GLOBAL,LNDAGRFJIC03,WTREVTFJI,9,2024,0.60
GLOBAL,LNDAGRFJIC03,WTREVTFJI,9,2025,0.60
GLOBAL,LNDAGRFJIC03,WTREVTFJI,9,2026,0.60
GLOBAL,LNDAGRFJIC03,WTREVTFJI,9,2027,0.60
GLOBAL,LNDAGRFJIC03,WTREVTFJI,9,2028,0.60
GLOBAL,LNDAGRFJIC03,WTREVTFJI,9,2029,0.60
GLOBAL,LNDAGRFJIC03,WTREVTFJI,9,2030,0.60
GLOBAL,LNDAGRFJIC03,WTREVTFJI,9,2031,0.60
GLOBAL,LNDAGRFJIC03,WTREVTFJI,9,2032,0.60
GLOBAL,LNDAGRFJIC03,WTREVTFJI,9,2033,0.60
GLOBAL,LNDAGRFJIC03,WTREVTFJI,9,2034,0.60
GLOBAL,LNDAGRFJIC03,WTREVTFJI,9,2035,0.60
GLOBAL,LNDAGRFJIC03,WTREVTFJI,9,2036,0.60
GLOBAL,LNDAGRFJIC03,WTREVTFJI,9,2037,0.60
GLOBAL,LNDAGRFJIC03,WTREVTFJI,9,2038,0.60
GLOBAL,LNDAGRFJIC03,WTREVTFJI,9,2039,0.60
GLOBAL,LNDAGRFJIC03,WTREVTFJI,9,2040,0.60
GLOBAL,LNDAGRFJIC03,WTREVTFJI,9,2041,0.60
GLOBAL,LNDAGRFJIC03,WTREVTFJI,9,2042,0.60
GLOBAL,LNDAGRFJIC03,WTREVTFJI,9,2043,0.60
GLOBAL,LNDAGRFJIC03,WTREVTFJI,9,2044,0.60
GLOBAL,LNDAGRFJIC03,WTREVTFJI,9,2045,0.60
GLOBAL,LNDAGRFJIC03,WTREVTFJI,9,2046,0.60
GLOBAL,LNDAGRFJIC03,WTREVTFJI,9,2047,0.60
GLOBAL,LNDAGRFJIC03,WTREVTFJI,9,2048,0.60
GLOBAL,LNDAGRFJIC03,WTREVTFJI,9,2049,0.60
GLOBAL,LNDAGRFJIC03,WTREVTFJI,9,2050,0.60
GLOBAL,LNDAGRFJIC03,WTRGRCFJI,9,2020,0.11
GLOBAL,LNDAGRFJIC03,WTRGRCFJI,9,2021,0.11
GLOBAL,LNDAGRFJIC03,WTRGRCFJI,9,2022,0.11
GLOBAL,LNDAGRFJIC03,WTRGRCFJI,9,2023,0.11
GLOBAL,LNDAGRFJIC03,WTRGRCFJI,9,2024,0.11
GLOBAL,LNDAGRFJIC03,WTRGRCFJI,9,2025,0.11
GLOBAL,LNDAGRFJIC03,WTRGRCFJI,9,2026,0.11
GLOBAL,LNDAGRFJIC03,WTRGRCFJI,9,2027,0.11
GLOBAL,LNDAGRFJIC03,WTRGRCFJI,9,2028,0.11
GLOBAL,LNDAGRFJIC03,WTRGRCFJI,9,2029,0.11
GLOBAL,LNDAGRFJIC03,WTRGRCFJI,9,2030,0.11
GLOBAL,LNDAGRFJIC03,WTRGRCFJI,9,2031,0.11
GLOBAL,LNDAGRFJIC03,WTRGRCFJI,9,2032,0.11
GLOBAL,LNDAGRFJIC03,WTRGRCFJI,9,2033,0.11
GLOBAL,LNDAGRFJIC03,WTRGRCFJI,9,2034,0.11
GLOBAL,LNDAGRFJIC03,WTRGRCFJI,9,2035,0.11
GLOBAL,LNDAGRFJIC03,WTRGRCFJI,9,2036,0.11
GLOBAL,LNDAGRFJIC03,WTRGRCFJI,9,2037,0.11
GLOBAL,LNDAGRFJIC03,WTRGRCFJI,9,2038,0.11
GLOBAL,LNDAGRFJIC03,WTRGRCFJI,9,2039,0.11
GLOBAL,LNDAGRFJIC03,WTRGRCFJI,9,2040,0.11
GLOBAL,LNDAGRFJIC03,WTRGRCFJI,9,2041,0.11
GLOBAL,LNDAGRFJIC03,WTRGRCFJI,9,2042,0.11
GLOBAL,LNDAGRFJIC03,WTRGRCFJI,9,2043,0.11
GLOBAL,LNDAGRFJIC03,WTRGRCFJI,9,2044,0.11
GLOBAL,LNDAGRFJIC03,WTRGRCFJI,9,2045,0.11
GLOBAL,LNDAGRFJIC03,WTRGRCFJI,9,2046,0.11
GLOBAL,LNDAGRFJIC03,WTRGRCFJI,9,2047,0.11
GLOBAL,LNDAGRFJIC03,WTRGRCFJI,9,2048,0.11
GLOBAL,LNDAGRFJIC03,WTRGRCFJI,9,2049,0.11
GLOBAL,LNDAGRFJIC03,WTRGRCFJI,9,2050,0.11
GLOBAL,LNDAGRFJIC03,WTRSURFJI,9,2020,2.0
GLOBAL,LNDAGRFJIC03,WTRSURFJI,9,2021,2.0
GLOBAL,LNDAGRFJIC03,WTRSURFJI,9,2022,2.0
GLOBAL,LNDAGRFJIC03,WTRSURFJI,9,2023,2.0
GLOBAL,LNDAGRFJIC03,WTRSURFJI,9,2024,2.0
GLOBAL,LNDAGRFJIC03,WTRSURFJI,9,2025,2.0
GLOBAL,LNDAGRFJIC03,WTRSURFJI,9,2026,2.0
GLOBAL,LNDAGRFJIC03,WTRSURFJI,9,2027,2.0
GLOBAL,LNDAGRFJIC03,WTRSURFJI,9,2028,2.0
GLOBAL,LNDAGRFJIC03,WTRSURFJI,9,2029,2.0
GLOBAL,LNDAGRFJIC03,WTRSURFJI,9,2030,2.0
GLOBAL,LNDAGRFJIC03,WTRSURFJI,9,2031,2.0
GLOBAL,LNDAGRFJIC03,WTRSURFJI,9,2032,2.0
GLOBAL,LNDAGRFJIC03,WTRSURFJI,9,2033,2.0
GLOBAL,LNDAGRFJIC03,WTRSURFJI,9,2034,2.0
GLOBAL,LNDAGRFJIC03,WTRSURFJI,9,2035,2.0
GLOBAL,LNDAGRFJIC03,WTRSURFJI,9,2036,2.0
GLOBAL,LNDAGRFJIC03,WTRSURFJI,9,2037,2.0
GLOBAL,LNDAGRFJIC03,WTRSURFJI,9,2038,2.0
GLOBAL,LNDAGRFJIC03,WTRSURFJI,9,2039,2.0
GLOBAL,LNDAGRFJIC03,WTRSURFJI,9,2040,2.0
GLOBAL,LNDAGRFJIC03,WTRSURFJI,9,2041,2.0
GLOBAL,LNDAGRFJIC03,WTRSURFJI,9,2042,2.0
GLOBAL,LNDAGRFJIC03,WTRSURFJI,9,2043,2.0
GLOBAL,LNDAGRFJIC03,WTRSURFJI,9,2044,2.0
GLOBAL,LNDAGRFJIC03,WTRSURFJI,9,2045,2.0
GLOBAL,LNDAGRFJIC03,WTRSURFJI,9,2046,2.0
GLOBAL,LNDAGRFJIC03,WTRSURFJI,9,2047,2.0
GLOBAL,LNDAGRFJIC03,WTRSURFJI,9,2048,2.0
GLOBAL,LNDAGRFJIC03,WTRSURFJI,9,2049,2.0
GLOBAL,LNDAGRFJIC03,WTRSURFJI,9,2050,2.0
GLOBAL,LNDAGRFJIC03,CRPCON,10,2020,0.086
GLOBAL,LNDAGRFJIC03,CRPCON,10,2021,0.086
GLOBAL,LNDAGRFJIC03,CRPCON,10,2022,0.086
GLOBAL,LNDAGRFJIC03,CRPCON,10,2023,0.086
GLOBAL,LNDAGRFJIC03,CRPCON,10,2024,0.086
GLOBAL,LNDAGRFJIC03,CRPCON,10,2025,0.086
GLOBAL,LNDAGRFJIC03,CRPCON,10,2026,0.086
GLOBAL,LNDAGRFJIC03,CRPCON,10,2027,0.086
GLOBAL,LNDAGRFJIC03,CRPCON,10,2028,0.086
GLOBAL,LNDAGRFJIC03,CRPCON,10,2029,0.086
GLOBAL,LNDAGRFJIC03,CRPCON,10,2030,0.086
GLOBAL,LNDAGRFJIC03,CRPCON,10,2031,0.086
GLOBAL,LNDAGRFJIC03,CRPCON,10,2032,0.086
GLOBAL,LNDAGRFJIC03,CRPCON,10,2033,0.086
GLOBAL,LNDAGRFJIC03,CRPCON,10,2034,0.086
GLOBAL,LNDAGRFJIC03,CRPCON,10,2035,0.086
GLOBAL,LNDAGRFJIC03,CRPCON,10,2036,0.086
GLOBAL,LNDAGRFJIC03,CRPCON,10,2037,0.086
GLOBAL,LNDAGRFJIC03,CRPCON,10,2038,0.086
GLOBAL,LNDAGRFJIC03,CRPCON,10,2039,0.086
GLOBAL,LNDAGRFJIC03,CRPCON,10,2040,0.086
GLOBAL,LNDAGRFJIC03,CRPCON,10,2041,0.086
GLOBAL,LNDAGRFJIC03,CRPCON,10,2042,0.086
GLOBAL,LNDAGRFJIC03,CRPCON,10,2043,0.086
GLOBAL,LNDAGRFJIC03,CRPCON,10,2044,0.086
GLOBAL,LNDAGRFJIC03,CRPCON,10,2045,0.086
GLOBAL,LNDAGRFJIC03,CRPCON,10,2046,0.086
GLOBAL,LNDAGRFJIC03,CRPCON,10,2047,0.086
GLOBAL,LNDAGRFJIC03,CRPCON,10,2048,0.086
GLOBAL,LNDAGRFJIC03,CRPCON,10,2049,0.086
GLOBAL,LNDAGRFJIC03,CRPCON,10,2050,0.086
GLOBAL,LNDAGRFJIC03,WTREVTFJI,10,2020,0.45
GLOBAL,LNDAGRFJIC03,WTREVTFJI,10,2021,0.45
GLOBAL,LNDAGRFJIC03,WTREVTFJI,10,2022,0.45
GLOBAL,LNDAGRFJIC03,WTREVTFJI,10,2023,0.45
GLOBAL,LNDAGRFJIC03,WTREVTFJI,10,2024,0.45
GLOBAL,LNDAGRFJIC03,WTREVTFJI,10,2025,0.45
GLOBAL,LNDAGRFJIC03,WTREVTFJI,10,2026,0.45
GLOBAL,LNDAGRFJIC03,WTREVTFJI,10,2027,0.45
GLOBAL,LNDAGRFJIC03,WTREVTFJI,10,2028,0.45
GLOBAL,LNDAGRFJIC03,WTREVTFJI,10,2029,0.45
GLOBAL,LNDAGRFJIC03,WTREVTFJI,10,2030,0.45
GLOBAL,LNDAGRFJIC03,WTREVTFJI,10,2031,0.45
GLOBAL,LNDAGRFJIC03,WTREVTFJI,10,2032,0.45
GLOBAL,LNDAGRFJIC03,WTREVTFJI,10,2033,0.45
GLOBAL,LNDAGRFJIC03,WTREVTFJI,10,2034,0.45
GLOBAL,LNDAGRFJIC03,WTREVTFJI,10,2035,0.45
GLOBAL,LNDAGRFJIC03,WTREVTFJI,10,2036,0.45
GLOBAL,LNDAGRFJIC03,WTREVTFJI,10,2037,0.45
GLOBAL,LNDAGRFJIC03,WTREVTFJI,10,2038,0.45
GLOBAL,LNDAGRFJIC03,WTREVTFJI,10,2039,0.45
GLOBAL,LNDAGRFJIC03,WTREVTFJI,10,2040,0.45
GLOBAL,LNDAGRFJIC03,WTREVTFJI,10,2041,0.45
GLOBAL,LNDAGRFJIC03,WTREVTFJI,10,2042,0.45
GLOBAL,LNDAGRFJIC03,WTREVTFJI,10,2043,0.45
GLOBAL,LNDAGRFJIC03,WTREVTFJI,10,2044,0.45
GLOBAL,LNDAGRFJIC03,WTREVTFJI,10,2045,0.45
GLOBAL,LNDAGRFJIC03,WTREVTFJI,10,2046,0.45
GLOBAL,LNDAGRFJIC03,WTREVTFJI,10,2047,0.45
GLOBAL,LNDAGRFJIC03,WTREVTFJI,10,2048,0.45
GLOBAL,LNDAGRFJIC03,WTREVTFJI,10,2049,0.45
GLOBAL,LNDAGRFJIC03,WTREVTFJI,10,2050,0.45
GLOBAL,LNDAGRFJIC03,WTRGRCFJI,10,2020,0.11
GLOBAL,LNDAGRFJIC03,WTRGRCFJI,10,2021,0.11
GLOBAL,LNDAGRFJIC03,WTRGRCFJI,10,2022,0.11
GLOBAL,LNDAGRFJIC03,WTRGRCFJI,10,2023,0.11
GLOBAL,LNDAGRFJIC03,WTRGRCFJI,10,2024,0.11
GLOBAL,LNDAGRFJIC03,WTRGRCFJI,10,2025,0.11
GLOBAL,LNDAGRFJIC03,WTRGRCFJI,10,2026,0.11
GLOBAL,LNDAGRFJIC03,WTRGRCFJI,10,2027,0.11
GLOBAL,LNDAGRFJIC03,WTRGRCFJI,10,2028,0.11
GLOBAL,LNDAGRFJIC03,WTRGRCFJI,10,2029,0.11
GLOBAL,LNDAGRFJIC03,WTRGRCFJI,10,2030,0.11
GLOBAL,LNDAGRFJIC03,WTRGRCFJI,10,2031,0.11
GLOBAL,LNDAGRFJIC03,WTRGRCFJI,10,2032,0.11
GLOBAL,LNDAGRFJIC03,WTRGRCFJI,10,2033,0.11
GLOBAL,LNDAGRFJIC03,WTRGRCFJI,10,2034,0.11
GLOBAL,LNDAGRFJIC03,WTRGRCFJI,10,2035,0.11
GLOBAL,LNDAGRFJIC03,WTRGRCFJI,10,2036,0.11
GLOBAL,LNDAGRFJIC03,WTRGRCFJI,10,2037,0.11
GLOBAL,LNDAGRFJIC03,WTRGRCFJI,10,2038,0.11
GLOBAL,LNDAGRFJIC03,WTRGRCFJI,10,2039,0.11
GLOBAL,LNDAGRFJIC03,WTRGRCFJI,10,2040,0.11
GLOBAL,LNDAGRFJIC03,WTRGRCFJI,10,2041,0.11
GLOBAL,LNDAGRFJIC03,WTRGRCFJI,10,2042,0.11
GLOBAL,LNDAGRFJIC03,WTRGRCFJI,10,2043,0.11
GLOBAL,LNDAGRFJIC03,WTRGRCFJI,10,2044,0.11
GLOBAL,LNDAGRFJIC03,WTRGRCFJI,10,2045,0.11
GLOBAL,LNDAGRFJIC03,WTRGRCFJI,10,2046,0.11
GLOBAL,LNDAGRFJIC03,WTRGRCFJI,10,2047,0.11
GLOBAL,LNDAGRFJIC03,WTRGRCFJI,10,2048,0.11
GLOBAL,LNDAGRFJIC03,WTRGRCFJI,10,2049,0.11
GLOBAL,LNDAGRFJIC03,WTRGRCFJI,10,2050,0.11
GLOBAL,LNDAGRFJIC03,WTRSURFJI,10,2020,2.1
GLOBAL,LNDAGRFJIC03,WTRSURFJI,10,2021,2.1
GLOBAL,LNDAGRFJIC03,WTRSURFJI,10,2022,2.1
GLOBAL,LNDAGRFJIC03,WTRSURFJI,10,2023,2.1
GLOBAL,LNDAGRFJIC03,WTRSURFJI,10,2024,2.1
GLOBAL,LNDAGRFJIC03,WTRSURFJI,10,2025,2.1
GLOBAL,LNDAGRFJIC03,WTRSURFJI,10,2026,2.1
GLOBAL,LNDAGRFJIC03,WTRSURFJI,10,2027,2.1
GLOBAL,LNDAGRFJIC03,WTRSURFJI,10,2028,2.1
GLOBAL,LNDAGRFJIC03,WTRSURFJI,10,2029,2.1
GLOBAL,LNDAGRFJIC03,WTRSURFJI,10,2030,2.1
GLOBAL,LNDAGRFJIC03,WTRSURFJI,10,2031,2.1
GLOBAL,LNDAGRFJIC03,WTRSURFJI,10,2032,2.1
GLOBAL,LNDAGRFJIC03,WTRSURFJI,10,2033,2.1
GLOBAL,LNDAGRFJIC03,WTRSURFJI,10,2034,2.1
GLOBAL,LNDAGRFJIC03,WTRSURFJI,10,2035,2.1
GLOBAL,LNDAGRFJIC03,WTRSURFJI,10,2036,2.1
GLOBAL,LNDAGRFJIC03,WTRSURFJI,10,2037,2.1
GLOBAL,LNDAGRFJIC03,WTRSURFJI,10,2038,2.1
GLOBAL,LNDAGRFJIC03,WTRSURFJI,10,2039,2.1
GLOBAL,LNDAGRFJIC03,WTRSURFJI,10,2040,2.1
GLOBAL,LNDAGRFJIC03,WTRSURFJI,10,2041,2.1
GLOBAL,LNDAGRFJIC03,WTRSURFJI,10,2042,2.1
GLOBAL,LNDAGRFJIC03,WTRSURFJI,10,2043,2.1
GLOBAL,LNDAGRFJIC03,WTRSURFJI,10,2044,2.1
GLOBAL,LNDAGRFJIC03,WTRSURFJI,10,2045,2.1
GLOBAL,LNDAGRFJIC03,WTRSURFJI,10,2046,2.1
GLOBAL,LNDAGRFJIC03,WTRSURFJI,10,2047,2.1
GLOBAL,LNDAGRFJIC03,WTRSURFJI,10,2048,2.1
GLOBAL,LNDAGRFJIC03,WTRSURFJI,10,2049,2.1
GLOBAL,LNDAGRFJIC03,WTRSURFJI,10,2050,2.1
GLOBAL,LNDAGRFJIC03,CRPCAS,11,2020,0.91
GLOBAL,LNDAGRFJIC03,CRPCAS,11,2021,0.91
GLOBAL,LNDAGRFJIC03,CRPCAS,11,2022,0.91
GLOBAL,LNDAGRFJIC03,CRPCAS,11,2023,0.91
GLOBAL,LNDAGRFJIC03,CRPCAS,11,2024,0.91
GLOBAL,LNDAGRFJIC03,CRPCAS,11,2025,0.91
GLOBAL,LNDAGRFJIC03,CRPCAS,11,2026,0.91
GLOBAL,LNDAGRFJIC03,CRPCAS,11,2027,0.91
GLOBAL,LNDAGRFJIC03,CRPCAS,11,2028,0.91
GLOBAL,LNDAGRFJIC03,CRPCAS,11,2029,0.91
GLOBAL,LNDAGRFJIC03,CRPCAS,11,2030,0.91
GLOBAL,LNDAGRFJIC03,CRPCAS,11,2031,0.91
GLOBAL,LNDAGRFJIC03,CRPCAS,11,2032,0.91
GLOBAL,LNDAGRFJIC03,CRPCAS,11,2033,0.91
GLOBAL,LNDAGRFJIC03,CRPCAS,11,2034,0.91
GLOBAL,LNDAGRFJIC03,CRPCAS,11,2035,0.91
GLOBAL,LNDAGRFJIC03,CRPCAS,11,2036,0.91
GLOBAL,LNDAGRFJIC03,CRPCAS,11,2037,0.91
GLOBAL,LNDAGRFJIC03,CRPCAS,11,2038,0.91
GLOBAL,LNDAGRFJIC03,CRPCAS,11,2039,0.91
GLOBAL,LNDAGRFJIC03,CRPCAS,11,2040,0.91
GLOBAL,LNDAGRFJIC03,CRPCAS,11,2041,0.91
GLOBAL,LNDAGRFJIC03,CRPCAS,11,2042,0.91
GLOBAL,LNDAGRFJIC03,CRPCAS,11,2043,0.91
GLOBAL,LNDAGRFJIC03,CRPCAS,11,2044,0.91
GLOBAL,LNDAGRFJIC03,CRPCAS,11,2045,0.91
GLOBAL,LNDAGRFJIC03,CRPCAS,11,2046,0.91
GLOBAL,LNDAGRFJIC03,CRPCAS,11,2047,0.91
GLOBAL,LNDAGRFJIC03,CRPCAS,11,2048,0.91
GLOBAL,LNDAGRFJIC03,CRPCAS,11,2049,0.91
GLOBAL,LNDAGRFJIC03,CRPCAS,11,2050,0.91
GLOBAL,LNDAGRFJIC03,WTREVTFJI,11,2020,0.92
GLOBAL,LNDAGRFJIC03,WTREVTFJI,11,2021,0.92
GLOBAL,LNDAGRFJIC03,WTREVTFJI,11,2022,0.92
GLOBAL,LNDAGRFJIC03,WTREVTFJI,11,2023,0.92
GLOBAL,LNDAGRFJIC03,WTREVTFJI,11,2024,0.92
GLOBAL,LNDAGRFJIC03,WTREVTFJI,11,2025,0.92
GLOBAL,LNDAGRFJIC03,WTREVTFJI,11,2026,0.92
GLOBAL,LNDAGRFJIC03,WTREVTFJI,11,2027,0.92
GLOBAL,LNDAGRFJIC03,WTREVTFJI,11,2028,0.92
GLOBAL,LNDAGRFJIC03,WTREVTFJI,11,2029,0.92
GLOBAL,LNDAGRFJIC03,WTREVTFJI,11,2030,0.92
GLOBAL,LNDAGRFJIC03,WTREVTFJI,11,2031,0.92
GLOBAL,LNDAGRFJIC03,WTREVTFJI,11,2032,0.92
GLOBAL,LNDAGRFJIC03,WTREVTFJI,11,2033,0.92
GLOBAL,LNDAGRFJIC03,WTREVTFJI,11,2034,0.92
GLOBAL,LNDAGRFJIC03,WTREVTFJI,11,2035,0.92
GLOBAL,LNDAGRFJIC03,WTREVTFJI,11,2036,0.92
GLOBAL,LNDAGRFJIC03,WTREVTFJI,11,2037,0.92
GLOBAL,LNDAGRFJIC03,WTREVTFJI,11,2038,0.92
GLOBAL,LNDAGRFJIC03,WTREVTFJI,11,2039,0.92
GLOBAL,LNDAGRFJIC03,WTREVTFJI,11,2040,0.92
GLOBAL,LNDAGRFJIC03,WTREVTFJI,11,2041,0.92
GLOBAL,LNDAGRFJIC03,WTREVTFJI,11,2042,0.92
GLOBAL,LNDAGRFJIC03,WTREVTFJI,11,2043,0.92
GLOBAL,LNDAGRFJIC03,WTREVTFJI,11,2044,0.92
GLOBAL,LNDAGRFJIC03,WTREVTFJI,11,2045,0.92
GLOBAL,LNDAGRFJIC03,WTREVTFJI,11,2046,0.92
GLOBAL,LNDAGRFJIC03,WTREVTFJI,11,2047,0.92
GLOBAL,LNDAGRFJIC03,WTREVTFJI,11,2048,0.92
GLOBAL,LNDAGRFJIC03,WTREVTFJI,11,2049,0.92
GLOBAL,LNDAGRFJIC03,WTREVTFJI,11,2050,0.92
GLOBAL,LNDAGRFJIC03,WTRGRCFJI,11,2020,0.091
GLOBAL,LNDAGRFJIC03,WTRGRCFJI,11,2021,0.091
GLOBAL,LNDAGRFJIC03,WTRGRCFJI,11,2022,0.091
GLOBAL,LNDAGRFJIC03,WTRGRCFJI,11,2023,0.091
GLOBAL,LNDAGRFJIC03,WTRGRCFJI,11,2024,0.091
GLOBAL,LNDAGRFJIC03,WTRGRCFJI,11,2025,0.091
GLOBAL,LNDAGRFJIC03,WTRGRCFJI,11,2026,0.091
GLOBAL,LNDAGRFJIC03,WTRGRCFJI,11,2027,0.091
GLOBAL,LNDAGRFJIC03,WTRGRCFJI,11,2028,0.091
GLOBAL,LNDAGRFJIC03,WTRGRCFJI,11,2029,0.091
GLOBAL,LNDAGRFJIC03,WTRGRCFJI,11,2030,0.091
GLOBAL,LNDAGRFJIC03,WTRGRCFJI,11,2031,0.091
GLOBAL,LNDAGRFJIC03,WTRGRCFJI,11,2032,0.091
GLOBAL,LNDAGRFJIC03,WTRGRCFJI,11,2033,0.091
GLOBAL,LNDAGRFJIC03,WTRGRCFJI,11,2034,0.091
GLOBAL,LNDAGRFJIC03,WTRGRCFJI,11,2035,0.091
GLOBAL,LNDAGRFJIC03,WTRGRCFJI,11,2036,0.091
GLOBAL,LNDAGRFJIC03,WTRGRCFJI,11,2037,0.091
GLOBAL,LNDAGRFJIC03,WTRGRCFJI,11,2038,0.091
GLOBAL,LNDAGRFJIC03,WTRGRCFJI,11,2039,0.091
GLOBAL,LNDAGRFJIC03,WTRGRCFJI,11,2040,0.091
GLOBAL,LNDAGRFJIC03,WTRGRCFJI,11,2041,0.091
GLOBAL,LNDAGRFJIC03,WTRGRCFJI,11,2042,0.091
GLOBAL,LNDAGRFJIC03,WTRGRCFJI,11,2043,0.091
GLOBAL,LNDAGRFJIC03,WTRGRCFJI,11,2044,0.091
GLOBAL,LNDAGRFJIC03,WTRGRCFJI,11,2045,0.091
GLOBAL,LNDAGRFJIC03,WTRGRCFJI,11,2046,0.091
GLOBAL,LNDAGRFJIC03,WTRGRCFJI,11,2047,0.091
GLOBAL,LNDAGRFJIC03,WTRGRCFJI,11,2048,0.091
GLOBAL,LNDAGRFJIC03,WTRGRCFJI,11,2049,0.091
GLOBAL,LNDAGRFJIC03,WTRGRCFJI,11,2050,0.091
GLOBAL,LNDAGRFJIC03,WTRSURFJI,11,2020,1.7
GLOBAL,LNDAGRFJIC03,WTRSURFJI,11,2021,1.7
GLOBAL,LNDAGRFJIC03,WTRSURFJI,11,2022,1.7
GLOBAL,LNDAGRFJIC03,WTRSURFJI,11,2023,1.7
GLOBAL,LNDAGRFJIC03,WTRSURFJI,11,2024,1.7
GLOBAL,LNDAGRFJIC03,WTRSURFJI,11,2025,1.7
GLOBAL,LNDAGRFJIC03,WTRSURFJI,11,2026,1.7
GLOBAL,LNDAGRFJIC03,WTRSURFJI,11,2027,1.7
GLOBAL,LNDAGRFJIC03,WTRSURFJI,11,2028,1.7
GLOBAL,LNDAGRFJIC03,WTRSURFJI,11,2029,1.7
GLOBAL,LNDAGRFJIC03,WTRSURFJI,11,2030,1.7
GLOBAL,LNDAGRFJIC03,WTRSURFJI,11,2031,1.7
GLOBAL,LNDAGRFJIC03,WTRSURFJI,11,2032,1.7
GLOBAL,LNDAGRFJIC03,WTRSURFJI,11,2033,1.7
GLOBAL,LNDAGRFJIC03,WTRSURFJI,11,2034,1.7
GLOBAL,LNDAGRFJIC03,WTRSURFJI,11,2035,1.7
GLOBAL,LNDAGRFJIC03,WTRSURFJI,11,2036,1.7
GLOBAL,LNDAGRFJIC03,WTRSURFJI,11,2037,1.7
GLOBAL,LNDAGRFJIC03,WTRSURFJI,11,2038,1.7
GLOBAL,LNDAGRFJIC03,WTRSURFJI,11,2039,1.7
GLOBAL,LNDAGRFJIC03,WTRSURFJI,11,2040,1.7
GLOBAL,LNDAGRFJIC03,WTRSURFJI,11,2041,1.7
GLOBAL,LNDAGRFJIC03,WTRSURFJI,11,2042,1.7
GLOBAL,LNDAGRFJIC03,WTRSURFJI,11,2043,1.7
GLOBAL,LNDAGRFJIC03,WTRSURFJI,11,2044,1.7
GLOBAL,LNDAGRFJIC03,WTRSURFJI,11,2045,1.7
GLOBAL,LNDAGRFJIC03,WTRSURFJI,11,2046,1.7
GLOBAL,LNDAGRFJIC03,WTRSURFJI,11,2047,1.7
GLOBAL,LNDAGRFJIC03,WTRSURFJI,11,2048,1.7
GLOBAL,LNDAGRFJIC03,WTRSURFJI,11,2049,1.7
GLOBAL,LNDAGRFJIC03,WTRSURFJI,11,2050,1.7
GLOBAL,LNDAGRFJIC03,CRPYAM,12,2020,0.72
GLOBAL,LNDAGRFJIC03,CRPYAM,12,2021,0.72
GLOBAL,LNDAGRFJIC03,CRPYAM,12,2022,0.72
GLOBAL,LNDAGRFJIC03,CRPYAM,12,2023,0.72
GLOBAL,LNDAGRFJIC03,CRPYAM,12,2024,0.72
GLOBAL,LNDAGRFJIC03,CRPYAM,12,2025,0.72
GLOBAL,LNDAGRFJIC03,CRPYAM,12,2026,0.72
GLOBAL,LNDAGRFJIC03,CRPYAM,12,2027,0.72
GLOBAL,LNDAGRFJIC03,CRPYAM,12,2028,0.72
GLOBAL,LNDAGRFJIC03,CRPYAM,12,2029,0.72
GLOBAL,LNDAGRFJIC03,CRPYAM,12,2030,0.72
GLOBAL,LNDAGRFJIC03,CRPYAM,12,2031,0.72
GLOBAL,LNDAGRFJIC03,CRPYAM,12,2032,0.72
GLOBAL,LNDAGRFJIC03,CRPYAM,12,2033,0.72
GLOBAL,LNDAGRFJIC03,CRPYAM,12,2034,0.72
GLOBAL,LNDAGRFJIC03,CRPYAM,12,2035,0.72
GLOBAL,LNDAGRFJIC03,CRPYAM,12,2036,0.72
GLOBAL,LNDAGRFJIC03,CRPYAM,12,2037,0.72
GLOBAL,LNDAGRFJIC03,CRPYAM,12,2038,0.72
GLOBAL,LNDAGRFJIC03,CRPYAM,12,2039,0.72
GLOBAL,LNDAGRFJIC03,CRPYAM,12,2040,0.72
GLOBAL,LNDAGRFJIC03,CRPYAM,12,2041,0.72
GLOBAL,LNDAGRFJIC03,CRPYAM,12,2042,0.72
GLOBAL,LNDAGRFJIC03,CRPYAM,12,2043,0.72
GLOBAL,LNDAGRFJIC03,CRPYAM,12,2044,0.72
GLOBAL,LNDAGRFJIC03,CRPYAM,12,2045,0.72
GLOBAL,LNDAGRFJIC03,CRPYAM,12,2046,0.72
GLOBAL,LNDAGRFJIC03,CRPYAM,12,2047,0.72
GLOBAL,LNDAGRFJIC03,CRPYAM,12,2048,0.72
GLOBAL,LNDAGRFJIC03,CRPYAM,12,2049,0.72
GLOBAL,LNDAGRFJIC03,CRPYAM,12,2050,0.72
GLOBAL,LNDAGRFJIC03,WTREVTFJI,12,2020,0.84
GLOBAL,LNDAGRFJIC03,WTREVTFJI,12,2021,0.84
GLOBAL,LNDAGRFJIC03,WTREVTFJI,12,2022,0.84
GLOBAL,LNDAGRFJIC03,WTREVTFJI,12,2023,0.84
GLOBAL,LNDAGRFJIC03,WTREVTFJI,12,2024,0.84
GLOBAL,LNDAGRFJIC03,WTREVTFJI,12,2025,0.84
GLOBAL,LNDAGRFJIC03,WTREVTFJI,12,2026,0.84
GLOBAL,LNDAGRFJIC03,WTREVTFJI,12,2027,0.84
GLOBAL,LNDAGRFJIC03,WTREVTFJI,12,2028,0.84
GLOBAL,LNDAGRFJIC03,WTREVTFJI,12,2029,0.84
GLOBAL,LNDAGRFJIC03,WTREVTFJI,12,2030,0.84
GLOBAL,LNDAGRFJIC03,WTREVTFJI,12,2031,0.84
GLOBAL,LNDAGRFJIC03,WTREVTFJI,12,2032,0.84
GLOBAL,LNDAGRFJIC03,WTREVTFJI,12,2033,0.84
GLOBAL,LNDAGRFJIC03,WTREVTFJI,12,2034,0.84
GLOBAL,LNDAGRFJIC03,WTREVTFJI,12,2035,0.84
GLOBAL,LNDAGRFJIC03,WTREVTFJI,12,2036,0.84
GLOBAL,LNDAGRFJIC03,WTREVTFJI,12,2037,0.84
GLOBAL,LNDAGRFJIC03,WTREVTFJI,12,2038,0.84
GLOBAL,LNDAGRFJIC03,WTREVTFJI,12,2039,0.84
GLOBAL,LNDAGRFJIC03,WTREVTFJI,12,2040,0.84
GLOBAL,LNDAGRFJIC03,WTREVTFJI,12,2041,0.84
GLOBAL,LNDAGRFJIC03,WTREVTFJI,12,2042,0.84
GLOBAL,LNDAGRFJIC03,WTREVTFJI,12,2043,0.84
GLOBAL,LNDAGRFJIC03,WTREVTFJI,12,2044,0.84
GLOBAL,LNDAGRFJIC03,WTREVTFJI,12,2045,0.84
GLOBAL,LNDAGRFJIC03,WTREVTFJI,12,2046,0.84
GLOBAL,LNDAGRFJIC03,WTREVTFJI,12,2047,0.84
GLOBAL,LNDAGRFJIC03,WTREVTFJI,12,2048,0.84
GLOBAL,LNDAGRFJIC03,WTREVTFJI,12,2049,0.84
GLOBAL,LNDAGRFJIC03,WTREVTFJI,12,2050,0.84
GLOBAL,LNDAGRFJIC03,WTRGRCFJI,12,2020,0.095
GLOBAL,LNDAGRFJIC03,WTRGRCFJI,12,2021,0.095
GLOBAL,LNDAGRFJIC03,WTRGRCFJI,12,2022,0.095
GLOBAL,LNDAGRFJIC03,WTRGRCFJI,12,2023,0.095
GLOBAL,LNDAGRFJIC03,WTRGRCFJI,12,2024,0.095
GLOBAL,LNDAGRFJIC03,WTRGRCFJI,12,2025,0.095
GLOBAL,LNDAGRFJIC03,WTRGRCFJI,12,2026,0.095
GLOBAL,LNDAGRFJIC03,WTRGRCFJI,12,2027,0.095
GLOBAL,LNDAGRFJIC03,WTRGRCFJI,12,2028,0.095
GLOBAL,LNDAGRFJIC03,WTRGRCFJI,12,2029,0.095
GLOBAL,LNDAGRFJIC03,WTRGRCFJI,12,2030,0.095
GLOBAL,LNDAGRFJIC03,WTRGRCFJI,12,2031,0.095
GLOBAL,LNDAGRFJIC03,WTRGRCFJI,12,2032,0.095
GLOBAL,LNDAGRFJIC03,WTRGRCFJI,12,2033,0.095
GLOBAL,LNDAGRFJIC03,WTRGRCFJI,12,2034,0.095
GLOBAL,LNDAGRFJIC03,WTRGRCFJI,12,2035,0.095
GLOBAL,LNDAGRFJIC03,WTRGRCFJI,12,2036,0.095
GLOBAL,LNDAGRFJIC03,WTRGRCFJI,12,2037,0.095
GLOBAL,LNDAGRFJIC03,WTRGRCFJI,12,2038,0.095
GLOBAL,LNDAGRFJIC03,WTRGRCFJI,12,2039,0.095
GLOBAL,LNDAGRFJIC03,WTRGRCFJI,12,2040,0.095
GLOBAL,LNDAGRFJIC03,WTRGRCFJI,12,2041,0.095
GLOBAL,LNDAGRFJIC03,WTRGRCFJI,12,2042,0.095
GLOBAL,LNDAGRFJIC03,WTRGRCFJI,12,2043,0.095
GLOBAL,LNDAGRFJIC03,WTRGRCFJI,12,2044,0.095
GLOBAL,LNDAGRFJIC03,WTRGRCFJI,12,2045,0.095
GLOBAL,LNDAGRFJIC03,WTRGRCFJI,12,2046,0.095
GLOBAL,LNDAGRFJIC03,WTRGRCFJI,12,2047,0.095
GLOBAL,LNDAGRFJIC03,WTRGRCFJI,12,2048,0.095
GLOBAL,LNDAGRFJIC03,WTRGRCFJI,12,2049,0.095
GLOBAL,LNDAGRFJIC03,WTRGRCFJI,12,2050,0.095
GLOBAL,LNDAGRFJIC03,WTRSURFJI,12,2020,1.8
GLOBAL,LNDAGRFJIC03,WTRSURFJI,12,2021,1.8
GLOBAL,LNDAGRFJIC03,WTRSURFJI,12,2022,1.8
GLOBAL,LNDAGRFJIC03,WTRSURFJI,12,2023,1.8
GLOBAL,LNDAGRFJIC03,WTRSURFJI,12,2024,1.8
GLOBAL,LNDAGRFJIC03,WTRSURFJI,12,2025,1.8
GLOBAL,LNDAGRFJIC03,WTRSURFJI,12,2026,1.8
GLOBAL,LNDAGRFJIC03,WTRSURFJI,12,2027,1.8
GLOBAL,LNDAGRFJIC03,WTRSURFJI,12,2028,1.8
GLOBAL,LNDAGRFJIC03,WTRSURFJI,12,2029,1.8
GLOBAL,LNDAGRFJIC03,WTRSURFJI,12,2030,1.8
GLOBAL,LNDAGRFJIC03,WTRSURFJI,12,2031,1.8
GLOBAL,LNDAGRFJIC03,WTRSURFJI,12,2032,1.8
GLOBAL,LNDAGRFJIC03,WTRSURFJI,12,2033,1.8
GLOBAL,LNDAGRFJIC03,WTRSURFJI,12,2034,1.8
GLOBAL,LNDAGRFJIC03,WTRSURFJI,12,2035,1.8
GLOBAL,LNDAGRFJIC03,WTRSURFJI,12,2036,1.8
GLOBAL,LNDAGRFJIC03,WTRSURFJI,12,2037,1.8
GLOBAL,LNDAGRFJIC03,WTRSURFJI,12,2038,1.8
GLOBAL,LNDAGRFJIC03,WTRSURFJI,12,2039,1.8
GLOBAL,LNDAGRFJIC03,WTRSURFJI,12,2040,1.8
GLOBAL,LNDAGRFJIC03,WTRSURFJI,12,2041,1.8
GLOBAL,LNDAGRFJIC03,WTRSURFJI,12,2042,1.8
GLOBAL,LNDAGRFJIC03,WTRSURFJI,12,2043,1.8
GLOBAL,LNDAGRFJIC03,WTRSURFJI,12,2044,1.8
GLOBAL,LNDAGRFJIC03,WTRSURFJI,12,2045,1.8
GLOBAL,LNDAGRFJIC03,WTRSURFJI,12,2046,1.8
GLOBAL,LNDAGRFJIC03,WTRSURFJI,12,2047,1.8
GLOBAL,LNDAGRFJIC03,WTRSURFJI,12,2048,1.8
GLOBAL,LNDAGRFJIC03,WTRSURFJI,12,2049,1.8
GLOBAL,LNDAGRFJIC03,WTRSURFJI,12,2050,1.8
GLOBAL,LNDAGRFJIC03,CRPCAS,13,2020,0.19
GLOBAL,LNDAGRFJIC03,CRPCAS,13,2021,0.19
GLOBAL,LNDAGRFJIC03,CRPCAS,13,2022,0.19
GLOBAL,LNDAGRFJIC03,CRPCAS,13,2023,0.19
GLOBAL,LNDAGRFJIC03,CRPCAS,13,2024,0.19
GLOBAL,LNDAGRFJIC03,CRPCAS,13,2025,0.19
GLOBAL,LNDAGRFJIC03,CRPCAS,13,2026,0.19
GLOBAL,LNDAGRFJIC03,CRPCAS,13,2027,0.19
GLOBAL,LNDAGRFJIC03,CRPCAS,13,2028,0.19
GLOBAL,LNDAGRFJIC03,CRPCAS,13,2029,0.19
GLOBAL,LNDAGRFJIC03,CRPCAS,13,2030,0.19
GLOBAL,LNDAGRFJIC03,CRPCAS,13,2031,0.19
GLOBAL,LNDAGRFJIC03,CRPCAS,13,2032,0.19
GLOBAL,LNDAGRFJIC03,CRPCAS,13,2033,0.19
GLOBAL,LNDAGRFJIC03,CRPCAS,13,2034,0.19
GLOBAL,LNDAGRFJIC03,CRPCAS,13,2035,0.19
GLOBAL,LNDAGRFJIC03,CRPCAS,13,2036,0.19
GLOBAL,LNDAGRFJIC03,CRPCAS,13,2037,0.19
GLOBAL,LNDAGRFJIC03,CRPCAS,13,2038,0.19
GLOBAL,LNDAGRFJIC03,CRPCAS,13,2039,0.19
GLOBAL,LNDAGRFJIC03,CRPCAS,13,2040,0.19
GLOBAL,LNDAGRFJIC03,CRPCAS,13,2041,0.19
GLOBAL,LNDAGRFJIC03,CRPCAS,13,2042,0.19
GLOBAL,LNDAGRFJIC03,CRPCAS,13,2043,0.19
GLOBAL,LNDAGRFJIC03,CRPCAS,13,2044,0.19
GLOBAL,LNDAGRFJIC03,CRPCAS,13,2045,0.19
GLOBAL,LNDAGRFJIC03,CRPCAS,13,2046,0.19
GLOBAL,LNDAGRFJIC03,CRPCAS,13,2047,0.19
GLOBAL,LNDAGRFJIC03,CRPCAS,13,2048,0.19
GLOBAL,LNDAGRFJIC03,CRPCAS,13,2049,0.19
GLOBAL,LNDAGRFJIC03,CRPCAS,13,2050,0.19
GLOBAL,LNDAGRFJIC03,WTREVTFJI,13,2020,0.61
GLOBAL,LNDAGRFJIC03,WTREVTFJI,13,2021,0.61
GLOBAL,LNDAGRFJIC03,WTREVTFJI,13,2022,0.61
GLOBAL,LNDAGRFJIC03,WTREVTFJI,13,2023,0.61
GLOBAL,LNDAGRFJIC03,WTREVTFJI,13,2024,0.61
GLOBAL,LNDAGRFJIC03,WTREVTFJI,13,2025,0.61
GLOBAL,LNDAGRFJIC03,WTREVTFJI,13,2026,0.61
GLOBAL,LNDAGRFJIC03,WTREVTFJI,13,2027,0.61
GLOBAL,LNDAGRFJIC03,WTREVTFJI,13,2028,0.61
GLOBAL,LNDAGRFJIC03,WTREVTFJI,13,2029,0.61
GLOBAL,LNDAGRFJIC03,WTREVTFJI,13,2030,0.61
GLOBAL,LNDAGRFJIC03,WTREVTFJI,13,2031,0.61
GLOBAL,LNDAGRFJIC03,WTREVTFJI,13,2032,0.61
GLOBAL,LNDAGRFJIC03,WTREVTFJI,13,2033,0.61
GLOBAL,LNDAGRFJIC03,WTREVTFJI,13,2034,0.61
GLOBAL,LNDAGRFJIC03,WTREVTFJI,13,2035,0.61
GLOBAL,LNDAGRFJIC03,WTREVTFJI,13,2036,0.61
GLOBAL,LNDAGRFJIC03,WTREVTFJI,13,2037,0.61
GLOBAL,LNDAGRFJIC03,WTREVTFJI,13,2038,0.61
GLOBAL,LNDAGRFJIC03,WTREVTFJI,13,2039,0.61
GLOBAL,LNDAGRFJIC03,WTREVTFJI,13,2040,0.61
GLOBAL,LNDAGRFJIC03,WTREVTFJI,13,2041,0.61
GLOBAL,LNDAGRFJIC03,WTREVTFJI,13,2042,0.61
GLOBAL,LNDAGRFJIC03,WTREVTFJI,13,2043,0.61
GLOBAL,LNDAGRFJIC03,WTREVTFJI,13,2044,0.61
GLOBAL,LNDAGRFJIC03,WTREVTFJI,13,2045,0.61
GLOBAL,LNDAGRFJIC03,WTREVTFJI,13,2046,0.61
GLOBAL,LNDAGRFJIC03,WTREVTFJI,13,2047,0.61
GLOBAL,LNDAGRFJIC03,WTREVTFJI,13,2048,0.61
GLOBAL,LNDAGRFJIC03,WTREVTFJI,13,2049,0.61
GLOBAL,LNDAGRFJIC03,WTREVTFJI,13,2050,0.61
GLOBAL,LNDAGRFJIC03,WTRGRCFJI,13,2020,0.11
GLOBAL,LNDAGRFJIC03,WTRGRCFJI,13,2021,0.11
GLOBAL,LNDAGRFJIC03,WTRGRCFJI,13,2022,0.11
GLOBAL,LNDAGRFJIC03,WTRGRCFJI,13,2023,0.11
GLOBAL,LNDAGRFJIC03,WTRGRCFJI,13,2024,0.11
GLOBAL,LNDAGRFJIC03,WTRGRCFJI,13,2025,0.11
GLOBAL,LNDAGRFJIC03,WTRGRCFJI,13,2026,0.11
GLOBAL,LNDAGRFJIC03,WTRGRCFJI,13,2027,0.11
GLOBAL,LNDAGRFJIC03,WTRGRCFJI,13,2028,0.11
GLOBAL,LNDAGRFJIC03,WTRGRCFJI,13,2029,0.11
GLOBAL,LNDAGRFJIC03,WTRGRCFJI,13,2030,0.11
GLOBAL,LNDAGRFJIC03,WTRGRCFJI,13,2031,0.11
GLOBAL,LNDAGRFJIC03,WTRGRCFJI,13,2032,0.11
GLOBAL,LNDAGRFJIC03,WTRGRCFJI,13,2033,0.11
GLOBAL,LNDAGRFJIC03,WTRGRCFJI,13,2034,0.11
GLOBAL,LNDAGRFJIC03,WTRGRCFJI,13,2035,0.11
GLOBAL,LNDAGRFJIC03,WTRGRCFJI,13,2036,0.11
GLOBAL,LNDAGRFJIC03,WTRGRCFJI,13,2037,0.11
GLOBAL,LNDAGRFJIC03,WTRGRCFJI,13,2038,0.11
GLOBAL,LNDAGRFJIC03,WTRGRCFJI,13,2039,0.11
GLOBAL,LNDAGRFJIC03,WTRGRCFJI,13,2040,0.11
GLOBAL,LNDAGRFJIC03,WTRGRCFJI,13,2041,0.11
GLOBAL,LNDAGRFJIC03,WTRGRCFJI,13,2042,0.11
GLOBAL,LNDAGRFJIC03,WTRGRCFJI,13,2043,0.11
GLOBAL,LNDAGRFJIC03,WTRGRCFJI,13,2044,0.11
GLOBAL,LNDAGRFJIC03,WTRGRCFJI,13,2045,0.11
GLOBAL,LNDAGRFJIC03,WTRGRCFJI,13,2046,0.11
GLOBAL,LNDAGRFJIC03,WTRGRCFJI,13,2047,0.11
GLOBAL,LNDAGRFJIC03,WTRGRCFJI,13,2048,0.11
GLOBAL,LNDAGRFJIC03,WTRGRCFJI,13,2049,0.11
GLOBAL,LNDAGRFJIC03,WTRGRCFJI,13,2050,0.11
GLOBAL,LNDAGRFJIC03,WTRSURFJI,13,2020,2.0
GLOBAL,LNDAGRFJIC03,WTRSURFJI,13,2021,2.0
GLOBAL,LNDAGRFJIC03,WTRSURFJI,13,2022,2.0
GLOBAL,LNDAGRFJIC03,WTRSURFJI,13,2023,2.0
GLOBAL,LNDAGRFJIC03,WTRSURFJI,13,2024,2.0
GLOBAL,LNDAGRFJIC03,WTRSURFJI,13,2025,2.0
GLOBAL,LNDAGRFJIC03,WTRSURFJI,13,2026,2.0
GLOBAL,LNDAGRFJIC03,WTRSURFJI,13,2027,2.0
GLOBAL,LNDAGRFJIC03,WTRSURFJI,13,2028,2.0
GLOBAL,LNDAGRFJIC03,WTRSURFJI,13,2029,2.0
GLOBAL,LNDAGRFJIC03,WTRSURFJI,13,2030,2.0
GLOBAL,LNDAGRFJIC03,WTRSURFJI,13,2031,2.0
GLOBAL,LNDAGRFJIC03,WTRSURFJI,13,2032,2.0
GLOBAL,LNDAGRFJIC03,WTRSURFJI,13,2033,2.0
GLOBAL,LNDAGRFJIC03,WTRSURFJI,13,2034,2.0
GLOBAL,LNDAGRFJIC03,WTRSURFJI,13,2035,2.0
GLOBAL,LNDAGRFJIC03,WTRSURFJI,13,2036,2.0
GLOBAL,LNDAGRFJIC03,WTRSURFJI,13,2037,2.0
GLOBAL,LNDAGRFJIC03,WTRSURFJI,13,2038,2.0
GLOBAL,LNDAGRFJIC03,WTRSURFJI,13,2039,2.0
GLOBAL,LNDAGRFJIC03,WTRSURFJI,13,2040,2.0
GLOBAL,LNDAGRFJIC03,WTRSURFJI,13,2041,2.0
GLOBAL,LNDAGRFJIC03,WTRSURFJI,13,2042,2.0
GLOBAL,LNDAGRFJIC03,WTRSURFJI,13,2043,2.0
GLOBAL,LNDAGRFJIC03,WTRSURFJI,13,2044,2.0
GLOBAL,LNDAGRFJIC03,WTRSURFJI,13,2045,2.0
GLOBAL,LNDAGRFJIC03,WTRSURFJI,13,2046,2.0
GLOBAL,LNDAGRFJIC03,WTRSURFJI,13,2047,2.0
GLOBAL,LNDAGRFJIC03,WTRSURFJI,13,2048,2.0
GLOBAL,LNDAGRFJIC03,WTRSURFJI,13,2049,2.0
GLOBAL,LNDAGRFJIC03,WTRSURFJI,13,2050,2.0
GLOBAL,LNDAGRFJIC03,CRPYAM,14,2020,0.72
GLOBAL,LNDAGRFJIC03,CRPYAM,14,2021,0.72
GLOBAL,LNDAGRFJIC03,CRPYAM,14,2022,0.72
GLOBAL,LNDAGRFJIC03,CRPYAM,14,2023,0.72
GLOBAL,LNDAGRFJIC03,CRPYAM,14,2024,0.72
GLOBAL,LNDAGRFJIC03,CRPYAM,14,2025,0.72
GLOBAL,LNDAGRFJIC03,CRPYAM,14,2026,0.72
GLOBAL,LNDAGRFJIC03,CRPYAM,14,2027,0.72
GLOBAL,LNDAGRFJIC03,CRPYAM,14,2028,0.72
GLOBAL,LNDAGRFJIC03,CRPYAM,14,2029,0.72
GLOBAL,LNDAGRFJIC03,CRPYAM,14,2030,0.72
GLOBAL,LNDAGRFJIC03,CRPYAM,14,2031,0.72
GLOBAL,LNDAGRFJIC03,CRPYAM,14,2032,0.72
GLOBAL,LNDAGRFJIC03,CRPYAM,14,2033,0.72
GLOBAL,LNDAGRFJIC03,CRPYAM,14,2034,0.72
GLOBAL,LNDAGRFJIC03,CRPYAM,14,2035,0.72
GLOBAL,LNDAGRFJIC03,CRPYAM,14,2036,0.72
GLOBAL,LNDAGRFJIC03,CRPYAM,14,2037,0.72
GLOBAL,LNDAGRFJIC03,CRPYAM,14,2038,0.72
GLOBAL,LNDAGRFJIC03,CRPYAM,14,2039,0.72
GLOBAL,LNDAGRFJIC03,CRPYAM,14,2040,0.72
GLOBAL,LNDAGRFJIC03,CRPYAM,14,2041,0.72
GLOBAL,LNDAGRFJIC03,CRPYAM,14,2042,0.72
GLOBAL,LNDAGRFJIC03,CRPYAM,14,2043,0.72
GLOBAL,LNDAGRFJIC03,CRPYAM,14,2044,0.72
GLOBAL,LNDAGRFJIC03,CRPYAM,14,2045,0.72
GLOBAL,LNDAGRFJIC03,CRPYAM,14,2046,0.72
GLOBAL,LNDAGRFJIC03,CRPYAM,14,2047,0.72
GLOBAL,LNDAGRFJIC03,CRPYAM,14,2048,0.72
GLOBAL,LNDAGRFJIC03,CRPYAM,14,2049,0.72
GLOBAL,LNDAGRFJIC03,CRPYAM,14,2050,0.72
GLOBAL,LNDAGRFJIC03,WTREVTFJI,14,2020,0.99
GLOBAL,LNDAGRFJIC03,WTREVTFJI,14,2021,0.99
GLOBAL,LNDAGRFJIC03,WTREVTFJI,14,2022,0.99
GLOBAL,LNDAGRFJIC03,WTREVTFJI,14,2023,0.99
GLOBAL,LNDAGRFJIC03,WTREVTFJI,14,2024,0.99
GLOBAL,LNDAGRFJIC03,WTREVTFJI,14,2025,0.99
GLOBAL,LNDAGRFJIC03,WTREVTFJI,14,2026,0.99
GLOBAL,LNDAGRFJIC03,WTREVTFJI,14,2027,0.99
GLOBAL,LNDAGRFJIC03,WTREVTFJI,14,2028,0.99
GLOBAL,LNDAGRFJIC03,WTREVTFJI,14,2029,0.99
GLOBAL,LNDAGRFJIC03,WTREVTFJI,14,2030,0.99
GLOBAL,LNDAGRFJIC03,WTREVTFJI,14,2031,0.99
GLOBAL,LNDAGRFJIC03,WTREVTFJI,14,2032,0.99
GLOBAL,LNDAGRFJIC03,WTREVTFJI,14,2033,0.99
GLOBAL,LNDAGRFJIC03,WTREVTFJI,14,2034,0.99
GLOBAL,LNDAGRFJIC03,WTREVTFJI,14,2035,0.99
GLOBAL,LNDAGRFJIC03,WTREVTFJI,14,2036,0.99
GLOBAL,LNDAGRFJIC03,WTREVTFJI,14,2037,0.99
GLOBAL,LNDAGRFJIC03,WTREVTFJI,14,2038,0.99
GLOBAL,LNDAGRFJIC03,WTREVTFJI,14,2039,0.99
GLOBAL,LNDAGRFJIC03,WTREVTFJI,14,2040,0.99
GLOBAL,LNDAGRFJIC03,WTREVTFJI,14,2041,0.99
GLOBAL,LNDAGRFJIC03,WTREVTFJI,14,2042,0.99
GLOBAL,LNDAGRFJIC03,WTREVTFJI,14,2043,0.99
GLOBAL,LNDAGRFJIC03,WTREVTFJI,14,2044,0.99
GLOBAL,LNDAGRFJIC03,WTREVTFJI,14,2045,0.99
GLOBAL,LNDAGRFJIC03,WTREVTFJI,14,2046,0.99
GLOBAL,LNDAGRFJIC03,WTREVTFJI,14,2047,0.99
GLOBAL,LNDAGRFJIC03,WTREVTFJI,14,2048,0.99
GLOBAL,LNDAGRFJIC03,WTREVTFJI,14,2049,0.99
GLOBAL,LNDAGRFJIC03,WTREVTFJI,14,2050,0.99
GLOBAL,LNDAGRFJIC03,WTRGRCFJI,14,2020,0.087
GLOBAL,LNDAGRFJIC03,WTRGRCFJI,14,2021,0.087
GLOBAL,LNDAGRFJIC03,WTRGRCFJI,14,2022,0.087
GLOBAL,LNDAGRFJIC03,WTRGRCFJI,14,2023,0.087
GLOBAL,LNDAGRFJIC03,WTRGRCFJI,14,2024,0.087
GLOBAL,LNDAGRFJIC03,WTRGRCFJI,14,2025,0.087
GLOBAL,LNDAGRFJIC03,WTRGRCFJI,14,2026,0.087
GLOBAL,LNDAGRFJIC03,WTRGRCFJI,14,2027,0.087
GLOBAL,LNDAGRFJIC03,WTRGRCFJI,14,2028,0.087
GLOBAL,LNDAGRFJIC03,WTRGRCFJI,14,2029,0.087
GLOBAL,LNDAGRFJIC03,WTRGRCFJI,14,2030,0.087
GLOBAL,LNDAGRFJIC03,WTRGRCFJI,14,2031,0.087
GLOBAL,LNDAGRFJIC03,WTRGRCFJI,14,2032,0.087
GLOBAL,LNDAGRFJIC03,WTRGRCFJI,14,2033,0.087
GLOBAL,LNDAGRFJIC03,WTRGRCFJI,14,2034,0.087
GLOBAL,LNDAGRFJIC03,WTRGRCFJI,14,2035,0.087
GLOBAL,LNDAGRFJIC03,WTRGRCFJI,14,2036,0.087
GLOBAL,LNDAGRFJIC03,WTRGRCFJI,14,2037,0.087
GLOBAL,LNDAGRFJIC03,WTRGRCFJI,14,2038,0.087
GLOBAL,LNDAGRFJIC03,WTRGRCFJI,14,2039,0.087
GLOBAL,LNDAGRFJIC03,WTRGRCFJI,14,2040,0.087
GLOBAL,LNDAGRFJIC03,WTRGRCFJI,14,2041,0.087
GLOBAL,LNDAGRFJIC03,WTRGRCFJI,14,2042,0.087
GLOBAL,LNDAGRFJIC03,WTRGRCFJI,14,2043,0.087
GLOBAL,LNDAGRFJIC03,WTRGRCFJI,14,2044,0.087
GLOBAL,LNDAGRFJIC03,WTRGRCFJI,14,2045,0.087
GLOBAL,LNDAGRFJIC03,WTRGRCFJI,14,2046,0.087
GLOBAL,LNDAGRFJIC03,WTRGRCFJI,14,2047,0.087
GLOBAL,LNDAGRFJIC03,WTRGRCFJI,14,2048,0.087
GLOBAL,LNDAGRFJIC03,WTRGRCFJI,14,2049,0.087
GLOBAL,LNDAGRFJIC03,WTRGRCFJI,14,2050,0.087
GLOBAL,LNDAGRFJIC03,WTRSURFJI,14,2020,1.6
GLOBAL,LNDAGRFJIC03,WTRSURFJI,14,2021,1.6
GLOBAL,LNDAGRFJIC03,WTRSURFJI,14,2022,1.6
GLOBAL,LNDAGRFJIC03,WTRSURFJI,14,2023,1.6
GLOBAL,LNDAGRFJIC03,WTRSURFJI,14,2024,1.6
GLOBAL,LNDAGRFJIC03,WTRSURFJI,14,2025,1.6
GLOBAL,LNDAGRFJIC03,WTRSURFJI,14,2026,1.6
GLOBAL,LNDAGRFJIC03,WTRSURFJI,14,2027,1.6
GLOBAL,LNDAGRFJIC03,WTRSURFJI,14,2028,1.6
GLOBAL,LNDAGRFJIC03,WTRSURFJI,14,2029,1.6
GLOBAL,LNDAGRFJIC03,WTRSURFJI,14,2030,1.6
GLOBAL,LNDAGRFJIC03,WTRSURFJI,14,2031,1.6
GLOBAL,LNDAGRFJIC03,WTRSURFJI,14,2032,1.6
GLOBAL,LNDAGRFJIC03,WTRSURFJI,14,2033,1.6
GLOBAL,LNDAGRFJIC03,WTRSURFJI,14,2034,1.6
GLOBAL,LNDAGRFJIC03,WTRSURFJI,14,2035,1.6
GLOBAL,LNDAGRFJIC03,WTRSURFJI,14,2036,1.6
GLOBAL,LNDAGRFJIC03,WTRSURFJI,14,2037,1.6
GLOBAL,LNDAGRFJIC03,WTRSURFJI,14,2038,1.6
GLOBAL,LNDAGRFJIC03,WTRSURFJI,14,2039,1.6
GLOBAL,LNDAGRFJIC03,WTRSURFJI,14,2040,1.6
GLOBAL,LNDAGRFJIC03,WTRSURFJI,14,2041,1.6
GLOBAL,LNDAGRFJIC03,WTRSURFJI,14,2042,1.6
GLOBAL,LNDAGRFJIC03,WTRSURFJI,14,2043,1.6
GLOBAL,LNDAGRFJIC03,WTRSURFJI,14,2044,1.6
GLOBAL,LNDAGRFJIC03,WTRSURFJI,14,2045,1.6
GLOBAL,LNDAGRFJIC03,WTRSURFJI,14,2046,1.6
GLOBAL,LNDAGRFJIC03,WTRSURFJI,14,2047,1.6
GLOBAL,LNDAGRFJIC03,WTRSURFJI,14,2048,1.6
GLOBAL,LNDAGRFJIC03,WTRSURFJI,14,2049,1.6
GLOBAL,LNDAGRFJIC03,WTRSURFJI,14,2050,1.6
GLOBAL,LNDAGRFJIC03,CRPSGC,15,2020,1.1
GLOBAL,LNDAGRFJIC03,CRPSGC,15,2021,1.1
GLOBAL,LNDAGRFJIC03,CRPSGC,15,2022,1.1
GLOBAL,LNDAGRFJIC03,CRPSGC,15,2023,1.1
GLOBAL,LNDAGRFJIC03,CRPSGC,15,2024,1.1
GLOBAL,LNDAGRFJIC03,CRPSGC,15,2025,1.1
GLOBAL,LNDAGRFJIC03,CRPSGC,15,2026,1.1
GLOBAL,LNDAGRFJIC03,CRPSGC,15,2027,1.1
GLOBAL,LNDAGRFJIC03,CRPSGC,15,2028,1.1
GLOBAL,LNDAGRFJIC03,CRPSGC,15,2029,1.1
GLOBAL,LNDAGRFJIC03,CRPSGC,15,2030,1.1
GLOBAL,LNDAGRFJIC03,CRPSGC,15,2031,1.1
GLOBAL,LNDAGRFJIC03,CRPSGC,15,2032,1.1
GLOBAL,LNDAGRFJIC03,CRPSGC,15,2033,1.1
GLOBAL,LNDAGRFJIC03,CRPSGC,15,2034,1.1
GLOBAL,LNDAGRFJIC03,CRPSGC,15,2035,1.1
GLOBAL,LNDAGRFJIC03,CRPSGC,15,2036,1.1
GLOBAL,LNDAGRFJIC03,CRPSGC,15,2037,1.1
GLOBAL,LNDAGRFJIC03,CRPSGC,15,2038,1.1
GLOBAL,LNDAGRFJIC03,CRPSGC,15,2039,1.1
GLOBAL,LNDAGRFJIC03,CRPSGC,15,2040,1.1
GLOBAL,LNDAGRFJIC03,CRPSGC,15,2041,1.1
GLOBAL,LNDAGRFJIC03,CRPSGC,15,2042,1.1
GLOBAL,LNDAGRFJIC03,CRPSGC,15,2043,1.1
GLOBAL,LNDAGRFJIC03,CRPSGC,15,2044,1.1
GLOBAL,LNDAGRFJIC03,CRPSGC,15,2045,1.1
GLOBAL,LNDAGRFJIC03,CRPSGC,15,2046,1.1
GLOBAL,LNDAGRFJIC03,CRPSGC,15,2047,1.1
GLOBAL,LNDAGRFJIC03,CRPSGC,15,2048,1.1
GLOBAL,LNDAGRFJIC03,CRPSGC,15,2049,1.1
GLOBAL,LNDAGRFJIC03,CRPSGC,15,2050,1.1
GLOBAL,LNDAGRFJIC03,WTREVTFJI,15,2020,1.2
GLOBAL,LNDAGRFJIC03,WTREVTFJI,15,2021,1.2
GLOBAL,LNDAGRFJIC03,WTREVTFJI,15,2022,1.2
GLOBAL,LNDAGRFJIC03,WTREVTFJI,15,2023,1.2
GLOBAL,LNDAGRFJIC03,WTREVTFJI,15,2024,1.2
GLOBAL,LNDAGRFJIC03,WTREVTFJI,15,2025,1.2
GLOBAL,LNDAGRFJIC03,WTREVTFJI,15,2026,1.2
GLOBAL,LNDAGRFJIC03,WTREVTFJI,15,2027,1.2
GLOBAL,LNDAGRFJIC03,WTREVTFJI,15,2028,1.2
GLOBAL,LNDAGRFJIC03,WTREVTFJI,15,2029,1.2
GLOBAL,LNDAGRFJIC03,WTREVTFJI,15,2030,1.2
GLOBAL,LNDAGRFJIC03,WTREVTFJI,15,2031,1.2
GLOBAL,LNDAGRFJIC03,WTREVTFJI,15,2032,1.2
GLOBAL,LNDAGRFJIC03,WTREVTFJI,15,2033,1.2
GLOBAL,LNDAGRFJIC03,WTREVTFJI,15,2034,1.2
GLOBAL,LNDAGRFJIC03,WTREVTFJI,15,2035,1.2
GLOBAL,LNDAGRFJIC03,WTREVTFJI,15,2036,1.2
GLOBAL,LNDAGRFJIC03,WTREVTFJI,15,2037,1.2
GLOBAL,LNDAGRFJIC03,WTREVTFJI,15,2038,1.2
GLOBAL,LNDAGRFJIC03,WTREVTFJI,15,2039,1.2
GLOBAL,LNDAGRFJIC03,WTREVTFJI,15,2040,1.2
GLOBAL,LNDAGRFJIC03,WTREVTFJI,15,2041,1.2
GLOBAL,LNDAGRFJIC03,WTREVTFJI,15,2042,1.2
GLOBAL,LNDAGRFJIC03,WTREVTFJI,15,2043,1.2
GLOBAL,LNDAGRFJIC03,WTREVTFJI,15,2044,1.2
GLOBAL,LNDAGRFJIC03,WTREVTFJI,15,2045,1.2
GLOBAL,LNDAGRFJIC03,WTREVTFJI,15,2046,1.2
GLOBAL,LNDAGRFJIC03,WTREVTFJI,15,2047,1.2
GLOBAL,LNDAGRFJIC03,WTREVTFJI,15,2048,1.2
GLOBAL,LNDAGRFJIC03,WTREVTFJI,15,2049,1.2
GLOBAL,LNDAGRFJIC03,WTREVTFJI,15,2050,1.2
GLOBAL,LNDAGRFJIC03,WTRGRCFJI,15,2020,0.077
GLOBAL,LNDAGRFJIC03,WTRGRCFJI,15,2021,0.077
GLOBAL,LNDAGRFJIC03,WTRGRCFJI,15,2022,0.077
GLOBAL,LNDAGRFJIC03,WTRGRCFJI,15,2023,0.077
GLOBAL,LNDAGRFJIC03,WTRGRCFJI,15,2024,0.077
GLOBAL,LNDAGRFJIC03,WTRGRCFJI,15,2025,0.077
GLOBAL,LNDAGRFJIC03,WTRGRCFJI,15,2026,0.077
GLOBAL,LNDAGRFJIC03,WTRGRCFJI,15,2027,0.077
GLOBAL,LNDAGRFJIC03,WTRGRCFJI,15,2028,0.077
GLOBAL,LNDAGRFJIC03,WTRGRCFJI,15,2029,0.077
GLOBAL,LNDAGRFJIC03,WTRGRCFJI,15,2030,0.077
GLOBAL,LNDAGRFJIC03,WTRGRCFJI,15,2031,0.077
GLOBAL,LNDAGRFJIC03,WTRGRCFJI,15,2032,0.077
GLOBAL,LNDAGRFJIC03,WTRGRCFJI,15,2033,0.077
GLOBAL,LNDAGRFJIC03,WTRGRCFJI,15,2034,0.077
GLOBAL,LNDAGRFJIC03,WTRGRCFJI,15,2035,0.077
GLOBAL,LNDAGRFJIC03,WTRGRCFJI,15,2036,0.077
GLOBAL,LNDAGRFJIC03,WTRGRCFJI,15,2037,0.077
GLOBAL,LNDAGRFJIC03,WTRGRCFJI,15,2038,0.077
GLOBAL,LNDAGRFJIC03,WTRGRCFJI,15,2039,0.077
GLOBAL,LNDAGRFJIC03,WTRGRCFJI,15,2040,0.077
GLOBAL,LNDAGRFJIC03,WTRGRCFJI,15,2041,0.077
GLOBAL,LNDAGRFJIC03,WTRGRCFJI,15,2042,0.077
GLOBAL,LNDAGRFJIC03,WTRGRCFJI,15,2043,0.077
GLOBAL,LNDAGRFJIC03,WTRGRCFJI,15,2044,0.077
GLOBAL,LNDAGRFJIC03,WTRGRCFJI,15,2045,0.077
GLOBAL,LNDAGRFJIC03,WTRGRCFJI,15,2046,0.077
GLOBAL,LNDAGRFJIC03,WTRGRCFJI,15,2047,0.077
GLOBAL,LNDAGRFJIC03,WTRGRCFJI,15,2048,0.077
GLOBAL,LNDAGRFJIC03,WTRGRCFJI,15,2049,0.077
GLOBAL,LNDAGRFJIC03,WTRGRCFJI,15,2050,0.077
GLOBAL,LNDAGRFJIC03,WTRSURFJI,15,2020,1.4
GLOBAL,LNDAGRFJIC03,WTRSURFJI,15,2021,1.4
GLOBAL,LNDAGRFJIC03,WTRSURFJI,15,2022,1.4
GLOBAL,LNDAGRFJIC03,WTRSURFJI,15,2023,1.4
GLOBAL,LNDAGRFJIC03,WTRSURFJI,15,2024,1.4
GLOBAL,LNDAGRFJIC03,WTRSURFJI,15,2025,1.4
GLOBAL,LNDAGRFJIC03,WTRSURFJI,15,2026,1.4
GLOBAL,LNDAGRFJIC03,WTRSURFJI,15,2027,1.4
GLOBAL,LNDAGRFJIC03,WTRSURFJI,15,2028,1.4
GLOBAL,LNDAGRFJIC03,WTRSURFJI,15,2029,1.4
GLOBAL,LNDAGRFJIC03,WTRSURFJI,15,2030,1.4
GLOBAL,LNDAGRFJIC03,WTRSURFJI,15,2031,1.4
GLOBAL,LNDAGRFJIC03,WTRSURFJI,15,2032,1.4
GLOBAL,LNDAGRFJIC03,WTRSURFJI,15,2033,1.4
GLOBAL,LNDAGRFJIC03,WTRSURFJI,15,2034,1.4
GLOBAL,LNDAGRFJIC03,WTRSURFJI,15,2035,1.4
GLOBAL,LNDAGRFJIC03,WTRSURFJI,15,2036,1.4
GLOBAL,LNDAGRFJIC03,WTRSURFJI,15,2037,1.4
GLOBAL,LNDAGRFJIC03,WTRSURFJI,15,2038,1.4
GLOBAL,LNDAGRFJIC03,WTRSURFJI,15,2039,1.4
GLOBAL,LNDAGRFJIC03,WTRSURFJI,15,2040,1.4
GLOBAL,LNDAGRFJIC03,WTRSURFJI,15,2041,1.4
GLOBAL,LNDAGRFJIC03,WTRSURFJI,15,2042,1.4
GLOBAL,LNDAGRFJIC03,WTRSURFJI,15,2043,1.4
GLOBAL,LNDAGRFJIC03,WTRSURFJI,15,2044,1.4
GLOBAL,LNDAGRFJIC03,WTRSURFJI,15,2045,1.4
GLOBAL,LNDAGRFJIC03,WTRSURFJI,15,2046,1.4
GLOBAL,LNDAGRFJIC03,WTRSURFJI,15,2047,1.4
GLOBAL,LNDAGRFJIC03,WTRSURFJI,15,2048,1.4
GLOBAL,LNDAGRFJIC03,WTRSURFJI,15,2049,1.4
GLOBAL,LNDAGRFJIC03,WTRSURFJI,15,2050,1.4
GLOBAL,LNDAGRFJIC03,CRPSGC,16,2020,0.36
GLOBAL,LNDAGRFJIC03,CRPSGC,16,2021,0.36
GLOBAL,LNDAGRFJIC03,CRPSGC,16,2022,0.36
GLOBAL,LNDAGRFJIC03,CRPSGC,16,2023,0.36
GLOBAL,LNDAGRFJIC03,CRPSGC,16,2024,0.36
GLOBAL,LNDAGRFJIC03,CRPSGC,16,2025,0.36
GLOBAL,LNDAGRFJIC03,CRPSGC,16,2026,0.36
GLOBAL,LNDAGRFJIC03,CRPSGC,16,2027,0.36
GLOBAL,LNDAGRFJIC03,CRPSGC,16,2028,0.36
GLOBAL,LNDAGRFJIC03,CRPSGC,16,2029,0.36
GLOBAL,LNDAGRFJIC03,CRPSGC,16,2030,0.36
GLOBAL,LNDAGRFJIC03,CRPSGC,16,2031,0.36
GLOBAL,LNDAGRFJIC03,CRPSGC,16,2032,0.36
GLOBAL,LNDAGRFJIC03,CRPSGC,16,2033,0.36
GLOBAL,LNDAGRFJIC03,CRPSGC,16,2034,0.36
GLOBAL,LNDAGRFJIC03,CRPSGC,16,2035,0.36
GLOBAL,LNDAGRFJIC03,CRPSGC,16,2036,0.36
GLOBAL,LNDAGRFJIC03,CRPSGC,16,2037,0.36
GLOBAL,LNDAGRFJIC03,CRPSGC,16,2038,0.36
GLOBAL,LNDAGRFJIC03,CRPSGC,16,2039,0.36
GLOBAL,LNDAGRFJIC03,CRPSGC,16,2040,0.36
GLOBAL,LNDAGRFJIC03,CRPSGC,16,2041,0.36
GLOBAL,LNDAGRFJIC03,CRPSGC,16,2042,0.36
GLOBAL,LNDAGRFJIC03,CRPSGC,16,2043,0.36
GLOBAL,LNDAGRFJIC03,CRPSGC,16,2044,0.36
GLOBAL,LNDAGRFJIC03,CRPSGC,16,2045,0.36
GLOBAL,LNDAGRFJIC03,CRPSGC,16,2046,0.36
GLOBAL,LNDAGRFJIC03,CRPSGC,16,2047,0.36
GLOBAL,LNDAGRFJIC03,CRPSGC,16,2048,0.36
GLOBAL,LNDAGRFJIC03,CRPSGC,16,2049,0.36
GLOBAL,LNDAGRFJIC03,CRPSGC,16,2050,0.36
GLOBAL,LNDAGRFJIC03,WTREVTFJI,16,2020,1.0
GLOBAL,LNDAGRFJIC03,WTREVTFJI,16,2021,1.0
GLOBAL,LNDAGRFJIC03,WTREVTFJI,16,2022,1.0
GLOBAL,LNDAGRFJIC03,WTREVTFJI,16,2023,1.0
GLOBAL,LNDAGRFJIC03,WTREVTFJI,16,2024,1.0
GLOBAL,LNDAGRFJIC03,WTREVTFJI,16,2025,1.0
GLOBAL,LNDAGRFJIC03,WTREVTFJI,16,2026,1.0
GLOBAL,LNDAGRFJIC03,WTREVTFJI,16,2027,1.0
GLOBAL,LNDAGRFJIC03,WTREVTFJI,16,2028,1.0
GLOBAL,LNDAGRFJIC03,WTREVTFJI,16,2029,1.0
GLOBAL,LNDAGRFJIC03,WTREVTFJI,16,2030,1.0
GLOBAL,LNDAGRFJIC03,WTREVTFJI,16,2031,1.0
GLOBAL,LNDAGRFJIC03,WTREVTFJI,16,2032,1.0
GLOBAL,LNDAGRFJIC03,WTREVTFJI,16,2033,1.0
GLOBAL,LNDAGRFJIC03,WTREVTFJI,16,2034,1.0
GLOBAL,LNDAGRFJIC03,WTREVTFJI,16,2035,1.0
GLOBAL,LNDAGRFJIC03,WTREVTFJI,16,2036,1.0
GLOBAL,LNDAGRFJIC03,WTREVTFJI,16,2037,1.0
GLOBAL,LNDAGRFJIC03,WTREVTFJI,16,2038,1.0
GLOBAL,LNDAGRFJIC03,WTREVTFJI,16,2039,1.0
GLOBAL,LNDAGRFJIC03,WTREVTFJI,16,2040,1.0
GLOBAL,LNDAGRFJIC03,WTREVTFJI,16,2041,1.0
GLOBAL,LNDAGRFJIC03,WTREVTFJI,16,2042,1.0
GLOBAL,LNDAGRFJIC03,WTREVTFJI,16,2043,1.0
GLOBAL,LNDAGRFJIC03,WTREVTFJI,16,2044,1.0
GLOBAL,LNDAGRFJIC03,WTREVTFJI,16,2045,1.0
GLOBAL,LNDAGRFJIC03,WTREVTFJI,16,2046,1.0
GLOBAL,LNDAGRFJIC03,WTREVTFJI,16,2047,1.0
GLOBAL,LNDAGRFJIC03,WTREVTFJI,16,2048,1.0
GLOBAL,LNDAGRFJIC03,WTREVTFJI,16,2049,1.0
GLOBAL,LNDAGRFJIC03,WTREVTFJI,16,2050,1.0
GLOBAL,LNDAGRFJIC03,WTRGRCFJI,16,2020,0.087
GLOBAL,LNDAGRFJIC03,WTRGRCFJI,16,2021,0.087
GLOBAL,LNDAGRFJIC03,WTRGRCFJI,16,2022,0.087
GLOBAL,LNDAGRFJIC03,WTRGRCFJI,16,2023,0.087
GLOBAL,LNDAGRFJIC03,WTRGRCFJI,16,2024,0.087
GLOBAL,LNDAGRFJIC03,WTRGRCFJI,16,2025,0.087
GLOBAL,LNDAGRFJIC03,WTRGRCFJI,16,2026,0.087
GLOBAL,LNDAGRFJIC03,WTRGRCFJI,16,2027,0.087
GLOBAL,LNDAGRFJIC03,WTRGRCFJI,16,2028,0.087
GLOBAL,LNDAGRFJIC03,WTRGRCFJI,16,2029,0.087
GLOBAL,LNDAGRFJIC03,WTRGRCFJI,16,2030,0.087
GLOBAL,LNDAGRFJIC03,WTRGRCFJI,16,2031,0.087
GLOBAL,LNDAGRFJIC03,WTRGRCFJI,16,2032,0.087
GLOBAL,LNDAGRFJIC03,WTRGRCFJI,16,2033,0.087
GLOBAL,LNDAGRFJIC03,WTRGRCFJI,16,2034,0.087
GLOBAL,LNDAGRFJIC03,WTRGRCFJI,16,2035,0.087
GLOBAL,LNDAGRFJIC03,WTRGRCFJI,16,2036,0.087
GLOBAL,LNDAGRFJIC03,WTRGRCFJI,16,2037,0.087
GLOBAL,LNDAGRFJIC03,WTRGRCFJI,16,2038,0.087
GLOBAL,LNDAGRFJIC03,WTRGRCFJI,16,2039,0.087
GLOBAL,LNDAGRFJIC03,WTRGRCFJI,16,2040,0.087
GLOBAL,LNDAGRFJIC03,WTRGRCFJI,16,2041,0.087
GLOBAL,LNDAGRFJIC03,WTRGRCFJI,16,2042,0.087
GLOBAL,LNDAGRFJIC03,WTRGRCFJI,16,2043,0.087
GLOBAL,LNDAGRFJIC03,WTRGRCFJI,16,2044,0.087
GLOBAL,LNDAGRFJIC03,WTRGRCFJI,16,2045,0.087
GLOBAL,LNDAGRFJIC03,WTRGRCFJI,16,2046,0.087
GLOBAL,LNDAGRFJIC03,WTRGRCFJI,16,2047,0.087
GLOBAL,LNDAGRFJIC03,WTRGRCFJI,16,2048,0.087
GLOBAL,LNDAGRFJIC03,WTRGRCFJI,16,2049,0.087
GLOBAL,LNDAGRFJIC03,WTRGRCFJI,16,2050,0.087
GLOBAL,LNDAGRFJIC03,WTRSURFJI,16,2020,1.6
GLOBAL,LNDAGRFJIC03,WTRSURFJI,16,2021,1.6
GLOBAL,LNDAGRFJIC03,WTRSURFJI,16,2022,1.6
GLOBAL,LNDAGRFJIC03,WTRSURFJI,16,2023,1.6
GLOBAL,LNDAGRFJIC03,WTRSURFJI,16,2024,1.6
GLOBAL,LNDAGRFJIC03,WTRSURFJI,16,2025,1.6
GLOBAL,LNDAGRFJIC03,WTRSURFJI,16,2026,1.6
GLOBAL,LNDAGRFJIC03,WTRSURFJI,16,2027,1.6
GLOBAL,LNDAGRFJIC03,WTRSURFJI,16,2028,1.6
GLOBAL,LNDAGRFJIC03,WTRSURFJI,16,2029,1.6
GLOBAL,LNDAGRFJIC03,WTRSURFJI,16,2030,1.6
GLOBAL,LNDAGRFJIC03,WTRSURFJI,16,2031,1.6
GLOBAL,LNDAGRFJIC03,WTRSURFJI,16,2032,1.6
GLOBAL,LNDAGRFJIC03,WTRSURFJI,16,2033,1.6
GLOBAL,LNDAGRFJIC03,WTRSURFJI,16,2034,1.6
GLOBAL,LNDAGRFJIC03,WTRSURFJI,16,2035,1.6
GLOBAL,LNDAGRFJIC03,WTRSURFJI,16,2036,1.6
GLOBAL,LNDAGRFJIC03,WTRSURFJI,16,2037,1.6
GLOBAL,LNDAGRFJIC03,WTRSURFJI,16,2038,1.6
GLOBAL,LNDAGRFJIC03,WTRSURFJI,16,2039,1.6
GLOBAL,LNDAGRFJIC03,WTRSURFJI,16,2040,1.6
GLOBAL,LNDAGRFJIC03,WTRSURFJI,16,2041,1.6
GLOBAL,LNDAGRFJIC03,WTRSURFJI,16,2042,1.6
GLOBAL,LNDAGRFJIC03,WTRSURFJI,16,2043,1.6
GLOBAL,LNDAGRFJIC03,WTRSURFJI,16,2044,1.6
GLOBAL,LNDAGRFJIC03,WTRSURFJI,16,2045,1.6
GLOBAL,LNDAGRFJIC03,WTRSURFJI,16,2046,1.6
GLOBAL,LNDAGRFJIC03,WTRSURFJI,16,2047,1.6
GLOBAL,LNDAGRFJIC03,WTRSURFJI,16,2048,1.6
GLOBAL,LNDAGRFJIC03,WTRSURFJI,16,2049,1.6
GLOBAL,LNDAGRFJIC03,WTRSURFJI,16,2050,1.6
GLOBAL,LNDAGRFJIC03,CRPOTH,17,2020,0.19
GLOBAL,LNDAGRFJIC03,CRPOTH,17,2021,0.19
GLOBAL,LNDAGRFJIC03,CRPOTH,17,2022,0.19
GLOBAL,LNDAGRFJIC03,CRPOTH,17,2023,0.19
GLOBAL,LNDAGRFJIC03,CRPOTH,17,2024,0.19
GLOBAL,LNDAGRFJIC03,CRPOTH,17,2025,0.19
GLOBAL,LNDAGRFJIC03,CRPOTH,17,2026,0.19
GLOBAL,LNDAGRFJIC03,CRPOTH,17,2027,0.19
GLOBAL,LNDAGRFJIC03,CRPOTH,17,2028,0.19
GLOBAL,LNDAGRFJIC03,CRPOTH,17,2029,0.19
GLOBAL,LNDAGRFJIC03,CRPOTH,17,2030,0.19
GLOBAL,LNDAGRFJIC03,CRPOTH,17,2031,0.19
GLOBAL,LNDAGRFJIC03,CRPOTH,17,2032,0.19
GLOBAL,LNDAGRFJIC03,CRPOTH,17,2033,0.19
GLOBAL,LNDAGRFJIC03,CRPOTH,17,2034,0.19
GLOBAL,LNDAGRFJIC03,CRPOTH,17,2035,0.19
GLOBAL,LNDAGRFJIC03,CRPOTH,17,2036,0.19
GLOBAL,LNDAGRFJIC03,CRPOTH,17,2037,0.19
GLOBAL,LNDAGRFJIC03,CRPOTH,17,2038,0.19
GLOBAL,LNDAGRFJIC03,CRPOTH,17,2039,0.19
GLOBAL,LNDAGRFJIC03,CRPOTH,17,2040,0.19
GLOBAL,LNDAGRFJIC03,CRPOTH,17,2041,0.19
GLOBAL,LNDAGRFJIC03,CRPOTH,17,2042,0.19
GLOBAL,LNDAGRFJIC03,CRPOTH,17,2043,0.19
GLOBAL,LNDAGRFJIC03,CRPOTH,17,2044,0.19
GLOBAL,LNDAGRFJIC03,CRPOTH,17,2045,0.19
GLOBAL,LNDAGRFJIC03,CRPOTH,17,2046,0.19
GLOBAL,LNDAGRFJIC03,CRPOTH,17,2047,0.19
GLOBAL,LNDAGRFJIC03,CRPOTH,17,2048,0.19
GLOBAL,LNDAGRFJIC03,CRPOTH,17,2049,0.19
GLOBAL,LNDAGRFJIC03,CRPOTH,17,2050,0.19
GLOBAL,LNDAGRFJIC03,WTREVTFJI,17,2020,0.51
GLOBAL,LNDAGRFJIC03,WTREVTFJI,17,2021,0.51
GLOBAL,LNDAGRFJIC03,WTREVTFJI,17,2022,0.51
GLOBAL,LNDAGRFJIC03,WTREVTFJI,17,2023,0.51
GLOBAL,LNDAGRFJIC03,WTREVTFJI,17,2024,0.51
GLOBAL,LNDAGRFJIC03,WTREVTFJI,17,2025,0.51
GLOBAL,LNDAGRFJIC03,WTREVTFJI,17,2026,0.51
GLOBAL,LNDAGRFJIC03,WTREVTFJI,17,2027,0.51
GLOBAL,LNDAGRFJIC03,WTREVTFJI,17,2028,0.51
GLOBAL,LNDAGRFJIC03,WTREVTFJI,17,2029,0.51
GLOBAL,LNDAGRFJIC03,WTREVTFJI,17,2030,0.51
GLOBAL,LNDAGRFJIC03,WTREVTFJI,17,2031,0.51
GLOBAL,LNDAGRFJIC03,WTREVTFJI,17,2032,0.51
GLOBAL,LNDAGRFJIC03,WTREVTFJI,17,2033,0.51
GLOBAL,LNDAGRFJIC03,WTREVTFJI,17,2034,0.51
GLOBAL,LNDAGRFJIC03,WTREVTFJI,17,2035,0.51
GLOBAL,LNDAGRFJIC03,WTREVTFJI,17,2036,0.51
GLOBAL,LNDAGRFJIC03,WTREVTFJI,17,2037,0.51
GLOBAL,LNDAGRFJIC03,WTREVTFJI,17,2038,0.51
GLOBAL,LNDAGRFJIC03,WTREVTFJI,17,2039,0.51
GLOBAL,LNDAGRFJIC03,WTREVTFJI,17,2040,0.51
GLOBAL,LNDAGRFJIC03,WTREVTFJI,17,2041,0.51
GLOBAL,LNDAGRFJIC03,WTREVTFJI,17,2042,0.51
GLOBAL,LNDAGRFJIC03,WTREVTFJI,17,2043,0.51
GLOBAL,LNDAGRFJIC03,WTREVTFJI,17,2044,0.51
GLOBAL,LNDAGRFJIC03,WTREVTFJI,17,2045,0.51
GLOBAL,LNDAGRFJIC03,WTREVTFJI,17,2046,0.51
GLOBAL,LNDAGRFJIC03,WTREVTFJI,17,2047,0.51
GLOBAL,LNDAGRFJIC03,WTREVTFJI,17,2048,0.51
GLOBAL,LNDAGRFJIC03,WTREVTFJI,17,2049,0.51
GLOBAL,LNDAGRFJIC03,WTREVTFJI,17,2050,0.51
GLOBAL,LNDAGRFJIC03,WTRGRCFJI,17,2020,0.11
GLOBAL,LNDAGRFJIC03,WTRGRCFJI,17,2021,0.11
GLOBAL,LNDAGRFJIC03,WTRGRCFJI,17,2022,0.11
GLOBAL,LNDAGRFJIC03,WTRGRCFJI,17,2023,0.11
GLOBAL,LNDAGRFJIC03,WTRGRCFJI,17,2024,0.11
GLOBAL,LNDAGRFJIC03,WTRGRCFJI,17,2025,0.11
GLOBAL,LNDAGRFJIC03,WTRGRCFJI,17,2026,0.11
GLOBAL,LNDAGRFJIC03,WTRGRCFJI,17,2027,0.11
GLOBAL,LNDAGRFJIC03,WTRGRCFJI,17,2028,0.11
GLOBAL,LNDAGRFJIC03,WTRGRCFJI,17,2029,0.11
GLOBAL,LNDAGRFJIC03,WTRGRCFJI,17,2030,0.11
GLOBAL,LNDAGRFJIC03,WTRGRCFJI,17,2031,0.11
GLOBAL,LNDAGRFJIC03,WTRGRCFJI,17,2032,0.11
GLOBAL,LNDAGRFJIC03,WTRGRCFJI,17,2033,0.11
GLOBAL,LNDAGRFJIC03,WTRGRCFJI,17,2034,0.11
GLOBAL,LNDAGRFJIC03,WTRGRCFJI,17,2035,0.11
GLOBAL,LNDAGRFJIC03,WTRGRCFJI,17,2036,0.11
GLOBAL,LNDAGRFJIC03,WTRGRCFJI,17,2037,0.11
GLOBAL,LNDAGRFJIC03,WTRGRCFJI,17,2038,0.11
GLOBAL,LNDAGRFJIC03,WTRGRCFJI,17,2039,0.11
GLOBAL,LNDAGRFJIC03,WTRGRCFJI,17,2040,0.11
GLOBAL,LNDAGRFJIC03,WTRGRCFJI,17,2041,0.11
GLOBAL,LNDAGRFJIC03,WTRGRCFJI,17,2042,0.11
GLOBAL,LNDAGRFJIC03,WTRGRCFJI,17,2043,0.11
GLOBAL,LNDAGRFJIC03,WTRGRCFJI,17,2044,0.11
GLOBAL,LNDAGRFJIC03,WTRGRCFJI,17,2045,0.11
GLOBAL,LNDAGRFJIC03,WTRGRCFJI,17,2046,0.11
GLOBAL,LNDAGRFJIC03,WTRGRCFJI,17,2047,0.11
GLOBAL,LNDAGRFJIC03,WTRGRCFJI,17,2048,0.11
GLOBAL,LNDAGRFJIC03,WTRGRCFJI,17,2049,0.11
GLOBAL,LNDAGRFJIC03,WTRGRCFJI,17,2050,0.11
GLOBAL,LNDAGRFJIC03,WTRSURFJI,17,2020,2.1
GLOBAL,LNDAGRFJIC03,WTRSURFJI,17,2021,2.1
GLOBAL,LNDAGRFJIC03,WTRSURFJI,17,2022,2.1
GLOBAL,LNDAGRFJIC03,WTRSURFJI,17,2023,2.1
GLOBAL,LNDAGRFJIC03,WTRSURFJI,17,2024,2.1
GLOBAL,LNDAGRFJIC03,WTRSURFJI,17,2025,2.1
GLOBAL,LNDAGRFJIC03,WTRSURFJI,17,2026,2.1
GLOBAL,LNDAGRFJIC03,WTRSURFJI,17,2027,2.1
GLOBAL,LNDAGRFJIC03,WTRSURFJI,17,2028,2.1
GLOBAL,LNDAGRFJIC03,WTRSURFJI,17,2029,2.1
GLOBAL,LNDAGRFJIC03,WTRSURFJI,17,2030,2.1
GLOBAL,LNDAGRFJIC03,WTRSURFJI,17,2031,2.1
GLOBAL,LNDAGRFJIC03,WTRSURFJI,17,2032,2.1
GLOBAL,LNDAGRFJIC03,WTRSURFJI,17,2033,2.1
GLOBAL,LNDAGRFJIC03,WTRSURFJI,17,2034,2.1
GLOBAL,LNDAGRFJIC03,WTRSURFJI,17,2035,2.1
GLOBAL,LNDAGRFJIC03,WTRSURFJI,17,2036,2.1
GLOBAL,LNDAGRFJIC03,WTRSURFJI,17,2037,2.1
GLOBAL,LNDAGRFJIC03,WTRSURFJI,17,2038,2.1
GLOBAL,LNDAGRFJIC03,WTRSURFJI,17,2039,2.1
GLOBAL,LNDAGRFJIC03,WTRSURFJI,17,2040,2.1
GLOBAL,LNDAGRFJIC03,WTRSURFJI,17,2041,2.1
GLOBAL,LNDAGRFJIC03,WTRSURFJI,17,2042,2.1
GLOBAL,LNDAGRFJIC03,WTRSURFJI,17,2043,2.1
GLOBAL,LNDAGRFJIC03,WTRSURFJI,17,2044,2.1
GLOBAL,LNDAGRFJIC03,WTRSURFJI,17,2045,2.1
GLOBAL,LNDAGRFJIC03,WTRSURFJI,17,2046,2.1
GLOBAL,LNDAGRFJIC03,WTRSURFJI,17,2047,2.1
GLOBAL,LNDAGRFJIC03,WTRSURFJI,17,2048,2.1
GLOBAL,LNDAGRFJIC03,WTRSURFJI,17,2049,2.1
GLOBAL,LNDAGRFJIC03,WTRSURFJI,17,2050,2.1
GLOBAL,LNDAGRFJIC03,CRPOTH,18,2020,0.69
GLOBAL,LNDAGRFJIC03,CRPOTH,18,2021,0.69
GLOBAL,LNDAGRFJIC03,CRPOTH,18,2022,0.69
GLOBAL,LNDAGRFJIC03,CRPOTH,18,2023,0.69
GLOBAL,LNDAGRFJIC03,CRPOTH,18,2024,0.69
GLOBAL,LNDAGRFJIC03,CRPOTH,18,2025,0.69
GLOBAL,LNDAGRFJIC03,CRPOTH,18,2026,0.69
GLOBAL,LNDAGRFJIC03,CRPOTH,18,2027,0.69
GLOBAL,LNDAGRFJIC03,CRPOTH,18,2028,0.69
GLOBAL,LNDAGRFJIC03,CRPOTH,18,2029,0.69
GLOBAL,LNDAGRFJIC03,CRPOTH,18,2030,0.69
GLOBAL,LNDAGRFJIC03,CRPOTH,18,2031,0.69
GLOBAL,LNDAGRFJIC03,CRPOTH,18,2032,0.69
GLOBAL,LNDAGRFJIC03,CRPOTH,18,2033,0.69
GLOBAL,LNDAGRFJIC03,CRPOTH,18,2034,0.69
GLOBAL,LNDAGRFJIC03,CRPOTH,18,2035,0.69
GLOBAL,LNDAGRFJIC03,CRPOTH,18,2036,0.69
GLOBAL,LNDAGRFJIC03,CRPOTH,18,2037,0.69
GLOBAL,LNDAGRFJIC03,CRPOTH,18,2038,0.69
GLOBAL,LNDAGRFJIC03,CRPOTH,18,2039,0.69
GLOBAL,LNDAGRFJIC03,CRPOTH,18,2040,0.69
GLOBAL,LNDAGRFJIC03,CRPOTH,18,2041,0.69
GLOBAL,LNDAGRFJIC03,CRPOTH,18,2042,0.69
GLOBAL,LNDAGRFJIC03,CRPOTH,18,2043,0.69
GLOBAL,LNDAGRFJIC03,CRPOTH,18,2044,0.69
GLOBAL,LNDAGRFJIC03,CRPOTH,18,2045,0.69
GLOBAL,LNDAGRFJIC03,CRPOTH,18,2046,0.69
GLOBAL,LNDAGRFJIC03,CRPOTH,18,2047,0.69
GLOBAL,LNDAGRFJIC03,CRPOTH,18,2048,0.69
GLOBAL,LNDAGRFJIC03,CRPOTH,18,2049,0.69
GLOBAL,LNDAGRFJIC03,CRPOTH,18,2050,0.69
GLOBAL,LNDAGRFJIC03,WTREVTFJI,18,2020,0.60
GLOBAL,LNDAGRFJIC03,WTREVTFJI,18,2021,0.60
GLOBAL,LNDAGRFJIC03,WTREVTFJI,18,2022,0.60
GLOBAL,LNDAGRFJIC03,WTREVTFJI,18,2023,0.60
GLOBAL,LNDAGRFJIC03,WTREVTFJI,18,2024,0.60
GLOBAL,LNDAGRFJIC03,WTREVTFJI,18,2025,0.60
GLOBAL,LNDAGRFJIC03,WTREVTFJI,18,2026,0.60
GLOBAL,LNDAGRFJIC03,WTREVTFJI,18,2027,0.60
GLOBAL,LNDAGRFJIC03,WTREVTFJI,18,2028,0.60
GLOBAL,LNDAGRFJIC03,WTREVTFJI,18,2029,0.60
GLOBAL,LNDAGRFJIC03,WTREVTFJI,18,2030,0.60
GLOBAL,LNDAGRFJIC03,WTREVTFJI,18,2031,0.60
GLOBAL,LNDAGRFJIC03,WTREVTFJI,18,2032,0.60
GLOBAL,LNDAGRFJIC03,WTREVTFJI,18,2033,0.60
GLOBAL,LNDAGRFJIC03,WTREVTFJI,18,2034,0.60
GLOBAL,LNDAGRFJIC03,WTREVTFJI,18,2035,0.60
GLOBAL,LNDAGRFJIC03,WTREVTFJI,18,2036,0.60
GLOBAL,LNDAGRFJIC03,WTREVTFJI,18,2037,0.60
GLOBAL,LNDAGRFJIC03,WTREVTFJI,18,2038,0.60
GLOBAL,LNDAGRFJIC03,WTREVTFJI,18,2039,0.60
GLOBAL,LNDAGRFJIC03,WTREVTFJI,18,2040,0.60
GLOBAL,LNDAGRFJIC03,WTREVTFJI,18,2041,0.60
GLOBAL,LNDAGRFJIC03,WTREVTFJI,18,2042,0.60
GLOBAL,LNDAGRFJIC03,WTREVTFJI,18,2043,0.60
GLOBAL,LNDAGRFJIC03,WTREVTFJI,18,2044,0.60
GLOBAL,LNDAGRFJIC03,WTREVTFJI,18,2045,0.60
GLOBAL,LNDAGRFJIC03,WTREVTFJI,18,2046,0.60
GLOBAL,LNDAGRFJIC03,WTREVTFJI,18,2047,0.60
GLOBAL,LNDAGRFJIC03,WTREVTFJI,18,2048,0.60
GLOBAL,LNDAGRFJIC03,WTREVTFJI,18,2049,0.60
GLOBAL,LNDAGRFJIC03,WTREVTFJI,18,2050,0.60
GLOBAL,LNDAGRFJIC03,WTRGRCFJI,18,2020,0.11
GLOBAL,LNDAGRFJIC03,WTRGRCFJI,18,2021,0.11
GLOBAL,LNDAGRFJIC03,WTRGRCFJI,18,2022,0.11
GLOBAL,LNDAGRFJIC03,WTRGRCFJI,18,2023,0.11
GLOBAL,LNDAGRFJIC03,WTRGRCFJI,18,2024,0.11
GLOBAL,LNDAGRFJIC03,WTRGRCFJI,18,2025,0.11
GLOBAL,LNDAGRFJIC03,WTRGRCFJI,18,2026,0.11
GLOBAL,LNDAGRFJIC03,WTRGRCFJI,18,2027,0.11
GLOBAL,LNDAGRFJIC03,WTRGRCFJI,18,2028,0.11
GLOBAL,LNDAGRFJIC03,WTRGRCFJI,18,2029,0.11
GLOBAL,LNDAGRFJIC03,WTRGRCFJI,18,2030,0.11
GLOBAL,LNDAGRFJIC03,WTRGRCFJI,18,2031,0.11
GLOBAL,LNDAGRFJIC03,WTRGRCFJI,18,2032,0.11
GLOBAL,LNDAGRFJIC03,WTRGRCFJI,18,2033,0.11
GLOBAL,LNDAGRFJIC03,WTRGRCFJI,18,2034,0.11
GLOBAL,LNDAGRFJIC03,WTRGRCFJI,18,2035,0.11
GLOBAL,LNDAGRFJIC03,WTRGRCFJI,18,2036,0.11
GLOBAL,LNDAGRFJIC03,WTRGRCFJI,18,2037,0.11
GLOBAL,LNDAGRFJIC03,WTRGRCFJI,18,2038,0.11
GLOBAL,LNDAGRFJIC03,WTRGRCFJI,18,2039,0.11
GLOBAL,LNDAGRFJIC03,WTRGRCFJI,18,2040,0.11
GLOBAL,LNDAGRFJIC03,WTRGRCFJI,18,2041,0.11
GLOBAL,LNDAGRFJIC03,WTRGRCFJI,18,2042,0.11
GLOBAL,LNDAGRFJIC03,WTRGRCFJI,18,2043,0.11
GLOBAL,LNDAGRFJIC03,WTRGRCFJI,18,2044,0.11
GLOBAL,LNDAGRFJIC03,WTRGRCFJI,18,2045,0.11
GLOBAL,LNDAGRFJIC03,WTRGRCFJI,18,2046,0.11
GLOBAL,LNDAGRFJIC03,WTRGRCFJI,18,2047,0.11
GLOBAL,LNDAGRFJIC03,WTRGRCFJI,18,2048,0.11
GLOBAL,LNDAGRFJIC03,WTRGRCFJI,18,2049,0.11
GLOBAL,LNDAGRFJIC03,WTRGRCFJI,18,2050,0.11
GLOBAL,LNDAGRFJIC03,WTRSURFJI,18,2020,2.0
GLOBAL,LNDAGRFJIC03,WTRSURFJI,18,2021,2.0
GLOBAL,LNDAGRFJIC03,WTRSURFJI,18,2022,2.0
GLOBAL,LNDAGRFJIC03,WTRSURFJI,18,2023,2.0
GLOBAL,LNDAGRFJIC03,WTRSURFJI,18,2024,2.0
GLOBAL,LNDAGRFJIC03,WTRSURFJI,18,2025,2.0
GLOBAL,LNDAGRFJIC03,WTRSURFJI,18,2026,2.0
GLOBAL,LNDAGRFJIC03,WTRSURFJI,18,2027,2.0
GLOBAL,LNDAGRFJIC03,WTRSURFJI,18,2028,2.0
GLOBAL,LNDAGRFJIC03,WTRSURFJI,18,2029,2.0
GLOBAL,LNDAGRFJIC03,WTRSURFJI,18,2030,2.0
GLOBAL,LNDAGRFJIC03,WTRSURFJI,18,2031,2.0
GLOBAL,LNDAGRFJIC03,WTRSURFJI,18,2032,2.0
GLOBAL,LNDAGRFJIC03,WTRSURFJI,18,2033,2.0
GLOBAL,LNDAGRFJIC03,WTRSURFJI,18,2034,2.0
GLOBAL,LNDAGRFJIC03,WTRSURFJI,18,2035,2.0
GLOBAL,LNDAGRFJIC03,WTRSURFJI,18,2036,2.0
GLOBAL,LNDAGRFJIC03,WTRSURFJI,18,2037,2.0
GLOBAL,LNDAGRFJIC03,WTRSURFJI,18,2038,2.0
GLOBAL,LNDAGRFJIC03,WTRSURFJI,18,2039,2.0
GLOBAL,LNDAGRFJIC03,WTRSURFJI,18,2040,2.0
GLOBAL,LNDAGRFJIC03,WTRSURFJI,18,2041,2.0
GLOBAL,LNDAGRFJIC03,WTRSURFJI,18,2042,2.0
GLOBAL,LNDAGRFJIC03,WTRSURFJI,18,2043,2.0
GLOBAL,LNDAGRFJIC03,WTRSURFJI,18,2044,2.0
GLOBAL,LNDAGRFJIC03,WTRSURFJI,18,2045,2.0
GLOBAL,LNDAGRFJIC03,WTRSURFJI,18,2046,2.0
GLOBAL,LNDAGRFJIC03,WTRSURFJI,18,2047,2.0
GLOBAL,LNDAGRFJIC03,WTRSURFJI,18,2048,2.0
GLOBAL,LNDAGRFJIC03,WTRSURFJI,18,2049,2.0
GLOBAL,LNDAGRFJIC03,WTRSURFJI,18,2050,2.0
GLOBAL,LNDAGRFJIC03,CRPOTH,19,2020,0.18
GLOBAL,LNDAGRFJIC03,CRPOTH,19,2021,0.18
GLOBAL,LNDAGRFJIC03,CRPOTH,19,2022,0.18
GLOBAL,LNDAGRFJIC03,CRPOTH,19,2023,0.18
GLOBAL,LNDAGRFJIC03,CRPOTH,19,2024,0.18
GLOBAL,LNDAGRFJIC03,CRPOTH,19,2025,0.18
GLOBAL,LNDAGRFJIC03,CRPOTH,19,2026,0.18
GLOBAL,LNDAGRFJIC03,CRPOTH,19,2027,0.18
GLOBAL,LNDAGRFJIC03,CRPOTH,19,2028,0.18
GLOBAL,LNDAGRFJIC03,CRPOTH,19,2029,0.18
GLOBAL,LNDAGRFJIC03,CRPOTH,19,2030,0.18
GLOBAL,LNDAGRFJIC03,CRPOTH,19,2031,0.18
GLOBAL,LNDAGRFJIC03,CRPOTH,19,2032,0.18
GLOBAL,LNDAGRFJIC03,CRPOTH,19,2033,0.18
GLOBAL,LNDAGRFJIC03,CRPOTH,19,2034,0.18
GLOBAL,LNDAGRFJIC03,CRPOTH,19,2035,0.18
GLOBAL,LNDAGRFJIC03,CRPOTH,19,2036,0.18
GLOBAL,LNDAGRFJIC03,CRPOTH,19,2037,0.18
GLOBAL,LNDAGRFJIC03,CRPOTH,19,2038,0.18
GLOBAL,LNDAGRFJIC03,CRPOTH,19,2039,0.18
GLOBAL,LNDAGRFJIC03,CRPOTH,19,2040,0.18
GLOBAL,LNDAGRFJIC03,CRPOTH,19,2041,0.18
GLOBAL,LNDAGRFJIC03,CRPOTH,19,2042,0.18
GLOBAL,LNDAGRFJIC03,CRPOTH,19,2043,0.18
GLOBAL,LNDAGRFJIC03,CRPOTH,19,2044,0.18
GLOBAL,LNDAGRFJIC03,CRPOTH,19,2045,0.18
GLOBAL,LNDAGRFJIC03,CRPOTH,19,2046,0.18
GLOBAL,LNDAGRFJIC03,CRPOTH,19,2047,0.18
GLOBAL,LNDAGRFJIC03,CRPOTH,19,2048,0.18
GLOBAL,LNDAGRFJIC03,CRPOTH,19,2049,0.18
GLOBAL,LNDAGRFJIC03,CRPOTH,19,2050,0.18
GLOBAL,LNDAGRFJIC03,WTREVTFJI,19,2020,0.50
GLOBAL,LNDAGRFJIC03,WTREVTFJI,19,2021,0.50
GLOBAL,LNDAGRFJIC03,WTREVTFJI,19,2022,0.50
GLOBAL,LNDAGRFJIC03,WTREVTFJI,19,2023,0.50
GLOBAL,LNDAGRFJIC03,WTREVTFJI,19,2024,0.50
GLOBAL,LNDAGRFJIC03,WTREVTFJI,19,2025,0.50
GLOBAL,LNDAGRFJIC03,WTREVTFJI,19,2026,0.50
GLOBAL,LNDAGRFJIC03,WTREVTFJI,19,2027,0.50
GLOBAL,LNDAGRFJIC03,WTREVTFJI,19,2028,0.50
GLOBAL,LNDAGRFJIC03,WTREVTFJI,19,2029,0.50
GLOBAL,LNDAGRFJIC03,WTREVTFJI,19,2030,0.50
GLOBAL,LNDAGRFJIC03,WTREVTFJI,19,2031,0.50
GLOBAL,LNDAGRFJIC03,WTREVTFJI,19,2032,0.50
GLOBAL,LNDAGRFJIC03,WTREVTFJI,19,2033,0.50
GLOBAL,LNDAGRFJIC03,WTREVTFJI,19,2034,0.50
GLOBAL,LNDAGRFJIC03,WTREVTFJI,19,2035,0.50
GLOBAL,LNDAGRFJIC03,WTREVTFJI,19,2036,0.50
GLOBAL,LNDAGRFJIC03,WTREVTFJI,19,2037,0.50
GLOBAL,LNDAGRFJIC03,WTREVTFJI,19,2038,0.50
GLOBAL,LNDAGRFJIC03,WTREVTFJI,19,2039,0.50
GLOBAL,LNDAGRFJIC03,WTREVTFJI,19,2040,0.50
GLOBAL,LNDAGRFJIC03,WTREVTFJI,19,2041,0.50
GLOBAL,LNDAGRFJIC03,WTREVTFJI,19,2042,0.50
GLOBAL,LNDAGRFJIC03,WTREVTFJI,19,2043,0.50
GLOBAL,LNDAGRFJIC03,WTREVTFJI,19,2044,0.50
GLOBAL,LNDAGRFJIC03,WTREVTFJI,19,2045,0.50
GLOBAL,LNDAGRFJIC03,WTREVTFJI,19,2046,0.50
GLOBAL,LNDAGRFJIC03,WTREVTFJI,19,2047,0.50
GLOBAL,LNDAGRFJIC03,WTREVTFJI,19,2048,0.50
GLOBAL,LNDAGRFJIC03,WTREVTFJI,19,2049,0.50
GLOBAL,LNDAGRFJIC03,WTREVTFJI,19,2050,0.50
GLOBAL,LNDAGRFJIC03,WTRGRCFJI,19,2020,0.11
GLOBAL,LNDAGRFJIC03,WTRGRCFJI,19,2021,0.11
GLOBAL,LNDAGRFJIC03,WTRGRCFJI,19,2022,0.11
GLOBAL,LNDAGRFJIC03,WTRGRCFJI,19,2023,0.11
GLOBAL,LNDAGRFJIC03,WTRGRCFJI,19,2024,0.11
GLOBAL,LNDAGRFJIC03,WTRGRCFJI,19,2025,0.11
GLOBAL,LNDAGRFJIC03,WTRGRCFJI,19,2026,0.11
GLOBAL,LNDAGRFJIC03,WTRGRCFJI,19,2027,0.11
GLOBAL,LNDAGRFJIC03,WTRGRCFJI,19,2028,0.11
GLOBAL,LNDAGRFJIC03,WTRGRCFJI,19,2029,0.11
GLOBAL,LNDAGRFJIC03,WTRGRCFJI,19,2030,0.11
GLOBAL,LNDAGRFJIC03,WTRGRCFJI,19,2031,0.11
GLOBAL,LNDAGRFJIC03,WTRGRCFJI,19,2032,0.11
GLOBAL,LNDAGRFJIC03,WTRGRCFJI,19,2033,0.11
GLOBAL,LNDAGRFJIC03,WTRGRCFJI,19,2034,0.11
GLOBAL,LNDAGRFJIC03,WTRGRCFJI,19,2035,0.11
GLOBAL,LNDAGRFJIC03,WTRGRCFJI,19,2036,0.11
GLOBAL,LNDAGRFJIC03,WTRGRCFJI,19,2037,0.11
GLOBAL,LNDAGRFJIC03,WTRGRCFJI,19,2038,0.11
GLOBAL,LNDAGRFJIC03,WTRGRCFJI,19,2039,0.11
GLOBAL,LNDAGRFJIC03,WTRGRCFJI,19,2040,0.11
GLOBAL,LNDAGRFJIC03,WTRGRCFJI,19,2041,0.11
GLOBAL,LNDAGRFJIC03,WTRGRCFJI,19,2042,0.11
GLOBAL,LNDAGRFJIC03,WTRGRCFJI,19,2043,0.11
GLOBAL,LNDAGRFJIC03,WTRGRCFJI,19,2044,0.11
GLOBAL,LNDAGRFJIC03,WTRGRCFJI,19,2045,0.11
GLOBAL,LNDAGRFJIC03,WTRGRCFJI,19,2046,0.11
GLOBAL,LNDAGRFJIC03,WTRGRCFJI,19,2047,0.11
GLOBAL,LNDAGRFJIC03,WTRGRCFJI,19,2048,0.11
GLOBAL,LNDAGRFJIC03,WTRGRCFJI,19,2049,0.11
GLOBAL,LNDAGRFJIC03,WTRGRCFJI,19,2050,0.11
GLOBAL,LNDAGRFJIC03,WTRSURFJI,19,2020,2.1
GLOBAL,LNDAGRFJIC03,WTRSURFJI,19,2021,2.1
GLOBAL,LNDAGRFJIC03,WTRSURFJI,19,2022,2.1
GLOBAL,LNDAGRFJIC03,WTRSURFJI,19,2023,2.1
GLOBAL,LNDAGRFJIC03,WTRSURFJI,19,2024,2.1
GLOBAL,LNDAGRFJIC03,WTRSURFJI,19,2025,2.1
GLOBAL,LNDAGRFJIC03,WTRSURFJI,19,2026,2.1
GLOBAL,LNDAGRFJIC03,WTRSURFJI,19,2027,2.1
GLOBAL,LNDAGRFJIC03,WTRSURFJI,19,2028,2.1
GLOBAL,LNDAGRFJIC03,WTRSURFJI,19,2029,2.1
GLOBAL,LNDAGRFJIC03,WTRSURFJI,19,2030,2.1
GLOBAL,LNDAGRFJIC03,WTRSURFJI,19,2031,2.1
GLOBAL,LNDAGRFJIC03,WTRSURFJI,19,2032,2.1
GLOBAL,LNDAGRFJIC03,WTRSURFJI,19,2033,2.1
GLOBAL,LNDAGRFJIC03,WTRSURFJI,19,2034,2.1
GLOBAL,LNDAGRFJIC03,WTRSURFJI,19,2035,2.1
GLOBAL,LNDAGRFJIC03,WTRSURFJI,19,2036,2.1
GLOBAL,LNDAGRFJIC03,WTRSURFJI,19,2037,2.1
GLOBAL,LNDAGRFJIC03,WTRSURFJI,19,2038,2.1
GLOBAL,LNDAGRFJIC03,WTRSURFJI,19,2039,2.1
GLOBAL,LNDAGRFJIC03,WTRSURFJI,19,2040,2.1
GLOBAL,LNDAGRFJIC03,WTRSURFJI,19,2041,2.1
GLOBAL,LNDAGRFJIC03,WTRSURFJI,19,2042,2.1
GLOBAL,LNDAGRFJIC03,WTRSURFJI,19,2043,2.1
GLOBAL,LNDAGRFJIC03,WTRSURFJI,19,2044,2.1
GLOBAL,LNDAGRFJIC03,WTRSURFJI,19,2045,2.1
GLOBAL,LNDAGRFJIC03,WTRSURFJI,19,2046,2.1
GLOBAL,LNDAGRFJIC03,WTRSURFJI,19,2047,2.1
GLOBAL,LNDAGRFJIC03,WTRSURFJI,19,2048,2.1
GLOBAL,LNDAGRFJIC03,WTRSURFJI,19,2049,2.1
GLOBAL,LNDAGRFJIC03,WTRSURFJI,19,2050,2.1
GLOBAL,LNDAGRFJIC03,CRPOTH,20,2020,0.68
GLOBAL,LNDAGRFJIC03,CRPOTH,20,2021,0.68
GLOBAL,LNDAGRFJIC03,CRPOTH,20,2022,0.68
GLOBAL,LNDAGRFJIC03,CRPOTH,20,2023,0.68
GLOBAL,LNDAGRFJIC03,CRPOTH,20,2024,0.68
GLOBAL,LNDAGRFJIC03,CRPOTH,20,2025,0.68
GLOBAL,LNDAGRFJIC03,CRPOTH,20,2026,0.68
GLOBAL,LNDAGRFJIC03,CRPOTH,20,2027,0.68
GLOBAL,LNDAGRFJIC03,CRPOTH,20,2028,0.68
GLOBAL,LNDAGRFJIC03,CRPOTH,20,2029,0.68
GLOBAL,LNDAGRFJIC03,CRPOTH,20,2030,0.68
GLOBAL,LNDAGRFJIC03,CRPOTH,20,2031,0.68
GLOBAL,LNDAGRFJIC03,CRPOTH,20,2032,0.68
GLOBAL,LNDAGRFJIC03,CRPOTH,20,2033,0.68
GLOBAL,LNDAGRFJIC03,CRPOTH,20,2034,0.68
GLOBAL,LNDAGRFJIC03,CRPOTH,20,2035,0.68
GLOBAL,LNDAGRFJIC03,CRPOTH,20,2036,0.68
GLOBAL,LNDAGRFJIC03,CRPOTH,20,2037,0.68
GLOBAL,LNDAGRFJIC03,CRPOTH,20,2038,0.68
GLOBAL,LNDAGRFJIC03,CRPOTH,20,2039,0.68
GLOBAL,LNDAGRFJIC03,CRPOTH,20,2040,0.68
GLOBAL,LNDAGRFJIC03,CRPOTH,20,2041,0.68
GLOBAL,LNDAGRFJIC03,CRPOTH,20,2042,0.68
GLOBAL,LNDAGRFJIC03,CRPOTH,20,2043,0.68
GLOBAL,LNDAGRFJIC03,CRPOTH,20,2044,0.68
GLOBAL,LNDAGRFJIC03,CRPOTH,20,2045,0.68
GLOBAL,LNDAGRFJIC03,CRPOTH,20,2046,0.68
GLOBAL,LNDAGRFJIC03,CRPOTH,20,2047,0.68
GLOBAL,LNDAGRFJIC03,CRPOTH,20,2048,0.68
GLOBAL,LNDAGRFJIC03,CRPOTH,20,2049,0.68
GLOBAL,LNDAGRFJIC03,CRPOTH,20,2050,0.68
GLOBAL,LNDAGRFJIC03,WTREVTFJI,20,2020,0.61
GLOBAL,LNDAGRFJIC03,WTREVTFJI,20,2021,0.61
GLOBAL,LNDAGRFJIC03,WTREVTFJI,20,2022,0.61
GLOBAL,LNDAGRFJIC03,WTREVTFJI,20,2023,0.61
GLOBAL,LNDAGRFJIC03,WTREVTFJI,20,2024,0.61
GLOBAL,LNDAGRFJIC03,WTREVTFJI,20,2025,0.61
GLOBAL,LNDAGRFJIC03,WTREVTFJI,20,2026,0.61
GLOBAL,LNDAGRFJIC03,WTREVTFJI,20,2027,0.61
GLOBAL,LNDAGRFJIC03,WTREVTFJI,20,2028,0.61
GLOBAL,LNDAGRFJIC03,WTREVTFJI,20,2029,0.61
GLOBAL,LNDAGRFJIC03,WTREVTFJI,20,2030,0.61
GLOBAL,LNDAGRFJIC03,WTREVTFJI,20,2031,0.61
GLOBAL,LNDAGRFJIC03,WTREVTFJI,20,2032,0.61
GLOBAL,LNDAGRFJIC03,WTREVTFJI,20,2033,0.61
GLOBAL,LNDAGRFJIC03,WTREVTFJI,20,2034,0.61
GLOBAL,LNDAGRFJIC03,WTREVTFJI,20,2035,0.61
GLOBAL,LNDAGRFJIC03,WTREVTFJI,20,2036,0.61
GLOBAL,LNDAGRFJIC03,WTREVTFJI,20,2037,0.61
GLOBAL,LNDAGRFJIC03,WTREVTFJI,20,2038,0.61
GLOBAL,LNDAGRFJIC03,WTREVTFJI,20,2039,0.61
GLOBAL,LNDAGRFJIC03,WTREVTFJI,20,2040,0.61
GLOBAL,LNDAGRFJIC03,WTREVTFJI,20,2041,0.61
GLOBAL,LNDAGRFJIC03,WTREVTFJI,20,2042,0.61
GLOBAL,LNDAGRFJIC03,WTREVTFJI,20,2043,0.61
GLOBAL,LNDAGRFJIC03,WTREVTFJI,20,2044,0.61
GLOBAL,LNDAGRFJIC03,WTREVTFJI,20,2045,0.61
GLOBAL,LNDAGRFJIC03,WTREVTFJI,20,2046,0.61
GLOBAL,LNDAGRFJIC03,WTREVTFJI,20,2047,0.61
GLOBAL,LNDAGRFJIC03,WTREVTFJI,20,2048,0.61
GLOBAL,LNDAGRFJIC03,WTREVTFJI,20,2049,0.61
GLOBAL,LNDAGRFJIC03,WTREVTFJI,20,2050,0.61
GLOBAL,LNDAGRFJIC03,WTRGRCFJI,20,2020,0.11
GLOBAL,LNDAGRFJIC03,WTRGRCFJI,20,2021,0.11
GLOBAL,LNDAGRFJIC03,WTRGRCFJI,20,2022,0.11
GLOBAL,LNDAGRFJIC03,WTRGRCFJI,20,2023,0.11
GLOBAL,LNDAGRFJIC03,WTRGRCFJI,20,2024,0.11
GLOBAL,LNDAGRFJIC03,WTRGRCFJI,20,2025,0.11
GLOBAL,LNDAGRFJIC03,WTRGRCFJI,20,2026,0.11
GLOBAL,LNDAGRFJIC03,WTRGRCFJI,20,2027,0.11
GLOBAL,LNDAGRFJIC03,WTRGRCFJI,20,2028,0.11
GLOBAL,LNDAGRFJIC03,WTRGRCFJI,20,2029,0.11
GLOBAL,LNDAGRFJIC03,WTRGRCFJI,20,2030,0.11
GLOBAL,LNDAGRFJIC03,WTRGRCFJI,20,2031,0.11
GLOBAL,LNDAGRFJIC03,WTRGRCFJI,20,2032,0.11
GLOBAL,LNDAGRFJIC03,WTRGRCFJI,20,2033,0.11
GLOBAL,LNDAGRFJIC03,WTRGRCFJI,20,2034,0.11
GLOBAL,LNDAGRFJIC03,WTRGRCFJI,20,2035,0.11
GLOBAL,LNDAGRFJIC03,WTRGRCFJI,20,2036,0.11
GLOBAL,LNDAGRFJIC03,WTRGRCFJI,20,2037,0.11
GLOBAL,LNDAGRFJIC03,WTRGRCFJI,20,2038,0.11
GLOBAL,LNDAGRFJIC03,WTRGRCFJI,20,2039,0.11
GLOBAL,LNDAGRFJIC03,WTRGRCFJI,20,2040,0.11
GLOBAL,LNDAGRFJIC03,WTRGRCFJI,20,2041,0.11
GLOBAL,LNDAGRFJIC03,WTRGRCFJI,20,2042,0.11
GLOBAL,LNDAGRFJIC03,WTRGRCFJI,20,2043,0.11
GLOBAL,LNDAGRFJIC03,WTRGRCFJI,20,2044,0.11
GLOBAL,LNDAGRFJIC03,WTRGRCFJI,20,2045,0.11
GLOBAL,LNDAGRFJIC03,WTRGRCFJI,20,2046,0.11
GLOBAL,LNDAGRFJIC03,WTRGRCFJI,20,2047,0.11
GLOBAL,LNDAGRFJIC03,WTRGRCFJI,20,2048,0.11
GLOBAL,LNDAGRFJIC03,WTRGRCFJI,20,2049,0.11
GLOBAL,LNDAGRFJIC03,WTRGRCFJI,20,2050,0.11
GLOBAL,LNDAGRFJIC03,WTRSURFJI,20,2020,2.0
GLOBAL,LNDAGRFJIC03,WTRSURFJI,20,2021,2.0
GLOBAL,LNDAGRFJIC03,WTRSURFJI,20,2022,2.0
GLOBAL,LNDAGRFJIC03,WTRSURFJI,20,2023,2.0
GLOBAL,LNDAGRFJIC03,WTRSURFJI,20,2024,2.0
GLOBAL,LNDAGRFJIC03,WTRSURFJI,20,2025,2.0
GLOBAL,LNDAGRFJIC03,WTRSURFJI,20,2026,2.0
GLOBAL,LNDAGRFJIC03,WTRSURFJI,20,2027,2.0
GLOBAL,LNDAGRFJIC03,WTRSURFJI,20,2028,2.0
GLOBAL,LNDAGRFJIC03,WTRSURFJI,20,2029,2.0
GLOBAL,LNDAGRFJIC03,WTRSURFJI,20,2030,2.0
GLOBAL,LNDAGRFJIC03,WTRSURFJI,20,2031,2.0
GLOBAL,LNDAGRFJIC03,WTRSURFJI,20,2032,2.0
GLOBAL,LNDAGRFJIC03,WTRSURFJI,20,2033,2.0
GLOBAL,LNDAGRFJIC03,WTRSURFJI,20,2034,2.0
GLOBAL,LNDAGRFJIC03,WTRSURFJI,20,2035,2.0
GLOBAL,LNDAGRFJIC03,WTRSURFJI,20,2036,2.0
GLOBAL,LNDAGRFJIC03,WTRSURFJI,20,2037,2.0
GLOBAL,LNDAGRFJIC03,WTRSURFJI,20,2038,2.0
GLOBAL,LNDAGRFJIC03,WTRSURFJI,20,2039,2.0
GLOBAL,LNDAGRFJIC03,WTRSURFJI,20,2040,2.0
GLOBAL,LNDAGRFJIC03,WTRSURFJI,20,2041,2.0
GLOBAL,LNDAGRFJIC03,WTRSURFJI,20,2042,2.0
GLOBAL,LNDAGRFJIC03,WTRSURFJI,20,2043,2.0
GLOBAL,LNDAGRFJIC03,WTRSURFJI,20,2044,2.0
GLOBAL,LNDAGRFJIC03,WTRSURFJI,20,2045,2.0
GLOBAL,LNDAGRFJIC03,WTRSURFJI,20,2046,2.0
GLOBAL,LNDAGRFJIC03,WTRSURFJI,20,2047,2.0
GLOBAL,LNDAGRFJIC03,WTRSURFJI,20,2048,2.0
GLOBAL,LNDAGRFJIC03,WTRSURFJI,20,2049,2.0
GLOBAL,LNDAGRFJIC03,WTRSURFJI,20,2050,2.0
GLOBAL,LNDAGRFJIC04,CRPYAM,1,2020,0.27
GLOBAL,LNDAGRFJIC04,CRPYAM,1,2021,0.27
GLOBAL,LNDAGRFJIC04,CRPYAM,1,2022,0.27
GLOBAL,LNDAGRFJIC04,CRPYAM,1,2023,0.27
GLOBAL,LNDAGRFJIC04,CRPYAM,1,2024,0.27
GLOBAL,LNDAGRFJIC04,CRPYAM,1,2025,0.27
GLOBAL,LNDAGRFJIC04,CRPYAM,1,2026,0.27
GLOBAL,LNDAGRFJIC04,CRPYAM,1,2027,0.27
GLOBAL,LNDAGRFJIC04,CRPYAM,1,2028,0.27
GLOBAL,LNDAGRFJIC04,CRPYAM,1,2029,0.27
GLOBAL,LNDAGRFJIC04,CRPYAM,1,2030,0.27
GLOBAL,LNDAGRFJIC04,CRPYAM,1,2031,0.27
GLOBAL,LNDAGRFJIC04,CRPYAM,1,2032,0.27
GLOBAL,LNDAGRFJIC04,CRPYAM,1,2033,0.27
GLOBAL,LNDAGRFJIC04,CRPYAM,1,2034,0.27
GLOBAL,LNDAGRFJIC04,CRPYAM,1,2035,0.27
GLOBAL,LNDAGRFJIC04,CRPYAM,1,2036,0.27
GLOBAL,LNDAGRFJIC04,CRPYAM,1,2037,0.27
GLOBAL,LNDAGRFJIC04,CRPYAM,1,2038,0.27
GLOBAL,LNDAGRFJIC04,CRPYAM,1,2039,0.27
GLOBAL,LNDAGRFJIC04,CRPYAM,1,2040,0.27
GLOBAL,LNDAGRFJIC04,CRPYAM,1,2041,0.27
GLOBAL,LNDAGRFJIC04,CRPYAM,1,2042,0.27
GLOBAL,LNDAGRFJIC04,CRPYAM,1,2043,0.27
GLOBAL,LNDAGRFJIC04,CRPYAM,1,2044,0.27
GLOBAL,LNDAGRFJIC04,CRPYAM,1,2045,0.27
GLOBAL,LNDAGRFJIC04,CRPYAM,1,2046,0.27
GLOBAL,LNDAGRFJIC04,CRPYAM,1,2047,0.27
GLOBAL,LNDAGRFJIC04,CRPYAM,1,2048,0.27
GLOBAL,LNDAGRFJIC04,CRPYAM,1,2049,0.27
GLOBAL,LNDAGRFJIC04,CRPYAM,1,2050,0.27
GLOBAL,LNDAGRFJIC04,WTREVTFJI,1,2020,0.69
GLOBAL,LNDAGRFJIC04,WTREVTFJI,1,2021,0.69
GLOBAL,LNDAGRFJIC04,WTREVTFJI,1,2022,0.69
GLOBAL,LNDAGRFJIC04,WTREVTFJI,1,2023,0.69
GLOBAL,LNDAGRFJIC04,WTREVTFJI,1,2024,0.69
GLOBAL,LNDAGRFJIC04,WTREVTFJI,1,2025,0.69
GLOBAL,LNDAGRFJIC04,WTREVTFJI,1,2026,0.69
GLOBAL,LNDAGRFJIC04,WTREVTFJI,1,2027,0.69
GLOBAL,LNDAGRFJIC04,WTREVTFJI,1,2028,0.69
GLOBAL,LNDAGRFJIC04,WTREVTFJI,1,2029,0.69
GLOBAL,LNDAGRFJIC04,WTREVTFJI,1,2030,0.69
GLOBAL,LNDAGRFJIC04,WTREVTFJI,1,2031,0.69
GLOBAL,LNDAGRFJIC04,WTREVTFJI,1,2032,0.69
GLOBAL,LNDAGRFJIC04,WTREVTFJI,1,2033,0.69
GLOBAL,LNDAGRFJIC04,WTREVTFJI,1,2034,0.69
GLOBAL,LNDAGRFJIC04,WTREVTFJI,1,2035,0.69
GLOBAL,LNDAGRFJIC04,WTREVTFJI,1,2036,0.69
GLOBAL,LNDAGRFJIC04,WTREVTFJI,1,2037,0.69
GLOBAL,LNDAGRFJIC04,WTREVTFJI,1,2038,0.69
GLOBAL,LNDAGRFJIC04,WTREVTFJI,1,2039,0.69
GLOBAL,LNDAGRFJIC04,WTREVTFJI,1,2040,0.69
GLOBAL,LNDAGRFJIC04,WTREVTFJI,1,2041,0.69
GLOBAL,LNDAGRFJIC04,WTREVTFJI,1,2042,0.69
GLOBAL,LNDAGRFJIC04,WTREVTFJI,1,2043,0.69
GLOBAL,LNDAGRFJIC04,WTREVTFJI,1,2044,0.69
GLOBAL,LNDAGRFJIC04,WTREVTFJI,1,2045,0.69
GLOBAL,LNDAGRFJIC04,WTREVTFJI,1,2046,0.69
GLOBAL,LNDAGRFJIC04,WTREVTFJI,1,2047,0.69
GLOBAL,LNDAGRFJIC04,WTREVTFJI,1,2048,0.69
GLOBAL,LNDAGRFJIC04,WTREVTFJI,1,2049,0.69
GLOBAL,LNDAGRFJIC04,WTREVTFJI,1,2050,0.69
GLOBAL,LNDAGRFJIC04,WTRGRCFJI,1,2020,0.072
GLOBAL,LNDAGRFJIC04,WTRGRCFJI,1,2021,0.072
GLOBAL,LNDAGRFJIC04,WTRGRCFJI,1,2022,0.072
GLOBAL,LNDAGRFJIC04,WTRGRCFJI,1,2023,0.072
GLOBAL,LNDAGRFJIC04,WTRGRCFJI,1,2024,0.072
GLOBAL,LNDAGRFJIC04,WTRGRCFJI,1,2025,0.072
GLOBAL,LNDAGRFJIC04,WTRGRCFJI,1,2026,0.072
GLOBAL,LNDAGRFJIC04,WTRGRCFJI,1,2027,0.072
GLOBAL,LNDAGRFJIC04,WTRGRCFJI,1,2028,0.072
GLOBAL,LNDAGRFJIC04,WTRGRCFJI,1,2029,0.072
GLOBAL,LNDAGRFJIC04,WTRGRCFJI,1,2030,0.072
GLOBAL,LNDAGRFJIC04,WTRGRCFJI,1,2031,0.072
GLOBAL,LNDAGRFJIC04,WTRGRCFJI,1,2032,0.072
GLOBAL,LNDAGRFJIC04,WTRGRCFJI,1,2033,0.072
GLOBAL,LNDAGRFJIC04,WTRGRCFJI,1,2034,0.072
GLOBAL,LNDAGRFJIC04,WTRGRCFJI,1,2035,0.072
GLOBAL,LNDAGRFJIC04,WTRGRCFJI,1,2036,0.072
GLOBAL,LNDAGRFJIC04,WTRGRCFJI,1,2037,0.072
GLOBAL,LNDAGRFJIC04,WTRGRCFJI,1,2038,0.072
GLOBAL,LNDAGRFJIC04,WTRGRCFJI,1,2039,0.072
GLOBAL,LNDAGRFJIC04,WTRGRCFJI,1,2040,0.072
GLOBAL,LNDAGRFJIC04,WTRGRCFJI,1,2041,0.072
GLOBAL,LNDAGRFJIC04,WTRGRCFJI,1,2042,0.072
GLOBAL,LNDAGRFJIC04,WTRGRCFJI,1,2043,0.072
GLOBAL,LNDAGRFJIC04,WTRGRCFJI,1,2044,0.072
GLOBAL,LNDAGRFJIC04,WTRGRCFJI,1,2045,0.072
GLOBAL,LNDAGRFJIC04,WTRGRCFJI,1,2046,0.072
GLOBAL,LNDAGRFJIC04,WTRGRCFJI,1,2047,0.072
GLOBAL,LNDAGRFJIC04,WTRGRCFJI,1,2048,0.072
GLOBAL,LNDAGRFJIC04,WTRGRCFJI,1,2049,0.072
GLOBAL,LNDAGRFJIC04,WTRGRCFJI,1,2050,0.072
GLOBAL,LNDAGRFJIC04,WTRSURFJI,1,2020,1.3
GLOBAL,LNDAGRFJIC04,WTRSURFJI,1,2021,1.3
GLOBAL,LNDAGRFJIC04,WTRSURFJI,1,2022,1.3
GLOBAL,LNDAGRFJIC04,WTRSURFJI,1,2023,1.3
GLOBAL,LNDAGRFJIC04,WTRSURFJI,1,2024,1.3
GLOBAL,LNDAGRFJIC04,WTRSURFJI,1,2025,1.3
GLOBAL,LNDAGRFJIC04,WTRSURFJI,1,2026,1.3
GLOBAL,LNDAGRFJIC04,WTRSURFJI,1,2027,1.3
GLOBAL,LNDAGRFJIC04,WTRSURFJI,1,2028,1.3
GLOBAL,LNDAGRFJIC04,WTRSURFJI,1,2029,1.3
GLOBAL,LNDAGRFJIC04,WTRSURFJI,1,2030,1.3
GLOBAL,LNDAGRFJIC04,WTRSURFJI,1,2031,1.3
GLOBAL,LNDAGRFJIC04,WTRSURFJI,1,2032,1.3
GLOBAL,LNDAGRFJIC04,WTRSURFJI,1,2033,1.3
GLOBAL,LNDAGRFJIC04,WTRSURFJI,1,2034,1.3
GLOBAL,LNDAGRFJIC04,WTRSURFJI,1,2035,1.3
GLOBAL,LNDAGRFJIC04,WTRSURFJI,1,2036,1.3
GLOBAL,LNDAGRFJIC04,WTRSURFJI,1,2037,1.3
GLOBAL,LNDAGRFJIC04,WTRSURFJI,1,2038,1.3
GLOBAL,LNDAGRFJIC04,WTRSURFJI,1,2039,1.3
GLOBAL,LNDAGRFJIC04,WTRSURFJI,1,2040,1.3
GLOBAL,LNDAGRFJIC04,WTRSURFJI,1,2041,1.3
GLOBAL,LNDAGRFJIC04,WTRSURFJI,1,2042,1.3
GLOBAL,LNDAGRFJIC04,WTRSURFJI,1,2043,1.3
GLOBAL,LNDAGRFJIC04,WTRSURFJI,1,2044,1.3
GLOBAL,LNDAGRFJIC04,WTRSURFJI,1,2045,1.3
GLOBAL,LNDAGRFJIC04,WTRSURFJI,1,2046,1.3
GLOBAL,LNDAGRFJIC04,WTRSURFJI,1,2047,1.3
GLOBAL,LNDAGRFJIC04,WTRSURFJI,1,2048,1.3
GLOBAL,LNDAGRFJIC04,WTRSURFJI,1,2049,1.3
GLOBAL,LNDAGRFJIC04,WTRSURFJI,1,2050,1.3
GLOBAL,LNDAGRFJIC04,CRPYAM,2,2020,0.27
GLOBAL,LNDAGRFJIC04,CRPYAM,2,2021,0.27
GLOBAL,LNDAGRFJIC04,CRPYAM,2,2022,0.27
GLOBAL,LNDAGRFJIC04,CRPYAM,2,2023,0.27
GLOBAL,LNDAGRFJIC04,CRPYAM,2,2024,0.27
GLOBAL,LNDAGRFJIC04,CRPYAM,2,2025,0.27
GLOBAL,LNDAGRFJIC04,CRPYAM,2,2026,0.27
GLOBAL,LNDAGRFJIC04,CRPYAM,2,2027,0.27
GLOBAL,LNDAGRFJIC04,CRPYAM,2,2028,0.27
GLOBAL,LNDAGRFJIC04,CRPYAM,2,2029,0.27
GLOBAL,LNDAGRFJIC04,CRPYAM,2,2030,0.27
GLOBAL,LNDAGRFJIC04,CRPYAM,2,2031,0.27
GLOBAL,LNDAGRFJIC04,CRPYAM,2,2032,0.27
GLOBAL,LNDAGRFJIC04,CRPYAM,2,2033,0.27
GLOBAL,LNDAGRFJIC04,CRPYAM,2,2034,0.27
GLOBAL,LNDAGRFJIC04,CRPYAM,2,2035,0.27
GLOBAL,LNDAGRFJIC04,CRPYAM,2,2036,0.27
GLOBAL,LNDAGRFJIC04,CRPYAM,2,2037,0.27
GLOBAL,LNDAGRFJIC04,CRPYAM,2,2038,0.27
GLOBAL,LNDAGRFJIC04,CRPYAM,2,2039,0.27
GLOBAL,LNDAGRFJIC04,CRPYAM,2,2040,0.27
GLOBAL,LNDAGRFJIC04,CRPYAM,2,2041,0.27
GLOBAL,LNDAGRFJIC04,CRPYAM,2,2042,0.27
GLOBAL,LNDAGRFJIC04,CRPYAM,2,2043,0.27
GLOBAL,LNDAGRFJIC04,CRPYAM,2,2044,0.27
GLOBAL,LNDAGRFJIC04,CRPYAM,2,2045,0.27
GLOBAL,LNDAGRFJIC04,CRPYAM,2,2046,0.27
GLOBAL,LNDAGRFJIC04,CRPYAM,2,2047,0.27
GLOBAL,LNDAGRFJIC04,CRPYAM,2,2048,0.27
GLOBAL,LNDAGRFJIC04,CRPYAM,2,2049,0.27
GLOBAL,LNDAGRFJIC04,CRPYAM,2,2050,0.27
GLOBAL,LNDAGRFJIC04,WTREVTFJI,2,2020,0.85
GLOBAL,LNDAGRFJIC04,WTREVTFJI,2,2021,0.85
GLOBAL,LNDAGRFJIC04,WTREVTFJI,2,2022,0.85
GLOBAL,LNDAGRFJIC04,WTREVTFJI,2,2023,0.85
GLOBAL,LNDAGRFJIC04,WTREVTFJI,2,2024,0.85
GLOBAL,LNDAGRFJIC04,WTREVTFJI,2,2025,0.85
GLOBAL,LNDAGRFJIC04,WTREVTFJI,2,2026,0.85
GLOBAL,LNDAGRFJIC04,WTREVTFJI,2,2027,0.85
GLOBAL,LNDAGRFJIC04,WTREVTFJI,2,2028,0.85
GLOBAL,LNDAGRFJIC04,WTREVTFJI,2,2029,0.85
GLOBAL,LNDAGRFJIC04,WTREVTFJI,2,2030,0.85
GLOBAL,LNDAGRFJIC04,WTREVTFJI,2,2031,0.85
GLOBAL,LNDAGRFJIC04,WTREVTFJI,2,2032,0.85
GLOBAL,LNDAGRFJIC04,WTREVTFJI,2,2033,0.85
GLOBAL,LNDAGRFJIC04,WTREVTFJI,2,2034,0.85
GLOBAL,LNDAGRFJIC04,WTREVTFJI,2,2035,0.85
GLOBAL,LNDAGRFJIC04,WTREVTFJI,2,2036,0.85
GLOBAL,LNDAGRFJIC04,WTREVTFJI,2,2037,0.85
GLOBAL,LNDAGRFJIC04,WTREVTFJI,2,2038,0.85
GLOBAL,LNDAGRFJIC04,WTREVTFJI,2,2039,0.85
GLOBAL,LNDAGRFJIC04,WTREVTFJI,2,2040,0.85
GLOBAL,LNDAGRFJIC04,WTREVTFJI,2,2041,0.85
GLOBAL,LNDAGRFJIC04,WTREVTFJI,2,2042,0.85
GLOBAL,LNDAGRFJIC04,WTREVTFJI,2,2043,0.85
GLOBAL,LNDAGRFJIC04,WTREVTFJI,2,2044,0.85
GLOBAL,LNDAGRFJIC04,WTREVTFJI,2,2045,0.85
GLOBAL,LNDAGRFJIC04,WTREVTFJI,2,2046,0.85
GLOBAL,LNDAGRFJIC04,WTREVTFJI,2,2047,0.85
GLOBAL,LNDAGRFJIC04,WTREVTFJI,2,2048,0.85
GLOBAL,LNDAGRFJIC04,WTREVTFJI,2,2049,0.85
GLOBAL,LNDAGRFJIC04,WTREVTFJI,2,2050,0.85
GLOBAL,LNDAGRFJIC04,WTRGRCFJI,2,2020,0.064
GLOBAL,LNDAGRFJIC04,WTRGRCFJI,2,2021,0.064
GLOBAL,LNDAGRFJIC04,WTRGRCFJI,2,2022,0.064
GLOBAL,LNDAGRFJIC04,WTRGRCFJI,2,2023,0.064
GLOBAL,LNDAGRFJIC04,WTRGRCFJI,2,2024,0.064
GLOBAL,LNDAGRFJIC04,WTRGRCFJI,2,2025,0.064
GLOBAL,LNDAGRFJIC04,WTRGRCFJI,2,2026,0.064
GLOBAL,LNDAGRFJIC04,WTRGRCFJI,2,2027,0.064
GLOBAL,LNDAGRFJIC04,WTRGRCFJI,2,2028,0.064
GLOBAL,LNDAGRFJIC04,WTRGRCFJI,2,2029,0.064
GLOBAL,LNDAGRFJIC04,WTRGRCFJI,2,2030,0.064
GLOBAL,LNDAGRFJIC04,WTRGRCFJI,2,2031,0.064
GLOBAL,LNDAGRFJIC04,WTRGRCFJI,2,2032,0.064
GLOBAL,LNDAGRFJIC04,WTRGRCFJI,2,2033,0.064
GLOBAL,LNDAGRFJIC04,WTRGRCFJI,2,2034,0.064
GLOBAL,LNDAGRFJIC04,WTRGRCFJI,2,2035,0.064
GLOBAL,LNDAGRFJIC04,WTRGRCFJI,2,2036,0.064
GLOBAL,LNDAGRFJIC04,WTRGRCFJI,2,2037,0.064
GLOBAL,LNDAGRFJIC04,WTRGRCFJI,2,2038,0.064
GLOBAL,LNDAGRFJIC04,WTRGRCFJI,2,2039,0.064
GLOBAL,LNDAGRFJIC04,WTRGRCFJI,2,2040,0.064
GLOBAL,LNDAGRFJIC04,WTRGRCFJI,2,2041,0.064
GLOBAL,LNDAGRFJIC04,WTRGRCFJI,2,2042,0.064
GLOBAL,LNDAGRFJIC04,WTRGRCFJI,2,2043,0.064
GLOBAL,LNDAGRFJIC04,WTRGRCFJI,2,2044,0.064
GLOBAL,LNDAGRFJIC04,WTRGRCFJI,2,2045,0.064
GLOBAL,LNDAGRFJIC04,WTRGRCFJI,2,2046,0.064
GLOBAL,LNDAGRFJIC04,WTRGRCFJI,2,2047,0.064
GLOBAL,LNDAGRFJIC04,WTRGRCFJI,2,2048,0.064
GLOBAL,LNDAGRFJIC04,WTRGRCFJI,2,2049,0.064
GLOBAL,LNDAGRFJIC04,WTRGRCFJI,2,2050,0.064
GLOBAL,LNDAGRFJIC04,WTRSURFJI,2,2020,1.2
GLOBAL,LNDAGRFJIC04,WTRSURFJI,2,2021,1.2
GLOBAL,LNDAGRFJIC04,WTRSURFJI,2,2022,1.2
GLOBAL,LNDAGRFJIC04,WTRSURFJI,2,2023,1.2
GLOBAL,LNDAGRFJIC04,WTRSURFJI,2,2024,1.2
GLOBAL,LNDAGRFJIC04,WTRSURFJI,2,2025,1.2
GLOBAL,LNDAGRFJIC04,WTRSURFJI,2,2026,1.2
GLOBAL,LNDAGRFJIC04,WTRSURFJI,2,2027,1.2
GLOBAL,LNDAGRFJIC04,WTRSURFJI,2,2028,1.2
GLOBAL,LNDAGRFJIC04,WTRSURFJI,2,2029,1.2
GLOBAL,LNDAGRFJIC04,WTRSURFJI,2,2030,1.2
GLOBAL,LNDAGRFJIC04,WTRSURFJI,2,2031,1.2
GLOBAL,LNDAGRFJIC04,WTRSURFJI,2,2032,1.2
GLOBAL,LNDAGRFJIC04,WTRSURFJI,2,2033,1.2
GLOBAL,LNDAGRFJIC04,WTRSURFJI,2,2034,1.2
GLOBAL,LNDAGRFJIC04,WTRSURFJI,2,2035,1.2
GLOBAL,LNDAGRFJIC04,WTRSURFJI,2,2036,1.2
GLOBAL,LNDAGRFJIC04,WTRSURFJI,2,2037,1.2
GLOBAL,LNDAGRFJIC04,WTRSURFJI,2,2038,1.2
GLOBAL,LNDAGRFJIC04,WTRSURFJI,2,2039,1.2
GLOBAL,LNDAGRFJIC04,WTRSURFJI,2,2040,1.2
GLOBAL,LNDAGRFJIC04,WTRSURFJI,2,2041,1.2
GLOBAL,LNDAGRFJIC04,WTRSURFJI,2,2042,1.2
GLOBAL,LNDAGRFJIC04,WTRSURFJI,2,2043,1.2
GLOBAL,LNDAGRFJIC04,WTRSURFJI,2,2044,1.2
GLOBAL,LNDAGRFJIC04,WTRSURFJI,2,2045,1.2
GLOBAL,LNDAGRFJIC04,WTRSURFJI,2,2046,1.2
GLOBAL,LNDAGRFJIC04,WTRSURFJI,2,2047,1.2
GLOBAL,LNDAGRFJIC04,WTRSURFJI,2,2048,1.2
GLOBAL,LNDAGRFJIC04,WTRSURFJI,2,2049,1.2
GLOBAL,LNDAGRFJIC04,WTRSURFJI,2,2050,1.2
GLOBAL,LNDAGRFJIC04,CRPCON,3,2020,0.13
GLOBAL,LNDAGRFJIC04,CRPCON,3,2021,0.13
GLOBAL,LNDAGRFJIC04,CRPCON,3,2022,0.13
GLOBAL,LNDAGRFJIC04,CRPCON,3,2023,0.13
GLOBAL,LNDAGRFJIC04,CRPCON,3,2024,0.13
GLOBAL,LNDAGRFJIC04,CRPCON,3,2025,0.13
GLOBAL,LNDAGRFJIC04,CRPCON,3,2026,0.13
GLOBAL,LNDAGRFJIC04,CRPCON,3,2027,0.13
GLOBAL,LNDAGRFJIC04,CRPCON,3,2028,0.13
GLOBAL,LNDAGRFJIC04,CRPCON,3,2029,0.13
GLOBAL,LNDAGRFJIC04,CRPCON,3,2030,0.13
GLOBAL,LNDAGRFJIC04,CRPCON,3,2031,0.13
GLOBAL,LNDAGRFJIC04,CRPCON,3,2032,0.13
GLOBAL,LNDAGRFJIC04,CRPCON,3,2033,0.13
GLOBAL,LNDAGRFJIC04,CRPCON,3,2034,0.13
GLOBAL,LNDAGRFJIC04,CRPCON,3,2035,0.13
GLOBAL,LNDAGRFJIC04,CRPCON,3,2036,0.13
GLOBAL,LNDAGRFJIC04,CRPCON,3,2037,0.13
GLOBAL,LNDAGRFJIC04,CRPCON,3,2038,0.13
GLOBAL,LNDAGRFJIC04,CRPCON,3,2039,0.13
GLOBAL,LNDAGRFJIC04,CRPCON,3,2040,0.13
GLOBAL,LNDAGRFJIC04,CRPCON,3,2041,0.13
GLOBAL,LNDAGRFJIC04,CRPCON,3,2042,0.13
GLOBAL,LNDAGRFJIC04,CRPCON,3,2043,0.13
GLOBAL,LNDAGRFJIC04,CRPCON,3,2044,0.13
GLOBAL,LNDAGRFJIC04,CRPCON,3,2045,0.13
GLOBAL,LNDAGRFJIC04,CRPCON,3,2046,0.13
GLOBAL,LNDAGRFJIC04,CRPCON,3,2047,0.13
GLOBAL,LNDAGRFJIC04,CRPCON,3,2048,0.13
GLOBAL,LNDAGRFJIC04,CRPCON,3,2049,0.13
GLOBAL,LNDAGRFJIC04,CRPCON,3,2050,0.13
GLOBAL,LNDAGRFJIC04,WTREVTFJI,3,2020,0.75
GLOBAL,LNDAGRFJIC04,WTREVTFJI,3,2021,0.75
GLOBAL,LNDAGRFJIC04,WTREVTFJI,3,2022,0.75
GLOBAL,LNDAGRFJIC04,WTREVTFJI,3,2023,0.75
GLOBAL,LNDAGRFJIC04,WTREVTFJI,3,2024,0.75
GLOBAL,LNDAGRFJIC04,WTREVTFJI,3,2025,0.75
GLOBAL,LNDAGRFJIC04,WTREVTFJI,3,2026,0.75
GLOBAL,LNDAGRFJIC04,WTREVTFJI,3,2027,0.75
GLOBAL,LNDAGRFJIC04,WTREVTFJI,3,2028,0.75
GLOBAL,LNDAGRFJIC04,WTREVTFJI,3,2029,0.75
GLOBAL,LNDAGRFJIC04,WTREVTFJI,3,2030,0.75
GLOBAL,LNDAGRFJIC04,WTREVTFJI,3,2031,0.75
GLOBAL,LNDAGRFJIC04,WTREVTFJI,3,2032,0.75
GLOBAL,LNDAGRFJIC04,WTREVTFJI,3,2033,0.75
GLOBAL,LNDAGRFJIC04,WTREVTFJI,3,2034,0.75
GLOBAL,LNDAGRFJIC04,WTREVTFJI,3,2035,0.75
GLOBAL,LNDAGRFJIC04,WTREVTFJI,3,2036,0.75
GLOBAL,LNDAGRFJIC04,WTREVTFJI,3,2037,0.75
GLOBAL,LNDAGRFJIC04,WTREVTFJI,3,2038,0.75
GLOBAL,LNDAGRFJIC04,WTREVTFJI,3,2039,0.75
GLOBAL,LNDAGRFJIC04,WTREVTFJI,3,2040,0.75
GLOBAL,LNDAGRFJIC04,WTREVTFJI,3,2041,0.75
GLOBAL,LNDAGRFJIC04,WTREVTFJI,3,2042,0.75
GLOBAL,LNDAGRFJIC04,WTREVTFJI,3,2043,0.75
GLOBAL,LNDAGRFJIC04,WTREVTFJI,3,2044,0.75
GLOBAL,LNDAGRFJIC04,WTREVTFJI,3,2045,0.75
GLOBAL,LNDAGRFJIC04,WTREVTFJI,3,2046,0.75
GLOBAL,LNDAGRFJIC04,WTREVTFJI,3,2047,0.75
GLOBAL,LNDAGRFJIC04,WTREVTFJI,3,2048,0.75
GLOBAL,LNDAGRFJIC04,WTREVTFJI,3,2049,0.75
GLOBAL,LNDAGRFJIC04,WTREVTFJI,3,2050,0.75
GLOBAL,LNDAGRFJIC04,WTRGRCFJI,3,2020,0.069
GLOBAL,LNDAGRFJIC04,WTRGRCFJI,3,2021,0.069
GLOBAL,LNDAGRFJIC04,WTRGRCFJI,3,2022,0.069
GLOBAL,LNDAGRFJIC04,WTRGRCFJI,3,2023,0.069
GLOBAL,LNDAGRFJIC04,WTRGRCFJI,3,2024,0.069
GLOBAL,LNDAGRFJIC04,WTRGRCFJI,3,2025,0.069
GLOBAL,LNDAGRFJIC04,WTRGRCFJI,3,2026,0.069
GLOBAL,LNDAGRFJIC04,WTRGRCFJI,3,2027,0.069
GLOBAL,LNDAGRFJIC04,WTRGRCFJI,3,2028,0.069
GLOBAL,LNDAGRFJIC04,WTRGRCFJI,3,2029,0.069
GLOBAL,LNDAGRFJIC04,WTRGRCFJI,3,2030,0.069
GLOBAL,LNDAGRFJIC04,WTRGRCFJI,3,2031,0.069
GLOBAL,LNDAGRFJIC04,WTRGRCFJI,3,2032,0.069
GLOBAL,LNDAGRFJIC04,WTRGRCFJI,3,2033,0.069
GLOBAL,LNDAGRFJIC04,WTRGRCFJI,3,2034,0.069
GLOBAL,LNDAGRFJIC04,WTRGRCFJI,3,2035,0.069
GLOBAL,LNDAGRFJIC04,WTRGRCFJI,3,2036,0.069
GLOBAL,LNDAGRFJIC04,WTRGRCFJI,3,2037,0.069
GLOBAL,LNDAGRFJIC04,WTRGRCFJI,3,2038,0.069
GLOBAL,LNDAGRFJIC04,WTRGRCFJI,3,2039,0.069
GLOBAL,LNDAGRFJIC04,WTRGRCFJI,3,2040,0.069
GLOBAL,LNDAGRFJIC04,WTRGRCFJI,3,2041,0.069
GLOBAL,LNDAGRFJIC04,WTRGRCFJI,3,2042,0.069
GLOBAL,LNDAGRFJIC04,WTRGRCFJI,3,2043,0.069
GLOBAL,LNDAGRFJIC04,WTRGRCFJI,3,2044,0.069
GLOBAL,LNDAGRFJIC04,WTRGRCFJI,3,2045,0.069
GLOBAL,LNDAGRFJIC04,WTRGRCFJI,3,2046,0.069
GLOBAL,LNDAGRFJIC04,WTRGRCFJI,3,2047,0.069
GLOBAL,LNDAGRFJIC04,WTRGRCFJI,3,2048,0.069
GLOBAL,LNDAGRFJIC04,WTRGRCFJI,3,2049,0.069
GLOBAL,LNDAGRFJIC04,WTRGRCFJI,3,2050,0.069
GLOBAL,LNDAGRFJIC04,WTRSURFJI,3,2020,1.3
GLOBAL,LNDAGRFJIC04,WTRSURFJI,3,2021,1.3
GLOBAL,LNDAGRFJIC04,WTRSURFJI,3,2022,1.3
GLOBAL,LNDAGRFJIC04,WTRSURFJI,3,2023,1.3
GLOBAL,LNDAGRFJIC04,WTRSURFJI,3,2024,1.3
GLOBAL,LNDAGRFJIC04,WTRSURFJI,3,2025,1.3
GLOBAL,LNDAGRFJIC04,WTRSURFJI,3,2026,1.3
GLOBAL,LNDAGRFJIC04,WTRSURFJI,3,2027,1.3
GLOBAL,LNDAGRFJIC04,WTRSURFJI,3,2028,1.3
GLOBAL,LNDAGRFJIC04,WTRSURFJI,3,2029,1.3
GLOBAL,LNDAGRFJIC04,WTRSURFJI,3,2030,1.3
GLOBAL,LNDAGRFJIC04,WTRSURFJI,3,2031,1.3
GLOBAL,LNDAGRFJIC04,WTRSURFJI,3,2032,1.3
GLOBAL,LNDAGRFJIC04,WTRSURFJI,3,2033,1.3
GLOBAL,LNDAGRFJIC04,WTRSURFJI,3,2034,1.3
GLOBAL,LNDAGRFJIC04,WTRSURFJI,3,2035,1.3
GLOBAL,LNDAGRFJIC04,WTRSURFJI,3,2036,1.3
GLOBAL,LNDAGRFJIC04,WTRSURFJI,3,2037,1.3
GLOBAL,LNDAGRFJIC04,WTRSURFJI,3,2038,1.3
GLOBAL,LNDAGRFJIC04,WTRSURFJI,3,2039,1.3
GLOBAL,LNDAGRFJIC04,WTRSURFJI,3,2040,1.3
GLOBAL,LNDAGRFJIC04,WTRSURFJI,3,2041,1.3
GLOBAL,LNDAGRFJIC04,WTRSURFJI,3,2042,1.3
GLOBAL,LNDAGRFJIC04,WTRSURFJI,3,2043,1.3
GLOBAL,LNDAGRFJIC04,WTRSURFJI,3,2044,1.3
GLOBAL,LNDAGRFJIC04,WTRSURFJI,3,2045,1.3
GLOBAL,LNDAGRFJIC04,WTRSURFJI,3,2046,1.3
GLOBAL,LNDAGRFJIC04,WTRSURFJI,3,2047,1.3
GLOBAL,LNDAGRFJIC04,WTRSURFJI,3,2048,1.3
GLOBAL,LNDAGRFJIC04,WTRSURFJI,3,2049,1.3
GLOBAL,LNDAGRFJIC04,WTRSURFJI,3,2050,1.3
GLOBAL,LNDAGRFJIC04,CRPCAS,4,2020,0.96
GLOBAL,LNDAGRFJIC04,CRPCAS,4,2021,0.96
GLOBAL,LNDAGRFJIC04,CRPCAS,4,2022,0.96
GLOBAL,LNDAGRFJIC04,CRPCAS,4,2023,0.96
GLOBAL,LNDAGRFJIC04,CRPCAS,4,2024,0.96
GLOBAL,LNDAGRFJIC04,CRPCAS,4,2025,0.96
GLOBAL,LNDAGRFJIC04,CRPCAS,4,2026,0.96
GLOBAL,LNDAGRFJIC04,CRPCAS,4,2027,0.96
GLOBAL,LNDAGRFJIC04,CRPCAS,4,2028,0.96
GLOBAL,LNDAGRFJIC04,CRPCAS,4,2029,0.96
GLOBAL,LNDAGRFJIC04,CRPCAS,4,2030,0.96
GLOBAL,LNDAGRFJIC04,CRPCAS,4,2031,0.96
GLOBAL,LNDAGRFJIC04,CRPCAS,4,2032,0.96
GLOBAL,LNDAGRFJIC04,CRPCAS,4,2033,0.96
GLOBAL,LNDAGRFJIC04,CRPCAS,4,2034,0.96
GLOBAL,LNDAGRFJIC04,CRPCAS,4,2035,0.96
GLOBAL,LNDAGRFJIC04,CRPCAS,4,2036,0.96
GLOBAL,LNDAGRFJIC04,CRPCAS,4,2037,0.96
GLOBAL,LNDAGRFJIC04,CRPCAS,4,2038,0.96
GLOBAL,LNDAGRFJIC04,CRPCAS,4,2039,0.96
GLOBAL,LNDAGRFJIC04,CRPCAS,4,2040,0.96
GLOBAL,LNDAGRFJIC04,CRPCAS,4,2041,0.96
GLOBAL,LNDAGRFJIC04,CRPCAS,4,2042,0.96
GLOBAL,LNDAGRFJIC04,CRPCAS,4,2043,0.96
GLOBAL,LNDAGRFJIC04,CRPCAS,4,2044,0.96
GLOBAL,LNDAGRFJIC04,CRPCAS,4,2045,0.96
GLOBAL,LNDAGRFJIC04,CRPCAS,4,2046,0.96
GLOBAL,LNDAGRFJIC04,CRPCAS,4,2047,0.96
GLOBAL,LNDAGRFJIC04,CRPCAS,4,2048,0.96
GLOBAL,LNDAGRFJIC04,CRPCAS,4,2049,0.96
GLOBAL,LNDAGRFJIC04,CRPCAS,4,2050,0.96
GLOBAL,LNDAGRFJIC04,WTREVTFJI,4,2020,0.75
GLOBAL,LNDAGRFJIC04,WTREVTFJI,4,2021,0.75
GLOBAL,LNDAGRFJIC04,WTREVTFJI,4,2022,0.75
GLOBAL,LNDAGRFJIC04,WTREVTFJI,4,2023,0.75
GLOBAL,LNDAGRFJIC04,WTREVTFJI,4,2024,0.75
GLOBAL,LNDAGRFJIC04,WTREVTFJI,4,2025,0.75
GLOBAL,LNDAGRFJIC04,WTREVTFJI,4,2026,0.75
GLOBAL,LNDAGRFJIC04,WTREVTFJI,4,2027,0.75
GLOBAL,LNDAGRFJIC04,WTREVTFJI,4,2028,0.75
GLOBAL,LNDAGRFJIC04,WTREVTFJI,4,2029,0.75
GLOBAL,LNDAGRFJIC04,WTREVTFJI,4,2030,0.75
GLOBAL,LNDAGRFJIC04,WTREVTFJI,4,2031,0.75
GLOBAL,LNDAGRFJIC04,WTREVTFJI,4,2032,0.75
GLOBAL,LNDAGRFJIC04,WTREVTFJI,4,2033,0.75
GLOBAL,LNDAGRFJIC04,WTREVTFJI,4,2034,0.75
GLOBAL,LNDAGRFJIC04,WTREVTFJI,4,2035,0.75
GLOBAL,LNDAGRFJIC04,WTREVTFJI,4,2036,0.75
GLOBAL,LNDAGRFJIC04,WTREVTFJI,4,2037,0.75
GLOBAL,LNDAGRFJIC04,WTREVTFJI,4,2038,0.75
GLOBAL,LNDAGRFJIC04,WTREVTFJI,4,2039,0.75
GLOBAL,LNDAGRFJIC04,WTREVTFJI,4,2040,0.75
GLOBAL,LNDAGRFJIC04,WTREVTFJI,4,2041,0.75
GLOBAL,LNDAGRFJIC04,WTREVTFJI,4,2042,0.75
GLOBAL,LNDAGRFJIC04,WTREVTFJI,4,2043,0.75
GLOBAL,LNDAGRFJIC04,WTREVTFJI,4,2044,0.75
GLOBAL,LNDAGRFJIC04,WTREVTFJI,4,2045,0.75
GLOBAL,LNDAGRFJIC04,WTREVTFJI,4,2046,0.75
GLOBAL,LNDAGRFJIC04,WTREVTFJI,4,2047,0.75
GLOBAL,LNDAGRFJIC04,WTREVTFJI,4,2048,0.75
GLOBAL,LNDAGRFJIC04,WTREVTFJI,4,2049,0.75
GLOBAL,LNDAGRFJIC04,WTREVTFJI,4,2050,0.75
GLOBAL,LNDAGRFJIC04,WTRGRCFJI,4,2020,0.069
GLOBAL,LNDAGRFJIC04,WTRGRCFJI,4,2021,0.069
GLOBAL,LNDAGRFJIC04,WTRGRCFJI,4,2022,0.069
GLOBAL,LNDAGRFJIC04,WTRGRCFJI,4,2023,0.069
GLOBAL,LNDAGRFJIC04,WTRGRCFJI,4,2024,0.069
GLOBAL,LNDAGRFJIC04,WTRGRCFJI,4,2025,0.069
GLOBAL,LNDAGRFJIC04,WTRGRCFJI,4,2026,0.069
GLOBAL,LNDAGRFJIC04,WTRGRCFJI,4,2027,0.069
GLOBAL,LNDAGRFJIC04,WTRGRCFJI,4,2028,0.069
GLOBAL,LNDAGRFJIC04,WTRGRCFJI,4,2029,0.069
GLOBAL,LNDAGRFJIC04,WTRGRCFJI,4,2030,0.069
GLOBAL,LNDAGRFJIC04,WTRGRCFJI,4,2031,0.069
GLOBAL,LNDAGRFJIC04,WTRGRCFJI,4,2032,0.069
GLOBAL,LNDAGRFJIC04,WTRGRCFJI,4,2033,0.069
GLOBAL,LNDAGRFJIC04,WTRGRCFJI,4,2034,0.069
GLOBAL,LNDAGRFJIC04,WTRGRCFJI,4,2035,0.069
GLOBAL,LNDAGRFJIC04,WTRGRCFJI,4,2036,0.069
GLOBAL,LNDAGRFJIC04,WTRGRCFJI,4,2037,0.069
GLOBAL,LNDAGRFJIC04,WTRGRCFJI,4,2038,0.069
GLOBAL,LNDAGRFJIC04,WTRGRCFJI,4,2039,0.069
GLOBAL,LNDAGRFJIC04,WTRGRCFJI,4,2040,0.069
GLOBAL,LNDAGRFJIC04,WTRGRCFJI,4,2041,0.069
GLOBAL,LNDAGRFJIC04,WTRGRCFJI,4,2042,0.069
GLOBAL,LNDAGRFJIC04,WTRGRCFJI,4,2043,0.069
GLOBAL,LNDAGRFJIC04,WTRGRCFJI,4,2044,0.069
GLOBAL,LNDAGRFJIC04,WTRGRCFJI,4,2045,0.069
GLOBAL,LNDAGRFJIC04,WTRGRCFJI,4,2046,0.069
GLOBAL,LNDAGRFJIC04,WTRGRCFJI,4,2047,0.069
GLOBAL,LNDAGRFJIC04,WTRGRCFJI,4,2048,0.069
GLOBAL,LNDAGRFJIC04,WTRGRCFJI,4,2049,0.069
GLOBAL,LNDAGRFJIC04,WTRGRCFJI,4,2050,0.069
GLOBAL,LNDAGRFJIC04,WTRSURFJI,4,2020,1.3
GLOBAL,LNDAGRFJIC04,WTRSURFJI,4,2021,1.3
GLOBAL,LNDAGRFJIC04,WTRSURFJI,4,2022,1.3
GLOBAL,LNDAGRFJIC04,WTRSURFJI,4,2023,1.3
GLOBAL,LNDAGRFJIC04,WTRSURFJI,4,2024,1.3
GLOBAL,LNDAGRFJIC04,WTRSURFJI,4,2025,1.3
GLOBAL,LNDAGRFJIC04,WTRSURFJI,4,2026,1.3
GLOBAL,LNDAGRFJIC04,WTRSURFJI,4,2027,1.3
GLOBAL,LNDAGRFJIC04,WTRSURFJI,4,2028,1.3
GLOBAL,LNDAGRFJIC04,WTRSURFJI,4,2029,1.3
GLOBAL,LNDAGRFJIC04,WTRSURFJI,4,2030,1.3
GLOBAL,LNDAGRFJIC04,WTRSURFJI,4,2031,1.3
GLOBAL,LNDAGRFJIC04,WTRSURFJI,4,2032,1.3
GLOBAL,LNDAGRFJIC04,WTRSURFJI,4,2033,1.3
GLOBAL,LNDAGRFJIC04,WTRSURFJI,4,2034,1.3
GLOBAL,LNDAGRFJIC04,WTRSURFJI,4,2035,1.3
GLOBAL,LNDAGRFJIC04,WTRSURFJI,4,2036,1.3
GLOBAL,LNDAGRFJIC04,WTRSURFJI,4,2037,1.3
GLOBAL,LNDAGRFJIC04,WTRSURFJI,4,2038,1.3
GLOBAL,LNDAGRFJIC04,WTRSURFJI,4,2039,1.3
GLOBAL,LNDAGRFJIC04,WTRSURFJI,4,2040,1.3
GLOBAL,LNDAGRFJIC04,WTRSURFJI,4,2041,1.3
GLOBAL,LNDAGRFJIC04,WTRSURFJI,4,2042,1.3
GLOBAL,LNDAGRFJIC04,WTRSURFJI,4,2043,1.3
GLOBAL,LNDAGRFJIC04,WTRSURFJI,4,2044,1.3
GLOBAL,LNDAGRFJIC04,WTRSURFJI,4,2045,1.3
GLOBAL,LNDAGRFJIC04,WTRSURFJI,4,2046,1.3
GLOBAL,LNDAGRFJIC04,WTRSURFJI,4,2047,1.3
GLOBAL,LNDAGRFJIC04,WTRSURFJI,4,2048,1.3
GLOBAL,LNDAGRFJIC04,WTRSURFJI,4,2049,1.3
GLOBAL,LNDAGRFJIC04,WTRSURFJI,4,2050,1.3
GLOBAL,LNDAGRFJIC04,CRPCAS,5,2020,0.25
GLOBAL,LNDAGRFJIC04,CRPCAS,5,2021,0.25
GLOBAL,LNDAGRFJIC04,CRPCAS,5,2022,0.25
GLOBAL,LNDAGRFJIC04,CRPCAS,5,2023,0.25
GLOBAL,LNDAGRFJIC04,CRPCAS,5,2024,0.25
GLOBAL,LNDAGRFJIC04,CRPCAS,5,2025,0.25
GLOBAL,LNDAGRFJIC04,CRPCAS,5,2026,0.25
GLOBAL,LNDAGRFJIC04,CRPCAS,5,2027,0.25
GLOBAL,LNDAGRFJIC04,CRPCAS,5,2028,0.25
GLOBAL,LNDAGRFJIC04,CRPCAS,5,2029,0.25
GLOBAL,LNDAGRFJIC04,CRPCAS,5,2030,0.25
GLOBAL,LNDAGRFJIC04,CRPCAS,5,2031,0.25
GLOBAL,LNDAGRFJIC04,CRPCAS,5,2032,0.25
GLOBAL,LNDAGRFJIC04,CRPCAS,5,2033,0.25
GLOBAL,LNDAGRFJIC04,CRPCAS,5,2034,0.25
GLOBAL,LNDAGRFJIC04,CRPCAS,5,2035,0.25
GLOBAL,LNDAGRFJIC04,CRPCAS,5,2036,0.25
GLOBAL,LNDAGRFJIC04,CRPCAS,5,2037,0.25
GLOBAL,LNDAGRFJIC04,CRPCAS,5,2038,0.25
GLOBAL,LNDAGRFJIC04,CRPCAS,5,2039,0.25
GLOBAL,LNDAGRFJIC04,CRPCAS,5,2040,0.25
GLOBAL,LNDAGRFJIC04,CRPCAS,5,2041,0.25
GLOBAL,LNDAGRFJIC04,CRPCAS,5,2042,0.25
GLOBAL,LNDAGRFJIC04,CRPCAS,5,2043,0.25
GLOBAL,LNDAGRFJIC04,CRPCAS,5,2044,0.25
GLOBAL,LNDAGRFJIC04,CRPCAS,5,2045,0.25
GLOBAL,LNDAGRFJIC04,CRPCAS,5,2046,0.25
GLOBAL,LNDAGRFJIC04,CRPCAS,5,2047,0.25
GLOBAL,LNDAGRFJIC04,CRPCAS,5,2048,0.25
GLOBAL,LNDAGRFJIC04,CRPCAS,5,2049,0.25
GLOBAL,LNDAGRFJIC04,CRPCAS,5,2050,0.25
GLOBAL,LNDAGRFJIC04,WTREVTFJI,5,2020,0.78
GLOBAL,LNDAGRFJIC04,WTREVTFJI,5,2021,0.78
GLOBAL,LNDAGRFJIC04,WTREVTFJI,5,2022,0.78
GLOBAL,LNDAGRFJIC04,WTREVTFJI,5,2023,0.78
GLOBAL,LNDAGRFJIC04,WTREVTFJI,5,2024,0.78
GLOBAL,LNDAGRFJIC04,WTREVTFJI,5,2025,0.78
GLOBAL,LNDAGRFJIC04,WTREVTFJI,5,2026,0.78
GLOBAL,LNDAGRFJIC04,WTREVTFJI,5,2027,0.78
GLOBAL,LNDAGRFJIC04,WTREVTFJI,5,2028,0.78
GLOBAL,LNDAGRFJIC04,WTREVTFJI,5,2029,0.78
GLOBAL,LNDAGRFJIC04,WTREVTFJI,5,2030,0.78
GLOBAL,LNDAGRFJIC04,WTREVTFJI,5,2031,0.78
GLOBAL,LNDAGRFJIC04,WTREVTFJI,5,2032,0.78
GLOBAL,LNDAGRFJIC04,WTREVTFJI,5,2033,0.78
GLOBAL,LNDAGRFJIC04,WTREVTFJI,5,2034,0.78
GLOBAL,LNDAGRFJIC04,WTREVTFJI,5,2035,0.78
GLOBAL,LNDAGRFJIC04,WTREVTFJI,5,2036,0.78
GLOBAL,LNDAGRFJIC04,WTREVTFJI,5,2037,0.78
GLOBAL,LNDAGRFJIC04,WTREVTFJI,5,2038,0.78
GLOBAL,LNDAGRFJIC04,WTREVTFJI,5,2039,0.78
GLOBAL,LNDAGRFJIC04,WTREVTFJI,5,2040,0.78
GLOBAL,LNDAGRFJIC04,WTREVTFJI,5,2041,0.78
GLOBAL,LNDAGRFJIC04,WTREVTFJI,5,2042,0.78
GLOBAL,LNDAGRFJIC04,WTREVTFJI,5,2043,0.78
GLOBAL,LNDAGRFJIC04,WTREVTFJI,5,2044,0.78
GLOBAL,LNDAGRFJIC04,WTREVTFJI,5,2045,0.78
GLOBAL,LNDAGRFJIC04,WTREVTFJI,5,2046,0.78
GLOBAL,LNDAGRFJIC04,WTREVTFJI,5,2047,0.78
GLOBAL,LNDAGRFJIC04,WTREVTFJI,5,2048,0.78
GLOBAL,LNDAGRFJIC04,WTREVTFJI,5,2049,0.78
GLOBAL,LNDAGRFJIC04,WTREVTFJI,5,2050,0.78
GLOBAL,LNDAGRFJIC04,WTRGRCFJI,5,2020,0.067
GLOBAL,LNDAGRFJIC04,WTRGRCFJI,5,2021,0.067
GLOBAL,LNDAGRFJIC04,WTRGRCFJI,5,2022,0.067
GLOBAL,LNDAGRFJIC04,WTRGRCFJI,5,2023,0.067
GLOBAL,LNDAGRFJIC04,WTRGRCFJI,5,2024,0.067
GLOBAL,LNDAGRFJIC04,WTRGRCFJI,5,2025,0.067
GLOBAL,LNDAGRFJIC04,WTRGRCFJI,5,2026,0.067
GLOBAL,LNDAGRFJIC04,WTRGRCFJI,5,2027,0.067
GLOBAL,LNDAGRFJIC04,WTRGRCFJI,5,2028,0.067
GLOBAL,LNDAGRFJIC04,WTRGRCFJI,5,2029,0.067
GLOBAL,LNDAGRFJIC04,WTRGRCFJI,5,2030,0.067
GLOBAL,LNDAGRFJIC04,WTRGRCFJI,5,2031,0.067
GLOBAL,LNDAGRFJIC04,WTRGRCFJI,5,2032,0.067
GLOBAL,LNDAGRFJIC04,WTRGRCFJI,5,2033,0.067
GLOBAL,LNDAGRFJIC04,WTRGRCFJI,5,2034,0.067
GLOBAL,LNDAGRFJIC04,WTRGRCFJI,5,2035,0.067
GLOBAL,LNDAGRFJIC04,WTRGRCFJI,5,2036,0.067
GLOBAL,LNDAGRFJIC04,WTRGRCFJI,5,2037,0.067
GLOBAL,LNDAGRFJIC04,WTRGRCFJI,5,2038,0.067
GLOBAL,LNDAGRFJIC04,WTRGRCFJI,5,2039,0.067
GLOBAL,LNDAGRFJIC04,WTRGRCFJI,5,2040,0.067
GLOBAL,LNDAGRFJIC04,WTRGRCFJI,5,2041,0.067
GLOBAL,LNDAGRFJIC04,WTRGRCFJI,5,2042,0.067
GLOBAL,LNDAGRFJIC04,WTRGRCFJI,5,2043,0.067
GLOBAL,LNDAGRFJIC04,WTRGRCFJI,5,2044,0.067
GLOBAL,LNDAGRFJIC04,WTRGRCFJI,5,2045,0.067
GLOBAL,LNDAGRFJIC04,WTRGRCFJI,5,2046,0.067
GLOBAL,LNDAGRFJIC04,WTRGRCFJI,5,2047,0.067
GLOBAL,LNDAGRFJIC04,WTRGRCFJI,5,2048,0.067
GLOBAL,LNDAGRFJIC04,WTRGRCFJI,5,2049,0.067
GLOBAL,LNDAGRFJIC04,WTRGRCFJI,5,2050,0.067
GLOBAL,LNDAGRFJIC04,WTRSURFJI,5,2020,1.3
GLOBAL,LNDAGRFJIC04,WTRSURFJI,5,2021,1.3
GLOBAL,LNDAGRFJIC04,WTRSURFJI,5,2022,1.3
GLOBAL,LNDAGRFJIC04,WTRSURFJI,5,2023,1.3
GLOBAL,LNDAGRFJIC04,WTRSURFJI,5,2024,1.3
GLOBAL,LNDAGRFJIC04,WTRSURFJI,5,2025,1.3
GLOBAL,LNDAGRFJIC04,WTRSURFJI,5,2026,1.3
GLOBAL,LNDAGRFJIC04,WTRSURFJI,5,2027,1.3
GLOBAL,LNDAGRFJIC04,WTRSURFJI,5,2028,1.3
GLOBAL,LNDAGRFJIC04,WTRSURFJI,5,2029,1.3
GLOBAL,LNDAGRFJIC04,WTRSURFJI,5,2030,1.3
GLOBAL,LNDAGRFJIC04,WTRSURFJI,5,2031,1.3
GLOBAL,LNDAGRFJIC04,WTRSURFJI,5,2032,1.3
GLOBAL,LNDAGRFJIC04,WTRSURFJI,5,2033,1.3
GLOBAL,LNDAGRFJIC04,WTRSURFJI,5,2034,1.3
GLOBAL,LNDAGRFJIC04,WTRSURFJI,5,2035,1.3
GLOBAL,LNDAGRFJIC04,WTRSURFJI,5,2036,1.3
GLOBAL,LNDAGRFJIC04,WTRSURFJI,5,2037,1.3
GLOBAL,LNDAGRFJIC04,WTRSURFJI,5,2038,1.3
GLOBAL,LNDAGRFJIC04,WTRSURFJI,5,2039,1.3
GLOBAL,LNDAGRFJIC04,WTRSURFJI,5,2040,1.3
GLOBAL,LNDAGRFJIC04,WTRSURFJI,5,2041,1.3
GLOBAL,LNDAGRFJIC04,WTRSURFJI,5,2042,1.3
GLOBAL,LNDAGRFJIC04,WTRSURFJI,5,2043,1.3
GLOBAL,LNDAGRFJIC04,WTRSURFJI,5,2044,1.3
GLOBAL,LNDAGRFJIC04,WTRSURFJI,5,2045,1.3
GLOBAL,LNDAGRFJIC04,WTRSURFJI,5,2046,1.3
GLOBAL,LNDAGRFJIC04,WTRSURFJI,5,2047,1.3
GLOBAL,LNDAGRFJIC04,WTRSURFJI,5,2048,1.3
GLOBAL,LNDAGRFJIC04,WTRSURFJI,5,2049,1.3
GLOBAL,LNDAGRFJIC04,WTRSURFJI,5,2050,1.3
GLOBAL,LNDAGRFJIC04,CRPSGC,6,2020,1.1
GLOBAL,LNDAGRFJIC04,CRPSGC,6,2021,1.1
GLOBAL,LNDAGRFJIC04,CRPSGC,6,2022,1.1
GLOBAL,LNDAGRFJIC04,CRPSGC,6,2023,1.1
GLOBAL,LNDAGRFJIC04,CRPSGC,6,2024,1.1
GLOBAL,LNDAGRFJIC04,CRPSGC,6,2025,1.1
GLOBAL,LNDAGRFJIC04,CRPSGC,6,2026,1.1
GLOBAL,LNDAGRFJIC04,CRPSGC,6,2027,1.1
GLOBAL,LNDAGRFJIC04,CRPSGC,6,2028,1.1
GLOBAL,LNDAGRFJIC04,CRPSGC,6,2029,1.1
GLOBAL,LNDAGRFJIC04,CRPSGC,6,2030,1.1
GLOBAL,LNDAGRFJIC04,CRPSGC,6,2031,1.1
GLOBAL,LNDAGRFJIC04,CRPSGC,6,2032,1.1
GLOBAL,LNDAGRFJIC04,CRPSGC,6,2033,1.1
GLOBAL,LNDAGRFJIC04,CRPSGC,6,2034,1.1
GLOBAL,LNDAGRFJIC04,CRPSGC,6,2035,1.1
GLOBAL,LNDAGRFJIC04,CRPSGC,6,2036,1.1
GLOBAL,LNDAGRFJIC04,CRPSGC,6,2037,1.1
GLOBAL,LNDAGRFJIC04,CRPSGC,6,2038,1.1
GLOBAL,LNDAGRFJIC04,CRPSGC,6,2039,1.1
GLOBAL,LNDAGRFJIC04,CRPSGC,6,2040,1.1
GLOBAL,LNDAGRFJIC04,CRPSGC,6,2041,1.1
GLOBAL,LNDAGRFJIC04,CRPSGC,6,2042,1.1
GLOBAL,LNDAGRFJIC04,CRPSGC,6,2043,1.1
GLOBAL,LNDAGRFJIC04,CRPSGC,6,2044,1.1
GLOBAL,LNDAGRFJIC04,CRPSGC,6,2045,1.1
GLOBAL,LNDAGRFJIC04,CRPSGC,6,2046,1.1
GLOBAL,LNDAGRFJIC04,CRPSGC,6,2047,1.1
GLOBAL,LNDAGRFJIC04,CRPSGC,6,2048,1.1
GLOBAL,LNDAGRFJIC04,CRPSGC,6,2049,1.1
GLOBAL,LNDAGRFJIC04,CRPSGC,6,2050,1.1
GLOBAL,LNDAGRFJIC04,WTREVTFJI,6,2020,1.1
GLOBAL,LNDAGRFJIC04,WTREVTFJI,6,2021,1.1
GLOBAL,LNDAGRFJIC04,WTREVTFJI,6,2022,1.1
GLOBAL,LNDAGRFJIC04,WTREVTFJI,6,2023,1.1
GLOBAL,LNDAGRFJIC04,WTREVTFJI,6,2024,1.1
GLOBAL,LNDAGRFJIC04,WTREVTFJI,6,2025,1.1
GLOBAL,LNDAGRFJIC04,WTREVTFJI,6,2026,1.1
GLOBAL,LNDAGRFJIC04,WTREVTFJI,6,2027,1.1
GLOBAL,LNDAGRFJIC04,WTREVTFJI,6,2028,1.1
GLOBAL,LNDAGRFJIC04,WTREVTFJI,6,2029,1.1
GLOBAL,LNDAGRFJIC04,WTREVTFJI,6,2030,1.1
GLOBAL,LNDAGRFJIC04,WTREVTFJI,6,2031,1.1
GLOBAL,LNDAGRFJIC04,WTREVTFJI,6,2032,1.1
GLOBAL,LNDAGRFJIC04,WTREVTFJI,6,2033,1.1
GLOBAL,LNDAGRFJIC04,WTREVTFJI,6,2034,1.1
GLOBAL,LNDAGRFJIC04,WTREVTFJI,6,2035,1.1
GLOBAL,LNDAGRFJIC04,WTREVTFJI,6,2036,1.1
GLOBAL,LNDAGRFJIC04,WTREVTFJI,6,2037,1.1
GLOBAL,LNDAGRFJIC04,WTREVTFJI,6,2038,1.1
GLOBAL,LNDAGRFJIC04,WTREVTFJI,6,2039,1.1
GLOBAL,LNDAGRFJIC04,WTREVTFJI,6,2040,1.1
GLOBAL,LNDAGRFJIC04,WTREVTFJI,6,2041,1.1
GLOBAL,LNDAGRFJIC04,WTREVTFJI,6,2042,1.1
GLOBAL,LNDAGRFJIC04,WTREVTFJI,6,2043,1.1
GLOBAL,LNDAGRFJIC04,WTREVTFJI,6,2044,1.1
GLOBAL,LNDAGRFJIC04,WTREVTFJI,6,2045,1.1
GLOBAL,LNDAGRFJIC04,WTREVTFJI,6,2046,1.1
GLOBAL,LNDAGRFJIC04,WTREVTFJI,6,2047,1.1
GLOBAL,LNDAGRFJIC04,WTREVTFJI,6,2048,1.1
GLOBAL,LNDAGRFJIC04,WTREVTFJI,6,2049,1.1
GLOBAL,LNDAGRFJIC04,WTREVTFJI,6,2050,1.1
GLOBAL,LNDAGRFJIC04,WTRGRCFJI,6,2020,0.054
GLOBAL,LNDAGRFJIC04,WTRGRCFJI,6,2021,0.054
GLOBAL,LNDAGRFJIC04,WTRGRCFJI,6,2022,0.054
GLOBAL,LNDAGRFJIC04,WTRGRCFJI,6,2023,0.054
GLOBAL,LNDAGRFJIC04,WTRGRCFJI,6,2024,0.054
GLOBAL,LNDAGRFJIC04,WTRGRCFJI,6,2025,0.054
GLOBAL,LNDAGRFJIC04,WTRGRCFJI,6,2026,0.054
GLOBAL,LNDAGRFJIC04,WTRGRCFJI,6,2027,0.054
GLOBAL,LNDAGRFJIC04,WTRGRCFJI,6,2028,0.054
GLOBAL,LNDAGRFJIC04,WTRGRCFJI,6,2029,0.054
GLOBAL,LNDAGRFJIC04,WTRGRCFJI,6,2030,0.054
GLOBAL,LNDAGRFJIC04,WTRGRCFJI,6,2031,0.054
GLOBAL,LNDAGRFJIC04,WTRGRCFJI,6,2032,0.054
GLOBAL,LNDAGRFJIC04,WTRGRCFJI,6,2033,0.054
GLOBAL,LNDAGRFJIC04,WTRGRCFJI,6,2034,0.054
GLOBAL,LNDAGRFJIC04,WTRGRCFJI,6,2035,0.054
GLOBAL,LNDAGRFJIC04,WTRGRCFJI,6,2036,0.054
GLOBAL,LNDAGRFJIC04,WTRGRCFJI,6,2037,0.054
GLOBAL,LNDAGRFJIC04,WTRGRCFJI,6,2038,0.054
GLOBAL,LNDAGRFJIC04,WTRGRCFJI,6,2039,0.054
GLOBAL,LNDAGRFJIC04,WTRGRCFJI,6,2040,0.054
GLOBAL,LNDAGRFJIC04,WTRGRCFJI,6,2041,0.054
GLOBAL,LNDAGRFJIC04,WTRGRCFJI,6,2042,0.054
GLOBAL,LNDAGRFJIC04,WTRGRCFJI,6,2043,0.054
GLOBAL,LNDAGRFJIC04,WTRGRCFJI,6,2044,0.054
GLOBAL,LNDAGRFJIC04,WTRGRCFJI,6,2045,0.054
GLOBAL,LNDAGRFJIC04,WTRGRCFJI,6,2046,0.054
GLOBAL,LNDAGRFJIC04,WTRGRCFJI,6,2047,0.054
GLOBAL,LNDAGRFJIC04,WTRGRCFJI,6,2048,0.054
GLOBAL,LNDAGRFJIC04,WTRGRCFJI,6,2049,0.054
GLOBAL,LNDAGRFJIC04,WTRGRCFJI,6,2050,0.054
GLOBAL,LNDAGRFJIC04,WTRSURFJI,6,2020,1.0
GLOBAL,LNDAGRFJIC04,WTRSURFJI,6,2021,1.0
GLOBAL,LNDAGRFJIC04,WTRSURFJI,6,2022,1.0
GLOBAL,LNDAGRFJIC04,WTRSURFJI,6,2023,1.0
GLOBAL,LNDAGRFJIC04,WTRSURFJI,6,2024,1.0
GLOBAL,LNDAGRFJIC04,WTRSURFJI,6,2025,1.0
GLOBAL,LNDAGRFJIC04,WTRSURFJI,6,2026,1.0
GLOBAL,LNDAGRFJIC04,WTRSURFJI,6,2027,1.0
GLOBAL,LNDAGRFJIC04,WTRSURFJI,6,2028,1.0
GLOBAL,LNDAGRFJIC04,WTRSURFJI,6,2029,1.0
GLOBAL,LNDAGRFJIC04,WTRSURFJI,6,2030,1.0
GLOBAL,LNDAGRFJIC04,WTRSURFJI,6,2031,1.0
GLOBAL,LNDAGRFJIC04,WTRSURFJI,6,2032,1.0
GLOBAL,LNDAGRFJIC04,WTRSURFJI,6,2033,1.0
GLOBAL,LNDAGRFJIC04,WTRSURFJI,6,2034,1.0
GLOBAL,LNDAGRFJIC04,WTRSURFJI,6,2035,1.0
GLOBAL,LNDAGRFJIC04,WTRSURFJI,6,2036,1.0
GLOBAL,LNDAGRFJIC04,WTRSURFJI,6,2037,1.0
GLOBAL,LNDAGRFJIC04,WTRSURFJI,6,2038,1.0
GLOBAL,LNDAGRFJIC04,WTRSURFJI,6,2039,1.0
GLOBAL,LNDAGRFJIC04,WTRSURFJI,6,2040,1.0
GLOBAL,LNDAGRFJIC04,WTRSURFJI,6,2041,1.0
GLOBAL,LNDAGRFJIC04,WTRSURFJI,6,2042,1.0
GLOBAL,LNDAGRFJIC04,WTRSURFJI,6,2043,1.0
GLOBAL,LNDAGRFJIC04,WTRSURFJI,6,2044,1.0
GLOBAL,LNDAGRFJIC04,WTRSURFJI,6,2045,1.0
GLOBAL,LNDAGRFJIC04,WTRSURFJI,6,2046,1.0
GLOBAL,LNDAGRFJIC04,WTRSURFJI,6,2047,1.0
GLOBAL,LNDAGRFJIC04,WTRSURFJI,6,2048,1.0
GLOBAL,LNDAGRFJIC04,WTRSURFJI,6,2049,1.0
GLOBAL,LNDAGRFJIC04,WTRSURFJI,6,2050,1.0
GLOBAL,LNDAGRFJIC04,CRPSGC,7,2020,0.35
GLOBAL,LNDAGRFJIC04,CRPSGC,7,2021,0.35
GLOBAL,LNDAGRFJIC04,CRPSGC,7,2022,0.35
GLOBAL,LNDAGRFJIC04,CRPSGC,7,2023,0.35
GLOBAL,LNDAGRFJIC04,CRPSGC,7,2024,0.35
GLOBAL,LNDAGRFJIC04,CRPSGC,7,2025,0.35
GLOBAL,LNDAGRFJIC04,CRPSGC,7,2026,0.35
GLOBAL,LNDAGRFJIC04,CRPSGC,7,2027,0.35
GLOBAL,LNDAGRFJIC04,CRPSGC,7,2028,0.35
GLOBAL,LNDAGRFJIC04,CRPSGC,7,2029,0.35
GLOBAL,LNDAGRFJIC04,CRPSGC,7,2030,0.35
GLOBAL,LNDAGRFJIC04,CRPSGC,7,2031,0.35
GLOBAL,LNDAGRFJIC04,CRPSGC,7,2032,0.35
GLOBAL,LNDAGRFJIC04,CRPSGC,7,2033,0.35
GLOBAL,LNDAGRFJIC04,CRPSGC,7,2034,0.35
GLOBAL,LNDAGRFJIC04,CRPSGC,7,2035,0.35
GLOBAL,LNDAGRFJIC04,CRPSGC,7,2036,0.35
GLOBAL,LNDAGRFJIC04,CRPSGC,7,2037,0.35
GLOBAL,LNDAGRFJIC04,CRPSGC,7,2038,0.35
GLOBAL,LNDAGRFJIC04,CRPSGC,7,2039,0.35
GLOBAL,LNDAGRFJIC04,CRPSGC,7,2040,0.35
GLOBAL,LNDAGRFJIC04,CRPSGC,7,2041,0.35
GLOBAL,LNDAGRFJIC04,CRPSGC,7,2042,0.35
GLOBAL,LNDAGRFJIC04,CRPSGC,7,2043,0.35
GLOBAL,LNDAGRFJIC04,CRPSGC,7,2044,0.35
GLOBAL,LNDAGRFJIC04,CRPSGC,7,2045,0.35
GLOBAL,LNDAGRFJIC04,CRPSGC,7,2046,0.35
GLOBAL,LNDAGRFJIC04,CRPSGC,7,2047,0.35
GLOBAL,LNDAGRFJIC04,CRPSGC,7,2048,0.35
GLOBAL,LNDAGRFJIC04,CRPSGC,7,2049,0.35
GLOBAL,LNDAGRFJIC04,CRPSGC,7,2050,0.35
GLOBAL,LNDAGRFJIC04,WTREVTFJI,7,2020,0.92
GLOBAL,LNDAGRFJIC04,WTREVTFJI,7,2021,0.92
GLOBAL,LNDAGRFJIC04,WTREVTFJI,7,2022,0.92
GLOBAL,LNDAGRFJIC04,WTREVTFJI,7,2023,0.92
GLOBAL,LNDAGRFJIC04,WTREVTFJI,7,2024,0.92
GLOBAL,LNDAGRFJIC04,WTREVTFJI,7,2025,0.92
GLOBAL,LNDAGRFJIC04,WTREVTFJI,7,2026,0.92
GLOBAL,LNDAGRFJIC04,WTREVTFJI,7,2027,0.92
GLOBAL,LNDAGRFJIC04,WTREVTFJI,7,2028,0.92
GLOBAL,LNDAGRFJIC04,WTREVTFJI,7,2029,0.92
GLOBAL,LNDAGRFJIC04,WTREVTFJI,7,2030,0.92
GLOBAL,LNDAGRFJIC04,WTREVTFJI,7,2031,0.92
GLOBAL,LNDAGRFJIC04,WTREVTFJI,7,2032,0.92
GLOBAL,LNDAGRFJIC04,WTREVTFJI,7,2033,0.92
GLOBAL,LNDAGRFJIC04,WTREVTFJI,7,2034,0.92
GLOBAL,LNDAGRFJIC04,WTREVTFJI,7,2035,0.92
GLOBAL,LNDAGRFJIC04,WTREVTFJI,7,2036,0.92
GLOBAL,LNDAGRFJIC04,WTREVTFJI,7,2037,0.92
GLOBAL,LNDAGRFJIC04,WTREVTFJI,7,2038,0.92
GLOBAL,LNDAGRFJIC04,WTREVTFJI,7,2039,0.92
GLOBAL,LNDAGRFJIC04,WTREVTFJI,7,2040,0.92
GLOBAL,LNDAGRFJIC04,WTREVTFJI,7,2041,0.92
GLOBAL,LNDAGRFJIC04,WTREVTFJI,7,2042,0.92
GLOBAL,LNDAGRFJIC04,WTREVTFJI,7,2043,0.92
GLOBAL,LNDAGRFJIC04,WTREVTFJI,7,2044,0.92
GLOBAL,LNDAGRFJIC04,WTREVTFJI,7,2045,0.92
GLOBAL,LNDAGRFJIC04,WTREVTFJI,7,2046,0.92
GLOBAL,LNDAGRFJIC04,WTREVTFJI,7,2047,0.92
GLOBAL,LNDAGRFJIC04,WTREVTFJI,7,2048,0.92
GLOBAL,LNDAGRFJIC04,WTREVTFJI,7,2049,0.92
GLOBAL,LNDAGRFJIC04,WTREVTFJI,7,2050,0.92
GLOBAL,LNDAGRFJIC04,WTRGRCFJI,7,2020,0.060
GLOBAL,LNDAGRFJIC04,WTRGRCFJI,7,2021,0.060
GLOBAL,LNDAGRFJIC04,WTRGRCFJI,7,2022,0.060
GLOBAL,LNDAGRFJIC04,WTRGRCFJI,7,2023,0.060
GLOBAL,LNDAGRFJIC04,WTRGRCFJI,7,2024,0.060
GLOBAL,LNDAGRFJIC04,WTRGRCFJI,7,2025,0.060
GLOBAL,LNDAGRFJIC04,WTRGRCFJI,7,2026,0.060
GLOBAL,LNDAGRFJIC04,WTRGRCFJI,7,2027,0.060
GLOBAL,LNDAGRFJIC04,WTRGRCFJI,7,2028,0.060
GLOBAL,LNDAGRFJIC04,WTRGRCFJI,7,2029,0.060
GLOBAL,LNDAGRFJIC04,WTRGRCFJI,7,2030,0.060
GLOBAL,LNDAGRFJIC04,WTRGRCFJI,7,2031,0.060
GLOBAL,LNDAGRFJIC04,WTRGRCFJI,7,2032,0.060
GLOBAL,LNDAGRFJIC04,WTRGRCFJI,7,2033,0.060
GLOBAL,LNDAGRFJIC04,WTRGRCFJI,7,2034,0.060
GLOBAL,LNDAGRFJIC04,WTRGRCFJI,7,2035,0.060
GLOBAL,LNDAGRFJIC04,WTRGRCFJI,7,2036,0.060
GLOBAL,LNDAGRFJIC04,WTRGRCFJI,7,2037,0.060
GLOBAL,LNDAGRFJIC04,WTRGRCFJI,7,2038,0.060
GLOBAL,LNDAGRFJIC04,WTRGRCFJI,7,2039,0.060
GLOBAL,LNDAGRFJIC04,WTRGRCFJI,7,2040,0.060
GLOBAL,LNDAGRFJIC04,WTRGRCFJI,7,2041,0.060
GLOBAL,LNDAGRFJIC04,WTRGRCFJI,7,2042,0.060
GLOBAL,LNDAGRFJIC04,WTRGRCFJI,7,2043,0.060
GLOBAL,LNDAGRFJIC04,WTRGRCFJI,7,2044,0.060
GLOBAL,LNDAGRFJIC04,WTRGRCFJI,7,2045,0.060
GLOBAL,LNDAGRFJIC04,WTRGRCFJI,7,2046,0.060
GLOBAL,LNDAGRFJIC04,WTRGRCFJI,7,2047,0.060
GLOBAL,LNDAGRFJIC04,WTRGRCFJI,7,2048,0.060
GLOBAL,LNDAGRFJIC04,WTRGRCFJI,7,2049,0.060
GLOBAL,LNDAGRFJIC04,WTRGRCFJI,7,2050,0.060
GLOBAL,LNDAGRFJIC04,WTRSURFJI,7,2020,1.1
GLOBAL,LNDAGRFJIC04,WTRSURFJI,7,2021,1.1
GLOBAL,LNDAGRFJIC04,WTRSURFJI,7,2022,1.1
GLOBAL,LNDAGRFJIC04,WTRSURFJI,7,2023,1.1
GLOBAL,LNDAGRFJIC04,WTRSURFJI,7,2024,1.1
GLOBAL,LNDAGRFJIC04,WTRSURFJI,7,2025,1.1
GLOBAL,LNDAGRFJIC04,WTRSURFJI,7,2026,1.1
GLOBAL,LNDAGRFJIC04,WTRSURFJI,7,2027,1.1
GLOBAL,LNDAGRFJIC04,WTRSURFJI,7,2028,1.1
GLOBAL,LNDAGRFJIC04,WTRSURFJI,7,2029,1.1
GLOBAL,LNDAGRFJIC04,WTRSURFJI,7,2030,1.1
GLOBAL,LNDAGRFJIC04,WTRSURFJI,7,2031,1.1
GLOBAL,LNDAGRFJIC04,WTRSURFJI,7,2032,1.1
GLOBAL,LNDAGRFJIC04,WTRSURFJI,7,2033,1.1
GLOBAL,LNDAGRFJIC04,WTRSURFJI,7,2034,1.1
GLOBAL,LNDAGRFJIC04,WTRSURFJI,7,2035,1.1
GLOBAL,LNDAGRFJIC04,WTRSURFJI,7,2036,1.1
GLOBAL,LNDAGRFJIC04,WTRSURFJI,7,2037,1.1
GLOBAL,LNDAGRFJIC04,WTRSURFJI,7,2038,1.1
GLOBAL,LNDAGRFJIC04,WTRSURFJI,7,2039,1.1
GLOBAL,LNDAGRFJIC04,WTRSURFJI,7,2040,1.1
GLOBAL,LNDAGRFJIC04,WTRSURFJI,7,2041,1.1
GLOBAL,LNDAGRFJIC04,WTRSURFJI,7,2042,1.1
GLOBAL,LNDAGRFJIC04,WTRSURFJI,7,2043,1.1
GLOBAL,LNDAGRFJIC04,WTRSURFJI,7,2044,1.1
GLOBAL,LNDAGRFJIC04,WTRSURFJI,7,2045,1.1
GLOBAL,LNDAGRFJIC04,WTRSURFJI,7,2046,1.1
GLOBAL,LNDAGRFJIC04,WTRSURFJI,7,2047,1.1
GLOBAL,LNDAGRFJIC04,WTRSURFJI,7,2048,1.1
GLOBAL,LNDAGRFJIC04,WTRSURFJI,7,2049,1.1
GLOBAL,LNDAGRFJIC04,WTRSURFJI,7,2050,1.1
GLOBAL,LNDAGRFJIC04,CRPCON,8,2020,0.49
GLOBAL,LNDAGRFJIC04,CRPCON,8,2021,0.49
GLOBAL,LNDAGRFJIC04,CRPCON,8,2022,0.49
GLOBAL,LNDAGRFJIC04,CRPCON,8,2023,0.49
GLOBAL,LNDAGRFJIC04,CRPCON,8,2024,0.49
GLOBAL,LNDAGRFJIC04,CRPCON,8,2025,0.49
GLOBAL,LNDAGRFJIC04,CRPCON,8,2026,0.49
GLOBAL,LNDAGRFJIC04,CRPCON,8,2027,0.49
GLOBAL,LNDAGRFJIC04,CRPCON,8,2028,0.49
GLOBAL,LNDAGRFJIC04,CRPCON,8,2029,0.49
GLOBAL,LNDAGRFJIC04,CRPCON,8,2030,0.49
GLOBAL,LNDAGRFJIC04,CRPCON,8,2031,0.49
GLOBAL,LNDAGRFJIC04,CRPCON,8,2032,0.49
GLOBAL,LNDAGRFJIC04,CRPCON,8,2033,0.49
GLOBAL,LNDAGRFJIC04,CRPCON,8,2034,0.49
GLOBAL,LNDAGRFJIC04,CRPCON,8,2035,0.49
GLOBAL,LNDAGRFJIC04,CRPCON,8,2036,0.49
GLOBAL,LNDAGRFJIC04,CRPCON,8,2037,0.49
GLOBAL,LNDAGRFJIC04,CRPCON,8,2038,0.49
GLOBAL,LNDAGRFJIC04,CRPCON,8,2039,0.49
GLOBAL,LNDAGRFJIC04,CRPCON,8,2040,0.49
GLOBAL,LNDAGRFJIC04,CRPCON,8,2041,0.49
GLOBAL,LNDAGRFJIC04,CRPCON,8,2042,0.49
GLOBAL,LNDAGRFJIC04,CRPCON,8,2043,0.49
GLOBAL,LNDAGRFJIC04,CRPCON,8,2044,0.49
GLOBAL,LNDAGRFJIC04,CRPCON,8,2045,0.49
GLOBAL,LNDAGRFJIC04,CRPCON,8,2046,0.49
GLOBAL,LNDAGRFJIC04,CRPCON,8,2047,0.49
GLOBAL,LNDAGRFJIC04,CRPCON,8,2048,0.49
GLOBAL,LNDAGRFJIC04,CRPCON,8,2049,0.49
GLOBAL,LNDAGRFJIC04,CRPCON,8,2050,0.49
GLOBAL,LNDAGRFJIC04,WTREVTFJI,8,2020,0.91
GLOBAL,LNDAGRFJIC04,WTREVTFJI,8,2021,0.91
GLOBAL,LNDAGRFJIC04,WTREVTFJI,8,2022,0.91
GLOBAL,LNDAGRFJIC04,WTREVTFJI,8,2023,0.91
GLOBAL,LNDAGRFJIC04,WTREVTFJI,8,2024,0.91
GLOBAL,LNDAGRFJIC04,WTREVTFJI,8,2025,0.91
GLOBAL,LNDAGRFJIC04,WTREVTFJI,8,2026,0.91
GLOBAL,LNDAGRFJIC04,WTREVTFJI,8,2027,0.91
GLOBAL,LNDAGRFJIC04,WTREVTFJI,8,2028,0.91
GLOBAL,LNDAGRFJIC04,WTREVTFJI,8,2029,0.91
GLOBAL,LNDAGRFJIC04,WTREVTFJI,8,2030,0.91
GLOBAL,LNDAGRFJIC04,WTREVTFJI,8,2031,0.91
GLOBAL,LNDAGRFJIC04,WTREVTFJI,8,2032,0.91
GLOBAL,LNDAGRFJIC04,WTREVTFJI,8,2033,0.91
GLOBAL,LNDAGRFJIC04,WTREVTFJI,8,2034,0.91
GLOBAL,LNDAGRFJIC04,WTREVTFJI,8,2035,0.91
GLOBAL,LNDAGRFJIC04,WTREVTFJI,8,2036,0.91
GLOBAL,LNDAGRFJIC04,WTREVTFJI,8,2037,0.91
GLOBAL,LNDAGRFJIC04,WTREVTFJI,8,2038,0.91
GLOBAL,LNDAGRFJIC04,WTREVTFJI,8,2039,0.91
GLOBAL,LNDAGRFJIC04,WTREVTFJI,8,2040,0.91
GLOBAL,LNDAGRFJIC04,WTREVTFJI,8,2041,0.91
GLOBAL,LNDAGRFJIC04,WTREVTFJI,8,2042,0.91
GLOBAL,LNDAGRFJIC04,WTREVTFJI,8,2043,0.91
GLOBAL,LNDAGRFJIC04,WTREVTFJI,8,2044,0.91
GLOBAL,LNDAGRFJIC04,WTREVTFJI,8,2045,0.91
GLOBAL,LNDAGRFJIC04,WTREVTFJI,8,2046,0.91
GLOBAL,LNDAGRFJIC04,WTREVTFJI,8,2047,0.91
GLOBAL,LNDAGRFJIC04,WTREVTFJI,8,2048,0.91
GLOBAL,LNDAGRFJIC04,WTREVTFJI,8,2049,0.91
GLOBAL,LNDAGRFJIC04,WTREVTFJI,8,2050,0.91
GLOBAL,LNDAGRFJIC04,WTRGRCFJI,8,2020,0.061
GLOBAL,LNDAGRFJIC04,WTRGRCFJI,8,2021,0.061
GLOBAL,LNDAGRFJIC04,WTRGRCFJI,8,2022,0.061
GLOBAL,LNDAGRFJIC04,WTRGRCFJI,8,2023,0.061
GLOBAL,LNDAGRFJIC04,WTRGRCFJI,8,2024,0.061
GLOBAL,LNDAGRFJIC04,WTRGRCFJI,8,2025,0.061
GLOBAL,LNDAGRFJIC04,WTRGRCFJI,8,2026,0.061
GLOBAL,LNDAGRFJIC04,WTRGRCFJI,8,2027,0.061
GLOBAL,LNDAGRFJIC04,WTRGRCFJI,8,2028,0.061
GLOBAL,LNDAGRFJIC04,WTRGRCFJI,8,2029,0.061
GLOBAL,LNDAGRFJIC04,WTRGRCFJI,8,2030,0.061
GLOBAL,LNDAGRFJIC04,WTRGRCFJI,8,2031,0.061
GLOBAL,LNDAGRFJIC04,WTRGRCFJI,8,2032,0.061
GLOBAL,LNDAGRFJIC04,WTRGRCFJI,8,2033,0.061
GLOBAL,LNDAGRFJIC04,WTRGRCFJI,8,2034,0.061
GLOBAL,LNDAGRFJIC04,WTRGRCFJI,8,2035,0.061
GLOBAL,LNDAGRFJIC04,WTRGRCFJI,8,2036,0.061
GLOBAL,LNDAGRFJIC04,WTRGRCFJI,8,2037,0.061
GLOBAL,LNDAGRFJIC04,WTRGRCFJI,8,2038,0.061
GLOBAL,LNDAGRFJIC04,WTRGRCFJI,8,2039,0.061
GLOBAL,LNDAGRFJIC04,WTRGRCFJI,8,2040,0.061
GLOBAL,LNDAGRFJIC04,WTRGRCFJI,8,2041,0.061
GLOBAL,LNDAGRFJIC04,WTRGRCFJI,8,2042,0.061
GLOBAL,LNDAGRFJIC04,WTRGRCFJI,8,2043,0.061
GLOBAL,LNDAGRFJIC04,WTRGRCFJI,8,2044,0.061
GLOBAL,LNDAGRFJIC04,WTRGRCFJI,8,2045,0.061
GLOBAL,LNDAGRFJIC04,WTRGRCFJI,8,2046,0.061
GLOBAL,LNDAGRFJIC04,WTRGRCFJI,8,2047,0.061
GLOBAL,LNDAGRFJIC04,WTRGRCFJI,8,2048,0.061
GLOBAL,LNDAGRFJIC04,WTRGRCFJI,8,2049,0.061
GLOBAL,LNDAGRFJIC04,WTRGRCFJI,8,2050,0.061
GLOBAL,LNDAGRFJIC04,WTRSURFJI,8,2020,1.1
GLOBAL,LNDAGRFJIC04,WTRSURFJI,8,2021,1.1
GLOBAL,LNDAGRFJIC04,WTRSURFJI,8,2022,1.1
GLOBAL,LNDAGRFJIC04,WTRSURFJI,8,2023,1.1
GLOBAL,LNDAGRFJIC04,WTRSURFJI,8,2024,1.1
GLOBAL,LNDAGRFJIC04,WTRSURFJI,8,2025,1.1
GLOBAL,LNDAGRFJIC04,WTRSURFJI,8,2026,1.1
GLOBAL,LNDAGRFJIC04,WTRSURFJI,8,2027,1.1
GLOBAL,LNDAGRFJIC04,WTRSURFJI,8,2028,1.1
GLOBAL,LNDAGRFJIC04,WTRSURFJI,8,2029,1.1
GLOBAL,LNDAGRFJIC04,WTRSURFJI,8,2030,1.1
GLOBAL,LNDAGRFJIC04,WTRSURFJI,8,2031,1.1
GLOBAL,LNDAGRFJIC04,WTRSURFJI,8,2032,1.1
GLOBAL,LNDAGRFJIC04,WTRSURFJI,8,2033,1.1
GLOBAL,LNDAGRFJIC04,WTRSURFJI,8,2034,1.1
GLOBAL,LNDAGRFJIC04,WTRSURFJI,8,2035,1.1
GLOBAL,LNDAGRFJIC04,WTRSURFJI,8,2036,1.1
GLOBAL,LNDAGRFJIC04,WTRSURFJI,8,2037,1.1
GLOBAL,LNDAGRFJIC04,WTRSURFJI,8,2038,1.1
GLOBAL,LNDAGRFJIC04,WTRSURFJI,8,2039,1.1
GLOBAL,LNDAGRFJIC04,WTRSURFJI,8,2040,1.1
GLOBAL,LNDAGRFJIC04,WTRSURFJI,8,2041,1.1
GLOBAL,LNDAGRFJIC04,WTRSURFJI,8,2042,1.1
GLOBAL,LNDAGRFJIC04,WTRSURFJI,8,2043,1.1
GLOBAL,LNDAGRFJIC04,WTRSURFJI,8,2044,1.1
GLOBAL,LNDAGRFJIC04,WTRSURFJI,8,2045,1.1
GLOBAL,LNDAGRFJIC04,WTRSURFJI,8,2046,1.1
GLOBAL,LNDAGRFJIC04,WTRSURFJI,8,2047,1.1
GLOBAL,LNDAGRFJIC04,WTRSURFJI,8,2048,1.1
GLOBAL,LNDAGRFJIC04,WTRSURFJI,8,2049,1.1
GLOBAL,LNDAGRFJIC04,WTRSURFJI,8,2050,1.1
GLOBAL,LNDAGRFJIC04,CRPCON,9,2020,0.49
GLOBAL,LNDAGRFJIC04,CRPCON,9,2021,0.49
GLOBAL,LNDAGRFJIC04,CRPCON,9,2022,0.49
GLOBAL,LNDAGRFJIC04,CRPCON,9,2023,0.49
GLOBAL,LNDAGRFJIC04,CRPCON,9,2024,0.49
GLOBAL,LNDAGRFJIC04,CRPCON,9,2025,0.49
GLOBAL,LNDAGRFJIC04,CRPCON,9,2026,0.49
GLOBAL,LNDAGRFJIC04,CRPCON,9,2027,0.49
GLOBAL,LNDAGRFJIC04,CRPCON,9,2028,0.49
GLOBAL,LNDAGRFJIC04,CRPCON,9,2029,0.49
GLOBAL,LNDAGRFJIC04,CRPCON,9,2030,0.49
GLOBAL,LNDAGRFJIC04,CRPCON,9,2031,0.49
GLOBAL,LNDAGRFJIC04,CRPCON,9,2032,0.49
GLOBAL,LNDAGRFJIC04,CRPCON,9,2033,0.49
GLOBAL,LNDAGRFJIC04,CRPCON,9,2034,0.49
GLOBAL,LNDAGRFJIC04,CRPCON,9,2035,0.49
GLOBAL,LNDAGRFJIC04,CRPCON,9,2036,0.49
GLOBAL,LNDAGRFJIC04,CRPCON,9,2037,0.49
GLOBAL,LNDAGRFJIC04,CRPCON,9,2038,0.49
GLOBAL,LNDAGRFJIC04,CRPCON,9,2039,0.49
GLOBAL,LNDAGRFJIC04,CRPCON,9,2040,0.49
GLOBAL,LNDAGRFJIC04,CRPCON,9,2041,0.49
GLOBAL,LNDAGRFJIC04,CRPCON,9,2042,0.49
GLOBAL,LNDAGRFJIC04,CRPCON,9,2043,0.49
GLOBAL,LNDAGRFJIC04,CRPCON,9,2044,0.49
GLOBAL,LNDAGRFJIC04,CRPCON,9,2045,0.49
GLOBAL,LNDAGRFJIC04,CRPCON,9,2046,0.49
GLOBAL,LNDAGRFJIC04,CRPCON,9,2047,0.49
GLOBAL,LNDAGRFJIC04,CRPCON,9,2048,0.49
GLOBAL,LNDAGRFJIC04,CRPCON,9,2049,0.49
GLOBAL,LNDAGRFJIC04,CRPCON,9,2050,0.49
GLOBAL,LNDAGRFJIC04,WTREVTFJI,9,2020,0.77
GLOBAL,LNDAGRFJIC04,WTREVTFJI,9,2021,0.77
GLOBAL,LNDAGRFJIC04,WTREVTFJI,9,2022,0.77
GLOBAL,LNDAGRFJIC04,WTREVTFJI,9,2023,0.77
GLOBAL,LNDAGRFJIC04,WTREVTFJI,9,2024,0.77
GLOBAL,LNDAGRFJIC04,WTREVTFJI,9,2025,0.77
GLOBAL,LNDAGRFJIC04,WTREVTFJI,9,2026,0.77
GLOBAL,LNDAGRFJIC04,WTREVTFJI,9,2027,0.77
GLOBAL,LNDAGRFJIC04,WTREVTFJI,9,2028,0.77
GLOBAL,LNDAGRFJIC04,WTREVTFJI,9,2029,0.77
GLOBAL,LNDAGRFJIC04,WTREVTFJI,9,2030,0.77
GLOBAL,LNDAGRFJIC04,WTREVTFJI,9,2031,0.77
GLOBAL,LNDAGRFJIC04,WTREVTFJI,9,2032,0.77
GLOBAL,LNDAGRFJIC04,WTREVTFJI,9,2033,0.77
GLOBAL,LNDAGRFJIC04,WTREVTFJI,9,2034,0.77
GLOBAL,LNDAGRFJIC04,WTREVTFJI,9,2035,0.77
GLOBAL,LNDAGRFJIC04,WTREVTFJI,9,2036,0.77
GLOBAL,LNDAGRFJIC04,WTREVTFJI,9,2037,0.77
GLOBAL,LNDAGRFJIC04,WTREVTFJI,9,2038,0.77
GLOBAL,LNDAGRFJIC04,WTREVTFJI,9,2039,0.77
GLOBAL,LNDAGRFJIC04,WTREVTFJI,9,2040,0.77
GLOBAL,LNDAGRFJIC04,WTREVTFJI,9,2041,0.77
GLOBAL,LNDAGRFJIC04,WTREVTFJI,9,2042,0.77
GLOBAL,LNDAGRFJIC04,WTREVTFJI,9,2043,0.77
GLOBAL,LNDAGRFJIC04,WTREVTFJI,9,2044,0.77
GLOBAL,LNDAGRFJIC04,WTREVTFJI,9,2045,0.77
GLOBAL,LNDAGRFJIC04,WTREVTFJI,9,2046,0.77
GLOBAL,LNDAGRFJIC04,WTREVTFJI,9,2047,0.77
GLOBAL,LNDAGRFJIC04,WTREVTFJI,9,2048,0.77
GLOBAL,LNDAGRFJIC04,WTREVTFJI,9,2049,0.77
GLOBAL,LNDAGRFJIC04,WTREVTFJI,9,2050,0.77
GLOBAL,LNDAGRFJIC04,WTRGRCFJI,9,2020,0.068
GLOBAL,LNDAGRFJIC04,WTRGRCFJI,9,2021,0.068
GLOBAL,LNDAGRFJIC04,WTRGRCFJI,9,2022,0.068
GLOBAL,LNDAGRFJIC04,WTRGRCFJI,9,2023,0.068
GLOBAL,LNDAGRFJIC04,WTRGRCFJI,9,2024,0.068
GLOBAL,LNDAGRFJIC04,WTRGRCFJI,9,2025,0.068
GLOBAL,LNDAGRFJIC04,WTRGRCFJI,9,2026,0.068
GLOBAL,LNDAGRFJIC04,WTRGRCFJI,9,2027,0.068
GLOBAL,LNDAGRFJIC04,WTRGRCFJI,9,2028,0.068
GLOBAL,LNDAGRFJIC04,WTRGRCFJI,9,2029,0.068
GLOBAL,LNDAGRFJIC04,WTRGRCFJI,9,2030,0.068
GLOBAL,LNDAGRFJIC04,WTRGRCFJI,9,2031,0.068
GLOBAL,LNDAGRFJIC04,WTRGRCFJI,9,2032,0.068
GLOBAL,LNDAGRFJIC04,WTRGRCFJI,9,2033,0.068
GLOBAL,LNDAGRFJIC04,WTRGRCFJI,9,2034,0.068
GLOBAL,LNDAGRFJIC04,WTRGRCFJI,9,2035,0.068
GLOBAL,LNDAGRFJIC04,WTRGRCFJI,9,2036,0.068
GLOBAL,LNDAGRFJIC04,WTRGRCFJI,9,2037,0.068
GLOBAL,LNDAGRFJIC04,WTRGRCFJI,9,2038,0.068
GLOBAL,LNDAGRFJIC04,WTRGRCFJI,9,2039,0.068
GLOBAL,LNDAGRFJIC04,WTRGRCFJI,9,2040,0.068
GLOBAL,LNDAGRFJIC04,WTRGRCFJI,9,2041,0.068
GLOBAL,LNDAGRFJIC04,WTRGRCFJI,9,2042,0.068
GLOBAL,LNDAGRFJIC04,WTRGRCFJI,9,2043,0.068
GLOBAL,LNDAGRFJIC04,WTRGRCFJI,9,2044,0.068
GLOBAL,LNDAGRFJIC04,WTRGRCFJI,9,2045,0.068
GLOBAL,LNDAGRFJIC04,WTRGRCFJI,9,2046,0.068
GLOBAL,LNDAGRFJIC04,WTRGRCFJI,9,2047,0.068
GLOBAL,LNDAGRFJIC04,WTRGRCFJI,9,2048,0.068
GLOBAL,LNDAGRFJIC04,WTRGRCFJI,9,2049,0.068
GLOBAL,LNDAGRFJIC04,WTRGRCFJI,9,2050,0.068
GLOBAL,LNDAGRFJIC04,WTRSURFJI,9,2020,1.3
GLOBAL,LNDAGRFJIC04,WTRSURFJI,9,2021,1.3
GLOBAL,LNDAGRFJIC04,WTRSURFJI,9,2022,1.3
GLOBAL,LNDAGRFJIC04,WTRSURFJI,9,2023,1.3
GLOBAL,LNDAGRFJIC04,WTRSURFJI,9,2024,1.3
GLOBAL,LNDAGRFJIC04,WTRSURFJI,9,2025,1.3
GLOBAL,LNDAGRFJIC04,WTRSURFJI,9,2026,1.3
GLOBAL,LNDAGRFJIC04,WTRSURFJI,9,2027,1.3
GLOBAL,LNDAGRFJIC04,WTRSURFJI,9,2028,1.3
GLOBAL,LNDAGRFJIC04,WTRSURFJI,9,2029,1.3
GLOBAL,LNDAGRFJIC04,WTRSURFJI,9,2030,1.3
GLOBAL,LNDAGRFJIC04,WTRSURFJI,9,2031,1.3
GLOBAL,LNDAGRFJIC04,WTRSURFJI,9,2032,1.3
GLOBAL,LNDAGRFJIC04,WTRSURFJI,9,2033,1.3
GLOBAL,LNDAGRFJIC04,WTRSURFJI,9,2034,1.3
GLOBAL,LNDAGRFJIC04,WTRSURFJI,9,2035,1.3
GLOBAL,LNDAGRFJIC04,WTRSURFJI,9,2036,1.3
GLOBAL,LNDAGRFJIC04,WTRSURFJI,9,2037,1.3
GLOBAL,LNDAGRFJIC04,WTRSURFJI,9,2038,1.3
GLOBAL,LNDAGRFJIC04,WTRSURFJI,9,2039,1.3
GLOBAL,LNDAGRFJIC04,WTRSURFJI,9,2040,1.3
GLOBAL,LNDAGRFJIC04,WTRSURFJI,9,2041,1.3
GLOBAL,LNDAGRFJIC04,WTRSURFJI,9,2042,1.3
GLOBAL,LNDAGRFJIC04,WTRSURFJI,9,2043,1.3
GLOBAL,LNDAGRFJIC04,WTRSURFJI,9,2044,1.3
GLOBAL,LNDAGRFJIC04,WTRSURFJI,9,2045,1.3
GLOBAL,LNDAGRFJIC04,WTRSURFJI,9,2046,1.3
GLOBAL,LNDAGRFJIC04,WTRSURFJI,9,2047,1.3
GLOBAL,LNDAGRFJIC04,WTRSURFJI,9,2048,1.3
GLOBAL,LNDAGRFJIC04,WTRSURFJI,9,2049,1.3
GLOBAL,LNDAGRFJIC04,WTRSURFJI,9,2050,1.3
GLOBAL,LNDAGRFJIC04,CRPCON,10,2020,0.13
GLOBAL,LNDAGRFJIC04,CRPCON,10,2021,0.13
GLOBAL,LNDAGRFJIC04,CRPCON,10,2022,0.13
GLOBAL,LNDAGRFJIC04,CRPCON,10,2023,0.13
GLOBAL,LNDAGRFJIC04,CRPCON,10,2024,0.13
GLOBAL,LNDAGRFJIC04,CRPCON,10,2025,0.13
GLOBAL,LNDAGRFJIC04,CRPCON,10,2026,0.13
GLOBAL,LNDAGRFJIC04,CRPCON,10,2027,0.13
GLOBAL,LNDAGRFJIC04,CRPCON,10,2028,0.13
GLOBAL,LNDAGRFJIC04,CRPCON,10,2029,0.13
GLOBAL,LNDAGRFJIC04,CRPCON,10,2030,0.13
GLOBAL,LNDAGRFJIC04,CRPCON,10,2031,0.13
GLOBAL,LNDAGRFJIC04,CRPCON,10,2032,0.13
GLOBAL,LNDAGRFJIC04,CRPCON,10,2033,0.13
GLOBAL,LNDAGRFJIC04,CRPCON,10,2034,0.13
GLOBAL,LNDAGRFJIC04,CRPCON,10,2035,0.13
GLOBAL,LNDAGRFJIC04,CRPCON,10,2036,0.13
GLOBAL,LNDAGRFJIC04,CRPCON,10,2037,0.13
GLOBAL,LNDAGRFJIC04,CRPCON,10,2038,0.13
GLOBAL,LNDAGRFJIC04,CRPCON,10,2039,0.13
GLOBAL,LNDAGRFJIC04,CRPCON,10,2040,0.13
GLOBAL,LNDAGRFJIC04,CRPCON,10,2041,0.13
GLOBAL,LNDAGRFJIC04,CRPCON,10,2042,0.13
GLOBAL,LNDAGRFJIC04,CRPCON,10,2043,0.13
GLOBAL,LNDAGRFJIC04,CRPCON,10,2044,0.13
GLOBAL,LNDAGRFJIC04,CRPCON,10,2045,0.13
GLOBAL,LNDAGRFJIC04,CRPCON,10,2046,0.13
GLOBAL,LNDAGRFJIC04,CRPCON,10,2047,0.13
GLOBAL,LNDAGRFJIC04,CRPCON,10,2048,0.13
GLOBAL,LNDAGRFJIC04,CRPCON,10,2049,0.13
GLOBAL,LNDAGRFJIC04,CRPCON,10,2050,0.13
GLOBAL,LNDAGRFJIC04,WTREVTFJI,10,2020,0.66
GLOBAL,LNDAGRFJIC04,WTREVTFJI,10,2021,0.66
GLOBAL,LNDAGRFJIC04,WTREVTFJI,10,2022,0.66
GLOBAL,LNDAGRFJIC04,WTREVTFJI,10,2023,0.66
GLOBAL,LNDAGRFJIC04,WTREVTFJI,10,2024,0.66
GLOBAL,LNDAGRFJIC04,WTREVTFJI,10,2025,0.66
GLOBAL,LNDAGRFJIC04,WTREVTFJI,10,2026,0.66
GLOBAL,LNDAGRFJIC04,WTREVTFJI,10,2027,0.66
GLOBAL,LNDAGRFJIC04,WTREVTFJI,10,2028,0.66
GLOBAL,LNDAGRFJIC04,WTREVTFJI,10,2029,0.66
GLOBAL,LNDAGRFJIC04,WTREVTFJI,10,2030,0.66
GLOBAL,LNDAGRFJIC04,WTREVTFJI,10,2031,0.66
GLOBAL,LNDAGRFJIC04,WTREVTFJI,10,2032,0.66
GLOBAL,LNDAGRFJIC04,WTREVTFJI,10,2033,0.66
GLOBAL,LNDAGRFJIC04,WTREVTFJI,10,2034,0.66
GLOBAL,LNDAGRFJIC04,WTREVTFJI,10,2035,0.66
GLOBAL,LNDAGRFJIC04,WTREVTFJI,10,2036,0.66
GLOBAL,LNDAGRFJIC04,WTREVTFJI,10,2037,0.66
GLOBAL,LNDAGRFJIC04,WTREVTFJI,10,2038,0.66
GLOBAL,LNDAGRFJIC04,WTREVTFJI,10,2039,0.66
GLOBAL,LNDAGRFJIC04,WTREVTFJI,10,2040,0.66
GLOBAL,LNDAGRFJIC04,WTREVTFJI,10,2041,0.66
GLOBAL,LNDAGRFJIC04,WTREVTFJI,10,2042,0.66
GLOBAL,LNDAGRFJIC04,WTREVTFJI,10,2043,0.66
GLOBAL,LNDAGRFJIC04,WTREVTFJI,10,2044,0.66
GLOBAL,LNDAGRFJIC04,WTREVTFJI,10,2045,0.66
GLOBAL,LNDAGRFJIC04,WTREVTFJI,10,2046,0.66
GLOBAL,LNDAGRFJIC04,WTREVTFJI,10,2047,0.66
GLOBAL,LNDAGRFJIC04,WTREVTFJI,10,2048,0.66
GLOBAL,LNDAGRFJIC04,WTREVTFJI,10,2049,0.66
GLOBAL,LNDAGRFJIC04,WTREVTFJI,10,2050,0.66
GLOBAL,LNDAGRFJIC04,WTRGRCFJI,10,2020,0.073
GLOBAL,LNDAGRFJIC04,WTRGRCFJI,10,2021,0.073
GLOBAL,LNDAGRFJIC04,WTRGRCFJI,10,2022,0.073
GLOBAL,LNDAGRFJIC04,WTRGRCFJI,10,2023,0.073
GLOBAL,LNDAGRFJIC04,WTRGRCFJI,10,2024,0.073
GLOBAL,LNDAGRFJIC04,WTRGRCFJI,10,2025,0.073
GLOBAL,LNDAGRFJIC04,WTRGRCFJI,10,2026,0.073
GLOBAL,LNDAGRFJIC04,WTRGRCFJI,10,2027,0.073
GLOBAL,LNDAGRFJIC04,WTRGRCFJI,10,2028,0.073
GLOBAL,LNDAGRFJIC04,WTRGRCFJI,10,2029,0.073
GLOBAL,LNDAGRFJIC04,WTRGRCFJI,10,2030,0.073
GLOBAL,LNDAGRFJIC04,WTRGRCFJI,10,2031,0.073
GLOBAL,LNDAGRFJIC04,WTRGRCFJI,10,2032,0.073
GLOBAL,LNDAGRFJIC04,WTRGRCFJI,10,2033,0.073
GLOBAL,LNDAGRFJIC04,WTRGRCFJI,10,2034,0.073
GLOBAL,LNDAGRFJIC04,WTRGRCFJI,10,2035,0.073
GLOBAL,LNDAGRFJIC04,WTRGRCFJI,10,2036,0.073
GLOBAL,LNDAGRFJIC04,WTRGRCFJI,10,2037,0.073
GLOBAL,LNDAGRFJIC04,WTRGRCFJI,10,2038,0.073
GLOBAL,LNDAGRFJIC04,WTRGRCFJI,10,2039,0.073
GLOBAL,LNDAGRFJIC04,WTRGRCFJI,10,2040,0.073
GLOBAL,LNDAGRFJIC04,WTRGRCFJI,10,2041,0.073
GLOBAL,LNDAGRFJIC04,WTRGRCFJI,10,2042,0.073
GLOBAL,LNDAGRFJIC04,WTRGRCFJI,10,2043,0.073
GLOBAL,LNDAGRFJIC04,WTRGRCFJI,10,2044,0.073
GLOBAL,LNDAGRFJIC04,WTRGRCFJI,10,2045,0.073
GLOBAL,LNDAGRFJIC04,WTRGRCFJI,10,2046,0.073
GLOBAL,LNDAGRFJIC04,WTRGRCFJI,10,2047,0.073
GLOBAL,LNDAGRFJIC04,WTRGRCFJI,10,2048,0.073
GLOBAL,LNDAGRFJIC04,WTRGRCFJI,10,2049,0.073
GLOBAL,LNDAGRFJIC04,WTRGRCFJI,10,2050,0.073
GLOBAL,LNDAGRFJIC04,WTRSURFJI,10,2020,1.4
GLOBAL,LNDAGRFJIC04,WTRSURFJI,10,2021,1.4
GLOBAL,LNDAGRFJIC04,WTRSURFJI,10,2022,1.4
GLOBAL,LNDAGRFJIC04,WTRSURFJI,10,2023,1.4
GLOBAL,LNDAGRFJIC04,WTRSURFJI,10,2024,1.4
GLOBAL,LNDAGRFJIC04,WTRSURFJI,10,2025,1.4
GLOBAL,LNDAGRFJIC04,WTRSURFJI,10,2026,1.4
GLOBAL,LNDAGRFJIC04,WTRSURFJI,10,2027,1.4
GLOBAL,LNDAGRFJIC04,WTRSURFJI,10,2028,1.4
GLOBAL,LNDAGRFJIC04,WTRSURFJI,10,2029,1.4
GLOBAL,LNDAGRFJIC04,WTRSURFJI,10,2030,1.4
GLOBAL,LNDAGRFJIC04,WTRSURFJI,10,2031,1.4
GLOBAL,LNDAGRFJIC04,WTRSURFJI,10,2032,1.4
GLOBAL,LNDAGRFJIC04,WTRSURFJI,10,2033,1.4
GLOBAL,LNDAGRFJIC04,WTRSURFJI,10,2034,1.4
GLOBAL,LNDAGRFJIC04,WTRSURFJI,10,2035,1.4
GLOBAL,LNDAGRFJIC04,WTRSURFJI,10,2036,1.4
GLOBAL,LNDAGRFJIC04,WTRSURFJI,10,2037,1.4
GLOBAL,LNDAGRFJIC04,WTRSURFJI,10,2038,1.4
GLOBAL,LNDAGRFJIC04,WTRSURFJI,10,2039,1.4
GLOBAL,LNDAGRFJIC04,WTRSURFJI,10,2040,1.4
GLOBAL,LNDAGRFJIC04,WTRSURFJI,10,2041,1.4
GLOBAL,LNDAGRFJIC04,WTRSURFJI,10,2042,1.4
GLOBAL,LNDAGRFJIC04,WTRSURFJI,10,2043,1.4
GLOBAL,LNDAGRFJIC04,WTRSURFJI,10,2044,1.4
GLOBAL,LNDAGRFJIC04,WTRSURFJI,10,2045,1.4
GLOBAL,LNDAGRFJIC04,WTRSURFJI,10,2046,1.4
GLOBAL,LNDAGRFJIC04,WTRSURFJI,10,2047,1.4
GLOBAL,LNDAGRFJIC04,WTRSURFJI,10,2048,1.4
GLOBAL,LNDAGRFJIC04,WTRSURFJI,10,2049,1.4
GLOBAL,LNDAGRFJIC04,WTRSURFJI,10,2050,1.4
GLOBAL,LNDAGRFJIC04,CRPCAS,11,2020,0.96
GLOBAL,LNDAGRFJIC04,CRPCAS,11,2021,0.96
GLOBAL,LNDAGRFJIC04,CRPCAS,11,2022,0.96
GLOBAL,LNDAGRFJIC04,CRPCAS,11,2023,0.96
GLOBAL,LNDAGRFJIC04,CRPCAS,11,2024,0.96
GLOBAL,LNDAGRFJIC04,CRPCAS,11,2025,0.96
GLOBAL,LNDAGRFJIC04,CRPCAS,11,2026,0.96
GLOBAL,LNDAGRFJIC04,CRPCAS,11,2027,0.96
GLOBAL,LNDAGRFJIC04,CRPCAS,11,2028,0.96
GLOBAL,LNDAGRFJIC04,CRPCAS,11,2029,0.96
GLOBAL,LNDAGRFJIC04,CRPCAS,11,2030,0.96
GLOBAL,LNDAGRFJIC04,CRPCAS,11,2031,0.96
GLOBAL,LNDAGRFJIC04,CRPCAS,11,2032,0.96
GLOBAL,LNDAGRFJIC04,CRPCAS,11,2033,0.96
GLOBAL,LNDAGRFJIC04,CRPCAS,11,2034,0.96
GLOBAL,LNDAGRFJIC04,CRPCAS,11,2035,0.96
GLOBAL,LNDAGRFJIC04,CRPCAS,11,2036,0.96
GLOBAL,LNDAGRFJIC04,CRPCAS,11,2037,0.96
GLOBAL,LNDAGRFJIC04,CRPCAS,11,2038,0.96
GLOBAL,LNDAGRFJIC04,CRPCAS,11,2039,0.96
GLOBAL,LNDAGRFJIC04,CRPCAS,11,2040,0.96
GLOBAL,LNDAGRFJIC04,CRPCAS,11,2041,0.96
GLOBAL,LNDAGRFJIC04,CRPCAS,11,2042,0.96
GLOBAL,LNDAGRFJIC04,CRPCAS,11,2043,0.96
GLOBAL,LNDAGRFJIC04,CRPCAS,11,2044,0.96
GLOBAL,LNDAGRFJIC04,CRPCAS,11,2045,0.96
GLOBAL,LNDAGRFJIC04,CRPCAS,11,2046,0.96
GLOBAL,LNDAGRFJIC04,CRPCAS,11,2047,0.96
GLOBAL,LNDAGRFJIC04,CRPCAS,11,2048,0.96
GLOBAL,LNDAGRFJIC04,CRPCAS,11,2049,0.96
GLOBAL,LNDAGRFJIC04,CRPCAS,11,2050,0.96
GLOBAL,LNDAGRFJIC04,WTREVTFJI,11,2020,0.93
GLOBAL,LNDAGRFJIC04,WTREVTFJI,11,2021,0.93
GLOBAL,LNDAGRFJIC04,WTREVTFJI,11,2022,0.93
GLOBAL,LNDAGRFJIC04,WTREVTFJI,11,2023,0.93
GLOBAL,LNDAGRFJIC04,WTREVTFJI,11,2024,0.93
GLOBAL,LNDAGRFJIC04,WTREVTFJI,11,2025,0.93
GLOBAL,LNDAGRFJIC04,WTREVTFJI,11,2026,0.93
GLOBAL,LNDAGRFJIC04,WTREVTFJI,11,2027,0.93
GLOBAL,LNDAGRFJIC04,WTREVTFJI,11,2028,0.93
GLOBAL,LNDAGRFJIC04,WTREVTFJI,11,2029,0.93
GLOBAL,LNDAGRFJIC04,WTREVTFJI,11,2030,0.93
GLOBAL,LNDAGRFJIC04,WTREVTFJI,11,2031,0.93
GLOBAL,LNDAGRFJIC04,WTREVTFJI,11,2032,0.93
GLOBAL,LNDAGRFJIC04,WTREVTFJI,11,2033,0.93
GLOBAL,LNDAGRFJIC04,WTREVTFJI,11,2034,0.93
GLOBAL,LNDAGRFJIC04,WTREVTFJI,11,2035,0.93
GLOBAL,LNDAGRFJIC04,WTREVTFJI,11,2036,0.93
GLOBAL,LNDAGRFJIC04,WTREVTFJI,11,2037,0.93
GLOBAL,LNDAGRFJIC04,WTREVTFJI,11,2038,0.93
GLOBAL,LNDAGRFJIC04,WTREVTFJI,11,2039,0.93
GLOBAL,LNDAGRFJIC04,WTREVTFJI,11,2040,0.93
GLOBAL,LNDAGRFJIC04,WTREVTFJI,11,2041,0.93
GLOBAL,LNDAGRFJIC04,WTREVTFJI,11,2042,0.93
GLOBAL,LNDAGRFJIC04,WTREVTFJI,11,2043,0.93
GLOBAL,LNDAGRFJIC04,WTREVTFJI,11,2044,0.93
GLOBAL,LNDAGRFJIC04,WTREVTFJI,11,2045,0.93
GLOBAL,LNDAGRFJIC04,WTREVTFJI,11,2046,0.93
GLOBAL,LNDAGRFJIC04,WTREVTFJI,11,2047,0.93
GLOBAL,LNDAGRFJIC04,WTREVTFJI,11,2048,0.93
GLOBAL,LNDAGRFJIC04,WTREVTFJI,11,2049,0.93
GLOBAL,LNDAGRFJIC04,WTREVTFJI,11,2050,0.93
GLOBAL,LNDAGRFJIC04,WTRGRCFJI,11,2020,0.060
GLOBAL,LNDAGRFJIC04,WTRGRCFJI,11,2021,0.060
GLOBAL,LNDAGRFJIC04,WTRGRCFJI,11,2022,0.060
GLOBAL,LNDAGRFJIC04,WTRGRCFJI,11,2023,0.060
GLOBAL,LNDAGRFJIC04,WTRGRCFJI,11,2024,0.060
GLOBAL,LNDAGRFJIC04,WTRGRCFJI,11,2025,0.060
GLOBAL,LNDAGRFJIC04,WTRGRCFJI,11,2026,0.060
GLOBAL,LNDAGRFJIC04,WTRGRCFJI,11,2027,0.060
GLOBAL,LNDAGRFJIC04,WTRGRCFJI,11,2028,0.060
GLOBAL,LNDAGRFJIC04,WTRGRCFJI,11,2029,0.060
GLOBAL,LNDAGRFJIC04,WTRGRCFJI,11,2030,0.060
GLOBAL,LNDAGRFJIC04,WTRGRCFJI,11,2031,0.060
GLOBAL,LNDAGRFJIC04,WTRGRCFJI,11,2032,0.060
GLOBAL,LNDAGRFJIC04,WTRGRCFJI,11,2033,0.060
GLOBAL,LNDAGRFJIC04,WTRGRCFJI,11,2034,0.060
GLOBAL,LNDAGRFJIC04,WTRGRCFJI,11,2035,0.060
GLOBAL,LNDAGRFJIC04,WTRGRCFJI,11,2036,0.060
GLOBAL,LNDAGRFJIC04,WTRGRCFJI,11,2037,0.060
GLOBAL,LNDAGRFJIC04,WTRGRCFJI,11,2038,0.060
GLOBAL,LNDAGRFJIC04,WTRGRCFJI,11,2039,0.060
GLOBAL,LNDAGRFJIC04,WTRGRCFJI,11,2040,0.060
GLOBAL,LNDAGRFJIC04,WTRGRCFJI,11,2041,0.060
GLOBAL,LNDAGRFJIC04,WTRGRCFJI,11,2042,0.060
GLOBAL,LNDAGRFJIC04,WTRGRCFJI,11,2043,0.060
GLOBAL,LNDAGRFJIC04,WTRGRCFJI,11,2044,0.060
GLOBAL,LNDAGRFJIC04,WTRGRCFJI,11,2045,0.060
GLOBAL,LNDAGRFJIC04,WTRGRCFJI,11,2046,0.060
GLOBAL,LNDAGRFJIC04,WTRGRCFJI,11,2047,0.060
GLOBAL,LNDAGRFJIC04,WTRGRCFJI,11,2048,0.060
GLOBAL,LNDAGRFJIC04,WTRGRCFJI,11,2049,0.060
GLOBAL,LNDAGRFJIC04,WTRGRCFJI,11,2050,0.060
GLOBAL,LNDAGRFJIC04,WTRSURFJI,11,2020,1.1
GLOBAL,LNDAGRFJIC04,WTRSURFJI,11,2021,1.1
GLOBAL,LNDAGRFJIC04,WTRSURFJI,11,2022,1.1
GLOBAL,LNDAGRFJIC04,WTRSURFJI,11,2023,1.1
GLOBAL,LNDAGRFJIC04,WTRSURFJI,11,2024,1.1
GLOBAL,LNDAGRFJIC04,WTRSURFJI,11,2025,1.1
GLOBAL,LNDAGRFJIC04,WTRSURFJI,11,2026,1.1
GLOBAL,LNDAGRFJIC04,WTRSURFJI,11,2027,1.1
GLOBAL,LNDAGRFJIC04,WTRSURFJI,11,2028,1.1
GLOBAL,LNDAGRFJIC04,WTRSURFJI,11,2029,1.1
GLOBAL,LNDAGRFJIC04,WTRSURFJI,11,2030,1.1
GLOBAL,LNDAGRFJIC04,WTRSURFJI,11,2031,1.1
GLOBAL,LNDAGRFJIC04,WTRSURFJI,11,2032,1.1
GLOBAL,LNDAGRFJIC04,WTRSURFJI,11,2033,1.1
GLOBAL,LNDAGRFJIC04,WTRSURFJI,11,2034,1.1
GLOBAL,LNDAGRFJIC04,WTRSURFJI,11,2035,1.1
GLOBAL,LNDAGRFJIC04,WTRSURFJI,11,2036,1.1
GLOBAL,LNDAGRFJIC04,WTRSURFJI,11,2037,1.1
GLOBAL,LNDAGRFJIC04,WTRSURFJI,11,2038,1.1
GLOBAL,LNDAGRFJIC04,WTRSURFJI,11,2039,1.1
GLOBAL,LNDAGRFJIC04,WTRSURFJI,11,2040,1.1
GLOBAL,LNDAGRFJIC04,WTRSURFJI,11,2041,1.1
GLOBAL,LNDAGRFJIC04,WTRSURFJI,11,2042,1.1
GLOBAL,LNDAGRFJIC04,WTRSURFJI,11,2043,1.1
GLOBAL,LNDAGRFJIC04,WTRSURFJI,11,2044,1.1
GLOBAL,LNDAGRFJIC04,WTRSURFJI,11,2045,1.1
GLOBAL,LNDAGRFJIC04,WTRSURFJI,11,2046,1.1
GLOBAL,LNDAGRFJIC04,WTRSURFJI,11,2047,1.1
GLOBAL,LNDAGRFJIC04,WTRSURFJI,11,2048,1.1
GLOBAL,LNDAGRFJIC04,WTRSURFJI,11,2049,1.1
GLOBAL,LNDAGRFJIC04,WTRSURFJI,11,2050,1.1
GLOBAL,LNDAGRFJIC04,CRPYAM,12,2020,0.91
GLOBAL,LNDAGRFJIC04,CRPYAM,12,2021,0.91
GLOBAL,LNDAGRFJIC04,CRPYAM,12,2022,0.91
GLOBAL,LNDAGRFJIC04,CRPYAM,12,2023,0.91
GLOBAL,LNDAGRFJIC04,CRPYAM,12,2024,0.91
GLOBAL,LNDAGRFJIC04,CRPYAM,12,2025,0.91
GLOBAL,LNDAGRFJIC04,CRPYAM,12,2026,0.91
GLOBAL,LNDAGRFJIC04,CRPYAM,12,2027,0.91
GLOBAL,LNDAGRFJIC04,CRPYAM,12,2028,0.91
GLOBAL,LNDAGRFJIC04,CRPYAM,12,2029,0.91
GLOBAL,LNDAGRFJIC04,CRPYAM,12,2030,0.91
GLOBAL,LNDAGRFJIC04,CRPYAM,12,2031,0.91
GLOBAL,LNDAGRFJIC04,CRPYAM,12,2032,0.91
GLOBAL,LNDAGRFJIC04,CRPYAM,12,2033,0.91
GLOBAL,LNDAGRFJIC04,CRPYAM,12,2034,0.91
GLOBAL,LNDAGRFJIC04,CRPYAM,12,2035,0.91
GLOBAL,LNDAGRFJIC04,CRPYAM,12,2036,0.91
GLOBAL,LNDAGRFJIC04,CRPYAM,12,2037,0.91
GLOBAL,LNDAGRFJIC04,CRPYAM,12,2038,0.91
GLOBAL,LNDAGRFJIC04,CRPYAM,12,2039,0.91
GLOBAL,LNDAGRFJIC04,CRPYAM,12,2040,0.91
GLOBAL,LNDAGRFJIC04,CRPYAM,12,2041,0.91
GLOBAL,LNDAGRFJIC04,CRPYAM,12,2042,0.91
GLOBAL,LNDAGRFJIC04,CRPYAM,12,2043,0.91
GLOBAL,LNDAGRFJIC04,CRPYAM,12,2044,0.91
GLOBAL,LNDAGRFJIC04,CRPYAM,12,2045,0.91
GLOBAL,LNDAGRFJIC04,CRPYAM,12,2046,0.91
GLOBAL,LNDAGRFJIC04,CRPYAM,12,2047,0.91
GLOBAL,LNDAGRFJIC04,CRPYAM,12,2048,0.91
GLOBAL,LNDAGRFJIC04,CRPYAM,12,2049,0.91
GLOBAL,LNDAGRFJIC04,CRPYAM,12,2050,0.91
GLOBAL,LNDAGRFJIC04,WTREVTFJI,12,2020,0.85
GLOBAL,LNDAGRFJIC04,WTREVTFJI,12,2021,0.85
GLOBAL,LNDAGRFJIC04,WTREVTFJI,12,2022,0.85
GLOBAL,LNDAGRFJIC04,WTREVTFJI,12,2023,0.85
GLOBAL,LNDAGRFJIC04,WTREVTFJI,12,2024,0.85
GLOBAL,LNDAGRFJIC04,WTREVTFJI,12,2025,0.85
GLOBAL,LNDAGRFJIC04,WTREVTFJI,12,2026,0.85
GLOBAL,LNDAGRFJIC04,WTREVTFJI,12,2027,0.85
GLOBAL,LNDAGRFJIC04,WTREVTFJI,12,2028,0.85
GLOBAL,LNDAGRFJIC04,WTREVTFJI,12,2029,0.85
GLOBAL,LNDAGRFJIC04,WTREVTFJI,12,2030,0.85
GLOBAL,LNDAGRFJIC04,WTREVTFJI,12,2031,0.85
GLOBAL,LNDAGRFJIC04,WTREVTFJI,12,2032,0.85
GLOBAL,LNDAGRFJIC04,WTREVTFJI,12,2033,0.85
GLOBAL,LNDAGRFJIC04,WTREVTFJI,12,2034,0.85
GLOBAL,LNDAGRFJIC04,WTREVTFJI,12,2035,0.85
GLOBAL,LNDAGRFJIC04,WTREVTFJI,12,2036,0.85
GLOBAL,LNDAGRFJIC04,WTREVTFJI,12,2037,0.85
GLOBAL,LNDAGRFJIC04,WTREVTFJI,12,2038,0.85
GLOBAL,LNDAGRFJIC04,WTREVTFJI,12,2039,0.85
GLOBAL,LNDAGRFJIC04,WTREVTFJI,12,2040,0.85
GLOBAL,LNDAGRFJIC04,WTREVTFJI,12,2041,0.85
GLOBAL,LNDAGRFJIC04,WTREVTFJI,12,2042,0.85
GLOBAL,LNDAGRFJIC04,WTREVTFJI,12,2043,0.85
GLOBAL,LNDAGRFJIC04,WTREVTFJI,12,2044,0.85
GLOBAL,LNDAGRFJIC04,WTREVTFJI,12,2045,0.85
GLOBAL,LNDAGRFJIC04,WTREVTFJI,12,2046,0.85
GLOBAL,LNDAGRFJIC04,WTREVTFJI,12,2047,0.85
GLOBAL,LNDAGRFJIC04,WTREVTFJI,12,2048,0.85
GLOBAL,LNDAGRFJIC04,WTREVTFJI,12,2049,0.85
GLOBAL,LNDAGRFJIC04,WTREVTFJI,12,2050,0.85
GLOBAL,LNDAGRFJIC04,WTRGRCFJI,12,2020,0.065
GLOBAL,LNDAGRFJIC04,WTRGRCFJI,12,2021,0.065
GLOBAL,LNDAGRFJIC04,WTRGRCFJI,12,2022,0.065
GLOBAL,LNDAGRFJIC04,WTRGRCFJI,12,2023,0.065
GLOBAL,LNDAGRFJIC04,WTRGRCFJI,12,2024,0.065
GLOBAL,LNDAGRFJIC04,WTRGRCFJI,12,2025,0.065
GLOBAL,LNDAGRFJIC04,WTRGRCFJI,12,2026,0.065
GLOBAL,LNDAGRFJIC04,WTRGRCFJI,12,2027,0.065
GLOBAL,LNDAGRFJIC04,WTRGRCFJI,12,2028,0.065
GLOBAL,LNDAGRFJIC04,WTRGRCFJI,12,2029,0.065
GLOBAL,LNDAGRFJIC04,WTRGRCFJI,12,2030,0.065
GLOBAL,LNDAGRFJIC04,WTRGRCFJI,12,2031,0.065
GLOBAL,LNDAGRFJIC04,WTRGRCFJI,12,2032,0.065
GLOBAL,LNDAGRFJIC04,WTRGRCFJI,12,2033,0.065
GLOBAL,LNDAGRFJIC04,WTRGRCFJI,12,2034,0.065
GLOBAL,LNDAGRFJIC04,WTRGRCFJI,12,2035,0.065
GLOBAL,LNDAGRFJIC04,WTRGRCFJI,12,2036,0.065
GLOBAL,LNDAGRFJIC04,WTRGRCFJI,12,2037,0.065
GLOBAL,LNDAGRFJIC04,WTRGRCFJI,12,2038,0.065
GLOBAL,LNDAGRFJIC04,WTRGRCFJI,12,2039,0.065
GLOBAL,LNDAGRFJIC04,WTRGRCFJI,12,2040,0.065
GLOBAL,LNDAGRFJIC04,WTRGRCFJI,12,2041,0.065
GLOBAL,LNDAGRFJIC04,WTRGRCFJI,12,2042,0.065
GLOBAL,LNDAGRFJIC04,WTRGRCFJI,12,2043,0.065
GLOBAL,LNDAGRFJIC04,WTRGRCFJI,12,2044,0.065
GLOBAL,LNDAGRFJIC04,WTRGRCFJI,12,2045,0.065
GLOBAL,LNDAGRFJIC04,WTRGRCFJI,12,2046,0.065
GLOBAL,LNDAGRFJIC04,WTRGRCFJI,12,2047,0.065
GLOBAL,LNDAGRFJIC04,WTRGRCFJI,12,2048,0.065
GLOBAL,LNDAGRFJIC04,WTRGRCFJI,12,2049,0.065
GLOBAL,LNDAGRFJIC04,WTRGRCFJI,12,2050,0.065
GLOBAL,LNDAGRFJIC04,WTRSURFJI,12,2020,1.2
GLOBAL,LNDAGRFJIC04,WTRSURFJI,12,2021,1.2
GLOBAL,LNDAGRFJIC04,WTRSURFJI,12,2022,1.2
GLOBAL,LNDAGRFJIC04,WTRSURFJI,12,2023,1.2
GLOBAL,LNDAGRFJIC04,WTRSURFJI,12,2024,1.2
GLOBAL,LNDAGRFJIC04,WTRSURFJI,12,2025,1.2
GLOBAL,LNDAGRFJIC04,WTRSURFJI,12,2026,1.2
GLOBAL,LNDAGRFJIC04,WTRSURFJI,12,2027,1.2
GLOBAL,LNDAGRFJIC04,WTRSURFJI,12,2028,1.2
GLOBAL,LNDAGRFJIC04,WTRSURFJI,12,2029,1.2
GLOBAL,LNDAGRFJIC04,WTRSURFJI,12,2030,1.2
GLOBAL,LNDAGRFJIC04,WTRSURFJI,12,2031,1.2
GLOBAL,LNDAGRFJIC04,WTRSURFJI,12,2032,1.2
GLOBAL,LNDAGRFJIC04,WTRSURFJI,12,2033,1.2
GLOBAL,LNDAGRFJIC04,WTRSURFJI,12,2034,1.2
GLOBAL,LNDAGRFJIC04,WTRSURFJI,12,2035,1.2
GLOBAL,LNDAGRFJIC04,WTRSURFJI,12,2036,1.2
GLOBAL,LNDAGRFJIC04,WTRSURFJI,12,2037,1.2
GLOBAL,LNDAGRFJIC04,WTRSURFJI,12,2038,1.2
GLOBAL,LNDAGRFJIC04,WTRSURFJI,12,2039,1.2
GLOBAL,LNDAGRFJIC04,WTRSURFJI,12,2040,1.2
GLOBAL,LNDAGRFJIC04,WTRSURFJI,12,2041,1.2
GLOBAL,LNDAGRFJIC04,WTRSURFJI,12,2042,1.2
GLOBAL,LNDAGRFJIC04,WTRSURFJI,12,2043,1.2
GLOBAL,LNDAGRFJIC04,WTRSURFJI,12,2044,1.2
GLOBAL,LNDAGRFJIC04,WTRSURFJI,12,2045,1.2
GLOBAL,LNDAGRFJIC04,WTRSURFJI,12,2046,1.2
GLOBAL,LNDAGRFJIC04,WTRSURFJI,12,2047,1.2
GLOBAL,LNDAGRFJIC04,WTRSURFJI,12,2048,1.2
GLOBAL,LNDAGRFJIC04,WTRSURFJI,12,2049,1.2
GLOBAL,LNDAGRFJIC04,WTRSURFJI,12,2050,1.2
GLOBAL,LNDAGRFJIC04,CRPCAS,13,2020,0.24
GLOBAL,LNDAGRFJIC04,CRPCAS,13,2021,0.24
GLOBAL,LNDAGRFJIC04,CRPCAS,13,2022,0.24
GLOBAL,LNDAGRFJIC04,CRPCAS,13,2023,0.24
GLOBAL,LNDAGRFJIC04,CRPCAS,13,2024,0.24
GLOBAL,LNDAGRFJIC04,CRPCAS,13,2025,0.24
GLOBAL,LNDAGRFJIC04,CRPCAS,13,2026,0.24
GLOBAL,LNDAGRFJIC04,CRPCAS,13,2027,0.24
GLOBAL,LNDAGRFJIC04,CRPCAS,13,2028,0.24
GLOBAL,LNDAGRFJIC04,CRPCAS,13,2029,0.24
GLOBAL,LNDAGRFJIC04,CRPCAS,13,2030,0.24
GLOBAL,LNDAGRFJIC04,CRPCAS,13,2031,0.24
GLOBAL,LNDAGRFJIC04,CRPCAS,13,2032,0.24
GLOBAL,LNDAGRFJIC04,CRPCAS,13,2033,0.24
GLOBAL,LNDAGRFJIC04,CRPCAS,13,2034,0.24
GLOBAL,LNDAGRFJIC04,CRPCAS,13,2035,0.24
GLOBAL,LNDAGRFJIC04,CRPCAS,13,2036,0.24
GLOBAL,LNDAGRFJIC04,CRPCAS,13,2037,0.24
GLOBAL,LNDAGRFJIC04,CRPCAS,13,2038,0.24
GLOBAL,LNDAGRFJIC04,CRPCAS,13,2039,0.24
GLOBAL,LNDAGRFJIC04,CRPCAS,13,2040,0.24
GLOBAL,LNDAGRFJIC04,CRPCAS,13,2041,0.24
GLOBAL,LNDAGRFJIC04,CRPCAS,13,2042,0.24
GLOBAL,LNDAGRFJIC04,CRPCAS,13,2043,0.24
GLOBAL,LNDAGRFJIC04,CRPCAS,13,2044,0.24
GLOBAL,LNDAGRFJIC04,CRPCAS,13,2045,0.24
GLOBAL,LNDAGRFJIC04,CRPCAS,13,2046,0.24
GLOBAL,LNDAGRFJIC04,CRPCAS,13,2047,0.24
GLOBAL,LNDAGRFJIC04,CRPCAS,13,2048,0.24
GLOBAL,LNDAGRFJIC04,CRPCAS,13,2049,0.24
GLOBAL,LNDAGRFJIC04,CRPCAS,13,2050,0.24
GLOBAL,LNDAGRFJIC04,WTREVTFJI,13,2020,0.62
GLOBAL,LNDAGRFJIC04,WTREVTFJI,13,2021,0.62
GLOBAL,LNDAGRFJIC04,WTREVTFJI,13,2022,0.62
GLOBAL,LNDAGRFJIC04,WTREVTFJI,13,2023,0.62
GLOBAL,LNDAGRFJIC04,WTREVTFJI,13,2024,0.62
GLOBAL,LNDAGRFJIC04,WTREVTFJI,13,2025,0.62
GLOBAL,LNDAGRFJIC04,WTREVTFJI,13,2026,0.62
GLOBAL,LNDAGRFJIC04,WTREVTFJI,13,2027,0.62
GLOBAL,LNDAGRFJIC04,WTREVTFJI,13,2028,0.62
GLOBAL,LNDAGRFJIC04,WTREVTFJI,13,2029,0.62
GLOBAL,LNDAGRFJIC04,WTREVTFJI,13,2030,0.62
GLOBAL,LNDAGRFJIC04,WTREVTFJI,13,2031,0.62
GLOBAL,LNDAGRFJIC04,WTREVTFJI,13,2032,0.62
GLOBAL,LNDAGRFJIC04,WTREVTFJI,13,2033,0.62
GLOBAL,LNDAGRFJIC04,WTREVTFJI,13,2034,0.62
GLOBAL,LNDAGRFJIC04,WTREVTFJI,13,2035,0.62
GLOBAL,LNDAGRFJIC04,WTREVTFJI,13,2036,0.62
GLOBAL,LNDAGRFJIC04,WTREVTFJI,13,2037,0.62
GLOBAL,LNDAGRFJIC04,WTREVTFJI,13,2038,0.62
GLOBAL,LNDAGRFJIC04,WTREVTFJI,13,2039,0.62
GLOBAL,LNDAGRFJIC04,WTREVTFJI,13,2040,0.62
GLOBAL,LNDAGRFJIC04,WTREVTFJI,13,2041,0.62
GLOBAL,LNDAGRFJIC04,WTREVTFJI,13,2042,0.62
GLOBAL,LNDAGRFJIC04,WTREVTFJI,13,2043,0.62
GLOBAL,LNDAGRFJIC04,WTREVTFJI,13,2044,0.62
GLOBAL,LNDAGRFJIC04,WTREVTFJI,13,2045,0.62
GLOBAL,LNDAGRFJIC04,WTREVTFJI,13,2046,0.62
GLOBAL,LNDAGRFJIC04,WTREVTFJI,13,2047,0.62
GLOBAL,LNDAGRFJIC04,WTREVTFJI,13,2048,0.62
GLOBAL,LNDAGRFJIC04,WTREVTFJI,13,2049,0.62
GLOBAL,LNDAGRFJIC04,WTREVTFJI,13,2050,0.62
GLOBAL,LNDAGRFJIC04,WTRGRCFJI,13,2020,0.076
GLOBAL,LNDAGRFJIC04,WTRGRCFJI,13,2021,0.076
GLOBAL,LNDAGRFJIC04,WTRGRCFJI,13,2022,0.076
GLOBAL,LNDAGRFJIC04,WTRGRCFJI,13,2023,0.076
GLOBAL,LNDAGRFJIC04,WTRGRCFJI,13,2024,0.076
GLOBAL,LNDAGRFJIC04,WTRGRCFJI,13,2025,0.076
GLOBAL,LNDAGRFJIC04,WTRGRCFJI,13,2026,0.076
GLOBAL,LNDAGRFJIC04,WTRGRCFJI,13,2027,0.076
GLOBAL,LNDAGRFJIC04,WTRGRCFJI,13,2028,0.076
GLOBAL,LNDAGRFJIC04,WTRGRCFJI,13,2029,0.076
GLOBAL,LNDAGRFJIC04,WTRGRCFJI,13,2030,0.076
GLOBAL,LNDAGRFJIC04,WTRGRCFJI,13,2031,0.076
GLOBAL,LNDAGRFJIC04,WTRGRCFJI,13,2032,0.076
GLOBAL,LNDAGRFJIC04,WTRGRCFJI,13,2033,0.076
GLOBAL,LNDAGRFJIC04,WTRGRCFJI,13,2034,0.076
GLOBAL,LNDAGRFJIC04,WTRGRCFJI,13,2035,0.076
GLOBAL,LNDAGRFJIC04,WTRGRCFJI,13,2036,0.076
GLOBAL,LNDAGRFJIC04,WTRGRCFJI,13,2037,0.076
GLOBAL,LNDAGRFJIC04,WTRGRCFJI,13,2038,0.076
GLOBAL,LNDAGRFJIC04,WTRGRCFJI,13,2039,0.076
GLOBAL,LNDAGRFJIC04,WTRGRCFJI,13,2040,0.076
GLOBAL,LNDAGRFJIC04,WTRGRCFJI,13,2041,0.076
GLOBAL,LNDAGRFJIC04,WTRGRCFJI,13,2042,0.076
GLOBAL,LNDAGRFJIC04,WTRGRCFJI,13,2043,0.076
GLOBAL,LNDAGRFJIC04,WTRGRCFJI,13,2044,0.076
GLOBAL,LNDAGRFJIC04,WTRGRCFJI,13,2045,0.076
GLOBAL,LNDAGRFJIC04,WTRGRCFJI,13,2046,0.076
GLOBAL,LNDAGRFJIC04,WTRGRCFJI,13,2047,0.076
GLOBAL,LNDAGRFJIC04,WTRGRCFJI,13,2048,0.076
GLOBAL,LNDAGRFJIC04,WTRGRCFJI,13,2049,0.076
GLOBAL,LNDAGRFJIC04,WTRGRCFJI,13,2050,0.076
GLOBAL,LNDAGRFJIC04,WTRSURFJI,13,2020,1.4
GLOBAL,LNDAGRFJIC04,WTRSURFJI,13,2021,1.4
GLOBAL,LNDAGRFJIC04,WTRSURFJI,13,2022,1.4
GLOBAL,LNDAGRFJIC04,WTRSURFJI,13,2023,1.4
GLOBAL,LNDAGRFJIC04,WTRSURFJI,13,2024,1.4
GLOBAL,LNDAGRFJIC04,WTRSURFJI,13,2025,1.4
GLOBAL,LNDAGRFJIC04,WTRSURFJI,13,2026,1.4
GLOBAL,LNDAGRFJIC04,WTRSURFJI,13,2027,1.4
GLOBAL,LNDAGRFJIC04,WTRSURFJI,13,2028,1.4
GLOBAL,LNDAGRFJIC04,WTRSURFJI,13,2029,1.4
GLOBAL,LNDAGRFJIC04,WTRSURFJI,13,2030,1.4
GLOBAL,LNDAGRFJIC04,WTRSURFJI,13,2031,1.4
GLOBAL,LNDAGRFJIC04,WTRSURFJI,13,2032,1.4
GLOBAL,LNDAGRFJIC04,WTRSURFJI,13,2033,1.4
GLOBAL,LNDAGRFJIC04,WTRSURFJI,13,2034,1.4
GLOBAL,LNDAGRFJIC04,WTRSURFJI,13,2035,1.4
GLOBAL,LNDAGRFJIC04,WTRSURFJI,13,2036,1.4
GLOBAL,LNDAGRFJIC04,WTRSURFJI,13,2037,1.4
GLOBAL,LNDAGRFJIC04,WTRSURFJI,13,2038,1.4
GLOBAL,LNDAGRFJIC04,WTRSURFJI,13,2039,1.4
GLOBAL,LNDAGRFJIC04,WTRSURFJI,13,2040,1.4
GLOBAL,LNDAGRFJIC04,WTRSURFJI,13,2041,1.4
GLOBAL,LNDAGRFJIC04,WTRSURFJI,13,2042,1.4
GLOBAL,LNDAGRFJIC04,WTRSURFJI,13,2043,1.4
GLOBAL,LNDAGRFJIC04,WTRSURFJI,13,2044,1.4
GLOBAL,LNDAGRFJIC04,WTRSURFJI,13,2045,1.4
GLOBAL,LNDAGRFJIC04,WTRSURFJI,13,2046,1.4
GLOBAL,LNDAGRFJIC04,WTRSURFJI,13,2047,1.4
GLOBAL,LNDAGRFJIC04,WTRSURFJI,13,2048,1.4
GLOBAL,LNDAGRFJIC04,WTRSURFJI,13,2049,1.4
GLOBAL,LNDAGRFJIC04,WTRSURFJI,13,2050,1.4
GLOBAL,LNDAGRFJIC04,CRPYAM,14,2020,0.91
GLOBAL,LNDAGRFJIC04,CRPYAM,14,2021,0.91
GLOBAL,LNDAGRFJIC04,CRPYAM,14,2022,0.91
GLOBAL,LNDAGRFJIC04,CRPYAM,14,2023,0.91
GLOBAL,LNDAGRFJIC04,CRPYAM,14,2024,0.91
GLOBAL,LNDAGRFJIC04,CRPYAM,14,2025,0.91
GLOBAL,LNDAGRFJIC04,CRPYAM,14,2026,0.91
GLOBAL,LNDAGRFJIC04,CRPYAM,14,2027,0.91
GLOBAL,LNDAGRFJIC04,CRPYAM,14,2028,0.91
GLOBAL,LNDAGRFJIC04,CRPYAM,14,2029,0.91
GLOBAL,LNDAGRFJIC04,CRPYAM,14,2030,0.91
GLOBAL,LNDAGRFJIC04,CRPYAM,14,2031,0.91
GLOBAL,LNDAGRFJIC04,CRPYAM,14,2032,0.91
GLOBAL,LNDAGRFJIC04,CRPYAM,14,2033,0.91
GLOBAL,LNDAGRFJIC04,CRPYAM,14,2034,0.91
GLOBAL,LNDAGRFJIC04,CRPYAM,14,2035,0.91
GLOBAL,LNDAGRFJIC04,CRPYAM,14,2036,0.91
GLOBAL,LNDAGRFJIC04,CRPYAM,14,2037,0.91
GLOBAL,LNDAGRFJIC04,CRPYAM,14,2038,0.91
GLOBAL,LNDAGRFJIC04,CRPYAM,14,2039,0.91
GLOBAL,LNDAGRFJIC04,CRPYAM,14,2040,0.91
GLOBAL,LNDAGRFJIC04,CRPYAM,14,2041,0.91
GLOBAL,LNDAGRFJIC04,CRPYAM,14,2042,0.91
GLOBAL,LNDAGRFJIC04,CRPYAM,14,2043,0.91
GLOBAL,LNDAGRFJIC04,CRPYAM,14,2044,0.91
GLOBAL,LNDAGRFJIC04,CRPYAM,14,2045,0.91
GLOBAL,LNDAGRFJIC04,CRPYAM,14,2046,0.91
GLOBAL,LNDAGRFJIC04,CRPYAM,14,2047,0.91
GLOBAL,LNDAGRFJIC04,CRPYAM,14,2048,0.91
GLOBAL,LNDAGRFJIC04,CRPYAM,14,2049,0.91
GLOBAL,LNDAGRFJIC04,CRPYAM,14,2050,0.91
GLOBAL,LNDAGRFJIC04,WTREVTFJI,14,2020,1.0
GLOBAL,LNDAGRFJIC04,WTREVTFJI,14,2021,1.0
GLOBAL,LNDAGRFJIC04,WTREVTFJI,14,2022,1.0
GLOBAL,LNDAGRFJIC04,WTREVTFJI,14,2023,1.0
GLOBAL,LNDAGRFJIC04,WTREVTFJI,14,2024,1.0
GLOBAL,LNDAGRFJIC04,WTREVTFJI,14,2025,1.0
GLOBAL,LNDAGRFJIC04,WTREVTFJI,14,2026,1.0
GLOBAL,LNDAGRFJIC04,WTREVTFJI,14,2027,1.0
GLOBAL,LNDAGRFJIC04,WTREVTFJI,14,2028,1.0
GLOBAL,LNDAGRFJIC04,WTREVTFJI,14,2029,1.0
GLOBAL,LNDAGRFJIC04,WTREVTFJI,14,2030,1.0
GLOBAL,LNDAGRFJIC04,WTREVTFJI,14,2031,1.0
GLOBAL,LNDAGRFJIC04,WTREVTFJI,14,2032,1.0
GLOBAL,LNDAGRFJIC04,WTREVTFJI,14,2033,1.0
GLOBAL,LNDAGRFJIC04,WTREVTFJI,14,2034,1.0
GLOBAL,LNDAGRFJIC04,WTREVTFJI,14,2035,1.0
GLOBAL,LNDAGRFJIC04,WTREVTFJI,14,2036,1.0
GLOBAL,LNDAGRFJIC04,WTREVTFJI,14,2037,1.0
GLOBAL,LNDAGRFJIC04,WTREVTFJI,14,2038,1.0
GLOBAL,LNDAGRFJIC04,WTREVTFJI,14,2039,1.0
GLOBAL,LNDAGRFJIC04,WTREVTFJI,14,2040,1.0
GLOBAL,LNDAGRFJIC04,WTREVTFJI,14,2041,1.0
GLOBAL,LNDAGRFJIC04,WTREVTFJI,14,2042,1.0
GLOBAL,LNDAGRFJIC04,WTREVTFJI,14,2043,1.0
GLOBAL,LNDAGRFJIC04,WTREVTFJI,14,2044,1.0
GLOBAL,LNDAGRFJIC04,WTREVTFJI,14,2045,1.0
GLOBAL,LNDAGRFJIC04,WTREVTFJI,14,2046,1.0
GLOBAL,LNDAGRFJIC04,WTREVTFJI,14,2047,1.0
GLOBAL,LNDAGRFJIC04,WTREVTFJI,14,2048,1.0
GLOBAL,LNDAGRFJIC04,WTREVTFJI,14,2049,1.0
GLOBAL,LNDAGRFJIC04,WTREVTFJI,14,2050,1.0
GLOBAL,LNDAGRFJIC04,WTRGRCFJI,14,2020,0.056
GLOBAL,LNDAGRFJIC04,WTRGRCFJI,14,2021,0.056
GLOBAL,LNDAGRFJIC04,WTRGRCFJI,14,2022,0.056
GLOBAL,LNDAGRFJIC04,WTRGRCFJI,14,2023,0.056
GLOBAL,LNDAGRFJIC04,WTRGRCFJI,14,2024,0.056
GLOBAL,LNDAGRFJIC04,WTRGRCFJI,14,2025,0.056
GLOBAL,LNDAGRFJIC04,WTRGRCFJI,14,2026,0.056
GLOBAL,LNDAGRFJIC04,WTRGRCFJI,14,2027,0.056
GLOBAL,LNDAGRFJIC04,WTRGRCFJI,14,2028,0.056
GLOBAL,LNDAGRFJIC04,WTRGRCFJI,14,2029,0.056
GLOBAL,LNDAGRFJIC04,WTRGRCFJI,14,2030,0.056
GLOBAL,LNDAGRFJIC04,WTRGRCFJI,14,2031,0.056
GLOBAL,LNDAGRFJIC04,WTRGRCFJI,14,2032,0.056
GLOBAL,LNDAGRFJIC04,WTRGRCFJI,14,2033,0.056
GLOBAL,LNDAGRFJIC04,WTRGRCFJI,14,2034,0.056
GLOBAL,LNDAGRFJIC04,WTRGRCFJI,14,2035,0.056
GLOBAL,LNDAGRFJIC04,WTRGRCFJI,14,2036,0.056
GLOBAL,LNDAGRFJIC04,WTRGRCFJI,14,2037,0.056
GLOBAL,LNDAGRFJIC04,WTRGRCFJI,14,2038,0.056
GLOBAL,LNDAGRFJIC04,WTRGRCFJI,14,2039,0.056
GLOBAL,LNDAGRFJIC04,WTRGRCFJI,14,2040,0.056
GLOBAL,LNDAGRFJIC04,WTRGRCFJI,14,2041,0.056
GLOBAL,LNDAGRFJIC04,WTRGRCFJI,14,2042,0.056
GLOBAL,LNDAGRFJIC04,WTRGRCFJI,14,2043,0.056
GLOBAL,LNDAGRFJIC04,WTRGRCFJI,14,2044,0.056
GLOBAL,LNDAGRFJIC04,WTRGRCFJI,14,2045,0.056
GLOBAL,LNDAGRFJIC04,WTRGRCFJI,14,2046,0.056
GLOBAL,LNDAGRFJIC04,WTRGRCFJI,14,2047,0.056
GLOBAL,LNDAGRFJIC04,WTRGRCFJI,14,2048,0.056
GLOBAL,LNDAGRFJIC04,WTRGRCFJI,14,2049,0.056
GLOBAL,LNDAGRFJIC04,WTRGRCFJI,14,2050,0.056
GLOBAL,LNDAGRFJIC04,WTRSURFJI,14,2020,1.0
GLOBAL,LNDAGRFJIC04,WTRSURFJI,14,2021,1.0
GLOBAL,LNDAGRFJIC04,WTRSURFJI,14,2022,1.0
GLOBAL,LNDAGRFJIC04,WTRSURFJI,14,2023,1.0
GLOBAL,LNDAGRFJIC04,WTRSURFJI,14,2024,1.0
GLOBAL,LNDAGRFJIC04,WTRSURFJI,14,2025,1.0
GLOBAL,LNDAGRFJIC04,WTRSURFJI,14,2026,1.0
GLOBAL,LNDAGRFJIC04,WTRSURFJI,14,2027,1.0
GLOBAL,LNDAGRFJIC04,WTRSURFJI,14,2028,1.0
GLOBAL,LNDAGRFJIC04,WTRSURFJI,14,2029,1.0
GLOBAL,LNDAGRFJIC04,WTRSURFJI,14,2030,1.0
GLOBAL,LNDAGRFJIC04,WTRSURFJI,14,2031,1.0
GLOBAL,LNDAGRFJIC04,WTRSURFJI,14,2032,1.0
GLOBAL,LNDAGRFJIC04,WTRSURFJI,14,2033,1.0
GLOBAL,LNDAGRFJIC04,WTRSURFJI,14,2034,1.0
GLOBAL,LNDAGRFJIC04,WTRSURFJI,14,2035,1.0
GLOBAL,LNDAGRFJIC04,WTRSURFJI,14,2036,1.0
GLOBAL,LNDAGRFJIC04,WTRSURFJI,14,2037,1.0
GLOBAL,LNDAGRFJIC04,WTRSURFJI,14,2038,1.0
GLOBAL,LNDAGRFJIC04,WTRSURFJI,14,2039,1.0
GLOBAL,LNDAGRFJIC04,WTRSURFJI,14,2040,1.0
GLOBAL,LNDAGRFJIC04,WTRSURFJI,14,2041,1.0
GLOBAL,LNDAGRFJIC04,WTRSURFJI,14,2042,1.0
GLOBAL,LNDAGRFJIC04,WTRSURFJI,14,2043,1.0
GLOBAL,LNDAGRFJIC04,WTRSURFJI,14,2044,1.0
GLOBAL,LNDAGRFJIC04,WTRSURFJI,14,2045,1.0
GLOBAL,LNDAGRFJIC04,WTRSURFJI,14,2046,1.0
GLOBAL,LNDAGRFJIC04,WTRSURFJI,14,2047,1.0
GLOBAL,LNDAGRFJIC04,WTRSURFJI,14,2048,1.0
GLOBAL,LNDAGRFJIC04,WTRSURFJI,14,2049,1.0
GLOBAL,LNDAGRFJIC04,WTRSURFJI,14,2050,1.0
GLOBAL,LNDAGRFJIC04,CRPSGC,15,2020,1.1
GLOBAL,LNDAGRFJIC04,CRPSGC,15,2021,1.1
GLOBAL,LNDAGRFJIC04,CRPSGC,15,2022,1.1
GLOBAL,LNDAGRFJIC04,CRPSGC,15,2023,1.1
GLOBAL,LNDAGRFJIC04,CRPSGC,15,2024,1.1
GLOBAL,LNDAGRFJIC04,CRPSGC,15,2025,1.1
GLOBAL,LNDAGRFJIC04,CRPSGC,15,2026,1.1
GLOBAL,LNDAGRFJIC04,CRPSGC,15,2027,1.1
GLOBAL,LNDAGRFJIC04,CRPSGC,15,2028,1.1
GLOBAL,LNDAGRFJIC04,CRPSGC,15,2029,1.1
GLOBAL,LNDAGRFJIC04,CRPSGC,15,2030,1.1
GLOBAL,LNDAGRFJIC04,CRPSGC,15,2031,1.1
GLOBAL,LNDAGRFJIC04,CRPSGC,15,2032,1.1
GLOBAL,LNDAGRFJIC04,CRPSGC,15,2033,1.1
GLOBAL,LNDAGRFJIC04,CRPSGC,15,2034,1.1
GLOBAL,LNDAGRFJIC04,CRPSGC,15,2035,1.1
GLOBAL,LNDAGRFJIC04,CRPSGC,15,2036,1.1
GLOBAL,LNDAGRFJIC04,CRPSGC,15,2037,1.1
GLOBAL,LNDAGRFJIC04,CRPSGC,15,2038,1.1
GLOBAL,LNDAGRFJIC04,CRPSGC,15,2039,1.1
GLOBAL,LNDAGRFJIC04,CRPSGC,15,2040,1.1
GLOBAL,LNDAGRFJIC04,CRPSGC,15,2041,1.1
GLOBAL,LNDAGRFJIC04,CRPSGC,15,2042,1.1
GLOBAL,LNDAGRFJIC04,CRPSGC,15,2043,1.1
GLOBAL,LNDAGRFJIC04,CRPSGC,15,2044,1.1
GLOBAL,LNDAGRFJIC04,CRPSGC,15,2045,1.1
GLOBAL,LNDAGRFJIC04,CRPSGC,15,2046,1.1
GLOBAL,LNDAGRFJIC04,CRPSGC,15,2047,1.1
GLOBAL,LNDAGRFJIC04,CRPSGC,15,2048,1.1
GLOBAL,LNDAGRFJIC04,CRPSGC,15,2049,1.1
GLOBAL,LNDAGRFJIC04,CRPSGC,15,2050,1.1
GLOBAL,LNDAGRFJIC04,WTREVTFJI,15,2020,1.2
GLOBAL,LNDAGRFJIC04,WTREVTFJI,15,2021,1.2
GLOBAL,LNDAGRFJIC04,WTREVTFJI,15,2022,1.2
GLOBAL,LNDAGRFJIC04,WTREVTFJI,15,2023,1.2
GLOBAL,LNDAGRFJIC04,WTREVTFJI,15,2024,1.2
GLOBAL,LNDAGRFJIC04,WTREVTFJI,15,2025,1.2
GLOBAL,LNDAGRFJIC04,WTREVTFJI,15,2026,1.2
GLOBAL,LNDAGRFJIC04,WTREVTFJI,15,2027,1.2
GLOBAL,LNDAGRFJIC04,WTREVTFJI,15,2028,1.2
GLOBAL,LNDAGRFJIC04,WTREVTFJI,15,2029,1.2
GLOBAL,LNDAGRFJIC04,WTREVTFJI,15,2030,1.2
GLOBAL,LNDAGRFJIC04,WTREVTFJI,15,2031,1.2
GLOBAL,LNDAGRFJIC04,WTREVTFJI,15,2032,1.2
GLOBAL,LNDAGRFJIC04,WTREVTFJI,15,2033,1.2
GLOBAL,LNDAGRFJIC04,WTREVTFJI,15,2034,1.2
GLOBAL,LNDAGRFJIC04,WTREVTFJI,15,2035,1.2
GLOBAL,LNDAGRFJIC04,WTREVTFJI,15,2036,1.2
GLOBAL,LNDAGRFJIC04,WTREVTFJI,15,2037,1.2
GLOBAL,LNDAGRFJIC04,WTREVTFJI,15,2038,1.2
GLOBAL,LNDAGRFJIC04,WTREVTFJI,15,2039,1.2
GLOBAL,LNDAGRFJIC04,WTREVTFJI,15,2040,1.2
GLOBAL,LNDAGRFJIC04,WTREVTFJI,15,2041,1.2
GLOBAL,LNDAGRFJIC04,WTREVTFJI,15,2042,1.2
GLOBAL,LNDAGRFJIC04,WTREVTFJI,15,2043,1.2
GLOBAL,LNDAGRFJIC04,WTREVTFJI,15,2044,1.2
GLOBAL,LNDAGRFJIC04,WTREVTFJI,15,2045,1.2
GLOBAL,LNDAGRFJIC04,WTREVTFJI,15,2046,1.2
GLOBAL,LNDAGRFJIC04,WTREVTFJI,15,2047,1.2
GLOBAL,LNDAGRFJIC04,WTREVTFJI,15,2048,1.2
GLOBAL,LNDAGRFJIC04,WTREVTFJI,15,2049,1.2
GLOBAL,LNDAGRFJIC04,WTREVTFJI,15,2050,1.2
GLOBAL,LNDAGRFJIC04,WTRGRCFJI,15,2020,0.046
GLOBAL,LNDAGRFJIC04,WTRGRCFJI,15,2021,0.046
GLOBAL,LNDAGRFJIC04,WTRGRCFJI,15,2022,0.046
GLOBAL,LNDAGRFJIC04,WTRGRCFJI,15,2023,0.046
GLOBAL,LNDAGRFJIC04,WTRGRCFJI,15,2024,0.046
GLOBAL,LNDAGRFJIC04,WTRGRCFJI,15,2025,0.046
GLOBAL,LNDAGRFJIC04,WTRGRCFJI,15,2026,0.046
GLOBAL,LNDAGRFJIC04,WTRGRCFJI,15,2027,0.046
GLOBAL,LNDAGRFJIC04,WTRGRCFJI,15,2028,0.046
GLOBAL,LNDAGRFJIC04,WTRGRCFJI,15,2029,0.046
GLOBAL,LNDAGRFJIC04,WTRGRCFJI,15,2030,0.046
GLOBAL,LNDAGRFJIC04,WTRGRCFJI,15,2031,0.046
GLOBAL,LNDAGRFJIC04,WTRGRCFJI,15,2032,0.046
GLOBAL,LNDAGRFJIC04,WTRGRCFJI,15,2033,0.046
GLOBAL,LNDAGRFJIC04,WTRGRCFJI,15,2034,0.046
GLOBAL,LNDAGRFJIC04,WTRGRCFJI,15,2035,0.046
GLOBAL,LNDAGRFJIC04,WTRGRCFJI,15,2036,0.046
GLOBAL,LNDAGRFJIC04,WTRGRCFJI,15,2037,0.046
GLOBAL,LNDAGRFJIC04,WTRGRCFJI,15,2038,0.046
GLOBAL,LNDAGRFJIC04,WTRGRCFJI,15,2039,0.046
GLOBAL,LNDAGRFJIC04,WTRGRCFJI,15,2040,0.046
GLOBAL,LNDAGRFJIC04,WTRGRCFJI,15,2041,0.046
GLOBAL,LNDAGRFJIC04,WTRGRCFJI,15,2042,0.046
GLOBAL,LNDAGRFJIC04,WTRGRCFJI,15,2043,0.046
GLOBAL,LNDAGRFJIC04,WTRGRCFJI,15,2044,0.046
GLOBAL,LNDAGRFJIC04,WTRGRCFJI,15,2045,0.046
GLOBAL,LNDAGRFJIC04,WTRGRCFJI,15,2046,0.046
GLOBAL,LNDAGRFJIC04,WTRGRCFJI,15,2047,0.046
GLOBAL,LNDAGRFJIC04,WTRGRCFJI,15,2048,0.046
GLOBAL,LNDAGRFJIC04,WTRGRCFJI,15,2049,0.046
GLOBAL,LNDAGRFJIC04,WTRGRCFJI,15,2050,0.046
GLOBAL,LNDAGRFJIC04,WTRSURFJI,15,2020,0.85
GLOBAL,LNDAGRFJIC04,WTRSURFJI,15,2021,0.85
GLOBAL,LNDAGRFJIC04,WTRSURFJI,15,2022,0.85
GLOBAL,LNDAGRFJIC04,WTRSURFJI,15,2023,0.85
GLOBAL,LNDAGRFJIC04,WTRSURFJI,15,2024,0.85
GLOBAL,LNDAGRFJIC04,WTRSURFJI,15,2025,0.85
GLOBAL,LNDAGRFJIC04,WTRSURFJI,15,2026,0.85
GLOBAL,LNDAGRFJIC04,WTRSURFJI,15,2027,0.85
GLOBAL,LNDAGRFJIC04,WTRSURFJI,15,2028,0.85
GLOBAL,LNDAGRFJIC04,WTRSURFJI,15,2029,0.85
GLOBAL,LNDAGRFJIC04,WTRSURFJI,15,2030,0.85
GLOBAL,LNDAGRFJIC04,WTRSURFJI,15,2031,0.85
GLOBAL,LNDAGRFJIC04,WTRSURFJI,15,2032,0.85
GLOBAL,LNDAGRFJIC04,WTRSURFJI,15,2033,0.85
GLOBAL,LNDAGRFJIC04,WTRSURFJI,15,2034,0.85
GLOBAL,LNDAGRFJIC04,WTRSURFJI,15,2035,0.85
GLOBAL,LNDAGRFJIC04,WTRSURFJI,15,2036,0.85
GLOBAL,LNDAGRFJIC04,WTRSURFJI,15,2037,0.85
GLOBAL,LNDAGRFJIC04,WTRSURFJI,15,2038,0.85
GLOBAL,LNDAGRFJIC04,WTRSURFJI,15,2039,0.85
GLOBAL,LNDAGRFJIC04,WTRSURFJI,15,2040,0.85
GLOBAL,LNDAGRFJIC04,WTRSURFJI,15,2041,0.85
GLOBAL,LNDAGRFJIC04,WTRSURFJI,15,2042,0.85
GLOBAL,LNDAGRFJIC04,WTRSURFJI,15,2043,0.85
GLOBAL,LNDAGRFJIC04,WTRSURFJI,15,2044,0.85
GLOBAL,LNDAGRFJIC04,WTRSURFJI,15,2045,0.85
GLOBAL,LNDAGRFJIC04,WTRSURFJI,15,2046,0.85
GLOBAL,LNDAGRFJIC04,WTRSURFJI,15,2047,0.85
GLOBAL,LNDAGRFJIC04,WTRSURFJI,15,2048,0.85
GLOBAL,LNDAGRFJIC04,WTRSURFJI,15,2049,0.85
GLOBAL,LNDAGRFJIC04,WTRSURFJI,15,2050,0.85
GLOBAL,LNDAGRFJIC04,CRPSGC,16,2020,0.35
GLOBAL,LNDAGRFJIC04,CRPSGC,16,2021,0.35
GLOBAL,LNDAGRFJIC04,CRPSGC,16,2022,0.35
GLOBAL,LNDAGRFJIC04,CRPSGC,16,2023,0.35
GLOBAL,LNDAGRFJIC04,CRPSGC,16,2024,0.35
GLOBAL,LNDAGRFJIC04,CRPSGC,16,2025,0.35
GLOBAL,LNDAGRFJIC04,CRPSGC,16,2026,0.35
GLOBAL,LNDAGRFJIC04,CRPSGC,16,2027,0.35
GLOBAL,LNDAGRFJIC04,CRPSGC,16,2028,0.35
GLOBAL,LNDAGRFJIC04,CRPSGC,16,2029,0.35
GLOBAL,LNDAGRFJIC04,CRPSGC,16,2030,0.35
GLOBAL,LNDAGRFJIC04,CRPSGC,16,2031,0.35
GLOBAL,LNDAGRFJIC04,CRPSGC,16,2032,0.35
GLOBAL,LNDAGRFJIC04,CRPSGC,16,2033,0.35
GLOBAL,LNDAGRFJIC04,CRPSGC,16,2034,0.35
GLOBAL,LNDAGRFJIC04,CRPSGC,16,2035,0.35
GLOBAL,LNDAGRFJIC04,CRPSGC,16,2036,0.35
GLOBAL,LNDAGRFJIC04,CRPSGC,16,2037,0.35
GLOBAL,LNDAGRFJIC04,CRPSGC,16,2038,0.35
GLOBAL,LNDAGRFJIC04,CRPSGC,16,2039,0.35
GLOBAL,LNDAGRFJIC04,CRPSGC,16,2040,0.35
GLOBAL,LNDAGRFJIC04,CRPSGC,16,2041,0.35
GLOBAL,LNDAGRFJIC04,CRPSGC,16,2042,0.35
GLOBAL,LNDAGRFJIC04,CRPSGC,16,2043,0.35
GLOBAL,LNDAGRFJIC04,CRPSGC,16,2044,0.35
GLOBAL,LNDAGRFJIC04,CRPSGC,16,2045,0.35
GLOBAL,LNDAGRFJIC04,CRPSGC,16,2046,0.35
GLOBAL,LNDAGRFJIC04,CRPSGC,16,2047,0.35
GLOBAL,LNDAGRFJIC04,CRPSGC,16,2048,0.35
GLOBAL,LNDAGRFJIC04,CRPSGC,16,2049,0.35
GLOBAL,LNDAGRFJIC04,CRPSGC,16,2050,0.35
GLOBAL,LNDAGRFJIC04,WTREVTFJI,16,2020,1.0
GLOBAL,LNDAGRFJIC04,WTREVTFJI,16,2021,1.0
GLOBAL,LNDAGRFJIC04,WTREVTFJI,16,2022,1.0
GLOBAL,LNDAGRFJIC04,WTREVTFJI,16,2023,1.0
GLOBAL,LNDAGRFJIC04,WTREVTFJI,16,2024,1.0
GLOBAL,LNDAGRFJIC04,WTREVTFJI,16,2025,1.0
GLOBAL,LNDAGRFJIC04,WTREVTFJI,16,2026,1.0
GLOBAL,LNDAGRFJIC04,WTREVTFJI,16,2027,1.0
GLOBAL,LNDAGRFJIC04,WTREVTFJI,16,2028,1.0
GLOBAL,LNDAGRFJIC04,WTREVTFJI,16,2029,1.0
GLOBAL,LNDAGRFJIC04,WTREVTFJI,16,2030,1.0
GLOBAL,LNDAGRFJIC04,WTREVTFJI,16,2031,1.0
GLOBAL,LNDAGRFJIC04,WTREVTFJI,16,2032,1.0
GLOBAL,LNDAGRFJIC04,WTREVTFJI,16,2033,1.0
GLOBAL,LNDAGRFJIC04,WTREVTFJI,16,2034,1.0
GLOBAL,LNDAGRFJIC04,WTREVTFJI,16,2035,1.0
GLOBAL,LNDAGRFJIC04,WTREVTFJI,16,2036,1.0
GLOBAL,LNDAGRFJIC04,WTREVTFJI,16,2037,1.0
GLOBAL,LNDAGRFJIC04,WTREVTFJI,16,2038,1.0
GLOBAL,LNDAGRFJIC04,WTREVTFJI,16,2039,1.0
GLOBAL,LNDAGRFJIC04,WTREVTFJI,16,2040,1.0
GLOBAL,LNDAGRFJIC04,WTREVTFJI,16,2041,1.0
GLOBAL,LNDAGRFJIC04,WTREVTFJI,16,2042,1.0
GLOBAL,LNDAGRFJIC04,WTREVTFJI,16,2043,1.0
GLOBAL,LNDAGRFJIC04,WTREVTFJI,16,2044,1.0
GLOBAL,LNDAGRFJIC04,WTREVTFJI,16,2045,1.0
GLOBAL,LNDAGRFJIC04,WTREVTFJI,16,2046,1.0
GLOBAL,LNDAGRFJIC04,WTREVTFJI,16,2047,1.0
GLOBAL,LNDAGRFJIC04,WTREVTFJI,16,2048,1.0
GLOBAL,LNDAGRFJIC04,WTREVTFJI,16,2049,1.0
GLOBAL,LNDAGRFJIC04,WTREVTFJI,16,2050,1.0
GLOBAL,LNDAGRFJIC04,WTRGRCFJI,16,2020,0.056
GLOBAL,LNDAGRFJIC04,WTRGRCFJI,16,2021,0.056
GLOBAL,LNDAGRFJIC04,WTRGRCFJI,16,2022,0.056
GLOBAL,LNDAGRFJIC04,WTRGRCFJI,16,2023,0.056
GLOBAL,LNDAGRFJIC04,WTRGRCFJI,16,2024,0.056
GLOBAL,LNDAGRFJIC04,WTRGRCFJI,16,2025,0.056
GLOBAL,LNDAGRFJIC04,WTRGRCFJI,16,2026,0.056
GLOBAL,LNDAGRFJIC04,WTRGRCFJI,16,2027,0.056
GLOBAL,LNDAGRFJIC04,WTRGRCFJI,16,2028,0.056
GLOBAL,LNDAGRFJIC04,WTRGRCFJI,16,2029,0.056
GLOBAL,LNDAGRFJIC04,WTRGRCFJI,16,2030,0.056
GLOBAL,LNDAGRFJIC04,WTRGRCFJI,16,2031,0.056
GLOBAL,LNDAGRFJIC04,WTRGRCFJI,16,2032,0.056
GLOBAL,LNDAGRFJIC04,WTRGRCFJI,16,2033,0.056
GLOBAL,LNDAGRFJIC04,WTRGRCFJI,16,2034,0.056
GLOBAL,LNDAGRFJIC04,WTRGRCFJI,16,2035,0.056
GLOBAL,LNDAGRFJIC04,WTRGRCFJI,16,2036,0.056
GLOBAL,LNDAGRFJIC04,WTRGRCFJI,16,2037,0.056
GLOBAL,LNDAGRFJIC04,WTRGRCFJI,16,2038,0.056
GLOBAL,LNDAGRFJIC04,WTRGRCFJI,16,2039,0.056
GLOBAL,LNDAGRFJIC04,WTRGRCFJI,16,2040,0.056
GLOBAL,LNDAGRFJIC04,WTRGRCFJI,16,2041,0.056
GLOBAL,LNDAGRFJIC04,WTRGRCFJI,16,2042,0.056
GLOBAL,LNDAGRFJIC04,WTRGRCFJI,16,2043,0.056
GLOBAL,LNDAGRFJIC04,WTRGRCFJI,16,2044,0.056
GLOBAL,LNDAGRFJIC04,WTRGRCFJI,16,2045,0.056
GLOBAL,LNDAGRFJIC04,WTRGRCFJI,16,2046,0.056
GLOBAL,LNDAGRFJIC04,WTRGRCFJI,16,2047,0.056
GLOBAL,LNDAGRFJIC04,WTRGRCFJI,16,2048,0.056
GLOBAL,LNDAGRFJIC04,WTRGRCFJI,16,2049,0.056
GLOBAL,LNDAGRFJIC04,WTRGRCFJI,16,2050,0.056
GLOBAL,LNDAGRFJIC04,WTRSURFJI,16,2020,1.0
GLOBAL,LNDAGRFJIC04,WTRSURFJI,16,2021,1.0
GLOBAL,LNDAGRFJIC04,WTRSURFJI,16,2022,1.0
GLOBAL,LNDAGRFJIC04,WTRSURFJI,16,2023,1.0
GLOBAL,LNDAGRFJIC04,WTRSURFJI,16,2024,1.0
GLOBAL,LNDAGRFJIC04,WTRSURFJI,16,2025,1.0
GLOBAL,LNDAGRFJIC04,WTRSURFJI,16,2026,1.0
GLOBAL,LNDAGRFJIC04,WTRSURFJI,16,2027,1.0
GLOBAL,LNDAGRFJIC04,WTRSURFJI,16,2028,1.0
GLOBAL,LNDAGRFJIC04,WTRSURFJI,16,2029,1.0
GLOBAL,LNDAGRFJIC04,WTRSURFJI,16,2030,1.0
GLOBAL,LNDAGRFJIC04,WTRSURFJI,16,2031,1.0
GLOBAL,LNDAGRFJIC04,WTRSURFJI,16,2032,1.0
GLOBAL,LNDAGRFJIC04,WTRSURFJI,16,2033,1.0
GLOBAL,LNDAGRFJIC04,WTRSURFJI,16,2034,1.0
GLOBAL,LNDAGRFJIC04,WTRSURFJI,16,2035,1.0
GLOBAL,LNDAGRFJIC04,WTRSURFJI,16,2036,1.0
GLOBAL,LNDAGRFJIC04,WTRSURFJI,16,2037,1.0
GLOBAL,LNDAGRFJIC04,WTRSURFJI,16,2038,1.0
GLOBAL,LNDAGRFJIC04,WTRSURFJI,16,2039,1.0
GLOBAL,LNDAGRFJIC04,WTRSURFJI,16,2040,1.0
GLOBAL,LNDAGRFJIC04,WTRSURFJI,16,2041,1.0
GLOBAL,LNDAGRFJIC04,WTRSURFJI,16,2042,1.0
GLOBAL,LNDAGRFJIC04,WTRSURFJI,16,2043,1.0
GLOBAL,LNDAGRFJIC04,WTRSURFJI,16,2044,1.0
GLOBAL,LNDAGRFJIC04,WTRSURFJI,16,2045,1.0
GLOBAL,LNDAGRFJIC04,WTRSURFJI,16,2046,1.0
GLOBAL,LNDAGRFJIC04,WTRSURFJI,16,2047,1.0
GLOBAL,LNDAGRFJIC04,WTRSURFJI,16,2048,1.0
GLOBAL,LNDAGRFJIC04,WTRSURFJI,16,2049,1.0
GLOBAL,LNDAGRFJIC04,WTRSURFJI,16,2050,1.0
GLOBAL,LNDAGRFJIC04,CRPOTH,17,2020,0.24
GLOBAL,LNDAGRFJIC04,CRPOTH,17,2021,0.24
GLOBAL,LNDAGRFJIC04,CRPOTH,17,2022,0.24
GLOBAL,LNDAGRFJIC04,CRPOTH,17,2023,0.24
GLOBAL,LNDAGRFJIC04,CRPOTH,17,2024,0.24
GLOBAL,LNDAGRFJIC04,CRPOTH,17,2025,0.24
GLOBAL,LNDAGRFJIC04,CRPOTH,17,2026,0.24
GLOBAL,LNDAGRFJIC04,CRPOTH,17,2027,0.24
GLOBAL,LNDAGRFJIC04,CRPOTH,17,2028,0.24
GLOBAL,LNDAGRFJIC04,CRPOTH,17,2029,0.24
GLOBAL,LNDAGRFJIC04,CRPOTH,17,2030,0.24
GLOBAL,LNDAGRFJIC04,CRPOTH,17,2031,0.24
GLOBAL,LNDAGRFJIC04,CRPOTH,17,2032,0.24
GLOBAL,LNDAGRFJIC04,CRPOTH,17,2033,0.24
GLOBAL,LNDAGRFJIC04,CRPOTH,17,2034,0.24
GLOBAL,LNDAGRFJIC04,CRPOTH,17,2035,0.24
GLOBAL,LNDAGRFJIC04,CRPOTH,17,2036,0.24
GLOBAL,LNDAGRFJIC04,CRPOTH,17,2037,0.24
GLOBAL,LNDAGRFJIC04,CRPOTH,17,2038,0.24
GLOBAL,LNDAGRFJIC04,CRPOTH,17,2039,0.24
GLOBAL,LNDAGRFJIC04,CRPOTH,17,2040,0.24
GLOBAL,LNDAGRFJIC04,CRPOTH,17,2041,0.24
GLOBAL,LNDAGRFJIC04,CRPOTH,17,2042,0.24
GLOBAL,LNDAGRFJIC04,CRPOTH,17,2043,0.24
GLOBAL,LNDAGRFJIC04,CRPOTH,17,2044,0.24
GLOBAL,LNDAGRFJIC04,CRPOTH,17,2045,0.24
GLOBAL,LNDAGRFJIC04,CRPOTH,17,2046,0.24
GLOBAL,LNDAGRFJIC04,CRPOTH,17,2047,0.24
GLOBAL,LNDAGRFJIC04,CRPOTH,17,2048,0.24
GLOBAL,LNDAGRFJIC04,CRPOTH,17,2049,0.24
GLOBAL,LNDAGRFJIC04,CRPOTH,17,2050,0.24
GLOBAL,LNDAGRFJIC04,WTREVTFJI,17,2020,0.52
GLOBAL,LNDAGRFJIC04,WTREVTFJI,17,2021,0.52
GLOBAL,LNDAGRFJIC04,WTREVTFJI,17,2022,0.52
GLOBAL,LNDAGRFJIC04,WTREVTFJI,17,2023,0.52
GLOBAL,LNDAGRFJIC04,WTREVTFJI,17,2024,0.52
GLOBAL,LNDAGRFJIC04,WTREVTFJI,17,2025,0.52
GLOBAL,LNDAGRFJIC04,WTREVTFJI,17,2026,0.52
GLOBAL,LNDAGRFJIC04,WTREVTFJI,17,2027,0.52
GLOBAL,LNDAGRFJIC04,WTREVTFJI,17,2028,0.52
GLOBAL,LNDAGRFJIC04,WTREVTFJI,17,2029,0.52
GLOBAL,LNDAGRFJIC04,WTREVTFJI,17,2030,0.52
GLOBAL,LNDAGRFJIC04,WTREVTFJI,17,2031,0.52
GLOBAL,LNDAGRFJIC04,WTREVTFJI,17,2032,0.52
GLOBAL,LNDAGRFJIC04,WTREVTFJI,17,2033,0.52
GLOBAL,LNDAGRFJIC04,WTREVTFJI,17,2034,0.52
GLOBAL,LNDAGRFJIC04,WTREVTFJI,17,2035,0.52
GLOBAL,LNDAGRFJIC04,WTREVTFJI,17,2036,0.52
GLOBAL,LNDAGRFJIC04,WTREVTFJI,17,2037,0.52
GLOBAL,LNDAGRFJIC04,WTREVTFJI,17,2038,0.52
GLOBAL,LNDAGRFJIC04,WTREVTFJI,17,2039,0.52
GLOBAL,LNDAGRFJIC04,WTREVTFJI,17,2040,0.52
GLOBAL,LNDAGRFJIC04,WTREVTFJI,17,2041,0.52
GLOBAL,LNDAGRFJIC04,WTREVTFJI,17,2042,0.52
GLOBAL,LNDAGRFJIC04,WTREVTFJI,17,2043,0.52
GLOBAL,LNDAGRFJIC04,WTREVTFJI,17,2044,0.52
GLOBAL,LNDAGRFJIC04,WTREVTFJI,17,2045,0.52
GLOBAL,LNDAGRFJIC04,WTREVTFJI,17,2046,0.52
GLOBAL,LNDAGRFJIC04,WTREVTFJI,17,2047,0.52
GLOBAL,LNDAGRFJIC04,WTREVTFJI,17,2048,0.52
GLOBAL,LNDAGRFJIC04,WTREVTFJI,17,2049,0.52
GLOBAL,LNDAGRFJIC04,WTREVTFJI,17,2050,0.52
GLOBAL,LNDAGRFJIC04,WTRGRCFJI,17,2020,0.081
GLOBAL,LNDAGRFJIC04,WTRGRCFJI,17,2021,0.081
GLOBAL,LNDAGRFJIC04,WTRGRCFJI,17,2022,0.081
GLOBAL,LNDAGRFJIC04,WTRGRCFJI,17,2023,0.081
GLOBAL,LNDAGRFJIC04,WTRGRCFJI,17,2024,0.081
GLOBAL,LNDAGRFJIC04,WTRGRCFJI,17,2025,0.081
GLOBAL,LNDAGRFJIC04,WTRGRCFJI,17,2026,0.081
GLOBAL,LNDAGRFJIC04,WTRGRCFJI,17,2027,0.081
GLOBAL,LNDAGRFJIC04,WTRGRCFJI,17,2028,0.081
GLOBAL,LNDAGRFJIC04,WTRGRCFJI,17,2029,0.081
GLOBAL,LNDAGRFJIC04,WTRGRCFJI,17,2030,0.081
GLOBAL,LNDAGRFJIC04,WTRGRCFJI,17,2031,0.081
GLOBAL,LNDAGRFJIC04,WTRGRCFJI,17,2032,0.081
GLOBAL,LNDAGRFJIC04,WTRGRCFJI,17,2033,0.081
GLOBAL,LNDAGRFJIC04,WTRGRCFJI,17,2034,0.081
GLOBAL,LNDAGRFJIC04,WTRGRCFJI,17,2035,0.081
GLOBAL,LNDAGRFJIC04,WTRGRCFJI,17,2036,0.081
GLOBAL,LNDAGRFJIC04,WTRGRCFJI,17,2037,0.081
GLOBAL,LNDAGRFJIC04,WTRGRCFJI,17,2038,0.081
GLOBAL,LNDAGRFJIC04,WTRGRCFJI,17,2039,0.081
GLOBAL,LNDAGRFJIC04,WTRGRCFJI,17,2040,0.081
GLOBAL,LNDAGRFJIC04,WTRGRCFJI,17,2041,0.081
GLOBAL,LNDAGRFJIC04,WTRGRCFJI,17,2042,0.081
GLOBAL,LNDAGRFJIC04,WTRGRCFJI,17,2043,0.081
GLOBAL,LNDAGRFJIC04,WTRGRCFJI,17,2044,0.081
GLOBAL,LNDAGRFJIC04,WTRGRCFJI,17,2045,0.081
GLOBAL,LNDAGRFJIC04,WTRGRCFJI,17,2046,0.081
GLOBAL,LNDAGRFJIC04,WTRGRCFJI,17,2047,0.081
GLOBAL,LNDAGRFJIC04,WTRGRCFJI,17,2048,0.081
GLOBAL,LNDAGRFJIC04,WTRGRCFJI,17,2049,0.081
GLOBAL,LNDAGRFJIC04,WTRGRCFJI,17,2050,0.081
GLOBAL,LNDAGRFJIC04,WTRSURFJI,17,2020,1.5
GLOBAL,LNDAGRFJIC04,WTRSURFJI,17,2021,1.5
GLOBAL,LNDAGRFJIC04,WTRSURFJI,17,2022,1.5
GLOBAL,LNDAGRFJIC04,WTRSURFJI,17,2023,1.5
GLOBAL,LNDAGRFJIC04,WTRSURFJI,17,2024,1.5
GLOBAL,LNDAGRFJIC04,WTRSURFJI,17,2025,1.5
GLOBAL,LNDAGRFJIC04,WTRSURFJI,17,2026,1.5
GLOBAL,LNDAGRFJIC04,WTRSURFJI,17,2027,1.5
GLOBAL,LNDAGRFJIC04,WTRSURFJI,17,2028,1.5
GLOBAL,LNDAGRFJIC04,WTRSURFJI,17,2029,1.5
GLOBAL,LNDAGRFJIC04,WTRSURFJI,17,2030,1.5
GLOBAL,LNDAGRFJIC04,WTRSURFJI,17,2031,1.5
GLOBAL,LNDAGRFJIC04,WTRSURFJI,17,2032,1.5
GLOBAL,LNDAGRFJIC04,WTRSURFJI,17,2033,1.5
GLOBAL,LNDAGRFJIC04,WTRSURFJI,17,2034,1.5
GLOBAL,LNDAGRFJIC04,WTRSURFJI,17,2035,1.5
GLOBAL,LNDAGRFJIC04,WTRSURFJI,17,2036,1.5
GLOBAL,LNDAGRFJIC04,WTRSURFJI,17,2037,1.5
GLOBAL,LNDAGRFJIC04,WTRSURFJI,17,2038,1.5
GLOBAL,LNDAGRFJIC04,WTRSURFJI,17,2039,1.5
GLOBAL,LNDAGRFJIC04,WTRSURFJI,17,2040,1.5
GLOBAL,LNDAGRFJIC04,WTRSURFJI,17,2041,1.5
GLOBAL,LNDAGRFJIC04,WTRSURFJI,17,2042,1.5
GLOBAL,LNDAGRFJIC04,WTRSURFJI,17,2043,1.5
GLOBAL,LNDAGRFJIC04,WTRSURFJI,17,2044,1.5
GLOBAL,LNDAGRFJIC04,WTRSURFJI,17,2045,1.5
GLOBAL,LNDAGRFJIC04,WTRSURFJI,17,2046,1.5
GLOBAL,LNDAGRFJIC04,WTRSURFJI,17,2047,1.5
GLOBAL,LNDAGRFJIC04,WTRSURFJI,17,2048,1.5
GLOBAL,LNDAGRFJIC04,WTRSURFJI,17,2049,1.5
GLOBAL,LNDAGRFJIC04,WTRSURFJI,17,2050,1.5
GLOBAL,LNDAGRFJIC04,CRPOTH,18,2020,0.90
GLOBAL,LNDAGRFJIC04,CRPOTH,18,2021,0.90
GLOBAL,LNDAGRFJIC04,CRPOTH,18,2022,0.90
GLOBAL,LNDAGRFJIC04,CRPOTH,18,2023,0.90
GLOBAL,LNDAGRFJIC04,CRPOTH,18,2024,0.90
GLOBAL,LNDAGRFJIC04,CRPOTH,18,2025,0.90
GLOBAL,LNDAGRFJIC04,CRPOTH,18,2026,0.90
GLOBAL,LNDAGRFJIC04,CRPOTH,18,2027,0.90
GLOBAL,LNDAGRFJIC04,CRPOTH,18,2028,0.90
GLOBAL,LNDAGRFJIC04,CRPOTH,18,2029,0.90
GLOBAL,LNDAGRFJIC04,CRPOTH,18,2030,0.90
GLOBAL,LNDAGRFJIC04,CRPOTH,18,2031,0.90
GLOBAL,LNDAGRFJIC04,CRPOTH,18,2032,0.90
GLOBAL,LNDAGRFJIC04,CRPOTH,18,2033,0.90
GLOBAL,LNDAGRFJIC04,CRPOTH,18,2034,0.90
GLOBAL,LNDAGRFJIC04,CRPOTH,18,2035,0.90
GLOBAL,LNDAGRFJIC04,CRPOTH,18,2036,0.90
GLOBAL,LNDAGRFJIC04,CRPOTH,18,2037,0.90
GLOBAL,LNDAGRFJIC04,CRPOTH,18,2038,0.90
GLOBAL,LNDAGRFJIC04,CRPOTH,18,2039,0.90
GLOBAL,LNDAGRFJIC04,CRPOTH,18,2040,0.90
GLOBAL,LNDAGRFJIC04,CRPOTH,18,2041,0.90
GLOBAL,LNDAGRFJIC04,CRPOTH,18,2042,0.90
GLOBAL,LNDAGRFJIC04,CRPOTH,18,2043,0.90
GLOBAL,LNDAGRFJIC04,CRPOTH,18,2044,0.90
GLOBAL,LNDAGRFJIC04,CRPOTH,18,2045,0.90
GLOBAL,LNDAGRFJIC04,CRPOTH,18,2046,0.90
GLOBAL,LNDAGRFJIC04,CRPOTH,18,2047,0.90
GLOBAL,LNDAGRFJIC04,CRPOTH,18,2048,0.90
GLOBAL,LNDAGRFJIC04,CRPOTH,18,2049,0.90
GLOBAL,LNDAGRFJIC04,CRPOTH,18,2050,0.90
GLOBAL,LNDAGRFJIC04,WTREVTFJI,18,2020,0.60
GLOBAL,LNDAGRFJIC04,WTREVTFJI,18,2021,0.60
GLOBAL,LNDAGRFJIC04,WTREVTFJI,18,2022,0.60
GLOBAL,LNDAGRFJIC04,WTREVTFJI,18,2023,0.60
GLOBAL,LNDAGRFJIC04,WTREVTFJI,18,2024,0.60
GLOBAL,LNDAGRFJIC04,WTREVTFJI,18,2025,0.60
GLOBAL,LNDAGRFJIC04,WTREVTFJI,18,2026,0.60
GLOBAL,LNDAGRFJIC04,WTREVTFJI,18,2027,0.60
GLOBAL,LNDAGRFJIC04,WTREVTFJI,18,2028,0.60
GLOBAL,LNDAGRFJIC04,WTREVTFJI,18,2029,0.60
GLOBAL,LNDAGRFJIC04,WTREVTFJI,18,2030,0.60
GLOBAL,LNDAGRFJIC04,WTREVTFJI,18,2031,0.60
GLOBAL,LNDAGRFJIC04,WTREVTFJI,18,2032,0.60
GLOBAL,LNDAGRFJIC04,WTREVTFJI,18,2033,0.60
GLOBAL,LNDAGRFJIC04,WTREVTFJI,18,2034,0.60
GLOBAL,LNDAGRFJIC04,WTREVTFJI,18,2035,0.60
GLOBAL,LNDAGRFJIC04,WTREVTFJI,18,2036,0.60
GLOBAL,LNDAGRFJIC04,WTREVTFJI,18,2037,0.60
GLOBAL,LNDAGRFJIC04,WTREVTFJI,18,2038,0.60
GLOBAL,LNDAGRFJIC04,WTREVTFJI,18,2039,0.60
GLOBAL,LNDAGRFJIC04,WTREVTFJI,18,2040,0.60
GLOBAL,LNDAGRFJIC04,WTREVTFJI,18,2041,0.60
GLOBAL,LNDAGRFJIC04,WTREVTFJI,18,2042,0.60
GLOBAL,LNDAGRFJIC04,WTREVTFJI,18,2043,0.60
GLOBAL,LNDAGRFJIC04,WTREVTFJI,18,2044,0.60
GLOBAL,LNDAGRFJIC04,WTREVTFJI,18,2045,0.60
GLOBAL,LNDAGRFJIC04,WTREVTFJI,18,2046,0.60
GLOBAL,LNDAGRFJIC04,WTREVTFJI,18,2047,0.60
GLOBAL,LNDAGRFJIC04,WTREVTFJI,18,2048,0.60
GLOBAL,LNDAGRFJIC04,WTREVTFJI,18,2049,0.60
GLOBAL,LNDAGRFJIC04,WTREVTFJI,18,2050,0.60
GLOBAL,LNDAGRFJIC04,WTRGRCFJI,18,2020,0.077
GLOBAL,LNDAGRFJIC04,WTRGRCFJI,18,2021,0.077
GLOBAL,LNDAGRFJIC04,WTRGRCFJI,18,2022,0.077
GLOBAL,LNDAGRFJIC04,WTRGRCFJI,18,2023,0.077
GLOBAL,LNDAGRFJIC04,WTRGRCFJI,18,2024,0.077
GLOBAL,LNDAGRFJIC04,WTRGRCFJI,18,2025,0.077
GLOBAL,LNDAGRFJIC04,WTRGRCFJI,18,2026,0.077
GLOBAL,LNDAGRFJIC04,WTRGRCFJI,18,2027,0.077
GLOBAL,LNDAGRFJIC04,WTRGRCFJI,18,2028,0.077
GLOBAL,LNDAGRFJIC04,WTRGRCFJI,18,2029,0.077
GLOBAL,LNDAGRFJIC04,WTRGRCFJI,18,2030,0.077
GLOBAL,LNDAGRFJIC04,WTRGRCFJI,18,2031,0.077
GLOBAL,LNDAGRFJIC04,WTRGRCFJI,18,2032,0.077
GLOBAL,LNDAGRFJIC04,WTRGRCFJI,18,2033,0.077
GLOBAL,LNDAGRFJIC04,WTRGRCFJI,18,2034,0.077
GLOBAL,LNDAGRFJIC04,WTRGRCFJI,18,2035,0.077
GLOBAL,LNDAGRFJIC04,WTRGRCFJI,18,2036,0.077
GLOBAL,LNDAGRFJIC04,WTRGRCFJI,18,2037,0.077
GLOBAL,LNDAGRFJIC04,WTRGRCFJI,18,2038,0.077
GLOBAL,LNDAGRFJIC04,WTRGRCFJI,18,2039,0.077
GLOBAL,LNDAGRFJIC04,WTRGRCFJI,18,2040,0.077
GLOBAL,LNDAGRFJIC04,WTRGRCFJI,18,2041,0.077
GLOBAL,LNDAGRFJIC04,WTRGRCFJI,18,2042,0.077
GLOBAL,LNDAGRFJIC04,WTRGRCFJI,18,2043,0.077
GLOBAL,LNDAGRFJIC04,WTRGRCFJI,18,2044,0.077
GLOBAL,LNDAGRFJIC04,WTRGRCFJI,18,2045,0.077
GLOBAL,LNDAGRFJIC04,WTRGRCFJI,18,2046,0.077
GLOBAL,LNDAGRFJIC04,WTRGRCFJI,18,2047,0.077
GLOBAL,LNDAGRFJIC04,WTRGRCFJI,18,2048,0.077
GLOBAL,LNDAGRFJIC04,WTRGRCFJI,18,2049,0.077
GLOBAL,LNDAGRFJIC04,WTRGRCFJI,18,2050,0.077
GLOBAL,LNDAGRFJIC04,WTRSURFJI,18,2020,1.4
GLOBAL,LNDAGRFJIC04,WTRSURFJI,18,2021,1.4
GLOBAL,LNDAGRFJIC04,WTRSURFJI,18,2022,1.4
GLOBAL,LNDAGRFJIC04,WTRSURFJI,18,2023,1.4
GLOBAL,LNDAGRFJIC04,WTRSURFJI,18,2024,1.4
GLOBAL,LNDAGRFJIC04,WTRSURFJI,18,2025,1.4
GLOBAL,LNDAGRFJIC04,WTRSURFJI,18,2026,1.4
GLOBAL,LNDAGRFJIC04,WTRSURFJI,18,2027,1.4
GLOBAL,LNDAGRFJIC04,WTRSURFJI,18,2028,1.4
GLOBAL,LNDAGRFJIC04,WTRSURFJI,18,2029,1.4
GLOBAL,LNDAGRFJIC04,WTRSURFJI,18,2030,1.4
GLOBAL,LNDAGRFJIC04,WTRSURFJI,18,2031,1.4
GLOBAL,LNDAGRFJIC04,WTRSURFJI,18,2032,1.4
GLOBAL,LNDAGRFJIC04,WTRSURFJI,18,2033,1.4
GLOBAL,LNDAGRFJIC04,WTRSURFJI,18,2034,1.4
GLOBAL,LNDAGRFJIC04,WTRSURFJI,18,2035,1.4
GLOBAL,LNDAGRFJIC04,WTRSURFJI,18,2036,1.4
GLOBAL,LNDAGRFJIC04,WTRSURFJI,18,2037,1.4
GLOBAL,LNDAGRFJIC04,WTRSURFJI,18,2038,1.4
GLOBAL,LNDAGRFJIC04,WTRSURFJI,18,2039,1.4
GLOBAL,LNDAGRFJIC04,WTRSURFJI,18,2040,1.4
GLOBAL,LNDAGRFJIC04,WTRSURFJI,18,2041,1.4
GLOBAL,LNDAGRFJIC04,WTRSURFJI,18,2042,1.4
GLOBAL,LNDAGRFJIC04,WTRSURFJI,18,2043,1.4
GLOBAL,LNDAGRFJIC04,WTRSURFJI,18,2044,1.4
GLOBAL,LNDAGRFJIC04,WTRSURFJI,18,2045,1.4
GLOBAL,LNDAGRFJIC04,WTRSURFJI,18,2046,1.4
GLOBAL,LNDAGRFJIC04,WTRSURFJI,18,2047,1.4
GLOBAL,LNDAGRFJIC04,WTRSURFJI,18,2048,1.4
GLOBAL,LNDAGRFJIC04,WTRSURFJI,18,2049,1.4
GLOBAL,LNDAGRFJIC04,WTRSURFJI,18,2050,1.4
GLOBAL,LNDAGRFJIC04,CRPOTH,19,2020,0.23
GLOBAL,LNDAGRFJIC04,CRPOTH,19,2021,0.23
GLOBAL,LNDAGRFJIC04,CRPOTH,19,2022,0.23
GLOBAL,LNDAGRFJIC04,CRPOTH,19,2023,0.23
GLOBAL,LNDAGRFJIC04,CRPOTH,19,2024,0.23
GLOBAL,LNDAGRFJIC04,CRPOTH,19,2025,0.23
GLOBAL,LNDAGRFJIC04,CRPOTH,19,2026,0.23
GLOBAL,LNDAGRFJIC04,CRPOTH,19,2027,0.23
GLOBAL,LNDAGRFJIC04,CRPOTH,19,2028,0.23
GLOBAL,LNDAGRFJIC04,CRPOTH,19,2029,0.23
GLOBAL,LNDAGRFJIC04,CRPOTH,19,2030,0.23
GLOBAL,LNDAGRFJIC04,CRPOTH,19,2031,0.23
GLOBAL,LNDAGRFJIC04,CRPOTH,19,2032,0.23
GLOBAL,LNDAGRFJIC04,CRPOTH,19,2033,0.23
GLOBAL,LNDAGRFJIC04,CRPOTH,19,2034,0.23
GLOBAL,LNDAGRFJIC04,CRPOTH,19,2035,0.23
GLOBAL,LNDAGRFJIC04,CRPOTH,19,2036,0.23
GLOBAL,LNDAGRFJIC04,CRPOTH,19,2037,0.23
GLOBAL,LNDAGRFJIC04,CRPOTH,19,2038,0.23
GLOBAL,LNDAGRFJIC04,CRPOTH,19,2039,0.23
GLOBAL,LNDAGRFJIC04,CRPOTH,19,2040,0.23
GLOBAL,LNDAGRFJIC04,CRPOTH,19,2041,0.23
GLOBAL,LNDAGRFJIC04,CRPOTH,19,2042,0.23
GLOBAL,LNDAGRFJIC04,CRPOTH,19,2043,0.23
GLOBAL,LNDAGRFJIC04,CRPOTH,19,2044,0.23
GLOBAL,LNDAGRFJIC04,CRPOTH,19,2045,0.23
GLOBAL,LNDAGRFJIC04,CRPOTH,19,2046,0.23
GLOBAL,LNDAGRFJIC04,CRPOTH,19,2047,0.23
GLOBAL,LNDAGRFJIC04,CRPOTH,19,2048,0.23
GLOBAL,LNDAGRFJIC04,CRPOTH,19,2049,0.23
GLOBAL,LNDAGRFJIC04,CRPOTH,19,2050,0.23
GLOBAL,LNDAGRFJIC04,WTREVTFJI,19,2020,0.50
GLOBAL,LNDAGRFJIC04,WTREVTFJI,19,2021,0.50
GLOBAL,LNDAGRFJIC04,WTREVTFJI,19,2022,0.50
GLOBAL,LNDAGRFJIC04,WTREVTFJI,19,2023,0.50
GLOBAL,LNDAGRFJIC04,WTREVTFJI,19,2024,0.50
GLOBAL,LNDAGRFJIC04,WTREVTFJI,19,2025,0.50
GLOBAL,LNDAGRFJIC04,WTREVTFJI,19,2026,0.50
GLOBAL,LNDAGRFJIC04,WTREVTFJI,19,2027,0.50
GLOBAL,LNDAGRFJIC04,WTREVTFJI,19,2028,0.50
GLOBAL,LNDAGRFJIC04,WTREVTFJI,19,2029,0.50
GLOBAL,LNDAGRFJIC04,WTREVTFJI,19,2030,0.50
GLOBAL,LNDAGRFJIC04,WTREVTFJI,19,2031,0.50
GLOBAL,LNDAGRFJIC04,WTREVTFJI,19,2032,0.50
GLOBAL,LNDAGRFJIC04,WTREVTFJI,19,2033,0.50
GLOBAL,LNDAGRFJIC04,WTREVTFJI,19,2034,0.50
GLOBAL,LNDAGRFJIC04,WTREVTFJI,19,2035,0.50
GLOBAL,LNDAGRFJIC04,WTREVTFJI,19,2036,0.50
GLOBAL,LNDAGRFJIC04,WTREVTFJI,19,2037,0.50
GLOBAL,LNDAGRFJIC04,WTREVTFJI,19,2038,0.50
GLOBAL,LNDAGRFJIC04,WTREVTFJI,19,2039,0.50
GLOBAL,LNDAGRFJIC04,WTREVTFJI,19,2040,0.50
GLOBAL,LNDAGRFJIC04,WTREVTFJI,19,2041,0.50
GLOBAL,LNDAGRFJIC04,WTREVTFJI,19,2042,0.50
GLOBAL,LNDAGRFJIC04,WTREVTFJI,19,2043,0.50
GLOBAL,LNDAGRFJIC04,WTREVTFJI,19,2044,0.50
GLOBAL,LNDAGRFJIC04,WTREVTFJI,19,2045,0.50
GLOBAL,LNDAGRFJIC04,WTREVTFJI,19,2046,0.50
GLOBAL,LNDAGRFJIC04,WTREVTFJI,19,2047,0.50
GLOBAL,LNDAGRFJIC04,WTREVTFJI,19,2048,0.50
GLOBAL,LNDAGRFJIC04,WTREVTFJI,19,2049,0.50
GLOBAL,LNDAGRFJIC04,WTREVTFJI,19,2050,0.50
GLOBAL,LNDAGRFJIC04,WTRGRCFJI,19,2020,0.082
GLOBAL,LNDAGRFJIC04,WTRGRCFJI,19,2021,0.082
GLOBAL,LNDAGRFJIC04,WTRGRCFJI,19,2022,0.082
GLOBAL,LNDAGRFJIC04,WTRGRCFJI,19,2023,0.082
GLOBAL,LNDAGRFJIC04,WTRGRCFJI,19,2024,0.082
GLOBAL,LNDAGRFJIC04,WTRGRCFJI,19,2025,0.082
GLOBAL,LNDAGRFJIC04,WTRGRCFJI,19,2026,0.082
GLOBAL,LNDAGRFJIC04,WTRGRCFJI,19,2027,0.082
GLOBAL,LNDAGRFJIC04,WTRGRCFJI,19,2028,0.082
GLOBAL,LNDAGRFJIC04,WTRGRCFJI,19,2029,0.082
GLOBAL,LNDAGRFJIC04,WTRGRCFJI,19,2030,0.082
GLOBAL,LNDAGRFJIC04,WTRGRCFJI,19,2031,0.082
GLOBAL,LNDAGRFJIC04,WTRGRCFJI,19,2032,0.082
GLOBAL,LNDAGRFJIC04,WTRGRCFJI,19,2033,0.082
GLOBAL,LNDAGRFJIC04,WTRGRCFJI,19,2034,0.082
GLOBAL,LNDAGRFJIC04,WTRGRCFJI,19,2035,0.082
GLOBAL,LNDAGRFJIC04,WTRGRCFJI,19,2036,0.082
GLOBAL,LNDAGRFJIC04,WTRGRCFJI,19,2037,0.082
GLOBAL,LNDAGRFJIC04,WTRGRCFJI,19,2038,0.082
GLOBAL,LNDAGRFJIC04,WTRGRCFJI,19,2039,0.082
GLOBAL,LNDAGRFJIC04,WTRGRCFJI,19,2040,0.082
GLOBAL,LNDAGRFJIC04,WTRGRCFJI,19,2041,0.082
GLOBAL,LNDAGRFJIC04,WTRGRCFJI,19,2042,0.082
GLOBAL,LNDAGRFJIC04,WTRGRCFJI,19,2043,0.082
GLOBAL,LNDAGRFJIC04,WTRGRCFJI,19,2044,0.082
GLOBAL,LNDAGRFJIC04,WTRGRCFJI,19,2045,0.082
GLOBAL,LNDAGRFJIC04,WTRGRCFJI,19,2046,0.082
GLOBAL,LNDAGRFJIC04,WTRGRCFJI,19,2047,0.082
GLOBAL,LNDAGRFJIC04,WTRGRCFJI,19,2048,0.082
GLOBAL,LNDAGRFJIC04,WTRGRCFJI,19,2049,0.082
GLOBAL,LNDAGRFJIC04,WTRGRCFJI,19,2050,0.082
GLOBAL,LNDAGRFJIC04,WTRSURFJI,19,2020,1.5
GLOBAL,LNDAGRFJIC04,WTRSURFJI,19,2021,1.5
GLOBAL,LNDAGRFJIC04,WTRSURFJI,19,2022,1.5
GLOBAL,LNDAGRFJIC04,WTRSURFJI,19,2023,1.5
GLOBAL,LNDAGRFJIC04,WTRSURFJI,19,2024,1.5
GLOBAL,LNDAGRFJIC04,WTRSURFJI,19,2025,1.5
GLOBAL,LNDAGRFJIC04,WTRSURFJI,19,2026,1.5
GLOBAL,LNDAGRFJIC04,WTRSURFJI,19,2027,1.5
GLOBAL,LNDAGRFJIC04,WTRSURFJI,19,2028,1.5
GLOBAL,LNDAGRFJIC04,WTRSURFJI,19,2029,1.5
GLOBAL,LNDAGRFJIC04,WTRSURFJI,19,2030,1.5
GLOBAL,LNDAGRFJIC04,WTRSURFJI,19,2031,1.5
GLOBAL,LNDAGRFJIC04,WTRSURFJI,19,2032,1.5
GLOBAL,LNDAGRFJIC04,WTRSURFJI,19,2033,1.5
GLOBAL,LNDAGRFJIC04,WTRSURFJI,19,2034,1.5
GLOBAL,LNDAGRFJIC04,WTRSURFJI,19,2035,1.5
GLOBAL,LNDAGRFJIC04,WTRSURFJI,19,2036,1.5
GLOBAL,LNDAGRFJIC04,WTRSURFJI,19,2037,1.5
GLOBAL,LNDAGRFJIC04,WTRSURFJI,19,2038,1.5
GLOBAL,LNDAGRFJIC04,WTRSURFJI,19,2039,1.5
GLOBAL,LNDAGRFJIC04,WTRSURFJI,19,2040,1.5
GLOBAL,LNDAGRFJIC04,WTRSURFJI,19,2041,1.5
GLOBAL,LNDAGRFJIC04,WTRSURFJI,19,2042,1.5
GLOBAL,LNDAGRFJIC04,WTRSURFJI,19,2043,1.5
GLOBAL,LNDAGRFJIC04,WTRSURFJI,19,2044,1.5
GLOBAL,LNDAGRFJIC04,WTRSURFJI,19,2045,1.5
GLOBAL,LNDAGRFJIC04,WTRSURFJI,19,2046,1.5
GLOBAL,LNDAGRFJIC04,WTRSURFJI,19,2047,1.5
GLOBAL,LNDAGRFJIC04,WTRSURFJI,19,2048,1.5
GLOBAL,LNDAGRFJIC04,WTRSURFJI,19,2049,1.5
GLOBAL,LNDAGRFJIC04,WTRSURFJI,19,2050,1.5
GLOBAL,LNDAGRFJIC04,CRPOTH,20,2020,0.85
GLOBAL,LNDAGRFJIC04,CRPOTH,20,2021,0.85
GLOBAL,LNDAGRFJIC04,CRPOTH,20,2022,0.85
GLOBAL,LNDAGRFJIC04,CRPOTH,20,2023,0.85
GLOBAL,LNDAGRFJIC04,CRPOTH,20,2024,0.85
GLOBAL,LNDAGRFJIC04,CRPOTH,20,2025,0.85
GLOBAL,LNDAGRFJIC04,CRPOTH,20,2026,0.85
GLOBAL,LNDAGRFJIC04,CRPOTH,20,2027,0.85
GLOBAL,LNDAGRFJIC04,CRPOTH,20,2028,0.85
GLOBAL,LNDAGRFJIC04,CRPOTH,20,2029,0.85
GLOBAL,LNDAGRFJIC04,CRPOTH,20,2030,0.85
GLOBAL,LNDAGRFJIC04,CRPOTH,20,2031,0.85
GLOBAL,LNDAGRFJIC04,CRPOTH,20,2032,0.85
GLOBAL,LNDAGRFJIC04,CRPOTH,20,2033,0.85
GLOBAL,LNDAGRFJIC04,CRPOTH,20,2034,0.85
GLOBAL,LNDAGRFJIC04,CRPOTH,20,2035,0.85
GLOBAL,LNDAGRFJIC04,CRPOTH,20,2036,0.85
GLOBAL,LNDAGRFJIC04,CRPOTH,20,2037,0.85
GLOBAL,LNDAGRFJIC04,CRPOTH,20,2038,0.85
GLOBAL,LNDAGRFJIC04,CRPOTH,20,2039,0.85
GLOBAL,LNDAGRFJIC04,CRPOTH,20,2040,0.85
GLOBAL,LNDAGRFJIC04,CRPOTH,20,2041,0.85
GLOBAL,LNDAGRFJIC04,CRPOTH,20,2042,0.85
GLOBAL,LNDAGRFJIC04,CRPOTH,20,2043,0.85
GLOBAL,LNDAGRFJIC04,CRPOTH,20,2044,0.85
GLOBAL,LNDAGRFJIC04,CRPOTH,20,2045,0.85
GLOBAL,LNDAGRFJIC04,CRPOTH,20,2046,0.85
GLOBAL,LNDAGRFJIC04,CRPOTH,20,2047,0.85
GLOBAL,LNDAGRFJIC04,CRPOTH,20,2048,0.85
GLOBAL,LNDAGRFJIC04,CRPOTH,20,2049,0.85
GLOBAL,LNDAGRFJIC04,CRPOTH,20,2050,0.85
GLOBAL,LNDAGRFJIC04,WTREVTFJI,20,2020,0.58
GLOBAL,LNDAGRFJIC04,WTREVTFJI,20,2021,0.58
GLOBAL,LNDAGRFJIC04,WTREVTFJI,20,2022,0.58
GLOBAL,LNDAGRFJIC04,WTREVTFJI,20,2023,0.58
GLOBAL,LNDAGRFJIC04,WTREVTFJI,20,2024,0.58
GLOBAL,LNDAGRFJIC04,WTREVTFJI,20,2025,0.58
GLOBAL,LNDAGRFJIC04,WTREVTFJI,20,2026,0.58
GLOBAL,LNDAGRFJIC04,WTREVTFJI,20,2027,0.58
GLOBAL,LNDAGRFJIC04,WTREVTFJI,20,2028,0.58
GLOBAL,LNDAGRFJIC04,WTREVTFJI,20,2029,0.58
GLOBAL,LNDAGRFJIC04,WTREVTFJI,20,2030,0.58
GLOBAL,LNDAGRFJIC04,WTREVTFJI,20,2031,0.58
GLOBAL,LNDAGRFJIC04,WTREVTFJI,20,2032,0.58
GLOBAL,LNDAGRFJIC04,WTREVTFJI,20,2033,0.58
GLOBAL,LNDAGRFJIC04,WTREVTFJI,20,2034,0.58
GLOBAL,LNDAGRFJIC04,WTREVTFJI,20,2035,0.58
GLOBAL,LNDAGRFJIC04,WTREVTFJI,20,2036,0.58
GLOBAL,LNDAGRFJIC04,WTREVTFJI,20,2037,0.58
GLOBAL,LNDAGRFJIC04,WTREVTFJI,20,2038,0.58
GLOBAL,LNDAGRFJIC04,WTREVTFJI,20,2039,0.58
GLOBAL,LNDAGRFJIC04,WTREVTFJI,20,2040,0.58
GLOBAL,LNDAGRFJIC04,WTREVTFJI,20,2041,0.58
GLOBAL,LNDAGRFJIC04,WTREVTFJI,20,2042,0.58
GLOBAL,LNDAGRFJIC04,WTREVTFJI,20,2043,0.58
GLOBAL,LNDAGRFJIC04,WTREVTFJI,20,2044,0.58
GLOBAL,LNDAGRFJIC04,WTREVTFJI,20,2045,0.58
GLOBAL,LNDAGRFJIC04,WTREVTFJI,20,2046,0.58
GLOBAL,LNDAGRFJIC04,WTREVTFJI,20,2047,0.58
GLOBAL,LNDAGRFJIC04,WTREVTFJI,20,2048,0.58
GLOBAL,LNDAGRFJIC04,WTREVTFJI,20,2049,0.58
GLOBAL,LNDAGRFJIC04,WTREVTFJI,20,2050,0.58
GLOBAL,LNDAGRFJIC04,WTRGRCFJI,20,2020,0.078
GLOBAL,LNDAGRFJIC04,WTRGRCFJI,20,2021,0.078
GLOBAL,LNDAGRFJIC04,WTRGRCFJI,20,2022,0.078
GLOBAL,LNDAGRFJIC04,WTRGRCFJI,20,2023,0.078
GLOBAL,LNDAGRFJIC04,WTRGRCFJI,20,2024,0.078
GLOBAL,LNDAGRFJIC04,WTRGRCFJI,20,2025,0.078
GLOBAL,LNDAGRFJIC04,WTRGRCFJI,20,2026,0.078
GLOBAL,LNDAGRFJIC04,WTRGRCFJI,20,2027,0.078
GLOBAL,LNDAGRFJIC04,WTRGRCFJI,20,2028,0.078
GLOBAL,LNDAGRFJIC04,WTRGRCFJI,20,2029,0.078
GLOBAL,LNDAGRFJIC04,WTRGRCFJI,20,2030,0.078
GLOBAL,LNDAGRFJIC04,WTRGRCFJI,20,2031,0.078
GLOBAL,LNDAGRFJIC04,WTRGRCFJI,20,2032,0.078
GLOBAL,LNDAGRFJIC04,WTRGRCFJI,20,2033,0.078
GLOBAL,LNDAGRFJIC04,WTRGRCFJI,20,2034,0.078
GLOBAL,LNDAGRFJIC04,WTRGRCFJI,20,2035,0.078
GLOBAL,LNDAGRFJIC04,WTRGRCFJI,20,2036,0.078
GLOBAL,LNDAGRFJIC04,WTRGRCFJI,20,2037,0.078
GLOBAL,LNDAGRFJIC04,WTRGRCFJI,20,2038,0.078
GLOBAL,LNDAGRFJIC04,WTRGRCFJI,20,2039,0.078
GLOBAL,LNDAGRFJIC04,WTRGRCFJI,20,2040,0.078
GLOBAL,LNDAGRFJIC04,WTRGRCFJI,20,2041,0.078
GLOBAL,LNDAGRFJIC04,WTRGRCFJI,20,2042,0.078
GLOBAL,LNDAGRFJIC04,WTRGRCFJI,20,2043,0.078
GLOBAL,LNDAGRFJIC04,WTRGRCFJI,20,2044,0.078
GLOBAL,LNDAGRFJIC04,WTRGRCFJI,20,2045,0.078
GLOBAL,LNDAGRFJIC04,WTRGRCFJI,20,2046,0.078
GLOBAL,LNDAGRFJIC04,WTRGRCFJI,20,2047,0.078
GLOBAL,LNDAGRFJIC04,WTRGRCFJI,20,2048,0.078
GLOBAL,LNDAGRFJIC04,WTRGRCFJI,20,2049,0.078
GLOBAL,LNDAGRFJIC04,WTRGRCFJI,20,2050,0.078
GLOBAL,LNDAGRFJIC04,WTRSURFJI,20,2020,1.4
GLOBAL,LNDAGRFJIC04,WTRSURFJI,20,2021,1.4
GLOBAL,LNDAGRFJIC04,WTRSURFJI,20,2022,1.4
GLOBAL,LNDAGRFJIC04,WTRSURFJI,20,2023,1.4
GLOBAL,LNDAGRFJIC04,WTRSURFJI,20,2024,1.4
GLOBAL,LNDAGRFJIC04,WTRSURFJI,20,2025,1.4
GLOBAL,LNDAGRFJIC04,WTRSURFJI,20,2026,1.4
GLOBAL,LNDAGRFJIC04,WTRSURFJI,20,2027,1.4
GLOBAL,LNDAGRFJIC04,WTRSURFJI,20,2028,1.4
GLOBAL,LNDAGRFJIC04,WTRSURFJI,20,2029,1.4
GLOBAL,LNDAGRFJIC04,WTRSURFJI,20,2030,1.4
GLOBAL,LNDAGRFJIC04,WTRSURFJI,20,2031,1.4
GLOBAL,LNDAGRFJIC04,WTRSURFJI,20,2032,1.4
GLOBAL,LNDAGRFJIC04,WTRSURFJI,20,2033,1.4
GLOBAL,LNDAGRFJIC04,WTRSURFJI,20,2034,1.4
GLOBAL,LNDAGRFJIC04,WTRSURFJI,20,2035,1.4
GLOBAL,LNDAGRFJIC04,WTRSURFJI,20,2036,1.4
GLOBAL,LNDAGRFJIC04,WTRSURFJI,20,2037,1.4
GLOBAL,LNDAGRFJIC04,WTRSURFJI,20,2038,1.4
GLOBAL,LNDAGRFJIC04,WTRSURFJI,20,2039,1.4
GLOBAL,LNDAGRFJIC04,WTRSURFJI,20,2040,1.4
GLOBAL,LNDAGRFJIC04,WTRSURFJI,20,2041,1.4
GLOBAL,LNDAGRFJIC04,WTRSURFJI,20,2042,1.4
GLOBAL,LNDAGRFJIC04,WTRSURFJI,20,2043,1.4
GLOBAL,LNDAGRFJIC04,WTRSURFJI,20,2044,1.4
GLOBAL,LNDAGRFJIC04,WTRSURFJI,20,2045,1.4
GLOBAL,LNDAGRFJIC04,WTRSURFJI,20,2046,1.4
GLOBAL,LNDAGRFJIC04,WTRSURFJI,20,2047,1.4
GLOBAL,LNDAGRFJIC04,WTRSURFJI,20,2048,1.4
GLOBAL,LNDAGRFJIC04,WTRSURFJI,20,2049,1.4
GLOBAL,LNDAGRFJIC04,WTRSURFJI,20,2050,1.4
GLOBAL,LNDBARTOT,LBARTOT,1,2020,1
GLOBAL,LNDBARTOT,LBARTOT,1,2021,1
GLOBAL,LNDBARTOT,LBARTOT,1,2022,1
GLOBAL,LNDBARTOT,LBARTOT,1,2023,1
GLOBAL,LNDBARTOT,LBARTOT,1,2024,1
GLOBAL,LNDBARTOT,LBARTOT,1,2025,1
GLOBAL,LNDBARTOT,LBARTOT,1,2026,1
GLOBAL,LNDBARTOT,LBARTOT,1,2027,1
GLOBAL,LNDBARTOT,LBARTOT,1,2028,1
GLOBAL,LNDBARTOT,LBARTOT,1,2029,1
GLOBAL,LNDBARTOT,LBARTOT,1,2030,1
GLOBAL,LNDBARTOT,LBARTOT,1,2031,1
GLOBAL,LNDBARTOT,LBARTOT,1,2032,1
GLOBAL,LNDBARTOT,LBARTOT,1,2033,1
GLOBAL,LNDBARTOT,LBARTOT,1,2034,1
GLOBAL,LNDBARTOT,LBARTOT,1,2035,1
GLOBAL,LNDBARTOT,LBARTOT,1,2036,1
GLOBAL,LNDBARTOT,LBARTOT,1,2037,1
GLOBAL,LNDBARTOT,LBARTOT,1,2038,1
GLOBAL,LNDBARTOT,LBARTOT,1,2039,1
GLOBAL,LNDBARTOT,LBARTOT,1,2040,1
GLOBAL,LNDBARTOT,LBARTOT,1,2041,1
GLOBAL,LNDBARTOT,LBARTOT,1,2042,1
GLOBAL,LNDBARTOT,LBARTOT,1,2043,1
GLOBAL,LNDBARTOT,LBARTOT,1,2044,1
GLOBAL,LNDBARTOT,LBARTOT,1,2045,1
GLOBAL,LNDBARTOT,LBARTOT,1,2046,1
GLOBAL,LNDBARTOT,LBARTOT,1,2047,1
GLOBAL,LNDBARTOT,LBARTOT,1,2048,1
GLOBAL,LNDBARTOT,LBARTOT,1,2049,1
GLOBAL,LNDBARTOT,LBARTOT,1,2050,1
GLOBAL,LNDAGRFJIC01,WTREVTFJI,21,2020,2.1
GLOBAL,LNDAGRFJIC01,WTREVTFJI,21,2021,2.1
GLOBAL,LNDAGRFJIC01,WTREVTFJI,21,2022,2.1
GLOBAL,LNDAGRFJIC01,WTREVTFJI,21,2023,2.1
GLOBAL,LNDAGRFJIC01,WTREVTFJI,21,2024,2.1
GLOBAL,LNDAGRFJIC01,WTREVTFJI,21,2025,2.1
GLOBAL,LNDAGRFJIC01,WTREVTFJI,21,2026,2.1
GLOBAL,LNDAGRFJIC01,WTREVTFJI,21,2027,2.1
GLOBAL,LNDAGRFJIC01,WTREVTFJI,21,2028,2.1
GLOBAL,LNDAGRFJIC01,WTREVTFJI,21,2029,2.1
GLOBAL,LNDAGRFJIC01,WTREVTFJI,21,2030,2.1
GLOBAL,LNDAGRFJIC01,WTREVTFJI,21,2031,2.1
GLOBAL,LNDAGRFJIC01,WTREVTFJI,21,2032,2.1
GLOBAL,LNDAGRFJIC01,WTREVTFJI,21,2033,2.1
GLOBAL,LNDAGRFJIC01,WTREVTFJI,21,2034,2.1
GLOBAL,LNDAGRFJIC01,WTREVTFJI,21,2035,2.1
GLOBAL,LNDAGRFJIC01,WTREVTFJI,21,2036,2.1
GLOBAL,LNDAGRFJIC01,WTREVTFJI,21,2037,2.1
GLOBAL,LNDAGRFJIC01,WTREVTFJI,21,2038,2.1
GLOBAL,LNDAGRFJIC01,WTREVTFJI,21,2039,2.1
GLOBAL,LNDAGRFJIC01,WTREVTFJI,21,2040,2.1
GLOBAL,LNDAGRFJIC01,WTREVTFJI,21,2041,2.1
GLOBAL,LNDAGRFJIC01,WTREVTFJI,21,2042,2.1
GLOBAL,LNDAGRFJIC01,WTREVTFJI,21,2043,2.1
GLOBAL,LNDAGRFJIC01,WTREVTFJI,21,2044,2.1
GLOBAL,LNDAGRFJIC01,WTREVTFJI,21,2045,2.1
GLOBAL,LNDAGRFJIC01,WTREVTFJI,21,2046,2.1
GLOBAL,LNDAGRFJIC01,WTREVTFJI,21,2047,2.1
GLOBAL,LNDAGRFJIC01,WTREVTFJI,21,2048,2.1
GLOBAL,LNDAGRFJIC01,WTREVTFJI,21,2049,2.1
GLOBAL,LNDAGRFJIC01,WTREVTFJI,21,2050,2.1
GLOBAL,LNDAGRFJIC01,WTRGRCFJI,21,2020,0.0054
GLOBAL,LNDAGRFJIC01,WTRGRCFJI,21,2021,0.0054
GLOBAL,LNDAGRFJIC01,WTRGRCFJI,21,2022,0.0054
GLOBAL,LNDAGRFJIC01,WTRGRCFJI,21,2023,0.0054
GLOBAL,LNDAGRFJIC01,WTRGRCFJI,21,2024,0.0054
GLOBAL,LNDAGRFJIC01,WTRGRCFJI,21,2025,0.0054
GLOBAL,LNDAGRFJIC01,WTRGRCFJI,21,2026,0.0054
GLOBAL,LNDAGRFJIC01,WTRGRCFJI,21,2027,0.0054
GLOBAL,LNDAGRFJIC01,WTRGRCFJI,21,2028,0.0054
GLOBAL,LNDAGRFJIC01,WTRGRCFJI,21,2029,0.0054
GLOBAL,LNDAGRFJIC01,WTRGRCFJI,21,2030,0.0054
GLOBAL,LNDAGRFJIC01,WTRGRCFJI,21,2031,0.0054
GLOBAL,LNDAGRFJIC01,WTRGRCFJI,21,2032,0.0054
GLOBAL,LNDAGRFJIC01,WTRGRCFJI,21,2033,0.0054
GLOBAL,LNDAGRFJIC01,WTRGRCFJI,21,2034,0.0054
GLOBAL,LNDAGRFJIC01,WTRGRCFJI,21,2035,0.0054
GLOBAL,LNDAGRFJIC01,WTRGRCFJI,21,2036,0.0054
GLOBAL,LNDAGRFJIC01,WTRGRCFJI,21,2037,0.0054
GLOBAL,LNDAGRFJIC01,WTRGRCFJI,21,2038,0.0054
GLOBAL,LNDAGRFJIC01,WTRGRCFJI,21,2039,0.0054
GLOBAL,LNDAGRFJIC01,WTRGRCFJI,21,2040,0.0054
GLOBAL,LNDAGRFJIC01,WTRGRCFJI,21,2041,0.0054
GLOBAL,LNDAGRFJIC01,WTRGRCFJI,21,2042,0.0054
GLOBAL,LNDAGRFJIC01,WTRGRCFJI,21,2043,0.0054
GLOBAL,LNDAGRFJIC01,WTRGRCFJI,21,2044,0.0054
GLOBAL,LNDAGRFJIC01,WTRGRCFJI,21,2045,0.0054
GLOBAL,LNDAGRFJIC01,WTRGRCFJI,21,2046,0.0054
GLOBAL,LNDAGRFJIC01,WTRGRCFJI,21,2047,0.0054
GLOBAL,LNDAGRFJIC01,WTRGRCFJI,21,2048,0.0054
GLOBAL,LNDAGRFJIC01,WTRGRCFJI,21,2049,0.0054
GLOBAL,LNDAGRFJIC01,WTRGRCFJI,21,2050,0.0054
GLOBAL,LNDAGRFJIC01,WTRSURFJI,21,2020,0.59
GLOBAL,LNDAGRFJIC01,WTRSURFJI,21,2021,0.59
GLOBAL,LNDAGRFJIC01,WTRSURFJI,21,2022,0.59
GLOBAL,LNDAGRFJIC01,WTRSURFJI,21,2023,0.59
GLOBAL,LNDAGRFJIC01,WTRSURFJI,21,2024,0.59
GLOBAL,LNDAGRFJIC01,WTRSURFJI,21,2025,0.59
GLOBAL,LNDAGRFJIC01,WTRSURFJI,21,2026,0.59
GLOBAL,LNDAGRFJIC01,WTRSURFJI,21,2027,0.59
GLOBAL,LNDAGRFJIC01,WTRSURFJI,21,2028,0.59
GLOBAL,LNDAGRFJIC01,WTRSURFJI,21,2029,0.59
GLOBAL,LNDAGRFJIC01,WTRSURFJI,21,2030,0.59
GLOBAL,LNDAGRFJIC01,WTRSURFJI,21,2031,0.59
GLOBAL,LNDAGRFJIC01,WTRSURFJI,21,2032,0.59
GLOBAL,LNDAGRFJIC01,WTRSURFJI,21,2033,0.59
GLOBAL,LNDAGRFJIC01,WTRSURFJI,21,2034,0.59
GLOBAL,LNDAGRFJIC01,WTRSURFJI,21,2035,0.59
GLOBAL,LNDAGRFJIC01,WTRSURFJI,21,2036,0.59
GLOBAL,LNDAGRFJIC01,WTRSURFJI,21,2037,0.59
GLOBAL,LNDAGRFJIC01,WTRSURFJI,21,2038,0.59
GLOBAL,LNDAGRFJIC01,WTRSURFJI,21,2039,0.59
GLOBAL,LNDAGRFJIC01,WTRSURFJI,21,2040,0.59
GLOBAL,LNDAGRFJIC01,WTRSURFJI,21,2041,0.59
GLOBAL,LNDAGRFJIC01,WTRSURFJI,21,2042,0.59
GLOBAL,LNDAGRFJIC01,WTRSURFJI,21,2043,0.59
GLOBAL,LNDAGRFJIC01,WTRSURFJI,21,2044,0.59
GLOBAL,LNDAGRFJIC01,WTRSURFJI,21,2045,0.59
GLOBAL,LNDAGRFJIC01,WTRSURFJI,21,2046,0.59
GLOBAL,LNDAGRFJIC01,WTRSURFJI,21,2047,0.59
GLOBAL,LNDAGRFJIC01,WTRSURFJI,21,2048,0.59
GLOBAL,LNDAGRFJIC01,WTRSURFJI,21,2049,0.59
GLOBAL,LNDAGRFJIC01,WTRSURFJI,21,2050,0.59
GLOBAL,LNDAGRFJIC02,WTREVTFJI,21,2020,1.9
GLOBAL,LNDAGRFJIC02,WTREVTFJI,21,2021,1.9
GLOBAL,LNDAGRFJIC02,WTREVTFJI,21,2022,1.9
GLOBAL,LNDAGRFJIC02,WTREVTFJI,21,2023,1.9
GLOBAL,LNDAGRFJIC02,WTREVTFJI,21,2024,1.9
GLOBAL,LNDAGRFJIC02,WTREVTFJI,21,2025,1.9
GLOBAL,LNDAGRFJIC02,WTREVTFJI,21,2026,1.9
GLOBAL,LNDAGRFJIC02,WTREVTFJI,21,2027,1.9
GLOBAL,LNDAGRFJIC02,WTREVTFJI,21,2028,1.9
GLOBAL,LNDAGRFJIC02,WTREVTFJI,21,2029,1.9
GLOBAL,LNDAGRFJIC02,WTREVTFJI,21,2030,1.9
GLOBAL,LNDAGRFJIC02,WTREVTFJI,21,2031,1.9
GLOBAL,LNDAGRFJIC02,WTREVTFJI,21,2032,1.9
GLOBAL,LNDAGRFJIC02,WTREVTFJI,21,2033,1.9
GLOBAL,LNDAGRFJIC02,WTREVTFJI,21,2034,1.9
GLOBAL,LNDAGRFJIC02,WTREVTFJI,21,2035,1.9
GLOBAL,LNDAGRFJIC02,WTREVTFJI,21,2036,1.9
GLOBAL,LNDAGRFJIC02,WTREVTFJI,21,2037,1.9
GLOBAL,LNDAGRFJIC02,WTREVTFJI,21,2038,1.9
GLOBAL,LNDAGRFJIC02,WTREVTFJI,21,2039,1.9
GLOBAL,LNDAGRFJIC02,WTREVTFJI,21,2040,1.9
GLOBAL,LNDAGRFJIC02,WTREVTFJI,21,2041,1.9
GLOBAL,LNDAGRFJIC02,WTREVTFJI,21,2042,1.9
GLOBAL,LNDAGRFJIC02,WTREVTFJI,21,2043,1.9
GLOBAL,LNDAGRFJIC02,WTREVTFJI,21,2044,1.9
GLOBAL,LNDAGRFJIC02,WTREVTFJI,21,2045,1.9
GLOBAL,LNDAGRFJIC02,WTREVTFJI,21,2046,1.9
GLOBAL,LNDAGRFJIC02,WTREVTFJI,21,2047,1.9
GLOBAL,LNDAGRFJIC02,WTREVTFJI,21,2048,1.9
GLOBAL,LNDAGRFJIC02,WTREVTFJI,21,2049,1.9
GLOBAL,LNDAGRFJIC02,WTREVTFJI,21,2050,1.9
GLOBAL,LNDAGRFJIC02,WTRGRCFJI,21,2020,0.0054
GLOBAL,LNDAGRFJIC02,WTRGRCFJI,21,2021,0.0054
GLOBAL,LNDAGRFJIC02,WTRGRCFJI,21,2022,0.0054
GLOBAL,LNDAGRFJIC02,WTRGRCFJI,21,2023,0.0054
GLOBAL,LNDAGRFJIC02,WTRGRCFJI,21,2024,0.0054
GLOBAL,LNDAGRFJIC02,WTRGRCFJI,21,2025,0.0054
GLOBAL,LNDAGRFJIC02,WTRGRCFJI,21,2026,0.0054
GLOBAL,LNDAGRFJIC02,WTRGRCFJI,21,2027,0.0054
GLOBAL,LNDAGRFJIC02,WTRGRCFJI,21,2028,0.0054
GLOBAL,LNDAGRFJIC02,WTRGRCFJI,21,2029,0.0054
GLOBAL,LNDAGRFJIC02,WTRGRCFJI,21,2030,0.0054
GLOBAL,LNDAGRFJIC02,WTRGRCFJI,21,2031,0.0054
GLOBAL,LNDAGRFJIC02,WTRGRCFJI,21,2032,0.0054
GLOBAL,LNDAGRFJIC02,WTRGRCFJI,21,2033,0.0054
GLOBAL,LNDAGRFJIC02,WTRGRCFJI,21,2034,0.0054
GLOBAL,LNDAGRFJIC02,WTRGRCFJI,21,2035,0.0054
GLOBAL,LNDAGRFJIC02,WTRGRCFJI,21,2036,0.0054
GLOBAL,LNDAGRFJIC02,WTRGRCFJI,21,2037,0.0054
GLOBAL,LNDAGRFJIC02,WTRGRCFJI,21,2038,0.0054
GLOBAL,LNDAGRFJIC02,WTRGRCFJI,21,2039,0.0054
GLOBAL,LNDAGRFJIC02,WTRGRCFJI,21,2040,0.0054
GLOBAL,LNDAGRFJIC02,WTRGRCFJI,21,2041,0.0054
GLOBAL,LNDAGRFJIC02,WTRGRCFJI,21,2042,0.0054
GLOBAL,LNDAGRFJIC02,WTRGRCFJI,21,2043,0.0054
GLOBAL,LNDAGRFJIC02,WTRGRCFJI,21,2044,0.0054
GLOBAL,LNDAGRFJIC02,WTRGRCFJI,21,2045,0.0054
GLOBAL,LNDAGRFJIC02,WTRGRCFJI,21,2046,0.0054
GLOBAL,LNDAGRFJIC02,WTRGRCFJI,21,2047,0.0054
GLOBAL,LNDAGRFJIC02,WTRGRCFJI,21,2048,0.0054
GLOBAL,LNDAGRFJIC02,WTRGRCFJI,21,2049,0.0054
GLOBAL,LNDAGRFJIC02,WTRGRCFJI,21,2050,0.0054
GLOBAL,LNDAGRFJIC02,WTRSURFJI,21,2020,0.59
GLOBAL,LNDAGRFJIC02,WTRSURFJI,21,2021,0.59
GLOBAL,LNDAGRFJIC02,WTRSURFJI,21,2022,0.59
GLOBAL,LNDAGRFJIC02,WTRSURFJI,21,2023,0.59
GLOBAL,LNDAGRFJIC02,WTRSURFJI,21,2024,0.59
GLOBAL,LNDAGRFJIC02,WTRSURFJI,21,2025,0.59
GLOBAL,LNDAGRFJIC02,WTRSURFJI,21,2026,0.59
GLOBAL,LNDAGRFJIC02,WTRSURFJI,21,2027,0.59
GLOBAL,LNDAGRFJIC02,WTRSURFJI,21,2028,0.59
GLOBAL,LNDAGRFJIC02,WTRSURFJI,21,2029,0.59
GLOBAL,LNDAGRFJIC02,WTRSURFJI,21,2030,0.59
GLOBAL,LNDAGRFJIC02,WTRSURFJI,21,2031,0.59
GLOBAL,LNDAGRFJIC02,WTRSURFJI,21,2032,0.59
GLOBAL,LNDAGRFJIC02,WTRSURFJI,21,2033,0.59
GLOBAL,LNDAGRFJIC02,WTRSURFJI,21,2034,0.59
GLOBAL,LNDAGRFJIC02,WTRSURFJI,21,2035,0.59
GLOBAL,LNDAGRFJIC02,WTRSURFJI,21,2036,0.59
GLOBAL,LNDAGRFJIC02,WTRSURFJI,21,2037,0.59
GLOBAL,LNDAGRFJIC02,WTRSURFJI,21,2038,0.59
GLOBAL,LNDAGRFJIC02,WTRSURFJI,21,2039,0.59
GLOBAL,LNDAGRFJIC02,WTRSURFJI,21,2040,0.59
GLOBAL,LNDAGRFJIC02,WTRSURFJI,21,2041,0.59
GLOBAL,LNDAGRFJIC02,WTRSURFJI,21,2042,0.59
GLOBAL,LNDAGRFJIC02,WTRSURFJI,21,2043,0.59
GLOBAL,LNDAGRFJIC02,WTRSURFJI,21,2044,0.59
GLOBAL,LNDAGRFJIC02,WTRSURFJI,21,2045,0.59
GLOBAL,LNDAGRFJIC02,WTRSURFJI,21,2046,0.59
GLOBAL,LNDAGRFJIC02,WTRSURFJI,21,2047,0.59
GLOBAL,LNDAGRFJIC02,WTRSURFJI,21,2048,0.59
GLOBAL,LNDAGRFJIC02,WTRSURFJI,21,2049,0.59
GLOBAL,LNDAGRFJIC02,WTRSURFJI,21,2050,0.59
GLOBAL,LNDAGRFJIC03,WTREVTFJI,21,2020,2.1
GLOBAL,LNDAGRFJIC03,WTREVTFJI,21,2021,2.1
GLOBAL,LNDAGRFJIC03,WTREVTFJI,21,2022,2.1
GLOBAL,LNDAGRFJIC03,WTREVTFJI,21,2023,2.1
GLOBAL,LNDAGRFJIC03,WTREVTFJI,21,2024,2.1
GLOBAL,LNDAGRFJIC03,WTREVTFJI,21,2025,2.1
GLOBAL,LNDAGRFJIC03,WTREVTFJI,21,2026,2.1
GLOBAL,LNDAGRFJIC03,WTREVTFJI,21,2027,2.1
GLOBAL,LNDAGRFJIC03,WTREVTFJI,21,2028,2.1
GLOBAL,LNDAGRFJIC03,WTREVTFJI,21,2029,2.1
GLOBAL,LNDAGRFJIC03,WTREVTFJI,21,2030,2.1
GLOBAL,LNDAGRFJIC03,WTREVTFJI,21,2031,2.1
GLOBAL,LNDAGRFJIC03,WTREVTFJI,21,2032,2.1
GLOBAL,LNDAGRFJIC03,WTREVTFJI,21,2033,2.1
GLOBAL,LNDAGRFJIC03,WTREVTFJI,21,2034,2.1
GLOBAL,LNDAGRFJIC03,WTREVTFJI,21,2035,2.1
GLOBAL,LNDAGRFJIC03,WTREVTFJI,21,2036,2.1
GLOBAL,LNDAGRFJIC03,WTREVTFJI,21,2037,2.1
GLOBAL,LNDAGRFJIC03,WTREVTFJI,21,2038,2.1
GLOBAL,LNDAGRFJIC03,WTREVTFJI,21,2039,2.1
GLOBAL,LNDAGRFJIC03,WTREVTFJI,21,2040,2.1
GLOBAL,LNDAGRFJIC03,WTREVTFJI,21,2041,2.1
GLOBAL,LNDAGRFJIC03,WTREVTFJI,21,2042,2.1
GLOBAL,LNDAGRFJIC03,WTREVTFJI,21,2043,2.1
GLOBAL,LNDAGRFJIC03,WTREVTFJI,21,2044,2.1
GLOBAL,LNDAGRFJIC03,WTREVTFJI,21,2045,2.1
GLOBAL,LNDAGRFJIC03,WTREVTFJI,21,2046,2.1
GLOBAL,LNDAGRFJIC03,WTREVTFJI,21,2047,2.1
GLOBAL,LNDAGRFJIC03,WTREVTFJI,21,2048,2.1
GLOBAL,LNDAGRFJIC03,WTREVTFJI,21,2049,2.1
GLOBAL,LNDAGRFJIC03,WTREVTFJI,21,2050,2.1
GLOBAL,LNDAGRFJIC03,WTRGRCFJI,21,2020,0.0054
GLOBAL,LNDAGRFJIC03,WTRGRCFJI,21,2021,0.0054
GLOBAL,LNDAGRFJIC03,WTRGRCFJI,21,2022,0.0054
GLOBAL,LNDAGRFJIC03,WTRGRCFJI,21,2023,0.0054
GLOBAL,LNDAGRFJIC03,WTRGRCFJI,21,2024,0.0054
GLOBAL,LNDAGRFJIC03,WTRGRCFJI,21,2025,0.0054
GLOBAL,LNDAGRFJIC03,WTRGRCFJI,21,2026,0.0054
GLOBAL,LNDAGRFJIC03,WTRGRCFJI,21,2027,0.0054
GLOBAL,LNDAGRFJIC03,WTRGRCFJI,21,2028,0.0054
GLOBAL,LNDAGRFJIC03,WTRGRCFJI,21,2029,0.0054
GLOBAL,LNDAGRFJIC03,WTRGRCFJI,21,2030,0.0054
GLOBAL,LNDAGRFJIC03,WTRGRCFJI,21,2031,0.0054
GLOBAL,LNDAGRFJIC03,WTRGRCFJI,21,2032,0.0054
GLOBAL,LNDAGRFJIC03,WTRGRCFJI,21,2033,0.0054
GLOBAL,LNDAGRFJIC03,WTRGRCFJI,21,2034,0.0054
GLOBAL,LNDAGRFJIC03,WTRGRCFJI,21,2035,0.0054
GLOBAL,LNDAGRFJIC03,WTRGRCFJI,21,2036,0.0054
GLOBAL,LNDAGRFJIC03,WTRGRCFJI,21,2037,0.0054
GLOBAL,LNDAGRFJIC03,WTRGRCFJI,21,2038,0.0054
GLOBAL,LNDAGRFJIC03,WTRGRCFJI,21,2039,0.0054
GLOBAL,LNDAGRFJIC03,WTRGRCFJI,21,2040,0.0054
GLOBAL,LNDAGRFJIC03,WTRGRCFJI,21,2041,0.0054
GLOBAL,LNDAGRFJIC03,WTRGRCFJI,21,2042,0.0054
GLOBAL,LNDAGRFJIC03,WTRGRCFJI,21,2043,0.0054
GLOBAL,LNDAGRFJIC03,WTRGRCFJI,21,2044,0.0054
GLOBAL,LNDAGRFJIC03,WTRGRCFJI,21,2045,0.0054
GLOBAL,LNDAGRFJIC03,WTRGRCFJI,21,2046,0.0054
GLOBAL,LNDAGRFJIC03,WTRGRCFJI,21,2047,0.0054
GLOBAL,LNDAGRFJIC03,WTRGRCFJI,21,2048,0.0054
GLOBAL,LNDAGRFJIC03,WTRGRCFJI,21,2049,0.0054
GLOBAL,LNDAGRFJIC03,WTRGRCFJI,21,2050,0.0054
GLOBAL,LNDAGRFJIC03,WTRSURFJI,21,2020,0.59
GLOBAL,LNDAGRFJIC03,WTRSURFJI,21,2021,0.59
GLOBAL,LNDAGRFJIC03,WTRSURFJI,21,2022,0.59
GLOBAL,LNDAGRFJIC03,WTRSURFJI,21,2023,0.59
GLOBAL,LNDAGRFJIC03,WTRSURFJI,21,2024,0.59
GLOBAL,LNDAGRFJIC03,WTRSURFJI,21,2025,0.59
GLOBAL,LNDAGRFJIC03,WTRSURFJI,21,2026,0.59
GLOBAL,LNDAGRFJIC03,WTRSURFJI,21,2027,0.59
GLOBAL,LNDAGRFJIC03,WTRSURFJI,21,2028,0.59
GLOBAL,LNDAGRFJIC03,WTRSURFJI,21,2029,0.59
GLOBAL,LNDAGRFJIC03,WTRSURFJI,21,2030,0.59
GLOBAL,LNDAGRFJIC03,WTRSURFJI,21,2031,0.59
GLOBAL,LNDAGRFJIC03,WTRSURFJI,21,2032,0.59
GLOBAL,LNDAGRFJIC03,WTRSURFJI,21,2033,0.59
GLOBAL,LNDAGRFJIC03,WTRSURFJI,21,2034,0.59
GLOBAL,LNDAGRFJIC03,WTRSURFJI,21,2035,0.59
GLOBAL,LNDAGRFJIC03,WTRSURFJI,21,2036,0.59
GLOBAL,LNDAGRFJIC03,WTRSURFJI,21,2037,0.59
GLOBAL,LNDAGRFJIC03,WTRSURFJI,21,2038,0.59
GLOBAL,LNDAGRFJIC03,WTRSURFJI,21,2039,0.59
GLOBAL,LNDAGRFJIC03,WTRSURFJI,21,2040,0.59
GLOBAL,LNDAGRFJIC03,WTRSURFJI,21,2041,0.59
GLOBAL,LNDAGRFJIC03,WTRSURFJI,21,2042,0.59
GLOBAL,LNDAGRFJIC03,WTRSURFJI,21,2043,0.59
GLOBAL,LNDAGRFJIC03,WTRSURFJI,21,2044,0.59
GLOBAL,LNDAGRFJIC03,WTRSURFJI,21,2045,0.59
GLOBAL,LNDAGRFJIC03,WTRSURFJI,21,2046,0.59
GLOBAL,LNDAGRFJIC03,WTRSURFJI,21,2047,0.59
GLOBAL,LNDAGRFJIC03,WTRSURFJI,21,2048,0.59
GLOBAL,LNDAGRFJIC03,WTRSURFJI,21,2049,0.59
GLOBAL,LNDAGRFJIC03,WTRSURFJI,21,2050,0.59
GLOBAL,LNDAGRFJIC04,WTREVTFJI,21,2020,1.6
GLOBAL,LNDAGRFJIC04,WTREVTFJI,21,2021,1.6
GLOBAL,LNDAGRFJIC04,WTREVTFJI,21,2022,1.6
GLOBAL,LNDAGRFJIC04,WTREVTFJI,21,2023,1.6
GLOBAL,LNDAGRFJIC04,WTREVTFJI,21,2024,1.6
GLOBAL,LNDAGRFJIC04,WTREVTFJI,21,2025,1.6
GLOBAL,LNDAGRFJIC04,WTREVTFJI,21,2026,1.6
GLOBAL,LNDAGRFJIC04,WTREVTFJI,21,2027,1.6
GLOBAL,LNDAGRFJIC04,WTREVTFJI,21,2028,1.6
GLOBAL,LNDAGRFJIC04,WTREVTFJI,21,2029,1.6
GLOBAL,LNDAGRFJIC04,WTREVTFJI,21,2030,1.6
GLOBAL,LNDAGRFJIC04,WTREVTFJI,21,2031,1.6
GLOBAL,LNDAGRFJIC04,WTREVTFJI,21,2032,1.6
GLOBAL,LNDAGRFJIC04,WTREVTFJI,21,2033,1.6
GLOBAL,LNDAGRFJIC04,WTREVTFJI,21,2034,1.6
GLOBAL,LNDAGRFJIC04,WTREVTFJI,21,2035,1.6
GLOBAL,LNDAGRFJIC04,WTREVTFJI,21,2036,1.6
GLOBAL,LNDAGRFJIC04,WTREVTFJI,21,2037,1.6
GLOBAL,LNDAGRFJIC04,WTREVTFJI,21,2038,1.6
GLOBAL,LNDAGRFJIC04,WTREVTFJI,21,2039,1.6
GLOBAL,LNDAGRFJIC04,WTREVTFJI,21,2040,1.6
GLOBAL,LNDAGRFJIC04,WTREVTFJI,21,2041,1.6
GLOBAL,LNDAGRFJIC04,WTREVTFJI,21,2042,1.6
GLOBAL,LNDAGRFJIC04,WTREVTFJI,21,2043,1.6
GLOBAL,LNDAGRFJIC04,WTREVTFJI,21,2044,1.6
GLOBAL,LNDAGRFJIC04,WTREVTFJI,21,2045,1.6
GLOBAL,LNDAGRFJIC04,WTREVTFJI,21,2046,1.6
GLOBAL,LNDAGRFJIC04,WTREVTFJI,21,2047,1.6
GLOBAL,LNDAGRFJIC04,WTREVTFJI,21,2048,1.6
GLOBAL,LNDAGRFJIC04,WTREVTFJI,21,2049,1.6
GLOBAL,LNDAGRFJIC04,WTREVTFJI,21,2050,1.6
GLOBAL,LNDAGRFJIC04,WTRGRCFJI,21,2020,0.0045
GLOBAL,LNDAGRFJIC04,WTRGRCFJI,21,2021,0.0045
GLOBAL,LNDAGRFJIC04,WTRGRCFJI,21,2022,0.0045
GLOBAL,LNDAGRFJIC04,WTRGRCFJI,21,2023,0.0045
GLOBAL,LNDAGRFJIC04,WTRGRCFJI,21,2024,0.0045
GLOBAL,LNDAGRFJIC04,WTRGRCFJI,21,2025,0.0045
GLOBAL,LNDAGRFJIC04,WTRGRCFJI,21,2026,0.0045
GLOBAL,LNDAGRFJIC04,WTRGRCFJI,21,2027,0.0045
GLOBAL,LNDAGRFJIC04,WTRGRCFJI,21,2028,0.0045
GLOBAL,LNDAGRFJIC04,WTRGRCFJI,21,2029,0.0045
GLOBAL,LNDAGRFJIC04,WTRGRCFJI,21,2030,0.0045
GLOBAL,LNDAGRFJIC04,WTRGRCFJI,21,2031,0.0045
GLOBAL,LNDAGRFJIC04,WTRGRCFJI,21,2032,0.0045
GLOBAL,LNDAGRFJIC04,WTRGRCFJI,21,2033,0.0045
GLOBAL,LNDAGRFJIC04,WTRGRCFJI,21,2034,0.0045
GLOBAL,LNDAGRFJIC04,WTRGRCFJI,21,2035,0.0045
GLOBAL,LNDAGRFJIC04,WTRGRCFJI,21,2036,0.0045
GLOBAL,LNDAGRFJIC04,WTRGRCFJI,21,2037,0.0045
GLOBAL,LNDAGRFJIC04,WTRGRCFJI,21,2038,0.0045
GLOBAL,LNDAGRFJIC04,WTRGRCFJI,21,2039,0.0045
GLOBAL,LNDAGRFJIC04,WTRGRCFJI,21,2040,0.0045
GLOBAL,LNDAGRFJIC04,WTRGRCFJI,21,2041,0.0045
GLOBAL,LNDAGRFJIC04,WTRGRCFJI,21,2042,0.0045
GLOBAL,LNDAGRFJIC04,WTRGRCFJI,21,2043,0.0045
GLOBAL,LNDAGRFJIC04,WTRGRCFJI,21,2044,0.0045
GLOBAL,LNDAGRFJIC04,WTRGRCFJI,21,2045,0.0045
GLOBAL,LNDAGRFJIC04,WTRGRCFJI,21,2046,0.0045
GLOBAL,LNDAGRFJIC04,WTRGRCFJI,21,2047,0.0045
GLOBAL,LNDAGRFJIC04,WTRGRCFJI,21,2048,0.0045
GLOBAL,LNDAGRFJIC04,WTRGRCFJI,21,2049,0.0045
GLOBAL,LNDAGRFJIC04,WTRGRCFJI,21,2050,0.0045
GLOBAL,LNDAGRFJIC04,WTRSURFJI,21,2020,0.50
GLOBAL,LNDAGRFJIC04,WTRSURFJI,21,2021,0.50
GLOBAL,LNDAGRFJIC04,WTRSURFJI,21,2022,0.50
GLOBAL,LNDAGRFJIC04,WTRSURFJI,21,2023,0.50
GLOBAL,LNDAGRFJIC04,WTRSURFJI,21,2024,0.50
GLOBAL,LNDAGRFJIC04,WTRSURFJI,21,2025,0.50
GLOBAL,LNDAGRFJIC04,WTRSURFJI,21,2026,0.50
GLOBAL,LNDAGRFJIC04,WTRSURFJI,21,2027,0.50
GLOBAL,LNDAGRFJIC04,WTRSURFJI,21,2028,0.50
GLOBAL,LNDAGRFJIC04,WTRSURFJI,21,2029,0.50
GLOBAL,LNDAGRFJIC04,WTRSURFJI,21,2030,0.50
GLOBAL,LNDAGRFJIC04,WTRSURFJI,21,2031,0.50
GLOBAL,LNDAGRFJIC04,WTRSURFJI,21,2032,0.50
GLOBAL,LNDAGRFJIC04,WTRSURFJI,21,2033,0.50
GLOBAL,LNDAGRFJIC04,WTRSURFJI,21,2034,0.50
GLOBAL,LNDAGRFJIC04,WTRSURFJI,21,2035,0.50
GLOBAL,LNDAGRFJIC04,WTRSURFJI,21,2036,0.50
GLOBAL,LNDAGRFJIC04,WTRSURFJI,21,2037,0.50
GLOBAL,LNDAGRFJIC04,WTRSURFJI,21,2038,0.50
GLOBAL,LNDAGRFJIC04,WTRSURFJI,21,2039,0.50
GLOBAL,LNDAGRFJIC04,WTRSURFJI,21,2040,0.50
GLOBAL,LNDAGRFJIC04,WTRSURFJI,21,2041,0.50
GLOBAL,LNDAGRFJIC04,WTRSURFJI,21,2042,0.50
GLOBAL,LNDAGRFJIC04,WTRSURFJI,21,2043,0.50
GLOBAL,LNDAGRFJIC04,WTRSURFJI,21,2044,0.50
GLOBAL,LNDAGRFJIC04,WTRSURFJI,21,2045,0.50
GLOBAL,LNDAGRFJIC04,WTRSURFJI,21,2046,0.50
GLOBAL,LNDAGRFJIC04,WTRSURFJI,21,2047,0.50
GLOBAL,LNDAGRFJIC04,WTRSURFJI,21,2048,0.50
GLOBAL,LNDAGRFJIC04,WTRSURFJI,21,2049,0.50
GLOBAL,LNDAGRFJIC04,WTRSURFJI,21,2050,0.50
GLOBAL,LNDBLTTOT,LBLTTOT,1,2020,1
GLOBAL,LNDBLTTOT,LBLTTOT,1,2021,1
GLOBAL,LNDBLTTOT,LBLTTOT,1,2022,1
GLOBAL,LNDBLTTOT,LBLTTOT,1,2023,1
GLOBAL,LNDBLTTOT,LBLTTOT,1,2024,1
GLOBAL,LNDBLTTOT,LBLTTOT,1,2025,1
GLOBAL,LNDBLTTOT,LBLTTOT,1,2026,1
GLOBAL,LNDBLTTOT,LBLTTOT,1,2027,1
GLOBAL,LNDBLTTOT,LBLTTOT,1,2028,1
GLOBAL,LNDBLTTOT,LBLTTOT,1,2029,1
GLOBAL,LNDBLTTOT,LBLTTOT,1,2030,1
GLOBAL,LNDBLTTOT,LBLTTOT,1,2031,1
GLOBAL,LNDBLTTOT,LBLTTOT,1,2032,1
GLOBAL,LNDBLTTOT,LBLTTOT,1,2033,1
GLOBAL,LNDBLTTOT,LBLTTOT,1,2034,1
GLOBAL,LNDBLTTOT,LBLTTOT,1,2035,1
GLOBAL,LNDBLTTOT,LBLTTOT,1,2036,1
GLOBAL,LNDBLTTOT,LBLTTOT,1,2037,1
GLOBAL,LNDBLTTOT,LBLTTOT,1,2038,1
GLOBAL,LNDBLTTOT,LBLTTOT,1,2039,1
GLOBAL,LNDBLTTOT,LBLTTOT,1,2040,1
GLOBAL,LNDBLTTOT,LBLTTOT,1,2041,1
GLOBAL,LNDBLTTOT,LBLTTOT,1,2042,1
GLOBAL,LNDBLTTOT,LBLTTOT,1,2043,1
GLOBAL,LNDBLTTOT,LBLTTOT,1,2044,1
GLOBAL,LNDBLTTOT,LBLTTOT,1,2045,1
GLOBAL,LNDBLTTOT,LBLTTOT,1,2046,1
GLOBAL,LNDBLTTOT,LBLTTOT,1,2047,1
GLOBAL,LNDBLTTOT,LBLTTOT,1,2048,1
GLOBAL,LNDBLTTOT,LBLTTOT,1,2049,1
GLOBAL,LNDBLTTOT,LBLTTOT,1,2050,1
GLOBAL,LNDAGRFJIC01,WTREVTFJI,22,2020,1.7
GLOBAL,LNDAGRFJIC01,WTREVTFJI,22,2021,1.7
GLOBAL,LNDAGRFJIC01,WTREVTFJI,22,2022,1.7
GLOBAL,LNDAGRFJIC01,WTREVTFJI,22,2023,1.7
GLOBAL,LNDAGRFJIC01,WTREVTFJI,22,2024,1.7
GLOBAL,LNDAGRFJIC01,WTREVTFJI,22,2025,1.7
GLOBAL,LNDAGRFJIC01,WTREVTFJI,22,2026,1.7
GLOBAL,LNDAGRFJIC01,WTREVTFJI,22,2027,1.7
GLOBAL,LNDAGRFJIC01,WTREVTFJI,22,2028,1.7
GLOBAL,LNDAGRFJIC01,WTREVTFJI,22,2029,1.7
GLOBAL,LNDAGRFJIC01,WTREVTFJI,22,2030,1.7
GLOBAL,LNDAGRFJIC01,WTREVTFJI,22,2031,1.7
GLOBAL,LNDAGRFJIC01,WTREVTFJI,22,2032,1.7
GLOBAL,LNDAGRFJIC01,WTREVTFJI,22,2033,1.7
GLOBAL,LNDAGRFJIC01,WTREVTFJI,22,2034,1.7
GLOBAL,LNDAGRFJIC01,WTREVTFJI,22,2035,1.7
GLOBAL,LNDAGRFJIC01,WTREVTFJI,22,2036,1.7
GLOBAL,LNDAGRFJIC01,WTREVTFJI,22,2037,1.7
GLOBAL,LNDAGRFJIC01,WTREVTFJI,22,2038,1.7
GLOBAL,LNDAGRFJIC01,WTREVTFJI,22,2039,1.7
GLOBAL,LNDAGRFJIC01,WTREVTFJI,22,2040,1.7
GLOBAL,LNDAGRFJIC01,WTREVTFJI,22,2041,1.7
GLOBAL,LNDAGRFJIC01,WTREVTFJI,22,2042,1.7
GLOBAL,LNDAGRFJIC01,WTREVTFJI,22,2043,1.7
GLOBAL,LNDAGRFJIC01,WTREVTFJI,22,2044,1.7
GLOBAL,LNDAGRFJIC01,WTREVTFJI,22,2045,1.7
GLOBAL,LNDAGRFJIC01,WTREVTFJI,22,2046,1.7
GLOBAL,LNDAGRFJIC01,WTREVTFJI,22,2047,1.7
GLOBAL,LNDAGRFJIC01,WTREVTFJI,22,2048,1.7
GLOBAL,LNDAGRFJIC01,WTREVTFJI,22,2049,1.7
GLOBAL,LNDAGRFJIC01,WTREVTFJI,22,2050,1.7
GLOBAL,LNDAGRFJIC01,WTRGRCFJI,22,2020,0.072
GLOBAL,LNDAGRFJIC01,WTRGRCFJI,22,2021,0.072
GLOBAL,LNDAGRFJIC01,WTRGRCFJI,22,2022,0.072
GLOBAL,LNDAGRFJIC01,WTRGRCFJI,22,2023,0.072
GLOBAL,LNDAGRFJIC01,WTRGRCFJI,22,2024,0.072
GLOBAL,LNDAGRFJIC01,WTRGRCFJI,22,2025,0.072
GLOBAL,LNDAGRFJIC01,WTRGRCFJI,22,2026,0.072
GLOBAL,LNDAGRFJIC01,WTRGRCFJI,22,2027,0.072
GLOBAL,LNDAGRFJIC01,WTRGRCFJI,22,2028,0.072
GLOBAL,LNDAGRFJIC01,WTRGRCFJI,22,2029,0.072
GLOBAL,LNDAGRFJIC01,WTRGRCFJI,22,2030,0.072
GLOBAL,LNDAGRFJIC01,WTRGRCFJI,22,2031,0.072
GLOBAL,LNDAGRFJIC01,WTRGRCFJI,22,2032,0.072
GLOBAL,LNDAGRFJIC01,WTRGRCFJI,22,2033,0.072
GLOBAL,LNDAGRFJIC01,WTRGRCFJI,22,2034,0.072
GLOBAL,LNDAGRFJIC01,WTRGRCFJI,22,2035,0.072
GLOBAL,LNDAGRFJIC01,WTRGRCFJI,22,2036,0.072
GLOBAL,LNDAGRFJIC01,WTRGRCFJI,22,2037,0.072
GLOBAL,LNDAGRFJIC01,WTRGRCFJI,22,2038,0.072
GLOBAL,LNDAGRFJIC01,WTRGRCFJI,22,2039,0.072
GLOBAL,LNDAGRFJIC01,WTRGRCFJI,22,2040,0.072
GLOBAL,LNDAGRFJIC01,WTRGRCFJI,22,2041,0.072
GLOBAL,LNDAGRFJIC01,WTRGRCFJI,22,2042,0.072
GLOBAL,LNDAGRFJIC01,WTRGRCFJI,22,2043,0.072
GLOBAL,LNDAGRFJIC01,WTRGRCFJI,22,2044,0.072
GLOBAL,LNDAGRFJIC01,WTRGRCFJI,22,2045,0.072
GLOBAL,LNDAGRFJIC01,WTRGRCFJI,22,2046,0.072
GLOBAL,LNDAGRFJIC01,WTRGRCFJI,22,2047,0.072
GLOBAL,LNDAGRFJIC01,WTRGRCFJI,22,2048,0.072
GLOBAL,LNDAGRFJIC01,WTRGRCFJI,22,2049,0.072
GLOBAL,LNDAGRFJIC01,WTRGRCFJI,22,2050,0.072
GLOBAL,LNDAGRFJIC01,WTRSURFJI,22,2020,0.93
GLOBAL,LNDAGRFJIC01,WTRSURFJI,22,2021,0.93
GLOBAL,LNDAGRFJIC01,WTRSURFJI,22,2022,0.93
GLOBAL,LNDAGRFJIC01,WTRSURFJI,22,2023,0.93
GLOBAL,LNDAGRFJIC01,WTRSURFJI,22,2024,0.93
GLOBAL,LNDAGRFJIC01,WTRSURFJI,22,2025,0.93
GLOBAL,LNDAGRFJIC01,WTRSURFJI,22,2026,0.93
GLOBAL,LNDAGRFJIC01,WTRSURFJI,22,2027,0.93
GLOBAL,LNDAGRFJIC01,WTRSURFJI,22,2028,0.93
GLOBAL,LNDAGRFJIC01,WTRSURFJI,22,2029,0.93
GLOBAL,LNDAGRFJIC01,WTRSURFJI,22,2030,0.93
GLOBAL,LNDAGRFJIC01,WTRSURFJI,22,2031,0.93
GLOBAL,LNDAGRFJIC01,WTRSURFJI,22,2032,0.93
GLOBAL,LNDAGRFJIC01,WTRSURFJI,22,2033,0.93
GLOBAL,LNDAGRFJIC01,WTRSURFJI,22,2034,0.93
GLOBAL,LNDAGRFJIC01,WTRSURFJI,22,2035,0.93
GLOBAL,LNDAGRFJIC01,WTRSURFJI,22,2036,0.93
GLOBAL,LNDAGRFJIC01,WTRSURFJI,22,2037,0.93
GLOBAL,LNDAGRFJIC01,WTRSURFJI,22,2038,0.93
GLOBAL,LNDAGRFJIC01,WTRSURFJI,22,2039,0.93
GLOBAL,LNDAGRFJIC01,WTRSURFJI,22,2040,0.93
GLOBAL,LNDAGRFJIC01,WTRSURFJI,22,2041,0.93
GLOBAL,LNDAGRFJIC01,WTRSURFJI,22,2042,0.93
GLOBAL,LNDAGRFJIC01,WTRSURFJI,22,2043,0.93
GLOBAL,LNDAGRFJIC01,WTRSURFJI,22,2044,0.93
GLOBAL,LNDAGRFJIC01,WTRSURFJI,22,2045,0.93
GLOBAL,LNDAGRFJIC01,WTRSURFJI,22,2046,0.93
GLOBAL,LNDAGRFJIC01,WTRSURFJI,22,2047,0.93
GLOBAL,LNDAGRFJIC01,WTRSURFJI,22,2048,0.93
GLOBAL,LNDAGRFJIC01,WTRSURFJI,22,2049,0.93
GLOBAL,LNDAGRFJIC01,WTRSURFJI,22,2050,0.93
GLOBAL,LNDAGRFJIC02,WTREVTFJI,22,2020,1.6
GLOBAL,LNDAGRFJIC02,WTREVTFJI,22,2021,1.6
GLOBAL,LNDAGRFJIC02,WTREVTFJI,22,2022,1.6
GLOBAL,LNDAGRFJIC02,WTREVTFJI,22,2023,1.6
GLOBAL,LNDAGRFJIC02,WTREVTFJI,22,2024,1.6
GLOBAL,LNDAGRFJIC02,WTREVTFJI,22,2025,1.6
GLOBAL,LNDAGRFJIC02,WTREVTFJI,22,2026,1.6
GLOBAL,LNDAGRFJIC02,WTREVTFJI,22,2027,1.6
GLOBAL,LNDAGRFJIC02,WTREVTFJI,22,2028,1.6
GLOBAL,LNDAGRFJIC02,WTREVTFJI,22,2029,1.6
GLOBAL,LNDAGRFJIC02,WTREVTFJI,22,2030,1.6
GLOBAL,LNDAGRFJIC02,WTREVTFJI,22,2031,1.6
GLOBAL,LNDAGRFJIC02,WTREVTFJI,22,2032,1.6
GLOBAL,LNDAGRFJIC02,WTREVTFJI,22,2033,1.6
GLOBAL,LNDAGRFJIC02,WTREVTFJI,22,2034,1.6
GLOBAL,LNDAGRFJIC02,WTREVTFJI,22,2035,1.6
GLOBAL,LNDAGRFJIC02,WTREVTFJI,22,2036,1.6
GLOBAL,LNDAGRFJIC02,WTREVTFJI,22,2037,1.6
GLOBAL,LNDAGRFJIC02,WTREVTFJI,22,2038,1.6
GLOBAL,LNDAGRFJIC02,WTREVTFJI,22,2039,1.6
GLOBAL,LNDAGRFJIC02,WTREVTFJI,22,2040,1.6
GLOBAL,LNDAGRFJIC02,WTREVTFJI,22,2041,1.6
GLOBAL,LNDAGRFJIC02,WTREVTFJI,22,2042,1.6
GLOBAL,LNDAGRFJIC02,WTREVTFJI,22,2043,1.6
GLOBAL,LNDAGRFJIC02,WTREVTFJI,22,2044,1.6
GLOBAL,LNDAGRFJIC02,WTREVTFJI,22,2045,1.6
GLOBAL,LNDAGRFJIC02,WTREVTFJI,22,2046,1.6
GLOBAL,LNDAGRFJIC02,WTREVTFJI,22,2047,1.6
GLOBAL,LNDAGRFJIC02,WTREVTFJI,22,2048,1.6
GLOBAL,LNDAGRFJIC02,WTREVTFJI,22,2049,1.6
GLOBAL,LNDAGRFJIC02,WTREVTFJI,22,2050,1.6
GLOBAL,LNDAGRFJIC02,WTRGRCFJI,22,2020,0.065
GLOBAL,LNDAGRFJIC02,WTRGRCFJI,22,2021,0.065
GLOBAL,LNDAGRFJIC02,WTRGRCFJI,22,2022,0.065
GLOBAL,LNDAGRFJIC02,WTRGRCFJI,22,2023,0.065
GLOBAL,LNDAGRFJIC02,WTRGRCFJI,22,2024,0.065
GLOBAL,LNDAGRFJIC02,WTRGRCFJI,22,2025,0.065
GLOBAL,LNDAGRFJIC02,WTRGRCFJI,22,2026,0.065
GLOBAL,LNDAGRFJIC02,WTRGRCFJI,22,2027,0.065
GLOBAL,LNDAGRFJIC02,WTRGRCFJI,22,2028,0.065
GLOBAL,LNDAGRFJIC02,WTRGRCFJI,22,2029,0.065
GLOBAL,LNDAGRFJIC02,WTRGRCFJI,22,2030,0.065
GLOBAL,LNDAGRFJIC02,WTRGRCFJI,22,2031,0.065
GLOBAL,LNDAGRFJIC02,WTRGRCFJI,22,2032,0.065
GLOBAL,LNDAGRFJIC02,WTRGRCFJI,22,2033,0.065
GLOBAL,LNDAGRFJIC02,WTRGRCFJI,22,2034,0.065
GLOBAL,LNDAGRFJIC02,WTRGRCFJI,22,2035,0.065
GLOBAL,LNDAGRFJIC02,WTRGRCFJI,22,2036,0.065
GLOBAL,LNDAGRFJIC02,WTRGRCFJI,22,2037,0.065
GLOBAL,LNDAGRFJIC02,WTRGRCFJI,22,2038,0.065
GLOBAL,LNDAGRFJIC02,WTRGRCFJI,22,2039,0.065
GLOBAL,LNDAGRFJIC02,WTRGRCFJI,22,2040,0.065
GLOBAL,LNDAGRFJIC02,WTRGRCFJI,22,2041,0.065
GLOBAL,LNDAGRFJIC02,WTRGRCFJI,22,2042,0.065
GLOBAL,LNDAGRFJIC02,WTRGRCFJI,22,2043,0.065
GLOBAL,LNDAGRFJIC02,WTRGRCFJI,22,2044,0.065
GLOBAL,LNDAGRFJIC02,WTRGRCFJI,22,2045,0.065
GLOBAL,LNDAGRFJIC02,WTRGRCFJI,22,2046,0.065
GLOBAL,LNDAGRFJIC02,WTRGRCFJI,22,2047,0.065
GLOBAL,LNDAGRFJIC02,WTRGRCFJI,22,2048,0.065
GLOBAL,LNDAGRFJIC02,WTRGRCFJI,22,2049,0.065
GLOBAL,LNDAGRFJIC02,WTRGRCFJI,22,2050,0.065
GLOBAL,LNDAGRFJIC02,WTRSURFJI,22,2020,0.84
GLOBAL,LNDAGRFJIC02,WTRSURFJI,22,2021,0.84
GLOBAL,LNDAGRFJIC02,WTRSURFJI,22,2022,0.84
GLOBAL,LNDAGRFJIC02,WTRSURFJI,22,2023,0.84
GLOBAL,LNDAGRFJIC02,WTRSURFJI,22,2024,0.84
GLOBAL,LNDAGRFJIC02,WTRSURFJI,22,2025,0.84
GLOBAL,LNDAGRFJIC02,WTRSURFJI,22,2026,0.84
GLOBAL,LNDAGRFJIC02,WTRSURFJI,22,2027,0.84
GLOBAL,LNDAGRFJIC02,WTRSURFJI,22,2028,0.84
GLOBAL,LNDAGRFJIC02,WTRSURFJI,22,2029,0.84
GLOBAL,LNDAGRFJIC02,WTRSURFJI,22,2030,0.84
GLOBAL,LNDAGRFJIC02,WTRSURFJI,22,2031,0.84
GLOBAL,LNDAGRFJIC02,WTRSURFJI,22,2032,0.84
GLOBAL,LNDAGRFJIC02,WTRSURFJI,22,2033,0.84
GLOBAL,LNDAGRFJIC02,WTRSURFJI,22,2034,0.84
GLOBAL,LNDAGRFJIC02,WTRSURFJI,22,2035,0.84
GLOBAL,LNDAGRFJIC02,WTRSURFJI,22,2036,0.84
GLOBAL,LNDAGRFJIC02,WTRSURFJI,22,2037,0.84
GLOBAL,LNDAGRFJIC02,WTRSURFJI,22,2038,0.84
GLOBAL,LNDAGRFJIC02,WTRSURFJI,22,2039,0.84
GLOBAL,LNDAGRFJIC02,WTRSURFJI,22,2040,0.84
GLOBAL,LNDAGRFJIC02,WTRSURFJI,22,2041,0.84
GLOBAL,LNDAGRFJIC02,WTRSURFJI,22,2042,0.84
GLOBAL,LNDAGRFJIC02,WTRSURFJI,22,2043,0.84
GLOBAL,LNDAGRFJIC02,WTRSURFJI,22,2044,0.84
GLOBAL,LNDAGRFJIC02,WTRSURFJI,22,2045,0.84
GLOBAL,LNDAGRFJIC02,WTRSURFJI,22,2046,0.84
GLOBAL,LNDAGRFJIC02,WTRSURFJI,22,2047,0.84
GLOBAL,LNDAGRFJIC02,WTRSURFJI,22,2048,0.84
GLOBAL,LNDAGRFJIC02,WTRSURFJI,22,2049,0.84
GLOBAL,LNDAGRFJIC02,WTRSURFJI,22,2050,0.84
GLOBAL,LNDAGRFJIC03,WTREVTFJI,22,2020,1.7
GLOBAL,LNDAGRFJIC03,WTREVTFJI,22,2021,1.7
GLOBAL,LNDAGRFJIC03,WTREVTFJI,22,2022,1.7
GLOBAL,LNDAGRFJIC03,WTREVTFJI,22,2023,1.7
GLOBAL,LNDAGRFJIC03,WTREVTFJI,22,2024,1.7
GLOBAL,LNDAGRFJIC03,WTREVTFJI,22,2025,1.7
GLOBAL,LNDAGRFJIC03,WTREVTFJI,22,2026,1.7
GLOBAL,LNDAGRFJIC03,WTREVTFJI,22,2027,1.7
GLOBAL,LNDAGRFJIC03,WTREVTFJI,22,2028,1.7
GLOBAL,LNDAGRFJIC03,WTREVTFJI,22,2029,1.7
GLOBAL,LNDAGRFJIC03,WTREVTFJI,22,2030,1.7
GLOBAL,LNDAGRFJIC03,WTREVTFJI,22,2031,1.7
GLOBAL,LNDAGRFJIC03,WTREVTFJI,22,2032,1.7
GLOBAL,LNDAGRFJIC03,WTREVTFJI,22,2033,1.7
GLOBAL,LNDAGRFJIC03,WTREVTFJI,22,2034,1.7
GLOBAL,LNDAGRFJIC03,WTREVTFJI,22,2035,1.7
GLOBAL,LNDAGRFJIC03,WTREVTFJI,22,2036,1.7
GLOBAL,LNDAGRFJIC03,WTREVTFJI,22,2037,1.7
GLOBAL,LNDAGRFJIC03,WTREVTFJI,22,2038,1.7
GLOBAL,LNDAGRFJIC03,WTREVTFJI,22,2039,1.7
GLOBAL,LNDAGRFJIC03,WTREVTFJI,22,2040,1.7
GLOBAL,LNDAGRFJIC03,WTREVTFJI,22,2041,1.7
GLOBAL,LNDAGRFJIC03,WTREVTFJI,22,2042,1.7
GLOBAL,LNDAGRFJIC03,WTREVTFJI,22,2043,1.7
GLOBAL,LNDAGRFJIC03,WTREVTFJI,22,2044,1.7
GLOBAL,LNDAGRFJIC03,WTREVTFJI,22,2045,1.7
GLOBAL,LNDAGRFJIC03,WTREVTFJI,22,2046,1.7
GLOBAL,LNDAGRFJIC03,WTREVTFJI,22,2047,1.7
GLOBAL,LNDAGRFJIC03,WTREVTFJI,22,2048,1.7
GLOBAL,LNDAGRFJIC03,WTREVTFJI,22,2049,1.7
GLOBAL,LNDAGRFJIC03,WTREVTFJI,22,2050,1.7
GLOBAL,LNDAGRFJIC03,WTRGRCFJI,22,2020,0.072
GLOBAL,LNDAGRFJIC03,WTRGRCFJI,22,2021,0.072
GLOBAL,LNDAGRFJIC03,WTRGRCFJI,22,2022,0.072
GLOBAL,LNDAGRFJIC03,WTRGRCFJI,22,2023,0.072
GLOBAL,LNDAGRFJIC03,WTRGRCFJI,22,2024,0.072
GLOBAL,LNDAGRFJIC03,WTRGRCFJI,22,2025,0.072
GLOBAL,LNDAGRFJIC03,WTRGRCFJI,22,2026,0.072
GLOBAL,LNDAGRFJIC03,WTRGRCFJI,22,2027,0.072
GLOBAL,LNDAGRFJIC03,WTRGRCFJI,22,2028,0.072
GLOBAL,LNDAGRFJIC03,WTRGRCFJI,22,2029,0.072
GLOBAL,LNDAGRFJIC03,WTRGRCFJI,22,2030,0.072
GLOBAL,LNDAGRFJIC03,WTRGRCFJI,22,2031,0.072
GLOBAL,LNDAGRFJIC03,WTRGRCFJI,22,2032,0.072
GLOBAL,LNDAGRFJIC03,WTRGRCFJI,22,2033,0.072
GLOBAL,LNDAGRFJIC03,WTRGRCFJI,22,2034,0.072
GLOBAL,LNDAGRFJIC03,WTRGRCFJI,22,2035,0.072
GLOBAL,LNDAGRFJIC03,WTRGRCFJI,22,2036,0.072
GLOBAL,LNDAGRFJIC03,WTRGRCFJI,22,2037,0.072
GLOBAL,LNDAGRFJIC03,WTRGRCFJI,22,2038,0.072
GLOBAL,LNDAGRFJIC03,WTRGRCFJI,22,2039,0.072
GLOBAL,LNDAGRFJIC03,WTRGRCFJI,22,2040,0.072
GLOBAL,LNDAGRFJIC03,WTRGRCFJI,22,2041,0.072
GLOBAL,LNDAGRFJIC03,WTRGRCFJI,22,2042,0.072
GLOBAL,LNDAGRFJIC03,WTRGRCFJI,22,2043,0.072
GLOBAL,LNDAGRFJIC03,WTRGRCFJI,22,2044,0.072
GLOBAL,LNDAGRFJIC03,WTRGRCFJI,22,2045,0.072
GLOBAL,LNDAGRFJIC03,WTRGRCFJI,22,2046,0.072
GLOBAL,LNDAGRFJIC03,WTRGRCFJI,22,2047,0.072
GLOBAL,LNDAGRFJIC03,WTRGRCFJI,22,2048,0.072
GLOBAL,LNDAGRFJIC03,WTRGRCFJI,22,2049,0.072
GLOBAL,LNDAGRFJIC03,WTRGRCFJI,22,2050,0.072
GLOBAL,LNDAGRFJIC03,WTRSURFJI,22,2020,0.93
GLOBAL,LNDAGRFJIC03,WTRSURFJI,22,2021,0.93
GLOBAL,LNDAGRFJIC03,WTRSURFJI,22,2022,0.93
GLOBAL,LNDAGRFJIC03,WTRSURFJI,22,2023,0.93
GLOBAL,LNDAGRFJIC03,WTRSURFJI,22,2024,0.93
GLOBAL,LNDAGRFJIC03,WTRSURFJI,22,2025,0.93
GLOBAL,LNDAGRFJIC03,WTRSURFJI,22,2026,0.93
GLOBAL,LNDAGRFJIC03,WTRSURFJI,22,2027,0.93
GLOBAL,LNDAGRFJIC03,WTRSURFJI,22,2028,0.93
GLOBAL,LNDAGRFJIC03,WTRSURFJI,22,2029,0.93
GLOBAL,LNDAGRFJIC03,WTRSURFJI,22,2030,0.93
GLOBAL,LNDAGRFJIC03,WTRSURFJI,22,2031,0.93
GLOBAL,LNDAGRFJIC03,WTRSURFJI,22,2032,0.93
GLOBAL,LNDAGRFJIC03,WTRSURFJI,22,2033,0.93
GLOBAL,LNDAGRFJIC03,WTRSURFJI,22,2034,0.93
GLOBAL,LNDAGRFJIC03,WTRSURFJI,22,2035,0.93
GLOBAL,LNDAGRFJIC03,WTRSURFJI,22,2036,0.93
GLOBAL,LNDAGRFJIC03,WTRSURFJI,22,2037,0.93
GLOBAL,LNDAGRFJIC03,WTRSURFJI,22,2038,0.93
GLOBAL,LNDAGRFJIC03,WTRSURFJI,22,2039,0.93
GLOBAL,LNDAGRFJIC03,WTRSURFJI,22,2040,0.93
GLOBAL,LNDAGRFJIC03,WTRSURFJI,22,2041,0.93
GLOBAL,LNDAGRFJIC03,WTRSURFJI,22,2042,0.93
GLOBAL,LNDAGRFJIC03,WTRSURFJI,22,2043,0.93
GLOBAL,LNDAGRFJIC03,WTRSURFJI,22,2044,0.93
GLOBAL,LNDAGRFJIC03,WTRSURFJI,22,2045,0.93
GLOBAL,LNDAGRFJIC03,WTRSURFJI,22,2046,0.93
GLOBAL,LNDAGRFJIC03,WTRSURFJI,22,2047,0.93
GLOBAL,LNDAGRFJIC03,WTRSURFJI,22,2048,0.93
GLOBAL,LNDAGRFJIC03,WTRSURFJI,22,2049,0.93
GLOBAL,LNDAGRFJIC03,WTRSURFJI,22,2050,0.93
GLOBAL,LNDAGRFJIC04,WTREVTFJI,22,2020,1.3
GLOBAL,LNDAGRFJIC04,WTREVTFJI,22,2021,1.3
GLOBAL,LNDAGRFJIC04,WTREVTFJI,22,2022,1.3
GLOBAL,LNDAGRFJIC04,WTREVTFJI,22,2023,1.3
GLOBAL,LNDAGRFJIC04,WTREVTFJI,22,2024,1.3
GLOBAL,LNDAGRFJIC04,WTREVTFJI,22,2025,1.3
GLOBAL,LNDAGRFJIC04,WTREVTFJI,22,2026,1.3
GLOBAL,LNDAGRFJIC04,WTREVTFJI,22,2027,1.3
GLOBAL,LNDAGRFJIC04,WTREVTFJI,22,2028,1.3
GLOBAL,LNDAGRFJIC04,WTREVTFJI,22,2029,1.3
GLOBAL,LNDAGRFJIC04,WTREVTFJI,22,2030,1.3
GLOBAL,LNDAGRFJIC04,WTREVTFJI,22,2031,1.3
GLOBAL,LNDAGRFJIC04,WTREVTFJI,22,2032,1.3
GLOBAL,LNDAGRFJIC04,WTREVTFJI,22,2033,1.3
GLOBAL,LNDAGRFJIC04,WTREVTFJI,22,2034,1.3
GLOBAL,LNDAGRFJIC04,WTREVTFJI,22,2035,1.3
GLOBAL,LNDAGRFJIC04,WTREVTFJI,22,2036,1.3
GLOBAL,LNDAGRFJIC04,WTREVTFJI,22,2037,1.3
GLOBAL,LNDAGRFJIC04,WTREVTFJI,22,2038,1.3
GLOBAL,LNDAGRFJIC04,WTREVTFJI,22,2039,1.3
GLOBAL,LNDAGRFJIC04,WTREVTFJI,22,2040,1.3
GLOBAL,LNDAGRFJIC04,WTREVTFJI,22,2041,1.3
GLOBAL,LNDAGRFJIC04,WTREVTFJI,22,2042,1.3
GLOBAL,LNDAGRFJIC04,WTREVTFJI,22,2043,1.3
GLOBAL,LNDAGRFJIC04,WTREVTFJI,22,2044,1.3
GLOBAL,LNDAGRFJIC04,WTREVTFJI,22,2045,1.3
GLOBAL,LNDAGRFJIC04,WTREVTFJI,22,2046,1.3
GLOBAL,LNDAGRFJIC04,WTREVTFJI,22,2047,1.3
GLOBAL,LNDAGRFJIC04,WTREVTFJI,22,2048,1.3
GLOBAL,LNDAGRFJIC04,WTREVTFJI,22,2049,1.3
GLOBAL,LNDAGRFJIC04,WTREVTFJI,22,2050,1.3
GLOBAL,LNDAGRFJIC04,WTRGRCFJI,22,2020,0.058
GLOBAL,LNDAGRFJIC04,WTRGRCFJI,22,2021,0.058
GLOBAL,LNDAGRFJIC04,WTRGRCFJI,22,2022,0.058
GLOBAL,LNDAGRFJIC04,WTRGRCFJI,22,2023,0.058
GLOBAL,LNDAGRFJIC04,WTRGRCFJI,22,2024,0.058
GLOBAL,LNDAGRFJIC04,WTRGRCFJI,22,2025,0.058
GLOBAL,LNDAGRFJIC04,WTRGRCFJI,22,2026,0.058
GLOBAL,LNDAGRFJIC04,WTRGRCFJI,22,2027,0.058
GLOBAL,LNDAGRFJIC04,WTRGRCFJI,22,2028,0.058
GLOBAL,LNDAGRFJIC04,WTRGRCFJI,22,2029,0.058
GLOBAL,LNDAGRFJIC04,WTRGRCFJI,22,2030,0.058
GLOBAL,LNDAGRFJIC04,WTRGRCFJI,22,2031,0.058
GLOBAL,LNDAGRFJIC04,WTRGRCFJI,22,2032,0.058
GLOBAL,LNDAGRFJIC04,WTRGRCFJI,22,2033,0.058
GLOBAL,LNDAGRFJIC04,WTRGRCFJI,22,2034,0.058
GLOBAL,LNDAGRFJIC04,WTRGRCFJI,22,2035,0.058
GLOBAL,LNDAGRFJIC04,WTRGRCFJI,22,2036,0.058
GLOBAL,LNDAGRFJIC04,WTRGRCFJI,22,2037,0.058
GLOBAL,LNDAGRFJIC04,WTRGRCFJI,22,2038,0.058
GLOBAL,LNDAGRFJIC04,WTRGRCFJI,22,2039,0.058
GLOBAL,LNDAGRFJIC04,WTRGRCFJI,22,2040,0.058
GLOBAL,LNDAGRFJIC04,WTRGRCFJI,22,2041,0.058
GLOBAL,LNDAGRFJIC04,WTRGRCFJI,22,2042,0.058
GLOBAL,LNDAGRFJIC04,WTRGRCFJI,22,2043,0.058
GLOBAL,LNDAGRFJIC04,WTRGRCFJI,22,2044,0.058
GLOBAL,LNDAGRFJIC04,WTRGRCFJI,22,2045,0.058
GLOBAL,LNDAGRFJIC04,WTRGRCFJI,22,2046,0.058
GLOBAL,LNDAGRFJIC04,WTRGRCFJI,22,2047,0.058
GLOBAL,LNDAGRFJIC04,WTRGRCFJI,22,2048,0.058
GLOBAL,LNDAGRFJIC04,WTRGRCFJI,22,2049,0.058
GLOBAL,LNDAGRFJIC04,WTRGRCFJI,22,2050,0.058
GLOBAL,LNDAGRFJIC04,WTRSURFJI,22,2020,0.74
GLOBAL,LNDAGRFJIC04,WTRSURFJI,22,2021,0.74
GLOBAL,LNDAGRFJIC04,WTRSURFJI,22,2022,0.74
GLOBAL,LNDAGRFJIC04,WTRSURFJI,22,2023,0.74
GLOBAL,LNDAGRFJIC04,WTRSURFJI,22,2024,0.74
GLOBAL,LNDAGRFJIC04,WTRSURFJI,22,2025,0.74
GLOBAL,LNDAGRFJIC04,WTRSURFJI,22,2026,0.74
GLOBAL,LNDAGRFJIC04,WTRSURFJI,22,2027,0.74
GLOBAL,LNDAGRFJIC04,WTRSURFJI,22,2028,0.74
GLOBAL,LNDAGRFJIC04,WTRSURFJI,22,2029,0.74
GLOBAL,LNDAGRFJIC04,WTRSURFJI,22,2030,0.74
GLOBAL,LNDAGRFJIC04,WTRSURFJI,22,2031,0.74
GLOBAL,LNDAGRFJIC04,WTRSURFJI,22,2032,0.74
GLOBAL,LNDAGRFJIC04,WTRSURFJI,22,2033,0.74
GLOBAL,LNDAGRFJIC04,WTRSURFJI,22,2034,0.74
GLOBAL,LNDAGRFJIC04,WTRSURFJI,22,2035,0.74
GLOBAL,LNDAGRFJIC04,WTRSURFJI,22,2036,0.74
GLOBAL,LNDAGRFJIC04,WTRSURFJI,22,2037,0.74
GLOBAL,LNDAGRFJIC04,WTRSURFJI,22,2038,0.74
GLOBAL,LNDAGRFJIC04,WTRSURFJI,22,2039,0.74
GLOBAL,LNDAGRFJIC04,WTRSURFJI,22,2040,0.74
GLOBAL,LNDAGRFJIC04,WTRSURFJI,22,2041,0.74
GLOBAL,LNDAGRFJIC04,WTRSURFJI,22,2042,0.74
GLOBAL,LNDAGRFJIC04,WTRSURFJI,22,2043,0.74
GLOBAL,LNDAGRFJIC04,WTRSURFJI,22,2044,0.74
GLOBAL,LNDAGRFJIC04,WTRSURFJI,22,2045,0.74
GLOBAL,LNDAGRFJIC04,WTRSURFJI,22,2046,0.74
GLOBAL,LNDAGRFJIC04,WTRSURFJI,22,2047,0.74
GLOBAL,LNDAGRFJIC04,WTRSURFJI,22,2048,0.74
GLOBAL,LNDAGRFJIC04,WTRSURFJI,22,2049,0.74
GLOBAL,LNDAGRFJIC04,WTRSURFJI,22,2050,0.74
GLOBAL,LNDFORTOT,LFORTOT,1,2020,1
GLOBAL,LNDFORTOT,LFORTOT,1,2021,1
GLOBAL,LNDFORTOT,LFORTOT,1,2022,1
GLOBAL,LNDFORTOT,LFORTOT,1,2023,1
GLOBAL,LNDFORTOT,LFORTOT,1,2024,1
GLOBAL,LNDFORTOT,LFORTOT,1,2025,1
GLOBAL,LNDFORTOT,LFORTOT,1,2026,1
GLOBAL,LNDFORTOT,LFORTOT,1,2027,1
GLOBAL,LNDFORTOT,LFORTOT,1,2028,1
GLOBAL,LNDFORTOT,LFORTOT,1,2029,1
GLOBAL,LNDFORTOT,LFORTOT,1,2030,1
GLOBAL,LNDFORTOT,LFORTOT,1,2031,1
GLOBAL,LNDFORTOT,LFORTOT,1,2032,1
GLOBAL,LNDFORTOT,LFORTOT,1,2033,1
GLOBAL,LNDFORTOT,LFORTOT,1,2034,1
GLOBAL,LNDFORTOT,LFORTOT,1,2035,1
GLOBAL,LNDFORTOT,LFORTOT,1,2036,1
GLOBAL,LNDFORTOT,LFORTOT,1,2037,1
GLOBAL,LNDFORTOT,LFORTOT,1,2038,1
GLOBAL,LNDFORTOT,LFORTOT,1,2039,1
GLOBAL,LNDFORTOT,LFORTOT,1,2040,1
GLOBAL,LNDFORTOT,LFORTOT,1,2041,1
GLOBAL,LNDFORTOT,LFORTOT,1,2042,1
GLOBAL,LNDFORTOT,LFORTOT,1,2043,1
GLOBAL,LNDFORTOT,LFORTOT,1,2044,1
GLOBAL,LNDFORTOT,LFORTOT,1,2045,1
GLOBAL,LNDFORTOT,LFORTOT,1,2046,1
GLOBAL,LNDFORTOT,LFORTOT,1,2047,1
GLOBAL,LNDFORTOT,LFORTOT,1,2048,1
GLOBAL,LNDFORTOT,LFORTOT,1,2049,1
GLOBAL,LNDFORTOT,LFORTOT,1,2050,1
GLOBAL,LNDAGRFJIC01,WTREVTFJI,23,2020,1.9
GLOBAL,LNDAGRFJIC01,WTREVTFJI,23,2021,1.9
GLOBAL,LNDAGRFJIC01,WTREVTFJI,23,2022,1.9
GLOBAL,LNDAGRFJIC01,WTREVTFJI,23,2023,1.9
GLOBAL,LNDAGRFJIC01,WTREVTFJI,23,2024,1.9
GLOBAL,LNDAGRFJIC01,WTREVTFJI,23,2025,1.9
GLOBAL,LNDAGRFJIC01,WTREVTFJI,23,2026,1.9
GLOBAL,LNDAGRFJIC01,WTREVTFJI,23,2027,1.9
GLOBAL,LNDAGRFJIC01,WTREVTFJI,23,2028,1.9
GLOBAL,LNDAGRFJIC01,WTREVTFJI,23,2029,1.9
GLOBAL,LNDAGRFJIC01,WTREVTFJI,23,2030,1.9
GLOBAL,LNDAGRFJIC01,WTREVTFJI,23,2031,1.9
GLOBAL,LNDAGRFJIC01,WTREVTFJI,23,2032,1.9
GLOBAL,LNDAGRFJIC01,WTREVTFJI,23,2033,1.9
GLOBAL,LNDAGRFJIC01,WTREVTFJI,23,2034,1.9
GLOBAL,LNDAGRFJIC01,WTREVTFJI,23,2035,1.9
GLOBAL,LNDAGRFJIC01,WTREVTFJI,23,2036,1.9
GLOBAL,LNDAGRFJIC01,WTREVTFJI,23,2037,1.9
GLOBAL,LNDAGRFJIC01,WTREVTFJI,23,2038,1.9
GLOBAL,LNDAGRFJIC01,WTREVTFJI,23,2039,1.9
GLOBAL,LNDAGRFJIC01,WTREVTFJI,23,2040,1.9
GLOBAL,LNDAGRFJIC01,WTREVTFJI,23,2041,1.9
GLOBAL,LNDAGRFJIC01,WTREVTFJI,23,2042,1.9
GLOBAL,LNDAGRFJIC01,WTREVTFJI,23,2043,1.9
GLOBAL,LNDAGRFJIC01,WTREVTFJI,23,2044,1.9
GLOBAL,LNDAGRFJIC01,WTREVTFJI,23,2045,1.9
GLOBAL,LNDAGRFJIC01,WTREVTFJI,23,2046,1.9
GLOBAL,LNDAGRFJIC01,WTREVTFJI,23,2047,1.9
GLOBAL,LNDAGRFJIC01,WTREVTFJI,23,2048,1.9
GLOBAL,LNDAGRFJIC01,WTREVTFJI,23,2049,1.9
GLOBAL,LNDAGRFJIC01,WTREVTFJI,23,2050,1.9
GLOBAL,LNDAGRFJIC01,WTRGRCFJI,23,2020,0.062
GLOBAL,LNDAGRFJIC01,WTRGRCFJI,23,2021,0.062
GLOBAL,LNDAGRFJIC01,WTRGRCFJI,23,2022,0.062
GLOBAL,LNDAGRFJIC01,WTRGRCFJI,23,2023,0.062
GLOBAL,LNDAGRFJIC01,WTRGRCFJI,23,2024,0.062
GLOBAL,LNDAGRFJIC01,WTRGRCFJI,23,2025,0.062
GLOBAL,LNDAGRFJIC01,WTRGRCFJI,23,2026,0.062
GLOBAL,LNDAGRFJIC01,WTRGRCFJI,23,2027,0.062
GLOBAL,LNDAGRFJIC01,WTRGRCFJI,23,2028,0.062
GLOBAL,LNDAGRFJIC01,WTRGRCFJI,23,2029,0.062
GLOBAL,LNDAGRFJIC01,WTRGRCFJI,23,2030,0.062
GLOBAL,LNDAGRFJIC01,WTRGRCFJI,23,2031,0.062
GLOBAL,LNDAGRFJIC01,WTRGRCFJI,23,2032,0.062
GLOBAL,LNDAGRFJIC01,WTRGRCFJI,23,2033,0.062
GLOBAL,LNDAGRFJIC01,WTRGRCFJI,23,2034,0.062
GLOBAL,LNDAGRFJIC01,WTRGRCFJI,23,2035,0.062
GLOBAL,LNDAGRFJIC01,WTRGRCFJI,23,2036,0.062
GLOBAL,LNDAGRFJIC01,WTRGRCFJI,23,2037,0.062
GLOBAL,LNDAGRFJIC01,WTRGRCFJI,23,2038,0.062
GLOBAL,LNDAGRFJIC01,WTRGRCFJI,23,2039,0.062
GLOBAL,LNDAGRFJIC01,WTRGRCFJI,23,2040,0.062
GLOBAL,LNDAGRFJIC01,WTRGRCFJI,23,2041,0.062
GLOBAL,LNDAGRFJIC01,WTRGRCFJI,23,2042,0.062
GLOBAL,LNDAGRFJIC01,WTRGRCFJI,23,2043,0.062
GLOBAL,LNDAGRFJIC01,WTRGRCFJI,23,2044,0.062
GLOBAL,LNDAGRFJIC01,WTRGRCFJI,23,2045,0.062
GLOBAL,LNDAGRFJIC01,WTRGRCFJI,23,2046,0.062
GLOBAL,LNDAGRFJIC01,WTRGRCFJI,23,2047,0.062
GLOBAL,LNDAGRFJIC01,WTRGRCFJI,23,2048,0.062
GLOBAL,LNDAGRFJIC01,WTRGRCFJI,23,2049,0.062
GLOBAL,LNDAGRFJIC01,WTRGRCFJI,23,2050,0.062
GLOBAL,LNDAGRFJIC01,WTRSURFJI,23,2020,0.74
GLOBAL,LNDAGRFJIC01,WTRSURFJI,23,2021,0.74
GLOBAL,LNDAGRFJIC01,WTRSURFJI,23,2022,0.74
GLOBAL,LNDAGRFJIC01,WTRSURFJI,23,2023,0.74
GLOBAL,LNDAGRFJIC01,WTRSURFJI,23,2024,0.74
GLOBAL,LNDAGRFJIC01,WTRSURFJI,23,2025,0.74
GLOBAL,LNDAGRFJIC01,WTRSURFJI,23,2026,0.74
GLOBAL,LNDAGRFJIC01,WTRSURFJI,23,2027,0.74
GLOBAL,LNDAGRFJIC01,WTRSURFJI,23,2028,0.74
GLOBAL,LNDAGRFJIC01,WTRSURFJI,23,2029,0.74
GLOBAL,LNDAGRFJIC01,WTRSURFJI,23,2030,0.74
GLOBAL,LNDAGRFJIC01,WTRSURFJI,23,2031,0.74
GLOBAL,LNDAGRFJIC01,WTRSURFJI,23,2032,0.74
GLOBAL,LNDAGRFJIC01,WTRSURFJI,23,2033,0.74
GLOBAL,LNDAGRFJIC01,WTRSURFJI,23,2034,0.74
GLOBAL,LNDAGRFJIC01,WTRSURFJI,23,2035,0.74
GLOBAL,LNDAGRFJIC01,WTRSURFJI,23,2036,0.74
GLOBAL,LNDAGRFJIC01,WTRSURFJI,23,2037,0.74
GLOBAL,LNDAGRFJIC01,WTRSURFJI,23,2038,0.74
GLOBAL,LNDAGRFJIC01,WTRSURFJI,23,2039,0.74
GLOBAL,LNDAGRFJIC01,WTRSURFJI,23,2040,0.74
GLOBAL,LNDAGRFJIC01,WTRSURFJI,23,2041,0.74
GLOBAL,LNDAGRFJIC01,WTRSURFJI,23,2042,0.74
GLOBAL,LNDAGRFJIC01,WTRSURFJI,23,2043,0.74
GLOBAL,LNDAGRFJIC01,WTRSURFJI,23,2044,0.74
GLOBAL,LNDAGRFJIC01,WTRSURFJI,23,2045,0.74
GLOBAL,LNDAGRFJIC01,WTRSURFJI,23,2046,0.74
GLOBAL,LNDAGRFJIC01,WTRSURFJI,23,2047,0.74
GLOBAL,LNDAGRFJIC01,WTRSURFJI,23,2048,0.74
GLOBAL,LNDAGRFJIC01,WTRSURFJI,23,2049,0.74
GLOBAL,LNDAGRFJIC01,WTRSURFJI,23,2050,0.74
GLOBAL,LNDAGRFJIC02,WTREVTFJI,23,2020,1.7
GLOBAL,LNDAGRFJIC02,WTREVTFJI,23,2021,1.7
GLOBAL,LNDAGRFJIC02,WTREVTFJI,23,2022,1.7
GLOBAL,LNDAGRFJIC02,WTREVTFJI,23,2023,1.7
GLOBAL,LNDAGRFJIC02,WTREVTFJI,23,2024,1.7
GLOBAL,LNDAGRFJIC02,WTREVTFJI,23,2025,1.7
GLOBAL,LNDAGRFJIC02,WTREVTFJI,23,2026,1.7
GLOBAL,LNDAGRFJIC02,WTREVTFJI,23,2027,1.7
GLOBAL,LNDAGRFJIC02,WTREVTFJI,23,2028,1.7
GLOBAL,LNDAGRFJIC02,WTREVTFJI,23,2029,1.7
GLOBAL,LNDAGRFJIC02,WTREVTFJI,23,2030,1.7
GLOBAL,LNDAGRFJIC02,WTREVTFJI,23,2031,1.7
GLOBAL,LNDAGRFJIC02,WTREVTFJI,23,2032,1.7
GLOBAL,LNDAGRFJIC02,WTREVTFJI,23,2033,1.7
GLOBAL,LNDAGRFJIC02,WTREVTFJI,23,2034,1.7
GLOBAL,LNDAGRFJIC02,WTREVTFJI,23,2035,1.7
GLOBAL,LNDAGRFJIC02,WTREVTFJI,23,2036,1.7
GLOBAL,LNDAGRFJIC02,WTREVTFJI,23,2037,1.7
GLOBAL,LNDAGRFJIC02,WTREVTFJI,23,2038,1.7
GLOBAL,LNDAGRFJIC02,WTREVTFJI,23,2039,1.7
GLOBAL,LNDAGRFJIC02,WTREVTFJI,23,2040,1.7
GLOBAL,LNDAGRFJIC02,WTREVTFJI,23,2041,1.7
GLOBAL,LNDAGRFJIC02,WTREVTFJI,23,2042,1.7
GLOBAL,LNDAGRFJIC02,WTREVTFJI,23,2043,1.7
GLOBAL,LNDAGRFJIC02,WTREVTFJI,23,2044,1.7
GLOBAL,LNDAGRFJIC02,WTREVTFJI,23,2045,1.7
GLOBAL,LNDAGRFJIC02,WTREVTFJI,23,2046,1.7
GLOBAL,LNDAGRFJIC02,WTREVTFJI,23,2047,1.7
GLOBAL,LNDAGRFJIC02,WTREVTFJI,23,2048,1.7
GLOBAL,LNDAGRFJIC02,WTREVTFJI,23,2049,1.7
GLOBAL,LNDAGRFJIC02,WTREVTFJI,23,2050,1.7
GLOBAL,LNDAGRFJIC02,WTRGRCFJI,23,2020,0.062
GLOBAL,LNDAGRFJIC02,WTRGRCFJI,23,2021,0.062
GLOBAL,LNDAGRFJIC02,WTRGRCFJI,23,2022,0.062
GLOBAL,LNDAGRFJIC02,WTRGRCFJI,23,2023,0.062
GLOBAL,LNDAGRFJIC02,WTRGRCFJI,23,2024,0.062
GLOBAL,LNDAGRFJIC02,WTRGRCFJI,23,2025,0.062
GLOBAL,LNDAGRFJIC02,WTRGRCFJI,23,2026,0.062
GLOBAL,LNDAGRFJIC02,WTRGRCFJI,23,2027,0.062
GLOBAL,LNDAGRFJIC02,WTRGRCFJI,23,2028,0.062
GLOBAL,LNDAGRFJIC02,WTRGRCFJI,23,2029,0.062
GLOBAL,LNDAGRFJIC02,WTRGRCFJI,23,2030,0.062
GLOBAL,LNDAGRFJIC02,WTRGRCFJI,23,2031,0.062
GLOBAL,LNDAGRFJIC02,WTRGRCFJI,23,2032,0.062
GLOBAL,LNDAGRFJIC02,WTRGRCFJI,23,2033,0.062
GLOBAL,LNDAGRFJIC02,WTRGRCFJI,23,2034,0.062
GLOBAL,LNDAGRFJIC02,WTRGRCFJI,23,2035,0.062
GLOBAL,LNDAGRFJIC02,WTRGRCFJI,23,2036,0.062
GLOBAL,LNDAGRFJIC02,WTRGRCFJI,23,2037,0.062
GLOBAL,LNDAGRFJIC02,WTRGRCFJI,23,2038,0.062
GLOBAL,LNDAGRFJIC02,WTRGRCFJI,23,2039,0.062
GLOBAL,LNDAGRFJIC02,WTRGRCFJI,23,2040,0.062
GLOBAL,LNDAGRFJIC02,WTRGRCFJI,23,2041,0.062
GLOBAL,LNDAGRFJIC02,WTRGRCFJI,23,2042,0.062
GLOBAL,LNDAGRFJIC02,WTRGRCFJI,23,2043,0.062
GLOBAL,LNDAGRFJIC02,WTRGRCFJI,23,2044,0.062
GLOBAL,LNDAGRFJIC02,WTRGRCFJI,23,2045,0.062
GLOBAL,LNDAGRFJIC02,WTRGRCFJI,23,2046,0.062
GLOBAL,LNDAGRFJIC02,WTRGRCFJI,23,2047,0.062
GLOBAL,LNDAGRFJIC02,WTRGRCFJI,23,2048,0.062
GLOBAL,LNDAGRFJIC02,WTRGRCFJI,23,2049,0.062
GLOBAL,LNDAGRFJIC02,WTRGRCFJI,23,2050,0.062
GLOBAL,LNDAGRFJIC02,WTRSURFJI,23,2020,0.74
GLOBAL,LNDAGRFJIC02,WTRSURFJI,23,2021,0.74
GLOBAL,LNDAGRFJIC02,WTRSURFJI,23,2022,0.74
GLOBAL,LNDAGRFJIC02,WTRSURFJI,23,2023,0.74
GLOBAL,LNDAGRFJIC02,WTRSURFJI,23,2024,0.74
GLOBAL,LNDAGRFJIC02,WTRSURFJI,23,2025,0.74
GLOBAL,LNDAGRFJIC02,WTRSURFJI,23,2026,0.74
GLOBAL,LNDAGRFJIC02,WTRSURFJI,23,2027,0.74
GLOBAL,LNDAGRFJIC02,WTRSURFJI,23,2028,0.74
GLOBAL,LNDAGRFJIC02,WTRSURFJI,23,2029,0.74
GLOBAL,LNDAGRFJIC02,WTRSURFJI,23,2030,0.74
GLOBAL,LNDAGRFJIC02,WTRSURFJI,23,2031,0.74
GLOBAL,LNDAGRFJIC02,WTRSURFJI,23,2032,0.74
GLOBAL,LNDAGRFJIC02,WTRSURFJI,23,2033,0.74
GLOBAL,LNDAGRFJIC02,WTRSURFJI,23,2034,0.74
GLOBAL,LNDAGRFJIC02,WTRSURFJI,23,2035,0.74
GLOBAL,LNDAGRFJIC02,WTRSURFJI,23,2036,0.74
GLOBAL,LNDAGRFJIC02,WTRSURFJI,23,2037,0.74
GLOBAL,LNDAGRFJIC02,WTRSURFJI,23,2038,0.74
GLOBAL,LNDAGRFJIC02,WTRSURFJI,23,2039,0.74
GLOBAL,LNDAGRFJIC02,WTRSURFJI,23,2040,0.74
GLOBAL,LNDAGRFJIC02,WTRSURFJI,23,2041,0.74
GLOBAL,LNDAGRFJIC02,WTRSURFJI,23,2042,0.74
GLOBAL,LNDAGRFJIC02,WTRSURFJI,23,2043,0.74
GLOBAL,LNDAGRFJIC02,WTRSURFJI,23,2044,0.74
GLOBAL,LNDAGRFJIC02,WTRSURFJI,23,2045,0.74
GLOBAL,LNDAGRFJIC02,WTRSURFJI,23,2046,0.74
GLOBAL,LNDAGRFJIC02,WTRSURFJI,23,2047,0.74
GLOBAL,LNDAGRFJIC02,WTRSURFJI,23,2048,0.74
GLOBAL,LNDAGRFJIC02,WTRSURFJI,23,2049,0.74
GLOBAL,LNDAGRFJIC02,WTRSURFJI,23,2050,0.74
GLOBAL,LNDAGRFJIC03,WTREVTFJI,23,2020,1.9
GLOBAL,LNDAGRFJIC03,WTREVTFJI,23,2021,1.9
GLOBAL,LNDAGRFJIC03,WTREVTFJI,23,2022,1.9
GLOBAL,LNDAGRFJIC03,WTREVTFJI,23,2023,1.9
GLOBAL,LNDAGRFJIC03,WTREVTFJI,23,2024,1.9
GLOBAL,LNDAGRFJIC03,WTREVTFJI,23,2025,1.9
GLOBAL,LNDAGRFJIC03,WTREVTFJI,23,2026,1.9
GLOBAL,LNDAGRFJIC03,WTREVTFJI,23,2027,1.9
GLOBAL,LNDAGRFJIC03,WTREVTFJI,23,2028,1.9
GLOBAL,LNDAGRFJIC03,WTREVTFJI,23,2029,1.9
GLOBAL,LNDAGRFJIC03,WTREVTFJI,23,2030,1.9
GLOBAL,LNDAGRFJIC03,WTREVTFJI,23,2031,1.9
GLOBAL,LNDAGRFJIC03,WTREVTFJI,23,2032,1.9
GLOBAL,LNDAGRFJIC03,WTREVTFJI,23,2033,1.9
GLOBAL,LNDAGRFJIC03,WTREVTFJI,23,2034,1.9
GLOBAL,LNDAGRFJIC03,WTREVTFJI,23,2035,1.9
GLOBAL,LNDAGRFJIC03,WTREVTFJI,23,2036,1.9
GLOBAL,LNDAGRFJIC03,WTREVTFJI,23,2037,1.9
GLOBAL,LNDAGRFJIC03,WTREVTFJI,23,2038,1.9
GLOBAL,LNDAGRFJIC03,WTREVTFJI,23,2039,1.9
GLOBAL,LNDAGRFJIC03,WTREVTFJI,23,2040,1.9
GLOBAL,LNDAGRFJIC03,WTREVTFJI,23,2041,1.9
GLOBAL,LNDAGRFJIC03,WTREVTFJI,23,2042,1.9
GLOBAL,LNDAGRFJIC03,WTREVTFJI,23,2043,1.9
GLOBAL,LNDAGRFJIC03,WTREVTFJI,23,2044,1.9
GLOBAL,LNDAGRFJIC03,WTREVTFJI,23,2045,1.9
GLOBAL,LNDAGRFJIC03,WTREVTFJI,23,2046,1.9
GLOBAL,LNDAGRFJIC03,WTREVTFJI,23,2047,1.9
GLOBAL,LNDAGRFJIC03,WTREVTFJI,23,2048,1.9
GLOBAL,LNDAGRFJIC03,WTREVTFJI,23,2049,1.9
GLOBAL,LNDAGRFJIC03,WTREVTFJI,23,2050,1.9
GLOBAL,LNDAGRFJIC03,WTRGRCFJI,23,2020,0.062
GLOBAL,LNDAGRFJIC03,WTRGRCFJI,23,2021,0.062
GLOBAL,LNDAGRFJIC03,WTRGRCFJI,23,2022,0.062
GLOBAL,LNDAGRFJIC03,WTRGRCFJI,23,2023,0.062
GLOBAL,LNDAGRFJIC03,WTRGRCFJI,23,2024,0.062
GLOBAL,LNDAGRFJIC03,WTRGRCFJI,23,2025,0.062
GLOBAL,LNDAGRFJIC03,WTRGRCFJI,23,2026,0.062
GLOBAL,LNDAGRFJIC03,WTRGRCFJI,23,2027,0.062
GLOBAL,LNDAGRFJIC03,WTRGRCFJI,23,2028,0.062
GLOBAL,LNDAGRFJIC03,WTRGRCFJI,23,2029,0.062
GLOBAL,LNDAGRFJIC03,WTRGRCFJI,23,2030,0.062
GLOBAL,LNDAGRFJIC03,WTRGRCFJI,23,2031,0.062
GLOBAL,LNDAGRFJIC03,WTRGRCFJI,23,2032,0.062
GLOBAL,LNDAGRFJIC03,WTRGRCFJI,23,2033,0.062
GLOBAL,LNDAGRFJIC03,WTRGRCFJI,23,2034,0.062
GLOBAL,LNDAGRFJIC03,WTRGRCFJI,23,2035,0.062
GLOBAL,LNDAGRFJIC03,WTRGRCFJI,23,2036,0.062
GLOBAL,LNDAGRFJIC03,WTRGRCFJI,23,2037,0.062
GLOBAL,LNDAGRFJIC03,WTRGRCFJI,23,2038,0.062
GLOBAL,LNDAGRFJIC03,WTRGRCFJI,23,2039,0.062
GLOBAL,LNDAGRFJIC03,WTRGRCFJI,23,2040,0.062
GLOBAL,LNDAGRFJIC03,WTRGRCFJI,23,2041,0.062
GLOBAL,LNDAGRFJIC03,WTRGRCFJI,23,2042,0.062
GLOBAL,LNDAGRFJIC03,WTRGRCFJI,23,2043,0.062
GLOBAL,LNDAGRFJIC03,WTRGRCFJI,23,2044,0.062
GLOBAL,LNDAGRFJIC03,WTRGRCFJI,23,2045,0.062
GLOBAL,LNDAGRFJIC03,WTRGRCFJI,23,2046,0.062
GLOBAL,LNDAGRFJIC03,WTRGRCFJI,23,2047,0.062
GLOBAL,LNDAGRFJIC03,WTRGRCFJI,23,2048,0.062
GLOBAL,LNDAGRFJIC03,WTRGRCFJI,23,2049,0.062
GLOBAL,LNDAGRFJIC03,WTRGRCFJI,23,2050,0.062
GLOBAL,LNDAGRFJIC03,WTRSURFJI,23,2020,0.74
GLOBAL,LNDAGRFJIC03,WTRSURFJI,23,2021,0.74
GLOBAL,LNDAGRFJIC03,WTRSURFJI,23,2022,0.74
GLOBAL,LNDAGRFJIC03,WTRSURFJI,23,2023,0.74
GLOBAL,LNDAGRFJIC03,WTRSURFJI,23,2024,0.74
GLOBAL,LNDAGRFJIC03,WTRSURFJI,23,2025,0.74
GLOBAL,LNDAGRFJIC03,WTRSURFJI,23,2026,0.74
GLOBAL,LNDAGRFJIC03,WTRSURFJI,23,2027,0.74
GLOBAL,LNDAGRFJIC03,WTRSURFJI,23,2028,0.74
GLOBAL,LNDAGRFJIC03,WTRSURFJI,23,2029,0.74
GLOBAL,LNDAGRFJIC03,WTRSURFJI,23,2030,0.74
GLOBAL,LNDAGRFJIC03,WTRSURFJI,23,2031,0.74
GLOBAL,LNDAGRFJIC03,WTRSURFJI,23,2032,0.74
GLOBAL,LNDAGRFJIC03,WTRSURFJI,23,2033,0.74
GLOBAL,LNDAGRFJIC03,WTRSURFJI,23,2034,0.74
GLOBAL,LNDAGRFJIC03,WTRSURFJI,23,2035,0.74
GLOBAL,LNDAGRFJIC03,WTRSURFJI,23,2036,0.74
GLOBAL,LNDAGRFJIC03,WTRSURFJI,23,2037,0.74
GLOBAL,LNDAGRFJIC03,WTRSURFJI,23,2038,0.74
GLOBAL,LNDAGRFJIC03,WTRSURFJI,23,2039,0.74
GLOBAL,LNDAGRFJIC03,WTRSURFJI,23,2040,0.74
GLOBAL,LNDAGRFJIC03,WTRSURFJI,23,2041,0.74
GLOBAL,LNDAGRFJIC03,WTRSURFJI,23,2042,0.74
GLOBAL,LNDAGRFJIC03,WTRSURFJI,23,2043,0.74
GLOBAL,LNDAGRFJIC03,WTRSURFJI,23,2044,0.74
GLOBAL,LNDAGRFJIC03,WTRSURFJI,23,2045,0.74
GLOBAL,LNDAGRFJIC03,WTRSURFJI,23,2046,0.74
GLOBAL,LNDAGRFJIC03,WTRSURFJI,23,2047,0.74
GLOBAL,LNDAGRFJIC03,WTRSURFJI,23,2048,0.74
GLOBAL,LNDAGRFJIC03,WTRSURFJI,23,2049,0.74
GLOBAL,LNDAGRFJIC03,WTRSURFJI,23,2050,0.74
GLOBAL,LNDAGRFJIC04,WTREVTFJI,23,2020,1.5
GLOBAL,LNDAGRFJIC04,WTREVTFJI,23,2021,1.5
GLOBAL,LNDAGRFJIC04,WTREVTFJI,23,2022,1.5
GLOBAL,LNDAGRFJIC04,WTREVTFJI,23,2023,1.5
GLOBAL,LNDAGRFJIC04,WTREVTFJI,23,2024,1.5
GLOBAL,LNDAGRFJIC04,WTREVTFJI,23,2025,1.5
GLOBAL,LNDAGRFJIC04,WTREVTFJI,23,2026,1.5
GLOBAL,LNDAGRFJIC04,WTREVTFJI,23,2027,1.5
GLOBAL,LNDAGRFJIC04,WTREVTFJI,23,2028,1.5
GLOBAL,LNDAGRFJIC04,WTREVTFJI,23,2029,1.5
GLOBAL,LNDAGRFJIC04,WTREVTFJI,23,2030,1.5
GLOBAL,LNDAGRFJIC04,WTREVTFJI,23,2031,1.5
GLOBAL,LNDAGRFJIC04,WTREVTFJI,23,2032,1.5
GLOBAL,LNDAGRFJIC04,WTREVTFJI,23,2033,1.5
GLOBAL,LNDAGRFJIC04,WTREVTFJI,23,2034,1.5
GLOBAL,LNDAGRFJIC04,WTREVTFJI,23,2035,1.5
GLOBAL,LNDAGRFJIC04,WTREVTFJI,23,2036,1.5
GLOBAL,LNDAGRFJIC04,WTREVTFJI,23,2037,1.5
GLOBAL,LNDAGRFJIC04,WTREVTFJI,23,2038,1.5
GLOBAL,LNDAGRFJIC04,WTREVTFJI,23,2039,1.5
GLOBAL,LNDAGRFJIC04,WTREVTFJI,23,2040,1.5
GLOBAL,LNDAGRFJIC04,WTREVTFJI,23,2041,1.5
GLOBAL,LNDAGRFJIC04,WTREVTFJI,23,2042,1.5
GLOBAL,LNDAGRFJIC04,WTREVTFJI,23,2043,1.5
GLOBAL,LNDAGRFJIC04,WTREVTFJI,23,2044,1.5
GLOBAL,LNDAGRFJIC04,WTREVTFJI,23,2045,1.5
GLOBAL,LNDAGRFJIC04,WTREVTFJI,23,2046,1.5
GLOBAL,LNDAGRFJIC04,WTREVTFJI,23,2047,1.5
GLOBAL,LNDAGRFJIC04,WTREVTFJI,23,2048,1.5
GLOBAL,LNDAGRFJIC04,WTREVTFJI,23,2049,1.5
GLOBAL,LNDAGRFJIC04,WTREVTFJI,23,2050,1.5
GLOBAL,LNDAGRFJIC04,WTRGRCFJI,23,2020,0.046
GLOBAL,LNDAGRFJIC04,WTRGRCFJI,23,2021,0.046
GLOBAL,LNDAGRFJIC04,WTRGRCFJI,23,2022,0.046
GLOBAL,LNDAGRFJIC04,WTRGRCFJI,23,2023,0.046
GLOBAL,LNDAGRFJIC04,WTRGRCFJI,23,2024,0.046
GLOBAL,LNDAGRFJIC04,WTRGRCFJI,23,2025,0.046
GLOBAL,LNDAGRFJIC04,WTRGRCFJI,23,2026,0.046
GLOBAL,LNDAGRFJIC04,WTRGRCFJI,23,2027,0.046
GLOBAL,LNDAGRFJIC04,WTRGRCFJI,23,2028,0.046
GLOBAL,LNDAGRFJIC04,WTRGRCFJI,23,2029,0.046
GLOBAL,LNDAGRFJIC04,WTRGRCFJI,23,2030,0.046
GLOBAL,LNDAGRFJIC04,WTRGRCFJI,23,2031,0.046
GLOBAL,LNDAGRFJIC04,WTRGRCFJI,23,2032,0.046
GLOBAL,LNDAGRFJIC04,WTRGRCFJI,23,2033,0.046
GLOBAL,LNDAGRFJIC04,WTRGRCFJI,23,2034,0.046
GLOBAL,LNDAGRFJIC04,WTRGRCFJI,23,2035,0.046
GLOBAL,LNDAGRFJIC04,WTRGRCFJI,23,2036,0.046
GLOBAL,LNDAGRFJIC04,WTRGRCFJI,23,2037,0.046
GLOBAL,LNDAGRFJIC04,WTRGRCFJI,23,2038,0.046
GLOBAL,LNDAGRFJIC04,WTRGRCFJI,23,2039,0.046
GLOBAL,LNDAGRFJIC04,WTRGRCFJI,23,2040,0.046
GLOBAL,LNDAGRFJIC04,WTRGRCFJI,23,2041,0.046
GLOBAL,LNDAGRFJIC04,WTRGRCFJI,23,2042,0.046
GLOBAL,LNDAGRFJIC04,WTRGRCFJI,23,2043,0.046
GLOBAL,LNDAGRFJIC04,WTRGRCFJI,23,2044,0.046
GLOBAL,LNDAGRFJIC04,WTRGRCFJI,23,2045,0.046
GLOBAL,LNDAGRFJIC04,WTRGRCFJI,23,2046,0.046
GLOBAL,LNDAGRFJIC04,WTRGRCFJI,23,2047,0.046
GLOBAL,LNDAGRFJIC04,WTRGRCFJI,23,2048,0.046
GLOBAL,LNDAGRFJIC04,WTRGRCFJI,23,2049,0.046
GLOBAL,LNDAGRFJIC04,WTRGRCFJI,23,2050,0.046
GLOBAL,LNDAGRFJIC04,WTRSURFJI,23,2020,0.55
GLOBAL,LNDAGRFJIC04,WTRSURFJI,23,2021,0.55
GLOBAL,LNDAGRFJIC04,WTRSURFJI,23,2022,0.55
GLOBAL,LNDAGRFJIC04,WTRSURFJI,23,2023,0.55
GLOBAL,LNDAGRFJIC04,WTRSURFJI,23,2024,0.55
GLOBAL,LNDAGRFJIC04,WTRSURFJI,23,2025,0.55
GLOBAL,LNDAGRFJIC04,WTRSURFJI,23,2026,0.55
GLOBAL,LNDAGRFJIC04,WTRSURFJI,23,2027,0.55
GLOBAL,LNDAGRFJIC04,WTRSURFJI,23,2028,0.55
GLOBAL,LNDAGRFJIC04,WTRSURFJI,23,2029,0.55
GLOBAL,LNDAGRFJIC04,WTRSURFJI,23,2030,0.55
GLOBAL,LNDAGRFJIC04,WTRSURFJI,23,2031,0.55
GLOBAL,LNDAGRFJIC04,WTRSURFJI,23,2032,0.55
GLOBAL,LNDAGRFJIC04,WTRSURFJI,23,2033,0.55
GLOBAL,LNDAGRFJIC04,WTRSURFJI,23,2034,0.55
GLOBAL,LNDAGRFJIC04,WTRSURFJI,23,2035,0.55
GLOBAL,LNDAGRFJIC04,WTRSURFJI,23,2036,0.55
GLOBAL,LNDAGRFJIC04,WTRSURFJI,23,2037,0.55
GLOBAL,LNDAGRFJIC04,WTRSURFJI,23,2038,0.55
GLOBAL,LNDAGRFJIC04,WTRSURFJI,23,2039,0.55
GLOBAL,LNDAGRFJIC04,WTRSURFJI,23,2040,0.55
GLOBAL,LNDAGRFJIC04,WTRSURFJI,23,2041,0.55
GLOBAL,LNDAGRFJIC04,WTRSURFJI,23,2042,0.55
GLOBAL,LNDAGRFJIC04,WTRSURFJI,23,2043,0.55
GLOBAL,LNDAGRFJIC04,WTRSURFJI,23,2044,0.55
GLOBAL,LNDAGRFJIC04,WTRSURFJI,23,2045,0.55
GLOBAL,LNDAGRFJIC04,WTRSURFJI,23,2046,0.55
GLOBAL,LNDAGRFJIC04,WTRSURFJI,23,2047,0.55
GLOBAL,LNDAGRFJIC04,WTRSURFJI,23,2048,0.55
GLOBAL,LNDAGRFJIC04,WTRSURFJI,23,2049,0.55
GLOBAL,LNDAGRFJIC04,WTRSURFJI,23,2050,0.55
GLOBAL,LNDGRSTOT,LGRSTOT,1,2020,1
GLOBAL,LNDGRSTOT,LGRSTOT,1,2021,1
GLOBAL,LNDGRSTOT,LGRSTOT,1,2022,1
GLOBAL,LNDGRSTOT,LGRSTOT,1,2023,1
GLOBAL,LNDGRSTOT,LGRSTOT,1,2024,1
GLOBAL,LNDGRSTOT,LGRSTOT,1,2025,1
GLOBAL,LNDGRSTOT,LGRSTOT,1,2026,1
GLOBAL,LNDGRSTOT,LGRSTOT,1,2027,1
GLOBAL,LNDGRSTOT,LGRSTOT,1,2028,1
GLOBAL,LNDGRSTOT,LGRSTOT,1,2029,1
GLOBAL,LNDGRSTOT,LGRSTOT,1,2030,1
GLOBAL,LNDGRSTOT,LGRSTOT,1,2031,1
GLOBAL,LNDGRSTOT,LGRSTOT,1,2032,1
GLOBAL,LNDGRSTOT,LGRSTOT,1,2033,1
GLOBAL,LNDGRSTOT,LGRSTOT,1,2034,1
GLOBAL,LNDGRSTOT,LGRSTOT,1,2035,1
GLOBAL,LNDGRSTOT,LGRSTOT,1,2036,1
GLOBAL,LNDGRSTOT,LGRSTOT,1,2037,1
GLOBAL,LNDGRSTOT,LGRSTOT,1,2038,1
GLOBAL,LNDGRSTOT,LGRSTOT,1,2039,1
GLOBAL,LNDGRSTOT,LGRSTOT,1,2040,1
GLOBAL,LNDGRSTOT,LGRSTOT,1,2041,1
GLOBAL,LNDGRSTOT,LGRSTOT,1,2042,1
GLOBAL,LNDGRSTOT,LGRSTOT,1,2043,1
GLOBAL,LNDGRSTOT,LGRSTOT,1,2044,1
GLOBAL,LNDGRSTOT,LGRSTOT,1,2045,1
GLOBAL,LNDGRSTOT,LGRSTOT,1,2046,1
GLOBAL,LNDGRSTOT,LGRSTOT,1,2047,1
GLOBAL,LNDGRSTOT,LGRSTOT,1,2048,1
GLOBAL,LNDGRSTOT,LGRSTOT,1,2049,1
GLOBAL,LNDGRSTOT,LGRSTOT,1,2050,1
GLOBAL,LNDAGRFJIC01,WTREVTFJI,24,2020,1.9
GLOBAL,LNDAGRFJIC01,WTREVTFJI,24,2021,1.9
GLOBAL,LNDAGRFJIC01,WTREVTFJI,24,2022,1.9
GLOBAL,LNDAGRFJIC01,WTREVTFJI,24,2023,1.9
GLOBAL,LNDAGRFJIC01,WTREVTFJI,24,2024,1.9
GLOBAL,LNDAGRFJIC01,WTREVTFJI,24,2025,1.9
GLOBAL,LNDAGRFJIC01,WTREVTFJI,24,2026,1.9
GLOBAL,LNDAGRFJIC01,WTREVTFJI,24,2027,1.9
GLOBAL,LNDAGRFJIC01,WTREVTFJI,24,2028,1.9
GLOBAL,LNDAGRFJIC01,WTREVTFJI,24,2029,1.9
GLOBAL,LNDAGRFJIC01,WTREVTFJI,24,2030,1.9
GLOBAL,LNDAGRFJIC01,WTREVTFJI,24,2031,1.9
GLOBAL,LNDAGRFJIC01,WTREVTFJI,24,2032,1.9
GLOBAL,LNDAGRFJIC01,WTREVTFJI,24,2033,1.9
GLOBAL,LNDAGRFJIC01,WTREVTFJI,24,2034,1.9
GLOBAL,LNDAGRFJIC01,WTREVTFJI,24,2035,1.9
GLOBAL,LNDAGRFJIC01,WTREVTFJI,24,2036,1.9
GLOBAL,LNDAGRFJIC01,WTREVTFJI,24,2037,1.9
GLOBAL,LNDAGRFJIC01,WTREVTFJI,24,2038,1.9
GLOBAL,LNDAGRFJIC01,WTREVTFJI,24,2039,1.9
GLOBAL,LNDAGRFJIC01,WTREVTFJI,24,2040,1.9
GLOBAL,LNDAGRFJIC01,WTREVTFJI,24,2041,1.9
GLOBAL,LNDAGRFJIC01,WTREVTFJI,24,2042,1.9
GLOBAL,LNDAGRFJIC01,WTREVTFJI,24,2043,1.9
GLOBAL,LNDAGRFJIC01,WTREVTFJI,24,2044,1.9
GLOBAL,LNDAGRFJIC01,WTREVTFJI,24,2045,1.9
GLOBAL,LNDAGRFJIC01,WTREVTFJI,24,2046,1.9
GLOBAL,LNDAGRFJIC01,WTREVTFJI,24,2047,1.9
GLOBAL,LNDAGRFJIC01,WTREVTFJI,24,2048,1.9
GLOBAL,LNDAGRFJIC01,WTREVTFJI,24,2049,1.9
GLOBAL,LNDAGRFJIC01,WTREVTFJI,24,2050,1.9
GLOBAL,LNDAGRFJIC01,WTRGRCFJI,24,2020,0.041
GLOBAL,LNDAGRFJIC01,WTRGRCFJI,24,2021,0.041
GLOBAL,LNDAGRFJIC01,WTRGRCFJI,24,2022,0.041
GLOBAL,LNDAGRFJIC01,WTRGRCFJI,24,2023,0.041
GLOBAL,LNDAGRFJIC01,WTRGRCFJI,24,2024,0.041
GLOBAL,LNDAGRFJIC01,WTRGRCFJI,24,2025,0.041
GLOBAL,LNDAGRFJIC01,WTRGRCFJI,24,2026,0.041
GLOBAL,LNDAGRFJIC01,WTRGRCFJI,24,2027,0.041
GLOBAL,LNDAGRFJIC01,WTRGRCFJI,24,2028,0.041
GLOBAL,LNDAGRFJIC01,WTRGRCFJI,24,2029,0.041
GLOBAL,LNDAGRFJIC01,WTRGRCFJI,24,2030,0.041
GLOBAL,LNDAGRFJIC01,WTRGRCFJI,24,2031,0.041
GLOBAL,LNDAGRFJIC01,WTRGRCFJI,24,2032,0.041
GLOBAL,LNDAGRFJIC01,WTRGRCFJI,24,2033,0.041
GLOBAL,LNDAGRFJIC01,WTRGRCFJI,24,2034,0.041
GLOBAL,LNDAGRFJIC01,WTRGRCFJI,24,2035,0.041
GLOBAL,LNDAGRFJIC01,WTRGRCFJI,24,2036,0.041
GLOBAL,LNDAGRFJIC01,WTRGRCFJI,24,2037,0.041
GLOBAL,LNDAGRFJIC01,WTRGRCFJI,24,2038,0.041
GLOBAL,LNDAGRFJIC01,WTRGRCFJI,24,2039,0.041
GLOBAL,LNDAGRFJIC01,WTRGRCFJI,24,2040,0.041
GLOBAL,LNDAGRFJIC01,WTRGRCFJI,24,2041,0.041
GLOBAL,LNDAGRFJIC01,WTRGRCFJI,24,2042,0.041
GLOBAL,LNDAGRFJIC01,WTRGRCFJI,24,2043,0.041
GLOBAL,LNDAGRFJIC01,WTRGRCFJI,24,2044,0.041
GLOBAL,LNDAGRFJIC01,WTRGRCFJI,24,2045,0.041
GLOBAL,LNDAGRFJIC01,WTRGRCFJI,24,2046,0.041
GLOBAL,LNDAGRFJIC01,WTRGRCFJI,24,2047,0.041
GLOBAL,LNDAGRFJIC01,WTRGRCFJI,24,2048,0.041
GLOBAL,LNDAGRFJIC01,WTRGRCFJI,24,2049,0.041
GLOBAL,LNDAGRFJIC01,WTRGRCFJI,24,2050,0.041
GLOBAL,LNDAGRFJIC01,WTRSURFJI,24,2020,0.76
GLOBAL,LNDAGRFJIC01,WTRSURFJI,24,2021,0.76
GLOBAL,LNDAGRFJIC01,WTRSURFJI,24,2022,0.76
GLOBAL,LNDAGRFJIC01,WTRSURFJI,24,2023,0.76
GLOBAL,LNDAGRFJIC01,WTRSURFJI,24,2024,0.76
GLOBAL,LNDAGRFJIC01,WTRSURFJI,24,2025,0.76
GLOBAL,LNDAGRFJIC01,WTRSURFJI,24,2026,0.76
GLOBAL,LNDAGRFJIC01,WTRSURFJI,24,2027,0.76
GLOBAL,LNDAGRFJIC01,WTRSURFJI,24,2028,0.76
GLOBAL,LNDAGRFJIC01,WTRSURFJI,24,2029,0.76
GLOBAL,LNDAGRFJIC01,WTRSURFJI,24,2030,0.76
GLOBAL,LNDAGRFJIC01,WTRSURFJI,24,2031,0.76
GLOBAL,LNDAGRFJIC01,WTRSURFJI,24,2032,0.76
GLOBAL,LNDAGRFJIC01,WTRSURFJI,24,2033,0.76
GLOBAL,LNDAGRFJIC01,WTRSURFJI,24,2034,0.76
GLOBAL,LNDAGRFJIC01,WTRSURFJI,24,2035,0.76
GLOBAL,LNDAGRFJIC01,WTRSURFJI,24,2036,0.76
GLOBAL,LNDAGRFJIC01,WTRSURFJI,24,2037,0.76
GLOBAL,LNDAGRFJIC01,WTRSURFJI,24,2038,0.76
GLOBAL,LNDAGRFJIC01,WTRSURFJI,24,2039,0.76
GLOBAL,LNDAGRFJIC01,WTRSURFJI,24,2040,0.76
GLOBAL,LNDAGRFJIC01,WTRSURFJI,24,2041,0.76
GLOBAL,LNDAGRFJIC01,WTRSURFJI,24,2042,0.76
GLOBAL,LNDAGRFJIC01,WTRSURFJI,24,2043,0.76
GLOBAL,LNDAGRFJIC01,WTRSURFJI,24,2044,0.76
GLOBAL,LNDAGRFJIC01,WTRSURFJI,24,2045,0.76
GLOBAL,LNDAGRFJIC01,WTRSURFJI,24,2046,0.76
GLOBAL,LNDAGRFJIC01,WTRSURFJI,24,2047,0.76
GLOBAL,LNDAGRFJIC01,WTRSURFJI,24,2048,0.76
GLOBAL,LNDAGRFJIC01,WTRSURFJI,24,2049,0.76
GLOBAL,LNDAGRFJIC01,WTRSURFJI,24,2050,0.76
GLOBAL,LNDAGRFJIC02,WTREVTFJI,24,2020,1.7
GLOBAL,LNDAGRFJIC02,WTREVTFJI,24,2021,1.7
GLOBAL,LNDAGRFJIC02,WTREVTFJI,24,2022,1.7
GLOBAL,LNDAGRFJIC02,WTREVTFJI,24,2023,1.7
GLOBAL,LNDAGRFJIC02,WTREVTFJI,24,2024,1.7
GLOBAL,LNDAGRFJIC02,WTREVTFJI,24,2025,1.7
GLOBAL,LNDAGRFJIC02,WTREVTFJI,24,2026,1.7
GLOBAL,LNDAGRFJIC02,WTREVTFJI,24,2027,1.7
GLOBAL,LNDAGRFJIC02,WTREVTFJI,24,2028,1.7
GLOBAL,LNDAGRFJIC02,WTREVTFJI,24,2029,1.7
GLOBAL,LNDAGRFJIC02,WTREVTFJI,24,2030,1.7
GLOBAL,LNDAGRFJIC02,WTREVTFJI,24,2031,1.7
GLOBAL,LNDAGRFJIC02,WTREVTFJI,24,2032,1.7
GLOBAL,LNDAGRFJIC02,WTREVTFJI,24,2033,1.7
GLOBAL,LNDAGRFJIC02,WTREVTFJI,24,2034,1.7
GLOBAL,LNDAGRFJIC02,WTREVTFJI,24,2035,1.7
GLOBAL,LNDAGRFJIC02,WTREVTFJI,24,2036,1.7
GLOBAL,LNDAGRFJIC02,WTREVTFJI,24,2037,1.7
GLOBAL,LNDAGRFJIC02,WTREVTFJI,24,2038,1.7
GLOBAL,LNDAGRFJIC02,WTREVTFJI,24,2039,1.7
GLOBAL,LNDAGRFJIC02,WTREVTFJI,24,2040,1.7
GLOBAL,LNDAGRFJIC02,WTREVTFJI,24,2041,1.7
GLOBAL,LNDAGRFJIC02,WTREVTFJI,24,2042,1.7
GLOBAL,LNDAGRFJIC02,WTREVTFJI,24,2043,1.7
GLOBAL,LNDAGRFJIC02,WTREVTFJI,24,2044,1.7
GLOBAL,LNDAGRFJIC02,WTREVTFJI,24,2045,1.7
GLOBAL,LNDAGRFJIC02,WTREVTFJI,24,2046,1.7
GLOBAL,LNDAGRFJIC02,WTREVTFJI,24,2047,1.7
GLOBAL,LNDAGRFJIC02,WTREVTFJI,24,2048,1.7
GLOBAL,LNDAGRFJIC02,WTREVTFJI,24,2049,1.7
GLOBAL,LNDAGRFJIC02,WTREVTFJI,24,2050,1.7
GLOBAL,LNDAGRFJIC02,WTRGRCFJI,24,2020,0.041
GLOBAL,LNDAGRFJIC02,WTRGRCFJI,24,2021,0.041
GLOBAL,LNDAGRFJIC02,WTRGRCFJI,24,2022,0.041
GLOBAL,LNDAGRFJIC02,WTRGRCFJI,24,2023,0.041
GLOBAL,LNDAGRFJIC02,WTRGRCFJI,24,2024,0.041
GLOBAL,LNDAGRFJIC02,WTRGRCFJI,24,2025,0.041
GLOBAL,LNDAGRFJIC02,WTRGRCFJI,24,2026,0.041
GLOBAL,LNDAGRFJIC02,WTRGRCFJI,24,2027,0.041
GLOBAL,LNDAGRFJIC02,WTRGRCFJI,24,2028,0.041
GLOBAL,LNDAGRFJIC02,WTRGRCFJI,24,2029,0.041
GLOBAL,LNDAGRFJIC02,WTRGRCFJI,24,2030,0.041
GLOBAL,LNDAGRFJIC02,WTRGRCFJI,24,2031,0.041
GLOBAL,LNDAGRFJIC02,WTRGRCFJI,24,2032,0.041
GLOBAL,LNDAGRFJIC02,WTRGRCFJI,24,2033,0.041
GLOBAL,LNDAGRFJIC02,WTRGRCFJI,24,2034,0.041
GLOBAL,LNDAGRFJIC02,WTRGRCFJI,24,2035,0.041
GLOBAL,LNDAGRFJIC02,WTRGRCFJI,24,2036,0.041
GLOBAL,LNDAGRFJIC02,WTRGRCFJI,24,2037,0.041
GLOBAL,LNDAGRFJIC02,WTRGRCFJI,24,2038,0.041
GLOBAL,LNDAGRFJIC02,WTRGRCFJI,24,2039,0.041
GLOBAL,LNDAGRFJIC02,WTRGRCFJI,24,2040,0.041
GLOBAL,LNDAGRFJIC02,WTRGRCFJI,24,2041,0.041
GLOBAL,LNDAGRFJIC02,WTRGRCFJI,24,2042,0.041
GLOBAL,LNDAGRFJIC02,WTRGRCFJI,24,2043,0.041
GLOBAL,LNDAGRFJIC02,WTRGRCFJI,24,2044,0.041
GLOBAL,LNDAGRFJIC02,WTRGRCFJI,24,2045,0.041
GLOBAL,LNDAGRFJIC02,WTRGRCFJI,24,2046,0.041
GLOBAL,LNDAGRFJIC02,WTRGRCFJI,24,2047,0.041
GLOBAL,LNDAGRFJIC02,WTRGRCFJI,24,2048,0.041
GLOBAL,LNDAGRFJIC02,WTRGRCFJI,24,2049,0.041
GLOBAL,LNDAGRFJIC02,WTRGRCFJI,24,2050,0.041
GLOBAL,LNDAGRFJIC02,WTRSURFJI,24,2020,0.76
GLOBAL,LNDAGRFJIC02,WTRSURFJI,24,2021,0.76
GLOBAL,LNDAGRFJIC02,WTRSURFJI,24,2022,0.76
GLOBAL,LNDAGRFJIC02,WTRSURFJI,24,2023,0.76
GLOBAL,LNDAGRFJIC02,WTRSURFJI,24,2024,0.76
GLOBAL,LNDAGRFJIC02,WTRSURFJI,24,2025,0.76
GLOBAL,LNDAGRFJIC02,WTRSURFJI,24,2026,0.76
GLOBAL,LNDAGRFJIC02,WTRSURFJI,24,2027,0.76
GLOBAL,LNDAGRFJIC02,WTRSURFJI,24,2028,0.76
GLOBAL,LNDAGRFJIC02,WTRSURFJI,24,2029,0.76
GLOBAL,LNDAGRFJIC02,WTRSURFJI,24,2030,0.76
GLOBAL,LNDAGRFJIC02,WTRSURFJI,24,2031,0.76
GLOBAL,LNDAGRFJIC02,WTRSURFJI,24,2032,0.76
GLOBAL,LNDAGRFJIC02,WTRSURFJI,24,2033,0.76
GLOBAL,LNDAGRFJIC02,WTRSURFJI,24,2034,0.76
GLOBAL,LNDAGRFJIC02,WTRSURFJI,24,2035,0.76
GLOBAL,LNDAGRFJIC02,WTRSURFJI,24,2036,0.76
GLOBAL,LNDAGRFJIC02,WTRSURFJI,24,2037,0.76
GLOBAL,LNDAGRFJIC02,WTRSURFJI,24,2038,0.76
GLOBAL,LNDAGRFJIC02,WTRSURFJI,24,2039,0.76
GLOBAL,LNDAGRFJIC02,WTRSURFJI,24,2040,0.76
GLOBAL,LNDAGRFJIC02,WTRSURFJI,24,2041,0.76
GLOBAL,LNDAGRFJIC02,WTRSURFJI,24,2042,0.76
GLOBAL,LNDAGRFJIC02,WTRSURFJI,24,2043,0.76
GLOBAL,LNDAGRFJIC02,WTRSURFJI,24,2044,0.76
GLOBAL,LNDAGRFJIC02,WTRSURFJI,24,2045,0.76
GLOBAL,LNDAGRFJIC02,WTRSURFJI,24,2046,0.76
GLOBAL,LNDAGRFJIC02,WTRSURFJI,24,2047,0.76
GLOBAL,LNDAGRFJIC02,WTRSURFJI,24,2048,0.76
GLOBAL,LNDAGRFJIC02,WTRSURFJI,24,2049,0.76
GLOBAL,LNDAGRFJIC02,WTRSURFJI,24,2050,0.76
GLOBAL,LNDAGRFJIC03,WTREVTFJI,24,2020,1.9
GLOBAL,LNDAGRFJIC03,WTREVTFJI,24,2021,1.9
GLOBAL,LNDAGRFJIC03,WTREVTFJI,24,2022,1.9
GLOBAL,LNDAGRFJIC03,WTREVTFJI,24,2023,1.9
GLOBAL,LNDAGRFJIC03,WTREVTFJI,24,2024,1.9
GLOBAL,LNDAGRFJIC03,WTREVTFJI,24,2025,1.9
GLOBAL,LNDAGRFJIC03,WTREVTFJI,24,2026,1.9
GLOBAL,LNDAGRFJIC03,WTREVTFJI,24,2027,1.9
GLOBAL,LNDAGRFJIC03,WTREVTFJI,24,2028,1.9
GLOBAL,LNDAGRFJIC03,WTREVTFJI,24,2029,1.9
GLOBAL,LNDAGRFJIC03,WTREVTFJI,24,2030,1.9
GLOBAL,LNDAGRFJIC03,WTREVTFJI,24,2031,1.9
GLOBAL,LNDAGRFJIC03,WTREVTFJI,24,2032,1.9
GLOBAL,LNDAGRFJIC03,WTREVTFJI,24,2033,1.9
GLOBAL,LNDAGRFJIC03,WTREVTFJI,24,2034,1.9
GLOBAL,LNDAGRFJIC03,WTREVTFJI,24,2035,1.9
GLOBAL,LNDAGRFJIC03,WTREVTFJI,24,2036,1.9
GLOBAL,LNDAGRFJIC03,WTREVTFJI,24,2037,1.9
GLOBAL,LNDAGRFJIC03,WTREVTFJI,24,2038,1.9
GLOBAL,LNDAGRFJIC03,WTREVTFJI,24,2039,1.9
GLOBAL,LNDAGRFJIC03,WTREVTFJI,24,2040,1.9
GLOBAL,LNDAGRFJIC03,WTREVTFJI,24,2041,1.9
GLOBAL,LNDAGRFJIC03,WTREVTFJI,24,2042,1.9
GLOBAL,LNDAGRFJIC03,WTREVTFJI,24,2043,1.9
GLOBAL,LNDAGRFJIC03,WTREVTFJI,24,2044,1.9
GLOBAL,LNDAGRFJIC03,WTREVTFJI,24,2045,1.9
GLOBAL,LNDAGRFJIC03,WTREVTFJI,24,2046,1.9
GLOBAL,LNDAGRFJIC03,WTREVTFJI,24,2047,1.9
GLOBAL,LNDAGRFJIC03,WTREVTFJI,24,2048,1.9
GLOBAL,LNDAGRFJIC03,WTREVTFJI,24,2049,1.9
GLOBAL,LNDAGRFJIC03,WTREVTFJI,24,2050,1.9
GLOBAL,LNDAGRFJIC03,WTRGRCFJI,24,2020,0.041
GLOBAL,LNDAGRFJIC03,WTRGRCFJI,24,2021,0.041
GLOBAL,LNDAGRFJIC03,WTRGRCFJI,24,2022,0.041
GLOBAL,LNDAGRFJIC03,WTRGRCFJI,24,2023,0.041
GLOBAL,LNDAGRFJIC03,WTRGRCFJI,24,2024,0.041
GLOBAL,LNDAGRFJIC03,WTRGRCFJI,24,2025,0.041
GLOBAL,LNDAGRFJIC03,WTRGRCFJI,24,2026,0.041
GLOBAL,LNDAGRFJIC03,WTRGRCFJI,24,2027,0.041
GLOBAL,LNDAGRFJIC03,WTRGRCFJI,24,2028,0.041
GLOBAL,LNDAGRFJIC03,WTRGRCFJI,24,2029,0.041
GLOBAL,LNDAGRFJIC03,WTRGRCFJI,24,2030,0.041
GLOBAL,LNDAGRFJIC03,WTRGRCFJI,24,2031,0.041
GLOBAL,LNDAGRFJIC03,WTRGRCFJI,24,2032,0.041
GLOBAL,LNDAGRFJIC03,WTRGRCFJI,24,2033,0.041
GLOBAL,LNDAGRFJIC03,WTRGRCFJI,24,2034,0.041
GLOBAL,LNDAGRFJIC03,WTRGRCFJI,24,2035,0.041
GLOBAL,LNDAGRFJIC03,WTRGRCFJI,24,2036,0.041
GLOBAL,LNDAGRFJIC03,WTRGRCFJI,24,2037,0.041
GLOBAL,LNDAGRFJIC03,WTRGRCFJI,24,2038,0.041
GLOBAL,LNDAGRFJIC03,WTRGRCFJI,24,2039,0.041
GLOBAL,LNDAGRFJIC03,WTRGRCFJI,24,2040,0.041
GLOBAL,LNDAGRFJIC03,WTRGRCFJI,24,2041,0.041
GLOBAL,LNDAGRFJIC03,WTRGRCFJI,24,2042,0.041
GLOBAL,LNDAGRFJIC03,WTRGRCFJI,24,2043,0.041
GLOBAL,LNDAGRFJIC03,WTRGRCFJI,24,2044,0.041
GLOBAL,LNDAGRFJIC03,WTRGRCFJI,24,2045,0.041
GLOBAL,LNDAGRFJIC03,WTRGRCFJI,24,2046,0.041
GLOBAL,LNDAGRFJIC03,WTRGRCFJI,24,2047,0.041
GLOBAL,LNDAGRFJIC03,WTRGRCFJI,24,2048,0.041
GLOBAL,LNDAGRFJIC03,WTRGRCFJI,24,2049,0.041
GLOBAL,LNDAGRFJIC03,WTRGRCFJI,24,2050,0.041
GLOBAL,LNDAGRFJIC03,WTRSURFJI,24,2020,0.76
GLOBAL,LNDAGRFJIC03,WTRSURFJI,24,2021,0.76
GLOBAL,LNDAGRFJIC03,WTRSURFJI,24,2022,0.76
GLOBAL,LNDAGRFJIC03,WTRSURFJI,24,2023,0.76
GLOBAL,LNDAGRFJIC03,WTRSURFJI,24,2024,0.76
GLOBAL,LNDAGRFJIC03,WTRSURFJI,24,2025,0.76
GLOBAL,LNDAGRFJIC03,WTRSURFJI,24,2026,0.76
GLOBAL,LNDAGRFJIC03,WTRSURFJI,24,2027,0.76
GLOBAL,LNDAGRFJIC03,WTRSURFJI,24,2028,0.76
GLOBAL,LNDAGRFJIC03,WTRSURFJI,24,2029,0.76
GLOBAL,LNDAGRFJIC03,WTRSURFJI,24,2030,0.76
GLOBAL,LNDAGRFJIC03,WTRSURFJI,24,2031,0.76
GLOBAL,LNDAGRFJIC03,WTRSURFJI,24,2032,0.76
GLOBAL,LNDAGRFJIC03,WTRSURFJI,24,2033,0.76
GLOBAL,LNDAGRFJIC03,WTRSURFJI,24,2034,0.76
GLOBAL,LNDAGRFJIC03,WTRSURFJI,24,2035,0.76
GLOBAL,LNDAGRFJIC03,WTRSURFJI,24,2036,0.76
GLOBAL,LNDAGRFJIC03,WTRSURFJI,24,2037,0.76
GLOBAL,LNDAGRFJIC03,WTRSURFJI,24,2038,0.76
GLOBAL,LNDAGRFJIC03,WTRSURFJI,24,2039,0.76
GLOBAL,LNDAGRFJIC03,WTRSURFJI,24,2040,0.76
GLOBAL,LNDAGRFJIC03,WTRSURFJI,24,2041,0.76
GLOBAL,LNDAGRFJIC03,WTRSURFJI,24,2042,0.76
GLOBAL,LNDAGRFJIC03,WTRSURFJI,24,2043,0.76
GLOBAL,LNDAGRFJIC03,WTRSURFJI,24,2044,0.76
GLOBAL,LNDAGRFJIC03,WTRSURFJI,24,2045,0.76
GLOBAL,LNDAGRFJIC03,WTRSURFJI,24,2046,0.76
GLOBAL,LNDAGRFJIC03,WTRSURFJI,24,2047,0.76
GLOBAL,LNDAGRFJIC03,WTRSURFJI,24,2048,0.76
GLOBAL,LNDAGRFJIC03,WTRSURFJI,24,2049,0.76
GLOBAL,LNDAGRFJIC03,WTRSURFJI,24,2050,0.76
GLOBAL,LNDAGRFJIC04,WTREVTFJI,24,2020,1.5
GLOBAL,LNDAGRFJIC04,WTREVTFJI,24,2021,1.5
GLOBAL,LNDAGRFJIC04,WTREVTFJI,24,2022,1.5
GLOBAL,LNDAGRFJIC04,WTREVTFJI,24,2023,1.5
GLOBAL,LNDAGRFJIC04,WTREVTFJI,24,2024,1.5
GLOBAL,LNDAGRFJIC04,WTREVTFJI,24,2025,1.5
GLOBAL,LNDAGRFJIC04,WTREVTFJI,24,2026,1.5
GLOBAL,LNDAGRFJIC04,WTREVTFJI,24,2027,1.5
GLOBAL,LNDAGRFJIC04,WTREVTFJI,24,2028,1.5
GLOBAL,LNDAGRFJIC04,WTREVTFJI,24,2029,1.5
GLOBAL,LNDAGRFJIC04,WTREVTFJI,24,2030,1.5
GLOBAL,LNDAGRFJIC04,WTREVTFJI,24,2031,1.5
GLOBAL,LNDAGRFJIC04,WTREVTFJI,24,2032,1.5
GLOBAL,LNDAGRFJIC04,WTREVTFJI,24,2033,1.5
GLOBAL,LNDAGRFJIC04,WTREVTFJI,24,2034,1.5
GLOBAL,LNDAGRFJIC04,WTREVTFJI,24,2035,1.5
GLOBAL,LNDAGRFJIC04,WTREVTFJI,24,2036,1.5
GLOBAL,LNDAGRFJIC04,WTREVTFJI,24,2037,1.5
GLOBAL,LNDAGRFJIC04,WTREVTFJI,24,2038,1.5
GLOBAL,LNDAGRFJIC04,WTREVTFJI,24,2039,1.5
GLOBAL,LNDAGRFJIC04,WTREVTFJI,24,2040,1.5
GLOBAL,LNDAGRFJIC04,WTREVTFJI,24,2041,1.5
GLOBAL,LNDAGRFJIC04,WTREVTFJI,24,2042,1.5
GLOBAL,LNDAGRFJIC04,WTREVTFJI,24,2043,1.5
GLOBAL,LNDAGRFJIC04,WTREVTFJI,24,2044,1.5
GLOBAL,LNDAGRFJIC04,WTREVTFJI,24,2045,1.5
GLOBAL,LNDAGRFJIC04,WTREVTFJI,24,2046,1.5
GLOBAL,LNDAGRFJIC04,WTREVTFJI,24,2047,1.5
GLOBAL,LNDAGRFJIC04,WTREVTFJI,24,2048,1.5
GLOBAL,LNDAGRFJIC04,WTREVTFJI,24,2049,1.5
GLOBAL,LNDAGRFJIC04,WTREVTFJI,24,2050,1.5
GLOBAL,LNDAGRFJIC04,WTRGRCFJI,24,2020,0.031
GLOBAL,LNDAGRFJIC04,WTRGRCFJI,24,2021,0.031
GLOBAL,LNDAGRFJIC04,WTRGRCFJI,24,2022,0.031
GLOBAL,LNDAGRFJIC04,WTRGRCFJI,24,2023,0.031
GLOBAL,LNDAGRFJIC04,WTRGRCFJI,24,2024,0.031
GLOBAL,LNDAGRFJIC04,WTRGRCFJI,24,2025,0.031
GLOBAL,LNDAGRFJIC04,WTRGRCFJI,24,2026,0.031
GLOBAL,LNDAGRFJIC04,WTRGRCFJI,24,2027,0.031
GLOBAL,LNDAGRFJIC04,WTRGRCFJI,24,2028,0.031
GLOBAL,LNDAGRFJIC04,WTRGRCFJI,24,2029,0.031
GLOBAL,LNDAGRFJIC04,WTRGRCFJI,24,2030,0.031
GLOBAL,LNDAGRFJIC04,WTRGRCFJI,24,2031,0.031
GLOBAL,LNDAGRFJIC04,WTRGRCFJI,24,2032,0.031
GLOBAL,LNDAGRFJIC04,WTRGRCFJI,24,2033,0.031
GLOBAL,LNDAGRFJIC04,WTRGRCFJI,24,2034,0.031
GLOBAL,LNDAGRFJIC04,WTRGRCFJI,24,2035,0.031
GLOBAL,LNDAGRFJIC04,WTRGRCFJI,24,2036,0.031
GLOBAL,LNDAGRFJIC04,WTRGRCFJI,24,2037,0.031
GLOBAL,LNDAGRFJIC04,WTRGRCFJI,24,2038,0.031
GLOBAL,LNDAGRFJIC04,WTRGRCFJI,24,2039,0.031
GLOBAL,LNDAGRFJIC04,WTRGRCFJI,24,2040,0.031
GLOBAL,LNDAGRFJIC04,WTRGRCFJI,24,2041,0.031
GLOBAL,LNDAGRFJIC04,WTRGRCFJI,24,2042,0.031
GLOBAL,LNDAGRFJIC04,WTRGRCFJI,24,2043,0.031
GLOBAL,LNDAGRFJIC04,WTRGRCFJI,24,2044,0.031
GLOBAL,LNDAGRFJIC04,WTRGRCFJI,24,2045,0.031
GLOBAL,LNDAGRFJIC04,WTRGRCFJI,24,2046,0.031
GLOBAL,LNDAGRFJIC04,WTRGRCFJI,24,2047,0.031
GLOBAL,LNDAGRFJIC04,WTRGRCFJI,24,2048,0.031
GLOBAL,LNDAGRFJIC04,WTRGRCFJI,24,2049,0.031
GLOBAL,LNDAGRFJIC04,WTRGRCFJI,24,2050,0.031
GLOBAL,LNDAGRFJIC04,WTRSURFJI,24,2020,0.57
GLOBAL,LNDAGRFJIC04,WTRSURFJI,24,2021,0.57
GLOBAL,LNDAGRFJIC04,WTRSURFJI,24,2022,0.57
GLOBAL,LNDAGRFJIC04,WTRSURFJI,24,2023,0.57
GLOBAL,LNDAGRFJIC04,WTRSURFJI,24,2024,0.57
GLOBAL,LNDAGRFJIC04,WTRSURFJI,24,2025,0.57
GLOBAL,LNDAGRFJIC04,WTRSURFJI,24,2026,0.57
GLOBAL,LNDAGRFJIC04,WTRSURFJI,24,2027,0.57
GLOBAL,LNDAGRFJIC04,WTRSURFJI,24,2028,0.57
GLOBAL,LNDAGRFJIC04,WTRSURFJI,24,2029,0.57
GLOBAL,LNDAGRFJIC04,WTRSURFJI,24,2030,0.57
GLOBAL,LNDAGRFJIC04,WTRSURFJI,24,2031,0.57
GLOBAL,LNDAGRFJIC04,WTRSURFJI,24,2032,0.57
GLOBAL,LNDAGRFJIC04,WTRSURFJI,24,2033,0.57
GLOBAL,LNDAGRFJIC04,WTRSURFJI,24,2034,0.57
GLOBAL,LNDAGRFJIC04,WTRSURFJI,24,2035,0.57
GLOBAL,LNDAGRFJIC04,WTRSURFJI,24,2036,0.57
GLOBAL,LNDAGRFJIC04,WTRSURFJI,24,2037,0.57
GLOBAL,LNDAGRFJIC04,WTRSURFJI,24,2038,0.57
GLOBAL,LNDAGRFJIC04,WTRSURFJI,24,2039,0.57
GLOBAL,LNDAGRFJIC04,WTRSURFJI,24,2040,0.57
GLOBAL,LNDAGRFJIC04,WTRSURFJI,24,2041,0.57
GLOBAL,LNDAGRFJIC04,WTRSURFJI,24,2042,0.57
GLOBAL,LNDAGRFJIC04,WTRSURFJI,24,2043,0.57
GLOBAL,LNDAGRFJIC04,WTRSURFJI,24,2044,0.57
GLOBAL,LNDAGRFJIC04,WTRSURFJI,24,2045,0.57
GLOBAL,LNDAGRFJIC04,WTRSURFJI,24,2046,0.57
GLOBAL,LNDAGRFJIC04,WTRSURFJI,24,2047,0.57
GLOBAL,LNDAGRFJIC04,WTRSURFJI,24,2048,0.57
GLOBAL,LNDAGRFJIC04,WTRSURFJI,24,2049,0.57
GLOBAL,LNDAGRFJIC04,WTRSURFJI,24,2050,0.57
GLOBAL,LNDOTHTOT,LOTHTOT,1,2020,1
GLOBAL,LNDOTHTOT,LOTHTOT,1,2021,1
GLOBAL,LNDOTHTOT,LOTHTOT,1,2022,1
GLOBAL,LNDOTHTOT,LOTHTOT,1,2023,1
GLOBAL,LNDOTHTOT,LOTHTOT,1,2024,1
GLOBAL,LNDOTHTOT,LOTHTOT,1,2025,1
GLOBAL,LNDOTHTOT,LOTHTOT,1,2026,1
GLOBAL,LNDOTHTOT,LOTHTOT,1,2027,1
GLOBAL,LNDOTHTOT,LOTHTOT,1,2028,1
GLOBAL,LNDOTHTOT,LOTHTOT,1,2029,1
GLOBAL,LNDOTHTOT,LOTHTOT,1,2030,1
GLOBAL,LNDOTHTOT,LOTHTOT,1,2031,1
GLOBAL,LNDOTHTOT,LOTHTOT,1,2032,1
GLOBAL,LNDOTHTOT,LOTHTOT,1,2033,1
GLOBAL,LNDOTHTOT,LOTHTOT,1,2034,1
GLOBAL,LNDOTHTOT,LOTHTOT,1,2035,1
GLOBAL,LNDOTHTOT,LOTHTOT,1,2036,1
GLOBAL,LNDOTHTOT,LOTHTOT,1,2037,1
GLOBAL,LNDOTHTOT,LOTHTOT,1,2038,1
GLOBAL,LNDOTHTOT,LOTHTOT,1,2039,1
GLOBAL,LNDOTHTOT,LOTHTOT,1,2040,1
GLOBAL,LNDOTHTOT,LOTHTOT,1,2041,1
GLOBAL,LNDOTHTOT,LOTHTOT,1,2042,1
GLOBAL,LNDOTHTOT,LOTHTOT,1,2043,1
GLOBAL,LNDOTHTOT,LOTHTOT,1,2044,1
GLOBAL,LNDOTHTOT,LOTHTOT,1,2045,1
GLOBAL,LNDOTHTOT,LOTHTOT,1,2046,1
GLOBAL,LNDOTHTOT,LOTHTOT,1,2047,1
GLOBAL,LNDOTHTOT,LOTHTOT,1,2048,1
GLOBAL,LNDOTHTOT,LOTHTOT,1,2049,1
GLOBAL,LNDOTHTOT,LOTHTOT,1,2050,1
GLOBAL,LNDAGRFJIC01,WTREVTFJI,25,2020,1.9
GLOBAL,LNDAGRFJIC01,WTREVTFJI,25,2021,1.9
GLOBAL,LNDAGRFJIC01,WTREVTFJI,25,2022,1.9
GLOBAL,LNDAGRFJIC01,WTREVTFJI,25,2023,1.9
GLOBAL,LNDAGRFJIC01,WTREVTFJI,25,2024,1.9
GLOBAL,LNDAGRFJIC01,WTREVTFJI,25,2025,1.9
GLOBAL,LNDAGRFJIC01,WTREVTFJI,25,2026,1.9
GLOBAL,LNDAGRFJIC01,WTREVTFJI,25,2027,1.9
GLOBAL,LNDAGRFJIC01,WTREVTFJI,25,2028,1.9
GLOBAL,LNDAGRFJIC01,WTREVTFJI,25,2029,1.9
GLOBAL,LNDAGRFJIC01,WTREVTFJI,25,2030,1.9
GLOBAL,LNDAGRFJIC01,WTREVTFJI,25,2031,1.9
GLOBAL,LNDAGRFJIC01,WTREVTFJI,25,2032,1.9
GLOBAL,LNDAGRFJIC01,WTREVTFJI,25,2033,1.9
GLOBAL,LNDAGRFJIC01,WTREVTFJI,25,2034,1.9
GLOBAL,LNDAGRFJIC01,WTREVTFJI,25,2035,1.9
GLOBAL,LNDAGRFJIC01,WTREVTFJI,25,2036,1.9
GLOBAL,LNDAGRFJIC01,WTREVTFJI,25,2037,1.9
GLOBAL,LNDAGRFJIC01,WTREVTFJI,25,2038,1.9
GLOBAL,LNDAGRFJIC01,WTREVTFJI,25,2039,1.9
GLOBAL,LNDAGRFJIC01,WTREVTFJI,25,2040,1.9
GLOBAL,LNDAGRFJIC01,WTREVTFJI,25,2041,1.9
GLOBAL,LNDAGRFJIC01,WTREVTFJI,25,2042,1.9
GLOBAL,LNDAGRFJIC01,WTREVTFJI,25,2043,1.9
GLOBAL,LNDAGRFJIC01,WTREVTFJI,25,2044,1.9
GLOBAL,LNDAGRFJIC01,WTREVTFJI,25,2045,1.9
GLOBAL,LNDAGRFJIC01,WTREVTFJI,25,2046,1.9
GLOBAL,LNDAGRFJIC01,WTREVTFJI,25,2047,1.9
GLOBAL,LNDAGRFJIC01,WTREVTFJI,25,2048,1.9
GLOBAL,LNDAGRFJIC01,WTREVTFJI,25,2049,1.9
GLOBAL,LNDAGRFJIC01,WTREVTFJI,25,2050,1.9
GLOBAL,LNDAGRFJIC01,WTRGRCFJI,25,2020,0.041
GLOBAL,LNDAGRFJIC01,WTRGRCFJI,25,2021,0.041
GLOBAL,LNDAGRFJIC01,WTRGRCFJI,25,2022,0.041
GLOBAL,LNDAGRFJIC01,WTRGRCFJI,25,2023,0.041
GLOBAL,LNDAGRFJIC01,WTRGRCFJI,25,2024,0.041
GLOBAL,LNDAGRFJIC01,WTRGRCFJI,25,2025,0.041
GLOBAL,LNDAGRFJIC01,WTRGRCFJI,25,2026,0.041
GLOBAL,LNDAGRFJIC01,WTRGRCFJI,25,2027,0.041
GLOBAL,LNDAGRFJIC01,WTRGRCFJI,25,2028,0.041
GLOBAL,LNDAGRFJIC01,WTRGRCFJI,25,2029,0.041
GLOBAL,LNDAGRFJIC01,WTRGRCFJI,25,2030,0.041
GLOBAL,LNDAGRFJIC01,WTRGRCFJI,25,2031,0.041
GLOBAL,LNDAGRFJIC01,WTRGRCFJI,25,2032,0.041
GLOBAL,LNDAGRFJIC01,WTRGRCFJI,25,2033,0.041
GLOBAL,LNDAGRFJIC01,WTRGRCFJI,25,2034,0.041
GLOBAL,LNDAGRFJIC01,WTRGRCFJI,25,2035,0.041
GLOBAL,LNDAGRFJIC01,WTRGRCFJI,25,2036,0.041
GLOBAL,LNDAGRFJIC01,WTRGRCFJI,25,2037,0.041
GLOBAL,LNDAGRFJIC01,WTRGRCFJI,25,2038,0.041
GLOBAL,LNDAGRFJIC01,WTRGRCFJI,25,2039,0.041
GLOBAL,LNDAGRFJIC01,WTRGRCFJI,25,2040,0.041
GLOBAL,LNDAGRFJIC01,WTRGRCFJI,25,2041,0.041
GLOBAL,LNDAGRFJIC01,WTRGRCFJI,25,2042,0.041
GLOBAL,LNDAGRFJIC01,WTRGRCFJI,25,2043,0.041
GLOBAL,LNDAGRFJIC01,WTRGRCFJI,25,2044,0.041
GLOBAL,LNDAGRFJIC01,WTRGRCFJI,25,2045,0.041
GLOBAL,LNDAGRFJIC01,WTRGRCFJI,25,2046,0.041
GLOBAL,LNDAGRFJIC01,WTRGRCFJI,25,2047,0.041
GLOBAL,LNDAGRFJIC01,WTRGRCFJI,25,2048,0.041
GLOBAL,LNDAGRFJIC01,WTRGRCFJI,25,2049,0.041
GLOBAL,LNDAGRFJIC01,WTRGRCFJI,25,2050,0.041
GLOBAL,LNDAGRFJIC01,WTRSURFJI,25,2020,0.76
GLOBAL,LNDAGRFJIC01,WTRSURFJI,25,2021,0.76
GLOBAL,LNDAGRFJIC01,WTRSURFJI,25,2022,0.76
GLOBAL,LNDAGRFJIC01,WTRSURFJI,25,2023,0.76
GLOBAL,LNDAGRFJIC01,WTRSURFJI,25,2024,0.76
GLOBAL,LNDAGRFJIC01,WTRSURFJI,25,2025,0.76
GLOBAL,LNDAGRFJIC01,WTRSURFJI,25,2026,0.76
GLOBAL,LNDAGRFJIC01,WTRSURFJI,25,2027,0.76
GLOBAL,LNDAGRFJIC01,WTRSURFJI,25,2028,0.76
GLOBAL,LNDAGRFJIC01,WTRSURFJI,25,2029,0.76
GLOBAL,LNDAGRFJIC01,WTRSURFJI,25,2030,0.76
GLOBAL,LNDAGRFJIC01,WTRSURFJI,25,2031,0.76
GLOBAL,LNDAGRFJIC01,WTRSURFJI,25,2032,0.76
GLOBAL,LNDAGRFJIC01,WTRSURFJI,25,2033,0.76
GLOBAL,LNDAGRFJIC01,WTRSURFJI,25,2034,0.76
GLOBAL,LNDAGRFJIC01,WTRSURFJI,25,2035,0.76
GLOBAL,LNDAGRFJIC01,WTRSURFJI,25,2036,0.76
GLOBAL,LNDAGRFJIC01,WTRSURFJI,25,2037,0.76
GLOBAL,LNDAGRFJIC01,WTRSURFJI,25,2038,0.76
GLOBAL,LNDAGRFJIC01,WTRSURFJI,25,2039,0.76
GLOBAL,LNDAGRFJIC01,WTRSURFJI,25,2040,0.76
GLOBAL,LNDAGRFJIC01,WTRSURFJI,25,2041,0.76
GLOBAL,LNDAGRFJIC01,WTRSURFJI,25,2042,0.76
GLOBAL,LNDAGRFJIC01,WTRSURFJI,25,2043,0.76
GLOBAL,LNDAGRFJIC01,WTRSURFJI,25,2044,0.76
GLOBAL,LNDAGRFJIC01,WTRSURFJI,25,2045,0.76
GLOBAL,LNDAGRFJIC01,WTRSURFJI,25,2046,0.76
GLOBAL,LNDAGRFJIC01,WTRSURFJI,25,2047,0.76
GLOBAL,LNDAGRFJIC01,WTRSURFJI,25,2048,0.76
GLOBAL,LNDAGRFJIC01,WTRSURFJI,25,2049,0.76
GLOBAL,LNDAGRFJIC01,WTRSURFJI,25,2050,0.76
GLOBAL,LNDAGRFJIC02,WTREVTFJI,25,2020,1.7
GLOBAL,LNDAGRFJIC02,WTREVTFJI,25,2021,1.7
GLOBAL,LNDAGRFJIC02,WTREVTFJI,25,2022,1.7
GLOBAL,LNDAGRFJIC02,WTREVTFJI,25,2023,1.7
GLOBAL,LNDAGRFJIC02,WTREVTFJI,25,2024,1.7
GLOBAL,LNDAGRFJIC02,WTREVTFJI,25,2025,1.7
GLOBAL,LNDAGRFJIC02,WTREVTFJI,25,2026,1.7
GLOBAL,LNDAGRFJIC02,WTREVTFJI,25,2027,1.7
GLOBAL,LNDAGRFJIC02,WTREVTFJI,25,2028,1.7
GLOBAL,LNDAGRFJIC02,WTREVTFJI,25,2029,1.7
GLOBAL,LNDAGRFJIC02,WTREVTFJI,25,2030,1.7
GLOBAL,LNDAGRFJIC02,WTREVTFJI,25,2031,1.7
GLOBAL,LNDAGRFJIC02,WTREVTFJI,25,2032,1.7
GLOBAL,LNDAGRFJIC02,WTREVTFJI,25,2033,1.7
GLOBAL,LNDAGRFJIC02,WTREVTFJI,25,2034,1.7
GLOBAL,LNDAGRFJIC02,WTREVTFJI,25,2035,1.7
GLOBAL,LNDAGRFJIC02,WTREVTFJI,25,2036,1.7
GLOBAL,LNDAGRFJIC02,WTREVTFJI,25,2037,1.7
GLOBAL,LNDAGRFJIC02,WTREVTFJI,25,2038,1.7
GLOBAL,LNDAGRFJIC02,WTREVTFJI,25,2039,1.7
GLOBAL,LNDAGRFJIC02,WTREVTFJI,25,2040,1.7
GLOBAL,LNDAGRFJIC02,WTREVTFJI,25,2041,1.7
GLOBAL,LNDAGRFJIC02,WTREVTFJI,25,2042,1.7
GLOBAL,LNDAGRFJIC02,WTREVTFJI,25,2043,1.7
GLOBAL,LNDAGRFJIC02,WTREVTFJI,25,2044,1.7
GLOBAL,LNDAGRFJIC02,WTREVTFJI,25,2045,1.7
GLOBAL,LNDAGRFJIC02,WTREVTFJI,25,2046,1.7
GLOBAL,LNDAGRFJIC02,WTREVTFJI,25,2047,1.7
GLOBAL,LNDAGRFJIC02,WTREVTFJI,25,2048,1.7
GLOBAL,LNDAGRFJIC02,WTREVTFJI,25,2049,1.7
GLOBAL,LNDAGRFJIC02,WTREVTFJI,25,2050,1.7
GLOBAL,LNDAGRFJIC02,WTRGRCFJI,25,2020,0.041
GLOBAL,LNDAGRFJIC02,WTRGRCFJI,25,2021,0.041
GLOBAL,LNDAGRFJIC02,WTRGRCFJI,25,2022,0.041
GLOBAL,LNDAGRFJIC02,WTRGRCFJI,25,2023,0.041
GLOBAL,LNDAGRFJIC02,WTRGRCFJI,25,2024,0.041
GLOBAL,LNDAGRFJIC02,WTRGRCFJI,25,2025,0.041
GLOBAL,LNDAGRFJIC02,WTRGRCFJI,25,2026,0.041
GLOBAL,LNDAGRFJIC02,WTRGRCFJI,25,2027,0.041
GLOBAL,LNDAGRFJIC02,WTRGRCFJI,25,2028,0.041
GLOBAL,LNDAGRFJIC02,WTRGRCFJI,25,2029,0.041
GLOBAL,LNDAGRFJIC02,WTRGRCFJI,25,2030,0.041
GLOBAL,LNDAGRFJIC02,WTRGRCFJI,25,2031,0.041
GLOBAL,LNDAGRFJIC02,WTRGRCFJI,25,2032,0.041
GLOBAL,LNDAGRFJIC02,WTRGRCFJI,25,2033,0.041
GLOBAL,LNDAGRFJIC02,WTRGRCFJI,25,2034,0.041
GLOBAL,LNDAGRFJIC02,WTRGRCFJI,25,2035,0.041
GLOBAL,LNDAGRFJIC02,WTRGRCFJI,25,2036,0.041
GLOBAL,LNDAGRFJIC02,WTRGRCFJI,25,2037,0.041
GLOBAL,LNDAGRFJIC02,WTRGRCFJI,25,2038,0.041
GLOBAL,LNDAGRFJIC02,WTRGRCFJI,25,2039,0.041
GLOBAL,LNDAGRFJIC02,WTRGRCFJI,25,2040,0.041
GLOBAL,LNDAGRFJIC02,WTRGRCFJI,25,2041,0.041
GLOBAL,LNDAGRFJIC02,WTRGRCFJI,25,2042,0.041
GLOBAL,LNDAGRFJIC02,WTRGRCFJI,25,2043,0.041
GLOBAL,LNDAGRFJIC02,WTRGRCFJI,25,2044,0.041
GLOBAL,LNDAGRFJIC02,WTRGRCFJI,25,2045,0.041
GLOBAL,LNDAGRFJIC02,WTRGRCFJI,25,2046,0.041
GLOBAL,LNDAGRFJIC02,WTRGRCFJI,25,2047,0.041
GLOBAL,LNDAGRFJIC02,WTRGRCFJI,25,2048,0.041
GLOBAL,LNDAGRFJIC02,WTRGRCFJI,25,2049,0.041
GLOBAL,LNDAGRFJIC02,WTRGRCFJI,25,2050,0.041
GLOBAL,LNDAGRFJIC02,WTRSURFJI,25,2020,0.76
GLOBAL,LNDAGRFJIC02,WTRSURFJI,25,2021,0.76
GLOBAL,LNDAGRFJIC02,WTRSURFJI,25,2022,0.76
GLOBAL,LNDAGRFJIC02,WTRSURFJI,25,2023,0.76
GLOBAL,LNDAGRFJIC02,WTRSURFJI,25,2024,0.76
GLOBAL,LNDAGRFJIC02,WTRSURFJI,25,2025,0.76
GLOBAL,LNDAGRFJIC02,WTRSURFJI,25,2026,0.76
GLOBAL,LNDAGRFJIC02,WTRSURFJI,25,2027,0.76
GLOBAL,LNDAGRFJIC02,WTRSURFJI,25,2028,0.76
GLOBAL,LNDAGRFJIC02,WTRSURFJI,25,2029,0.76
GLOBAL,LNDAGRFJIC02,WTRSURFJI,25,2030,0.76
GLOBAL,LNDAGRFJIC02,WTRSURFJI,25,2031,0.76
GLOBAL,LNDAGRFJIC02,WTRSURFJI,25,2032,0.76
GLOBAL,LNDAGRFJIC02,WTRSURFJI,25,2033,0.76
GLOBAL,LNDAGRFJIC02,WTRSURFJI,25,2034,0.76
GLOBAL,LNDAGRFJIC02,WTRSURFJI,25,2035,0.76
GLOBAL,LNDAGRFJIC02,WTRSURFJI,25,2036,0.76
GLOBAL,LNDAGRFJIC02,WTRSURFJI,25,2037,0.76
GLOBAL,LNDAGRFJIC02,WTRSURFJI,25,2038,0.76
GLOBAL,LNDAGRFJIC02,WTRSURFJI,25,2039,0.76
GLOBAL,LNDAGRFJIC02,WTRSURFJI,25,2040,0.76
GLOBAL,LNDAGRFJIC02,WTRSURFJI,25,2041,0.76
GLOBAL,LNDAGRFJIC02,WTRSURFJI,25,2042,0.76
GLOBAL,LNDAGRFJIC02,WTRSURFJI,25,2043,0.76
GLOBAL,LNDAGRFJIC02,WTRSURFJI,25,2044,0.76
GLOBAL,LNDAGRFJIC02,WTRSURFJI,25,2045,0.76
GLOBAL,LNDAGRFJIC02,WTRSURFJI,25,2046,0.76
GLOBAL,LNDAGRFJIC02,WTRSURFJI,25,2047,0.76
GLOBAL,LNDAGRFJIC02,WTRSURFJI,25,2048,0.76
GLOBAL,LNDAGRFJIC02,WTRSURFJI,25,2049,0.76
GLOBAL,LNDAGRFJIC02,WTRSURFJI,25,2050,0.76
GLOBAL,LNDAGRFJIC03,WTREVTFJI,25,2020,1.9
GLOBAL,LNDAGRFJIC03,WTREVTFJI,25,2021,1.9
GLOBAL,LNDAGRFJIC03,WTREVTFJI,25,2022,1.9
GLOBAL,LNDAGRFJIC03,WTREVTFJI,25,2023,1.9
GLOBAL,LNDAGRFJIC03,WTREVTFJI,25,2024,1.9
GLOBAL,LNDAGRFJIC03,WTREVTFJI,25,2025,1.9
GLOBAL,LNDAGRFJIC03,WTREVTFJI,25,2026,1.9
GLOBAL,LNDAGRFJIC03,WTREVTFJI,25,2027,1.9
GLOBAL,LNDAGRFJIC03,WTREVTFJI,25,2028,1.9
GLOBAL,LNDAGRFJIC03,WTREVTFJI,25,2029,1.9
GLOBAL,LNDAGRFJIC03,WTREVTFJI,25,2030,1.9
GLOBAL,LNDAGRFJIC03,WTREVTFJI,25,2031,1.9
GLOBAL,LNDAGRFJIC03,WTREVTFJI,25,2032,1.9
GLOBAL,LNDAGRFJIC03,WTREVTFJI,25,2033,1.9
GLOBAL,LNDAGRFJIC03,WTREVTFJI,25,2034,1.9
GLOBAL,LNDAGRFJIC03,WTREVTFJI,25,2035,1.9
GLOBAL,LNDAGRFJIC03,WTREVTFJI,25,2036,1.9
GLOBAL,LNDAGRFJIC03,WTREVTFJI,25,2037,1.9
GLOBAL,LNDAGRFJIC03,WTREVTFJI,25,2038,1.9
GLOBAL,LNDAGRFJIC03,WTREVTFJI,25,2039,1.9
GLOBAL,LNDAGRFJIC03,WTREVTFJI,25,2040,1.9
GLOBAL,LNDAGRFJIC03,WTREVTFJI,25,2041,1.9
GLOBAL,LNDAGRFJIC03,WTREVTFJI,25,2042,1.9
GLOBAL,LNDAGRFJIC03,WTREVTFJI,25,2043,1.9
GLOBAL,LNDAGRFJIC03,WTREVTFJI,25,2044,1.9
GLOBAL,LNDAGRFJIC03,WTREVTFJI,25,2045,1.9
GLOBAL,LNDAGRFJIC03,WTREVTFJI,25,2046,1.9
GLOBAL,LNDAGRFJIC03,WTREVTFJI,25,2047,1.9
GLOBAL,LNDAGRFJIC03,WTREVTFJI,25,2048,1.9
GLOBAL,LNDAGRFJIC03,WTREVTFJI,25,2049,1.9
GLOBAL,LNDAGRFJIC03,WTREVTFJI,25,2050,1.9
GLOBAL,LNDAGRFJIC03,WTRGRCFJI,25,2020,0.041
GLOBAL,LNDAGRFJIC03,WTRGRCFJI,25,2021,0.041
GLOBAL,LNDAGRFJIC03,WTRGRCFJI,25,2022,0.041
GLOBAL,LNDAGRFJIC03,WTRGRCFJI,25,2023,0.041
GLOBAL,LNDAGRFJIC03,WTRGRCFJI,25,2024,0.041
GLOBAL,LNDAGRFJIC03,WTRGRCFJI,25,2025,0.041
GLOBAL,LNDAGRFJIC03,WTRGRCFJI,25,2026,0.041
GLOBAL,LNDAGRFJIC03,WTRGRCFJI,25,2027,0.041
GLOBAL,LNDAGRFJIC03,WTRGRCFJI,25,2028,0.041
GLOBAL,LNDAGRFJIC03,WTRGRCFJI,25,2029,0.041
GLOBAL,LNDAGRFJIC03,WTRGRCFJI,25,2030,0.041
GLOBAL,LNDAGRFJIC03,WTRGRCFJI,25,2031,0.041
GLOBAL,LNDAGRFJIC03,WTRGRCFJI,25,2032,0.041
GLOBAL,LNDAGRFJIC03,WTRGRCFJI,25,2033,0.041
GLOBAL,LNDAGRFJIC03,WTRGRCFJI,25,2034,0.041
GLOBAL,LNDAGRFJIC03,WTRGRCFJI,25,2035,0.041
GLOBAL,LNDAGRFJIC03,WTRGRCFJI,25,2036,0.041
GLOBAL,LNDAGRFJIC03,WTRGRCFJI,25,2037,0.041
GLOBAL,LNDAGRFJIC03,WTRGRCFJI,25,2038,0.041
GLOBAL,LNDAGRFJIC03,WTRGRCFJI,25,2039,0.041
GLOBAL,LNDAGRFJIC03,WTRGRCFJI,25,2040,0.041
GLOBAL,LNDAGRFJIC03,WTRGRCFJI,25,2041,0.041
GLOBAL,LNDAGRFJIC03,WTRGRCFJI,25,2042,0.041
GLOBAL,LNDAGRFJIC03,WTRGRCFJI,25,2043,0.041
GLOBAL,LNDAGRFJIC03,WTRGRCFJI,25,2044,0.041
GLOBAL,LNDAGRFJIC03,WTRGRCFJI,25,2045,0.041
GLOBAL,LNDAGRFJIC03,WTRGRCFJI,25,2046,0.041
GLOBAL,LNDAGRFJIC03,WTRGRCFJI,25,2047,0.041
GLOBAL,LNDAGRFJIC03,WTRGRCFJI,25,2048,0.041
GLOBAL,LNDAGRFJIC03,WTRGRCFJI,25,2049,0.041
GLOBAL,LNDAGRFJIC03,WTRGRCFJI,25,2050,0.041
GLOBAL,LNDAGRFJIC03,WTRSURFJI,25,2020,0.76
GLOBAL,LNDAGRFJIC03,WTRSURFJI,25,2021,0.76
GLOBAL,LNDAGRFJIC03,WTRSURFJI,25,2022,0.76
GLOBAL,LNDAGRFJIC03,WTRSURFJI,25,2023,0.76
GLOBAL,LNDAGRFJIC03,WTRSURFJI,25,2024,0.76
GLOBAL,LNDAGRFJIC03,WTRSURFJI,25,2025,0.76
GLOBAL,LNDAGRFJIC03,WTRSURFJI,25,2026,0.76
GLOBAL,LNDAGRFJIC03,WTRSURFJI,25,2027,0.76
GLOBAL,LNDAGRFJIC03,WTRSURFJI,25,2028,0.76
GLOBAL,LNDAGRFJIC03,WTRSURFJI,25,2029,0.76
GLOBAL,LNDAGRFJIC03,WTRSURFJI,25,2030,0.76
GLOBAL,LNDAGRFJIC03,WTRSURFJI,25,2031,0.76
GLOBAL,LNDAGRFJIC03,WTRSURFJI,25,2032,0.76
GLOBAL,LNDAGRFJIC03,WTRSURFJI,25,2033,0.76
GLOBAL,LNDAGRFJIC03,WTRSURFJI,25,2034,0.76
GLOBAL,LNDAGRFJIC03,WTRSURFJI,25,2035,0.76
GLOBAL,LNDAGRFJIC03,WTRSURFJI,25,2036,0.76
GLOBAL,LNDAGRFJIC03,WTRSURFJI,25,2037,0.76
GLOBAL,LNDAGRFJIC03,WTRSURFJI,25,2038,0.76
GLOBAL,LNDAGRFJIC03,WTRSURFJI,25,2039,0.76
GLOBAL,LNDAGRFJIC03,WTRSURFJI,25,2040,0.76
GLOBAL,LNDAGRFJIC03,WTRSURFJI,25,2041,0.76
GLOBAL,LNDAGRFJIC03,WTRSURFJI,25,2042,0.76
GLOBAL,LNDAGRFJIC03,WTRSURFJI,25,2043,0.76
GLOBAL,LNDAGRFJIC03,WTRSURFJI,25,2044,0.76
GLOBAL,LNDAGRFJIC03,WTRSURFJI,25,2045,0.76
GLOBAL,LNDAGRFJIC03,WTRSURFJI,25,2046,0.76
GLOBAL,LNDAGRFJIC03,WTRSURFJI,25,2047,0.76
GLOBAL,LNDAGRFJIC03,WTRSURFJI,25,2048,0.76
GLOBAL,LNDAGRFJIC03,WTRSURFJI,25,2049,0.76
GLOBAL,LNDAGRFJIC03,WTRSURFJI,25,2050,0.76
GLOBAL,LNDAGRFJIC04,WTREVTFJI,25,2020,1.5
GLOBAL,LNDAGRFJIC04,WTREVTFJI,25,2021,1.5
GLOBAL,LNDAGRFJIC04,WTREVTFJI,25,2022,1.5
GLOBAL,LNDAGRFJIC04,WTREVTFJI,25,2023,1.5
GLOBAL,LNDAGRFJIC04,WTREVTFJI,25,2024,1.5
GLOBAL,LNDAGRFJIC04,WTREVTFJI,25,2025,1.5
GLOBAL,LNDAGRFJIC04,WTREVTFJI,25,2026,1.5
GLOBAL,LNDAGRFJIC04,WTREVTFJI,25,2027,1.5
GLOBAL,LNDAGRFJIC04,WTREVTFJI,25,2028,1.5
GLOBAL,LNDAGRFJIC04,WTREVTFJI,25,2029,1.5
GLOBAL,LNDAGRFJIC04,WTREVTFJI,25,2030,1.5
GLOBAL,LNDAGRFJIC04,WTREVTFJI,25,2031,1.5
GLOBAL,LNDAGRFJIC04,WTREVTFJI,25,2032,1.5
GLOBAL,LNDAGRFJIC04,WTREVTFJI,25,2033,1.5
GLOBAL,LNDAGRFJIC04,WTREVTFJI,25,2034,1.5
GLOBAL,LNDAGRFJIC04,WTREVTFJI,25,2035,1.5
GLOBAL,LNDAGRFJIC04,WTREVTFJI,25,2036,1.5
GLOBAL,LNDAGRFJIC04,WTREVTFJI,25,2037,1.5
GLOBAL,LNDAGRFJIC04,WTREVTFJI,25,2038,1.5
GLOBAL,LNDAGRFJIC04,WTREVTFJI,25,2039,1.5
GLOBAL,LNDAGRFJIC04,WTREVTFJI,25,2040,1.5
GLOBAL,LNDAGRFJIC04,WTREVTFJI,25,2041,1.5
GLOBAL,LNDAGRFJIC04,WTREVTFJI,25,2042,1.5
GLOBAL,LNDAGRFJIC04,WTREVTFJI,25,2043,1.5
GLOBAL,LNDAGRFJIC04,WTREVTFJI,25,2044,1.5
GLOBAL,LNDAGRFJIC04,WTREVTFJI,25,2045,1.5
GLOBAL,LNDAGRFJIC04,WTREVTFJI,25,2046,1.5
GLOBAL,LNDAGRFJIC04,WTREVTFJI,25,2047,1.5
GLOBAL,LNDAGRFJIC04,WTREVTFJI,25,2048,1.5
GLOBAL,LNDAGRFJIC04,WTREVTFJI,25,2049,1.5
GLOBAL,LNDAGRFJIC04,WTREVTFJI,25,2050,1.5
GLOBAL,LNDAGRFJIC04,WTRGRCFJI,25,2020,0.031
GLOBAL,LNDAGRFJIC04,WTRGRCFJI,25,2021,0.031
GLOBAL,LNDAGRFJIC04,WTRGRCFJI,25,2022,0.031
GLOBAL,LNDAGRFJIC04,WTRGRCFJI,25,2023,0.031
GLOBAL,LNDAGRFJIC04,WTRGRCFJI,25,2024,0.031
GLOBAL,LNDAGRFJIC04,WTRGRCFJI,25,2025,0.031
GLOBAL,LNDAGRFJIC04,WTRGRCFJI,25,2026,0.031
GLOBAL,LNDAGRFJIC04,WTRGRCFJI,25,2027,0.031
GLOBAL,LNDAGRFJIC04,WTRGRCFJI,25,2028,0.031
GLOBAL,LNDAGRFJIC04,WTRGRCFJI,25,2029,0.031
GLOBAL,LNDAGRFJIC04,WTRGRCFJI,25,2030,0.031
GLOBAL,LNDAGRFJIC04,WTRGRCFJI,25,2031,0.031
GLOBAL,LNDAGRFJIC04,WTRGRCFJI,25,2032,0.031
GLOBAL,LNDAGRFJIC04,WTRGRCFJI,25,2033,0.031
GLOBAL,LNDAGRFJIC04,WTRGRCFJI,25,2034,0.031
GLOBAL,LNDAGRFJIC04,WTRGRCFJI,25,2035,0.031
GLOBAL,LNDAGRFJIC04,WTRGRCFJI,25,2036,0.031
GLOBAL,LNDAGRFJIC04,WTRGRCFJI,25,2037,0.031
GLOBAL,LNDAGRFJIC04,WTRGRCFJI,25,2038,0.031
GLOBAL,LNDAGRFJIC04,WTRGRCFJI,25,2039,0.031
GLOBAL,LNDAGRFJIC04,WTRGRCFJI,25,2040,0.031
GLOBAL,LNDAGRFJIC04,WTRGRCFJI,25,2041,0.031
GLOBAL,LNDAGRFJIC04,WTRGRCFJI,25,2042,0.031
GLOBAL,LNDAGRFJIC04,WTRGRCFJI,25,2043,0.031
GLOBAL,LNDAGRFJIC04,WTRGRCFJI,25,2044,0.031
GLOBAL,LNDAGRFJIC04,WTRGRCFJI,25,2045,0.031
GLOBAL,LNDAGRFJIC04,WTRGRCFJI,25,2046,0.031
GLOBAL,LNDAGRFJIC04,WTRGRCFJI,25,2047,0.031
GLOBAL,LNDAGRFJIC04,WTRGRCFJI,25,2048,0.031
GLOBAL,LNDAGRFJIC04,WTRGRCFJI,25,2049,0.031
GLOBAL,LNDAGRFJIC04,WTRGRCFJI,25,2050,0.031
GLOBAL,LNDAGRFJIC04,WTRSURFJI,25,2020,0.57
GLOBAL,LNDAGRFJIC04,WTRSURFJI,25,2021,0.57
GLOBAL,LNDAGRFJIC04,WTRSURFJI,25,2022,0.57
GLOBAL,LNDAGRFJIC04,WTRSURFJI,25,2023,0.57
GLOBAL,LNDAGRFJIC04,WTRSURFJI,25,2024,0.57
GLOBAL,LNDAGRFJIC04,WTRSURFJI,25,2025,0.57
GLOBAL,LNDAGRFJIC04,WTRSURFJI,25,2026,0.57
GLOBAL,LNDAGRFJIC04,WTRSURFJI,25,2027,0.57
GLOBAL,LNDAGRFJIC04,WTRSURFJI,25,2028,0.57
GLOBAL,LNDAGRFJIC04,WTRSURFJI,25,2029,0.57
GLOBAL,LNDAGRFJIC04,WTRSURFJI,25,2030,0.57
GLOBAL,LNDAGRFJIC04,WTRSURFJI,25,2031,0.57
GLOBAL,LNDAGRFJIC04,WTRSURFJI,25,2032,0.57
GLOBAL,LNDAGRFJIC04,WTRSURFJI,25,2033,0.57
GLOBAL,LNDAGRFJIC04,WTRSURFJI,25,2034,0.57
GLOBAL,LNDAGRFJIC04,WTRSURFJI,25,2035,0.57
GLOBAL,LNDAGRFJIC04,WTRSURFJI,25,2036,0.57
GLOBAL,LNDAGRFJIC04,WTRSURFJI,25,2037,0.57
GLOBAL,LNDAGRFJIC04,WTRSURFJI,25,2038,0.57
GLOBAL,LNDAGRFJIC04,WTRSURFJI,25,2039,0.57
GLOBAL,LNDAGRFJIC04,WTRSURFJI,25,2040,0.57
GLOBAL,LNDAGRFJIC04,WTRSURFJI,25,2041,0.57
GLOBAL,LNDAGRFJIC04,WTRSURFJI,25,2042,0.57
GLOBAL,LNDAGRFJIC04,WTRSURFJI,25,2043,0.57
GLOBAL,LNDAGRFJIC04,WTRSURFJI,25,2044,0.57
GLOBAL,LNDAGRFJIC04,WTRSURFJI,25,2045,0.57
GLOBAL,LNDAGRFJIC04,WTRSURFJI,25,2046,0.57
GLOBAL,LNDAGRFJIC04,WTRSURFJI,25,2047,0.57
GLOBAL,LNDAGRFJIC04,WTRSURFJI,25,2048,0.57
GLOBAL,LNDAGRFJIC04,WTRSURFJI,25,2049,0.57
GLOBAL,LNDAGRFJIC04,WTRSURFJI,25,2050,0.57
GLOBAL,LNDWATTOT,LWATTOT,1,2020,1
GLOBAL,LNDWATTOT,LWATTOT,1,2021,1
GLOBAL,LNDWATTOT,LWATTOT,1,2022,1
GLOBAL,LNDWATTOT,LWATTOT,1,2023,1
GLOBAL,LNDWATTOT,LWATTOT,1,2024,1
GLOBAL,LNDWATTOT,LWATTOT,1,2025,1
GLOBAL,LNDWATTOT,LWATTOT,1,2026,1
GLOBAL,LNDWATTOT,LWATTOT,1,2027,1
GLOBAL,LNDWATTOT,LWATTOT,1,2028,1
GLOBAL,LNDWATTOT,LWATTOT,1,2029,1
GLOBAL,LNDWATTOT,LWATTOT,1,2030,1
GLOBAL,LNDWATTOT,LWATTOT,1,2031,1
GLOBAL,LNDWATTOT,LWATTOT,1,2032,1
GLOBAL,LNDWATTOT,LWATTOT,1,2033,1
GLOBAL,LNDWATTOT,LWATTOT,1,2034,1
GLOBAL,LNDWATTOT,LWATTOT,1,2035,1
GLOBAL,LNDWATTOT,LWATTOT,1,2036,1
GLOBAL,LNDWATTOT,LWATTOT,1,2037,1
GLOBAL,LNDWATTOT,LWATTOT,1,2038,1
GLOBAL,LNDWATTOT,LWATTOT,1,2039,1
GLOBAL,LNDWATTOT,LWATTOT,1,2040,1
GLOBAL,LNDWATTOT,LWATTOT,1,2041,1
GLOBAL,LNDWATTOT,LWATTOT,1,2042,1
GLOBAL,LNDWATTOT,LWATTOT,1,2043,1
GLOBAL,LNDWATTOT,LWATTOT,1,2044,1
GLOBAL,LNDWATTOT,LWATTOT,1,2045,1
GLOBAL,LNDWATTOT,LWATTOT,1,2046,1
GLOBAL,LNDWATTOT,LWATTOT,1,2047,1
GLOBAL,LNDWATTOT,LWATTOT,1,2048,1
GLOBAL,LNDWATTOT,LWATTOT,1,2049,1
GLOBAL,LNDWATTOT,LWATTOT,1,2050,1
GLOBAL,LNDAGRFJIC01,WTREVTFJI,26,2020,1.5
GLOBAL,LNDAGRFJIC01,WTREVTFJI,26,2021,1.5
GLOBAL,LNDAGRFJIC01,WTREVTFJI,26,2022,1.5
GLOBAL,LNDAGRFJIC01,WTREVTFJI,26,2023,1.5
GLOBAL,LNDAGRFJIC01,WTREVTFJI,26,2024,1.5
GLOBAL,LNDAGRFJIC01,WTREVTFJI,26,2025,1.5
GLOBAL,LNDAGRFJIC01,WTREVTFJI,26,2026,1.5
GLOBAL,LNDAGRFJIC01,WTREVTFJI,26,2027,1.5
GLOBAL,LNDAGRFJIC01,WTREVTFJI,26,2028,1.5
GLOBAL,LNDAGRFJIC01,WTREVTFJI,26,2029,1.5
GLOBAL,LNDAGRFJIC01,WTREVTFJI,26,2030,1.5
GLOBAL,LNDAGRFJIC01,WTREVTFJI,26,2031,1.5
GLOBAL,LNDAGRFJIC01,WTREVTFJI,26,2032,1.5
GLOBAL,LNDAGRFJIC01,WTREVTFJI,26,2033,1.5
GLOBAL,LNDAGRFJIC01,WTREVTFJI,26,2034,1.5
GLOBAL,LNDAGRFJIC01,WTREVTFJI,26,2035,1.5
GLOBAL,LNDAGRFJIC01,WTREVTFJI,26,2036,1.5
GLOBAL,LNDAGRFJIC01,WTREVTFJI,26,2037,1.5
GLOBAL,LNDAGRFJIC01,WTREVTFJI,26,2038,1.5
GLOBAL,LNDAGRFJIC01,WTREVTFJI,26,2039,1.5
GLOBAL,LNDAGRFJIC01,WTREVTFJI,26,2040,1.5
GLOBAL,LNDAGRFJIC01,WTREVTFJI,26,2041,1.5
GLOBAL,LNDAGRFJIC01,WTREVTFJI,26,2042,1.5
GLOBAL,LNDAGRFJIC01,WTREVTFJI,26,2043,1.5
GLOBAL,LNDAGRFJIC01,WTREVTFJI,26,2044,1.5
GLOBAL,LNDAGRFJIC01,WTREVTFJI,26,2045,1.5
GLOBAL,LNDAGRFJIC01,WTREVTFJI,26,2046,1.5
GLOBAL,LNDAGRFJIC01,WTREVTFJI,26,2047,1.5
GLOBAL,LNDAGRFJIC01,WTREVTFJI,26,2048,1.5
GLOBAL,LNDAGRFJIC01,WTREVTFJI,26,2049,1.5
GLOBAL,LNDAGRFJIC01,WTREVTFJI,26,2050,1.5
GLOBAL,LNDAGRFJIC01,WTRGRCFJI,26,2020,0.020
GLOBAL,LNDAGRFJIC01,WTRGRCFJI,26,2021,0.020
GLOBAL,LNDAGRFJIC01,WTRGRCFJI,26,2022,0.020
GLOBAL,LNDAGRFJIC01,WTRGRCFJI,26,2023,0.020
GLOBAL,LNDAGRFJIC01,WTRGRCFJI,26,2024,0.020
GLOBAL,LNDAGRFJIC01,WTRGRCFJI,26,2025,0.020
GLOBAL,LNDAGRFJIC01,WTRGRCFJI,26,2026,0.020
GLOBAL,LNDAGRFJIC01,WTRGRCFJI,26,2027,0.020
GLOBAL,LNDAGRFJIC01,WTRGRCFJI,26,2028,0.020
GLOBAL,LNDAGRFJIC01,WTRGRCFJI,26,2029,0.020
GLOBAL,LNDAGRFJIC01,WTRGRCFJI,26,2030,0.020
GLOBAL,LNDAGRFJIC01,WTRGRCFJI,26,2031,0.020
GLOBAL,LNDAGRFJIC01,WTRGRCFJI,26,2032,0.020
GLOBAL,LNDAGRFJIC01,WTRGRCFJI,26,2033,0.020
GLOBAL,LNDAGRFJIC01,WTRGRCFJI,26,2034,0.020
GLOBAL,LNDAGRFJIC01,WTRGRCFJI,26,2035,0.020
GLOBAL,LNDAGRFJIC01,WTRGRCFJI,26,2036,0.020
GLOBAL,LNDAGRFJIC01,WTRGRCFJI,26,2037,0.020
GLOBAL,LNDAGRFJIC01,WTRGRCFJI,26,2038,0.020
GLOBAL,LNDAGRFJIC01,WTRGRCFJI,26,2039,0.020
GLOBAL,LNDAGRFJIC01,WTRGRCFJI,26,2040,0.020
GLOBAL,LNDAGRFJIC01,WTRGRCFJI,26,2041,0.020
GLOBAL,LNDAGRFJIC01,WTRGRCFJI,26,2042,0.020
GLOBAL,LNDAGRFJIC01,WTRGRCFJI,26,2043,0.020
GLOBAL,LNDAGRFJIC01,WTRGRCFJI,26,2044,0.020
GLOBAL,LNDAGRFJIC01,WTRGRCFJI,26,2045,0.020
GLOBAL,LNDAGRFJIC01,WTRGRCFJI,26,2046,0.020
GLOBAL,LNDAGRFJIC01,WTRGRCFJI,26,2047,0.020
GLOBAL,LNDAGRFJIC01,WTRGRCFJI,26,2048,0.020
GLOBAL,LNDAGRFJIC01,WTRGRCFJI,26,2049,0.020
GLOBAL,LNDAGRFJIC01,WTRGRCFJI,26,2050,0.020
GLOBAL,LNDAGRFJIC01,WTRSURFJI,26,2020,1.2
GLOBAL,LNDAGRFJIC01,WTRSURFJI,26,2021,1.2
GLOBAL,LNDAGRFJIC01,WTRSURFJI,26,2022,1.2
GLOBAL,LNDAGRFJIC01,WTRSURFJI,26,2023,1.2
GLOBAL,LNDAGRFJIC01,WTRSURFJI,26,2024,1.2
GLOBAL,LNDAGRFJIC01,WTRSURFJI,26,2025,1.2
GLOBAL,LNDAGRFJIC01,WTRSURFJI,26,2026,1.2
GLOBAL,LNDAGRFJIC01,WTRSURFJI,26,2027,1.2
GLOBAL,LNDAGRFJIC01,WTRSURFJI,26,2028,1.2
GLOBAL,LNDAGRFJIC01,WTRSURFJI,26,2029,1.2
GLOBAL,LNDAGRFJIC01,WTRSURFJI,26,2030,1.2
GLOBAL,LNDAGRFJIC01,WTRSURFJI,26,2031,1.2
GLOBAL,LNDAGRFJIC01,WTRSURFJI,26,2032,1.2
GLOBAL,LNDAGRFJIC01,WTRSURFJI,26,2033,1.2
GLOBAL,LNDAGRFJIC01,WTRSURFJI,26,2034,1.2
GLOBAL,LNDAGRFJIC01,WTRSURFJI,26,2035,1.2
GLOBAL,LNDAGRFJIC01,WTRSURFJI,26,2036,1.2
GLOBAL,LNDAGRFJIC01,WTRSURFJI,26,2037,1.2
GLOBAL,LNDAGRFJIC01,WTRSURFJI,26,2038,1.2
GLOBAL,LNDAGRFJIC01,WTRSURFJI,26,2039,1.2
GLOBAL,LNDAGRFJIC01,WTRSURFJI,26,2040,1.2
GLOBAL,LNDAGRFJIC01,WTRSURFJI,26,2041,1.2
GLOBAL,LNDAGRFJIC01,WTRSURFJI,26,2042,1.2
GLOBAL,LNDAGRFJIC01,WTRSURFJI,26,2043,1.2
GLOBAL,LNDAGRFJIC01,WTRSURFJI,26,2044,1.2
GLOBAL,LNDAGRFJIC01,WTRSURFJI,26,2045,1.2
GLOBAL,LNDAGRFJIC01,WTRSURFJI,26,2046,1.2
GLOBAL,LNDAGRFJIC01,WTRSURFJI,26,2047,1.2
GLOBAL,LNDAGRFJIC01,WTRSURFJI,26,2048,1.2
GLOBAL,LNDAGRFJIC01,WTRSURFJI,26,2049,1.2
GLOBAL,LNDAGRFJIC01,WTRSURFJI,26,2050,1.2
GLOBAL,LNDAGRFJIC02,WTREVTFJI,26,2020,1.4
GLOBAL,LNDAGRFJIC02,WTREVTFJI,26,2021,1.4
GLOBAL,LNDAGRFJIC02,WTREVTFJI,26,2022,1.4
GLOBAL,LNDAGRFJIC02,WTREVTFJI,26,2023,1.4
GLOBAL,LNDAGRFJIC02,WTREVTFJI,26,2024,1.4
GLOBAL,LNDAGRFJIC02,WTREVTFJI,26,2025,1.4
GLOBAL,LNDAGRFJIC02,WTREVTFJI,26,2026,1.4
GLOBAL,LNDAGRFJIC02,WTREVTFJI,26,2027,1.4
GLOBAL,LNDAGRFJIC02,WTREVTFJI,26,2028,1.4
GLOBAL,LNDAGRFJIC02,WTREVTFJI,26,2029,1.4
GLOBAL,LNDAGRFJIC02,WTREVTFJI,26,2030,1.4
GLOBAL,LNDAGRFJIC02,WTREVTFJI,26,2031,1.4
GLOBAL,LNDAGRFJIC02,WTREVTFJI,26,2032,1.4
GLOBAL,LNDAGRFJIC02,WTREVTFJI,26,2033,1.4
GLOBAL,LNDAGRFJIC02,WTREVTFJI,26,2034,1.4
GLOBAL,LNDAGRFJIC02,WTREVTFJI,26,2035,1.4
GLOBAL,LNDAGRFJIC02,WTREVTFJI,26,2036,1.4
GLOBAL,LNDAGRFJIC02,WTREVTFJI,26,2037,1.4
GLOBAL,LNDAGRFJIC02,WTREVTFJI,26,2038,1.4
GLOBAL,LNDAGRFJIC02,WTREVTFJI,26,2039,1.4
GLOBAL,LNDAGRFJIC02,WTREVTFJI,26,2040,1.4
GLOBAL,LNDAGRFJIC02,WTREVTFJI,26,2041,1.4
GLOBAL,LNDAGRFJIC02,WTREVTFJI,26,2042,1.4
GLOBAL,LNDAGRFJIC02,WTREVTFJI,26,2043,1.4
GLOBAL,LNDAGRFJIC02,WTREVTFJI,26,2044,1.4
GLOBAL,LNDAGRFJIC02,WTREVTFJI,26,2045,1.4
GLOBAL,LNDAGRFJIC02,WTREVTFJI,26,2046,1.4
GLOBAL,LNDAGRFJIC02,WTREVTFJI,26,2047,1.4
GLOBAL,LNDAGRFJIC02,WTREVTFJI,26,2048,1.4
GLOBAL,LNDAGRFJIC02,WTREVTFJI,26,2049,1.4
GLOBAL,LNDAGRFJIC02,WTREVTFJI,26,2050,1.4
GLOBAL,LNDAGRFJIC02,WTRGRCFJI,26,2020,0.019
GLOBAL,LNDAGRFJIC02,WTRGRCFJI,26,2021,0.019
GLOBAL,LNDAGRFJIC02,WTRGRCFJI,26,2022,0.019
GLOBAL,LNDAGRFJIC02,WTRGRCFJI,26,2023,0.019
GLOBAL,LNDAGRFJIC02,WTRGRCFJI,26,2024,0.019
GLOBAL,LNDAGRFJIC02,WTRGRCFJI,26,2025,0.019
GLOBAL,LNDAGRFJIC02,WTRGRCFJI,26,2026,0.019
GLOBAL,LNDAGRFJIC02,WTRGRCFJI,26,2027,0.019
GLOBAL,LNDAGRFJIC02,WTRGRCFJI,26,2028,0.019
GLOBAL,LNDAGRFJIC02,WTRGRCFJI,26,2029,0.019
GLOBAL,LNDAGRFJIC02,WTRGRCFJI,26,2030,0.019
GLOBAL,LNDAGRFJIC02,WTRGRCFJI,26,2031,0.019
GLOBAL,LNDAGRFJIC02,WTRGRCFJI,26,2032,0.019
GLOBAL,LNDAGRFJIC02,WTRGRCFJI,26,2033,0.019
GLOBAL,LNDAGRFJIC02,WTRGRCFJI,26,2034,0.019
GLOBAL,LNDAGRFJIC02,WTRGRCFJI,26,2035,0.019
GLOBAL,LNDAGRFJIC02,WTRGRCFJI,26,2036,0.019
GLOBAL,LNDAGRFJIC02,WTRGRCFJI,26,2037,0.019
GLOBAL,LNDAGRFJIC02,WTRGRCFJI,26,2038,0.019
GLOBAL,LNDAGRFJIC02,WTRGRCFJI,26,2039,0.019
GLOBAL,LNDAGRFJIC02,WTRGRCFJI,26,2040,0.019
GLOBAL,LNDAGRFJIC02,WTRGRCFJI,26,2041,0.019
GLOBAL,LNDAGRFJIC02,WTRGRCFJI,26,2042,0.019
GLOBAL,LNDAGRFJIC02,WTRGRCFJI,26,2043,0.019
GLOBAL,LNDAGRFJIC02,WTRGRCFJI,26,2044,0.019
GLOBAL,LNDAGRFJIC02,WTRGRCFJI,26,2045,0.019
GLOBAL,LNDAGRFJIC02,WTRGRCFJI,26,2046,0.019
GLOBAL,LNDAGRFJIC02,WTRGRCFJI,26,2047,0.019
GLOBAL,LNDAGRFJIC02,WTRGRCFJI,26,2048,0.019
GLOBAL,LNDAGRFJIC02,WTRGRCFJI,26,2049,0.019
GLOBAL,LNDAGRFJIC02,WTRGRCFJI,26,2050,0.019
GLOBAL,LNDAGRFJIC02,WTRSURFJI,26,2020,1.1
GLOBAL,LNDAGRFJIC02,WTRSURFJI,26,2021,1.1
GLOBAL,LNDAGRFJIC02,WTRSURFJI,26,2022,1.1
GLOBAL,LNDAGRFJIC02,WTRSURFJI,26,2023,1.1
GLOBAL,LNDAGRFJIC02,WTRSURFJI,26,2024,1.1
GLOBAL,LNDAGRFJIC02,WTRSURFJI,26,2025,1.1
GLOBAL,LNDAGRFJIC02,WTRSURFJI,26,2026,1.1
GLOBAL,LNDAGRFJIC02,WTRSURFJI,26,2027,1.1
GLOBAL,LNDAGRFJIC02,WTRSURFJI,26,2028,1.1
GLOBAL,LNDAGRFJIC02,WTRSURFJI,26,2029,1.1
GLOBAL,LNDAGRFJIC02,WTRSURFJI,26,2030,1.1
GLOBAL,LNDAGRFJIC02,WTRSURFJI,26,2031,1.1
GLOBAL,LNDAGRFJIC02,WTRSURFJI,26,2032,1.1
GLOBAL,LNDAGRFJIC02,WTRSURFJI,26,2033,1.1
GLOBAL,LNDAGRFJIC02,WTRSURFJI,26,2034,1.1
GLOBAL,LNDAGRFJIC02,WTRSURFJI,26,2035,1.1
GLOBAL,LNDAGRFJIC02,WTRSURFJI,26,2036,1.1
GLOBAL,LNDAGRFJIC02,WTRSURFJI,26,2037,1.1
GLOBAL,LNDAGRFJIC02,WTRSURFJI,26,2038,1.1
GLOBAL,LNDAGRFJIC02,WTRSURFJI,26,2039,1.1
GLOBAL,LNDAGRFJIC02,WTRSURFJI,26,2040,1.1
GLOBAL,LNDAGRFJIC02,WTRSURFJI,26,2041,1.1
GLOBAL,LNDAGRFJIC02,WTRSURFJI,26,2042,1.1
GLOBAL,LNDAGRFJIC02,WTRSURFJI,26,2043,1.1
GLOBAL,LNDAGRFJIC02,WTRSURFJI,26,2044,1.1
GLOBAL,LNDAGRFJIC02,WTRSURFJI,26,2045,1.1
GLOBAL,LNDAGRFJIC02,WTRSURFJI,26,2046,1.1
GLOBAL,LNDAGRFJIC02,WTRSURFJI,26,2047,1.1
GLOBAL,LNDAGRFJIC02,WTRSURFJI,26,2048,1.1
GLOBAL,LNDAGRFJIC02,WTRSURFJI,26,2049,1.1
GLOBAL,LNDAGRFJIC02,WTRSURFJI,26,2050,1.1
GLOBAL,LNDAGRFJIC03,WTREVTFJI,26,2020,1.5
GLOBAL,LNDAGRFJIC03,WTREVTFJI,26,2021,1.5
GLOBAL,LNDAGRFJIC03,WTREVTFJI,26,2022,1.5
GLOBAL,LNDAGRFJIC03,WTREVTFJI,26,2023,1.5
GLOBAL,LNDAGRFJIC03,WTREVTFJI,26,2024,1.5
GLOBAL,LNDAGRFJIC03,WTREVTFJI,26,2025,1.5
GLOBAL,LNDAGRFJIC03,WTREVTFJI,26,2026,1.5
GLOBAL,LNDAGRFJIC03,WTREVTFJI,26,2027,1.5
GLOBAL,LNDAGRFJIC03,WTREVTFJI,26,2028,1.5
GLOBAL,LNDAGRFJIC03,WTREVTFJI,26,2029,1.5
GLOBAL,LNDAGRFJIC03,WTREVTFJI,26,2030,1.5
GLOBAL,LNDAGRFJIC03,WTREVTFJI,26,2031,1.5
GLOBAL,LNDAGRFJIC03,WTREVTFJI,26,2032,1.5
GLOBAL,LNDAGRFJIC03,WTREVTFJI,26,2033,1.5
GLOBAL,LNDAGRFJIC03,WTREVTFJI,26,2034,1.5
GLOBAL,LNDAGRFJIC03,WTREVTFJI,26,2035,1.5
GLOBAL,LNDAGRFJIC03,WTREVTFJI,26,2036,1.5
GLOBAL,LNDAGRFJIC03,WTREVTFJI,26,2037,1.5
GLOBAL,LNDAGRFJIC03,WTREVTFJI,26,2038,1.5
GLOBAL,LNDAGRFJIC03,WTREVTFJI,26,2039,1.5
GLOBAL,LNDAGRFJIC03,WTREVTFJI,26,2040,1.5
GLOBAL,LNDAGRFJIC03,WTREVTFJI,26,2041,1.5
GLOBAL,LNDAGRFJIC03,WTREVTFJI,26,2042,1.5
GLOBAL,LNDAGRFJIC03,WTREVTFJI,26,2043,1.5
GLOBAL,LNDAGRFJIC03,WTREVTFJI,26,2044,1.5
GLOBAL,LNDAGRFJIC03,WTREVTFJI,26,2045,1.5
GLOBAL,LNDAGRFJIC03,WTREVTFJI,26,2046,1.5
GLOBAL,LNDAGRFJIC03,WTREVTFJI,26,2047,1.5
GLOBAL,LNDAGRFJIC03,WTREVTFJI,26,2048,1.5
GLOBAL,LNDAGRFJIC03,WTREVTFJI,26,2049,1.5
GLOBAL,LNDAGRFJIC03,WTREVTFJI,26,2050,1.5
GLOBAL,LNDAGRFJIC03,WTRGRCFJI,26,2020,0.020
GLOBAL,LNDAGRFJIC03,WTRGRCFJI,26,2021,0.020
GLOBAL,LNDAGRFJIC03,WTRGRCFJI,26,2022,0.020
GLOBAL,LNDAGRFJIC03,WTRGRCFJI,26,2023,0.020
GLOBAL,LNDAGRFJIC03,WTRGRCFJI,26,2024,0.020
GLOBAL,LNDAGRFJIC03,WTRGRCFJI,26,2025,0.020
GLOBAL,LNDAGRFJIC03,WTRGRCFJI,26,2026,0.020
GLOBAL,LNDAGRFJIC03,WTRGRCFJI,26,2027,0.020
GLOBAL,LNDAGRFJIC03,WTRGRCFJI,26,2028,0.020
GLOBAL,LNDAGRFJIC03,WTRGRCFJI,26,2029,0.020
GLOBAL,LNDAGRFJIC03,WTRGRCFJI,26,2030,0.020
GLOBAL,LNDAGRFJIC03,WTRGRCFJI,26,2031,0.020
GLOBAL,LNDAGRFJIC03,WTRGRCFJI,26,2032,0.020
GLOBAL,LNDAGRFJIC03,WTRGRCFJI,26,2033,0.020
GLOBAL,LNDAGRFJIC03,WTRGRCFJI,26,2034,0.020
GLOBAL,LNDAGRFJIC03,WTRGRCFJI,26,2035,0.020
GLOBAL,LNDAGRFJIC03,WTRGRCFJI,26,2036,0.020
GLOBAL,LNDAGRFJIC03,WTRGRCFJI,26,2037,0.020
GLOBAL,LNDAGRFJIC03,WTRGRCFJI,26,2038,0.020
GLOBAL,LNDAGRFJIC03,WTRGRCFJI,26,2039,0.020
GLOBAL,LNDAGRFJIC03,WTRGRCFJI,26,2040,0.020
GLOBAL,LNDAGRFJIC03,WTRGRCFJI,26,2041,0.020
GLOBAL,LNDAGRFJIC03,WTRGRCFJI,26,2042,0.020
GLOBAL,LNDAGRFJIC03,WTRGRCFJI,26,2043,0.020
GLOBAL,LNDAGRFJIC03,WTRGRCFJI,26,2044,0.020
GLOBAL,LNDAGRFJIC03,WTRGRCFJI,26,2045,0.020
GLOBAL,LNDAGRFJIC03,WTRGRCFJI,26,2046,0.020
GLOBAL,LNDAGRFJIC03,WTRGRCFJI,26,2047,0.020
GLOBAL,LNDAGRFJIC03,WTRGRCFJI,26,2048,0.020
GLOBAL,LNDAGRFJIC03,WTRGRCFJI,26,2049,0.020
GLOBAL,LNDAGRFJIC03,WTRGRCFJI,26,2050,0.020
GLOBAL,LNDAGRFJIC03,WTRSURFJI,26,2020,1.2
GLOBAL,LNDAGRFJIC03,WTRSURFJI,26,2021,1.2
GLOBAL,LNDAGRFJIC03,WTRSURFJI,26,2022,1.2
GLOBAL,LNDAGRFJIC03,WTRSURFJI,26,2023,1.2
GLOBAL,LNDAGRFJIC03,WTRSURFJI,26,2024,1.2
GLOBAL,LNDAGRFJIC03,WTRSURFJI,26,2025,1.2
GLOBAL,LNDAGRFJIC03,WTRSURFJI,26,2026,1.2
GLOBAL,LNDAGRFJIC03,WTRSURFJI,26,2027,1.2
GLOBAL,LNDAGRFJIC03,WTRSURFJI,26,2028,1.2
GLOBAL,LNDAGRFJIC03,WTRSURFJI,26,2029,1.2
GLOBAL,LNDAGRFJIC03,WTRSURFJI,26,2030,1.2
GLOBAL,LNDAGRFJIC03,WTRSURFJI,26,2031,1.2
GLOBAL,LNDAGRFJIC03,WTRSURFJI,26,2032,1.2
GLOBAL,LNDAGRFJIC03,WTRSURFJI,26,2033,1.2
GLOBAL,LNDAGRFJIC03,WTRSURFJI,26,2034,1.2
GLOBAL,LNDAGRFJIC03,WTRSURFJI,26,2035,1.2
GLOBAL,LNDAGRFJIC03,WTRSURFJI,26,2036,1.2
GLOBAL,LNDAGRFJIC03,WTRSURFJI,26,2037,1.2
GLOBAL,LNDAGRFJIC03,WTRSURFJI,26,2038,1.2
GLOBAL,LNDAGRFJIC03,WTRSURFJI,26,2039,1.2
GLOBAL,LNDAGRFJIC03,WTRSURFJI,26,2040,1.2
GLOBAL,LNDAGRFJIC03,WTRSURFJI,26,2041,1.2
GLOBAL,LNDAGRFJIC03,WTRSURFJI,26,2042,1.2
GLOBAL,LNDAGRFJIC03,WTRSURFJI,26,2043,1.2
GLOBAL,LNDAGRFJIC03,WTRSURFJI,26,2044,1.2
GLOBAL,LNDAGRFJIC03,WTRSURFJI,26,2045,1.2
GLOBAL,LNDAGRFJIC03,WTRSURFJI,26,2046,1.2
GLOBAL,LNDAGRFJIC03,WTRSURFJI,26,2047,1.2
GLOBAL,LNDAGRFJIC03,WTRSURFJI,26,2048,1.2
GLOBAL,LNDAGRFJIC03,WTRSURFJI,26,2049,1.2
GLOBAL,LNDAGRFJIC03,WTRSURFJI,26,2050,1.2
GLOBAL,LNDAGRFJIC04,WTREVTFJI,26,2020,1.2
GLOBAL,LNDAGRFJIC04,WTREVTFJI,26,2021,1.2
GLOBAL,LNDAGRFJIC04,WTREVTFJI,26,2022,1.2
GLOBAL,LNDAGRFJIC04,WTREVTFJI,26,2023,1.2
GLOBAL,LNDAGRFJIC04,WTREVTFJI,26,2024,1.2
GLOBAL,LNDAGRFJIC04,WTREVTFJI,26,2025,1.2
GLOBAL,LNDAGRFJIC04,WTREVTFJI,26,2026,1.2
GLOBAL,LNDAGRFJIC04,WTREVTFJI,26,2027,1.2
GLOBAL,LNDAGRFJIC04,WTREVTFJI,26,2028,1.2
GLOBAL,LNDAGRFJIC04,WTREVTFJI,26,2029,1.2
GLOBAL,LNDAGRFJIC04,WTREVTFJI,26,2030,1.2
GLOBAL,LNDAGRFJIC04,WTREVTFJI,26,2031,1.2
GLOBAL,LNDAGRFJIC04,WTREVTFJI,26,2032,1.2
GLOBAL,LNDAGRFJIC04,WTREVTFJI,26,2033,1.2
GLOBAL,LNDAGRFJIC04,WTREVTFJI,26,2034,1.2
GLOBAL,LNDAGRFJIC04,WTREVTFJI,26,2035,1.2
GLOBAL,LNDAGRFJIC04,WTREVTFJI,26,2036,1.2
GLOBAL,LNDAGRFJIC04,WTREVTFJI,26,2037,1.2
GLOBAL,LNDAGRFJIC04,WTREVTFJI,26,2038,1.2
GLOBAL,LNDAGRFJIC04,WTREVTFJI,26,2039,1.2
GLOBAL,LNDAGRFJIC04,WTREVTFJI,26,2040,1.2
GLOBAL,LNDAGRFJIC04,WTREVTFJI,26,2041,1.2
GLOBAL,LNDAGRFJIC04,WTREVTFJI,26,2042,1.2
GLOBAL,LNDAGRFJIC04,WTREVTFJI,26,2043,1.2
GLOBAL,LNDAGRFJIC04,WTREVTFJI,26,2044,1.2
GLOBAL,LNDAGRFJIC04,WTREVTFJI,26,2045,1.2
GLOBAL,LNDAGRFJIC04,WTREVTFJI,26,2046,1.2
GLOBAL,LNDAGRFJIC04,WTREVTFJI,26,2047,1.2
GLOBAL,LNDAGRFJIC04,WTREVTFJI,26,2048,1.2
GLOBAL,LNDAGRFJIC04,WTREVTFJI,26,2049,1.2
GLOBAL,LNDAGRFJIC04,WTREVTFJI,26,2050,1.2
GLOBAL,LNDAGRFJIC04,WTRGRCFJI,26,2020,0.015
GLOBAL,LNDAGRFJIC04,WTRGRCFJI,26,2021,0.015
GLOBAL,LNDAGRFJIC04,WTRGRCFJI,26,2022,0.015
GLOBAL,LNDAGRFJIC04,WTRGRCFJI,26,2023,0.015
GLOBAL,LNDAGRFJIC04,WTRGRCFJI,26,2024,0.015
GLOBAL,LNDAGRFJIC04,WTRGRCFJI,26,2025,0.015
GLOBAL,LNDAGRFJIC04,WTRGRCFJI,26,2026,0.015
GLOBAL,LNDAGRFJIC04,WTRGRCFJI,26,2027,0.015
GLOBAL,LNDAGRFJIC04,WTRGRCFJI,26,2028,0.015
GLOBAL,LNDAGRFJIC04,WTRGRCFJI,26,2029,0.015
GLOBAL,LNDAGRFJIC04,WTRGRCFJI,26,2030,0.015
GLOBAL,LNDAGRFJIC04,WTRGRCFJI,26,2031,0.015
GLOBAL,LNDAGRFJIC04,WTRGRCFJI,26,2032,0.015
GLOBAL,LNDAGRFJIC04,WTRGRCFJI,26,2033,0.015
GLOBAL,LNDAGRFJIC04,WTRGRCFJI,26,2034,0.015
GLOBAL,LNDAGRFJIC04,WTRGRCFJI,26,2035,0.015
GLOBAL,LNDAGRFJIC04,WTRGRCFJI,26,2036,0.015
GLOBAL,LNDAGRFJIC04,WTRGRCFJI,26,2037,0.015
GLOBAL,LNDAGRFJIC04,WTRGRCFJI,26,2038,0.015
GLOBAL,LNDAGRFJIC04,WTRGRCFJI,26,2039,0.015
GLOBAL,LNDAGRFJIC04,WTRGRCFJI,26,2040,0.015
GLOBAL,LNDAGRFJIC04,WTRGRCFJI,26,2041,0.015
GLOBAL,LNDAGRFJIC04,WTRGRCFJI,26,2042,0.015
GLOBAL,LNDAGRFJIC04,WTRGRCFJI,26,2043,0.015
GLOBAL,LNDAGRFJIC04,WTRGRCFJI,26,2044,0.015
GLOBAL,LNDAGRFJIC04,WTRGRCFJI,26,2045,0.015
GLOBAL,LNDAGRFJIC04,WTRGRCFJI,26,2046,0.015
GLOBAL,LNDAGRFJIC04,WTRGRCFJI,26,2047,0.015
GLOBAL,LNDAGRFJIC04,WTRGRCFJI,26,2048,0.015
GLOBAL,LNDAGRFJIC04,WTRGRCFJI,26,2049,0.015
GLOBAL,LNDAGRFJIC04,WTRGRCFJI,26,2050,0.015
GLOBAL,LNDAGRFJIC04,WTRSURFJI,26,2020,0.88
GLOBAL,LNDAGRFJIC04,WTRSURFJI,26,2021,0.88
GLOBAL,LNDAGRFJIC04,WTRSURFJI,26,2022,0.88
GLOBAL,LNDAGRFJIC04,WTRSURFJI,26,2023,0.88
GLOBAL,LNDAGRFJIC04,WTRSURFJI,26,2024,0.88
GLOBAL,LNDAGRFJIC04,WTRSURFJI,26,2025,0.88
GLOBAL,LNDAGRFJIC04,WTRSURFJI,26,2026,0.88
GLOBAL,LNDAGRFJIC04,WTRSURFJI,26,2027,0.88
GLOBAL,LNDAGRFJIC04,WTRSURFJI,26,2028,0.88
GLOBAL,LNDAGRFJIC04,WTRSURFJI,26,2029,0.88
GLOBAL,LNDAGRFJIC04,WTRSURFJI,26,2030,0.88
GLOBAL,LNDAGRFJIC04,WTRSURFJI,26,2031,0.88
GLOBAL,LNDAGRFJIC04,WTRSURFJI,26,2032,0.88
GLOBAL,LNDAGRFJIC04,WTRSURFJI,26,2033,0.88
GLOBAL,LNDAGRFJIC04,WTRSURFJI,26,2034,0.88
GLOBAL,LNDAGRFJIC04,WTRSURFJI,26,2035,0.88
GLOBAL,LNDAGRFJIC04,WTRSURFJI,26,2036,0.88
GLOBAL,LNDAGRFJIC04,WTRSURFJI,26,2037,0.88
GLOBAL,LNDAGRFJIC04,WTRSURFJI,26,2038,0.88
GLOBAL,LNDAGRFJIC04,WTRSURFJI,26,2039,0.88
GLOBAL,LNDAGRFJIC04,WTRSURFJI,26,2040,0.88
GLOBAL,LNDAGRFJIC04,WTRSURFJI,26,2041,0.88
GLOBAL,LNDAGRFJIC04,WTRSURFJI,26,2042,0.88
GLOBAL,LNDAGRFJIC04,WTRSURFJI,26,2043,0.88
GLOBAL,LNDAGRFJIC04,WTRSURFJI,26,2044,0.88
GLOBAL,LNDAGRFJIC04,WTRSURFJI,26,2045,0.88
GLOBAL,LNDAGRFJIC04,WTRSURFJI,26,2046,0.88
GLOBAL,LNDAGRFJIC04,WTRSURFJI,26,2047,0.88
GLOBAL,LNDAGRFJIC04,WTRSURFJI,26,2048,0.88
GLOBAL,LNDAGRFJIC04,WTRSURFJI,26,2049,0.88
GLOBAL,LNDAGRFJIC04,WTRSURFJI,26,2050,0.88
GLOBAL,WTRABSFJI,WTRGWRFJI,1,2020,1.0
GLOBAL,WTRABSFJI,WTRGWRFJI,1,2021,1.0
GLOBAL,WTRABSFJI,WTRGWRFJI,1,2022,1.0
GLOBAL,WTRABSFJI,WTRGWRFJI,1,2023,1.0
GLOBAL,WTRABSFJI,WTRGWRFJI,1,2024,1.0
GLOBAL,WTRABSFJI,WTRGWRFJI,1,2025,1.0
GLOBAL,WTRABSFJI,WTRGWRFJI,1,2026,1.0
GLOBAL,WTRABSFJI,WTRGWRFJI,1,2027,1.0
GLOBAL,WTRABSFJI,WTRGWRFJI,1,2028,1.0
GLOBAL,WTRABSFJI,WTRGWRFJI,1,2029,1.0
GLOBAL,WTRABSFJI,WTRGWRFJI,1,2030,1.0
GLOBAL,WTRABSFJI,WTRGWRFJI,1,2031,1.0
GLOBAL,WTRABSFJI,WTRGWRFJI,1,2032,1.0
GLOBAL,WTRABSFJI,WTRGWRFJI,1,2033,1.0
GLOBAL,WTRABSFJI,WTRGWRFJI,1,2034,1.0
GLOBAL,WTRABSFJI,WTRGWRFJI,1,2035,1.0
GLOBAL,WTRABSFJI,WTRGWRFJI,1,2036,1.0
GLOBAL,WTRABSFJI,WTRGWRFJI,1,2037,1.0
GLOBAL,WTRABSFJI,WTRGWRFJI,1,2038,1.0
GLOBAL,WTRABSFJI,WTRGWRFJI,1,2039,1.0
GLOBAL,WTRABSFJI,WTRGWRFJI,1,2040,1.0
GLOBAL,WTRABSFJI,WTRGWRFJI,1,2041,1.0
GLOBAL,WTRABSFJI,WTRGWRFJI,1,2042,1.0
GLOBAL,WTRABSFJI,WTRGWRFJI,1,2043,1.0
GLOBAL,WTRABSFJI,WTRGWRFJI,1,2044,1.0
GLOBAL,WTRABSFJI,WTRGWRFJI,1,2045,1.0
GLOBAL,WTRABSFJI,WTRGWRFJI,1,2046,1.0
GLOBAL,WTRABSFJI,WTRGWRFJI,1,2047,1.0
GLOBAL,WTRABSFJI,WTRGWRFJI,1,2048,1.0
GLOBAL,WTRABSFJI,WTRGWRFJI,1,2049,1.0
GLOBAL,WTRABSFJI,WTRGWRFJI,1,2050,1.0
