REGION,TECHNOLOGY,FUEL,MODE_OF_OPERATION,YEAR,TIMESLICE,VALUE
GLOBAL,DEMCOMELCFJIXX02,ELCFJIXX02,1,2039,S1D1,0.085615114
GLOBAL,LNDAGRFJIC01,WTRPRCFJI,8,2039,S2D1,0.0027618119100000006
GLOBAL,LNDAGRFJIC01,LCONHRTOT,8,2039,S2D1,0.0010228933
GLOBAL,LNDAGRFJIC01,WTRPRCFJI,11,2021,S1D2,0.19806428610000001
GLOBAL,LNDAGRFJIC01,WTRPRCFJI,11,2021,S1D1,0.19806428610000001
GLOBAL,LNDAGRFJIC01,WTRPRCFJI,11,2021,S2D2,0.19806428610000001
GLOBAL,LNDAGRFJIC01,WTRPRCFJI,11,2021,S2D1,0.19806428610000001
GLOBAL,LNDAGRFJIC01,LCASHRTOT,11,2021,S1D2,0.073357143
GLOBAL,LNDAGRFJIC01,LCASHRTOT,11,2021,S1D1,0.073357143
GLOBAL,LNDAGRFJIC01,LCASHRTOT,11,2021,S2D2,0.073357143
GLOBAL,LNDAGRFJIC01,LCASHRTOT,11,2021,S2D1,0.073357143
GLOBAL,LNDAGRFJIC01,WTRPRCFJI,11,2022,S1D2,0.1989277353
GLOBAL,LNDAGRFJIC01,WTRPRCFJI,11,2022,S1D1,0.1989277353
GLOBAL,LNDAGRFJIC01,WTRPRCFJI,11,2022,S2D2,0.1989277353
GLOBAL,LNDAGRFJIC01,WTRPRCFJI,11,2022,S2D1,0.1989277353
GLOBAL,LNDAGRFJIC01,LCASHRTOT,11,2022,S1D2,0.073676939
GLOBAL,LNDAGRFJIC01,LCASHRTOT,11,2022,S1D1,0.073676939
GLOBAL,LNDAGRFJIC01,LCASHRTOT,11,2022,S2D2,0.073676939
GLOBAL,LNDAGRFJIC01,LCASHRTOT,11,2022,S2D1,0.073676939
GLOBAL,LNDAGRFJIC01,WTRPRCFJI,11,2023,S1D2,0.19979090910000002
GLOBAL,LNDAGRFJIC01,WTRPRCFJI,11,2023,S1D1,0.19979090910000002
GLOBAL,LNDAGRFJIC01,WTRPRCFJI,11,2023,S2D2,0.19979090910000002
GLOBAL,LNDAGRFJIC01,WTRPRCFJI,11,2023,S2D1,0.19979090910000002
GLOBAL,LNDAGRFJIC01,LCASHRTOT,11,2023,S1D2,0.073996633
GLOBAL,LNDAGRFJIC01,LCASHRTOT,11,2023,S1D1,0.073996633
GLOBAL,LNDAGRFJIC01,LCASHRTOT,11,2023,S2D2,0.073996633
GLOBAL,LNDAGRFJIC01,LCASHRTOT,11,2023,S2D1,0.073996633
GLOBAL,LNDAGRFJIC01,WTRPRCFJI,11,2024,S1D2,0.20065435830000003
GLOBAL,LNDAGRFJIC01,WTRPRCFJI,11,2024,S1D1,0.20065435830000003
GLOBAL,LNDAGRFJIC01,WTRPRCFJI,11,2024,S2D2,0.20065435830000003
GLOBAL,LNDAGRFJIC01,WTRPRCFJI,11,2024,S2D1,0.20065435830000003
GLOBAL,LNDAGRFJIC01,LCASHRTOT,11,2024,S1D2,0.074316429
GLOBAL,LNDAGRFJIC01,LCASHRTOT,11,2024,S1D1,0.074316429
GLOBAL,LNDAGRFJIC01,LCASHRTOT,11,2024,S2D2,0.074316429
GLOBAL,LNDAGRFJIC01,LCASHRTOT,11,2024,S2D1,0.074316429
GLOBAL,LNDAGRFJIC01,WTRPRCFJI,11,2025,S1D2,0.2015178048
GLOBAL,LNDAGRFJIC01,WTRPRCFJI,11,2025,S1D1,0.2015178048
GLOBAL,LNDAGRFJIC01,WTRPRCFJI,11,2025,S2D2,0.2015178048
GLOBAL,LNDAGRFJIC01,WTRPRCFJI,11,2025,S2D1,0.2015178048
GLOBAL,LNDAGRFJIC01,LCASHRTOT,11,2025,S1D2,0.074636224
GLOBAL,LNDAGRFJIC01,LCASHRTOT,11,2025,S1D1,0.074636224
GLOBAL,LNDAGRFJIC01,LCASHRTOT,11,2025,S2D2,0.074636224
GLOBAL,LNDAGRFJIC01,LCASHRTOT,11,2025,S2D1,0.074636224
GLOBAL,LNDAGRFJIC01,WTRPRCFJI,11,2026,S1D2,0.20216828609999998
GLOBAL,LNDAGRFJIC01,WTRPRCFJI,11,2026,S1D1,0.20216828609999998
GLOBAL,LNDAGRFJIC01,WTRPRCFJI,11,2026,S2D2,0.20216828609999998
GLOBAL,LNDAGRFJIC01,WTRPRCFJI,11,2026,S2D1,0.20216828609999998
GLOBAL,LNDAGRFJIC01,LCASHRTOT,11,2026,S1D2,0.074877143
GLOBAL,LNDAGRFJIC01,LCASHRTOT,11,2026,S1D1,0.074877143
GLOBAL,LNDAGRFJIC01,LCASHRTOT,11,2026,S2D2,0.074877143
GLOBAL,LNDAGRFJIC01,LCASHRTOT,11,2026,S2D1,0.074877143
GLOBAL,LNDAGRFJIC01,WTRPRCFJI,11,2027,S1D2,0.20281876470000001
GLOBAL,LNDAGRFJIC01,WTRPRCFJI,11,2027,S1D1,0.20281876470000001
GLOBAL,LNDAGRFJIC01,WTRPRCFJI,11,2027,S2D2,0.20281876470000001
GLOBAL,LNDAGRFJIC01,WTRPRCFJI,11,2027,S2D1,0.20281876470000001
GLOBAL,LNDAGRFJIC01,LCASHRTOT,11,2027,S1D2,0.075118061
GLOBAL,LNDAGRFJIC01,LCASHRTOT,11,2027,S1D1,0.075118061
GLOBAL,LNDAGRFJIC01,LCASHRTOT,11,2027,S2D2,0.075118061
GLOBAL,LNDAGRFJIC01,LCASHRTOT,11,2027,S2D1,0.075118061
GLOBAL,LNDAGRFJIC01,WTRPRCFJI,11,2028,S1D2,0.20346897060000002
GLOBAL,LNDAGRFJIC01,WTRPRCFJI,11,2028,S1D1,0.20346897060000002
GLOBAL,LNDAGRFJIC01,WTRPRCFJI,11,2028,S2D2,0.20346897060000002
GLOBAL,LNDAGRFJIC01,WTRPRCFJI,11,2028,S2D1,0.20346897060000002
GLOBAL,LNDAGRFJIC01,LCASHRTOT,11,2028,S1D2,0.075358878
GLOBAL,LNDAGRFJIC01,LCASHRTOT,11,2028,S1D1,0.075358878
GLOBAL,LNDAGRFJIC01,LCASHRTOT,11,2028,S2D2,0.075358878
GLOBAL,LNDAGRFJIC01,LCASHRTOT,11,2028,S2D1,0.075358878
GLOBAL,LNDAGRFJIC01,WTRPRCFJI,11,2029,S1D2,0.2041194492
GLOBAL,LNDAGRFJIC01,WTRPRCFJI,11,2029,S1D1,0.2041194492
GLOBAL,LNDAGRFJIC01,WTRPRCFJI,11,2029,S2D2,0.2041194492
GLOBAL,LNDAGRFJIC01,WTRPRCFJI,11,2029,S2D1,0.2041194492
GLOBAL,LNDAGRFJIC01,LCASHRTOT,11,2029,S1D2,0.075599796
GLOBAL,LNDAGRFJIC01,LCASHRTOT,11,2029,S1D1,0.075599796
GLOBAL,LNDAGRFJIC01,LCASHRTOT,11,2029,S2D2,0.075599796
GLOBAL,LNDAGRFJIC01,LCASHRTOT,11,2029,S2D1,0.075599796
GLOBAL,LNDAGRFJIC01,WTRPRCFJI,11,2030,S1D2,0.20476992780000003
GLOBAL,LNDAGRFJIC01,WTRPRCFJI,11,2030,S1D1,0.20476992780000003
GLOBAL,LNDAGRFJIC01,WTRPRCFJI,11,2030,S2D2,0.20476992780000003
GLOBAL,LNDAGRFJIC01,WTRPRCFJI,11,2030,S2D1,0.20476992780000003
GLOBAL,LNDAGRFJIC01,LCASHRTOT,11,2030,S1D2,0.075840714
GLOBAL,LNDAGRFJIC01,LCASHRTOT,11,2030,S1D1,0.075840714
GLOBAL,LNDAGRFJIC01,LCASHRTOT,11,2030,S2D2,0.075840714
GLOBAL,LNDAGRFJIC01,LCASHRTOT,11,2030,S2D1,0.075840714
GLOBAL,LNDAGRFJIC01,WTRPRCFJI,11,2031,S1D2,0.20521487700000002
GLOBAL,LNDAGRFJIC01,WTRPRCFJI,11,2031,S1D1,0.20521487700000002
GLOBAL,LNDAGRFJIC01,WTRPRCFJI,11,2031,S2D2,0.20521487700000002
GLOBAL,LNDAGRFJIC01,WTRPRCFJI,11,2031,S2D1,0.20521487700000002
GLOBAL,LNDAGRFJIC01,LCASHRTOT,11,2031,S1D2,0.07600551
GLOBAL,LNDAGRFJIC01,LCASHRTOT,11,2031,S1D1,0.07600551
GLOBAL,LNDAGRFJIC01,LCASHRTOT,11,2031,S2D2,0.07600551
GLOBAL,LNDAGRFJIC01,LCASHRTOT,11,2031,S2D1,0.07600551
GLOBAL,LNDAGRFJIC01,WTRPRCFJI,11,2032,S1D2,0.2056601016
GLOBAL,LNDAGRFJIC01,WTRPRCFJI,11,2032,S1D1,0.2056601016
GLOBAL,LNDAGRFJIC01,WTRPRCFJI,11,2032,S2D2,0.2056601016
GLOBAL,LNDAGRFJIC01,WTRPRCFJI,11,2032,S2D1,0.2056601016
GLOBAL,LNDAGRFJIC01,LCASHRTOT,11,2032,S1D2,0.076170408
GLOBAL,LNDAGRFJIC01,LCASHRTOT,11,2032,S1D1,0.076170408
GLOBAL,LNDAGRFJIC01,LCASHRTOT,11,2032,S2D2,0.076170408
GLOBAL,LNDAGRFJIC01,LCASHRTOT,11,2032,S2D1,0.076170408
GLOBAL,LNDAGRFJIC01,WTRPRCFJI,11,2033,S1D2,0.20610505080000002
GLOBAL,LNDAGRFJIC01,WTRPRCFJI,11,2033,S1D1,0.20610505080000002
GLOBAL,LNDAGRFJIC01,WTRPRCFJI,11,2033,S2D2,0.20610505080000002
GLOBAL,LNDAGRFJIC01,WTRPRCFJI,11,2033,S2D1,0.20610505080000002
GLOBAL,LNDAGRFJIC01,LCASHRTOT,11,2033,S1D2,0.076335204
GLOBAL,LNDAGRFJIC01,LCASHRTOT,11,2033,S1D1,0.076335204
GLOBAL,LNDAGRFJIC01,LCASHRTOT,11,2033,S2D2,0.076335204
GLOBAL,LNDAGRFJIC01,LCASHRTOT,11,2033,S2D1,0.076335204
GLOBAL,LNDAGRFJIC01,WTRPRCFJI,11,2034,S1D2,0.20655
GLOBAL,LNDAGRFJIC01,WTRPRCFJI,11,2034,S1D1,0.20655
GLOBAL,LNDAGRFJIC01,WTRPRCFJI,11,2034,S2D2,0.20655
GLOBAL,LNDAGRFJIC01,WTRPRCFJI,11,2034,S2D1,0.20655
GLOBAL,LNDAGRFJIC01,LCASHRTOT,11,2034,S1D2,0.0765
GLOBAL,LNDAGRFJIC01,LCASHRTOT,11,2034,S1D1,0.0765
GLOBAL,LNDAGRFJIC01,LCASHRTOT,11,2034,S2D2,0.0765
GLOBAL,LNDAGRFJIC01,LCASHRTOT,11,2034,S2D1,0.0765
GLOBAL,LNDAGRFJIC01,WTRPRCFJI,11,2035,S1D2,0.2069949492
GLOBAL,LNDAGRFJIC01,WTRPRCFJI,11,2035,S1D1,0.2069949492
GLOBAL,LNDAGRFJIC01,WTRPRCFJI,11,2035,S2D2,0.2069949492
GLOBAL,LNDAGRFJIC01,WTRPRCFJI,11,2035,S2D1,0.2069949492
GLOBAL,LNDAGRFJIC01,LCASHRTOT,11,2035,S1D2,0.076664796
GLOBAL,LNDAGRFJIC01,LCASHRTOT,11,2035,S1D1,0.076664796
GLOBAL,LNDAGRFJIC01,LCASHRTOT,11,2035,S2D2,0.076664796
GLOBAL,LNDAGRFJIC01,LCASHRTOT,11,2035,S2D1,0.076664796
GLOBAL,LNDAGRFJIC01,WTRPRCFJI,11,2036,S1D2,0.20719414170000003
GLOBAL,LNDAGRFJIC01,WTRPRCFJI,11,2036,S1D1,0.20719414170000003
GLOBAL,LNDAGRFJIC01,WTRPRCFJI,11,2036,S2D2,0.20719414170000003
GLOBAL,LNDAGRFJIC01,WTRPRCFJI,11,2036,S2D1,0.20719414170000003
GLOBAL,LNDAGRFJIC01,LCASHRTOT,11,2036,S1D2,0.076738571
GLOBAL,LNDAGRFJIC01,LCASHRTOT,11,2036,S1D1,0.076738571
GLOBAL,LNDAGRFJIC01,LCASHRTOT,11,2036,S2D2,0.076738571
GLOBAL,LNDAGRFJIC01,LCASHRTOT,11,2036,S2D1,0.076738571
GLOBAL,LNDAGRFJIC01,WTRPRCFJI,11,2037,S1D2,0.20739361230000003
GLOBAL,LNDAGRFJIC01,WTRPRCFJI,11,2037,S1D1,0.20739361230000003
GLOBAL,LNDAGRFJIC01,WTRPRCFJI,11,2037,S2D2,0.20739361230000003
GLOBAL,LNDAGRFJIC01,WTRPRCFJI,11,2037,S2D1,0.20739361230000003
GLOBAL,LNDAGRFJIC01,LCASHRTOT,11,2037,S1D2,0.076812449
GLOBAL,LNDAGRFJIC01,LCASHRTOT,11,2037,S1D1,0.076812449
GLOBAL,LNDAGRFJIC01,LCASHRTOT,11,2037,S2D2,0.076812449
GLOBAL,LNDAGRFJIC01,LCASHRTOT,11,2037,S2D1,0.076812449
GLOBAL,LNDAGRFJIC01,WTRPRCFJI,11,2038,S1D2,0.20759280480000003
GLOBAL,LNDAGRFJIC01,WTRPRCFJI,11,2038,S1D1,0.20759280480000003
GLOBAL,LNDAGRFJIC01,WTRPRCFJI,11,2038,S2D2,0.20759280480000003
GLOBAL,LNDAGRFJIC01,WTRPRCFJI,11,2038,S2D1,0.20759280480000003
GLOBAL,LNDAGRFJIC01,LCASHRTOT,11,2038,S1D2,0.076886224
GLOBAL,LNDAGRFJIC01,LCASHRTOT,11,2038,S1D1,0.076886224
GLOBAL,LNDAGRFJIC01,LCASHRTOT,11,2038,S2D2,0.076886224
GLOBAL,LNDAGRFJIC01,LCASHRTOT,11,2038,S2D1,0.076886224
GLOBAL,LNDAGRFJIC01,WTRPRCFJI,11,2039,S1D2,0.2088549171
GLOBAL,LNDAGRFJIC01,WTRPRCFJI,11,2039,S1D1,0.2088549171
GLOBAL,LNDAGRFJIC01,WTRPRCFJI,11,2039,S2D2,0.2088549171
GLOBAL,LNDAGRFJIC01,WTRPRCFJI,11,2039,S2D1,0.14984262090000003
GLOBAL,LNDAGRFJIC01,LCASHRTOT,11,2039,S1D2,0.077353673
GLOBAL,LNDAGRFJIC01,LCASHRTOT,11,2039,S1D1,0.077353673
GLOBAL,LNDAGRFJIC01,LCASHRTOT,11,2039,S2D2,0.077353673
GLOBAL,LNDAGRFJIC01,LCASHRTOT,11,2039,S2D1,0.055497267
GLOBAL,LNDAGRFJIC01,WTRPRCFJI,11,2040,S1D2,0.2079914706
GLOBAL,LNDAGRFJIC01,WTRPRCFJI,11,2040,S1D1,0.2079914706
GLOBAL,LNDAGRFJIC01,WTRPRCFJI,11,2040,S2D2,0.2079914706
GLOBAL,LNDAGRFJIC01,WTRPRCFJI,11,2040,S2D1,0.2079914706
GLOBAL,LNDAGRFJIC01,LCASHRTOT,11,2040,S1D2,0.077033878
GLOBAL,LNDAGRFJIC01,LCASHRTOT,11,2040,S1D1,0.077033878
GLOBAL,LNDAGRFJIC01,LCASHRTOT,11,2040,S2D2,0.077033878
GLOBAL,LNDAGRFJIC01,LCASHRTOT,11,2040,S2D1,0.077033878
GLOBAL,LNDAGRFJIC01,WTRPRCFJI,11,2041,S1D2,0.20796061230000004
GLOBAL,LNDAGRFJIC01,WTRPRCFJI,11,2041,S1D1,0.20796061230000004
GLOBAL,LNDAGRFJIC01,WTRPRCFJI,11,2041,S2D2,0.20796061230000004
GLOBAL,LNDAGRFJIC01,WTRPRCFJI,11,2041,S2D1,0.20796061230000004
GLOBAL,LNDAGRFJIC01,LCASHRTOT,11,2041,S1D2,0.077022449
GLOBAL,LNDAGRFJIC01,LCASHRTOT,11,2041,S1D1,0.077022449
GLOBAL,LNDAGRFJIC01,LCASHRTOT,11,2041,S2D2,0.077022449
GLOBAL,LNDAGRFJIC01,LCASHRTOT,11,2041,S2D1,0.077022449
GLOBAL,LNDAGRFJIC01,WTRPRCFJI,11,2042,S1D2,0.20792975400000002
GLOBAL,LNDAGRFJIC01,WTRPRCFJI,11,2042,S1D1,0.20792975400000002
GLOBAL,LNDAGRFJIC01,WTRPRCFJI,11,2042,S2D2,0.20792975400000002
GLOBAL,LNDAGRFJIC01,WTRPRCFJI,11,2042,S2D1,0.20792975400000002
GLOBAL,LNDAGRFJIC01,LCASHRTOT,11,2042,S1D2,0.07701102
GLOBAL,LNDAGRFJIC01,LCASHRTOT,11,2042,S1D1,0.07701102
GLOBAL,LNDAGRFJIC01,LCASHRTOT,11,2042,S2D2,0.07701102
GLOBAL,LNDAGRFJIC01,LCASHRTOT,11,2042,S2D1,0.07701102
GLOBAL,LNDAGRFJIC01,WTRPRCFJI,11,2043,S1D2,0.2078991738
GLOBAL,LNDAGRFJIC01,WTRPRCFJI,11,2043,S1D1,0.2078991738
GLOBAL,LNDAGRFJIC01,WTRPRCFJI,11,2043,S2D2,0.2078991738
GLOBAL,LNDAGRFJIC01,WTRPRCFJI,11,2043,S2D1,0.2078991738
GLOBAL,LNDAGRFJIC01,LCASHRTOT,11,2043,S1D2,0.076999694
GLOBAL,LNDAGRFJIC01,LCASHRTOT,11,2043,S1D1,0.076999694
GLOBAL,LNDAGRFJIC01,LCASHRTOT,11,2043,S2D2,0.076999694
GLOBAL,LNDAGRFJIC01,LCASHRTOT,11,2043,S2D1,0.076999694
GLOBAL,LNDAGRFJIC01,WTRPRCFJI,11,2044,S1D2,0.2078683155
GLOBAL,LNDAGRFJIC01,WTRPRCFJI,11,2044,S1D1,0.2078683155
GLOBAL,LNDAGRFJIC01,WTRPRCFJI,11,2044,S2D2,0.2078683155
GLOBAL,LNDAGRFJIC01,WTRPRCFJI,11,2044,S2D1,0.2078683155
GLOBAL,LNDAGRFJIC01,LCASHRTOT,11,2044,S1D2,0.076988265
GLOBAL,LNDAGRFJIC01,LCASHRTOT,11,2044,S1D1,0.076988265
GLOBAL,LNDAGRFJIC01,LCASHRTOT,11,2044,S2D2,0.076988265
GLOBAL,LNDAGRFJIC01,LCASHRTOT,11,2044,S2D1,0.076988265
GLOBAL,LNDAGRFJIC01,WTRPRCFJI,11,2045,S1D2,0.20783745990000002
GLOBAL,LNDAGRFJIC01,WTRPRCFJI,11,2045,S1D1,0.20783745990000002
GLOBAL,LNDAGRFJIC01,WTRPRCFJI,11,2045,S2D2,0.20783745990000002
GLOBAL,LNDAGRFJIC01,WTRPRCFJI,11,2045,S2D1,0.20783745990000002
GLOBAL,LNDAGRFJIC01,LCASHRTOT,11,2045,S1D2,0.076976837
GLOBAL,LNDAGRFJIC01,LCASHRTOT,11,2045,S1D1,0.076976837
GLOBAL,LNDAGRFJIC01,LCASHRTOT,11,2045,S2D2,0.076976837
GLOBAL,LNDAGRFJIC01,LCASHRTOT,11,2045,S2D1,0.076976837
GLOBAL,LNDAGRFJIC01,WTRPRCFJI,11,2046,S1D2,0.20762641710000002
GLOBAL,LNDAGRFJIC01,WTRPRCFJI,11,2046,S1D1,0.20762641710000002
GLOBAL,LNDAGRFJIC01,WTRPRCFJI,11,2046,S2D2,0.20762641710000002
GLOBAL,LNDAGRFJIC01,WTRPRCFJI,11,2046,S2D1,0.20762641710000002
GLOBAL,LNDAGRFJIC01,LCASHRTOT,11,2046,S1D2,0.076898673
GLOBAL,LNDAGRFJIC01,LCASHRTOT,11,2046,S1D1,0.076898673
GLOBAL,LNDAGRFJIC01,LCASHRTOT,11,2046,S2D2,0.076898673
GLOBAL,LNDAGRFJIC01,LCASHRTOT,11,2046,S2D1,0.076898673
GLOBAL,LNDAGRFJIC01,WTRPRCFJI,11,2047,S1D2,0.2074156524
GLOBAL,LNDAGRFJIC01,WTRPRCFJI,11,2047,S1D1,0.2074156524
GLOBAL,LNDAGRFJIC01,WTRPRCFJI,11,2047,S2D2,0.2074156524
GLOBAL,LNDAGRFJIC01,WTRPRCFJI,11,2047,S2D1,0.2074156524
GLOBAL,LNDAGRFJIC01,LCASHRTOT,11,2047,S1D2,0.076820612
GLOBAL,LNDAGRFJIC01,LCASHRTOT,11,2047,S1D1,0.076820612
GLOBAL,LNDAGRFJIC01,LCASHRTOT,11,2047,S2D2,0.076820612
GLOBAL,LNDAGRFJIC01,LCASHRTOT,11,2047,S2D1,0.076820612
GLOBAL,LNDAGRFJIC01,WTRPRCFJI,11,2048,S1D2,0.2076727032
GLOBAL,LNDAGRFJIC01,WTRPRCFJI,11,2048,S1D1,0.2076727032
GLOBAL,LNDAGRFJIC01,WTRPRCFJI,11,2048,S2D2,0.2076727032
GLOBAL,LNDAGRFJIC01,WTRPRCFJI,11,2048,S2D1,0.2058159348
GLOBAL,LNDAGRFJIC01,LCASHRTOT,11,2048,S1D2,0.076915816
GLOBAL,LNDAGRFJIC01,LCASHRTOT,11,2048,S1D1,0.076915816
GLOBAL,LNDAGRFJIC01,LCASHRTOT,11,2048,S2D2,0.076915816
GLOBAL,LNDAGRFJIC01,LCASHRTOT,11,2048,S2D1,0.076228124
GLOBAL,LNDAGRFJIC01,WTRPRCFJI,11,2049,S1D2,0.20722775400000001
GLOBAL,LNDAGRFJIC01,WTRPRCFJI,11,2049,S1D1,0.20722775400000001
GLOBAL,LNDAGRFJIC01,WTRPRCFJI,11,2049,S2D2,0.20722775400000001
GLOBAL,LNDAGRFJIC01,WTRPRCFJI,11,2049,S2D1,0.20629991520000002
GLOBAL,LNDAGRFJIC01,LCASHRTOT,11,2049,S1D2,0.07675102
GLOBAL,LNDAGRFJIC01,LCASHRTOT,11,2049,S1D1,0.07675102
GLOBAL,LNDAGRFJIC01,LCASHRTOT,11,2049,S2D2,0.07675102
GLOBAL,LNDAGRFJIC01,LCASHRTOT,11,2049,S2D1,0.076407376
GLOBAL,LNDAGRFJIC01,WTRPRCFJI,11,2050,S1D2,0.2067828048
GLOBAL,LNDAGRFJIC01,WTRPRCFJI,11,2050,S1D1,0.2067828048
GLOBAL,LNDAGRFJIC01,WTRPRCFJI,11,2050,S2D2,0.2067828048
GLOBAL,LNDAGRFJIC01,WTRPRCFJI,11,2050,S2D1,0.2067828048
GLOBAL,LNDAGRFJIC01,LCASHRTOT,11,2050,S1D2,0.076586224
GLOBAL,LNDAGRFJIC01,LCASHRTOT,11,2050,S1D1,0.076586224
GLOBAL,LNDAGRFJIC01,LCASHRTOT,11,2050,S2D2,0.076586224
GLOBAL,LNDAGRFJIC01,LCASHRTOT,11,2050,S2D1,0.076586224
GLOBAL,LNDAGRFJIC01,WTRPRCFJI,15,2021,S1D2,4.2365454300000005
GLOBAL,LNDAGRFJIC01,WTRPRCFJI,15,2021,S1D1,4.2365454300000005
GLOBAL,LNDAGRFJIC01,WTRPRCFJI,15,2021,S2D1,4.2365454300000005
GLOBAL,LNDAGRFJIC01,LSGCHRTOT,15,2021,S1D2,1.5690909
GLOBAL,LNDAGRFJIC01,LSGCHRTOT,15,2021,S1D1,1.5690909
GLOBAL,LNDAGRFJIC01,LSGCHRTOT,15,2021,S2D1,1.5690909
GLOBAL,LNDAGRFJIC01,WTRPRCFJI,15,2022,S1D2,4.25500371
GLOBAL,LNDAGRFJIC01,WTRPRCFJI,15,2022,S1D1,4.25500371
GLOBAL,LNDAGRFJIC01,WTRPRCFJI,15,2022,S2D1,4.25500371
GLOBAL,LNDAGRFJIC01,LSGCHRTOT,15,2022,S1D2,1.5759273
GLOBAL,LNDAGRFJIC01,LSGCHRTOT,15,2022,S1D1,1.5759273
GLOBAL,LNDAGRFJIC01,LSGCHRTOT,15,2022,S2D1,1.5759273
GLOBAL,LNDAGRFJIC01,WTRPRCFJI,15,2023,S1D2,4.27348629
GLOBAL,LNDAGRFJIC01,WTRPRCFJI,15,2023,S1D1,4.27348629
GLOBAL,LNDAGRFJIC01,WTRPRCFJI,15,2023,S2D2,4.27348629
GLOBAL,LNDAGRFJIC01,WTRPRCFJI,15,2023,S2D1,4.27348629
GLOBAL,LNDAGRFJIC01,LSGCHRTOT,15,2023,S1D2,1.5827727
GLOBAL,LNDAGRFJIC01,LSGCHRTOT,15,2023,S1D1,1.5827727
GLOBAL,LNDAGRFJIC01,LSGCHRTOT,15,2023,S2D2,1.5827727
GLOBAL,LNDAGRFJIC01,LSGCHRTOT,15,2023,S2D1,1.5827727
GLOBAL,LNDAGRFJIC01,WTRPRCFJI,15,2024,S1D2,4.291944570000001
GLOBAL,LNDAGRFJIC01,WTRPRCFJI,15,2024,S1D1,4.291944570000001
GLOBAL,LNDAGRFJIC01,WTRPRCFJI,15,2024,S2D2,4.291944570000001
GLOBAL,LNDAGRFJIC01,WTRPRCFJI,15,2024,S2D1,4.291944570000001
GLOBAL,LNDAGRFJIC01,LSGCHRTOT,15,2024,S1D2,1.5896091
GLOBAL,LNDAGRFJIC01,LSGCHRTOT,15,2024,S1D1,1.5896091
GLOBAL,LNDAGRFJIC01,LSGCHRTOT,15,2024,S2D2,1.5896091
GLOBAL,LNDAGRFJIC01,LSGCHRTOT,15,2024,S2D1,1.5896091
GLOBAL,LNDAGRFJIC01,WTRPRCFJI,15,2025,S1D2,4.31040285
GLOBAL,LNDAGRFJIC01,WTRPRCFJI,15,2025,S1D1,4.31040285
GLOBAL,LNDAGRFJIC01,WTRPRCFJI,15,2025,S2D2,4.31040285
GLOBAL,LNDAGRFJIC01,WTRPRCFJI,15,2025,S2D1,4.31040285
GLOBAL,LNDAGRFJIC01,LSGCHRTOT,15,2025,S1D2,1.5964455
GLOBAL,LNDAGRFJIC01,LSGCHRTOT,15,2025,S1D1,1.5964455
GLOBAL,LNDAGRFJIC01,LSGCHRTOT,15,2025,S2D2,1.5964455
GLOBAL,LNDAGRFJIC01,LSGCHRTOT,15,2025,S2D1,1.5964455
GLOBAL,LNDAGRFJIC01,WTRPRCFJI,15,2026,S1D2,4.32432
GLOBAL,LNDAGRFJIC01,WTRPRCFJI,15,2026,S1D1,4.32432
GLOBAL,LNDAGRFJIC01,WTRPRCFJI,15,2026,S2D2,4.32432
GLOBAL,LNDAGRFJIC01,WTRPRCFJI,15,2026,S2D1,4.32432
GLOBAL,LNDAGRFJIC01,LSGCHRTOT,15,2026,S1D2,1.6016
GLOBAL,LNDAGRFJIC01,LSGCHRTOT,15,2026,S1D1,1.6016
GLOBAL,LNDAGRFJIC01,LSGCHRTOT,15,2026,S2D2,1.6016
GLOBAL,LNDAGRFJIC01,LSGCHRTOT,15,2026,S2D1,1.6016
GLOBAL,LNDAGRFJIC01,WTRPRCFJI,15,2027,S1D2,4.33823715
GLOBAL,LNDAGRFJIC01,WTRPRCFJI,15,2027,S1D1,4.33823715
GLOBAL,LNDAGRFJIC01,WTRPRCFJI,15,2027,S2D2,4.33823715
GLOBAL,LNDAGRFJIC01,WTRPRCFJI,15,2027,S2D1,4.33823715
GLOBAL,LNDAGRFJIC01,LSGCHRTOT,15,2027,S1D2,1.6067545
GLOBAL,LNDAGRFJIC01,LSGCHRTOT,15,2027,S1D1,1.6067545
GLOBAL,LNDAGRFJIC01,LSGCHRTOT,15,2027,S2D2,1.6067545
GLOBAL,LNDAGRFJIC01,LSGCHRTOT,15,2027,S2D1,1.6067545
GLOBAL,LNDAGRFJIC01,WTRPRCFJI,15,2028,S1D2,4.352154570000001
GLOBAL,LNDAGRFJIC01,WTRPRCFJI,15,2028,S1D1,4.352154570000001
GLOBAL,LNDAGRFJIC01,WTRPRCFJI,15,2028,S2D2,4.333779450000001
GLOBAL,LNDAGRFJIC01,WTRPRCFJI,15,2028,S2D1,4.352154570000001
GLOBAL,LNDAGRFJIC01,LSGCHRTOT,15,2028,S1D2,1.6119091
GLOBAL,LNDAGRFJIC01,LSGCHRTOT,15,2028,S1D1,1.6119091
GLOBAL,LNDAGRFJIC01,LSGCHRTOT,15,2028,S2D2,1.6051035
GLOBAL,LNDAGRFJIC01,LSGCHRTOT,15,2028,S2D1,1.6119091
GLOBAL,LNDAGRFJIC01,WTRPRCFJI,15,2029,S1D2,4.366071720000001
GLOBAL,LNDAGRFJIC01,WTRPRCFJI,15,2029,S1D1,4.366071720000001
GLOBAL,LNDAGRFJIC01,WTRPRCFJI,15,2029,S2D2,4.28752008
GLOBAL,LNDAGRFJIC01,WTRPRCFJI,15,2029,S2D1,4.366071720000001
GLOBAL,LNDAGRFJIC01,LSGCHRTOT,15,2029,S1D2,1.6170636
GLOBAL,LNDAGRFJIC01,LSGCHRTOT,15,2029,S1D1,1.6170636
GLOBAL,LNDAGRFJIC01,LSGCHRTOT,15,2029,S2D2,1.5879704
GLOBAL,LNDAGRFJIC01,LSGCHRTOT,15,2029,S2D1,1.6170636
GLOBAL,LNDAGRFJIC01,WTRPRCFJI,15,2030,S1D2,4.37998914
GLOBAL,LNDAGRFJIC01,WTRPRCFJI,15,2030,S1D1,4.37998914
GLOBAL,LNDAGRFJIC01,WTRPRCFJI,15,2030,S2D2,4.24125936
GLOBAL,LNDAGRFJIC01,WTRPRCFJI,15,2030,S2D1,4.37998914
GLOBAL,LNDAGRFJIC01,LSGCHRTOT,15,2030,S1D2,1.6222182
GLOBAL,LNDAGRFJIC01,LSGCHRTOT,15,2030,S1D1,1.6222182
GLOBAL,LNDAGRFJIC01,LSGCHRTOT,15,2030,S2D2,1.5708368
GLOBAL,LNDAGRFJIC01,LSGCHRTOT,15,2030,S2D1,1.6222182
GLOBAL,LNDAGRFJIC01,WTRPRCFJI,15,2031,S1D2,4.38948828
GLOBAL,LNDAGRFJIC01,WTRPRCFJI,15,2031,S1D1,4.38948828
GLOBAL,LNDAGRFJIC01,WTRPRCFJI,15,2031,S2D2,4.209678
GLOBAL,LNDAGRFJIC01,WTRPRCFJI,15,2031,S2D1,4.38948828
GLOBAL,LNDAGRFJIC01,LSGCHRTOT,15,2031,S1D2,1.6257364
GLOBAL,LNDAGRFJIC01,LSGCHRTOT,15,2031,S1D1,1.6257364
GLOBAL,LNDAGRFJIC01,LSGCHRTOT,15,2031,S2D2,1.55914
GLOBAL,LNDAGRFJIC01,LSGCHRTOT,15,2031,S2D1,1.6257364
GLOBAL,LNDAGRFJIC01,WTRPRCFJI,15,2032,S1D2,4.399011720000001
GLOBAL,LNDAGRFJIC01,WTRPRCFJI,15,2032,S1D1,4.399011720000001
GLOBAL,LNDAGRFJIC01,WTRPRCFJI,15,2032,S2D2,4.17802266
GLOBAL,LNDAGRFJIC01,WTRPRCFJI,15,2032,S2D1,4.399011720000001
GLOBAL,LNDAGRFJIC01,LSGCHRTOT,15,2032,S1D2,1.6292636
GLOBAL,LNDAGRFJIC01,LSGCHRTOT,15,2032,S1D1,1.6292636
GLOBAL,LNDAGRFJIC01,LSGCHRTOT,15,2032,S2D2,1.5474158
GLOBAL,LNDAGRFJIC01,LSGCHRTOT,15,2032,S2D1,1.6292636
GLOBAL,LNDAGRFJIC01,WTRPRCFJI,15,2033,S1D2,4.14192582
GLOBAL,LNDAGRFJIC01,WTRPRCFJI,15,2033,S1D1,4.408535430000001
GLOBAL,LNDAGRFJIC01,WTRPRCFJI,15,2033,S2D2,4.408535430000001
GLOBAL,LNDAGRFJIC01,WTRPRCFJI,15,2033,S2D1,4.408535430000001
GLOBAL,LNDAGRFJIC01,LSGCHRTOT,15,2033,S1D2,1.5340466
GLOBAL,LNDAGRFJIC01,LSGCHRTOT,15,2033,S1D1,1.6327909
GLOBAL,LNDAGRFJIC01,LSGCHRTOT,15,2033,S2D2,1.6327909
GLOBAL,LNDAGRFJIC01,LSGCHRTOT,15,2033,S2D1,1.6327909
GLOBAL,LNDAGRFJIC01,WTRPRCFJI,15,2034,S1D2,4.41805914
GLOBAL,LNDAGRFJIC01,WTRPRCFJI,15,2034,S1D1,4.41805914
GLOBAL,LNDAGRFJIC01,WTRPRCFJI,15,2034,S2D2,4.11471333
GLOBAL,LNDAGRFJIC01,WTRPRCFJI,15,2034,S2D1,4.41805914
GLOBAL,LNDAGRFJIC01,LSGCHRTOT,15,2034,S1D2,1.6363182
GLOBAL,LNDAGRFJIC01,LSGCHRTOT,15,2034,S1D1,1.6363182
GLOBAL,LNDAGRFJIC01,LSGCHRTOT,15,2034,S2D2,1.5239679
GLOBAL,LNDAGRFJIC01,LSGCHRTOT,15,2034,S2D1,1.6363182
GLOBAL,LNDAGRFJIC01,WTRPRCFJI,15,2035,S1D2,4.42755828
GLOBAL,LNDAGRFJIC01,WTRPRCFJI,15,2035,S1D1,4.42755828
GLOBAL,LNDAGRFJIC01,WTRPRCFJI,15,2035,S2D2,4.0831308900000005
GLOBAL,LNDAGRFJIC01,WTRPRCFJI,15,2035,S2D1,4.42755828
GLOBAL,LNDAGRFJIC01,LSGCHRTOT,15,2035,S1D2,1.6398364
GLOBAL,LNDAGRFJIC01,LSGCHRTOT,15,2035,S1D1,1.6398364
GLOBAL,LNDAGRFJIC01,LSGCHRTOT,15,2035,S2D2,1.5122707
GLOBAL,LNDAGRFJIC01,LSGCHRTOT,15,2035,S2D1,1.6398364
GLOBAL,LNDAGRFJIC01,WTRPRCFJI,15,2036,S1D2,4.4318291400000005
GLOBAL,LNDAGRFJIC01,WTRPRCFJI,15,2036,S1D1,4.4318291400000005
GLOBAL,LNDAGRFJIC01,WTRPRCFJI,15,2036,S2D2,4.06893807
GLOBAL,LNDAGRFJIC01,WTRPRCFJI,15,2036,S2D1,4.4318291400000005
GLOBAL,LNDAGRFJIC01,LSGCHRTOT,15,2036,S1D2,1.6414182
GLOBAL,LNDAGRFJIC01,LSGCHRTOT,15,2036,S1D1,1.6414182
GLOBAL,LNDAGRFJIC01,LSGCHRTOT,15,2036,S2D2,1.5070141
GLOBAL,LNDAGRFJIC01,LSGCHRTOT,15,2036,S2D1,1.6414182
GLOBAL,LNDAGRFJIC01,WTRPRCFJI,15,2037,S1D2,4.436100000000001
GLOBAL,LNDAGRFJIC01,WTRPRCFJI,15,2037,S1D1,4.436100000000001
GLOBAL,LNDAGRFJIC01,WTRPRCFJI,15,2037,S2D2,4.05474417
GLOBAL,LNDAGRFJIC01,WTRPRCFJI,15,2037,S2D1,4.436100000000001
GLOBAL,LNDAGRFJIC01,LSGCHRTOT,15,2037,S1D2,1.643
GLOBAL,LNDAGRFJIC01,LSGCHRTOT,15,2037,S1D1,1.643
GLOBAL,LNDAGRFJIC01,LSGCHRTOT,15,2037,S2D2,1.5017571
GLOBAL,LNDAGRFJIC01,LSGCHRTOT,15,2037,S2D1,1.643
GLOBAL,LNDAGRFJIC01,WTRPRCFJI,15,2038,S1D2,4.440370860000001
GLOBAL,LNDAGRFJIC01,WTRPRCFJI,15,2038,S1D1,4.440370860000001
GLOBAL,LNDAGRFJIC01,WTRPRCFJI,15,2038,S2D2,4.040550270000001
GLOBAL,LNDAGRFJIC01,WTRPRCFJI,15,2038,S2D1,4.440370860000001
GLOBAL,LNDAGRFJIC01,LSGCHRTOT,15,2038,S1D2,1.6445818
GLOBAL,LNDAGRFJIC01,LSGCHRTOT,15,2038,S1D1,1.6445818
GLOBAL,LNDAGRFJIC01,LSGCHRTOT,15,2038,S2D2,1.4965001
GLOBAL,LNDAGRFJIC01,LSGCHRTOT,15,2038,S2D1,1.6445818
GLOBAL,LNDAGRFJIC01,WTRPRCFJI,15,2039,S1D2,4.46734629
GLOBAL,LNDAGRFJIC01,WTRPRCFJI,15,2039,S1D1,4.37565996
GLOBAL,LNDAGRFJIC01,WTRPRCFJI,15,2039,S2D2,4.112262810000001
GLOBAL,LNDAGRFJIC01,WTRPRCFJI,15,2039,S2D1,4.46734629
GLOBAL,LNDAGRFJIC01,LSGCHRTOT,15,2039,S1D2,1.6545727
GLOBAL,LNDAGRFJIC01,LSGCHRTOT,15,2039,S1D1,1.6206148
GLOBAL,LNDAGRFJIC01,LSGCHRTOT,15,2039,S2D2,1.5230603
GLOBAL,LNDAGRFJIC01,LSGCHRTOT,15,2039,S2D1,1.6545727
GLOBAL,LNDAGRFJIC01,WTRPRCFJI,15,2040,S1D2,4.44888828
GLOBAL,LNDAGRFJIC01,WTRPRCFJI,15,2040,S1D1,4.44888828
GLOBAL,LNDAGRFJIC01,WTRPRCFJI,15,2040,S2D2,4.012235100000001
GLOBAL,LNDAGRFJIC01,WTRPRCFJI,15,2040,S2D1,4.44888828
GLOBAL,LNDAGRFJIC01,LSGCHRTOT,15,2040,S1D2,1.6477364
GLOBAL,LNDAGRFJIC01,LSGCHRTOT,15,2040,S1D1,1.6477364
GLOBAL,LNDAGRFJIC01,LSGCHRTOT,15,2040,S2D2,1.486013
GLOBAL,LNDAGRFJIC01,LSGCHRTOT,15,2040,S2D1,1.6477364
GLOBAL,LNDAGRFJIC01,WTRPRCFJI,15,2041,S1D2,4.44822543
GLOBAL,LNDAGRFJIC01,WTRPRCFJI,15,2041,S2D2,4.44822543
GLOBAL,LNDAGRFJIC01,WTRPRCFJI,15,2041,S2D1,4.44822543
GLOBAL,LNDAGRFJIC01,LSGCHRTOT,15,2041,S1D2,1.6474909
GLOBAL,LNDAGRFJIC01,LSGCHRTOT,15,2041,S2D2,1.6474909
GLOBAL,LNDAGRFJIC01,LSGCHRTOT,15,2041,S2D1,1.6474909
GLOBAL,LNDAGRFJIC01,WTRPRCFJI,15,2042,S1D2,4.44756285
GLOBAL,LNDAGRFJIC01,WTRPRCFJI,15,2042,S1D1,4.44756285
GLOBAL,LNDAGRFJIC01,WTRPRCFJI,15,2042,S2D2,4.01663907
GLOBAL,LNDAGRFJIC01,WTRPRCFJI,15,2042,S2D1,4.44756285
GLOBAL,LNDAGRFJIC01,LSGCHRTOT,15,2042,S1D2,1.6472455
GLOBAL,LNDAGRFJIC01,LSGCHRTOT,15,2042,S1D1,1.6472455
GLOBAL,LNDAGRFJIC01,LSGCHRTOT,15,2042,S2D2,1.4876441
GLOBAL,LNDAGRFJIC01,LSGCHRTOT,15,2042,S2D1,1.6472455
GLOBAL,LNDAGRFJIC01,WTRPRCFJI,15,2043,S1D2,4.4469
GLOBAL,LNDAGRFJIC01,WTRPRCFJI,15,2043,S1D1,4.4469
GLOBAL,LNDAGRFJIC01,WTRPRCFJI,15,2043,S2D2,4.01883957
GLOBAL,LNDAGRFJIC01,WTRPRCFJI,15,2043,S2D1,4.4469
GLOBAL,LNDAGRFJIC01,LSGCHRTOT,15,2043,S1D2,1.647
GLOBAL,LNDAGRFJIC01,LSGCHRTOT,15,2043,S1D1,1.647
GLOBAL,LNDAGRFJIC01,LSGCHRTOT,15,2043,S2D2,1.4884591
GLOBAL,LNDAGRFJIC01,LSGCHRTOT,15,2043,S2D1,1.647
GLOBAL,LNDAGRFJIC01,WTRPRCFJI,15,2044,S1D2,4.446261720000001
GLOBAL,LNDAGRFJIC01,WTRPRCFJI,15,2044,S1D1,4.446261720000001
GLOBAL,LNDAGRFJIC01,WTRPRCFJI,15,2044,S2D2,4.02096798
GLOBAL,LNDAGRFJIC01,WTRPRCFJI,15,2044,S2D1,4.446261720000001
GLOBAL,LNDAGRFJIC01,LSGCHRTOT,15,2044,S1D2,1.6467636
GLOBAL,LNDAGRFJIC01,LSGCHRTOT,15,2044,S1D1,1.6467636
GLOBAL,LNDAGRFJIC01,LSGCHRTOT,15,2044,S2D2,1.4892474
GLOBAL,LNDAGRFJIC01,LSGCHRTOT,15,2044,S2D1,1.6467636
GLOBAL,LNDAGRFJIC01,WTRPRCFJI,15,2045,S1D2,4.445599140000001
GLOBAL,LNDAGRFJIC01,WTRPRCFJI,15,2045,S1D1,4.445599140000001
GLOBAL,LNDAGRFJIC01,WTRPRCFJI,15,2045,S2D2,4.02317064
GLOBAL,LNDAGRFJIC01,WTRPRCFJI,15,2045,S2D1,4.445599140000001
GLOBAL,LNDAGRFJIC01,LSGCHRTOT,15,2045,S1D2,1.6465182
GLOBAL,LNDAGRFJIC01,LSGCHRTOT,15,2045,S1D1,1.6465182
GLOBAL,LNDAGRFJIC01,LSGCHRTOT,15,2045,S2D2,1.4900632
GLOBAL,LNDAGRFJIC01,LSGCHRTOT,15,2045,S2D1,1.6465182
GLOBAL,LNDAGRFJIC01,WTRPRCFJI,15,2046,S1D2,4.031355690000001
GLOBAL,LNDAGRFJIC01,WTRPRCFJI,15,2046,S1D1,4.44108285
GLOBAL,LNDAGRFJIC01,WTRPRCFJI,15,2046,S2D2,4.44108285
GLOBAL,LNDAGRFJIC01,WTRPRCFJI,15,2046,S2D1,4.44108285
GLOBAL,LNDAGRFJIC01,LSGCHRTOT,15,2046,S1D2,1.4930947
GLOBAL,LNDAGRFJIC01,LSGCHRTOT,15,2046,S1D1,1.6448455
GLOBAL,LNDAGRFJIC01,LSGCHRTOT,15,2046,S2D2,1.6448455
GLOBAL,LNDAGRFJIC01,LSGCHRTOT,15,2046,S2D1,1.6448455
GLOBAL,LNDAGRFJIC01,WTRPRCFJI,15,2047,S1D2,4.04669628
GLOBAL,LNDAGRFJIC01,WTRPRCFJI,15,2047,S1D1,4.43656629
GLOBAL,LNDAGRFJIC01,WTRPRCFJI,15,2047,S2D2,4.43656629
GLOBAL,LNDAGRFJIC01,WTRPRCFJI,15,2047,S2D1,4.43656629
GLOBAL,LNDAGRFJIC01,LSGCHRTOT,15,2047,S1D2,1.4987764
GLOBAL,LNDAGRFJIC01,LSGCHRTOT,15,2047,S1D1,1.6431727
GLOBAL,LNDAGRFJIC01,LSGCHRTOT,15,2047,S2D2,1.6431727
GLOBAL,LNDAGRFJIC01,LSGCHRTOT,15,2047,S2D1,1.6431727
GLOBAL,LNDAGRFJIC01,WTRPRCFJI,15,2048,S1D2,4.44206457
GLOBAL,LNDAGRFJIC01,WTRPRCFJI,15,2048,S1D1,4.4016669
GLOBAL,LNDAGRFJIC01,WTRPRCFJI,15,2048,S2D2,4.07821716
GLOBAL,LNDAGRFJIC01,WTRPRCFJI,15,2048,S2D1,4.44206457
GLOBAL,LNDAGRFJIC01,LSGCHRTOT,15,2048,S1D2,1.6452091
GLOBAL,LNDAGRFJIC01,LSGCHRTOT,15,2048,S1D1,1.630247
GLOBAL,LNDAGRFJIC01,LSGCHRTOT,15,2048,S2D2,1.5104508
GLOBAL,LNDAGRFJIC01,LSGCHRTOT,15,2048,S2D1,1.6452091
GLOBAL,LNDAGRFJIC01,WTRPRCFJI,15,2049,S1D2,4.08238623
GLOBAL,LNDAGRFJIC01,WTRPRCFJI,15,2049,S1D1,4.41234216
GLOBAL,LNDAGRFJIC01,WTRPRCFJI,15,2049,S2D2,4.4325408600000005
GLOBAL,LNDAGRFJIC01,WTRPRCFJI,15,2049,S2D1,4.4325408600000005
GLOBAL,LNDAGRFJIC01,LSGCHRTOT,15,2049,S1D2,1.5119949
GLOBAL,LNDAGRFJIC01,LSGCHRTOT,15,2049,S1D1,1.6342008
GLOBAL,LNDAGRFJIC01,LSGCHRTOT,15,2049,S2D2,1.6416818
GLOBAL,LNDAGRFJIC01,LSGCHRTOT,15,2049,S2D1,1.6416818
GLOBAL,LNDAGRFJIC01,WTRPRCFJI,15,2050,S1D2,4.4230417200000005
GLOBAL,LNDAGRFJIC01,WTRPRCFJI,15,2050,S1D1,4.4230417200000005
GLOBAL,LNDAGRFJIC01,WTRPRCFJI,15,2050,S2D2,4.09815099
GLOBAL,LNDAGRFJIC01,WTRPRCFJI,15,2050,S2D1,4.4230417200000005
GLOBAL,LNDAGRFJIC01,LSGCHRTOT,15,2050,S1D2,1.6381636
GLOBAL,LNDAGRFJIC01,LSGCHRTOT,15,2050,S1D1,1.6381636
GLOBAL,LNDAGRFJIC01,LSGCHRTOT,15,2050,S2D2,1.5178337
GLOBAL,LNDAGRFJIC01,LSGCHRTOT,15,2050,S2D1,1.6381636
GLOBAL,LNDAGRFJIC01,WTRPRCFJI,20,2021,S1D2,0.1835794557
GLOBAL,LNDAGRFJIC01,WTRPRCFJI,20,2021,S1D1,0.1835794557
GLOBAL,LNDAGRFJIC01,WTRPRCFJI,20,2021,S2D2,0.1835794557
GLOBAL,LNDAGRFJIC01,WTRPRCFJI,20,2021,S2D1,0.1835794557
GLOBAL,LNDAGRFJIC01,LOTHHRTOT,20,2021,S1D2,0.067992391
GLOBAL,LNDAGRFJIC01,LOTHHRTOT,20,2021,S1D1,0.067992391
GLOBAL,LNDAGRFJIC01,LOTHHRTOT,20,2021,S2D2,0.067992391
GLOBAL,LNDAGRFJIC01,LOTHHRTOT,20,2021,S2D1,0.067992391
GLOBAL,LNDAGRFJIC01,WTRPRCFJI,20,2022,S1D2,0.1843794792
GLOBAL,LNDAGRFJIC01,WTRPRCFJI,20,2022,S1D1,0.1843794792
GLOBAL,LNDAGRFJIC01,WTRPRCFJI,20,2022,S2D2,0.1843794792
GLOBAL,LNDAGRFJIC01,WTRPRCFJI,20,2022,S2D1,0.1843794792
GLOBAL,LNDAGRFJIC01,LOTHHRTOT,20,2022,S1D2,0.068288696
GLOBAL,LNDAGRFJIC01,LOTHHRTOT,20,2022,S1D1,0.068288696
GLOBAL,LNDAGRFJIC01,LOTHHRTOT,20,2022,S2D2,0.068288696
GLOBAL,LNDAGRFJIC01,LOTHHRTOT,20,2022,S2D1,0.068288696
GLOBAL,LNDAGRFJIC01,WTRPRCFJI,20,2023,S1D2,0.18517979430000003
GLOBAL,LNDAGRFJIC01,WTRPRCFJI,20,2023,S1D1,0.18517979430000003
GLOBAL,LNDAGRFJIC01,WTRPRCFJI,20,2023,S2D2,0.18517979430000003
GLOBAL,LNDAGRFJIC01,WTRPRCFJI,20,2023,S2D1,0.18517979430000003
GLOBAL,LNDAGRFJIC01,LOTHHRTOT,20,2023,S1D2,0.068585109
GLOBAL,LNDAGRFJIC01,LOTHHRTOT,20,2023,S1D1,0.068585109
GLOBAL,LNDAGRFJIC01,LOTHHRTOT,20,2023,S2D2,0.068585109
GLOBAL,LNDAGRFJIC01,LOTHHRTOT,20,2023,S2D1,0.068585109
GLOBAL,LNDAGRFJIC01,WTRPRCFJI,20,2024,S1D2,0.1859801094
GLOBAL,LNDAGRFJIC01,WTRPRCFJI,20,2024,S1D1,0.1859801094
GLOBAL,LNDAGRFJIC01,WTRPRCFJI,20,2024,S2D2,0.1859801094
GLOBAL,LNDAGRFJIC01,WTRPRCFJI,20,2024,S2D1,0.1859801094
GLOBAL,LNDAGRFJIC01,LOTHHRTOT,20,2024,S1D2,0.068881522
GLOBAL,LNDAGRFJIC01,LOTHHRTOT,20,2024,S1D1,0.068881522
GLOBAL,LNDAGRFJIC01,LOTHHRTOT,20,2024,S2D2,0.068881522
GLOBAL,LNDAGRFJIC01,LOTHHRTOT,20,2024,S2D1,0.068881522
GLOBAL,LNDAGRFJIC01,WTRPRCFJI,20,2025,S1D2,0.1867801302
GLOBAL,LNDAGRFJIC01,WTRPRCFJI,20,2025,S1D1,0.1867801302
GLOBAL,LNDAGRFJIC01,WTRPRCFJI,20,2025,S2D2,0.1867801302
GLOBAL,LNDAGRFJIC01,WTRPRCFJI,20,2025,S2D1,0.1867801302
GLOBAL,LNDAGRFJIC01,LOTHHRTOT,20,2025,S1D2,0.069177826
GLOBAL,LNDAGRFJIC01,LOTHHRTOT,20,2025,S1D1,0.069177826
GLOBAL,LNDAGRFJIC01,LOTHHRTOT,20,2025,S2D2,0.069177826
GLOBAL,LNDAGRFJIC01,LOTHHRTOT,20,2025,S2D1,0.069177826
GLOBAL,LNDAGRFJIC01,WTRPRCFJI,20,2026,S1D2,0.1873832292
GLOBAL,LNDAGRFJIC01,WTRPRCFJI,20,2026,S1D1,0.1873832292
GLOBAL,LNDAGRFJIC01,WTRPRCFJI,20,2026,S2D2,0.1873832292
GLOBAL,LNDAGRFJIC01,WTRPRCFJI,20,2026,S2D1,0.1873832292
GLOBAL,LNDAGRFJIC01,LOTHHRTOT,20,2026,S1D2,0.069401196
GLOBAL,LNDAGRFJIC01,LOTHHRTOT,20,2026,S1D1,0.069401196
GLOBAL,LNDAGRFJIC01,LOTHHRTOT,20,2026,S2D2,0.069401196
GLOBAL,LNDAGRFJIC01,LOTHHRTOT,20,2026,S2D1,0.069401196
GLOBAL,LNDAGRFJIC01,WTRPRCFJI,20,2027,S1D2,0.18798603390000002
GLOBAL,LNDAGRFJIC01,WTRPRCFJI,20,2027,S1D1,0.18798603390000002
GLOBAL,LNDAGRFJIC01,WTRPRCFJI,20,2027,S2D2,0.18798603390000002
GLOBAL,LNDAGRFJIC01,WTRPRCFJI,20,2027,S2D1,0.18798603390000002
GLOBAL,LNDAGRFJIC01,LOTHHRTOT,20,2027,S1D2,0.069624457
GLOBAL,LNDAGRFJIC01,LOTHHRTOT,20,2027,S1D1,0.069624457
GLOBAL,LNDAGRFJIC01,LOTHHRTOT,20,2027,S2D2,0.069624457
GLOBAL,LNDAGRFJIC01,LOTHHRTOT,20,2027,S2D1,0.069624457
GLOBAL,LNDAGRFJIC01,WTRPRCFJI,20,2028,S1D2,0.18858883590000003
GLOBAL,LNDAGRFJIC01,WTRPRCFJI,20,2028,S1D1,0.18858883590000003
GLOBAL,LNDAGRFJIC01,WTRPRCFJI,20,2028,S2D2,0.18858883590000003
GLOBAL,LNDAGRFJIC01,WTRPRCFJI,20,2028,S2D1,0.18858883590000003
GLOBAL,LNDAGRFJIC01,LOTHHRTOT,20,2028,S1D2,0.069847717
GLOBAL,LNDAGRFJIC01,LOTHHRTOT,20,2028,S1D1,0.069847717
GLOBAL,LNDAGRFJIC01,LOTHHRTOT,20,2028,S2D2,0.069847717
GLOBAL,LNDAGRFJIC01,LOTHHRTOT,20,2028,S2D1,0.069847717
GLOBAL,LNDAGRFJIC01,WTRPRCFJI,20,2029,S1D2,0.18919164060000002
GLOBAL,LNDAGRFJIC01,WTRPRCFJI,20,2029,S1D1,0.18919164060000002
GLOBAL,LNDAGRFJIC01,WTRPRCFJI,20,2029,S2D2,0.18919164060000002
GLOBAL,LNDAGRFJIC01,WTRPRCFJI,20,2029,S2D1,0.18919164060000002
GLOBAL,LNDAGRFJIC01,LOTHHRTOT,20,2029,S1D2,0.070070978
GLOBAL,LNDAGRFJIC01,LOTHHRTOT,20,2029,S1D1,0.070070978
GLOBAL,LNDAGRFJIC01,LOTHHRTOT,20,2029,S2D2,0.070070978
GLOBAL,LNDAGRFJIC01,LOTHHRTOT,20,2029,S2D1,0.070070978
GLOBAL,LNDAGRFJIC01,WTRPRCFJI,20,2030,S1D2,0.18979473960000004
GLOBAL,LNDAGRFJIC01,WTRPRCFJI,20,2030,S1D1,0.18979473960000004
GLOBAL,LNDAGRFJIC01,WTRPRCFJI,20,2030,S2D2,0.18979473960000004
GLOBAL,LNDAGRFJIC01,WTRPRCFJI,20,2030,S2D1,0.18979473960000004
GLOBAL,LNDAGRFJIC01,LOTHHRTOT,20,2030,S1D2,0.070294348
GLOBAL,LNDAGRFJIC01,LOTHHRTOT,20,2030,S1D1,0.070294348
GLOBAL,LNDAGRFJIC01,LOTHHRTOT,20,2030,S2D2,0.070294348
GLOBAL,LNDAGRFJIC01,LOTHHRTOT,20,2030,S2D1,0.070294348
GLOBAL,LNDAGRFJIC01,WTRPRCFJI,20,2031,S1D2,0.19020707550000002
GLOBAL,LNDAGRFJIC01,WTRPRCFJI,20,2031,S1D1,0.19020707550000002
GLOBAL,LNDAGRFJIC01,WTRPRCFJI,20,2031,S2D2,0.19020707550000002
GLOBAL,LNDAGRFJIC01,WTRPRCFJI,20,2031,S2D1,0.19020707550000002
GLOBAL,LNDAGRFJIC01,LOTHHRTOT,20,2031,S1D2,0.070447065
GLOBAL,LNDAGRFJIC01,LOTHHRTOT,20,2031,S1D1,0.070447065
GLOBAL,LNDAGRFJIC01,LOTHHRTOT,20,2031,S2D2,0.070447065
GLOBAL,LNDAGRFJIC01,LOTHHRTOT,20,2031,S2D1,0.070447065
GLOBAL,LNDAGRFJIC01,WTRPRCFJI,20,2032,S1D2,0.19061941410000002
GLOBAL,LNDAGRFJIC01,WTRPRCFJI,20,2032,S1D1,0.19061941410000002
GLOBAL,LNDAGRFJIC01,WTRPRCFJI,20,2032,S2D2,0.19061941410000002
GLOBAL,LNDAGRFJIC01,WTRPRCFJI,20,2032,S2D1,0.19061941410000002
GLOBAL,LNDAGRFJIC01,LOTHHRTOT,20,2032,S1D2,0.070599783
GLOBAL,LNDAGRFJIC01,LOTHHRTOT,20,2032,S1D1,0.070599783
GLOBAL,LNDAGRFJIC01,LOTHHRTOT,20,2032,S2D2,0.070599783
GLOBAL,LNDAGRFJIC01,LOTHHRTOT,20,2032,S2D1,0.070599783
GLOBAL,LNDAGRFJIC01,WTRPRCFJI,20,2033,S1D2,0.1910320443
GLOBAL,LNDAGRFJIC01,WTRPRCFJI,20,2033,S1D1,0.1910320443
GLOBAL,LNDAGRFJIC01,WTRPRCFJI,20,2033,S2D2,0.1910320443
GLOBAL,LNDAGRFJIC01,WTRPRCFJI,20,2033,S2D1,0.1910320443
GLOBAL,LNDAGRFJIC01,LOTHHRTOT,20,2033,S1D2,0.070752609
GLOBAL,LNDAGRFJIC01,LOTHHRTOT,20,2033,S1D1,0.070752609
GLOBAL,LNDAGRFJIC01,LOTHHRTOT,20,2033,S2D2,0.070752609
GLOBAL,LNDAGRFJIC01,LOTHHRTOT,20,2033,S2D1,0.070752609
GLOBAL,LNDAGRFJIC01,WTRPRCFJI,20,2034,S1D2,0.19144438020000001
GLOBAL,LNDAGRFJIC01,WTRPRCFJI,20,2034,S1D1,0.19144438020000001
GLOBAL,LNDAGRFJIC01,WTRPRCFJI,20,2034,S2D2,0.19144438020000001
GLOBAL,LNDAGRFJIC01,WTRPRCFJI,20,2034,S2D1,0.19144438020000001
GLOBAL,LNDAGRFJIC01,LOTHHRTOT,20,2034,S1D2,0.070905326
GLOBAL,LNDAGRFJIC01,LOTHHRTOT,20,2034,S1D1,0.070905326
GLOBAL,LNDAGRFJIC01,LOTHHRTOT,20,2034,S2D2,0.070905326
GLOBAL,LNDAGRFJIC01,LOTHHRTOT,20,2034,S2D1,0.070905326
GLOBAL,LNDAGRFJIC01,WTRPRCFJI,20,2035,S1D2,0.1918570104
GLOBAL,LNDAGRFJIC01,WTRPRCFJI,20,2035,S1D1,0.1918570104
GLOBAL,LNDAGRFJIC01,WTRPRCFJI,20,2035,S2D2,0.1918570104
GLOBAL,LNDAGRFJIC01,WTRPRCFJI,20,2035,S2D1,0.1918570104
GLOBAL,LNDAGRFJIC01,LOTHHRTOT,20,2035,S1D2,0.071058152
GLOBAL,LNDAGRFJIC01,LOTHHRTOT,20,2035,S1D1,0.071058152
GLOBAL,LNDAGRFJIC01,LOTHHRTOT,20,2035,S2D2,0.071058152
GLOBAL,LNDAGRFJIC01,LOTHHRTOT,20,2035,S2D1,0.071058152
GLOBAL,LNDAGRFJIC01,WTRPRCFJI,20,2036,S1D2,0.1920416094
GLOBAL,LNDAGRFJIC01,WTRPRCFJI,20,2036,S1D1,0.1920416094
GLOBAL,LNDAGRFJIC01,WTRPRCFJI,20,2036,S2D2,0.1920416094
GLOBAL,LNDAGRFJIC01,WTRPRCFJI,20,2036,S2D1,0.1920416094
GLOBAL,LNDAGRFJIC01,LOTHHRTOT,20,2036,S1D2,0.071126522
GLOBAL,LNDAGRFJIC01,LOTHHRTOT,20,2036,S1D1,0.071126522
GLOBAL,LNDAGRFJIC01,LOTHHRTOT,20,2036,S2D2,0.071126522
GLOBAL,LNDAGRFJIC01,LOTHHRTOT,20,2036,S2D1,0.071126522
GLOBAL,LNDAGRFJIC01,WTRPRCFJI,20,2037,S1D2,0.1922262057
GLOBAL,LNDAGRFJIC01,WTRPRCFJI,20,2037,S1D1,0.1922262057
GLOBAL,LNDAGRFJIC01,WTRPRCFJI,20,2037,S2D2,0.1922262057
GLOBAL,LNDAGRFJIC01,WTRPRCFJI,20,2037,S2D1,0.1922262057
GLOBAL,LNDAGRFJIC01,LOTHHRTOT,20,2037,S1D2,0.071194891
GLOBAL,LNDAGRFJIC01,LOTHHRTOT,20,2037,S1D1,0.071194891
GLOBAL,LNDAGRFJIC01,LOTHHRTOT,20,2037,S2D2,0.071194891
GLOBAL,LNDAGRFJIC01,LOTHHRTOT,20,2037,S2D1,0.071194891
GLOBAL,LNDAGRFJIC01,WTRPRCFJI,20,2038,S1D2,0.19241109900000003
GLOBAL,LNDAGRFJIC01,WTRPRCFJI,20,2038,S1D1,0.19241109900000003
GLOBAL,LNDAGRFJIC01,WTRPRCFJI,20,2038,S2D2,0.19241109900000003
GLOBAL,LNDAGRFJIC01,WTRPRCFJI,20,2038,S2D1,0.19241109900000003
GLOBAL,LNDAGRFJIC01,LOTHHRTOT,20,2038,S1D2,0.07126337
GLOBAL,LNDAGRFJIC01,LOTHHRTOT,20,2038,S1D1,0.07126337
GLOBAL,LNDAGRFJIC01,LOTHHRTOT,20,2038,S2D2,0.07126337
GLOBAL,LNDAGRFJIC01,LOTHHRTOT,20,2038,S2D1,0.07126337
GLOBAL,LNDAGRFJIC01,WTRPRCFJI,20,2039,S1D2,0.19358060940000002
GLOBAL,LNDAGRFJIC01,WTRPRCFJI,20,2039,S1D1,0.19358060940000002
GLOBAL,LNDAGRFJIC01,WTRPRCFJI,20,2039,S2D2,0.19358060940000002
GLOBAL,LNDAGRFJIC01,WTRPRCFJI,20,2039,S2D1,0.17860440870000002
GLOBAL,LNDAGRFJIC01,LOTHHRTOT,20,2039,S1D2,0.071696522
GLOBAL,LNDAGRFJIC01,LOTHHRTOT,20,2039,S1D1,0.071696522
GLOBAL,LNDAGRFJIC01,LOTHHRTOT,20,2039,S2D2,0.071696522
GLOBAL,LNDAGRFJIC01,LOTHHRTOT,20,2039,S2D1,0.066149781
GLOBAL,LNDAGRFJIC01,WTRPRCFJI,20,2040,S1D2,0.19278058590000002
GLOBAL,LNDAGRFJIC01,WTRPRCFJI,20,2040,S1D1,0.19278058590000002
GLOBAL,LNDAGRFJIC01,WTRPRCFJI,20,2040,S2D2,0.19278058590000002
GLOBAL,LNDAGRFJIC01,WTRPRCFJI,20,2040,S2D1,0.19278058590000002
GLOBAL,LNDAGRFJIC01,LOTHHRTOT,20,2040,S1D2,0.071400217
GLOBAL,LNDAGRFJIC01,LOTHHRTOT,20,2040,S1D1,0.071400217
GLOBAL,LNDAGRFJIC01,LOTHHRTOT,20,2040,S2D2,0.071400217
GLOBAL,LNDAGRFJIC01,LOTHHRTOT,20,2040,S2D1,0.071400217
GLOBAL,LNDAGRFJIC01,WTRPRCFJI,20,2041,S1D2,0.19275182550000003
GLOBAL,LNDAGRFJIC01,WTRPRCFJI,20,2041,S1D1,0.19275182550000003
GLOBAL,LNDAGRFJIC01,WTRPRCFJI,20,2041,S2D2,0.19275182550000003
GLOBAL,LNDAGRFJIC01,WTRPRCFJI,20,2041,S2D1,0.19275182550000003
GLOBAL,LNDAGRFJIC01,LOTHHRTOT,20,2041,S1D2,0.071389565
GLOBAL,LNDAGRFJIC01,LOTHHRTOT,20,2041,S1D1,0.071389565
GLOBAL,LNDAGRFJIC01,LOTHHRTOT,20,2041,S2D2,0.071389565
GLOBAL,LNDAGRFJIC01,LOTHHRTOT,20,2041,S2D1,0.071389565
GLOBAL,LNDAGRFJIC01,WTRPRCFJI,20,2042,S1D2,0.19272335940000002
GLOBAL,LNDAGRFJIC01,WTRPRCFJI,20,2042,S1D1,0.19272335940000002
GLOBAL,LNDAGRFJIC01,WTRPRCFJI,20,2042,S2D2,0.19272335940000002
GLOBAL,LNDAGRFJIC01,WTRPRCFJI,20,2042,S2D1,0.19272335940000002
GLOBAL,LNDAGRFJIC01,LOTHHRTOT,20,2042,S1D2,0.071379022
GLOBAL,LNDAGRFJIC01,LOTHHRTOT,20,2042,S1D1,0.071379022
GLOBAL,LNDAGRFJIC01,LOTHHRTOT,20,2042,S2D2,0.071379022
GLOBAL,LNDAGRFJIC01,LOTHHRTOT,20,2042,S2D1,0.071379022
GLOBAL,LNDAGRFJIC01,WTRPRCFJI,20,2043,S1D2,0.1926948906
GLOBAL,LNDAGRFJIC01,WTRPRCFJI,20,2043,S1D1,0.1926948906
GLOBAL,LNDAGRFJIC01,WTRPRCFJI,20,2043,S2D2,0.1926948906
GLOBAL,LNDAGRFJIC01,WTRPRCFJI,20,2043,S2D1,0.1926948906
GLOBAL,LNDAGRFJIC01,LOTHHRTOT,20,2043,S1D2,0.071368478
GLOBAL,LNDAGRFJIC01,LOTHHRTOT,20,2043,S1D1,0.071368478
GLOBAL,LNDAGRFJIC01,LOTHHRTOT,20,2043,S2D2,0.071368478
GLOBAL,LNDAGRFJIC01,LOTHHRTOT,20,2043,S2D1,0.071368478
GLOBAL,LNDAGRFJIC01,WTRPRCFJI,20,2044,S1D2,0.19266642450000002
GLOBAL,LNDAGRFJIC01,WTRPRCFJI,20,2044,S1D1,0.19266642450000002
GLOBAL,LNDAGRFJIC01,WTRPRCFJI,20,2044,S2D2,0.19266642450000002
GLOBAL,LNDAGRFJIC01,WTRPRCFJI,20,2044,S2D1,0.19266642450000002
GLOBAL,LNDAGRFJIC01,LOTHHRTOT,20,2044,S1D2,0.071357935
GLOBAL,LNDAGRFJIC01,LOTHHRTOT,20,2044,S1D1,0.071357935
GLOBAL,LNDAGRFJIC01,LOTHHRTOT,20,2044,S2D2,0.071357935
GLOBAL,LNDAGRFJIC01,LOTHHRTOT,20,2044,S2D1,0.071357935
GLOBAL,LNDAGRFJIC01,WTRPRCFJI,20,2045,S1D2,0.1926376641
GLOBAL,LNDAGRFJIC01,WTRPRCFJI,20,2045,S1D1,0.1926376641
GLOBAL,LNDAGRFJIC01,WTRPRCFJI,20,2045,S2D2,0.1926376641
GLOBAL,LNDAGRFJIC01,WTRPRCFJI,20,2045,S2D1,0.1926376641
GLOBAL,LNDAGRFJIC01,LOTHHRTOT,20,2045,S1D2,0.071347283
GLOBAL,LNDAGRFJIC01,LOTHHRTOT,20,2045,S1D1,0.071347283
GLOBAL,LNDAGRFJIC01,LOTHHRTOT,20,2045,S2D2,0.071347283
GLOBAL,LNDAGRFJIC01,LOTHHRTOT,20,2045,S2D1,0.071347283
GLOBAL,LNDAGRFJIC01,WTRPRCFJI,20,2046,S1D2,0.19244220570000004
GLOBAL,LNDAGRFJIC01,WTRPRCFJI,20,2046,S1D1,0.19244220570000004
GLOBAL,LNDAGRFJIC01,WTRPRCFJI,20,2046,S2D2,0.19244220570000004
GLOBAL,LNDAGRFJIC01,WTRPRCFJI,20,2046,S2D1,0.19244220570000004
GLOBAL,LNDAGRFJIC01,LOTHHRTOT,20,2046,S1D2,0.071274891
GLOBAL,LNDAGRFJIC01,LOTHHRTOT,20,2046,S1D1,0.071274891
GLOBAL,LNDAGRFJIC01,LOTHHRTOT,20,2046,S2D2,0.071274891
GLOBAL,LNDAGRFJIC01,LOTHHRTOT,20,2046,S2D1,0.071274891
GLOBAL,LNDAGRFJIC01,WTRPRCFJI,20,2047,S1D2,0.19224675000000002
GLOBAL,LNDAGRFJIC01,WTRPRCFJI,20,2047,S1D1,0.19224675000000002
GLOBAL,LNDAGRFJIC01,WTRPRCFJI,20,2047,S2D2,0.19224675000000002
GLOBAL,LNDAGRFJIC01,WTRPRCFJI,20,2047,S2D1,0.19224675000000002
GLOBAL,LNDAGRFJIC01,LOTHHRTOT,20,2047,S1D2,0.0712025
GLOBAL,LNDAGRFJIC01,LOTHHRTOT,20,2047,S1D1,0.0712025
GLOBAL,LNDAGRFJIC01,LOTHHRTOT,20,2047,S2D2,0.0712025
GLOBAL,LNDAGRFJIC01,LOTHHRTOT,20,2047,S2D1,0.0712025
GLOBAL,LNDAGRFJIC01,WTRPRCFJI,20,2048,S1D2,0.19248534900000003
GLOBAL,LNDAGRFJIC01,WTRPRCFJI,20,2048,S1D1,0.19248534900000003
GLOBAL,LNDAGRFJIC01,WTRPRCFJI,20,2048,S2D2,0.19248534900000003
GLOBAL,LNDAGRFJIC01,WTRPRCFJI,20,2048,S2D1,0.1907635941
GLOBAL,LNDAGRFJIC01,LOTHHRTOT,20,2048,S1D2,0.07129087
GLOBAL,LNDAGRFJIC01,LOTHHRTOT,20,2048,S1D1,0.07129087
GLOBAL,LNDAGRFJIC01,LOTHHRTOT,20,2048,S2D2,0.07129087
GLOBAL,LNDAGRFJIC01,LOTHHRTOT,20,2048,S2D1,0.070653183
GLOBAL,LNDAGRFJIC01,WTRPRCFJI,20,2049,S1D2,0.1920730104
GLOBAL,LNDAGRFJIC01,WTRPRCFJI,20,2049,S1D1,0.1920730104
GLOBAL,LNDAGRFJIC01,WTRPRCFJI,20,2049,S2D2,0.1920730104
GLOBAL,LNDAGRFJIC01,WTRPRCFJI,20,2049,S2D1,0.19121155110000002
GLOBAL,LNDAGRFJIC01,LOTHHRTOT,20,2049,S1D2,0.071138152
GLOBAL,LNDAGRFJIC01,LOTHHRTOT,20,2049,S1D1,0.071138152
GLOBAL,LNDAGRFJIC01,LOTHHRTOT,20,2049,S2D2,0.071138152
GLOBAL,LNDAGRFJIC01,LOTHHRTOT,20,2049,S2D1,0.070819093
GLOBAL,LNDAGRFJIC01,WTRPRCFJI,20,2050,S1D2,0.1916603802
GLOBAL,LNDAGRFJIC01,WTRPRCFJI,20,2050,S1D1,0.1916603802
GLOBAL,LNDAGRFJIC01,WTRPRCFJI,20,2050,S2D2,0.1916603802
GLOBAL,LNDAGRFJIC01,WTRPRCFJI,20,2050,S2D1,0.1916603802
GLOBAL,LNDAGRFJIC01,LOTHHRTOT,20,2050,S1D2,0.070985326
GLOBAL,LNDAGRFJIC01,LOTHHRTOT,20,2050,S1D1,0.070985326
GLOBAL,LNDAGRFJIC01,LOTHHRTOT,20,2050,S2D2,0.070985326
GLOBAL,LNDAGRFJIC01,LOTHHRTOT,20,2050,S2D1,0.070985326
GLOBAL,LNDAGRFJIC01,WTRPRCFJI,23,2021,S2D1,4.71806397
GLOBAL,LNDAGRFJIC01,LFORTOT,23,2021,S2D1,1.7474311
GLOBAL,LNDAGRFJIC01,WTRPRCFJI,23,2022,S2D1,4.65670593
GLOBAL,LNDAGRFJIC01,LFORTOT,23,2022,S2D1,1.7247059
GLOBAL,LNDAGRFJIC01,WTRPRCFJI,23,2023,S1D2,0.32724056700000004
GLOBAL,LNDAGRFJIC01,LFORTOT,23,2023,S1D2,0.12120021
GLOBAL,LNDAGRFJIC01,WTRPRCFJI,23,2024,S1D2,0.2460709503
GLOBAL,LNDAGRFJIC01,LFORTOT,23,2024,S1D2,0.091137389
GLOBAL,LNDAGRFJIC01,WTRPRCFJI,23,2025,S1D2,0.16490252700000002
GLOBAL,LNDAGRFJIC01,LFORTOT,23,2025,S1D2,0.06107501
GLOBAL,LNDAGRFJIC01,WTRPRCFJI,23,2026,S1D2,0.10370506680000001
GLOBAL,LNDAGRFJIC01,LFORTOT,23,2026,S1D2,0.038409284
GLOBAL,LNDAGRFJIC01,WTRPRCFJI,23,2027,S1D2,0.0425087919
GLOBAL,LNDAGRFJIC01,LFORTOT,23,2027,S1D2,0.015743997
GLOBAL,LNDAGRFJIC01,WTRPRCFJI,23,2041,S2D1,3.9403300500000005
GLOBAL,LNDAGRFJIC01,LFORTOT,23,2041,S2D1,1.4593815
GLOBAL,LNDAGRFJIC02,WTRPRCFJI,11,2039,S2D1,0.054641014999999994
GLOBAL,LNDAGRFJIC02,LCASHRTOT,11,2039,S2D1,0.021856406
GLOBAL,LNDAGRFJIC02,WTRPRCFJI,15,2028,S2D2,0.0170139415
GLOBAL,LNDAGRFJIC02,LSGCHRTOT,15,2028,S2D2,0.0068055766
GLOBAL,LNDAGRFJIC02,WTRPRCFJI,15,2029,S2D2,0.0727331475
GLOBAL,LNDAGRFJIC02,LSGCHRTOT,15,2029,S2D2,0.029093259
GLOBAL,LNDAGRFJIC02,WTRPRCFJI,15,2030,S2D2,0.12845343
GLOBAL,LNDAGRFJIC02,LSGCHRTOT,15,2030,S2D2,0.051381372
GLOBAL,LNDAGRFJIC02,WTRPRCFJI,15,2031,S2D2,0.1664908675
GLOBAL,LNDAGRFJIC02,LSGCHRTOT,15,2031,S2D2,0.066596347
GLOBAL,LNDAGRFJIC02,WTRPRCFJI,15,2032,S2D2,0.2046194675
GLOBAL,LNDAGRFJIC02,LSGCHRTOT,15,2032,S2D2,0.081847787
GLOBAL,LNDAGRFJIC02,WTRPRCFJI,15,2033,S1D2,0.24686085
GLOBAL,LNDAGRFJIC02,LSGCHRTOT,15,2033,S1D2,0.09874434
GLOBAL,LNDAGRFJIC02,WTRPRCFJI,15,2034,S2D2,0.280875725
GLOBAL,LNDAGRFJIC02,LSGCHRTOT,15,2034,S2D2,0.11235029
GLOBAL,LNDAGRFJIC02,WTRPRCFJI,15,2035,S2D2,0.31891425
GLOBAL,LNDAGRFJIC02,LSGCHRTOT,15,2035,S2D2,0.1275657
GLOBAL,LNDAGRFJIC02,WTRPRCFJI,15,2036,S2D2,0.33601027499999997
GLOBAL,LNDAGRFJIC02,LSGCHRTOT,15,2036,S2D2,0.13440411
GLOBAL,LNDAGRFJIC02,WTRPRCFJI,15,2037,S2D2,0.3531073
GLOBAL,LNDAGRFJIC02,LSGCHRTOT,15,2037,S2D2,0.14124292
GLOBAL,LNDAGRFJIC02,WTRPRCFJI,15,2038,S2D2,0.3702044
GLOBAL,LNDAGRFJIC02,LSGCHRTOT,15,2038,S2D2,0.14808176
GLOBAL,LNDAGRFJIC02,WTRPRCFJI,15,2039,S2D2,0.328781025
GLOBAL,LNDAGRFJIC02,LSGCHRTOT,15,2039,S2D2,0.13151241
GLOBAL,LNDAGRFJIC02,WTRPRCFJI,15,2040,S2D2,0.4043084
GLOBAL,LNDAGRFJIC02,LSGCHRTOT,15,2040,S2D2,0.16172336
GLOBAL,LNDAGRFJIC02,WTRPRCFJI,15,2042,S2D2,0.39900335000000003
GLOBAL,LNDAGRFJIC02,LSGCHRTOT,15,2042,S2D2,0.15960134
GLOBAL,LNDAGRFJIC02,WTRPRCFJI,15,2043,S2D2,0.39635234999999996
GLOBAL,LNDAGRFJIC02,LSGCHRTOT,15,2043,S2D2,0.15854094
GLOBAL,LNDAGRFJIC02,WTRPRCFJI,15,2044,S2D2,0.393790525
GLOBAL,LNDAGRFJIC02,LSGCHRTOT,15,2044,S2D2,0.15751621
GLOBAL,LNDAGRFJIC02,WTRPRCFJI,15,2045,S2D2,0.39113745
GLOBAL,LNDAGRFJIC02,LSGCHRTOT,15,2045,S2D2,0.15645498
GLOBAL,LNDAGRFJIC02,WTRPRCFJI,15,2046,S1D2,0.37937695
GLOBAL,LNDAGRFJIC02,LSGCHRTOT,15,2046,S1D2,0.15175078
GLOBAL,LNDAGRFJIC02,WTRPRCFJI,15,2047,S1D2,0.360990725
GLOBAL,LNDAGRFJIC02,LSGCHRTOT,15,2047,S1D2,0.14439629
GLOBAL,LNDAGRFJIC02,WTRPRCFJI,15,2048,S2D2,0.33689565
GLOBAL,LNDAGRFJIC02,LSGCHRTOT,15,2048,S2D2,0.13475826
GLOBAL,LNDAGRFJIC02,WTRPRCFJI,15,2049,S1D2,0.3242172
GLOBAL,LNDAGRFJIC02,LSGCHRTOT,15,2049,S1D2,0.12968688
GLOBAL,LNDAGRFJIC02,WTRPRCFJI,23,2021,S1D1,87.839855
GLOBAL,LNDAGRFJIC02,LFORTOT,23,2021,S1D1,35.135942
GLOBAL,LNDAGRFJIC02,WTRPRCFJI,23,2022,S2D1,86.37643750000001
GLOBAL,LNDAGRFJIC02,LFORTOT,23,2022,S2D1,34.550575
GLOBAL,LNDAGRFJIC02,WTRPRCFJI,23,2023,S2D1,86.37643750000001
GLOBAL,LNDAGRFJIC02,LFORTOT,23,2023,S2D1,34.550575
GLOBAL,LNDAGRFJIC02,WTRPRCFJI,23,2024,S2D1,86.37643750000001
GLOBAL,LNDAGRFJIC02,LFORTOT,23,2024,S2D1,34.550575
GLOBAL,LNDAGRFJIC02,WTRPRCFJI,23,2025,S2D1,86.37643750000001
GLOBAL,LNDAGRFJIC02,LFORTOT,23,2025,S2D1,34.550575
GLOBAL,LNDAGRFJIC02,WTRPRCFJI,23,2026,S2D1,86.37643750000001
GLOBAL,LNDAGRFJIC02,LFORTOT,23,2026,S2D1,34.550575
GLOBAL,LNDAGRFJIC02,WTRPRCFJI,23,2027,S2D1,86.37643750000001
GLOBAL,LNDAGRFJIC02,LFORTOT,23,2027,S2D1,34.550575
GLOBAL,LNDAGRFJIC02,WTRPRCFJI,23,2028,S2D1,86.359425
GLOBAL,LNDAGRFJIC02,LFORTOT,23,2028,S2D1,34.54377
GLOBAL,LNDAGRFJIC02,WTRPRCFJI,23,2029,S2D1,86.303705
GLOBAL,LNDAGRFJIC02,LFORTOT,23,2029,S2D1,34.521482
GLOBAL,LNDAGRFJIC02,WTRPRCFJI,23,2030,S2D1,86.247985
GLOBAL,LNDAGRFJIC02,LFORTOT,23,2030,S2D1,34.499194
GLOBAL,LNDAGRFJIC02,WTRPRCFJI,23,2031,S2D1,86.2099475
GLOBAL,LNDAGRFJIC02,LFORTOT,23,2031,S2D1,34.483979
GLOBAL,LNDAGRFJIC02,WTRPRCFJI,23,2032,S2D1,86.1718175
GLOBAL,LNDAGRFJIC02,LFORTOT,23,2032,S2D1,34.468727
GLOBAL,LNDAGRFJIC02,WTRPRCFJI,23,2033,S2D1,86.13369
GLOBAL,LNDAGRFJIC02,LFORTOT,23,2033,S2D1,34.453476
GLOBAL,LNDAGRFJIC02,WTRPRCFJI,23,2034,S1D1,87.55421999999999
GLOBAL,LNDAGRFJIC02,LFORTOT,23,2034,S1D1,35.021688
GLOBAL,LNDAGRFJIC02,WTRPRCFJI,23,2035,S2D1,86.0575225
GLOBAL,LNDAGRFJIC02,LFORTOT,23,2035,S2D1,34.423009
GLOBAL,LNDAGRFJIC02,WTRPRCFJI,23,2036,S2D2,86.04042749999999
GLOBAL,LNDAGRFJIC02,LFORTOT,23,2036,S2D2,34.416171
GLOBAL,LNDAGRFJIC02,WTRPRCFJI,23,2037,S2D1,86.02333
GLOBAL,LNDAGRFJIC02,LFORTOT,23,2037,S2D1,34.409332
GLOBAL,LNDAGRFJIC02,WTRPRCFJI,23,2038,S2D1,86.0062325
GLOBAL,LNDAGRFJIC02,LFORTOT,23,2038,S2D1,34.402493
GLOBAL,LNDAGRFJIC02,WTRPRCFJI,23,2039,S2D1,85.99301499999999
GLOBAL,LNDAGRFJIC02,LFORTOT,23,2039,S2D1,34.397206
GLOBAL,LNDAGRFJIC02,WTRPRCFJI,23,2040,S1D1,87.4286975
GLOBAL,LNDAGRFJIC02,LFORTOT,23,2040,S1D1,34.971479
GLOBAL,LNDAGRFJIC02,WTRPRCFJI,23,2041,S2D1,86.37643750000001
GLOBAL,LNDAGRFJIC02,LFORTOT,23,2041,S2D1,34.550575
GLOBAL,LNDAGRFJIC02,WTRPRCFJI,23,2042,S2D1,85.977435
GLOBAL,LNDAGRFJIC02,LFORTOT,23,2042,S2D1,34.390974
GLOBAL,LNDAGRFJIC02,WTRPRCFJI,23,2043,S2D1,85.980085
GLOBAL,LNDAGRFJIC02,LFORTOT,23,2043,S2D1,34.392034
GLOBAL,LNDAGRFJIC02,WTRPRCFJI,23,2044,S2D1,85.9826475
GLOBAL,LNDAGRFJIC02,LFORTOT,23,2044,S2D1,34.393059
GLOBAL,LNDAGRFJIC02,WTRPRCFJI,23,2045,S2D1,85.9853
GLOBAL,LNDAGRFJIC02,LFORTOT,23,2045,S2D1,34.39412
GLOBAL,LNDAGRFJIC02,WTRPRCFJI,23,2046,S2D1,86.0033825
GLOBAL,LNDAGRFJIC02,LFORTOT,23,2046,S2D1,34.401353
GLOBAL,LNDAGRFJIC02,WTRPRCFJI,23,2047,S2D1,86.02146250000001
GLOBAL,LNDAGRFJIC02,LFORTOT,23,2047,S2D1,34.408585
GLOBAL,LNDAGRFJIC02,WTRPRCFJI,23,2048,S2D1,86.0395425
GLOBAL,LNDAGRFJIC02,LFORTOT,23,2048,S2D1,34.415817
GLOBAL,LNDAGRFJIC02,WTRPRCFJI,23,2049,S2D1,86.0576225
GLOBAL,LNDAGRFJIC02,LFORTOT,23,2049,S2D1,34.423049
GLOBAL,LNDAGRFJIC02,WTRPRCFJI,23,2050,S2D1,86.37643750000001
GLOBAL,LNDAGRFJIC02,LFORTOT,23,2050,S2D1,34.550575
GLOBAL,LNDAGRFJIC03,WTRPRCFJI,14,2039,S2D1,0.01629616482
GLOBAL,LNDAGRFJIC03,LYAMHRTOT,14,2039,S2D1,0.0060356166
GLOBAL,LNDAGRFJIC03,WTRPRCFJI,15,2050,S2D2,0.324890946
GLOBAL,LNDAGRFJIC03,LSGCHRTOT,15,2050,S2D2,0.12032998
GLOBAL,LNDAGRFJIC03,WTRPRCFJI,20,2039,S2D1,0.014976199890000002
GLOBAL,LNDAGRFJIC03,LOTHHRTOT,20,2039,S2D1,0.0055467407
GLOBAL,LNDAGRFJIC03,WTRPRCFJI,23,2021,S2D2,65.7639027
GLOBAL,LNDAGRFJIC03,LFORTOT,23,2021,S2D2,24.357001
GLOBAL,LNDAGRFJIC03,WTRPRCFJI,23,2022,S2D1,65.7639027
GLOBAL,LNDAGRFJIC03,LFORTOT,23,2022,S2D1,24.357001
GLOBAL,LNDAGRFJIC03,WTRPRCFJI,23,2023,S2D1,65.7639027
GLOBAL,LNDAGRFJIC03,LFORTOT,23,2023,S2D1,24.357001
GLOBAL,LNDAGRFJIC03,WTRPRCFJI,23,2024,S2D1,65.7639027
GLOBAL,LNDAGRFJIC03,LFORTOT,23,2024,S2D1,24.357001
GLOBAL,LNDAGRFJIC03,WTRPRCFJI,23,2025,S2D1,65.7639027
GLOBAL,LNDAGRFJIC03,LFORTOT,23,2025,S2D1,24.357001
GLOBAL,LNDAGRFJIC03,WTRPRCFJI,23,2026,S2D1,65.7639027
GLOBAL,LNDAGRFJIC03,LFORTOT,23,2026,S2D1,24.357001
GLOBAL,LNDAGRFJIC03,WTRPRCFJI,23,2027,S2D1,65.7639027
GLOBAL,LNDAGRFJIC03,LFORTOT,23,2027,S2D1,24.357001
GLOBAL,LNDAGRFJIC03,WTRPRCFJI,23,2028,S2D1,65.7639027
GLOBAL,LNDAGRFJIC03,LFORTOT,23,2028,S2D1,24.357001
GLOBAL,LNDAGRFJIC03,WTRPRCFJI,23,2029,S2D1,65.7639027
GLOBAL,LNDAGRFJIC03,LFORTOT,23,2029,S2D1,24.357001
GLOBAL,LNDAGRFJIC03,WTRPRCFJI,23,2030,S2D1,65.7639027
GLOBAL,LNDAGRFJIC03,LFORTOT,23,2030,S2D1,24.357001
GLOBAL,LNDAGRFJIC03,WTRPRCFJI,23,2031,S2D1,65.7639027
GLOBAL,LNDAGRFJIC03,LFORTOT,23,2031,S2D1,24.357001
GLOBAL,LNDAGRFJIC03,WTRPRCFJI,23,2032,S2D1,65.7639027
GLOBAL,LNDAGRFJIC03,LFORTOT,23,2032,S2D1,24.357001
GLOBAL,LNDAGRFJIC03,WTRPRCFJI,23,2033,S2D1,65.7639027
GLOBAL,LNDAGRFJIC03,LFORTOT,23,2033,S2D1,24.357001
GLOBAL,LNDAGRFJIC03,WTRPRCFJI,23,2034,S1D1,66.8780955
GLOBAL,LNDAGRFJIC03,LFORTOT,23,2034,S1D1,24.769665
GLOBAL,LNDAGRFJIC03,WTRPRCFJI,23,2035,S2D1,65.7639027
GLOBAL,LNDAGRFJIC03,LFORTOT,23,2035,S2D1,24.357001
GLOBAL,LNDAGRFJIC03,WTRPRCFJI,23,2036,S2D2,65.7639027
GLOBAL,LNDAGRFJIC03,LFORTOT,23,2036,S2D2,24.357001
GLOBAL,LNDAGRFJIC03,WTRPRCFJI,23,2037,S2D1,65.7639027
GLOBAL,LNDAGRFJIC03,LFORTOT,23,2037,S2D1,24.357001
GLOBAL,LNDAGRFJIC03,WTRPRCFJI,23,2038,S2D1,65.7639027
GLOBAL,LNDAGRFJIC03,LFORTOT,23,2038,S2D1,24.357001
GLOBAL,LNDAGRFJIC03,WTRPRCFJI,23,2039,S2D1,65.73263130000001
GLOBAL,LNDAGRFJIC03,LFORTOT,23,2039,S2D1,24.345419
GLOBAL,LNDAGRFJIC03,WTRPRCFJI,23,2040,S1D1,66.8780955
GLOBAL,LNDAGRFJIC03,LFORTOT,23,2040,S1D1,24.769665
GLOBAL,LNDAGRFJIC03,WTRPRCFJI,23,2041,S2D1,65.7639027
GLOBAL,LNDAGRFJIC03,LFORTOT,23,2041,S2D1,24.357001
GLOBAL,LNDAGRFJIC03,WTRPRCFJI,23,2042,S2D1,65.7639027
GLOBAL,LNDAGRFJIC03,LFORTOT,23,2042,S2D1,24.357001
GLOBAL,LNDAGRFJIC03,WTRPRCFJI,23,2043,S2D1,65.7639027
GLOBAL,LNDAGRFJIC03,LFORTOT,23,2043,S2D1,24.357001
GLOBAL,LNDAGRFJIC03,WTRPRCFJI,23,2044,S2D1,65.7639027
GLOBAL,LNDAGRFJIC03,LFORTOT,23,2044,S2D1,24.357001
GLOBAL,LNDAGRFJIC03,WTRPRCFJI,23,2045,S2D1,65.7639027
GLOBAL,LNDAGRFJIC03,LFORTOT,23,2045,S2D1,24.357001
GLOBAL,LNDAGRFJIC03,WTRPRCFJI,23,2046,S2D1,65.7639027
GLOBAL,LNDAGRFJIC03,LFORTOT,23,2046,S2D1,24.357001
GLOBAL,LNDAGRFJIC03,WTRPRCFJI,23,2047,S2D1,65.7639027
GLOBAL,LNDAGRFJIC03,LFORTOT,23,2047,S2D1,24.357001
GLOBAL,LNDAGRFJIC03,WTRPRCFJI,23,2048,S2D1,65.7639027
GLOBAL,LNDAGRFJIC03,LFORTOT,23,2048,S2D1,24.357001
GLOBAL,LNDAGRFJIC03,WTRPRCFJI,23,2049,S2D1,65.7639027
GLOBAL,LNDAGRFJIC03,LFORTOT,23,2049,S2D1,24.357001
GLOBAL,LNDAGRFJIC03,WTRPRCFJI,23,2050,S2D1,65.43901170000001
GLOBAL,LNDAGRFJIC03,LFORTOT,23,2050,S2D1,24.236671
GLOBAL,LNDAGRFJIC04,WTRPRCFJI,8,2021,S1D2,0.0929121438
GLOBAL,LNDAGRFJIC04,WTRPRCFJI,8,2021,S1D1,0.0929121438
GLOBAL,LNDAGRFJIC04,WTRPRCFJI,8,2021,S2D2,0.0929121438
GLOBAL,LNDAGRFJIC04,WTRPRCFJI,8,2021,S2D1,0.0929121438
GLOBAL,LNDAGRFJIC04,LCONHRTOT,8,2021,S1D2,0.044243878
GLOBAL,LNDAGRFJIC04,LCONHRTOT,8,2021,S1D1,0.044243878
GLOBAL,LNDAGRFJIC04,LCONHRTOT,8,2021,S2D2,0.044243878
GLOBAL,LNDAGRFJIC04,LCONHRTOT,8,2021,S2D1,0.044243878
GLOBAL,LNDAGRFJIC04,WTRPRCFJI,8,2022,S1D2,0.0933171435
GLOBAL,LNDAGRFJIC04,WTRPRCFJI,8,2022,S1D1,0.0933171435
GLOBAL,LNDAGRFJIC04,WTRPRCFJI,8,2022,S2D2,0.0933171435
GLOBAL,LNDAGRFJIC04,WTRPRCFJI,8,2022,S2D1,0.0933171435
GLOBAL,LNDAGRFJIC04,LCONHRTOT,8,2022,S1D2,0.044436735
GLOBAL,LNDAGRFJIC04,LCONHRTOT,8,2022,S1D1,0.044436735
GLOBAL,LNDAGRFJIC04,LCONHRTOT,8,2022,S2D2,0.044436735
GLOBAL,LNDAGRFJIC04,LCONHRTOT,8,2022,S2D1,0.044436735
GLOBAL,LNDAGRFJIC04,WTRPRCFJI,8,2023,S1D2,0.09372214320000001
GLOBAL,LNDAGRFJIC04,WTRPRCFJI,8,2023,S1D1,0.09372214320000001
GLOBAL,LNDAGRFJIC04,WTRPRCFJI,8,2023,S2D2,0.09372214320000001
GLOBAL,LNDAGRFJIC04,WTRPRCFJI,8,2023,S2D1,0.09372214320000001
GLOBAL,LNDAGRFJIC04,LCONHRTOT,8,2023,S1D2,0.044629592
GLOBAL,LNDAGRFJIC04,LCONHRTOT,8,2023,S1D1,0.044629592
GLOBAL,LNDAGRFJIC04,LCONHRTOT,8,2023,S2D2,0.044629592
GLOBAL,LNDAGRFJIC04,LCONHRTOT,8,2023,S2D1,0.044629592
GLOBAL,LNDAGRFJIC04,WTRPRCFJI,8,2024,S1D2,0.0941271429
GLOBAL,LNDAGRFJIC04,WTRPRCFJI,8,2024,S1D1,0.0941271429
GLOBAL,LNDAGRFJIC04,WTRPRCFJI,8,2024,S2D2,0.0941271429
GLOBAL,LNDAGRFJIC04,WTRPRCFJI,8,2024,S2D1,0.0941271429
GLOBAL,LNDAGRFJIC04,LCONHRTOT,8,2024,S1D2,0.044822449
GLOBAL,LNDAGRFJIC04,LCONHRTOT,8,2024,S1D1,0.044822449
GLOBAL,LNDAGRFJIC04,LCONHRTOT,8,2024,S2D2,0.044822449
GLOBAL,LNDAGRFJIC04,LCONHRTOT,8,2024,S2D1,0.044822449
GLOBAL,LNDAGRFJIC04,WTRPRCFJI,8,2025,S1D2,0.0945321426
GLOBAL,LNDAGRFJIC04,WTRPRCFJI,8,2025,S1D1,0.0945321426
GLOBAL,LNDAGRFJIC04,WTRPRCFJI,8,2025,S2D2,0.0945321426
GLOBAL,LNDAGRFJIC04,WTRPRCFJI,8,2025,S2D1,0.0945321426
GLOBAL,LNDAGRFJIC04,LCONHRTOT,8,2025,S1D2,0.045015306
GLOBAL,LNDAGRFJIC04,LCONHRTOT,8,2025,S1D1,0.045015306
GLOBAL,LNDAGRFJIC04,LCONHRTOT,8,2025,S2D2,0.045015306
GLOBAL,LNDAGRFJIC04,LCONHRTOT,8,2025,S2D1,0.045015306
GLOBAL,LNDAGRFJIC04,WTRPRCFJI,8,2026,S1D2,0.09483728520000001
GLOBAL,LNDAGRFJIC04,WTRPRCFJI,8,2026,S1D1,0.09483728520000001
GLOBAL,LNDAGRFJIC04,WTRPRCFJI,8,2026,S2D2,0.09483728520000001
GLOBAL,LNDAGRFJIC04,WTRPRCFJI,8,2026,S2D1,0.09483728520000001
GLOBAL,LNDAGRFJIC04,LCONHRTOT,8,2026,S1D2,0.045160612
GLOBAL,LNDAGRFJIC04,LCONHRTOT,8,2026,S1D1,0.045160612
GLOBAL,LNDAGRFJIC04,LCONHRTOT,8,2026,S2D2,0.045160612
GLOBAL,LNDAGRFJIC04,LCONHRTOT,8,2026,S2D1,0.045160612
GLOBAL,LNDAGRFJIC04,WTRPRCFJI,8,2027,S1D2,0.0951424278
GLOBAL,LNDAGRFJIC04,WTRPRCFJI,8,2027,S1D1,0.0951424278
GLOBAL,LNDAGRFJIC04,WTRPRCFJI,8,2027,S2D2,0.0951424278
GLOBAL,LNDAGRFJIC04,WTRPRCFJI,8,2027,S2D1,0.0951424278
GLOBAL,LNDAGRFJIC04,LCONHRTOT,8,2027,S1D2,0.045305918
GLOBAL,LNDAGRFJIC04,LCONHRTOT,8,2027,S1D1,0.045305918
GLOBAL,LNDAGRFJIC04,LCONHRTOT,8,2027,S2D2,0.045305918
GLOBAL,LNDAGRFJIC04,LCONHRTOT,8,2027,S2D1,0.045305918
GLOBAL,LNDAGRFJIC04,WTRPRCFJI,8,2028,S1D2,0.0954475704
GLOBAL,LNDAGRFJIC04,WTRPRCFJI,8,2028,S1D1,0.0954475704
GLOBAL,LNDAGRFJIC04,WTRPRCFJI,8,2028,S2D2,0.0954475704
GLOBAL,LNDAGRFJIC04,WTRPRCFJI,8,2028,S2D1,0.0954475704
GLOBAL,LNDAGRFJIC04,LCONHRTOT,8,2028,S1D2,0.045451224
GLOBAL,LNDAGRFJIC04,LCONHRTOT,8,2028,S1D1,0.045451224
GLOBAL,LNDAGRFJIC04,LCONHRTOT,8,2028,S2D2,0.045451224
GLOBAL,LNDAGRFJIC04,LCONHRTOT,8,2028,S2D1,0.045451224
GLOBAL,LNDAGRFJIC04,WTRPRCFJI,8,2029,S1D2,0.09575271510000001
GLOBAL,LNDAGRFJIC04,WTRPRCFJI,8,2029,S1D1,0.09575271510000001
GLOBAL,LNDAGRFJIC04,WTRPRCFJI,8,2029,S2D2,0.09575271510000001
GLOBAL,LNDAGRFJIC04,WTRPRCFJI,8,2029,S2D1,0.09575271510000001
GLOBAL,LNDAGRFJIC04,LCONHRTOT,8,2029,S1D2,0.045596531
GLOBAL,LNDAGRFJIC04,LCONHRTOT,8,2029,S1D1,0.045596531
GLOBAL,LNDAGRFJIC04,LCONHRTOT,8,2029,S2D2,0.045596531
GLOBAL,LNDAGRFJIC04,LCONHRTOT,8,2029,S2D1,0.045596531
GLOBAL,LNDAGRFJIC04,WTRPRCFJI,8,2030,S1D2,0.0960578577
GLOBAL,LNDAGRFJIC04,WTRPRCFJI,8,2030,S1D1,0.0960578577
GLOBAL,LNDAGRFJIC04,WTRPRCFJI,8,2030,S2D2,0.0960578577
GLOBAL,LNDAGRFJIC04,WTRPRCFJI,8,2030,S2D1,0.0960578577
GLOBAL,LNDAGRFJIC04,LCONHRTOT,8,2030,S1D2,0.045741837
GLOBAL,LNDAGRFJIC04,LCONHRTOT,8,2030,S1D1,0.045741837
GLOBAL,LNDAGRFJIC04,LCONHRTOT,8,2030,S2D2,0.045741837
GLOBAL,LNDAGRFJIC04,LCONHRTOT,8,2030,S2D1,0.045741837
GLOBAL,LNDAGRFJIC04,WTRPRCFJI,8,2031,S1D2,0.0962665704
GLOBAL,LNDAGRFJIC04,WTRPRCFJI,8,2031,S1D1,0.0962665704
GLOBAL,LNDAGRFJIC04,WTRPRCFJI,8,2031,S2D2,0.0962665704
GLOBAL,LNDAGRFJIC04,WTRPRCFJI,8,2031,S2D1,0.0962665704
GLOBAL,LNDAGRFJIC04,LCONHRTOT,8,2031,S1D2,0.045841224
GLOBAL,LNDAGRFJIC04,LCONHRTOT,8,2031,S1D1,0.045841224
GLOBAL,LNDAGRFJIC04,LCONHRTOT,8,2031,S2D2,0.045841224
GLOBAL,LNDAGRFJIC04,LCONHRTOT,8,2031,S2D1,0.045841224
GLOBAL,LNDAGRFJIC04,WTRPRCFJI,8,2032,S1D2,0.0964752852
GLOBAL,LNDAGRFJIC04,WTRPRCFJI,8,2032,S1D1,0.0964752852
GLOBAL,LNDAGRFJIC04,WTRPRCFJI,8,2032,S2D2,0.0964752852
GLOBAL,LNDAGRFJIC04,WTRPRCFJI,8,2032,S2D1,0.0964752852
GLOBAL,LNDAGRFJIC04,LCONHRTOT,8,2032,S1D2,0.045940612
GLOBAL,LNDAGRFJIC04,LCONHRTOT,8,2032,S1D1,0.045940612
GLOBAL,LNDAGRFJIC04,LCONHRTOT,8,2032,S2D2,0.045940612
GLOBAL,LNDAGRFJIC04,LCONHRTOT,8,2032,S2D1,0.045940612
GLOBAL,LNDAGRFJIC04,WTRPRCFJI,8,2033,S1D2,0.09668399999999999
GLOBAL,LNDAGRFJIC04,WTRPRCFJI,8,2033,S1D1,0.09668399999999999
GLOBAL,LNDAGRFJIC04,WTRPRCFJI,8,2033,S2D2,0.09668399999999999
GLOBAL,LNDAGRFJIC04,WTRPRCFJI,8,2033,S2D1,0.09668399999999999
GLOBAL,LNDAGRFJIC04,LCONHRTOT,8,2033,S1D2,0.04604
GLOBAL,LNDAGRFJIC04,LCONHRTOT,8,2033,S1D1,0.04604
GLOBAL,LNDAGRFJIC04,LCONHRTOT,8,2033,S2D2,0.04604
GLOBAL,LNDAGRFJIC04,LCONHRTOT,8,2033,S2D1,0.04604
GLOBAL,LNDAGRFJIC04,WTRPRCFJI,8,2034,S1D2,0.09689271480000002
GLOBAL,LNDAGRFJIC04,WTRPRCFJI,8,2034,S1D1,0.09689271480000002
GLOBAL,LNDAGRFJIC04,WTRPRCFJI,8,2034,S2D2,0.09689271480000002
GLOBAL,LNDAGRFJIC04,WTRPRCFJI,8,2034,S2D1,0.09689271480000002
GLOBAL,LNDAGRFJIC04,LCONHRTOT,8,2034,S1D2,0.046139388
GLOBAL,LNDAGRFJIC04,LCONHRTOT,8,2034,S1D1,0.046139388
GLOBAL,LNDAGRFJIC04,LCONHRTOT,8,2034,S2D2,0.046139388
GLOBAL,LNDAGRFJIC04,LCONHRTOT,8,2034,S2D1,0.046139388
GLOBAL,LNDAGRFJIC04,WTRPRCFJI,8,2035,S1D2,0.09710142960000001
GLOBAL,LNDAGRFJIC04,WTRPRCFJI,8,2035,S1D1,0.09710142960000001
GLOBAL,LNDAGRFJIC04,WTRPRCFJI,8,2035,S2D2,0.09710142960000001
GLOBAL,LNDAGRFJIC04,WTRPRCFJI,8,2035,S2D1,0.09710142960000001
GLOBAL,LNDAGRFJIC04,LCONHRTOT,8,2035,S1D2,0.046238776
GLOBAL,LNDAGRFJIC04,LCONHRTOT,8,2035,S1D1,0.046238776
GLOBAL,LNDAGRFJIC04,LCONHRTOT,8,2035,S2D2,0.046238776
GLOBAL,LNDAGRFJIC04,LCONHRTOT,8,2035,S2D1,0.046238776
GLOBAL,LNDAGRFJIC04,WTRPRCFJI,8,2036,S1D2,0.0971948565
GLOBAL,LNDAGRFJIC04,WTRPRCFJI,8,2036,S1D1,0.0971948565
GLOBAL,LNDAGRFJIC04,WTRPRCFJI,8,2036,S2D2,0.0971948565
GLOBAL,LNDAGRFJIC04,WTRPRCFJI,8,2036,S2D1,0.0971948565
GLOBAL,LNDAGRFJIC04,LCONHRTOT,8,2036,S1D2,0.046283265
GLOBAL,LNDAGRFJIC04,LCONHRTOT,8,2036,S1D1,0.046283265
GLOBAL,LNDAGRFJIC04,LCONHRTOT,8,2036,S2D2,0.046283265
GLOBAL,LNDAGRFJIC04,LCONHRTOT,8,2036,S2D1,0.046283265
GLOBAL,LNDAGRFJIC04,WTRPRCFJI,8,2037,S1D2,0.0972887139
GLOBAL,LNDAGRFJIC04,WTRPRCFJI,8,2037,S1D1,0.0972887139
GLOBAL,LNDAGRFJIC04,WTRPRCFJI,8,2037,S2D2,0.0972887139
GLOBAL,LNDAGRFJIC04,WTRPRCFJI,8,2037,S2D1,0.0972887139
GLOBAL,LNDAGRFJIC04,LCONHRTOT,8,2037,S1D2,0.046327959
GLOBAL,LNDAGRFJIC04,LCONHRTOT,8,2037,S1D1,0.046327959
GLOBAL,LNDAGRFJIC04,LCONHRTOT,8,2037,S2D2,0.046327959
GLOBAL,LNDAGRFJIC04,LCONHRTOT,8,2037,S2D1,0.046327959
GLOBAL,LNDAGRFJIC04,WTRPRCFJI,8,2038,S1D2,0.09738214290000001
GLOBAL,LNDAGRFJIC04,WTRPRCFJI,8,2038,S1D1,0.09738214290000001
GLOBAL,LNDAGRFJIC04,WTRPRCFJI,8,2038,S2D2,0.09738214290000001
GLOBAL,LNDAGRFJIC04,WTRPRCFJI,8,2038,S2D1,0.09738214290000001
GLOBAL,LNDAGRFJIC04,LCONHRTOT,8,2038,S1D2,0.046372449
GLOBAL,LNDAGRFJIC04,LCONHRTOT,8,2038,S1D1,0.046372449
GLOBAL,LNDAGRFJIC04,LCONHRTOT,8,2038,S2D2,0.046372449
GLOBAL,LNDAGRFJIC04,LCONHRTOT,8,2038,S2D1,0.046372449
GLOBAL,LNDAGRFJIC04,WTRPRCFJI,8,2039,S1D2,0.09797400060000001
GLOBAL,LNDAGRFJIC04,WTRPRCFJI,8,2039,S1D1,0.09797400060000001
GLOBAL,LNDAGRFJIC04,WTRPRCFJI,8,2039,S2D2,0.09797400060000001
GLOBAL,LNDAGRFJIC04,WTRPRCFJI,8,2039,S2D1,0.09582592320000001
GLOBAL,LNDAGRFJIC04,LCONHRTOT,8,2039,S1D2,0.046654286
GLOBAL,LNDAGRFJIC04,LCONHRTOT,8,2039,S1D1,0.046654286
GLOBAL,LNDAGRFJIC04,LCONHRTOT,8,2039,S2D2,0.046654286
GLOBAL,LNDAGRFJIC04,LCONHRTOT,8,2039,S2D1,0.045631392
GLOBAL,LNDAGRFJIC04,WTRPRCFJI,8,2040,S1D2,0.0975690009
GLOBAL,LNDAGRFJIC04,WTRPRCFJI,8,2040,S1D1,0.0975690009
GLOBAL,LNDAGRFJIC04,WTRPRCFJI,8,2040,S2D2,0.0975690009
GLOBAL,LNDAGRFJIC04,WTRPRCFJI,8,2040,S2D1,0.0975690009
GLOBAL,LNDAGRFJIC04,LCONHRTOT,8,2040,S1D2,0.046461429
GLOBAL,LNDAGRFJIC04,LCONHRTOT,8,2040,S1D1,0.046461429
GLOBAL,LNDAGRFJIC04,LCONHRTOT,8,2040,S2D2,0.046461429
GLOBAL,LNDAGRFJIC04,LCONHRTOT,8,2040,S2D1,0.046461429
GLOBAL,LNDAGRFJIC04,WTRPRCFJI,8,2041,S1D2,0.09755442900000001
GLOBAL,LNDAGRFJIC04,WTRPRCFJI,8,2041,S1D1,0.09755442900000001
GLOBAL,LNDAGRFJIC04,WTRPRCFJI,8,2041,S2D2,0.09755442900000001
GLOBAL,LNDAGRFJIC04,WTRPRCFJI,8,2041,S2D1,0.09755442900000001
GLOBAL,LNDAGRFJIC04,LCONHRTOT,8,2041,S1D2,0.04645449
GLOBAL,LNDAGRFJIC04,LCONHRTOT,8,2041,S1D1,0.04645449
GLOBAL,LNDAGRFJIC04,LCONHRTOT,8,2041,S2D2,0.04645449
GLOBAL,LNDAGRFJIC04,LCONHRTOT,8,2041,S2D1,0.04645449
GLOBAL,LNDAGRFJIC04,WTRPRCFJI,8,2042,S1D2,0.0975402855
GLOBAL,LNDAGRFJIC04,WTRPRCFJI,8,2042,S1D1,0.0975402855
GLOBAL,LNDAGRFJIC04,WTRPRCFJI,8,2042,S2D2,0.0975402855
GLOBAL,LNDAGRFJIC04,WTRPRCFJI,8,2042,S2D1,0.0975402855
GLOBAL,LNDAGRFJIC04,LCONHRTOT,8,2042,S1D2,0.046447755
GLOBAL,LNDAGRFJIC04,LCONHRTOT,8,2042,S1D1,0.046447755
GLOBAL,LNDAGRFJIC04,LCONHRTOT,8,2042,S2D2,0.046447755
GLOBAL,LNDAGRFJIC04,LCONHRTOT,8,2042,S2D1,0.046447755
GLOBAL,LNDAGRFJIC04,WTRPRCFJI,8,2043,S1D2,0.09752571360000001
GLOBAL,LNDAGRFJIC04,WTRPRCFJI,8,2043,S1D1,0.09752571360000001
GLOBAL,LNDAGRFJIC04,WTRPRCFJI,8,2043,S2D2,0.09752571360000001
GLOBAL,LNDAGRFJIC04,WTRPRCFJI,8,2043,S2D1,0.09752571360000001
GLOBAL,LNDAGRFJIC04,LCONHRTOT,8,2043,S1D2,0.046440816
GLOBAL,LNDAGRFJIC04,LCONHRTOT,8,2043,S1D1,0.046440816
GLOBAL,LNDAGRFJIC04,LCONHRTOT,8,2043,S2D2,0.046440816
GLOBAL,LNDAGRFJIC04,LCONHRTOT,8,2043,S2D1,0.046440816
GLOBAL,LNDAGRFJIC04,WTRPRCFJI,8,2044,S1D2,0.0975111438
GLOBAL,LNDAGRFJIC04,WTRPRCFJI,8,2044,S1D1,0.0975111438
GLOBAL,LNDAGRFJIC04,WTRPRCFJI,8,2044,S2D2,0.0975111438
GLOBAL,LNDAGRFJIC04,WTRPRCFJI,8,2044,S2D1,0.0975111438
GLOBAL,LNDAGRFJIC04,LCONHRTOT,8,2044,S1D2,0.046433878
GLOBAL,LNDAGRFJIC04,LCONHRTOT,8,2044,S1D1,0.046433878
GLOBAL,LNDAGRFJIC04,LCONHRTOT,8,2044,S2D2,0.046433878
GLOBAL,LNDAGRFJIC04,LCONHRTOT,8,2044,S2D1,0.046433878
GLOBAL,LNDAGRFJIC04,WTRPRCFJI,8,2045,S1D2,0.09749657190000001
GLOBAL,LNDAGRFJIC04,WTRPRCFJI,8,2045,S1D1,0.09749657190000001
GLOBAL,LNDAGRFJIC04,WTRPRCFJI,8,2045,S2D2,0.09749657190000001
GLOBAL,LNDAGRFJIC04,WTRPRCFJI,8,2045,S2D1,0.09749657190000001
GLOBAL,LNDAGRFJIC04,LCONHRTOT,8,2045,S1D2,0.046426939
GLOBAL,LNDAGRFJIC04,LCONHRTOT,8,2045,S1D1,0.046426939
GLOBAL,LNDAGRFJIC04,LCONHRTOT,8,2045,S2D2,0.046426939
GLOBAL,LNDAGRFJIC04,LCONHRTOT,8,2045,S2D1,0.046426939
GLOBAL,LNDAGRFJIC04,WTRPRCFJI,8,2046,S1D2,0.097398
GLOBAL,LNDAGRFJIC04,WTRPRCFJI,8,2046,S1D1,0.097398
GLOBAL,LNDAGRFJIC04,WTRPRCFJI,8,2046,S2D2,0.097398
GLOBAL,LNDAGRFJIC04,WTRPRCFJI,8,2046,S2D1,0.097398
GLOBAL,LNDAGRFJIC04,LCONHRTOT,8,2046,S1D2,0.04638
GLOBAL,LNDAGRFJIC04,LCONHRTOT,8,2046,S1D1,0.04638
GLOBAL,LNDAGRFJIC04,LCONHRTOT,8,2046,S2D2,0.04638
GLOBAL,LNDAGRFJIC04,LCONHRTOT,8,2046,S2D1,0.04638
GLOBAL,LNDAGRFJIC04,WTRPRCFJI,8,2047,S1D2,0.0972989997
GLOBAL,LNDAGRFJIC04,WTRPRCFJI,8,2047,S1D1,0.0972989997
GLOBAL,LNDAGRFJIC04,WTRPRCFJI,8,2047,S2D2,0.0972989997
GLOBAL,LNDAGRFJIC04,WTRPRCFJI,8,2047,S2D1,0.0972989997
GLOBAL,LNDAGRFJIC04,LCONHRTOT,8,2047,S1D2,0.046332857
GLOBAL,LNDAGRFJIC04,LCONHRTOT,8,2047,S1D1,0.046332857
GLOBAL,LNDAGRFJIC04,LCONHRTOT,8,2047,S2D2,0.046332857
GLOBAL,LNDAGRFJIC04,LCONHRTOT,8,2047,S2D1,0.046332857
GLOBAL,LNDAGRFJIC04,WTRPRCFJI,8,2048,S1D2,0.0974194284
GLOBAL,LNDAGRFJIC04,WTRPRCFJI,8,2048,S1D1,0.0974194284
GLOBAL,LNDAGRFJIC04,WTRPRCFJI,8,2048,S2D2,0.0974194284
GLOBAL,LNDAGRFJIC04,WTRPRCFJI,8,2048,S2D1,0.09654902670000001
GLOBAL,LNDAGRFJIC04,LCONHRTOT,8,2048,S1D2,0.046390204
GLOBAL,LNDAGRFJIC04,LCONHRTOT,8,2048,S1D1,0.046390204
GLOBAL,LNDAGRFJIC04,LCONHRTOT,8,2048,S2D2,0.046390204
GLOBAL,LNDAGRFJIC04,LCONHRTOT,8,2048,S2D1,0.045975727
GLOBAL,LNDAGRFJIC04,WTRPRCFJI,8,2049,S1D2,0.0972107136
GLOBAL,LNDAGRFJIC04,WTRPRCFJI,8,2049,S1D1,0.0972107136
GLOBAL,LNDAGRFJIC04,WTRPRCFJI,8,2049,S2D2,0.0972107136
GLOBAL,LNDAGRFJIC04,WTRPRCFJI,8,2049,S2D1,0.0967755138
GLOBAL,LNDAGRFJIC04,LCONHRTOT,8,2049,S1D2,0.046290816
GLOBAL,LNDAGRFJIC04,LCONHRTOT,8,2049,S1D1,0.046290816
GLOBAL,LNDAGRFJIC04,LCONHRTOT,8,2049,S2D2,0.046290816
GLOBAL,LNDAGRFJIC04,LCONHRTOT,8,2049,S2D1,0.046083578
GLOBAL,LNDAGRFJIC04,WTRPRCFJI,8,2050,S1D2,0.0970020009
GLOBAL,LNDAGRFJIC04,WTRPRCFJI,8,2050,S1D1,0.0970020009
GLOBAL,LNDAGRFJIC04,WTRPRCFJI,8,2050,S2D2,0.0970020009
GLOBAL,LNDAGRFJIC04,WTRPRCFJI,8,2050,S2D1,0.0970020009
GLOBAL,LNDAGRFJIC04,LCONHRTOT,8,2050,S1D2,0.046191429
GLOBAL,LNDAGRFJIC04,LCONHRTOT,8,2050,S1D1,0.046191429
GLOBAL,LNDAGRFJIC04,LCONHRTOT,8,2050,S2D2,0.046191429
GLOBAL,LNDAGRFJIC04,LCONHRTOT,8,2050,S2D1,0.046191429
GLOBAL,LNDAGRFJIC04,WTRPRCFJI,14,2021,S1D2,0.1243700766
GLOBAL,LNDAGRFJIC04,WTRPRCFJI,14,2021,S1D1,0.1243700766
GLOBAL,LNDAGRFJIC04,WTRPRCFJI,14,2021,S2D2,0.1243700766
GLOBAL,LNDAGRFJIC04,WTRPRCFJI,14,2021,S2D1,0.1243700766
GLOBAL,LNDAGRFJIC04,LYAMHRTOT,14,2021,S1D2,0.059223846
GLOBAL,LNDAGRFJIC04,LYAMHRTOT,14,2021,S1D1,0.059223846
GLOBAL,LNDAGRFJIC04,LYAMHRTOT,14,2021,S2D2,0.059223846
GLOBAL,LNDAGRFJIC04,LYAMHRTOT,14,2021,S2D1,0.059223846
GLOBAL,LNDAGRFJIC04,WTRPRCFJI,14,2022,S1D2,0.1249121538
GLOBAL,LNDAGRFJIC04,WTRPRCFJI,14,2022,S1D1,0.1249121538
GLOBAL,LNDAGRFJIC04,WTRPRCFJI,14,2022,S2D2,0.1249121538
GLOBAL,LNDAGRFJIC04,WTRPRCFJI,14,2022,S2D1,0.1249121538
GLOBAL,LNDAGRFJIC04,LYAMHRTOT,14,2022,S1D2,0.059481978
GLOBAL,LNDAGRFJIC04,LYAMHRTOT,14,2022,S1D1,0.059481978
GLOBAL,LNDAGRFJIC04,LYAMHRTOT,14,2022,S2D2,0.059481978
GLOBAL,LNDAGRFJIC04,LYAMHRTOT,14,2022,S2D1,0.059481978
GLOBAL,LNDAGRFJIC04,WTRPRCFJI,14,2023,S1D2,0.125454462
GLOBAL,LNDAGRFJIC04,WTRPRCFJI,14,2023,S1D1,0.125454462
GLOBAL,LNDAGRFJIC04,WTRPRCFJI,14,2023,S2D2,0.125454462
GLOBAL,LNDAGRFJIC04,WTRPRCFJI,14,2023,S2D1,0.125454462
GLOBAL,LNDAGRFJIC04,LYAMHRTOT,14,2023,S1D2,0.05974022
GLOBAL,LNDAGRFJIC04,LYAMHRTOT,14,2023,S1D1,0.05974022
GLOBAL,LNDAGRFJIC04,LYAMHRTOT,14,2023,S2D2,0.05974022
GLOBAL,LNDAGRFJIC04,LYAMHRTOT,14,2023,S2D1,0.05974022
GLOBAL,LNDAGRFJIC04,WTRPRCFJI,14,2024,S1D2,0.1259965392
GLOBAL,LNDAGRFJIC04,WTRPRCFJI,14,2024,S1D1,0.1259965392
GLOBAL,LNDAGRFJIC04,WTRPRCFJI,14,2024,S2D2,0.1259965392
GLOBAL,LNDAGRFJIC04,WTRPRCFJI,14,2024,S2D1,0.1259965392
GLOBAL,LNDAGRFJIC04,LYAMHRTOT,14,2024,S1D2,0.059998352
GLOBAL,LNDAGRFJIC04,LYAMHRTOT,14,2024,S1D1,0.059998352
GLOBAL,LNDAGRFJIC04,LYAMHRTOT,14,2024,S2D2,0.059998352
GLOBAL,LNDAGRFJIC04,LYAMHRTOT,14,2024,S2D1,0.059998352
GLOBAL,LNDAGRFJIC04,WTRPRCFJI,14,2025,S1D2,0.1265386164
GLOBAL,LNDAGRFJIC04,WTRPRCFJI,14,2025,S1D1,0.1265386164
GLOBAL,LNDAGRFJIC04,WTRPRCFJI,14,2025,S2D2,0.1265386164
GLOBAL,LNDAGRFJIC04,WTRPRCFJI,14,2025,S2D1,0.1265386164
GLOBAL,LNDAGRFJIC04,LYAMHRTOT,14,2025,S1D2,0.060256484
GLOBAL,LNDAGRFJIC04,LYAMHRTOT,14,2025,S1D1,0.060256484
GLOBAL,LNDAGRFJIC04,LYAMHRTOT,14,2025,S2D2,0.060256484
GLOBAL,LNDAGRFJIC04,LYAMHRTOT,14,2025,S2D1,0.060256484
GLOBAL,LNDAGRFJIC04,WTRPRCFJI,14,2026,S1D2,0.1269470769
GLOBAL,LNDAGRFJIC04,WTRPRCFJI,14,2026,S1D1,0.1269470769
GLOBAL,LNDAGRFJIC04,WTRPRCFJI,14,2026,S2D2,0.1269470769
GLOBAL,LNDAGRFJIC04,WTRPRCFJI,14,2026,S2D1,0.1269470769
GLOBAL,LNDAGRFJIC04,LYAMHRTOT,14,2026,S1D2,0.060450989
GLOBAL,LNDAGRFJIC04,LYAMHRTOT,14,2026,S1D1,0.060450989
GLOBAL,LNDAGRFJIC04,LYAMHRTOT,14,2026,S2D2,0.060450989
GLOBAL,LNDAGRFJIC04,LYAMHRTOT,14,2026,S2D1,0.060450989
GLOBAL,LNDAGRFJIC04,WTRPRCFJI,14,2027,S1D2,0.1273555395
GLOBAL,LNDAGRFJIC04,WTRPRCFJI,14,2027,S1D1,0.1273555395
GLOBAL,LNDAGRFJIC04,WTRPRCFJI,14,2027,S2D2,0.1273555395
GLOBAL,LNDAGRFJIC04,WTRPRCFJI,14,2027,S2D1,0.1273555395
GLOBAL,LNDAGRFJIC04,LYAMHRTOT,14,2027,S1D2,0.060645495
GLOBAL,LNDAGRFJIC04,LYAMHRTOT,14,2027,S1D1,0.060645495
GLOBAL,LNDAGRFJIC04,LYAMHRTOT,14,2027,S2D2,0.060645495
GLOBAL,LNDAGRFJIC04,LYAMHRTOT,14,2027,S2D1,0.060645495
GLOBAL,LNDAGRFJIC04,WTRPRCFJI,14,2028,S1D2,0.127764
GLOBAL,LNDAGRFJIC04,WTRPRCFJI,14,2028,S1D1,0.127764
GLOBAL,LNDAGRFJIC04,WTRPRCFJI,14,2028,S2D2,0.127764
GLOBAL,LNDAGRFJIC04,WTRPRCFJI,14,2028,S2D1,0.127764
GLOBAL,LNDAGRFJIC04,LYAMHRTOT,14,2028,S1D2,0.06084
GLOBAL,LNDAGRFJIC04,LYAMHRTOT,14,2028,S1D1,0.06084
GLOBAL,LNDAGRFJIC04,LYAMHRTOT,14,2028,S2D2,0.06084
GLOBAL,LNDAGRFJIC04,LYAMHRTOT,14,2028,S2D1,0.06084
GLOBAL,LNDAGRFJIC04,WTRPRCFJI,14,2029,S1D2,0.1281722316
GLOBAL,LNDAGRFJIC04,WTRPRCFJI,14,2029,S1D1,0.1281722316
GLOBAL,LNDAGRFJIC04,WTRPRCFJI,14,2029,S2D2,0.1281722316
GLOBAL,LNDAGRFJIC04,WTRPRCFJI,14,2029,S2D1,0.1281722316
GLOBAL,LNDAGRFJIC04,LYAMHRTOT,14,2029,S1D2,0.061034396
GLOBAL,LNDAGRFJIC04,LYAMHRTOT,14,2029,S1D1,0.061034396
GLOBAL,LNDAGRFJIC04,LYAMHRTOT,14,2029,S2D2,0.061034396
GLOBAL,LNDAGRFJIC04,LYAMHRTOT,14,2029,S2D1,0.061034396
GLOBAL,LNDAGRFJIC04,WTRPRCFJI,14,2030,S1D2,0.1285806921
GLOBAL,LNDAGRFJIC04,WTRPRCFJI,14,2030,S1D1,0.1285806921
GLOBAL,LNDAGRFJIC04,WTRPRCFJI,14,2030,S2D2,0.1285806921
GLOBAL,LNDAGRFJIC04,WTRPRCFJI,14,2030,S2D1,0.1285806921
GLOBAL,LNDAGRFJIC04,LYAMHRTOT,14,2030,S1D2,0.061228901
GLOBAL,LNDAGRFJIC04,LYAMHRTOT,14,2030,S1D1,0.061228901
GLOBAL,LNDAGRFJIC04,LYAMHRTOT,14,2030,S2D2,0.061228901
GLOBAL,LNDAGRFJIC04,LYAMHRTOT,14,2030,S2D1,0.061228901
GLOBAL,LNDAGRFJIC04,WTRPRCFJI,14,2031,S1D2,0.1288601538
GLOBAL,LNDAGRFJIC04,WTRPRCFJI,14,2031,S1D1,0.1288601538
GLOBAL,LNDAGRFJIC04,WTRPRCFJI,14,2031,S2D2,0.1288601538
GLOBAL,LNDAGRFJIC04,WTRPRCFJI,14,2031,S2D1,0.1288601538
GLOBAL,LNDAGRFJIC04,LYAMHRTOT,14,2031,S1D2,0.061361978
GLOBAL,LNDAGRFJIC04,LYAMHRTOT,14,2031,S1D1,0.061361978
GLOBAL,LNDAGRFJIC04,LYAMHRTOT,14,2031,S2D2,0.061361978
GLOBAL,LNDAGRFJIC04,LYAMHRTOT,14,2031,S2D1,0.061361978
GLOBAL,LNDAGRFJIC04,WTRPRCFJI,14,2032,S1D2,0.1291396155
GLOBAL,LNDAGRFJIC04,WTRPRCFJI,14,2032,S1D1,0.1291396155
GLOBAL,LNDAGRFJIC04,WTRPRCFJI,14,2032,S2D2,0.1291396155
GLOBAL,LNDAGRFJIC04,WTRPRCFJI,14,2032,S2D1,0.1291396155
GLOBAL,LNDAGRFJIC04,LYAMHRTOT,14,2032,S1D2,0.061495055
GLOBAL,LNDAGRFJIC04,LYAMHRTOT,14,2032,S1D1,0.061495055
GLOBAL,LNDAGRFJIC04,LYAMHRTOT,14,2032,S2D2,0.061495055
GLOBAL,LNDAGRFJIC04,LYAMHRTOT,14,2032,S2D1,0.061495055
GLOBAL,LNDAGRFJIC04,WTRPRCFJI,14,2033,S1D2,0.1294190772
GLOBAL,LNDAGRFJIC04,WTRPRCFJI,14,2033,S1D1,0.1294190772
GLOBAL,LNDAGRFJIC04,WTRPRCFJI,14,2033,S2D2,0.1294190772
GLOBAL,LNDAGRFJIC04,WTRPRCFJI,14,2033,S2D1,0.1294190772
GLOBAL,LNDAGRFJIC04,LYAMHRTOT,14,2033,S1D2,0.061628132
GLOBAL,LNDAGRFJIC04,LYAMHRTOT,14,2033,S1D1,0.061628132
GLOBAL,LNDAGRFJIC04,LYAMHRTOT,14,2033,S2D2,0.061628132
GLOBAL,LNDAGRFJIC04,LYAMHRTOT,14,2033,S2D1,0.061628132
GLOBAL,LNDAGRFJIC04,WTRPRCFJI,14,2034,S1D2,0.1296985389
GLOBAL,LNDAGRFJIC04,WTRPRCFJI,14,2034,S1D1,0.1296985389
GLOBAL,LNDAGRFJIC04,WTRPRCFJI,14,2034,S2D2,0.1296985389
GLOBAL,LNDAGRFJIC04,WTRPRCFJI,14,2034,S2D1,0.1296985389
GLOBAL,LNDAGRFJIC04,LYAMHRTOT,14,2034,S1D2,0.061761209
GLOBAL,LNDAGRFJIC04,LYAMHRTOT,14,2034,S1D1,0.061761209
GLOBAL,LNDAGRFJIC04,LYAMHRTOT,14,2034,S2D2,0.061761209
GLOBAL,LNDAGRFJIC04,LYAMHRTOT,14,2034,S2D1,0.061761209
GLOBAL,LNDAGRFJIC04,WTRPRCFJI,14,2035,S1D2,0.12997776960000001
GLOBAL,LNDAGRFJIC04,WTRPRCFJI,14,2035,S1D1,0.12997776960000001
GLOBAL,LNDAGRFJIC04,WTRPRCFJI,14,2035,S2D2,0.12997776960000001
GLOBAL,LNDAGRFJIC04,WTRPRCFJI,14,2035,S2D1,0.12997776960000001
GLOBAL,LNDAGRFJIC04,LYAMHRTOT,14,2035,S1D2,0.061894176
GLOBAL,LNDAGRFJIC04,LYAMHRTOT,14,2035,S1D1,0.061894176
GLOBAL,LNDAGRFJIC04,LYAMHRTOT,14,2035,S2D2,0.061894176
GLOBAL,LNDAGRFJIC04,LYAMHRTOT,14,2035,S2D1,0.061894176
GLOBAL,LNDAGRFJIC04,WTRPRCFJI,14,2036,S1D2,0.1301030766
GLOBAL,LNDAGRFJIC04,WTRPRCFJI,14,2036,S1D1,0.1301030766
GLOBAL,LNDAGRFJIC04,WTRPRCFJI,14,2036,S2D2,0.1301030766
GLOBAL,LNDAGRFJIC04,WTRPRCFJI,14,2036,S2D1,0.1301030766
GLOBAL,LNDAGRFJIC04,LYAMHRTOT,14,2036,S1D2,0.061953846
GLOBAL,LNDAGRFJIC04,LYAMHRTOT,14,2036,S1D1,0.061953846
GLOBAL,LNDAGRFJIC04,LYAMHRTOT,14,2036,S2D2,0.061953846
GLOBAL,LNDAGRFJIC04,LYAMHRTOT,14,2036,S2D1,0.061953846
GLOBAL,LNDAGRFJIC04,WTRPRCFJI,14,2037,S1D2,0.13022815470000002
GLOBAL,LNDAGRFJIC04,WTRPRCFJI,14,2037,S1D1,0.13022815470000002
GLOBAL,LNDAGRFJIC04,WTRPRCFJI,14,2037,S2D2,0.13022815470000002
GLOBAL,LNDAGRFJIC04,WTRPRCFJI,14,2037,S2D1,0.13022815470000002
GLOBAL,LNDAGRFJIC04,LYAMHRTOT,14,2037,S1D2,0.062013407
GLOBAL,LNDAGRFJIC04,LYAMHRTOT,14,2037,S1D1,0.062013407
GLOBAL,LNDAGRFJIC04,LYAMHRTOT,14,2037,S2D2,0.062013407
GLOBAL,LNDAGRFJIC04,LYAMHRTOT,14,2037,S2D1,0.062013407
GLOBAL,LNDAGRFJIC04,WTRPRCFJI,14,2038,S1D2,0.13035323070000002
GLOBAL,LNDAGRFJIC04,WTRPRCFJI,14,2038,S1D1,0.13035323070000002
GLOBAL,LNDAGRFJIC04,WTRPRCFJI,14,2038,S2D2,0.13035323070000002
GLOBAL,LNDAGRFJIC04,WTRPRCFJI,14,2038,S2D1,0.13035323070000002
GLOBAL,LNDAGRFJIC04,LYAMHRTOT,14,2038,S1D2,0.062072967
GLOBAL,LNDAGRFJIC04,LYAMHRTOT,14,2038,S1D1,0.062072967
GLOBAL,LNDAGRFJIC04,LYAMHRTOT,14,2038,S2D2,0.062072967
GLOBAL,LNDAGRFJIC04,LYAMHRTOT,14,2038,S2D1,0.062072967
GLOBAL,LNDAGRFJIC04,WTRPRCFJI,14,2039,S1D2,0.131145693
GLOBAL,LNDAGRFJIC04,WTRPRCFJI,14,2039,S1D1,0.131145693
GLOBAL,LNDAGRFJIC04,WTRPRCFJI,14,2039,S2D2,0.131145693
GLOBAL,LNDAGRFJIC04,WTRPRCFJI,14,2039,S2D1,0.1184708973
GLOBAL,LNDAGRFJIC04,LYAMHRTOT,14,2039,S1D2,0.06245033
GLOBAL,LNDAGRFJIC04,LYAMHRTOT,14,2039,S1D1,0.06245033
GLOBAL,LNDAGRFJIC04,LYAMHRTOT,14,2039,S2D2,0.06245033
GLOBAL,LNDAGRFJIC04,LYAMHRTOT,14,2039,S2D1,0.056414713
GLOBAL,LNDAGRFJIC04,WTRPRCFJI,14,2040,S1D2,0.1306036158
GLOBAL,LNDAGRFJIC04,WTRPRCFJI,14,2040,S1D1,0.1306036158
GLOBAL,LNDAGRFJIC04,WTRPRCFJI,14,2040,S2D2,0.1306036158
GLOBAL,LNDAGRFJIC04,WTRPRCFJI,14,2040,S2D1,0.1306036158
GLOBAL,LNDAGRFJIC04,LYAMHRTOT,14,2040,S1D2,0.062192198
GLOBAL,LNDAGRFJIC04,LYAMHRTOT,14,2040,S1D1,0.062192198
GLOBAL,LNDAGRFJIC04,LYAMHRTOT,14,2040,S2D2,0.062192198
GLOBAL,LNDAGRFJIC04,LYAMHRTOT,14,2040,S2D1,0.062192198
GLOBAL,LNDAGRFJIC04,WTRPRCFJI,14,2041,S1D2,0.1305842307
GLOBAL,LNDAGRFJIC04,WTRPRCFJI,14,2041,S1D1,0.1305842307
GLOBAL,LNDAGRFJIC04,WTRPRCFJI,14,2041,S2D2,0.1305842307
GLOBAL,LNDAGRFJIC04,WTRPRCFJI,14,2041,S2D1,0.1305842307
GLOBAL,LNDAGRFJIC04,LYAMHRTOT,14,2041,S1D2,0.062182967
GLOBAL,LNDAGRFJIC04,LYAMHRTOT,14,2041,S1D1,0.062182967
GLOBAL,LNDAGRFJIC04,LYAMHRTOT,14,2041,S2D2,0.062182967
GLOBAL,LNDAGRFJIC04,LYAMHRTOT,14,2041,S2D1,0.062182967
GLOBAL,LNDAGRFJIC04,WTRPRCFJI,14,2042,S1D2,0.1305648456
GLOBAL,LNDAGRFJIC04,WTRPRCFJI,14,2042,S1D1,0.1305648456
GLOBAL,LNDAGRFJIC04,WTRPRCFJI,14,2042,S2D2,0.1305648456
GLOBAL,LNDAGRFJIC04,WTRPRCFJI,14,2042,S2D1,0.1305648456
GLOBAL,LNDAGRFJIC04,LYAMHRTOT,14,2042,S1D2,0.062173736
GLOBAL,LNDAGRFJIC04,LYAMHRTOT,14,2042,S1D1,0.062173736
GLOBAL,LNDAGRFJIC04,LYAMHRTOT,14,2042,S2D2,0.062173736
GLOBAL,LNDAGRFJIC04,LYAMHRTOT,14,2042,S2D1,0.062173736
GLOBAL,LNDAGRFJIC04,WTRPRCFJI,14,2043,S1D2,0.1305456915
GLOBAL,LNDAGRFJIC04,WTRPRCFJI,14,2043,S1D1,0.1305456915
GLOBAL,LNDAGRFJIC04,WTRPRCFJI,14,2043,S2D2,0.1305456915
GLOBAL,LNDAGRFJIC04,WTRPRCFJI,14,2043,S2D1,0.1305456915
GLOBAL,LNDAGRFJIC04,LYAMHRTOT,14,2043,S1D2,0.062164615
GLOBAL,LNDAGRFJIC04,LYAMHRTOT,14,2043,S1D1,0.062164615
GLOBAL,LNDAGRFJIC04,LYAMHRTOT,14,2043,S2D2,0.062164615
GLOBAL,LNDAGRFJIC04,LYAMHRTOT,14,2043,S2D1,0.062164615
GLOBAL,LNDAGRFJIC04,WTRPRCFJI,14,2044,S1D2,0.1305263085
GLOBAL,LNDAGRFJIC04,WTRPRCFJI,14,2044,S1D1,0.1305263085
GLOBAL,LNDAGRFJIC04,WTRPRCFJI,14,2044,S2D2,0.1305263085
GLOBAL,LNDAGRFJIC04,WTRPRCFJI,14,2044,S2D1,0.1305263085
GLOBAL,LNDAGRFJIC04,LYAMHRTOT,14,2044,S1D2,0.062155385
GLOBAL,LNDAGRFJIC04,LYAMHRTOT,14,2044,S1D1,0.062155385
GLOBAL,LNDAGRFJIC04,LYAMHRTOT,14,2044,S2D2,0.062155385
GLOBAL,LNDAGRFJIC04,LYAMHRTOT,14,2044,S2D1,0.062155385
GLOBAL,LNDAGRFJIC04,WTRPRCFJI,14,2045,S1D2,0.1305069234
GLOBAL,LNDAGRFJIC04,WTRPRCFJI,14,2045,S1D1,0.1305069234
GLOBAL,LNDAGRFJIC04,WTRPRCFJI,14,2045,S2D2,0.1305069234
GLOBAL,LNDAGRFJIC04,WTRPRCFJI,14,2045,S2D1,0.1305069234
GLOBAL,LNDAGRFJIC04,LYAMHRTOT,14,2045,S1D2,0.062146154
GLOBAL,LNDAGRFJIC04,LYAMHRTOT,14,2045,S1D1,0.062146154
GLOBAL,LNDAGRFJIC04,LYAMHRTOT,14,2045,S2D2,0.062146154
GLOBAL,LNDAGRFJIC04,LYAMHRTOT,14,2045,S2D1,0.062146154
GLOBAL,LNDAGRFJIC04,WTRPRCFJI,14,2046,S1D2,0.1303744617
GLOBAL,LNDAGRFJIC04,WTRPRCFJI,14,2046,S1D1,0.1303744617
GLOBAL,LNDAGRFJIC04,WTRPRCFJI,14,2046,S2D2,0.1303744617
GLOBAL,LNDAGRFJIC04,WTRPRCFJI,14,2046,S2D1,0.1303744617
GLOBAL,LNDAGRFJIC04,LYAMHRTOT,14,2046,S1D2,0.062083077
GLOBAL,LNDAGRFJIC04,LYAMHRTOT,14,2046,S1D1,0.062083077
GLOBAL,LNDAGRFJIC04,LYAMHRTOT,14,2046,S2D2,0.062083077
GLOBAL,LNDAGRFJIC04,LYAMHRTOT,14,2046,S2D1,0.062083077
GLOBAL,LNDAGRFJIC04,WTRPRCFJI,14,2047,S1D2,0.130242
GLOBAL,LNDAGRFJIC04,WTRPRCFJI,14,2047,S1D1,0.130242
GLOBAL,LNDAGRFJIC04,WTRPRCFJI,14,2047,S2D2,0.130242
GLOBAL,LNDAGRFJIC04,WTRPRCFJI,14,2047,S2D1,0.130242
GLOBAL,LNDAGRFJIC04,LYAMHRTOT,14,2047,S1D2,0.06202
GLOBAL,LNDAGRFJIC04,LYAMHRTOT,14,2047,S1D1,0.06202
GLOBAL,LNDAGRFJIC04,LYAMHRTOT,14,2047,S2D2,0.06202
GLOBAL,LNDAGRFJIC04,LYAMHRTOT,14,2047,S2D1,0.06202
GLOBAL,LNDAGRFJIC04,WTRPRCFJI,14,2048,S1D2,0.1304033073
GLOBAL,LNDAGRFJIC04,WTRPRCFJI,14,2048,S1D1,0.1304033073
GLOBAL,LNDAGRFJIC04,WTRPRCFJI,14,2048,S2D2,0.1304033073
GLOBAL,LNDAGRFJIC04,WTRPRCFJI,14,2048,S2D1,0.12923801940000001
GLOBAL,LNDAGRFJIC04,LYAMHRTOT,14,2048,S1D2,0.062096813
GLOBAL,LNDAGRFJIC04,LYAMHRTOT,14,2048,S1D1,0.062096813
GLOBAL,LNDAGRFJIC04,LYAMHRTOT,14,2048,S2D2,0.062096813
GLOBAL,LNDAGRFJIC04,LYAMHRTOT,14,2048,S2D1,0.061541914
GLOBAL,LNDAGRFJIC04,WTRPRCFJI,14,2049,S1D2,0.1301238456
GLOBAL,LNDAGRFJIC04,WTRPRCFJI,14,2049,S1D1,0.1301238456
GLOBAL,LNDAGRFJIC04,WTRPRCFJI,14,2049,S2D2,0.1301238456
GLOBAL,LNDAGRFJIC04,WTRPRCFJI,14,2049,S2D1,0.12954166050000002
GLOBAL,LNDAGRFJIC04,LYAMHRTOT,14,2049,S1D2,0.061963736
GLOBAL,LNDAGRFJIC04,LYAMHRTOT,14,2049,S1D1,0.061963736
GLOBAL,LNDAGRFJIC04,LYAMHRTOT,14,2049,S2D2,0.061963736
GLOBAL,LNDAGRFJIC04,LYAMHRTOT,14,2049,S2D1,0.061686505
GLOBAL,LNDAGRFJIC04,WTRPRCFJI,14,2050,S1D2,0.12984461490000002
GLOBAL,LNDAGRFJIC04,WTRPRCFJI,14,2050,S1D1,0.12984461490000002
GLOBAL,LNDAGRFJIC04,WTRPRCFJI,14,2050,S2D2,0.12984461490000002
GLOBAL,LNDAGRFJIC04,WTRPRCFJI,14,2050,S2D1,0.12984461490000002
GLOBAL,LNDAGRFJIC04,LYAMHRTOT,14,2050,S1D2,0.061830769
GLOBAL,LNDAGRFJIC04,LYAMHRTOT,14,2050,S1D1,0.061830769
GLOBAL,LNDAGRFJIC04,LYAMHRTOT,14,2050,S2D2,0.061830769
GLOBAL,LNDAGRFJIC04,LYAMHRTOT,14,2050,S2D1,0.061830769
GLOBAL,LNDAGRFJIC04,WTRPRCFJI,15,2021,S2D2,3.29509089
GLOBAL,LNDAGRFJIC04,LSGCHRTOT,15,2021,S2D2,1.5690909
GLOBAL,LNDAGRFJIC04,WTRPRCFJI,15,2022,S2D2,3.3094473300000002
GLOBAL,LNDAGRFJIC04,LSGCHRTOT,15,2022,S2D2,1.5759273
GLOBAL,LNDAGRFJIC04,WTRPRCFJI,15,2041,S1D1,3.45973089
GLOBAL,LNDAGRFJIC04,LSGCHRTOT,15,2041,S1D1,1.6474909
GLOBAL,LNDAGRFJIC04,WTRPRCFJI,23,2021,S2D1,9.72834345
GLOBAL,LNDAGRFJIC04,LFORTOT,23,2021,S2D1,4.6325445
GLOBAL,LNDAGRFJIC04,WTRPRCFJI,23,2022,S2D1,9.710230319999999
GLOBAL,LNDAGRFJIC04,LFORTOT,23,2022,S2D1,4.6239192
GLOBAL,LNDAGRFJIC04,WTRPRCFJI,23,2023,S2D1,13.015919910000001
GLOBAL,LNDAGRFJIC04,LFORTOT,23,2023,S2D1,6.1980571
GLOBAL,LNDAGRFJIC04,WTRPRCFJI,23,2024,S2D1,13.01216301
GLOBAL,LNDAGRFJIC04,LFORTOT,23,2024,S2D1,6.1962681
GLOBAL,LNDAGRFJIC04,WTRPRCFJI,23,2025,S2D1,13.00840632
GLOBAL,LNDAGRFJIC04,LFORTOT,23,2025,S2D1,6.1944792
GLOBAL,LNDAGRFJIC04,WTRPRCFJI,23,2026,S2D1,13.00557573
GLOBAL,LNDAGRFJIC04,LFORTOT,23,2026,S2D1,6.1931313
GLOBAL,LNDAGRFJIC04,WTRPRCFJI,23,2027,S2D1,13.002745140000002
GLOBAL,LNDAGRFJIC04,LFORTOT,23,2027,S2D1,6.1917834
GLOBAL,LNDAGRFJIC04,WTRPRCFJI,23,2028,S2D1,12.99991434
GLOBAL,LNDAGRFJIC04,LFORTOT,23,2028,S2D1,6.1904354
GLOBAL,LNDAGRFJIC04,WTRPRCFJI,23,2029,S2D1,12.9970848
GLOBAL,LNDAGRFJIC04,LFORTOT,23,2029,S2D1,6.189088
GLOBAL,LNDAGRFJIC04,WTRPRCFJI,23,2030,S2D1,12.994254
GLOBAL,LNDAGRFJIC04,LFORTOT,23,2030,S2D1,6.18774
GLOBAL,LNDAGRFJIC04,WTRPRCFJI,23,2031,S2D1,12.99231759
GLOBAL,LNDAGRFJIC04,LFORTOT,23,2031,S2D1,6.1868179
GLOBAL,LNDAGRFJIC04,WTRPRCFJI,23,2032,S2D1,12.99038118
GLOBAL,LNDAGRFJIC04,LFORTOT,23,2032,S2D1,6.1858958
GLOBAL,LNDAGRFJIC04,WTRPRCFJI,23,2033,S2D1,12.98844477
GLOBAL,LNDAGRFJIC04,LFORTOT,23,2033,S2D1,6.1849737
GLOBAL,LNDAGRFJIC04,WTRPRCFJI,23,2034,S1D1,13.206529770000001
GLOBAL,LNDAGRFJIC04,LFORTOT,23,2034,S1D1,6.2888237
GLOBAL,LNDAGRFJIC04,WTRPRCFJI,23,2035,S2D1,12.98457279
GLOBAL,LNDAGRFJIC04,LFORTOT,23,2035,S2D1,6.1831299
GLOBAL,LNDAGRFJIC04,WTRPRCFJI,23,2036,S2D2,12.983705070000001
GLOBAL,LNDAGRFJIC04,LFORTOT,23,2036,S2D2,6.1827167
GLOBAL,LNDAGRFJIC04,WTRPRCFJI,23,2037,S2D1,12.98283672
GLOBAL,LNDAGRFJIC04,LFORTOT,23,2037,S2D1,6.1823032
GLOBAL,LNDAGRFJIC04,WTRPRCFJI,23,2038,S2D1,12.98197005
GLOBAL,LNDAGRFJIC04,LFORTOT,23,2038,S2D1,6.1818905
GLOBAL,LNDAGRFJIC04,WTRPRCFJI,23,2039,S2D1,12.99130161
GLOBAL,LNDAGRFJIC04,LFORTOT,23,2039,S2D1,6.1863341
GLOBAL,LNDAGRFJIC04,WTRPRCFJI,23,2040,S1D2,13.20015081
GLOBAL,LNDAGRFJIC04,LFORTOT,23,2040,S1D2,6.2857861
GLOBAL,LNDAGRFJIC04,WTRPRCFJI,23,2041,S2D1,9.57827871
GLOBAL,LNDAGRFJIC04,LFORTOT,23,2041,S2D1,4.5610851
GLOBAL,LNDAGRFJIC04,WTRPRCFJI,23,2042,S2D1,12.980503200000001
GLOBAL,LNDAGRFJIC04,LFORTOT,23,2042,S2D1,6.181192
GLOBAL,LNDAGRFJIC04,WTRPRCFJI,23,2043,S2D1,12.98063697
GLOBAL,LNDAGRFJIC04,LFORTOT,23,2043,S2D1,6.1812557
GLOBAL,LNDAGRFJIC04,WTRPRCFJI,23,2044,S2D1,12.98077179
GLOBAL,LNDAGRFJIC04,LFORTOT,23,2044,S2D1,6.1813199
GLOBAL,LNDAGRFJIC04,WTRPRCFJI,23,2045,S2D1,12.980906400000002
GLOBAL,LNDAGRFJIC04,LFORTOT,23,2045,S2D1,6.181384
GLOBAL,LNDAGRFJIC04,WTRPRCFJI,23,2046,S2D1,12.981822840000001
GLOBAL,LNDAGRFJIC04,LFORTOT,23,2046,S2D1,6.1818204
GLOBAL,LNDAGRFJIC04,WTRPRCFJI,23,2047,S2D1,12.982740960000001
GLOBAL,LNDAGRFJIC04,LFORTOT,23,2047,S2D1,6.1822576
GLOBAL,LNDAGRFJIC04,WTRPRCFJI,23,2048,S2D1,12.98365908
GLOBAL,LNDAGRFJIC04,LFORTOT,23,2048,S2D1,6.1826948
GLOBAL,LNDAGRFJIC04,WTRPRCFJI,23,2049,S2D1,12.9845772
GLOBAL,LNDAGRFJIC04,LFORTOT,23,2049,S2D1,6.183132
GLOBAL,LNDAGRFJIC04,WTRPRCFJI,23,2050,S2D1,12.98549532
GLOBAL,LNDAGRFJIC04,LFORTOT,23,2050,S2D1,6.1835692
GLOBAL,LNDCASHRTOT,LTOT,1,2021,S1D2,0.073357143
GLOBAL,LNDCASHRTOT,LTOT,1,2021,S1D1,0.073357143
GLOBAL,LNDCASHRTOT,LTOT,1,2021,S2D2,0.073357143
GLOBAL,LNDCASHRTOT,LTOT,1,2021,S2D1,0.073357143
GLOBAL,LNDCASHRTOT,LTOT,1,2022,S1D2,0.073676939
GLOBAL,LNDCASHRTOT,LTOT,1,2022,S1D1,0.073676939
GLOBAL,LNDCASHRTOT,LTOT,1,2022,S2D2,0.073676939
GLOBAL,LNDCASHRTOT,LTOT,1,2022,S2D1,0.073676939
GLOBAL,LNDCASHRTOT,LTOT,1,2023,S1D2,0.073996633
GLOBAL,LNDCASHRTOT,LTOT,1,2023,S1D1,0.073996633
GLOBAL,LNDCASHRTOT,LTOT,1,2023,S2D2,0.073996633
GLOBAL,LNDCASHRTOT,LTOT,1,2023,S2D1,0.073996633
GLOBAL,LNDCASHRTOT,LTOT,1,2024,S1D2,0.074316429
GLOBAL,LNDCASHRTOT,LTOT,1,2024,S1D1,0.074316429
GLOBAL,LNDCASHRTOT,LTOT,1,2024,S2D2,0.074316429
GLOBAL,LNDCASHRTOT,LTOT,1,2024,S2D1,0.074316429
GLOBAL,LNDCASHRTOT,LTOT,1,2025,S1D2,0.074636224
GLOBAL,LNDCASHRTOT,LTOT,1,2025,S1D1,0.074636224
GLOBAL,LNDCASHRTOT,LTOT,1,2025,S2D2,0.074636224
GLOBAL,LNDCASHRTOT,LTOT,1,2025,S2D1,0.074636224
GLOBAL,LNDCASHRTOT,LTOT,1,2026,S1D2,0.074877143
GLOBAL,LNDCASHRTOT,LTOT,1,2026,S1D1,0.074877143
GLOBAL,LNDCASHRTOT,LTOT,1,2026,S2D2,0.074877143
GLOBAL,LNDCASHRTOT,LTOT,1,2026,S2D1,0.074877143
GLOBAL,LNDCASHRTOT,LTOT,1,2027,S1D2,0.075118061
GLOBAL,LNDCASHRTOT,LTOT,1,2027,S1D1,0.075118061
GLOBAL,LNDCASHRTOT,LTOT,1,2027,S2D2,0.075118061
GLOBAL,LNDCASHRTOT,LTOT,1,2027,S2D1,0.075118061
GLOBAL,LNDCASHRTOT,LTOT,1,2028,S1D2,0.075358878
GLOBAL,LNDCASHRTOT,LTOT,1,2028,S1D1,0.075358878
GLOBAL,LNDCASHRTOT,LTOT,1,2028,S2D2,0.075358878
GLOBAL,LNDCASHRTOT,LTOT,1,2028,S2D1,0.075358878
GLOBAL,LNDCASHRTOT,LTOT,1,2029,S1D2,0.075599796
GLOBAL,LNDCASHRTOT,LTOT,1,2029,S1D1,0.075599796
GLOBAL,LNDCASHRTOT,LTOT,1,2029,S2D2,0.075599796
GLOBAL,LNDCASHRTOT,LTOT,1,2029,S2D1,0.075599796
GLOBAL,LNDCASHRTOT,LTOT,1,2030,S1D2,0.075840714
GLOBAL,LNDCASHRTOT,LTOT,1,2030,S1D1,0.075840714
GLOBAL,LNDCASHRTOT,LTOT,1,2030,S2D2,0.075840714
GLOBAL,LNDCASHRTOT,LTOT,1,2030,S2D1,0.075840714
GLOBAL,LNDCASHRTOT,LTOT,1,2031,S1D2,0.07600551
GLOBAL,LNDCASHRTOT,LTOT,1,2031,S1D1,0.07600551
GLOBAL,LNDCASHRTOT,LTOT,1,2031,S2D2,0.07600551
GLOBAL,LNDCASHRTOT,LTOT,1,2031,S2D1,0.07600551
GLOBAL,LNDCASHRTOT,LTOT,1,2032,S1D2,0.076170408
GLOBAL,LNDCASHRTOT,LTOT,1,2032,S1D1,0.076170408
GLOBAL,LNDCASHRTOT,LTOT,1,2032,S2D2,0.076170408
GLOBAL,LNDCASHRTOT,LTOT,1,2032,S2D1,0.076170408
GLOBAL,LNDCASHRTOT,LTOT,1,2033,S1D2,0.076335204
GLOBAL,LNDCASHRTOT,LTOT,1,2033,S1D1,0.076335204
GLOBAL,LNDCASHRTOT,LTOT,1,2033,S2D2,0.076335204
GLOBAL,LNDCASHRTOT,LTOT,1,2033,S2D1,0.076335204
GLOBAL,LNDCASHRTOT,LTOT,1,2034,S1D2,0.0765
GLOBAL,LNDCASHRTOT,LTOT,1,2034,S1D1,0.0765
GLOBAL,LNDCASHRTOT,LTOT,1,2034,S2D2,0.0765
GLOBAL,LNDCASHRTOT,LTOT,1,2034,S2D1,0.0765
GLOBAL,LNDCASHRTOT,LTOT,1,2035,S1D2,0.076664796
GLOBAL,LNDCASHRTOT,LTOT,1,2035,S1D1,0.076664796
GLOBAL,LNDCASHRTOT,LTOT,1,2035,S2D2,0.076664796
GLOBAL,LNDCASHRTOT,LTOT,1,2035,S2D1,0.076664796
GLOBAL,LNDCASHRTOT,LTOT,1,2036,S1D2,0.076738571
GLOBAL,LNDCASHRTOT,LTOT,1,2036,S1D1,0.076738571
GLOBAL,LNDCASHRTOT,LTOT,1,2036,S2D2,0.076738571
GLOBAL,LNDCASHRTOT,LTOT,1,2036,S2D1,0.076738571
GLOBAL,LNDCASHRTOT,LTOT,1,2037,S1D2,0.076812449
GLOBAL,LNDCASHRTOT,LTOT,1,2037,S1D1,0.076812449
GLOBAL,LNDCASHRTOT,LTOT,1,2037,S2D2,0.076812449
GLOBAL,LNDCASHRTOT,LTOT,1,2037,S2D1,0.076812449
GLOBAL,LNDCASHRTOT,LTOT,1,2038,S1D2,0.076886224
GLOBAL,LNDCASHRTOT,LTOT,1,2038,S1D1,0.076886224
GLOBAL,LNDCASHRTOT,LTOT,1,2038,S2D2,0.076886224
GLOBAL,LNDCASHRTOT,LTOT,1,2038,S2D1,0.076886224
GLOBAL,LNDCASHRTOT,LTOT,1,2039,S1D2,0.077353673
GLOBAL,LNDCASHRTOT,LTOT,1,2039,S1D1,0.077353673
GLOBAL,LNDCASHRTOT,LTOT,1,2039,S2D2,0.077353673
GLOBAL,LNDCASHRTOT,LTOT,1,2039,S2D1,0.077353673
GLOBAL,LNDCASHRTOT,LTOT,1,2040,S1D2,0.077033878
GLOBAL,LNDCASHRTOT,LTOT,1,2040,S1D1,0.077033878
GLOBAL,LNDCASHRTOT,LTOT,1,2040,S2D2,0.077033878
GLOBAL,LNDCASHRTOT,LTOT,1,2040,S2D1,0.077033878
GLOBAL,LNDCASHRTOT,LTOT,1,2041,S1D2,0.077022449
GLOBAL,LNDCASHRTOT,LTOT,1,2041,S1D1,0.077022449
GLOBAL,LNDCASHRTOT,LTOT,1,2041,S2D2,0.077022449
GLOBAL,LNDCASHRTOT,LTOT,1,2041,S2D1,0.077022449
GLOBAL,LNDCASHRTOT,LTOT,1,2042,S1D2,0.07701102
GLOBAL,LNDCASHRTOT,LTOT,1,2042,S1D1,0.07701102
GLOBAL,LNDCASHRTOT,LTOT,1,2042,S2D2,0.07701102
GLOBAL,LNDCASHRTOT,LTOT,1,2042,S2D1,0.07701102
GLOBAL,LNDCASHRTOT,LTOT,1,2043,S1D2,0.076999694
GLOBAL,LNDCASHRTOT,LTOT,1,2043,S1D1,0.076999694
GLOBAL,LNDCASHRTOT,LTOT,1,2043,S2D2,0.076999694
GLOBAL,LNDCASHRTOT,LTOT,1,2043,S2D1,0.076999694
GLOBAL,LNDCASHRTOT,LTOT,1,2044,S1D2,0.076988265
GLOBAL,LNDCASHRTOT,LTOT,1,2044,S1D1,0.076988265
GLOBAL,LNDCASHRTOT,LTOT,1,2044,S2D2,0.076988265
GLOBAL,LNDCASHRTOT,LTOT,1,2044,S2D1,0.076988265
GLOBAL,LNDCASHRTOT,LTOT,1,2045,S1D2,0.076976837
GLOBAL,LNDCASHRTOT,LTOT,1,2045,S1D1,0.076976837
GLOBAL,LNDCASHRTOT,LTOT,1,2045,S2D2,0.076976837
GLOBAL,LNDCASHRTOT,LTOT,1,2045,S2D1,0.076976837
GLOBAL,LNDCASHRTOT,LTOT,1,2046,S1D2,0.076898673
GLOBAL,LNDCASHRTOT,LTOT,1,2046,S1D1,0.076898673
GLOBAL,LNDCASHRTOT,LTOT,1,2046,S2D2,0.076898673
GLOBAL,LNDCASHRTOT,LTOT,1,2046,S2D1,0.076898673
GLOBAL,LNDCASHRTOT,LTOT,1,2047,S1D2,0.076820612
GLOBAL,LNDCASHRTOT,LTOT,1,2047,S1D1,0.076820612
GLOBAL,LNDCASHRTOT,LTOT,1,2047,S2D2,0.076820612
GLOBAL,LNDCASHRTOT,LTOT,1,2047,S2D1,0.076820612
GLOBAL,LNDCASHRTOT,LTOT,1,2048,S1D2,0.076915816
GLOBAL,LNDCASHRTOT,LTOT,1,2048,S1D1,0.076915816
GLOBAL,LNDCASHRTOT,LTOT,1,2048,S2D2,0.076915816
GLOBAL,LNDCASHRTOT,LTOT,1,2048,S2D1,0.076228124
GLOBAL,LNDCASHRTOT,LTOT,1,2049,S1D2,0.07675102
GLOBAL,LNDCASHRTOT,LTOT,1,2049,S1D1,0.07675102
GLOBAL,LNDCASHRTOT,LTOT,1,2049,S2D2,0.07675102
GLOBAL,LNDCASHRTOT,LTOT,1,2049,S2D1,0.076407376
GLOBAL,LNDCASHRTOT,LTOT,1,2050,S1D2,0.076586224
GLOBAL,LNDCASHRTOT,LTOT,1,2050,S1D1,0.076586224
GLOBAL,LNDCASHRTOT,LTOT,1,2050,S2D2,0.076586224
GLOBAL,LNDCASHRTOT,LTOT,1,2050,S2D1,0.076586224
GLOBAL,LNDCONHRTOT,LTOT,1,2021,S1D2,0.044243878
GLOBAL,LNDCONHRTOT,LTOT,1,2021,S1D1,0.044243878
GLOBAL,LNDCONHRTOT,LTOT,1,2021,S2D2,0.044243878
GLOBAL,LNDCONHRTOT,LTOT,1,2021,S2D1,0.044243878
GLOBAL,LNDCONHRTOT,LTOT,1,2022,S1D2,0.044436735
GLOBAL,LNDCONHRTOT,LTOT,1,2022,S1D1,0.044436735
GLOBAL,LNDCONHRTOT,LTOT,1,2022,S2D2,0.044436735
GLOBAL,LNDCONHRTOT,LTOT,1,2022,S2D1,0.044436735
GLOBAL,LNDCONHRTOT,LTOT,1,2023,S1D2,0.044629592
GLOBAL,LNDCONHRTOT,LTOT,1,2023,S1D1,0.044629592
GLOBAL,LNDCONHRTOT,LTOT,1,2023,S2D2,0.044629592
GLOBAL,LNDCONHRTOT,LTOT,1,2023,S2D1,0.044629592
GLOBAL,LNDCONHRTOT,LTOT,1,2024,S1D2,0.044822449
GLOBAL,LNDCONHRTOT,LTOT,1,2024,S1D1,0.044822449
GLOBAL,LNDCONHRTOT,LTOT,1,2024,S2D2,0.044822449
GLOBAL,LNDCONHRTOT,LTOT,1,2024,S2D1,0.044822449
GLOBAL,LNDCONHRTOT,LTOT,1,2025,S1D2,0.045015306
GLOBAL,LNDCONHRTOT,LTOT,1,2025,S1D1,0.045015306
GLOBAL,LNDCONHRTOT,LTOT,1,2025,S2D2,0.045015306
GLOBAL,LNDCONHRTOT,LTOT,1,2025,S2D1,0.045015306
GLOBAL,LNDCONHRTOT,LTOT,1,2026,S1D2,0.045160612
GLOBAL,LNDCONHRTOT,LTOT,1,2026,S1D1,0.045160612
GLOBAL,LNDCONHRTOT,LTOT,1,2026,S2D2,0.045160612
GLOBAL,LNDCONHRTOT,LTOT,1,2026,S2D1,0.045160612
GLOBAL,LNDCONHRTOT,LTOT,1,2027,S1D2,0.045305918
GLOBAL,LNDCONHRTOT,LTOT,1,2027,S1D1,0.045305918
GLOBAL,LNDCONHRTOT,LTOT,1,2027,S2D2,0.045305918
GLOBAL,LNDCONHRTOT,LTOT,1,2027,S2D1,0.045305918
GLOBAL,LNDCONHRTOT,LTOT,1,2028,S1D2,0.045451224
GLOBAL,LNDCONHRTOT,LTOT,1,2028,S1D1,0.045451224
GLOBAL,LNDCONHRTOT,LTOT,1,2028,S2D2,0.045451224
GLOBAL,LNDCONHRTOT,LTOT,1,2028,S2D1,0.045451224
GLOBAL,LNDCONHRTOT,LTOT,1,2029,S1D2,0.045596531
GLOBAL,LNDCONHRTOT,LTOT,1,2029,S1D1,0.045596531
GLOBAL,LNDCONHRTOT,LTOT,1,2029,S2D2,0.045596531
GLOBAL,LNDCONHRTOT,LTOT,1,2029,S2D1,0.045596531
GLOBAL,LNDCONHRTOT,LTOT,1,2030,S1D2,0.045741837
GLOBAL,LNDCONHRTOT,LTOT,1,2030,S1D1,0.045741837
GLOBAL,LNDCONHRTOT,LTOT,1,2030,S2D2,0.045741837
GLOBAL,LNDCONHRTOT,LTOT,1,2030,S2D1,0.045741837
GLOBAL,LNDCONHRTOT,LTOT,1,2031,S1D2,0.045841224
GLOBAL,LNDCONHRTOT,LTOT,1,2031,S1D1,0.045841224
GLOBAL,LNDCONHRTOT,LTOT,1,2031,S2D2,0.045841224
GLOBAL,LNDCONHRTOT,LTOT,1,2031,S2D1,0.045841224
GLOBAL,LNDCONHRTOT,LTOT,1,2032,S1D2,0.045940612
GLOBAL,LNDCONHRTOT,LTOT,1,2032,S1D1,0.045940612
GLOBAL,LNDCONHRTOT,LTOT,1,2032,S2D2,0.045940612
GLOBAL,LNDCONHRTOT,LTOT,1,2032,S2D1,0.045940612
GLOBAL,LNDCONHRTOT,LTOT,1,2033,S1D2,0.04604
GLOBAL,LNDCONHRTOT,LTOT,1,2033,S1D1,0.04604
GLOBAL,LNDCONHRTOT,LTOT,1,2033,S2D2,0.04604
GLOBAL,LNDCONHRTOT,LTOT,1,2033,S2D1,0.04604
GLOBAL,LNDCONHRTOT,LTOT,1,2034,S1D2,0.046139388
GLOBAL,LNDCONHRTOT,LTOT,1,2034,S1D1,0.046139388
GLOBAL,LNDCONHRTOT,LTOT,1,2034,S2D2,0.046139388
GLOBAL,LNDCONHRTOT,LTOT,1,2034,S2D1,0.046139388
GLOBAL,LNDCONHRTOT,LTOT,1,2035,S1D2,0.046238776
GLOBAL,LNDCONHRTOT,LTOT,1,2035,S1D1,0.046238776
GLOBAL,LNDCONHRTOT,LTOT,1,2035,S2D2,0.046238776
GLOBAL,LNDCONHRTOT,LTOT,1,2035,S2D1,0.046238776
GLOBAL,LNDCONHRTOT,LTOT,1,2036,S1D2,0.046283265
GLOBAL,LNDCONHRTOT,LTOT,1,2036,S1D1,0.046283265
GLOBAL,LNDCONHRTOT,LTOT,1,2036,S2D2,0.046283265
GLOBAL,LNDCONHRTOT,LTOT,1,2036,S2D1,0.046283265
GLOBAL,LNDCONHRTOT,LTOT,1,2037,S1D2,0.046327959
GLOBAL,LNDCONHRTOT,LTOT,1,2037,S1D1,0.046327959
GLOBAL,LNDCONHRTOT,LTOT,1,2037,S2D2,0.046327959
GLOBAL,LNDCONHRTOT,LTOT,1,2037,S2D1,0.046327959
GLOBAL,LNDCONHRTOT,LTOT,1,2038,S1D2,0.046372449
GLOBAL,LNDCONHRTOT,LTOT,1,2038,S1D1,0.046372449
GLOBAL,LNDCONHRTOT,LTOT,1,2038,S2D2,0.046372449
GLOBAL,LNDCONHRTOT,LTOT,1,2038,S2D1,0.046372449
GLOBAL,LNDCONHRTOT,LTOT,1,2039,S1D2,0.046654286
GLOBAL,LNDCONHRTOT,LTOT,1,2039,S1D1,0.046654286
GLOBAL,LNDCONHRTOT,LTOT,1,2039,S2D2,0.046654286
GLOBAL,LNDCONHRTOT,LTOT,1,2039,S2D1,0.046654286
GLOBAL,LNDCONHRTOT,LTOT,1,2040,S1D2,0.046461429
GLOBAL,LNDCONHRTOT,LTOT,1,2040,S1D1,0.046461429
GLOBAL,LNDCONHRTOT,LTOT,1,2040,S2D2,0.046461429
GLOBAL,LNDCONHRTOT,LTOT,1,2040,S2D1,0.046461429
GLOBAL,LNDCONHRTOT,LTOT,1,2041,S1D2,0.04645449
GLOBAL,LNDCONHRTOT,LTOT,1,2041,S1D1,0.04645449
GLOBAL,LNDCONHRTOT,LTOT,1,2041,S2D2,0.04645449
GLOBAL,LNDCONHRTOT,LTOT,1,2041,S2D1,0.04645449
GLOBAL,LNDCONHRTOT,LTOT,1,2042,S1D2,0.046447755
GLOBAL,LNDCONHRTOT,LTOT,1,2042,S1D1,0.046447755
GLOBAL,LNDCONHRTOT,LTOT,1,2042,S2D2,0.046447755
GLOBAL,LNDCONHRTOT,LTOT,1,2042,S2D1,0.046447755
GLOBAL,LNDCONHRTOT,LTOT,1,2043,S1D2,0.046440816
GLOBAL,LNDCONHRTOT,LTOT,1,2043,S1D1,0.046440816
GLOBAL,LNDCONHRTOT,LTOT,1,2043,S2D2,0.046440816
GLOBAL,LNDCONHRTOT,LTOT,1,2043,S2D1,0.046440816
GLOBAL,LNDCONHRTOT,LTOT,1,2044,S1D2,0.046433878
GLOBAL,LNDCONHRTOT,LTOT,1,2044,S1D1,0.046433878
GLOBAL,LNDCONHRTOT,LTOT,1,2044,S2D2,0.046433878
GLOBAL,LNDCONHRTOT,LTOT,1,2044,S2D1,0.046433878
GLOBAL,LNDCONHRTOT,LTOT,1,2045,S1D2,0.046426939
GLOBAL,LNDCONHRTOT,LTOT,1,2045,S1D1,0.046426939
GLOBAL,LNDCONHRTOT,LTOT,1,2045,S2D2,0.046426939
GLOBAL,LNDCONHRTOT,LTOT,1,2045,S2D1,0.046426939
GLOBAL,LNDCONHRTOT,LTOT,1,2046,S1D2,0.04638
GLOBAL,LNDCONHRTOT,LTOT,1,2046,S1D1,0.04638
GLOBAL,LNDCONHRTOT,LTOT,1,2046,S2D2,0.04638
GLOBAL,LNDCONHRTOT,LTOT,1,2046,S2D1,0.04638
GLOBAL,LNDCONHRTOT,LTOT,1,2047,S1D2,0.046332857
GLOBAL,LNDCONHRTOT,LTOT,1,2047,S1D1,0.046332857
GLOBAL,LNDCONHRTOT,LTOT,1,2047,S2D2,0.046332857
GLOBAL,LNDCONHRTOT,LTOT,1,2047,S2D1,0.046332857
GLOBAL,LNDCONHRTOT,LTOT,1,2048,S1D2,0.046390204
GLOBAL,LNDCONHRTOT,LTOT,1,2048,S1D1,0.046390204
GLOBAL,LNDCONHRTOT,LTOT,1,2048,S2D2,0.046390204
GLOBAL,LNDCONHRTOT,LTOT,1,2048,S2D1,0.045975727
GLOBAL,LNDCONHRTOT,LTOT,1,2049,S1D2,0.046290816
GLOBAL,LNDCONHRTOT,LTOT,1,2049,S1D1,0.046290816
GLOBAL,LNDCONHRTOT,LTOT,1,2049,S2D2,0.046290816
GLOBAL,LNDCONHRTOT,LTOT,1,2049,S2D1,0.046083578
GLOBAL,LNDCONHRTOT,LTOT,1,2050,S1D2,0.046191429
GLOBAL,LNDCONHRTOT,LTOT,1,2050,S1D1,0.046191429
GLOBAL,LNDCONHRTOT,LTOT,1,2050,S2D2,0.046191429
GLOBAL,LNDCONHRTOT,LTOT,1,2050,S2D1,0.046191429
GLOBAL,LNDFORTOT,LTOT,1,2021,S1D1,35.135942
GLOBAL,LNDFORTOT,LTOT,1,2021,S2D2,24.357001
GLOBAL,LNDFORTOT,LTOT,1,2021,S2D1,6.3799755
GLOBAL,LNDFORTOT,LTOT,1,2022,S2D1,65.256201
GLOBAL,LNDFORTOT,LTOT,1,2023,S1D2,0.12120021
GLOBAL,LNDFORTOT,LTOT,1,2023,S2D1,65.105633
GLOBAL,LNDFORTOT,LTOT,1,2024,S1D2,0.091137389
GLOBAL,LNDFORTOT,LTOT,1,2024,S2D1,65.103845
GLOBAL,LNDFORTOT,LTOT,1,2025,S1D2,0.06107501
GLOBAL,LNDFORTOT,LTOT,1,2025,S2D1,65.102056
GLOBAL,LNDFORTOT,LTOT,1,2026,S1D2,0.038409284
GLOBAL,LNDFORTOT,LTOT,1,2026,S2D1,65.100708
GLOBAL,LNDFORTOT,LTOT,1,2027,S1D2,0.015743997
GLOBAL,LNDFORTOT,LTOT,1,2027,S2D1,65.09936
GLOBAL,LNDFORTOT,LTOT,1,2028,S2D1,65.091206
GLOBAL,LNDFORTOT,LTOT,1,2029,S2D1,65.067571
GLOBAL,LNDFORTOT,LTOT,1,2030,S2D1,65.043935
GLOBAL,LNDFORTOT,LTOT,1,2031,S2D1,65.027798
GLOBAL,LNDFORTOT,LTOT,1,2032,S2D1,65.011624
GLOBAL,LNDFORTOT,LTOT,1,2033,S2D1,64.995451
GLOBAL,LNDFORTOT,LTOT,1,2034,S1D1,66.080177
GLOBAL,LNDFORTOT,LTOT,1,2035,S2D1,64.963141
GLOBAL,LNDFORTOT,LTOT,1,2036,S2D2,64.955889
GLOBAL,LNDFORTOT,LTOT,1,2037,S2D1,64.948637
GLOBAL,LNDFORTOT,LTOT,1,2038,S2D1,64.941385
GLOBAL,LNDFORTOT,LTOT,1,2039,S2D1,64.928959
GLOBAL,LNDFORTOT,LTOT,1,2040,S1D2,6.2857861
GLOBAL,LNDFORTOT,LTOT,1,2040,S1D1,59.741144
GLOBAL,LNDFORTOT,LTOT,1,2041,S2D1,64.928043
GLOBAL,LNDFORTOT,LTOT,1,2042,S2D1,64.929167
GLOBAL,LNDFORTOT,LTOT,1,2043,S2D1,64.930291
GLOBAL,LNDFORTOT,LTOT,1,2044,S2D1,64.93138
GLOBAL,LNDFORTOT,LTOT,1,2045,S2D1,64.932505
GLOBAL,LNDFORTOT,LTOT,1,2046,S2D1,64.940174
GLOBAL,LNDFORTOT,LTOT,1,2047,S2D1,64.947843
GLOBAL,LNDFORTOT,LTOT,1,2048,S2D1,64.955513
GLOBAL,LNDFORTOT,LTOT,1,2049,S2D1,64.963182
GLOBAL,LNDFORTOT,LTOT,1,2050,S2D1,64.970816
GLOBAL,LNDOTHHRTOT,LTOT,1,2021,S1D2,0.067992391
GLOBAL,LNDOTHHRTOT,LTOT,1,2021,S1D1,0.067992391
GLOBAL,LNDOTHHRTOT,LTOT,1,2021,S2D2,0.067992391
GLOBAL,LNDOTHHRTOT,LTOT,1,2021,S2D1,0.067992391
GLOBAL,LNDOTHHRTOT,LTOT,1,2022,S1D2,0.068288696
GLOBAL,LNDOTHHRTOT,LTOT,1,2022,S1D1,0.068288696
GLOBAL,LNDOTHHRTOT,LTOT,1,2022,S2D2,0.068288696
GLOBAL,LNDOTHHRTOT,LTOT,1,2022,S2D1,0.068288696
GLOBAL,LNDOTHHRTOT,LTOT,1,2023,S1D2,0.068585109
GLOBAL,LNDOTHHRTOT,LTOT,1,2023,S1D1,0.068585109
GLOBAL,LNDOTHHRTOT,LTOT,1,2023,S2D2,0.068585109
GLOBAL,LNDOTHHRTOT,LTOT,1,2023,S2D1,0.068585109
GLOBAL,LNDOTHHRTOT,LTOT,1,2024,S1D2,0.068881522
GLOBAL,LNDOTHHRTOT,LTOT,1,2024,S1D1,0.068881522
GLOBAL,LNDOTHHRTOT,LTOT,1,2024,S2D2,0.068881522
GLOBAL,LNDOTHHRTOT,LTOT,1,2024,S2D1,0.068881522
GLOBAL,LNDOTHHRTOT,LTOT,1,2025,S1D2,0.069177826
GLOBAL,LNDOTHHRTOT,LTOT,1,2025,S1D1,0.069177826
GLOBAL,LNDOTHHRTOT,LTOT,1,2025,S2D2,0.069177826
GLOBAL,LNDOTHHRTOT,LTOT,1,2025,S2D1,0.069177826
GLOBAL,LNDOTHHRTOT,LTOT,1,2026,S1D2,0.069401196
GLOBAL,LNDOTHHRTOT,LTOT,1,2026,S1D1,0.069401196
GLOBAL,LNDOTHHRTOT,LTOT,1,2026,S2D2,0.069401196
GLOBAL,LNDOTHHRTOT,LTOT,1,2026,S2D1,0.069401196
GLOBAL,LNDOTHHRTOT,LTOT,1,2027,S1D2,0.069624457
GLOBAL,LNDOTHHRTOT,LTOT,1,2027,S1D1,0.069624457
GLOBAL,LNDOTHHRTOT,LTOT,1,2027,S2D2,0.069624457
GLOBAL,LNDOTHHRTOT,LTOT,1,2027,S2D1,0.069624457
GLOBAL,LNDOTHHRTOT,LTOT,1,2028,S1D2,0.069847717
GLOBAL,LNDOTHHRTOT,LTOT,1,2028,S1D1,0.069847717
GLOBAL,LNDOTHHRTOT,LTOT,1,2028,S2D2,0.069847717
GLOBAL,LNDOTHHRTOT,LTOT,1,2028,S2D1,0.069847717
GLOBAL,LNDOTHHRTOT,LTOT,1,2029,S1D2,0.070070978
GLOBAL,LNDOTHHRTOT,LTOT,1,2029,S1D1,0.070070978
GLOBAL,LNDOTHHRTOT,LTOT,1,2029,S2D2,0.070070978
GLOBAL,LNDOTHHRTOT,LTOT,1,2029,S2D1,0.070070978
GLOBAL,LNDOTHHRTOT,LTOT,1,2030,S1D2,0.070294348
GLOBAL,LNDOTHHRTOT,LTOT,1,2030,S1D1,0.070294348
GLOBAL,LNDOTHHRTOT,LTOT,1,2030,S2D2,0.070294348
GLOBAL,LNDOTHHRTOT,LTOT,1,2030,S2D1,0.070294348
GLOBAL,LNDOTHHRTOT,LTOT,1,2031,S1D2,0.070447065
GLOBAL,LNDOTHHRTOT,LTOT,1,2031,S1D1,0.070447065
GLOBAL,LNDOTHHRTOT,LTOT,1,2031,S2D2,0.070447065
GLOBAL,LNDOTHHRTOT,LTOT,1,2031,S2D1,0.070447065
GLOBAL,LNDOTHHRTOT,LTOT,1,2032,S1D2,0.070599783
GLOBAL,LNDOTHHRTOT,LTOT,1,2032,S1D1,0.070599783
GLOBAL,LNDOTHHRTOT,LTOT,1,2032,S2D2,0.070599783
GLOBAL,LNDOTHHRTOT,LTOT,1,2032,S2D1,0.070599783
GLOBAL,LNDOTHHRTOT,LTOT,1,2033,S1D2,0.070752609
GLOBAL,LNDOTHHRTOT,LTOT,1,2033,S1D1,0.070752609
GLOBAL,LNDOTHHRTOT,LTOT,1,2033,S2D2,0.070752609
GLOBAL,LNDOTHHRTOT,LTOT,1,2033,S2D1,0.070752609
GLOBAL,LNDOTHHRTOT,LTOT,1,2034,S1D2,0.070905326
GLOBAL,LNDOTHHRTOT,LTOT,1,2034,S1D1,0.070905326
GLOBAL,LNDOTHHRTOT,LTOT,1,2034,S2D2,0.070905326
GLOBAL,LNDOTHHRTOT,LTOT,1,2034,S2D1,0.070905326
GLOBAL,LNDOTHHRTOT,LTOT,1,2035,S1D2,0.071058152
GLOBAL,LNDOTHHRTOT,LTOT,1,2035,S1D1,0.071058152
GLOBAL,LNDOTHHRTOT,LTOT,1,2035,S2D2,0.071058152
GLOBAL,LNDOTHHRTOT,LTOT,1,2035,S2D1,0.071058152
GLOBAL,LNDOTHHRTOT,LTOT,1,2036,S1D2,0.071126522
GLOBAL,LNDOTHHRTOT,LTOT,1,2036,S1D1,0.071126522
GLOBAL,LNDOTHHRTOT,LTOT,1,2036,S2D2,0.071126522
GLOBAL,LNDOTHHRTOT,LTOT,1,2036,S2D1,0.071126522
GLOBAL,LNDOTHHRTOT,LTOT,1,2037,S1D2,0.071194891
GLOBAL,LNDOTHHRTOT,LTOT,1,2037,S1D1,0.071194891
GLOBAL,LNDOTHHRTOT,LTOT,1,2037,S2D2,0.071194891
GLOBAL,LNDOTHHRTOT,LTOT,1,2037,S2D1,0.071194891
GLOBAL,LNDOTHHRTOT,LTOT,1,2038,S1D2,0.07126337
GLOBAL,LNDOTHHRTOT,LTOT,1,2038,S1D1,0.07126337
GLOBAL,LNDOTHHRTOT,LTOT,1,2038,S2D2,0.07126337
GLOBAL,LNDOTHHRTOT,LTOT,1,2038,S2D1,0.07126337
GLOBAL,LNDOTHHRTOT,LTOT,1,2039,S1D2,0.071696522
GLOBAL,LNDOTHHRTOT,LTOT,1,2039,S1D1,0.071696522
GLOBAL,LNDOTHHRTOT,LTOT,1,2039,S2D2,0.071696522
GLOBAL,LNDOTHHRTOT,LTOT,1,2039,S2D1,0.071696522
GLOBAL,LNDOTHHRTOT,LTOT,1,2040,S1D2,0.071400217
GLOBAL,LNDOTHHRTOT,LTOT,1,2040,S1D1,0.071400217
GLOBAL,LNDOTHHRTOT,LTOT,1,2040,S2D2,0.071400217
GLOBAL,LNDOTHHRTOT,LTOT,1,2040,S2D1,0.071400217
GLOBAL,LNDOTHHRTOT,LTOT,1,2041,S1D2,0.071389565
GLOBAL,LNDOTHHRTOT,LTOT,1,2041,S1D1,0.071389565
GLOBAL,LNDOTHHRTOT,LTOT,1,2041,S2D2,0.071389565
GLOBAL,LNDOTHHRTOT,LTOT,1,2041,S2D1,0.071389565
GLOBAL,LNDOTHHRTOT,LTOT,1,2042,S1D2,0.071379022
GLOBAL,LNDOTHHRTOT,LTOT,1,2042,S1D1,0.071379022
GLOBAL,LNDOTHHRTOT,LTOT,1,2042,S2D2,0.071379022
GLOBAL,LNDOTHHRTOT,LTOT,1,2042,S2D1,0.071379022
GLOBAL,LNDOTHHRTOT,LTOT,1,2043,S1D2,0.071368478
GLOBAL,LNDOTHHRTOT,LTOT,1,2043,S1D1,0.071368478
GLOBAL,LNDOTHHRTOT,LTOT,1,2043,S2D2,0.071368478
GLOBAL,LNDOTHHRTOT,LTOT,1,2043,S2D1,0.071368478
GLOBAL,LNDOTHHRTOT,LTOT,1,2044,S1D2,0.071357935
GLOBAL,LNDOTHHRTOT,LTOT,1,2044,S1D1,0.071357935
GLOBAL,LNDOTHHRTOT,LTOT,1,2044,S2D2,0.071357935
GLOBAL,LNDOTHHRTOT,LTOT,1,2044,S2D1,0.071357935
GLOBAL,LNDOTHHRTOT,LTOT,1,2045,S1D2,0.071347283
GLOBAL,LNDOTHHRTOT,LTOT,1,2045,S1D1,0.071347283
GLOBAL,LNDOTHHRTOT,LTOT,1,2045,S2D2,0.071347283
GLOBAL,LNDOTHHRTOT,LTOT,1,2045,S2D1,0.071347283
GLOBAL,LNDOTHHRTOT,LTOT,1,2046,S1D2,0.071274891
GLOBAL,LNDOTHHRTOT,LTOT,1,2046,S1D1,0.071274891
GLOBAL,LNDOTHHRTOT,LTOT,1,2046,S2D2,0.071274891
GLOBAL,LNDOTHHRTOT,LTOT,1,2046,S2D1,0.071274891
GLOBAL,LNDOTHHRTOT,LTOT,1,2047,S1D2,0.0712025
GLOBAL,LNDOTHHRTOT,LTOT,1,2047,S1D1,0.0712025
GLOBAL,LNDOTHHRTOT,LTOT,1,2047,S2D2,0.0712025
GLOBAL,LNDOTHHRTOT,LTOT,1,2047,S2D1,0.0712025
GLOBAL,LNDOTHHRTOT,LTOT,1,2048,S1D2,0.07129087
GLOBAL,LNDOTHHRTOT,LTOT,1,2048,S1D1,0.07129087
GLOBAL,LNDOTHHRTOT,LTOT,1,2048,S2D2,0.07129087
GLOBAL,LNDOTHHRTOT,LTOT,1,2048,S2D1,0.070653183
GLOBAL,LNDOTHHRTOT,LTOT,1,2049,S1D2,0.071138152
GLOBAL,LNDOTHHRTOT,LTOT,1,2049,S1D1,0.071138152
GLOBAL,LNDOTHHRTOT,LTOT,1,2049,S2D2,0.071138152
GLOBAL,LNDOTHHRTOT,LTOT,1,2049,S2D1,0.070819093
GLOBAL,LNDOTHHRTOT,LTOT,1,2050,S1D2,0.070985326
GLOBAL,LNDOTHHRTOT,LTOT,1,2050,S1D1,0.070985326
GLOBAL,LNDOTHHRTOT,LTOT,1,2050,S2D2,0.070985326
GLOBAL,LNDOTHHRTOT,LTOT,1,2050,S2D1,0.070985326
GLOBAL,LNDSGCHRTOT,LTOT,1,2021,S1D2,1.5690909
GLOBAL,LNDSGCHRTOT,LTOT,1,2021,S1D1,1.5690909
GLOBAL,LNDSGCHRTOT,LTOT,1,2021,S2D2,1.5690909
GLOBAL,LNDSGCHRTOT,LTOT,1,2021,S2D1,1.5690909
GLOBAL,LNDSGCHRTOT,LTOT,1,2022,S1D2,1.5759273
GLOBAL,LNDSGCHRTOT,LTOT,1,2022,S1D1,1.5759273
GLOBAL,LNDSGCHRTOT,LTOT,1,2022,S2D2,1.5759273
GLOBAL,LNDSGCHRTOT,LTOT,1,2022,S2D1,1.5759273
GLOBAL,LNDSGCHRTOT,LTOT,1,2023,S1D2,1.5827727
GLOBAL,LNDSGCHRTOT,LTOT,1,2023,S1D1,1.5827727
GLOBAL,LNDSGCHRTOT,LTOT,1,2023,S2D2,1.5827727
GLOBAL,LNDSGCHRTOT,LTOT,1,2023,S2D1,1.5827727
GLOBAL,LNDSGCHRTOT,LTOT,1,2024,S1D2,1.5896091
GLOBAL,LNDSGCHRTOT,LTOT,1,2024,S1D1,1.5896091
GLOBAL,LNDSGCHRTOT,LTOT,1,2024,S2D2,1.5896091
GLOBAL,LNDSGCHRTOT,LTOT,1,2024,S2D1,1.5896091
GLOBAL,LNDSGCHRTOT,LTOT,1,2025,S1D2,1.5964455
GLOBAL,LNDSGCHRTOT,LTOT,1,2025,S1D1,1.5964455
GLOBAL,LNDSGCHRTOT,LTOT,1,2025,S2D2,1.5964455
GLOBAL,LNDSGCHRTOT,LTOT,1,2025,S2D1,1.5964455
GLOBAL,LNDSGCHRTOT,LTOT,1,2026,S1D2,1.6016
GLOBAL,LNDSGCHRTOT,LTOT,1,2026,S1D1,1.6016
GLOBAL,LNDSGCHRTOT,LTOT,1,2026,S2D2,1.6016
GLOBAL,LNDSGCHRTOT,LTOT,1,2026,S2D1,1.6016
GLOBAL,LNDSGCHRTOT,LTOT,1,2027,S1D2,1.6067545
GLOBAL,LNDSGCHRTOT,LTOT,1,2027,S1D1,1.6067545
GLOBAL,LNDSGCHRTOT,LTOT,1,2027,S2D2,1.6067545
GLOBAL,LNDSGCHRTOT,LTOT,1,2027,S2D1,1.6067545
GLOBAL,LNDSGCHRTOT,LTOT,1,2028,S1D2,1.6119091
GLOBAL,LNDSGCHRTOT,LTOT,1,2028,S1D1,1.6119091
GLOBAL,LNDSGCHRTOT,LTOT,1,2028,S2D2,1.6119091
GLOBAL,LNDSGCHRTOT,LTOT,1,2028,S2D1,1.6119091
GLOBAL,LNDSGCHRTOT,LTOT,1,2029,S1D2,1.6170636
GLOBAL,LNDSGCHRTOT,LTOT,1,2029,S1D1,1.6170636
GLOBAL,LNDSGCHRTOT,LTOT,1,2029,S2D2,1.6170636
GLOBAL,LNDSGCHRTOT,LTOT,1,2029,S2D1,1.6170636
GLOBAL,LNDSGCHRTOT,LTOT,1,2030,S1D2,1.6222182
GLOBAL,LNDSGCHRTOT,LTOT,1,2030,S1D1,1.6222182
GLOBAL,LNDSGCHRTOT,LTOT,1,2030,S2D2,1.6222182
GLOBAL,LNDSGCHRTOT,LTOT,1,2030,S2D1,1.6222182
GLOBAL,LNDSGCHRTOT,LTOT,1,2031,S1D2,1.6257364
GLOBAL,LNDSGCHRTOT,LTOT,1,2031,S1D1,1.6257364
GLOBAL,LNDSGCHRTOT,LTOT,1,2031,S2D2,1.6257364
GLOBAL,LNDSGCHRTOT,LTOT,1,2031,S2D1,1.6257364
GLOBAL,LNDSGCHRTOT,LTOT,1,2032,S1D2,1.6292636
GLOBAL,LNDSGCHRTOT,LTOT,1,2032,S1D1,1.6292636
GLOBAL,LNDSGCHRTOT,LTOT,1,2032,S2D2,1.6292636
GLOBAL,LNDSGCHRTOT,LTOT,1,2032,S2D1,1.6292636
GLOBAL,LNDSGCHRTOT,LTOT,1,2033,S1D2,1.6327909
GLOBAL,LNDSGCHRTOT,LTOT,1,2033,S1D1,1.6327909
GLOBAL,LNDSGCHRTOT,LTOT,1,2033,S2D2,1.6327909
GLOBAL,LNDSGCHRTOT,LTOT,1,2033,S2D1,1.6327909
GLOBAL,LNDSGCHRTOT,LTOT,1,2034,S1D2,1.6363182
GLOBAL,LNDSGCHRTOT,LTOT,1,2034,S1D1,1.6363182
GLOBAL,LNDSGCHRTOT,LTOT,1,2034,S2D2,1.6363182
GLOBAL,LNDSGCHRTOT,LTOT,1,2034,S2D1,1.6363182
GLOBAL,LNDSGCHRTOT,LTOT,1,2035,S1D2,1.6398364
GLOBAL,LNDSGCHRTOT,LTOT,1,2035,S1D1,1.6398364
GLOBAL,LNDSGCHRTOT,LTOT,1,2035,S2D2,1.6398364
GLOBAL,LNDSGCHRTOT,LTOT,1,2035,S2D1,1.6398364
GLOBAL,LNDSGCHRTOT,LTOT,1,2036,S1D2,1.6414182
GLOBAL,LNDSGCHRTOT,LTOT,1,2036,S1D1,1.6414182
GLOBAL,LNDSGCHRTOT,LTOT,1,2036,S2D2,1.6414182
GLOBAL,LNDSGCHRTOT,LTOT,1,2036,S2D1,1.6414182
GLOBAL,LNDSGCHRTOT,LTOT,1,2037,S1D2,1.643
GLOBAL,LNDSGCHRTOT,LTOT,1,2037,S1D1,1.643
GLOBAL,LNDSGCHRTOT,LTOT,1,2037,S2D2,1.643
GLOBAL,LNDSGCHRTOT,LTOT,1,2037,S2D1,1.643
GLOBAL,LNDSGCHRTOT,LTOT,1,2038,S1D2,1.6445818
GLOBAL,LNDSGCHRTOT,LTOT,1,2038,S1D1,1.6445818
GLOBAL,LNDSGCHRTOT,LTOT,1,2038,S2D2,1.6445818
GLOBAL,LNDSGCHRTOT,LTOT,1,2038,S2D1,1.6445818
GLOBAL,LNDSGCHRTOT,LTOT,1,2039,S1D2,1.6545727
GLOBAL,LNDSGCHRTOT,LTOT,1,2039,S1D1,1.6206148
GLOBAL,LNDSGCHRTOT,LTOT,1,2039,S2D2,1.6545727
GLOBAL,LNDSGCHRTOT,LTOT,1,2039,S2D1,1.6545727
GLOBAL,LNDSGCHRTOT,LTOT,1,2040,S1D2,1.6477364
GLOBAL,LNDSGCHRTOT,LTOT,1,2040,S1D1,1.6477364
GLOBAL,LNDSGCHRTOT,LTOT,1,2040,S2D2,1.6477364
GLOBAL,LNDSGCHRTOT,LTOT,1,2040,S2D1,1.6477364
GLOBAL,LNDSGCHRTOT,LTOT,1,2041,S1D2,1.6474909
GLOBAL,LNDSGCHRTOT,LTOT,1,2041,S1D1,1.6474909
GLOBAL,LNDSGCHRTOT,LTOT,1,2041,S2D2,1.6474909
GLOBAL,LNDSGCHRTOT,LTOT,1,2041,S2D1,1.6474909
GLOBAL,LNDSGCHRTOT,LTOT,1,2042,S1D2,1.6472455
GLOBAL,LNDSGCHRTOT,LTOT,1,2042,S1D1,1.6472455
GLOBAL,LNDSGCHRTOT,LTOT,1,2042,S2D2,1.6472455
GLOBAL,LNDSGCHRTOT,LTOT,1,2042,S2D1,1.6472455
GLOBAL,LNDSGCHRTOT,LTOT,1,2043,S1D2,1.647
GLOBAL,LNDSGCHRTOT,LTOT,1,2043,S1D1,1.647
GLOBAL,LNDSGCHRTOT,LTOT,1,2043,S2D2,1.647
GLOBAL,LNDSGCHRTOT,LTOT,1,2043,S2D1,1.647
GLOBAL,LNDSGCHRTOT,LTOT,1,2044,S1D2,1.6467636
GLOBAL,LNDSGCHRTOT,LTOT,1,2044,S1D1,1.6467636
GLOBAL,LNDSGCHRTOT,LTOT,1,2044,S2D2,1.6467636
GLOBAL,LNDSGCHRTOT,LTOT,1,2044,S2D1,1.6467636
GLOBAL,LNDSGCHRTOT,LTOT,1,2045,S1D2,1.6465182
GLOBAL,LNDSGCHRTOT,LTOT,1,2045,S1D1,1.6465182
GLOBAL,LNDSGCHRTOT,LTOT,1,2045,S2D2,1.6465182
GLOBAL,LNDSGCHRTOT,LTOT,1,2045,S2D1,1.6465182
GLOBAL,LNDSGCHRTOT,LTOT,1,2046,S1D2,1.6448455
GLOBAL,LNDSGCHRTOT,LTOT,1,2046,S1D1,1.6448455
GLOBAL,LNDSGCHRTOT,LTOT,1,2046,S2D2,1.6448455
GLOBAL,LNDSGCHRTOT,LTOT,1,2046,S2D1,1.6448455
GLOBAL,LNDSGCHRTOT,LTOT,1,2047,S1D2,1.6431727
GLOBAL,LNDSGCHRTOT,LTOT,1,2047,S1D1,1.6431727
GLOBAL,LNDSGCHRTOT,LTOT,1,2047,S2D2,1.6431727
GLOBAL,LNDSGCHRTOT,LTOT,1,2047,S2D1,1.6431727
GLOBAL,LNDSGCHRTOT,LTOT,1,2048,S1D2,1.6452091
GLOBAL,LNDSGCHRTOT,LTOT,1,2048,S1D1,1.630247
GLOBAL,LNDSGCHRTOT,LTOT,1,2048,S2D2,1.6452091
GLOBAL,LNDSGCHRTOT,LTOT,1,2048,S2D1,1.6452091
GLOBAL,LNDSGCHRTOT,LTOT,1,2049,S1D2,1.6416818
GLOBAL,LNDSGCHRTOT,LTOT,1,2049,S1D1,1.6342008
GLOBAL,LNDSGCHRTOT,LTOT,1,2049,S2D2,1.6416818
GLOBAL,LNDSGCHRTOT,LTOT,1,2049,S2D1,1.6416818
GLOBAL,LNDSGCHRTOT,LTOT,1,2050,S1D2,1.6381636
GLOBAL,LNDSGCHRTOT,LTOT,1,2050,S1D1,1.6381636
GLOBAL,LNDSGCHRTOT,LTOT,1,2050,S2D2,1.6381636
GLOBAL,LNDSGCHRTOT,LTOT,1,2050,S2D1,1.6381636
GLOBAL,LNDYAMHRTOT,LTOT,1,2021,S1D2,0.059223846
GLOBAL,LNDYAMHRTOT,LTOT,1,2021,S1D1,0.059223846
GLOBAL,LNDYAMHRTOT,LTOT,1,2021,S2D2,0.059223846
GLOBAL,LNDYAMHRTOT,LTOT,1,2021,S2D1,0.059223846
GLOBAL,LNDYAMHRTOT,LTOT,1,2022,S1D2,0.059481978
GLOBAL,LNDYAMHRTOT,LTOT,1,2022,S1D1,0.059481978
GLOBAL,LNDYAMHRTOT,LTOT,1,2022,S2D2,0.059481978
GLOBAL,LNDYAMHRTOT,LTOT,1,2022,S2D1,0.059481978
GLOBAL,LNDYAMHRTOT,LTOT,1,2023,S1D2,0.05974022
GLOBAL,LNDYAMHRTOT,LTOT,1,2023,S1D1,0.05974022
GLOBAL,LNDYAMHRTOT,LTOT,1,2023,S2D2,0.05974022
GLOBAL,LNDYAMHRTOT,LTOT,1,2023,S2D1,0.05974022
GLOBAL,LNDYAMHRTOT,LTOT,1,2024,S1D2,0.059998352
GLOBAL,LNDYAMHRTOT,LTOT,1,2024,S1D1,0.059998352
GLOBAL,LNDYAMHRTOT,LTOT,1,2024,S2D2,0.059998352
GLOBAL,LNDYAMHRTOT,LTOT,1,2024,S2D1,0.059998352
GLOBAL,LNDYAMHRTOT,LTOT,1,2025,S1D2,0.060256484
GLOBAL,LNDYAMHRTOT,LTOT,1,2025,S1D1,0.060256484
GLOBAL,LNDYAMHRTOT,LTOT,1,2025,S2D2,0.060256484
GLOBAL,LNDYAMHRTOT,LTOT,1,2025,S2D1,0.060256484
GLOBAL,LNDYAMHRTOT,LTOT,1,2026,S1D2,0.060450989
GLOBAL,LNDYAMHRTOT,LTOT,1,2026,S1D1,0.060450989
GLOBAL,LNDYAMHRTOT,LTOT,1,2026,S2D2,0.060450989
GLOBAL,LNDYAMHRTOT,LTOT,1,2026,S2D1,0.060450989
GLOBAL,LNDYAMHRTOT,LTOT,1,2027,S1D2,0.060645495
GLOBAL,LNDYAMHRTOT,LTOT,1,2027,S1D1,0.060645495
GLOBAL,LNDYAMHRTOT,LTOT,1,2027,S2D2,0.060645495
GLOBAL,LNDYAMHRTOT,LTOT,1,2027,S2D1,0.060645495
GLOBAL,LNDYAMHRTOT,LTOT,1,2028,S1D2,0.06084
GLOBAL,LNDYAMHRTOT,LTOT,1,2028,S1D1,0.06084
GLOBAL,LNDYAMHRTOT,LTOT,1,2028,S2D2,0.06084
GLOBAL,LNDYAMHRTOT,LTOT,1,2028,S2D1,0.06084
GLOBAL,LNDYAMHRTOT,LTOT,1,2029,S1D2,0.061034396
GLOBAL,LNDYAMHRTOT,LTOT,1,2029,S1D1,0.061034396
GLOBAL,LNDYAMHRTOT,LTOT,1,2029,S2D2,0.061034396
GLOBAL,LNDYAMHRTOT,LTOT,1,2029,S2D1,0.061034396
GLOBAL,LNDYAMHRTOT,LTOT,1,2030,S1D2,0.061228901
GLOBAL,LNDYAMHRTOT,LTOT,1,2030,S1D1,0.061228901
GLOBAL,LNDYAMHRTOT,LTOT,1,2030,S2D2,0.061228901
GLOBAL,LNDYAMHRTOT,LTOT,1,2030,S2D1,0.061228901
GLOBAL,LNDYAMHRTOT,LTOT,1,2031,S1D2,0.061361978
GLOBAL,LNDYAMHRTOT,LTOT,1,2031,S1D1,0.061361978
GLOBAL,LNDYAMHRTOT,LTOT,1,2031,S2D2,0.061361978
GLOBAL,LNDYAMHRTOT,LTOT,1,2031,S2D1,0.061361978
GLOBAL,LNDYAMHRTOT,LTOT,1,2032,S1D2,0.061495055
GLOBAL,LNDYAMHRTOT,LTOT,1,2032,S1D1,0.061495055
GLOBAL,LNDYAMHRTOT,LTOT,1,2032,S2D2,0.061495055
GLOBAL,LNDYAMHRTOT,LTOT,1,2032,S2D1,0.061495055
GLOBAL,LNDYAMHRTOT,LTOT,1,2033,S1D2,0.061628132
GLOBAL,LNDYAMHRTOT,LTOT,1,2033,S1D1,0.061628132
GLOBAL,LNDYAMHRTOT,LTOT,1,2033,S2D2,0.061628132
GLOBAL,LNDYAMHRTOT,LTOT,1,2033,S2D1,0.061628132
GLOBAL,LNDYAMHRTOT,LTOT,1,2034,S1D2,0.061761209
GLOBAL,LNDYAMHRTOT,LTOT,1,2034,S1D1,0.061761209
GLOBAL,LNDYAMHRTOT,LTOT,1,2034,S2D2,0.061761209
GLOBAL,LNDYAMHRTOT,LTOT,1,2034,S2D1,0.061761209
GLOBAL,LNDYAMHRTOT,LTOT,1,2035,S1D2,0.061894176
GLOBAL,LNDYAMHRTOT,LTOT,1,2035,S1D1,0.061894176
GLOBAL,LNDYAMHRTOT,LTOT,1,2035,S2D2,0.061894176
GLOBAL,LNDYAMHRTOT,LTOT,1,2035,S2D1,0.061894176
GLOBAL,LNDYAMHRTOT,LTOT,1,2036,S1D2,0.061953846
GLOBAL,LNDYAMHRTOT,LTOT,1,2036,S1D1,0.061953846
GLOBAL,LNDYAMHRTOT,LTOT,1,2036,S2D2,0.061953846
GLOBAL,LNDYAMHRTOT,LTOT,1,2036,S2D1,0.061953846
GLOBAL,LNDYAMHRTOT,LTOT,1,2037,S1D2,0.062013407
GLOBAL,LNDYAMHRTOT,LTOT,1,2037,S1D1,0.062013407
GLOBAL,LNDYAMHRTOT,LTOT,1,2037,S2D2,0.062013407
GLOBAL,LNDYAMHRTOT,LTOT,1,2037,S2D1,0.062013407
GLOBAL,LNDYAMHRTOT,LTOT,1,2038,S1D2,0.062072967
GLOBAL,LNDYAMHRTOT,LTOT,1,2038,S1D1,0.062072967
GLOBAL,LNDYAMHRTOT,LTOT,1,2038,S2D2,0.062072967
GLOBAL,LNDYAMHRTOT,LTOT,1,2038,S2D1,0.062072967
GLOBAL,LNDYAMHRTOT,LTOT,1,2039,S1D2,0.06245033
GLOBAL,LNDYAMHRTOT,LTOT,1,2039,S1D1,0.06245033
GLOBAL,LNDYAMHRTOT,LTOT,1,2039,S2D2,0.06245033
GLOBAL,LNDYAMHRTOT,LTOT,1,2039,S2D1,0.06245033
GLOBAL,LNDYAMHRTOT,LTOT,1,2040,S1D2,0.062192198
GLOBAL,LNDYAMHRTOT,LTOT,1,2040,S1D1,0.062192198
GLOBAL,LNDYAMHRTOT,LTOT,1,2040,S2D2,0.062192198
GLOBAL,LNDYAMHRTOT,LTOT,1,2040,S2D1,0.062192198
GLOBAL,LNDYAMHRTOT,LTOT,1,2041,S1D2,0.062182967
GLOBAL,LNDYAMHRTOT,LTOT,1,2041,S1D1,0.062182967
GLOBAL,LNDYAMHRTOT,LTOT,1,2041,S2D2,0.062182967
GLOBAL,LNDYAMHRTOT,LTOT,1,2041,S2D1,0.062182967
GLOBAL,LNDYAMHRTOT,LTOT,1,2042,S1D2,0.062173736
GLOBAL,LNDYAMHRTOT,LTOT,1,2042,S1D1,0.062173736
GLOBAL,LNDYAMHRTOT,LTOT,1,2042,S2D2,0.062173736
GLOBAL,LNDYAMHRTOT,LTOT,1,2042,S2D1,0.062173736
GLOBAL,LNDYAMHRTOT,LTOT,1,2043,S1D2,0.062164615
GLOBAL,LNDYAMHRTOT,LTOT,1,2043,S1D1,0.062164615
GLOBAL,LNDYAMHRTOT,LTOT,1,2043,S2D2,0.062164615
GLOBAL,LNDYAMHRTOT,LTOT,1,2043,S2D1,0.062164615
GLOBAL,LNDYAMHRTOT,LTOT,1,2044,S1D2,0.062155385
GLOBAL,LNDYAMHRTOT,LTOT,1,2044,S1D1,0.062155385
GLOBAL,LNDYAMHRTOT,LTOT,1,2044,S2D2,0.062155385
GLOBAL,LNDYAMHRTOT,LTOT,1,2044,S2D1,0.062155385
GLOBAL,LNDYAMHRTOT,LTOT,1,2045,S1D2,0.062146154
GLOBAL,LNDYAMHRTOT,LTOT,1,2045,S1D1,0.062146154
GLOBAL,LNDYAMHRTOT,LTOT,1,2045,S2D2,0.062146154
GLOBAL,LNDYAMHRTOT,LTOT,1,2045,S2D1,0.062146154
GLOBAL,LNDYAMHRTOT,LTOT,1,2046,S1D2,0.062083077
GLOBAL,LNDYAMHRTOT,LTOT,1,2046,S1D1,0.062083077
GLOBAL,LNDYAMHRTOT,LTOT,1,2046,S2D2,0.062083077
GLOBAL,LNDYAMHRTOT,LTOT,1,2046,S2D1,0.062083077
GLOBAL,LNDYAMHRTOT,LTOT,1,2047,S1D2,0.06202
GLOBAL,LNDYAMHRTOT,LTOT,1,2047,S1D1,0.06202
GLOBAL,LNDYAMHRTOT,LTOT,1,2047,S2D2,0.06202
GLOBAL,LNDYAMHRTOT,LTOT,1,2047,S2D1,0.06202
GLOBAL,LNDYAMHRTOT,LTOT,1,2048,S1D2,0.062096813
GLOBAL,LNDYAMHRTOT,LTOT,1,2048,S1D1,0.062096813
GLOBAL,LNDYAMHRTOT,LTOT,1,2048,S2D2,0.062096813
GLOBAL,LNDYAMHRTOT,LTOT,1,2048,S2D1,0.061541914
GLOBAL,LNDYAMHRTOT,LTOT,1,2049,S1D2,0.061963736
GLOBAL,LNDYAMHRTOT,LTOT,1,2049,S1D1,0.061963736
GLOBAL,LNDYAMHRTOT,LTOT,1,2049,S2D2,0.061963736
GLOBAL,LNDYAMHRTOT,LTOT,1,2049,S2D1,0.061686505
GLOBAL,LNDYAMHRTOT,LTOT,1,2050,S1D2,0.061830769
GLOBAL,LNDYAMHRTOT,LTOT,1,2050,S1D1,0.061830769
GLOBAL,LNDYAMHRTOT,LTOT,1,2050,S2D2,0.061830769
GLOBAL,LNDYAMHRTOT,LTOT,1,2050,S2D1,0.061830769
GLOBAL,PWRBIOFJIXX01,BIOFJIXX,1,2021,S1D2,8.396586143999999
GLOBAL,PWRBIOFJIXX01,BIOFJIXX,1,2021,S1D1,8.396586143999999
GLOBAL,PWRBIOFJIXX01,BIOFJIXX,1,2021,S2D1,0.13988759016
GLOBAL,PWRBIOFJIXX01,BIOFJIXX,1,2022,S1D1,8.396586143999999
GLOBAL,PWRBIOFJIXX01,BIOFJIXX,1,2022,S2D2,8.396586143999999
GLOBAL,PWRBIOFJIXX01,BIOFJIXX,1,2023,S1D2,4.112440481999999
GLOBAL,PWRBIOFJIXX01,BIOFJIXX,1,2023,S1D1,8.396586143999999
GLOBAL,PWRBIOFJIXX01,BIOFJIXX,1,2023,S2D2,4.3526592719999995
GLOBAL,PWRBIOFJIXX01,BIOFJIXX,1,2024,S1D2,4.420629296
GLOBAL,PWRBIOFJIXX01,BIOFJIXX,1,2024,S1D1,8.396586143999999
GLOBAL,PWRBIOFJIXX01,BIOFJIXX,1,2024,S2D2,4.04960492
GLOBAL,PWRBIOFJIXX01,BIOFJIXX,1,2025,S1D2,4.690294173999999
GLOBAL,PWRBIOFJIXX01,BIOFJIXX,1,2025,S1D1,8.396586143999999
GLOBAL,PWRBIOFJIXX01,BIOFJIXX,1,2025,S2D2,3.784432362
GLOBAL,PWRBIOFJIXX01,BIOFJIXX,1,2026,S1D2,5.268148247999999
GLOBAL,PWRBIOFJIXX01,BIOFJIXX,1,2026,S1D1,8.396586143999999
GLOBAL,PWRBIOFJIXX01,BIOFJIXX,1,2026,S2D2,3.2162054902
GLOBAL,PWRBIOFJIXX01,BIOFJIXX,1,2027,S1D2,5.846002322
GLOBAL,PWRBIOFJIXX01,BIOFJIXX,1,2027,S1D1,8.396586143999999
GLOBAL,PWRBIOFJIXX01,BIOFJIXX,1,2027,S2D2,2.6479785801999998
GLOBAL,PWRBIOFJIXX01,BIOFJIXX,1,2028,S1D2,6.366533093999999
GLOBAL,PWRBIOFJIXX01,BIOFJIXX,1,2028,S1D1,8.396586143999999
GLOBAL,PWRBIOFJIXX01,BIOFJIXX,1,2028,S2D2,2.1361198576000002
GLOBAL,PWRBIOFJIXX01,BIOFJIXX,1,2029,S1D2,5.280167496
GLOBAL,PWRBIOFJIXX01,BIOFJIXX,1,2029,S1D1,8.396586143999999
GLOBAL,PWRBIOFJIXX01,BIOFJIXX,1,2029,S2D1,3.2043864101999997
GLOBAL,PWRBIOFJIXX01,BIOFJIXX,1,2030,S1D2,4.841940152
GLOBAL,PWRBIOFJIXX01,BIOFJIXX,1,2030,S1D1,8.396586143999999
GLOBAL,PWRBIOFJIXX01,BIOFJIXX,1,2030,S2D2,3.635313123
GLOBAL,PWRBIOFJIXX01,BIOFJIXX,1,2031,S1D2,3.0350123088
GLOBAL,PWRBIOFJIXX01,BIOFJIXX,1,2031,S1D1,8.396586143999999
GLOBAL,PWRBIOFJIXX01,BIOFJIXX,1,2031,S2D2,4.168688835999999
GLOBAL,PWRBIOFJIXX01,BIOFJIXX,1,2031,S2D1,1.2434485437999998
GLOBAL,PWRBIOFJIXX01,BIOFJIXX,1,2032,S1D2,1.2046751999999998
GLOBAL,PWRBIOFJIXX01,BIOFJIXX,1,2032,S1D1,1.2046751999999998
GLOBAL,PWRBIOFJIXX01,BIOFJIXX,1,2032,S2D2,0.020069955682
GLOBAL,PWRBIOFJIXX01,BIOFJIXX,1,2033,S1D2,1.2046751999999998
GLOBAL,PWRBIOFJIXX01,BIOFJIXX,1,2033,S1D1,1.2046751999999998
GLOBAL,PWRBIOFJIXX01,BIOFJIXX,1,2033,S2D2,0.020069955682
GLOBAL,PWRBIOFJIXX01,BIOFJIXX,1,2034,S1D2,1.4133757048
GLOBAL,PWRBIOFJIXX01,BIOFJIXX,1,2034,S1D1,1.4133757048
GLOBAL,PWRBIOFJIXX01,BIOFJIXX,1,2034,S2D2,0.023546917772
GLOBAL,PWRBIOFJIXX01,BIOFJIXX,1,2035,S1D2,1.5126452808
GLOBAL,PWRBIOFJIXX01,BIOFJIXX,1,2035,S1D1,2.1804233772
GLOBAL,PWRBIOFJIXX01,BIOFJIXX,1,2035,S2D2,0.6929788273999999
GLOBAL,PWRBIOFJIXX01,BIOFJIXX,1,2036,S1D2,3.0912924451999997
GLOBAL,PWRBIOFJIXX01,BIOFJIXX,1,2036,S1D1,3.0912924451999997
GLOBAL,PWRBIOFJIXX01,BIOFJIXX,1,2036,S2D1,0.05150110248
GLOBAL,PWRBIOFJIXX01,BIOFJIXX,1,2037,S1D2,4.002161666
GLOBAL,PWRBIOFJIXX01,BIOFJIXX,1,2037,S1D1,4.002161666
GLOBAL,PWRBIOFJIXX01,BIOFJIXX,1,2037,S2D2,0.06667623201999999
GLOBAL,PWRBIOFJIXX01,BIOFJIXX,1,2038,S1D2,3.6699667878
GLOBAL,PWRBIOFJIXX01,BIOFJIXX,1,2038,S1D1,4.865090115999999
GLOBAL,PWRBIOFJIXX01,BIOFJIXX,1,2038,S2D1,1.2562651786
GLOBAL,PWRBIOFJIXX01,BIOFJIXX,1,2039,S1D2,4.6609202839999995
GLOBAL,PWRBIOFJIXX01,BIOFJIXX,1,2039,S1D1,6.2732005619999995
GLOBAL,PWRBIOFJIXX01,BIOFJIXX,1,2039,S2D2,1.6899314807999999
GLOBAL,PWRBIOFJIXX01,BIOFJIXX,1,2040,S1D2,6.802345816
GLOBAL,PWRBIOFJIXX01,BIOFJIXX,1,2040,S1D1,6.802345816
GLOBAL,PWRBIOFJIXX01,BIOFJIXX,1,2040,S2D2,0.11332745867999999
GLOBAL,PWRBIOFJIXX01,BIOFJIXX,1,2041,S1D2,8.707760288000001
GLOBAL,PWRBIOFJIXX01,BIOFJIXX,1,2041,S1D1,8.707760288000001
GLOBAL,PWRBIOFJIXX01,BIOFJIXX,1,2041,S2D2,0.14507176946
GLOBAL,PWRBIOFJIXX01,BIOFJIXX,1,2042,S1D2,8.263676502
GLOBAL,PWRBIOFJIXX01,BIOFJIXX,1,2042,S1D1,10.432810786
GLOBAL,PWRBIOFJIXX01,BIOFJIXX,1,2042,S2D1,2.836468229
GLOBAL,PWRBIOFJIXX01,BIOFJIXX,1,2043,S1D2,10.131630525999999
GLOBAL,PWRBIOFJIXX01,BIOFJIXX,1,2043,S1D1,12.829297336
GLOBAL,PWRBIOFJIXX01,BIOFJIXX,1,2043,S2D1,2.8664602714
GLOBAL,PWRBIOFJIXX01,BIOFJIXX,1,2044,S1D2,12.224141721999999
GLOBAL,PWRBIOFJIXX01,BIOFJIXX,1,2044,S1D1,15.12736426
GLOBAL,PWRBIOFJIXX01,BIOFJIXX,1,2044,S2D1,3.106877434
GLOBAL,PWRBIOFJIXX01,BIOFJIXX,1,2045,S1D2,14.213453708
GLOBAL,PWRBIOFJIXX01,BIOFJIXX,1,2045,S1D1,17.738855307999998
GLOBAL,PWRBIOFJIXX01,BIOFJIXX,1,2045,S2D2,1.6052433032
GLOBAL,PWRBIOFJIXX01,BIOFJIXX,1,2045,S2D1,2.1569551307999997
GLOBAL,PWRBIOFJIXX01,BIOFJIXX,1,2046,S1D2,14.603809194
GLOBAL,PWRBIOFJIXX01,BIOFJIXX,1,2046,S1D1,18.310590123999997
GLOBAL,PWRBIOFJIXX01,BIOFJIXX,1,2046,S2D2,1.4188156140000001
GLOBAL,PWRBIOFJIXX01,BIOFJIXX,1,2046,S2D1,2.5312654707999998
GLOBAL,PWRBIOFJIXX01,BIOFJIXX,1,2047,S1D2,14.9134328
GLOBAL,PWRBIOFJIXX01,BIOFJIXX,1,2047,S1D1,19.560890639999997
GLOBAL,PWRBIOFJIXX01,BIOFJIXX,1,2047,S2D2,1.8017053302000001
GLOBAL,PWRBIOFJIXX01,BIOFJIXX,1,2047,S2D1,3.0942110398
GLOBAL,PWRBIOFJIXX01,BIOFJIXX,1,2048,S1D2,8.967369016000001
GLOBAL,PWRBIOFJIXX01,BIOFJIXX,1,2048,S1D1,18.94860767
GLOBAL,PWRBIOFJIXX01,BIOFJIXX,1,2048,S2D2,8.854491454
GLOBAL,PWRBIOFJIXX01,BIOFJIXX,1,2048,S2D1,3.4091616358
GLOBAL,PWRBIOFJIXX01,BIOFJIXX,1,2049,S1D2,13.711109574
GLOBAL,PWRBIOFJIXX01,BIOFJIXX,1,2049,S1D1,20.024074807999998
GLOBAL,PWRBIOFJIXX01,BIOFJIXX,1,2049,S2D2,4.681596034
GLOBAL,PWRBIOFJIXX01,BIOFJIXX,1,2049,S2D1,1.8597972926
GLOBAL,PWRBIOFJIXX01,BIOFJIXX,1,2050,S1D2,15.235335032
GLOBAL,PWRBIOFJIXX01,BIOFJIXX,1,2050,S1D1,20.024074807999998
GLOBAL,PWRBIOFJIXX01,BIOFJIXX,1,2050,S2D1,5.042561586
GLOBAL,PWRHYDFJIXX01,HYDFJIXX,1,2021,S1D2,1.1803192
GLOBAL,PWRHYDFJIXX01,HYDFJIXX,1,2021,S1D1,1.5857246
GLOBAL,PWRHYDFJIXX01,HYDFJIXX,1,2021,S2D2,2.9234431
GLOBAL,PWRHYDFJIXX01,HYDFJIXX,1,2021,S2D1,3.2854746
GLOBAL,PWRHYDFJIXX01,HYDFJIXX,1,2022,S1D2,2.3852916
GLOBAL,PWRHYDFJIXX01,HYDFJIXX,1,2022,S1D1,1.6760836
GLOBAL,PWRHYDFJIXX01,HYDFJIXX,1,2022,S2D2,0.79519744
GLOBAL,PWRHYDFJIXX01,HYDFJIXX,1,2022,S2D1,3.401428
GLOBAL,PWRHYDFJIXX01,HYDFJIXX,1,2023,S1D2,2.3852916
GLOBAL,PWRHYDFJIXX01,HYDFJIXX,1,2023,S1D1,1.7551477
GLOBAL,PWRHYDFJIXX01,HYDFJIXX,1,2023,S2D2,1.9149039
GLOBAL,PWRHYDFJIXX01,HYDFJIXX,1,2023,S2D1,3.4708449
GLOBAL,PWRHYDFJIXX01,HYDFJIXX,1,2024,S1D2,2.3852916
GLOBAL,PWRHYDFJIXX01,HYDFJIXX,1,2024,S1D1,1.8455068
GLOBAL,PWRHYDFJIXX01,HYDFJIXX,1,2024,S2D2,2.0640511
GLOBAL,PWRHYDFJIXX01,HYDFJIXX,1,2024,S2D1,3.5501785
GLOBAL,PWRHYDFJIXX01,HYDFJIXX,1,2025,S1D2,2.3852916
GLOBAL,PWRHYDFJIXX01,HYDFJIXX,1,2025,S1D1,1.9245709
GLOBAL,PWRHYDFJIXX01,HYDFJIXX,1,2025,S2D2,2.1945548
GLOBAL,PWRHYDFJIXX01,HYDFJIXX,1,2025,S2D1,3.6195954
GLOBAL,PWRHYDFJIXX01,HYDFJIXX,1,2026,S1D2,2.3852916
GLOBAL,PWRHYDFJIXX01,HYDFJIXX,1,2026,S1D1,2.093994
GLOBAL,PWRHYDFJIXX01,HYDFJIXX,1,2026,S2D2,2.4742058
GLOBAL,PWRHYDFJIXX01,HYDFJIXX,1,2026,S2D1,3.7683459
GLOBAL,PWRHYDFJIXX01,HYDFJIXX,1,2027,S1D2,2.3852916
GLOBAL,PWRHYDFJIXX01,HYDFJIXX,1,2027,S1D1,2.2634172
GLOBAL,PWRHYDFJIXX01,HYDFJIXX,1,2027,S2D2,2.7538567
GLOBAL,PWRHYDFJIXX01,HYDFJIXX,1,2027,S2D1,3.9170964
GLOBAL,PWRHYDFJIXX01,HYDFJIXX,1,2028,S1D2,2.3852916
GLOBAL,PWRHYDFJIXX01,HYDFJIXX,1,2028,S1D1,2.3852916
GLOBAL,PWRHYDFJIXX01,HYDFJIXX,1,2028,S2D2,3.0187516
GLOBAL,PWRHYDFJIXX01,HYDFJIXX,1,2028,S2D1,4.0658469
GLOBAL,PWRHYDFJIXX01,HYDFJIXX,1,2029,S1D2,2.3852916
GLOBAL,PWRHYDFJIXX01,HYDFJIXX,1,2029,S1D1,2.3852916
GLOBAL,PWRHYDFJIXX01,HYDFJIXX,1,2029,S2D2,3.7088457
GLOBAL,PWRHYDFJIXX01,HYDFJIXX,1,2029,S2D1,3.3757528
GLOBAL,PWRHYDFJIXX01,HYDFJIXX,1,2030,S1D2,2.3852916
GLOBAL,PWRHYDFJIXX01,HYDFJIXX,1,2030,S1D1,2.3852916
GLOBAL,PWRHYDFJIXX01,HYDFJIXX,1,2030,S2D2,2.8880935
GLOBAL,PWRHYDFJIXX01,HYDFJIXX,1,2030,S2D1,4.196505
GLOBAL,PWRHYDFJIXX01,HYDFJIXX,1,2031,S1D2,2.3852916
GLOBAL,PWRHYDFJIXX01,HYDFJIXX,1,2031,S1D1,2.3852916
GLOBAL,PWRHYDFJIXX01,HYDFJIXX,1,2031,S2D2,2.8880935
GLOBAL,PWRHYDFJIXX01,HYDFJIXX,1,2031,S2D1,4.196505
GLOBAL,PWRHYDFJIXX01,HYDFJIXX,1,2032,S1D2,2.3852916
GLOBAL,PWRHYDFJIXX01,HYDFJIXX,1,2032,S1D1,2.3852916
GLOBAL,PWRHYDFJIXX01,HYDFJIXX,1,2032,S2D2,4.0107184
GLOBAL,PWRHYDFJIXX01,HYDFJIXX,1,2032,S2D1,3.0738801
GLOBAL,PWRHYDFJIXX01,HYDFJIXX,1,2033,S1D2,1.0927796
GLOBAL,PWRHYDFJIXX01,HYDFJIXX,1,2033,S1D1,2.3852916
GLOBAL,PWRHYDFJIXX01,HYDFJIXX,1,2033,S2D2,4.1590722
GLOBAL,PWRHYDFJIXX01,HYDFJIXX,1,2033,S2D1,4.196505
GLOBAL,PWRHYDFJIXX01,HYDFJIXX,1,2034,S1D2,2.3852916
GLOBAL,PWRHYDFJIXX01,HYDFJIXX,1,2034,S1D1,2.3852916
GLOBAL,PWRHYDFJIXX01,HYDFJIXX,1,2034,S2D2,2.8880935
GLOBAL,PWRHYDFJIXX01,HYDFJIXX,1,2034,S2D1,4.196505
GLOBAL,PWRHYDFJIXX01,HYDFJIXX,1,2035,S1D2,1.0547126
GLOBAL,PWRHYDFJIXX01,HYDFJIXX,1,2035,S1D1,2.3852916
GLOBAL,PWRHYDFJIXX01,HYDFJIXX,1,2035,S2D2,4.196505
GLOBAL,PWRHYDFJIXX01,HYDFJIXX,1,2035,S2D1,4.196505
GLOBAL,PWRHYDFJIXX01,HYDFJIXX,1,2036,S1D2,2.2758666
GLOBAL,PWRHYDFJIXX01,HYDFJIXX,1,2036,S1D1,2.3852916
GLOBAL,PWRHYDFJIXX01,HYDFJIXX,1,2036,S2D2,4.1501985
GLOBAL,PWRHYDFJIXX01,HYDFJIXX,1,2036,S2D1,3.042002
GLOBAL,PWRHYDFJIXX01,HYDFJIXX,1,2037,S1D2,1.0547126
GLOBAL,PWRHYDFJIXX01,HYDFJIXX,1,2037,S1D1,2.3852916
GLOBAL,PWRHYDFJIXX01,HYDFJIXX,1,2037,S2D2,4.196505
GLOBAL,PWRHYDFJIXX01,HYDFJIXX,1,2037,S2D1,4.196505
GLOBAL,PWRHYDFJIXX01,HYDFJIXX,1,2038,S1D2,1.0547126
GLOBAL,PWRHYDFJIXX01,HYDFJIXX,1,2038,S1D1,2.3852916
GLOBAL,PWRHYDFJIXX01,HYDFJIXX,1,2038,S2D2,4.196505
GLOBAL,PWRHYDFJIXX01,HYDFJIXX,1,2038,S2D1,4.196505
GLOBAL,PWRHYDFJIXX01,HYDFJIXX,1,2039,S1D2,1.0547126
GLOBAL,PWRHYDFJIXX01,HYDFJIXX,1,2039,S1D1,2.3852916
GLOBAL,PWRHYDFJIXX01,HYDFJIXX,1,2039,S2D2,4.196505
GLOBAL,PWRHYDFJIXX01,HYDFJIXX,1,2039,S2D1,4.196505
GLOBAL,PWRHYDFJIXX01,HYDFJIXX,1,2040,S1D2,1.145019
GLOBAL,PWRHYDFJIXX01,HYDFJIXX,1,2040,S1D1,2.3852916
GLOBAL,PWRHYDFJIXX01,HYDFJIXX,1,2040,S2D2,4.1077031
GLOBAL,PWRHYDFJIXX01,HYDFJIXX,1,2040,S2D1,4.196505
GLOBAL,PWRHYDFJIXX01,HYDFJIXX,1,2041,S1D2,1.0547126
GLOBAL,PWRHYDFJIXX01,HYDFJIXX,1,2041,S1D1,2.3852916
GLOBAL,PWRHYDFJIXX01,HYDFJIXX,1,2041,S2D2,4.196505
GLOBAL,PWRHYDFJIXX01,HYDFJIXX,1,2041,S2D1,4.196505
GLOBAL,PWRHYDFJIXX01,HYDFJIXX,1,2042,S1D2,1.0547126
GLOBAL,PWRHYDFJIXX01,HYDFJIXX,1,2042,S1D1,2.3852916
GLOBAL,PWRHYDFJIXX01,HYDFJIXX,1,2042,S2D2,4.196505
GLOBAL,PWRHYDFJIXX01,HYDFJIXX,1,2042,S2D1,4.196505
GLOBAL,PWRHYDFJIXX01,HYDFJIXX,1,2043,S1D2,1.0547126
GLOBAL,PWRHYDFJIXX01,HYDFJIXX,1,2043,S1D1,2.3852916
GLOBAL,PWRHYDFJIXX01,HYDFJIXX,1,2043,S2D2,4.196505
GLOBAL,PWRHYDFJIXX01,HYDFJIXX,1,2043,S2D1,4.196505
GLOBAL,PWRHYDFJIXX01,HYDFJIXX,1,2044,S1D2,1.0547126
GLOBAL,PWRHYDFJIXX01,HYDFJIXX,1,2044,S1D1,2.3852916
GLOBAL,PWRHYDFJIXX01,HYDFJIXX,1,2044,S2D2,4.196505
GLOBAL,PWRHYDFJIXX01,HYDFJIXX,1,2044,S2D1,4.196505
GLOBAL,PWRHYDFJIXX01,HYDFJIXX,1,2045,S1D2,1.0547126
GLOBAL,PWRHYDFJIXX01,HYDFJIXX,1,2045,S1D1,2.3852916
GLOBAL,PWRHYDFJIXX01,HYDFJIXX,1,2045,S2D2,4.196505
GLOBAL,PWRHYDFJIXX01,HYDFJIXX,1,2045,S2D1,4.196505
GLOBAL,PWRHYDFJIXX01,HYDFJIXX,1,2046,S1D2,1.0547126
GLOBAL,PWRHYDFJIXX01,HYDFJIXX,1,2046,S1D1,2.3852916
GLOBAL,PWRHYDFJIXX01,HYDFJIXX,1,2046,S2D2,4.196505
GLOBAL,PWRHYDFJIXX01,HYDFJIXX,1,2046,S2D1,4.196505
GLOBAL,PWRHYDFJIXX01,HYDFJIXX,1,2047,S1D2,1.0547126
GLOBAL,PWRHYDFJIXX01,HYDFJIXX,1,2047,S1D1,2.3852916
GLOBAL,PWRHYDFJIXX01,HYDFJIXX,1,2047,S2D2,4.196505
GLOBAL,PWRHYDFJIXX01,HYDFJIXX,1,2047,S2D1,4.196505
GLOBAL,PWRHYDFJIXX01,HYDFJIXX,1,2048,S1D2,2.3852916
GLOBAL,PWRHYDFJIXX01,HYDFJIXX,1,2048,S1D1,1.0547126
GLOBAL,PWRHYDFJIXX01,HYDFJIXX,1,2048,S2D2,4.196505
GLOBAL,PWRHYDFJIXX01,HYDFJIXX,1,2048,S2D1,4.196505
GLOBAL,PWRHYDFJIXX01,HYDFJIXX,1,2049,S1D2,1.0547126
GLOBAL,PWRHYDFJIXX01,HYDFJIXX,1,2049,S1D1,2.3852916
GLOBAL,PWRHYDFJIXX01,HYDFJIXX,1,2049,S2D2,4.196505
GLOBAL,PWRHYDFJIXX01,HYDFJIXX,1,2049,S2D1,4.196505
GLOBAL,PWRHYDFJIXX01,HYDFJIXX,1,2050,S1D2,1.0547126
GLOBAL,PWRHYDFJIXX01,HYDFJIXX,1,2050,S1D1,2.3852916
GLOBAL,PWRHYDFJIXX01,HYDFJIXX,1,2050,S2D2,4.196505
GLOBAL,PWRHYDFJIXX01,HYDFJIXX,1,2050,S2D1,4.196505
GLOBAL,PWROILFJIXX01,OILINT,2,2022,S1D2,3.317932305
GLOBAL,PWROILFJIXX01,OILINT,2,2028,S1D2,0.046368737759999994
GLOBAL,PWROILFJIXX01,OILINT,2,2028,S1D1,0.14692570239
GLOBAL,PWROILFJIXX01,OILINT,2,2029,S1D2,1.392556704
GLOBAL,PWROILFJIXX01,OILINT,2,2029,S1D1,0.6704432637
GLOBAL,PWROILFJIXX01,OILINT,2,2030,S1D2,2.2144656186
GLOBAL,PWROILFJIXX01,OILINT,2,2030,S1D1,1.1939607972
GLOBAL,PWROILFJIXX01,OILINT,2,2030,S2D1,0.5155445609999999
GLOBAL,PWROILFJIXX01,OILINT,2,2031,S1D2,3.77019552
GLOBAL,PWROILFJIXX01,OILINT,2,2031,S1D1,1.7523795099
GLOBAL,PWROILFJIXX01,OILINT,2,2032,S1D2,0.399012936
GLOBAL,PWROILFJIXX01,OILINT,2,2032,S1D1,2.1387763775999997
GLOBAL,PWROILFJIXX01,OILINT,2,2033,S1D2,4.263380841
GLOBAL,PWROILFJIXX01,OILINT,2,2033,S1D1,4.67741952
GLOBAL,PWROILFJIXX01,OILINT,2,2034,S1D2,0.14764142364
GLOBAL,PWROILFJIXX01,OILINT,2,2034,S1D1,2.0108054181
GLOBAL,PWROILFJIXX01,OILINT,2,2035,S1D2,4.67741952
GLOBAL,PWROILFJIXX01,OILINT,2,2035,S1D1,4.67741952
GLOBAL,PWROILFJIXX01,OILINT,2,2035,S2D2,0.20291203115999998
GLOBAL,PWROILFJIXX01,OILINT,2,2035,S2D1,2.7577416008999998
GLOBAL,PWROILFJIXX01,OILINT,2,2036,S1D2,0.21915860225999997
GLOBAL,PWROILFJIXX01,OILINT,2,2036,S1D1,1.8750786513
GLOBAL,PWROILFJIXX01,OILINT,2,2037,S1D2,3.847795308
GLOBAL,PWROILFJIXX01,OILINT,2,2037,S1D1,4.67741952
GLOBAL,PWROILFJIXX01,OILINT,2,2038,S1D2,4.67741952
GLOBAL,PWROILFJIXX01,OILINT,2,2038,S1D1,4.67741952
GLOBAL,PWROILFJIXX01,OILINT,2,2038,S2D2,2.2735304124
GLOBAL,PWROILFJIXX01,OILINT,2,2038,S2D1,3.370543572
GLOBAL,PWROILFJIXX01,OILINT,2,2039,S1D2,4.67741952
GLOBAL,PWROILFJIXX01,OILINT,2,2039,S1D1,4.67741952
GLOBAL,PWROILFJIXX01,OILINT,2,2039,S2D2,1.7372451225
GLOBAL,PWROILFJIXX01,OILINT,2,2040,S1D2,2.3814940854
GLOBAL,PWROILFJIXX01,OILINT,2,2040,S1D1,1.4359347728999998
GLOBAL,PWROILFJIXX01,OILINT,2,2041,S1D2,1.8048089921999997
GLOBAL,PWROILFJIXX01,OILINT,2,2041,S1D1,0.6624698277
GLOBAL,PWROILFJIXX01,OILINT,2,2041,S2D2,0.9673020666
GLOBAL,PWROILFJIXX01,OILINT,2,2042,S1D2,2.8184254310999997
GLOBAL,PWROILFJIXX01,OILINT,2,2043,S1D2,1.9618333367999998
GLOBAL,PWROILFJIXX01,OILINT,2,2044,S1D2,0.9547585823999999
GLOBAL,PWRPETFJIXX01,PETINT,2,2031,S1D2,0.4005559584
GLOBAL,PWRPETFJIXX01,PETINT,2,2032,S1D2,5.69894247
GLOBAL,PWRPETFJIXX01,PETINT,2,2032,S1D1,5.69894247
GLOBAL,PWRPETFJIXX01,PETINT,2,2032,S2D1,4.679289576
GLOBAL,PWRPETFJIXX01,PETINT,2,2033,S1D2,6.351786432
GLOBAL,PWRPETFJIXX01,PETINT,2,2033,S1D1,3.7725057
GLOBAL,PWRPETFJIXX01,PETINT,2,2033,S2D1,1.7599241772000003
GLOBAL,PWRPETFJIXX01,PETINT,2,2034,S1D2,6.799048578
GLOBAL,PWRPETFJIXX01,PETINT,2,2034,S1D1,6.799048578
GLOBAL,PWRPETFJIXX01,PETINT,2,2034,S2D2,4.313668536000001
GLOBAL,PWRPETFJIXX01,PETINT,2,2034,S2D1,2.2454458092
GLOBAL,PWRPETFJIXX01,PETINT,2,2035,S1D2,6.799048578
GLOBAL,PWRPETFJIXX01,PETINT,2,2035,S1D1,4.096879776000001
GLOBAL,PWRPETFJIXX01,PETINT,2,2036,S1D2,6.799048578
GLOBAL,PWRPETFJIXX01,PETINT,2,2036,S1D1,6.799048578
GLOBAL,PWRPETFJIXX01,PETINT,2,2036,S2D2,1.4051187378
GLOBAL,PWRPETFJIXX01,PETINT,2,2036,S2D1,6.799048578
GLOBAL,PWRPETFJIXX01,PETINT,2,2037,S1D2,6.799048578
GLOBAL,PWRPETFJIXX01,PETINT,2,2037,S1D1,3.950950212
GLOBAL,PWRPETFJIXX01,PETINT,2,2037,S2D2,1.7173800792
GLOBAL,PWRPETFJIXX01,PETINT,2,2037,S2D1,3.8840812560000004
GLOBAL,PWRPETFJIXX01,PETINT,2,2038,S1D2,6.799048578
GLOBAL,PWRPETFJIXX01,PETINT,2,2038,S1D1,3.881825424
GLOBAL,PWRPETFJIXX01,PETINT,2,2038,S2D1,0.08614575036
GLOBAL,PWRPETFJIXX01,PETINT,2,2039,S1D2,6.799048578
GLOBAL,PWRPETFJIXX01,PETINT,2,2039,S1D1,3.9049978860000003
GLOBAL,PWRPETFJIXX01,PETINT,2,2039,S2D1,5.244375186
GLOBAL,PWRPETFJIXX01,PETINT,2,2040,S1D2,6.799048578
GLOBAL,PWRPETFJIXX01,PETINT,2,2040,S1D1,6.799048578
GLOBAL,PWRPETFJIXX01,PETINT,2,2040,S2D2,2.9242218636
GLOBAL,PWRPETFJIXX01,PETINT,2,2040,S2D1,5.279945543999999
GLOBAL,PWRPETFJIXX01,PETINT,2,2041,S1D2,6.799048578
GLOBAL,PWRPETFJIXX01,PETINT,2,2041,S1D1,6.799048578
GLOBAL,PWRPETFJIXX01,PETINT,2,2041,S2D2,2.2566296502000003
GLOBAL,PWRPETFJIXX01,PETINT,2,2041,S2D1,5.947537788
GLOBAL,PWRPETFJIXX01,PETINT,2,2042,S1D2,6.799048578
GLOBAL,PWRPETFJIXX01,PETINT,2,2042,S1D1,6.799048578
GLOBAL,PWRPETFJIXX01,PETINT,2,2042,S2D2,3.891527154
GLOBAL,PWRPETFJIXX01,PETINT,2,2042,S2D1,4.3126400700000005
GLOBAL,PWRPETFJIXX01,PETINT,2,2043,S1D2,6.799048578
GLOBAL,PWRPETFJIXX01,PETINT,2,2043,S1D1,5.605158978
GLOBAL,PWRPETFJIXX01,PETINT,2,2043,S2D2,4.452304590000001
GLOBAL,PWRPETFJIXX01,PETINT,2,2043,S2D1,4.925862234
GLOBAL,PWRPETFJIXX01,PETINT,2,2044,S1D2,6.799048578
GLOBAL,PWRPETFJIXX01,PETINT,2,2044,S1D1,4.524669918
GLOBAL,PWRPETFJIXX01,PETINT,2,2044,S2D2,5.039785728
GLOBAL,PWRPETFJIXX01,PETINT,2,2044,S2D1,5.400869094
GLOBAL,PWRPETFJIXX01,PETINT,2,2045,S1D2,6.799048578
GLOBAL,PWRPETFJIXX01,PETINT,2,2045,S1D1,3.1585512779999996
GLOBAL,PWRPETFJIXX01,PETINT,2,2045,S2D2,4.314687822
GLOBAL,PWRPETFJIXX01,PETINT,2,2045,S2D1,6.799048578
GLOBAL,PWRPETFJIXX01,PETINT,2,2046,S1D2,7.257835908
GLOBAL,PWRPETFJIXX01,PETINT,2,2046,S1D1,3.56462307
GLOBAL,PWRPETFJIXX01,PETINT,2,2046,S2D2,5.131617246
GLOBAL,PWRPETFJIXX01,PETINT,2,2046,S2D1,7.257835908
GLOBAL,PWRPETFJIXX01,PETINT,2,2047,S1D2,7.257835908
GLOBAL,PWRPETFJIXX01,PETINT,2,2047,S1D1,3.2947246440000004
GLOBAL,PWRPETFJIXX01,PETINT,2,2047,S2D2,4.982021802
GLOBAL,PWRPETFJIXX01,PETINT,2,2047,S2D1,7.257835908
GLOBAL,PWRPETFJIXX01,PETINT,2,2048,S1D2,8.720822214
GLOBAL,PWRPETFJIXX01,PETINT,2,2048,S1D1,8.720822214
GLOBAL,PWRPETFJIXX01,PETINT,2,2048,S2D1,7.76417319
GLOBAL,PWRPETFJIXX01,PETINT,2,2049,S1D2,9.763914708000001
GLOBAL,PWRPETFJIXX01,PETINT,2,2049,S1D1,4.6518083279999995
GLOBAL,PWRPETFJIXX01,PETINT,2,2049,S2D2,4.010278104
GLOBAL,PWRPETFJIXX01,PETINT,2,2049,S2D1,9.763914708000001
GLOBAL,PWRPETFJIXX01,PETINT,2,2050,S1D2,9.763914708000001
GLOBAL,PWRPETFJIXX01,PETINT,2,2050,S1D1,5.066370396
GLOBAL,PWRPETFJIXX01,PETINT,2,2050,S2D2,8.42804937
GLOBAL,PWRPETFJIXX01,PETINT,2,2050,S2D1,7.972997994
GLOBAL,PWRSPVFJIXX01,SPVFJIXX,1,2040,S1D2,0.27365372
GLOBAL,PWRSPVFJIXX01,SPVFJIXX,1,2040,S1D1,0.082428947
GLOBAL,PWRSPVFJIXX01,SPVFJIXX,1,2040,S2D2,0.26519321
GLOBAL,PWRSPVFJIXX01,SPVFJIXX,1,2040,S2D1,0.16687626
GLOBAL,PWRSPVFJIXX01,SPVFJIXX,1,2041,S1D2,0.27365372
GLOBAL,PWRSPVFJIXX01,SPVFJIXX,1,2041,S1D1,0.082428947
GLOBAL,PWRSPVFJIXX01,SPVFJIXX,1,2041,S2D2,0.26519321
GLOBAL,PWRSPVFJIXX01,SPVFJIXX,1,2041,S2D1,0.16687626
GLOBAL,PWRSPVFJIXX01,SPVFJIXX,1,2042,S1D2,0.27365372
GLOBAL,PWRSPVFJIXX01,SPVFJIXX,1,2042,S1D1,0.082428947
GLOBAL,PWRSPVFJIXX01,SPVFJIXX,1,2042,S2D2,0.26519321
GLOBAL,PWRSPVFJIXX01,SPVFJIXX,1,2042,S2D1,0.16687626
GLOBAL,PWRSPVFJIXX01,SPVFJIXX,1,2043,S1D2,0.27365372
GLOBAL,PWRSPVFJIXX01,SPVFJIXX,1,2043,S1D1,0.082428947
GLOBAL,PWRSPVFJIXX01,SPVFJIXX,1,2043,S2D2,0.26519321
GLOBAL,PWRSPVFJIXX01,SPVFJIXX,1,2043,S2D1,0.16687626
GLOBAL,PWRSPVFJIXX01,SPVFJIXX,1,2044,S1D2,0.27365372
GLOBAL,PWRSPVFJIXX01,SPVFJIXX,1,2044,S1D1,0.082428947
GLOBAL,PWRSPVFJIXX01,SPVFJIXX,1,2044,S2D2,0.26519321
GLOBAL,PWRSPVFJIXX01,SPVFJIXX,1,2044,S2D1,0.16687626
GLOBAL,PWRSPVFJIXX01,SPVFJIXX,1,2045,S1D2,0.27365372
GLOBAL,PWRSPVFJIXX01,SPVFJIXX,1,2045,S1D1,0.082428947
GLOBAL,PWRSPVFJIXX01,SPVFJIXX,1,2045,S2D2,0.26519321
GLOBAL,PWRSPVFJIXX01,SPVFJIXX,1,2045,S2D1,0.16687626
GLOBAL,PWRSPVFJIXX01,SPVFJIXX,1,2046,S1D2,0.27365372
GLOBAL,PWRSPVFJIXX01,SPVFJIXX,1,2046,S1D1,0.082428947
GLOBAL,PWRSPVFJIXX01,SPVFJIXX,1,2046,S2D2,0.26519321
GLOBAL,PWRSPVFJIXX01,SPVFJIXX,1,2046,S2D1,0.16687626
GLOBAL,PWRSPVFJIXX01,SPVFJIXX,1,2047,S1D2,0.45480291
GLOBAL,PWRSPVFJIXX01,SPVFJIXX,1,2047,S1D1,0.13699403
GLOBAL,PWRSPVFJIXX01,SPVFJIXX,1,2047,S2D2,0.44074184
GLOBAL,PWRSPVFJIXX01,SPVFJIXX,1,2047,S2D1,0.2773425
GLOBAL,PWRSPVFJIXX01,SPVFJIXX,1,2048,S1D2,0.45480291
GLOBAL,PWRSPVFJIXX01,SPVFJIXX,1,2048,S1D1,0.13699403
GLOBAL,PWRSPVFJIXX01,SPVFJIXX,1,2048,S2D2,0.44074184
GLOBAL,PWRSPVFJIXX01,SPVFJIXX,1,2048,S2D1,0.2773425
GLOBAL,PWRSPVFJIXX01,SPVFJIXX,1,2049,S1D2,0.45480291
GLOBAL,PWRSPVFJIXX01,SPVFJIXX,1,2049,S1D1,0.13699403
GLOBAL,PWRSPVFJIXX01,SPVFJIXX,1,2049,S2D2,0.44074184
GLOBAL,PWRSPVFJIXX01,SPVFJIXX,1,2049,S2D1,0.2773425
GLOBAL,PWRSPVFJIXX01,SPVFJIXX,1,2050,S1D2,0.30790877
GLOBAL,PWRSPVFJIXX01,SPVFJIXX,1,2050,S1D1,0.28388817
GLOBAL,PWRSPVFJIXX01,SPVFJIXX,1,2050,S2D2,0.44074184
GLOBAL,PWRSPVFJIXX01,SPVFJIXX,1,2050,S2D1,0.2773425
GLOBAL,PWRTRNFJIXX,ELCFJIXX01,1,2021,S1D2,3.3783784
GLOBAL,PWRTRNFJIXX,ELCFJIXX01,1,2021,S1D1,3.7837838
GLOBAL,PWRTRNFJIXX,ELCFJIXX01,1,2021,S2D2,2.9234431
GLOBAL,PWRTRNFJIXX,ELCFJIXX01,1,2021,S2D1,3.3220944
GLOBAL,PWRTRNFJIXX,ELCFJIXX01,1,2022,S1D2,3.4590561
GLOBAL,PWRTRNFJIXX,ELCFJIXX01,1,2022,S1D1,3.8741428
GLOBAL,PWRTRNFJIXX,ELCFJIXX01,1,2022,S2D2,2.9932566
GLOBAL,PWRTRNFJIXX,ELCFJIXX01,1,2022,S2D1,3.401428
GLOBAL,PWRTRNFJIXX,ELCFJIXX01,1,2023,S1D2,3.5296491
GLOBAL,PWRTRNFJIXX,ELCFJIXX01,1,2023,S1D1,3.9532069
GLOBAL,PWRTRNFJIXX,ELCFJIXX01,1,2023,S2D2,3.0543435
GLOBAL,PWRTRNFJIXX,ELCFJIXX01,1,2023,S2D1,3.4708449
GLOBAL,PWRTRNFJIXX,ELCFJIXX01,1,2024,S1D2,3.6103267
GLOBAL,PWRTRNFJIXX,ELCFJIXX01,1,2024,S1D1,4.043566
GLOBAL,PWRTRNFJIXX,ELCFJIXX01,1,2024,S2D2,3.1241571
GLOBAL,PWRTRNFJIXX,ELCFJIXX01,1,2024,S2D1,3.5501785
GLOBAL,PWRTRNFJIXX,ELCFJIXX01,1,2025,S1D2,3.6809197
GLOBAL,PWRTRNFJIXX,ELCFJIXX01,1,2025,S1D1,4.1226301
GLOBAL,PWRTRNFJIXX,ELCFJIXX01,1,2025,S2D2,3.185244
GLOBAL,PWRTRNFJIXX,ELCFJIXX01,1,2025,S2D1,3.6195954
GLOBAL,PWRTRNFJIXX,ELCFJIXX01,1,2026,S1D2,3.8321904
GLOBAL,PWRTRNFJIXX,ELCFJIXX01,1,2026,S1D1,4.2920532
GLOBAL,PWRTRNFJIXX,ELCFJIXX01,1,2026,S2D2,3.3161444
GLOBAL,PWRTRNFJIXX,ELCFJIXX01,1,2026,S2D1,3.7683459
GLOBAL,PWRTRNFJIXX,ELCFJIXX01,1,2027,S1D2,3.9834611
GLOBAL,PWRTRNFJIXX,ELCFJIXX01,1,2027,S1D1,4.4614764
GLOBAL,PWRTRNFJIXX,ELCFJIXX01,1,2027,S2D2,3.4470448
GLOBAL,PWRTRNFJIXX,ELCFJIXX01,1,2027,S2D1,3.9170964
GLOBAL,PWRTRNFJIXX,ELCFJIXX01,1,2028,S1D2,4.1347317
GLOBAL,PWRTRNFJIXX,ELCFJIXX01,1,2028,S1D1,4.6308996
GLOBAL,PWRTRNFJIXX,ELCFJIXX01,1,2028,S2D2,3.5779453
GLOBAL,PWRTRNFJIXX,ELCFJIXX01,1,2028,S2D1,4.0658469
GLOBAL,PWRTRNFJIXX,ELCFJIXX01,1,2029,S1D2,4.2860024
GLOBAL,PWRTRNFJIXX,ELCFJIXX01,1,2029,S1D1,4.8003227
GLOBAL,PWRTRNFJIXX,ELCFJIXX01,1,2029,S2D2,3.7088457
GLOBAL,PWRTRNFJIXX,ELCFJIXX01,1,2029,S2D1,4.2145974
GLOBAL,PWRTRNFJIXX,ELCFJIXX01,1,2030,S1D2,4.4372731
GLOBAL,PWRTRNFJIXX,ELCFJIXX01,1,2030,S1D1,4.9697459
GLOBAL,PWRTRNFJIXX,ELCFJIXX01,1,2030,S2D2,3.8397461
GLOBAL,PWRTRNFJIXX,ELCFJIXX01,1,2030,S2D1,4.3633479
GLOBAL,PWRTRNFJIXX,ELCFJIXX01,1,2031,S1D2,4.5986285
GLOBAL,PWRTRNFJIXX,ELCFJIXX01,1,2031,S1D1,5.1504639
GLOBAL,PWRTRNFJIXX,ELCFJIXX01,1,2031,S2D2,3.9793733
GLOBAL,PWRTRNFJIXX,ELCFJIXX01,1,2031,S2D1,4.5220151
GLOBAL,PWRTRNFJIXX,ELCFJIXX01,1,2032,S1D2,4.7599839
GLOBAL,PWRTRNFJIXX,ELCFJIXX01,1,2032,S1D1,5.3311819
GLOBAL,PWRTRNFJIXX,ELCFJIXX01,1,2032,S2D2,4.1190004
GLOBAL,PWRTRNFJIXX,ELCFJIXX01,1,2032,S2D1,4.6806823
GLOBAL,PWRTRNFJIXX,ELCFJIXX01,1,2033,S1D2,4.931424
GLOBAL,PWRTRNFJIXX,ELCFJIXX01,1,2033,S1D1,5.5231948
GLOBAL,PWRTRNFJIXX,ELCFJIXX01,1,2033,S2D2,4.2673542
GLOBAL,PWRTRNFJIXX,ELCFJIXX01,1,2033,S2D1,4.8492662
GLOBAL,PWRTRNFJIXX,ELCFJIXX01,1,2034,S1D2,5.0927793
GLOBAL,PWRTRNFJIXX,ELCFJIXX01,1,2034,S1D1,5.7039129
GLOBAL,PWRTRNFJIXX,ELCFJIXX01,1,2034,S2D2,4.4069814
GLOBAL,PWRTRNFJIXX,ELCFJIXX01,1,2034,S2D1,5.0079334
GLOBAL,PWRTRNFJIXX,ELCFJIXX01,1,2035,S1D2,5.2541347
GLOBAL,PWRTRNFJIXX,ELCFJIXX01,1,2035,S1D1,5.8846309
GLOBAL,PWRTRNFJIXX,ELCFJIXX01,1,2035,S2D2,4.5466085
GLOBAL,PWRTRNFJIXX,ELCFJIXX01,1,2035,S2D1,5.1666006
GLOBAL,PWRTRNFJIXX,ELCFJIXX01,1,2036,S1D2,5.4457443
GLOBAL,PWRTRNFJIXX,ELCFJIXX01,1,2036,S1D1,6.0992336
GLOBAL,PWRTRNFJIXX,ELCFJIXX01,1,2036,S2D2,4.7124157
GLOBAL,PWRTRNFJIXX,ELCFJIXX01,1,2036,S2D1,5.3550179
GLOBAL,PWRTRNFJIXX,ELCFJIXX01,1,2037,S1D2,5.6373538
GLOBAL,PWRTRNFJIXX,ELCFJIXX01,1,2037,S1D1,6.3138362
GLOBAL,PWRTRNFJIXX,ELCFJIXX01,1,2037,S2D2,4.8782229
GLOBAL,PWRTRNFJIXX,ELCFJIXX01,1,2037,S2D1,5.5434351
GLOBAL,PWRTRNFJIXX,ELCFJIXX01,1,2038,S1D2,5.8188786
GLOBAL,PWRTRNFJIXX,ELCFJIXX01,1,2038,S1D1,6.517144
GLOBAL,PWRTRNFJIXX,ELCFJIXX01,1,2038,S2D2,5.0353035
GLOBAL,PWRTRNFJIXX,ELCFJIXX01,1,2038,S2D1,5.7219357
GLOBAL,PWRTRNFJIXX,ELCFJIXX01,1,2039,S1D2,6.0104881
GLOBAL,PWRTRNFJIXX,ELCFJIXX01,1,2039,S1D1,6.8173618
GLOBAL,PWRTRNFJIXX,ELCFJIXX01,1,2039,S2D2,5.2011107
GLOBAL,PWRTRNFJIXX,ELCFJIXX01,1,2039,S2D1,5.910353
GLOBAL,PWRTRNFJIXX,ELCFJIXX01,1,2040,S1D2,6.1920129
GLOBAL,PWRTRNFJIXX,ELCFJIXX01,1,2040,S1D1,6.9350545
GLOBAL,PWRTRNFJIXX,ELCFJIXX01,1,2040,S2D2,5.3581912
GLOBAL,PWRTRNFJIXX,ELCFJIXX01,1,2040,S2D1,6.0888536
GLOBAL,PWRTRNFJIXX,ELCFJIXX01,1,2041,S1D2,6.4138766
GLOBAL,PWRTRNFJIXX,ELCFJIXX01,1,2041,S1D1,7.1835418
GLOBAL,PWRTRNFJIXX,ELCFJIXX01,1,2041,S2D2,5.5501785
GLOBAL,PWRTRNFJIXX,ELCFJIXX01,1,2041,S2D1,6.307021
GLOBAL,PWRTRNFJIXX,ELCFJIXX01,1,2042,S1D2,6.6256555
GLOBAL,PWRTRNFJIXX,ELCFJIXX01,1,2042,S1D1,7.4207342
GLOBAL,PWRTRNFJIXX,ELCFJIXX01,1,2042,S2D2,5.7334391
GLOBAL,PWRTRNFJIXX,ELCFJIXX01,1,2042,S2D1,6.5152717
GLOBAL,PWRTRNFJIXX,ELCFJIXX01,1,2043,S1D2,6.8374344
GLOBAL,PWRTRNFJIXX,ELCFJIXX01,1,2043,S1D1,7.6579266
GLOBAL,PWRTRNFJIXX,ELCFJIXX01,1,2043,S2D2,5.9166997
GLOBAL,PWRTRNFJIXX,ELCFJIXX01,1,2043,S2D1,6.7235224
GLOBAL,PWRTRNFJIXX,ELCFJIXX01,1,2044,S1D2,7.0592981
GLOBAL,PWRTRNFJIXX,ELCFJIXX01,1,2044,S1D1,7.9064139
GLOBAL,PWRTRNFJIXX,ELCFJIXX01,1,2044,S2D2,6.108687
GLOBAL,PWRTRNFJIXX,ELCFJIXX01,1,2044,S2D1,6.9416898
GLOBAL,PWRTRNFJIXX,ELCFJIXX01,1,2045,S1D2,7.271077
GLOBAL,PWRTRNFJIXX,ELCFJIXX01,1,2045,S1D1,8.1436063
GLOBAL,PWRTRNFJIXX,ELCFJIXX01,1,2045,S2D2,6.2919476
GLOBAL,PWRTRNFJIXX,ELCFJIXX01,1,2045,S2D1,7.1499405
GLOBAL,PWRTRNFJIXX,ELCFJIXX01,1,2046,S1D2,7.5231948
GLOBAL,PWRTRNFJIXX,ELCFJIXX01,1,2046,S1D1,8.4259782
GLOBAL,PWRTRNFJIXX,ELCFJIXX01,1,2046,S2D2,6.510115
GLOBAL,PWRTRNFJIXX,ELCFJIXX01,1,2046,S2D1,7.397858
GLOBAL,PWRTRNFJIXX,ELCFJIXX01,1,2047,S1D2,7.7853973
GLOBAL,PWRTRNFJIXX,ELCFJIXX01,1,2047,S1D1,8.719645
GLOBAL,PWRTRNFJIXX,ELCFJIXX01,1,2047,S2D2,6.7370091
GLOBAL,PWRTRNFJIXX,ELCFJIXX01,1,2047,S2D1,7.6556922
GLOBAL,PWRTRNFJIXX,ELCFJIXX01,1,2048,S1D2,8.0375151
GLOBAL,PWRTRNFJIXX,ELCFJIXX01,1,2048,S1D1,9.0020169
GLOBAL,PWRTRNFJIXX,ELCFJIXX01,1,2048,S2D2,6.9551765
GLOBAL,PWRTRNFJIXX,ELCFJIXX01,1,2048,S2D1,7.9036097
GLOBAL,PWRTRNFJIXX,ELCFJIXX01,1,2049,S1D2,8.2896329
GLOBAL,PWRTRNFJIXX,ELCFJIXX01,1,2049,S1D1,9.2843889
GLOBAL,PWRTRNFJIXX,ELCFJIXX01,1,2049,S2D2,7.1733439
GLOBAL,PWRTRNFJIXX,ELCFJIXX01,1,2049,S2D1,8.1515272
GLOBAL,PWRTRNFJIXX,ELCFJIXX01,1,2050,S1D2,8.5417507
GLOBAL,PWRTRNFJIXX,ELCFJIXX01,1,2050,S1D1,9.5667608
GLOBAL,PWRTRNFJIXX,ELCFJIXX01,1,2050,S2D2,7.3915113
GLOBAL,PWRTRNFJIXX,ELCFJIXX01,1,2050,S2D1,8.3994447
GLOBAL,PWRWONFJIXX01,WONFJIXX,1,2023,S1D2,0.0678024
GLOBAL,PWRWONFJIXX01,WONFJIXX,1,2024,S1D2,0.0678024
GLOBAL,PWRWONFJIXX01,WONFJIXX,1,2025,S1D2,0.0678024
GLOBAL,PWRWONFJIXX01,WONFJIXX,1,2026,S1D2,0.0678024
GLOBAL,PWRWONFJIXX01,WONFJIXX,1,2027,S1D2,0.0678024
GLOBAL,PWRWONFJIXX01,WONFJIXX,1,2028,S1D2,0.0678024
GLOBAL,PWRWONFJIXX01,WONFJIXX,1,2029,S1D2,0.0678024
GLOBAL,PWRWONFJIXX01,WONFJIXX,1,2030,S1D2,0.0678024
GLOBAL,PWRWONFJIXX01,WONFJIXX,1,2031,S1D2,0.0678024
GLOBAL,PWRWONFJIXX01,WONFJIXX,1,2032,S1D2,0.0678024
GLOBAL,PWRWONFJIXX01,WONFJIXX,1,2032,S1D1,0.075970224
GLOBAL,PWRWONFJIXX01,WONFJIXX,1,2032,S2D2,0.10302811
GLOBAL,PWRWONFJIXX01,WONFJIXX,1,2032,S2D1,0.077622563
GLOBAL,PWRWONFJIXX01,WONFJIXX,1,2033,S1D2,0.0678024
GLOBAL,PWRWONFJIXX01,WONFJIXX,1,2033,S1D1,0.075970224
GLOBAL,PWRWONFJIXX01,WONFJIXX,1,2033,S2D2,0.10302811
GLOBAL,PWRWONFJIXX01,WONFJIXX,1,2033,S2D1,0.077622563
GLOBAL,PWRWONFJIXX01,WONFJIXX,1,2034,S1D2,0.0678024
GLOBAL,PWRWONFJIXX01,WONFJIXX,1,2034,S1D1,0.075970224
GLOBAL,PWRWONFJIXX01,WONFJIXX,1,2034,S2D2,0.10302811
GLOBAL,PWRWONFJIXX01,WONFJIXX,1,2034,S2D1,0.077622563
GLOBAL,PWRWONFJIXX01,WONFJIXX,1,2035,S1D2,0.0678024
GLOBAL,PWRWONFJIXX01,WONFJIXX,1,2035,S1D1,0.075970224
GLOBAL,PWRWONFJIXX01,WONFJIXX,1,2035,S2D2,0.10302811
GLOBAL,PWRWONFJIXX01,WONFJIXX,1,2035,S2D1,0.077622563
GLOBAL,PWRWONFJIXX01,WONFJIXX,1,2036,S1D2,0.0678024
GLOBAL,PWRWONFJIXX01,WONFJIXX,1,2036,S1D1,0.075970224
GLOBAL,PWRWONFJIXX01,WONFJIXX,1,2036,S2D2,0.10302811
GLOBAL,PWRWONFJIXX01,WONFJIXX,1,2036,S2D1,0.077622563
GLOBAL,PWRWONFJIXX01,WONFJIXX,1,2037,S1D2,0.0678024
GLOBAL,PWRWONFJIXX01,WONFJIXX,1,2037,S1D1,0.075970224
GLOBAL,PWRWONFJIXX01,WONFJIXX,1,2037,S2D2,0.10302811
GLOBAL,PWRWONFJIXX01,WONFJIXX,1,2037,S2D1,0.077622563
GLOBAL,PWRWONFJIXX01,WONFJIXX,1,2038,S1D2,0.0678024
GLOBAL,PWRWONFJIXX01,WONFJIXX,1,2038,S1D1,0.075970224
GLOBAL,PWRWONFJIXX01,WONFJIXX,1,2038,S2D2,0.10302811
GLOBAL,PWRWONFJIXX01,WONFJIXX,1,2038,S2D1,0.077622563
