REGION,TIMESLICE,TECHNOLOGY,FUEL,YEAR,VALUE
GLOBAL,S1D1,DEMCOMELCFJIXX02,COMELCFJIXX02,2039,0.085615114
GLOBAL,S1D1,LNDAGRFJIC01,CRPCAS,2021,0.07189000014
GLOBAL,S1D1,LNDAGRFJIC01,CRPCAS,2022,0.07220340021999999
GLOBAL,S1D1,LNDAGRFJIC01,CRPCAS,2023,0.07251670034
GLOBAL,S1D1,LNDAGRFJIC01,CRPCAS,2024,0.07283010042
GLOBAL,S1D1,LNDAGRFJIC01,CRPCAS,2025,0.07314349952
GLOBAL,S1D1,LNDAGRFJIC01,CRPCAS,2026,0.07337960013999999
GLOBAL,S1D1,LNDAGRFJIC01,CRPCAS,2027,0.07361569978
GLOBAL,S1D1,LNDAGRFJIC01,CRPCAS,2028,0.07385170044
GLOBAL,S1D1,LNDAGRFJIC01,CRPCAS,2029,0.07408780008
GLOBAL,S1D1,LNDAGRFJIC01,CRPCAS,2030,0.07432389972
GLOBAL,S1D1,LNDAGRFJIC01,CRPCAS,2031,0.07448539979999999
GLOBAL,S1D1,LNDAGRFJIC01,CRPCAS,2032,0.07464699983999999
GLOBAL,S1D1,LNDAGRFJIC01,CRPCAS,2033,0.07480849992000001
GLOBAL,S1D1,LNDAGRFJIC01,CRPCAS,2034,0.07497
GLOBAL,S1D1,LNDAGRFJIC01,CRPCAS,2035,0.07513150008
GLOBAL,S1D1,LNDAGRFJIC01,CRPCAS,2036,0.07520379958000001
GLOBAL,S1D1,LNDAGRFJIC01,CRPCAS,2037,0.07527620002
GLOBAL,S1D1,LNDAGRFJIC01,CRPCAS,2038,0.07534849952
GLOBAL,S1D1,LNDAGRFJIC01,CRPCAS,2039,0.07580659953999999
GLOBAL,S1D1,LNDAGRFJIC01,CRPCAS,2040,0.07549320044
GLOBAL,S1D1,LNDAGRFJIC01,CRPCAS,2041,0.07548200002000001
GLOBAL,S1D1,LNDAGRFJIC01,CRPCAS,2042,0.0754707996
GLOBAL,S1D1,LNDAGRFJIC01,CRPCAS,2043,0.07545970011999999
GLOBAL,S1D1,LNDAGRFJIC01,CRPCAS,2044,0.0754484997
GLOBAL,S1D1,LNDAGRFJIC01,CRPCAS,2045,0.07543730026
GLOBAL,S1D1,LNDAGRFJIC01,CRPCAS,2046,0.07536069954
GLOBAL,S1D1,LNDAGRFJIC01,CRPCAS,2047,0.07528419975999999
GLOBAL,S1D1,LNDAGRFJIC01,CRPCAS,2048,0.07537749968
GLOBAL,S1D1,LNDAGRFJIC01,CRPCAS,2049,0.0752159996
GLOBAL,S1D1,LNDAGRFJIC01,CRPCAS,2050,0.07505449952
GLOBAL,S1D1,LNDAGRFJIC01,CRPOTH,2021,0.06255299972
GLOBAL,S1D1,LNDAGRFJIC01,CRPOTH,2022,0.06282560032
GLOBAL,S1D1,LNDAGRFJIC01,CRPOTH,2023,0.06309830028
GLOBAL,S1D1,LNDAGRFJIC01,CRPOTH,2024,0.06337100024
GLOBAL,S1D1,LNDAGRFJIC01,CRPOTH,2025,0.06364359992
GLOBAL,S1D1,LNDAGRFJIC01,CRPOTH,2026,0.06384910032
GLOBAL,S1D1,LNDAGRFJIC01,CRPOTH,2027,0.06405450044000001
GLOBAL,S1D1,LNDAGRFJIC01,CRPOTH,2028,0.06425989964
GLOBAL,S1D1,LNDAGRFJIC01,CRPOTH,2029,0.06446529976000001
GLOBAL,S1D1,LNDAGRFJIC01,CRPOTH,2030,0.06467080016000001
GLOBAL,S1D1,LNDAGRFJIC01,CRPOTH,2031,0.0648112998
GLOBAL,S1D1,LNDAGRFJIC01,CRPOTH,2032,0.06495180036
GLOBAL,S1D1,LNDAGRFJIC01,CRPOTH,2033,0.06509240028
GLOBAL,S1D1,LNDAGRFJIC01,CRPOTH,2034,0.06523289992
GLOBAL,S1D1,LNDAGRFJIC01,CRPOTH,2035,0.06537349984
GLOBAL,S1D1,LNDAGRFJIC01,CRPOTH,2036,0.06543640024
GLOBAL,S1D1,LNDAGRFJIC01,CRPOTH,2037,0.06549929972
GLOBAL,S1D1,LNDAGRFJIC01,CRPOTH,2038,0.06556230040000001
GLOBAL,S1D1,LNDAGRFJIC01,CRPOTH,2039,0.06596080024
GLOBAL,S1D1,LNDAGRFJIC01,CRPOTH,2040,0.06568819964
GLOBAL,S1D1,LNDAGRFJIC01,CRPOTH,2041,0.06567839980000001
GLOBAL,S1D1,LNDAGRFJIC01,CRPOTH,2042,0.06566870024
GLOBAL,S1D1,LNDAGRFJIC01,CRPOTH,2043,0.06565899976
GLOBAL,S1D1,LNDAGRFJIC01,CRPOTH,2044,0.0656493002
GLOBAL,S1D1,LNDAGRFJIC01,CRPOTH,2045,0.06563950036
GLOBAL,S1D1,LNDAGRFJIC01,CRPOTH,2046,0.06557289972000001
GLOBAL,S1D1,LNDAGRFJIC01,CRPOTH,2047,0.0655063
GLOBAL,S1D1,LNDAGRFJIC01,CRPOTH,2048,0.06558760040000002
GLOBAL,S1D1,LNDAGRFJIC01,CRPOTH,2049,0.06544709984
GLOBAL,S1D1,LNDAGRFJIC01,CRPOTH,2050,0.06530649992000001
GLOBAL,S1D1,LNDAGRFJIC01,CRPSGC,2021,1.72599999
GLOBAL,S1D1,LNDAGRFJIC01,CRPSGC,2022,1.7335200300000002
GLOBAL,S1D1,LNDAGRFJIC01,CRPSGC,2023,1.7410499700000002
GLOBAL,S1D1,LNDAGRFJIC01,CRPSGC,2024,1.7485700100000003
GLOBAL,S1D1,LNDAGRFJIC01,CRPSGC,2025,1.75609005
GLOBAL,S1D1,LNDAGRFJIC01,CRPSGC,2026,1.76176
GLOBAL,S1D1,LNDAGRFJIC01,CRPSGC,2027,1.7674299500000001
GLOBAL,S1D1,LNDAGRFJIC01,CRPSGC,2028,1.7731000100000003
GLOBAL,S1D1,LNDAGRFJIC01,CRPSGC,2029,1.7787699600000002
GLOBAL,S1D1,LNDAGRFJIC01,CRPSGC,2030,1.7844400200000001
GLOBAL,S1D1,LNDAGRFJIC01,CRPSGC,2031,1.7883100400000003
GLOBAL,S1D1,LNDAGRFJIC01,CRPSGC,2032,1.7921899600000002
GLOBAL,S1D1,LNDAGRFJIC01,CRPSGC,2033,1.7960699900000001
GLOBAL,S1D1,LNDAGRFJIC01,CRPSGC,2034,1.7999500200000003
GLOBAL,S1D1,LNDAGRFJIC01,CRPSGC,2035,1.8038200400000002
GLOBAL,S1D1,LNDAGRFJIC01,CRPSGC,2036,1.8055600200000002
GLOBAL,S1D1,LNDAGRFJIC01,CRPSGC,2037,1.8073000000000001
GLOBAL,S1D1,LNDAGRFJIC01,CRPSGC,2038,1.8090399800000003
GLOBAL,S1D1,LNDAGRFJIC01,CRPSGC,2039,1.7826762800000002
GLOBAL,S1D1,LNDAGRFJIC01,CRPSGC,2040,1.8125100400000003
GLOBAL,S1D1,LNDAGRFJIC01,CRPSGC,2042,1.81197005
GLOBAL,S1D1,LNDAGRFJIC01,CRPSGC,2043,1.8117
GLOBAL,S1D1,LNDAGRFJIC01,CRPSGC,2044,1.8114399600000002
GLOBAL,S1D1,LNDAGRFJIC01,CRPSGC,2045,1.8111700200000003
GLOBAL,S1D1,LNDAGRFJIC01,CRPSGC,2046,1.80933005
GLOBAL,S1D1,LNDAGRFJIC01,CRPSGC,2047,1.8074899700000002
GLOBAL,S1D1,LNDAGRFJIC01,CRPSGC,2048,1.7932717000000002
GLOBAL,S1D1,LNDAGRFJIC01,CRPSGC,2049,1.79762088
GLOBAL,S1D1,LNDAGRFJIC01,CRPSGC,2050,1.8019799600000002
GLOBAL,S1D1,LNDAGRFJIC01,WTREVTFJI,2021,3.1451658621
GLOBAL,S1D1,LNDAGRFJIC01,WTREVTFJI,2022,3.158869411
GLOBAL,S1D1,LNDAGRFJIC01,WTREVTFJI,2023,3.1725900143
GLOBAL,S1D1,LNDAGRFJIC01,WTREVTFJI,2024,3.1862936604
GLOBAL,S1D1,LNDAGRFJIC01,WTREVTFJI,2025,3.1999972069999996
GLOBAL,S1D1,LNDAGRFJIC01,WTREVTFJI,2026,3.2103290765999994
GLOBAL,S1D1,LNDAGRFJIC01,WTREVTFJI,2027,3.2206608467
GLOBAL,S1D1,LNDAGRFJIC01,WTREVTFJI,2028,3.2309926645
GLOBAL,S1D1,LNDAGRFJIC01,WTREVTFJI,2029,3.2413244346
GLOBAL,S1D1,LNDAGRFJIC01,WTREVTFJI,2030,3.2516564928
GLOBAL,S1D1,LNDAGRFJIC01,WTREVTFJI,2031,3.2587092324999998
GLOBAL,S1D1,LNDAGRFJIC01,WTREVTFJI,2032,3.2657792159
GLOBAL,S1D1,LNDAGRFJIC01,WTREVTFJI,2033,3.2728493437000004
GLOBAL,S1D1,LNDAGRFJIC01,WTREVTFJI,2034,3.2799193734000003
GLOBAL,S1D1,LNDAGRFJIC01,WTREVTFJI,2035,3.2869722112
GLOBAL,S1D1,LNDAGRFJIC01,WTREVTFJI,2036,3.2901424491999998
GLOBAL,S1D1,LNDAGRFJIC01,WTREVTFJI,2037,3.2933128304999997
GLOBAL,S1D1,LNDAGRFJIC01,WTREVTFJI,2038,3.2964831666000003
GLOBAL,S1D1,LNDAGRFJIC01,WTREVTFJI,2039,3.2519901319999995
GLOBAL,S1D1,LNDAGRFJIC01,WTREVTFJI,2040,3.3028067845000004
GLOBAL,S1D1,LNDAGRFJIC01,WTREVTFJI,2041,0.1720820371
GLOBAL,S1D1,LNDAGRFJIC01,WTREVTFJI,2042,3.3018229977999995
GLOBAL,S1D1,LNDAGRFJIC01,WTREVTFJI,2043,3.3013312018
GLOBAL,S1D1,LNDAGRFJIC01,WTREVTFJI,2044,3.3008565525000004
GLOBAL,S1D1,LNDAGRFJIC01,WTREVTFJI,2045,3.3003647065000004
GLOBAL,S1D1,LNDAGRFJIC01,WTREVTFJI,2046,3.2970119941
GLOBAL,S1D1,LNDAGRFJIC01,WTREVTFJI,2047,3.2936592368
GLOBAL,S1D1,LNDAGRFJIC01,WTREVTFJI,2048,3.2693132253999995
GLOBAL,S1D1,LNDAGRFJIC01,WTREVTFJI,2049,3.2764572847999998
GLOBAL,S1D1,LNDAGRFJIC01,WTREVTFJI,2050,3.2836183469999995
GLOBAL,S1D1,LNDAGRFJIC01,WTRGRCFJI,2021,0.07542959831
GLOBAL,S1D1,LNDAGRFJIC01,WTRGRCFJI,2022,0.075758257306
GLOBAL,S1D1,LNDAGRFJIC01,WTRGRCFJI,2023,0.076087288506
GLOBAL,S1D1,LNDAGRFJIC01,WTRGRCFJI,2024,0.076415957438
GLOBAL,S1D1,LNDAGRFJIC01,WTRGRCFJI,2025,0.07674461627599999
GLOBAL,S1D1,LNDAGRFJIC01,WTRGRCFJI,2026,0.07699240147
GLOBAL,S1D1,LNDAGRFJIC01,WTRGRCFJI,2027,0.07724017657000001
GLOBAL,S1D1,LNDAGRFJIC01,WTRGRCFJI,2028,0.07748794901200001
GLOBAL,S1D1,LNDAGRFJIC01,WTRGRCFJI,2029,0.077735724112
GLOBAL,S1D1,LNDAGRFJIC01,WTRGRCFJI,2030,0.07798351334000002
GLOBAL,S1D1,LNDAGRFJIC01,WTRGRCFJI,2031,0.07815268604
GLOBAL,S1D1,LNDAGRFJIC01,WTRGRCFJI,2032,0.078322234564
GLOBAL,S1D1,LNDAGRFJIC01,WTRGRCFJI,2033,0.07849179039200001
GLOBAL,S1D1,LNDAGRFJIC01,WTRGRCFJI,2034,0.078661336192
GLOBAL,S1D1,LNDAGRFJIC01,WTRGRCFJI,2035,0.07883051892000001
GLOBAL,S1D1,LNDAGRFJIC01,WTRGRCFJI,2036,0.07890653191000001
GLOBAL,S1D1,LNDAGRFJIC01,WTRGRCFJI,2037,0.07898255160600001
GLOBAL,S1D1,LNDAGRFJIC01,WTRGRCFJI,2038,0.07905857462400001
GLOBAL,S1D1,LNDAGRFJIC01,WTRGRCFJI,2039,0.078146629242
GLOBAL,S1D1,LNDAGRFJIC01,WTRGRCFJI,2040,0.079210248312
GLOBAL,S1D1,LNDAGRFJIC01,WTRGRCFJI,2041,0.011651321614000001
GLOBAL,S1D1,LNDAGRFJIC01,WTRGRCFJI,2042,0.07918666284399999
GLOBAL,S1D1,LNDAGRFJIC01,WTRGRCFJI,2043,0.07917487978000001
GLOBAL,S1D1,LNDAGRFJIC01,WTRGRCFJI,2044,0.07916346311000001
GLOBAL,S1D1,LNDAGRFJIC01,WTRGRCFJI,2045,0.07915166747800001
GLOBAL,S1D1,LNDAGRFJIC01,WTRGRCFJI,2046,0.07907126788999999
GLOBAL,S1D1,LNDAGRFJIC01,WTRGRCFJI,2047,0.07899087109200001
GLOBAL,S1D1,LNDAGRFJIC01,WTRGRCFJI,2048,0.078475330896
GLOBAL,S1D1,LNDAGRFJIC01,WTRGRCFJI,2049,0.078612510104
GLOBAL,S1D1,LNDAGRFJIC01,WTRGRCFJI,2050,0.078750048376
GLOBAL,S1D1,LNDAGRFJIC01,WTRSURFJI,2021,1.3961247202999998
GLOBAL,S1D1,LNDAGRFJIC01,WTRSURFJI,2022,1.402207858
GLOBAL,S1D1,LNDAGRFJIC01,WTRSURFJI,2023,1.4082978969000002
GLOBAL,S1D1,LNDAGRFJIC01,WTRSURFJI,2024,1.4143812182
GLOBAL,S1D1,LNDAGRFJIC01,WTRSURFJI,2025,1.420464353
GLOBAL,S1D1,LNDAGRFJIC01,WTRSURFJI,2026,1.4250506047999998
GLOBAL,S1D1,LNDAGRFJIC01,WTRSURFJI,2027,1.4296366701
GLOBAL,S1D1,LNDAGRFJIC01,WTRSURFJI,2028,1.4342226885
GLOBAL,S1D1,LNDAGRFJIC01,WTRSURFJI,2029,1.4388087538000003
GLOBAL,S1D1,LNDAGRFJIC01,WTRSURFJI,2030,1.4433950804
GLOBAL,S1D1,LNDAGRFJIC01,WTRSURFJI,2031,1.4465262865000001
GLOBAL,S1D1,LNDAGRFJIC01,WTRSURFJI,2032,1.4496644566999999
GLOBAL,S1D1,LNDAGRFJIC01,WTRSURFJI,2033,1.4528027641
GLOBAL,S1D1,LNDAGRFJIC01,WTRSURFJI,2034,1.4559408862
GLOBAL,S1D1,LNDAGRFJIC01,WTRSURFJI,2035,1.4590722776
GLOBAL,S1D1,LNDAGRFJIC01,WTRSURFJI,2036,1.4604792046
GLOBAL,S1D1,LNDAGRFJIC01,WTRSURFJI,2037,1.4618862535
GLOBAL,S1D1,LNDAGRFJIC01,WTRSURFJI,2038,1.4632933658
GLOBAL,S1D1,LNDAGRFJIC01,WTRSURFJI,2039,1.446375743
GLOBAL,S1D1,LNDAGRFJIC01,WTRSURFJI,2040,1.4661006865
GLOBAL,S1D1,LNDAGRFJIC01,WTRSURFJI,2041,0.2137891993
GLOBAL,S1D1,LNDAGRFJIC01,WTRSURFJI,2042,1.4656641414
GLOBAL,S1D1,LNDAGRFJIC01,WTRSURFJI,2043,1.4654460454
GLOBAL,S1D1,LNDAGRFJIC01,WTRSURFJI,2044,1.4652347435000002
GLOBAL,S1D1,LNDAGRFJIC01,WTRSURFJI,2045,1.4650164174999998
GLOBAL,S1D1,LNDAGRFJIC01,WTRSURFJI,2046,1.4635283023
GLOBAL,S1D1,LNDAGRFJIC01,WTRSURFJI,2047,1.4620402364
GLOBAL,S1D1,LNDAGRFJIC01,WTRSURFJI,2048,1.4524811782
GLOBAL,S1D1,LNDAGRFJIC01,WTRSURFJI,2049,1.4550286904
GLOBAL,S1D1,LNDAGRFJIC01,WTRSURFJI,2050,1.457582859
GLOBAL,S1D1,LNDAGRFJIC02,WTREVTFJI,2021,59.7311014
GLOBAL,S1D1,LNDAGRFJIC02,WTREVTFJI,2034,59.536869599999996
GLOBAL,S1D1,LNDAGRFJIC02,WTREVTFJI,2040,59.4515143
GLOBAL,S1D1,LNDAGRFJIC02,WTRGRCFJI,2021,2.178428404
GLOBAL,S1D1,LNDAGRFJIC02,WTRGRCFJI,2034,2.171344656
GLOBAL,S1D1,LNDAGRFJIC02,WTRGRCFJI,2040,2.168231698
GLOBAL,S1D1,LNDAGRFJIC02,WTRSURFJI,2021,26.00059708
GLOBAL,S1D1,LNDAGRFJIC02,WTRSURFJI,2034,25.916049119999997
GLOBAL,S1D1,LNDAGRFJIC02,WTRSURFJI,2040,25.87889446
GLOBAL,S1D1,LNDAGRFJIC03,WTREVTFJI,2034,47.0623635
GLOBAL,S1D1,LNDAGRFJIC03,WTREVTFJI,2040,47.0623635
GLOBAL,S1D1,LNDAGRFJIC03,WTRGRCFJI,2034,1.53571923
GLOBAL,S1D1,LNDAGRFJIC03,WTRGRCFJI,2040,1.53571923
GLOBAL,S1D1,LNDAGRFJIC03,WTRSURFJI,2034,18.3295521
GLOBAL,S1D1,LNDAGRFJIC03,WTRSURFJI,2040,18.3295521
GLOBAL,S1D1,LNDAGRFJIC04,CRPCON,2021,0.021679500219999998
GLOBAL,S1D1,LNDAGRFJIC04,CRPCON,2022,0.02177400015
GLOBAL,S1D1,LNDAGRFJIC04,CRPCON,2023,0.021868500080000002
GLOBAL,S1D1,LNDAGRFJIC04,CRPCON,2024,0.02196300001
GLOBAL,S1D1,LNDAGRFJIC04,CRPCON,2025,0.02205749994
GLOBAL,S1D1,LNDAGRFJIC04,CRPCON,2026,0.02212869988
GLOBAL,S1D1,LNDAGRFJIC04,CRPCON,2027,0.02219989982
GLOBAL,S1D1,LNDAGRFJIC04,CRPCON,2028,0.02227109976
GLOBAL,S1D1,LNDAGRFJIC04,CRPCON,2029,0.02234230019
GLOBAL,S1D1,LNDAGRFJIC04,CRPCON,2030,0.02241350013
GLOBAL,S1D1,LNDAGRFJIC04,CRPCON,2031,0.02246219976
GLOBAL,S1D1,LNDAGRFJIC04,CRPCON,2032,0.022510899879999997
GLOBAL,S1D1,LNDAGRFJIC04,CRPCON,2033,0.0225596
GLOBAL,S1D1,LNDAGRFJIC04,CRPCON,2034,0.02260830012
GLOBAL,S1D1,LNDAGRFJIC04,CRPCON,2035,0.02265700024
GLOBAL,S1D1,LNDAGRFJIC04,CRPCON,2036,0.022678799849999997
GLOBAL,S1D1,LNDAGRFJIC04,CRPCON,2037,0.02270069991
GLOBAL,S1D1,LNDAGRFJIC04,CRPCON,2038,0.02272250001
GLOBAL,S1D1,LNDAGRFJIC04,CRPCON,2039,0.02286060014
GLOBAL,S1D1,LNDAGRFJIC04,CRPCON,2040,0.022766100209999997
GLOBAL,S1D1,LNDAGRFJIC04,CRPCON,2041,0.0227627001
GLOBAL,S1D1,LNDAGRFJIC04,CRPCON,2042,0.02275939995
GLOBAL,S1D1,LNDAGRFJIC04,CRPCON,2043,0.022755999840000003
GLOBAL,S1D1,LNDAGRFJIC04,CRPCON,2044,0.02275260022
GLOBAL,S1D1,LNDAGRFJIC04,CRPCON,2045,0.02274920011
GLOBAL,S1D1,LNDAGRFJIC04,CRPCON,2046,0.0227262
GLOBAL,S1D1,LNDAGRFJIC04,CRPCON,2047,0.022703099929999998
GLOBAL,S1D1,LNDAGRFJIC04,CRPCON,2048,0.022731199959999997
GLOBAL,S1D1,LNDAGRFJIC04,CRPCON,2049,0.02268249984
GLOBAL,S1D1,LNDAGRFJIC04,CRPCON,2050,0.02263380021
GLOBAL,S1D1,LNDAGRFJIC04,CRPSGC,2041,1.8122399900000001
GLOBAL,S1D1,LNDAGRFJIC04,CRPYAM,2021,0.05389369986
GLOBAL,S1D1,LNDAGRFJIC04,CRPYAM,2022,0.05412859998
GLOBAL,S1D1,LNDAGRFJIC04,CRPYAM,2023,0.0543636002
GLOBAL,S1D1,LNDAGRFJIC04,CRPYAM,2024,0.05459850032
GLOBAL,S1D1,LNDAGRFJIC04,CRPYAM,2025,0.05483340044
GLOBAL,S1D1,LNDAGRFJIC04,CRPYAM,2026,0.05501039999
GLOBAL,S1D1,LNDAGRFJIC04,CRPYAM,2027,0.05518740045
GLOBAL,S1D1,LNDAGRFJIC04,CRPYAM,2028,0.0553644
GLOBAL,S1D1,LNDAGRFJIC04,CRPYAM,2029,0.05554130036
GLOBAL,S1D1,LNDAGRFJIC04,CRPYAM,2030,0.055718299910000005
GLOBAL,S1D1,LNDAGRFJIC04,CRPYAM,2031,0.05583939998
GLOBAL,S1D1,LNDAGRFJIC04,CRPYAM,2032,0.05596050005
GLOBAL,S1D1,LNDAGRFJIC04,CRPYAM,2033,0.056081600120000005
GLOBAL,S1D1,LNDAGRFJIC04,CRPYAM,2034,0.056202700189999996
GLOBAL,S1D1,LNDAGRFJIC04,CRPYAM,2035,0.056323700160000004
GLOBAL,S1D1,LNDAGRFJIC04,CRPYAM,2036,0.05637799986
GLOBAL,S1D1,LNDAGRFJIC04,CRPYAM,2037,0.056432200370000005
GLOBAL,S1D1,LNDAGRFJIC04,CRPYAM,2038,0.056486399970000004
GLOBAL,S1D1,LNDAGRFJIC04,CRPYAM,2039,0.056829800300000004
GLOBAL,S1D1,LNDAGRFJIC04,CRPYAM,2040,0.05659490018
GLOBAL,S1D1,LNDAGRFJIC04,CRPYAM,2041,0.05658649997
GLOBAL,S1D1,LNDAGRFJIC04,CRPYAM,2042,0.05657809976
GLOBAL,S1D1,LNDAGRFJIC04,CRPYAM,2043,0.05656979965
GLOBAL,S1D1,LNDAGRFJIC04,CRPYAM,2044,0.05656140035
GLOBAL,S1D1,LNDAGRFJIC04,CRPYAM,2045,0.056553000140000004
GLOBAL,S1D1,LNDAGRFJIC04,CRPYAM,2046,0.05649560007
GLOBAL,S1D1,LNDAGRFJIC04,CRPYAM,2047,0.0564382
GLOBAL,S1D1,LNDAGRFJIC04,CRPYAM,2048,0.056508099830000005
GLOBAL,S1D1,LNDAGRFJIC04,CRPYAM,2049,0.05638699976
GLOBAL,S1D1,LNDAGRFJIC04,CRPYAM,2050,0.05626599979
GLOBAL,S1D1,LNDAGRFJIC04,WTREVTFJI,2021,0.09948577498
GLOBAL,S1D1,LNDAGRFJIC04,WTREVTFJI,2022,0.09991940685
GLOBAL,S1D1,LNDAGRFJIC04,WTREVTFJI,2023,0.10035314872000001
GLOBAL,S1D1,LNDAGRFJIC04,WTREVTFJI,2024,0.10078678059
GLOBAL,S1D1,LNDAGRFJIC04,WTREVTFJI,2025,0.10122041245999999
GLOBAL,S1D1,LNDAGRFJIC04,WTREVTFJI,2026,0.10154714592
GLOBAL,S1D1,LNDAGRFJIC04,WTREVTFJI,2027,0.10187388038
GLOBAL,S1D1,LNDAGRFJIC04,WTREVTFJI,2028,0.10220061384
GLOBAL,S1D1,LNDAGRFJIC04,WTREVTFJI,2029,0.10252723921000001
GLOBAL,S1D1,LNDAGRFJIC04,WTREVTFJI,2030,0.10285397267
GLOBAL,S1D1,LNDAGRFJIC04,WTREVTFJI,2031,0.10307749184000001
GLOBAL,S1D1,LNDAGRFJIC04,WTREVTFJI,2032,0.10330101191999999
GLOBAL,S1D1,LNDAGRFJIC04,WTREVTFJI,2033,0.103524532
GLOBAL,S1D1,LNDAGRFJIC04,WTREVTFJI,2034,9.53698360208
GLOBAL,S1D1,LNDAGRFJIC04,WTREVTFJI,2035,0.10397146216
GLOBAL,S1D1,LNDAGRFJIC04,WTREVTFJI,2036,0.10407161714999999
GLOBAL,S1D1,LNDAGRFJIC04,WTREVTFJI,2037,0.10417184969000001
GLOBAL,S1D1,LNDAGRFJIC04,WTREVTFJI,2038,0.10427189559
GLOBAL,S1D1,LNDAGRFJIC04,WTREVTFJI,2039,0.10490573026
GLOBAL,S1D1,LNDAGRFJIC04,WTREVTFJI,2040,0.10447209838999999
GLOBAL,S1D1,LNDAGRFJIC04,WTREVTFJI,2041,2.0814456329
GLOBAL,S1D1,LNDAGRFJIC04,WTREVTFJI,2042,0.10444119304999999
GLOBAL,S1D1,LNDAGRFJIC04,WTREVTFJI,2043,0.10442575756
GLOBAL,S1D1,LNDAGRFJIC04,WTREVTFJI,2044,0.10441021398
GLOBAL,S1D1,LNDAGRFJIC04,WTREVTFJI,2045,0.10439466849000001
GLOBAL,S1D1,LNDAGRFJIC04,WTREVTFJI,2046,0.104288877
GLOBAL,S1D1,LNDAGRFJIC04,WTREVTFJI,2047,0.10418289987
GLOBAL,S1D1,LNDAGRFJIC04,WTREVTFJI,2048,0.10431189864
GLOBAL,S1D1,LNDAGRFJIC04,WTREVTFJI,2049,0.10408837856
GLOBAL,S1D1,LNDAGRFJIC04,WTREVTFJI,2050,0.10386496939
GLOBAL,S1D1,LNDAGRFJIC04,WTRGRCFJI,2021,0.006015411934000001
GLOBAL,S1D1,LNDAGRFJIC04,WTRGRCFJI,2022,0.006041631602999999
GLOBAL,S1D1,LNDAGRFJIC04,WTRGRCFJI,2023,0.006067857432
GLOBAL,S1D1,LNDAGRFJIC04,WTRGRCFJI,2024,0.006094077101
GLOBAL,S1D1,LNDAGRFJIC04,WTRGRCFJI,2025,0.00612029677
GLOBAL,S1D1,LNDAGRFJIC04,WTRGRCFJI,2026,0.006140052716000001
GLOBAL,S1D1,LNDAGRFJIC04,WTRGRCFJI,2027,0.006159808718000001
GLOBAL,S1D1,LNDAGRFJIC04,WTRGRCFJI,2028,0.006179564663999999
GLOBAL,S1D1,LNDAGRFJIC04,WTRGRCFJI,2029,0.006199314567
GLOBAL,S1D1,LNDAGRFJIC04,WTRGRCFJI,2030,0.006219070513
GLOBAL,S1D1,LNDAGRFJIC04,WTRGRCFJI,2031,0.006232585432
GLOBAL,S1D1,LNDAGRFJIC04,WTRGRCFJI,2032,0.006246100412
GLOBAL,S1D1,LNDAGRFJIC04,WTRGRCFJI,2033,0.006259615392
GLOBAL,S1D1,LNDAGRFJIC04,WTRGRCFJI,2034,0.295559020572
GLOBAL,S1D1,LNDAGRFJIC04,WTRGRCFJI,2035,0.006286639192
GLOBAL,S1D1,LNDAGRFJIC04,WTRGRCFJI,2036,0.006292694541
GLOBAL,S1D1,LNDAGRFJIC04,WTRGRCFJI,2037,0.006298756291
GLOBAL,S1D1,LNDAGRFJIC04,WTRGRCFJI,2038,0.006304805541
GLOBAL,S1D1,LNDAGRFJIC04,WTRGRCFJI,2039,0.006343129926
GLOBAL,S1D1,LNDAGRFJIC04,WTRGRCFJI,2040,0.006316910257
GLOBAL,S1D1,LNDAGRFJIC04,WTRGRCFJI,2041,0.082100551442
GLOBAL,S1D1,LNDAGRFJIC04,WTRGRCFJI,2042,0.006315042271
GLOBAL,S1D1,LNDAGRFJIC04,WTRGRCFJI,2043,0.006314108216
GLOBAL,S1D1,LNDAGRFJIC04,WTRGRCFJI,2044,0.006313168118
GLOBAL,S1D1,LNDAGRFJIC04,WTRGRCFJI,2045,0.0063122279029999995
GLOBAL,S1D1,LNDAGRFJIC04,WTRGRCFJI,2046,0.0063058323119999996
GLOBAL,S1D1,LNDAGRFJIC04,WTRGRCFJI,2047,0.006299424277
GLOBAL,S1D1,LNDAGRFJIC04,WTRGRCFJI,2048,0.006307223972
GLOBAL,S1D1,LNDAGRFJIC04,WTRGRCFJI,2049,0.006293708992
GLOBAL,S1D1,LNDAGRFJIC04,WTRGRCFJI,2050,0.006280200233
GLOBAL,S1D1,LNDAGRFJIC04,WTRSURFJI,2021,0.1078921118
GLOBAL,S1D1,LNDAGRFJIC04,WTRSURFJI,2022,0.10836238649999999
GLOBAL,S1D1,LNDAGRFJIC04,WTRSURFJI,2023,0.10883277120000001
GLOBAL,S1D1,LNDAGRFJIC04,WTRSURFJI,2024,0.1093030459
GLOBAL,S1D1,LNDAGRFJIC04,WTRSURFJI,2025,0.1097733206
GLOBAL,S1D1,LNDAGRFJIC04,WTRSURFJI,2026,0.1101276622
GLOBAL,S1D1,LNDAGRFJIC04,WTRSURFJI,2027,0.1104820048
GLOBAL,S1D1,LNDAGRFJIC04,WTRSURFJI,2028,0.11083634640000001
GLOBAL,S1D1,LNDAGRFJIC04,WTRSURFJI,2029,0.1111905801
GLOBAL,S1D1,LNDAGRFJIC04,WTRSURFJI,2030,0.11154492170000001
GLOBAL,S1D1,LNDAGRFJIC04,WTRSURFJI,2031,0.1117873244
GLOBAL,S1D1,LNDAGRFJIC04,WTRSURFJI,2032,0.11202972820000001
GLOBAL,S1D1,LNDAGRFJIC04,WTRSURFJI,2033,0.112272132
GLOBAL,S1D1,LNDAGRFJIC04,WTRSURFJI,2034,3.5713675708
GLOBAL,S1D1,LNDAGRFJIC04,WTRSURFJI,2035,0.11275682960000001
GLOBAL,S1D1,LNDAGRFJIC04,WTRSURFJI,2036,0.1128654375
GLOBAL,S1D1,LNDAGRFJIC04,WTRSURFJI,2037,0.11297416190000001
GLOBAL,S1D1,LNDAGRFJIC04,WTRSURFJI,2038,0.1130826609
GLOBAL,S1D1,LNDAGRFJIC04,WTRSURFJI,2039,0.11377004460000001
GLOBAL,S1D1,LNDAGRFJIC04,WTRSURFJI,2040,0.1132997699
GLOBAL,S1D1,LNDAGRFJIC04,WTRSURFJI,2041,1.5136501709999999
GLOBAL,S1D1,LNDAGRFJIC04,WTRSURFJI,2042,0.1132662665
GLOBAL,S1D1,LNDAGRFJIC04,WTRSURFJI,2043,0.1132495126
GLOBAL,S1D1,LNDAGRFJIC04,WTRSURFJI,2044,0.1132326508
GLOBAL,S1D1,LNDAGRFJIC04,WTRSURFJI,2045,0.1132157869
GLOBAL,S1D1,LNDAGRFJIC04,WTRSURFJI,2046,0.113101077
GLOBAL,S1D1,LNDAGRFJIC04,WTRSURFJI,2047,0.1129861427
GLOBAL,S1D1,LNDAGRFJIC04,WTRSURFJI,2048,0.1131260374
GLOBAL,S1D1,LNDAGRFJIC04,WTRSURFJI,2049,0.1128836336
GLOBAL,S1D1,LNDAGRFJIC04,WTRSURFJI,2050,0.1126413409
GLOBAL,S1D1,LNDCASHRTOT,LCASHRTOT,2021,0.073357143
GLOBAL,S1D1,LNDCASHRTOT,LCASHRTOT,2022,0.073676939
GLOBAL,S1D1,LNDCASHRTOT,LCASHRTOT,2023,0.073996633
GLOBAL,S1D1,LNDCASHRTOT,LCASHRTOT,2024,0.074316429
GLOBAL,S1D1,LNDCASHRTOT,LCASHRTOT,2025,0.074636224
GLOBAL,S1D1,LNDCASHRTOT,LCASHRTOT,2026,0.074877143
GLOBAL,S1D1,LNDCASHRTOT,LCASHRTOT,2027,0.075118061
GLOBAL,S1D1,LNDCASHRTOT,LCASHRTOT,2028,0.075358878
GLOBAL,S1D1,LNDCASHRTOT,LCASHRTOT,2029,0.075599796
GLOBAL,S1D1,LNDCASHRTOT,LCASHRTOT,2030,0.075840714
GLOBAL,S1D1,LNDCASHRTOT,LCASHRTOT,2031,0.07600551
GLOBAL,S1D1,LNDCASHRTOT,LCASHRTOT,2032,0.076170408
GLOBAL,S1D1,LNDCASHRTOT,LCASHRTOT,2033,0.076335204
GLOBAL,S1D1,LNDCASHRTOT,LCASHRTOT,2034,0.0765
GLOBAL,S1D1,LNDCASHRTOT,LCASHRTOT,2035,0.076664796
GLOBAL,S1D1,LNDCASHRTOT,LCASHRTOT,2036,0.076738571
GLOBAL,S1D1,LNDCASHRTOT,LCASHRTOT,2037,0.076812449
GLOBAL,S1D1,LNDCASHRTOT,LCASHRTOT,2038,0.076886224
GLOBAL,S1D1,LNDCASHRTOT,LCASHRTOT,2039,0.077353673
GLOBAL,S1D1,LNDCASHRTOT,LCASHRTOT,2040,0.077033878
GLOBAL,S1D1,LNDCASHRTOT,LCASHRTOT,2041,0.077022449
GLOBAL,S1D1,LNDCASHRTOT,LCASHRTOT,2042,0.07701102
GLOBAL,S1D1,LNDCASHRTOT,LCASHRTOT,2043,0.076999694
GLOBAL,S1D1,LNDCASHRTOT,LCASHRTOT,2044,0.076988265
GLOBAL,S1D1,LNDCASHRTOT,LCASHRTOT,2045,0.076976837
GLOBAL,S1D1,LNDCASHRTOT,LCASHRTOT,2046,0.076898673
GLOBAL,S1D1,LNDCASHRTOT,LCASHRTOT,2047,0.076820612
GLOBAL,S1D1,LNDCASHRTOT,LCASHRTOT,2048,0.076915816
GLOBAL,S1D1,LNDCASHRTOT,LCASHRTOT,2049,0.07675102
GLOBAL,S1D1,LNDCASHRTOT,LCASHRTOT,2050,0.076586224
GLOBAL,S1D1,LNDCONHRTOT,LCONHRTOT,2021,0.044243878
GLOBAL,S1D1,LNDCONHRTOT,LCONHRTOT,2022,0.044436735
GLOBAL,S1D1,LNDCONHRTOT,LCONHRTOT,2023,0.044629592
GLOBAL,S1D1,LNDCONHRTOT,LCONHRTOT,2024,0.044822449
GLOBAL,S1D1,LNDCONHRTOT,LCONHRTOT,2025,0.045015306
GLOBAL,S1D1,LNDCONHRTOT,LCONHRTOT,2026,0.045160612
GLOBAL,S1D1,LNDCONHRTOT,LCONHRTOT,2027,0.045305918
GLOBAL,S1D1,LNDCONHRTOT,LCONHRTOT,2028,0.045451224
GLOBAL,S1D1,LNDCONHRTOT,LCONHRTOT,2029,0.045596531
GLOBAL,S1D1,LNDCONHRTOT,LCONHRTOT,2030,0.045741837
GLOBAL,S1D1,LNDCONHRTOT,LCONHRTOT,2031,0.045841224
GLOBAL,S1D1,LNDCONHRTOT,LCONHRTOT,2032,0.045940612
GLOBAL,S1D1,LNDCONHRTOT,LCONHRTOT,2033,0.04604
GLOBAL,S1D1,LNDCONHRTOT,LCONHRTOT,2034,0.046139388
GLOBAL,S1D1,LNDCONHRTOT,LCONHRTOT,2035,0.046238776
GLOBAL,S1D1,LNDCONHRTOT,LCONHRTOT,2036,0.046283265
GLOBAL,S1D1,LNDCONHRTOT,LCONHRTOT,2037,0.046327959
GLOBAL,S1D1,LNDCONHRTOT,LCONHRTOT,2038,0.046372449
GLOBAL,S1D1,LNDCONHRTOT,LCONHRTOT,2039,0.046654286
GLOBAL,S1D1,LNDCONHRTOT,LCONHRTOT,2040,0.046461429
GLOBAL,S1D1,LNDCONHRTOT,LCONHRTOT,2041,0.04645449
GLOBAL,S1D1,LNDCONHRTOT,LCONHRTOT,2042,0.046447755
GLOBAL,S1D1,LNDCONHRTOT,LCONHRTOT,2043,0.046440816
GLOBAL,S1D1,LNDCONHRTOT,LCONHRTOT,2044,0.046433878
GLOBAL,S1D1,LNDCONHRTOT,LCONHRTOT,2045,0.046426939
GLOBAL,S1D1,LNDCONHRTOT,LCONHRTOT,2046,0.04638
GLOBAL,S1D1,LNDCONHRTOT,LCONHRTOT,2047,0.046332857
GLOBAL,S1D1,LNDCONHRTOT,LCONHRTOT,2048,0.046390204
GLOBAL,S1D1,LNDCONHRTOT,LCONHRTOT,2049,0.046290816
GLOBAL,S1D1,LNDCONHRTOT,LCONHRTOT,2050,0.046191429
GLOBAL,S1D1,LNDFORTOT,LFORTOT,2021,35.135942
GLOBAL,S1D1,LNDFORTOT,LFORTOT,2034,66.080177
GLOBAL,S1D1,LNDFORTOT,LFORTOT,2040,59.741144
GLOBAL,S1D1,LNDOTHHRTOT,LOTHHRTOT,2021,0.067992391
GLOBAL,S1D1,LNDOTHHRTOT,LOTHHRTOT,2022,0.068288696
GLOBAL,S1D1,LNDOTHHRTOT,LOTHHRTOT,2023,0.068585109
GLOBAL,S1D1,LNDOTHHRTOT,LOTHHRTOT,2024,0.068881522
GLOBAL,S1D1,LNDOTHHRTOT,LOTHHRTOT,2025,0.069177826
GLOBAL,S1D1,LNDOTHHRTOT,LOTHHRTOT,2026,0.069401196
GLOBAL,S1D1,LNDOTHHRTOT,LOTHHRTOT,2027,0.069624457
GLOBAL,S1D1,LNDOTHHRTOT,LOTHHRTOT,2028,0.069847717
GLOBAL,S1D1,LNDOTHHRTOT,LOTHHRTOT,2029,0.070070978
GLOBAL,S1D1,LNDOTHHRTOT,LOTHHRTOT,2030,0.070294348
GLOBAL,S1D1,LNDOTHHRTOT,LOTHHRTOT,2031,0.070447065
GLOBAL,S1D1,LNDOTHHRTOT,LOTHHRTOT,2032,0.070599783
GLOBAL,S1D1,LNDOTHHRTOT,LOTHHRTOT,2033,0.070752609
GLOBAL,S1D1,LNDOTHHRTOT,LOTHHRTOT,2034,0.070905326
GLOBAL,S1D1,LNDOTHHRTOT,LOTHHRTOT,2035,0.071058152
GLOBAL,S1D1,LNDOTHHRTOT,LOTHHRTOT,2036,0.071126522
GLOBAL,S1D1,LNDOTHHRTOT,LOTHHRTOT,2037,0.071194891
GLOBAL,S1D1,LNDOTHHRTOT,LOTHHRTOT,2038,0.07126337
GLOBAL,S1D1,LNDOTHHRTOT,LOTHHRTOT,2039,0.071696522
GLOBAL,S1D1,LNDOTHHRTOT,LOTHHRTOT,2040,0.071400217
GLOBAL,S1D1,LNDOTHHRTOT,LOTHHRTOT,2041,0.071389565
GLOBAL,S1D1,LNDOTHHRTOT,LOTHHRTOT,2042,0.071379022
GLOBAL,S1D1,LNDOTHHRTOT,LOTHHRTOT,2043,0.071368478
GLOBAL,S1D1,LNDOTHHRTOT,LOTHHRTOT,2044,0.071357935
GLOBAL,S1D1,LNDOTHHRTOT,LOTHHRTOT,2045,0.071347283
GLOBAL,S1D1,LNDOTHHRTOT,LOTHHRTOT,2046,0.071274891
GLOBAL,S1D1,LNDOTHHRTOT,LOTHHRTOT,2047,0.0712025
GLOBAL,S1D1,LNDOTHHRTOT,LOTHHRTOT,2048,0.07129087
GLOBAL,S1D1,LNDOTHHRTOT,LOTHHRTOT,2049,0.071138152
GLOBAL,S1D1,LNDOTHHRTOT,LOTHHRTOT,2050,0.070985326
GLOBAL,S1D1,LNDSGCHRTOT,LSGCHRTOT,2021,1.5690909
GLOBAL,S1D1,LNDSGCHRTOT,LSGCHRTOT,2022,1.5759273
GLOBAL,S1D1,LNDSGCHRTOT,LSGCHRTOT,2023,1.5827727
GLOBAL,S1D1,LNDSGCHRTOT,LSGCHRTOT,2024,1.5896091
GLOBAL,S1D1,LNDSGCHRTOT,LSGCHRTOT,2025,1.5964455
GLOBAL,S1D1,LNDSGCHRTOT,LSGCHRTOT,2026,1.6016
GLOBAL,S1D1,LNDSGCHRTOT,LSGCHRTOT,2027,1.6067545
GLOBAL,S1D1,LNDSGCHRTOT,LSGCHRTOT,2028,1.6119091
GLOBAL,S1D1,LNDSGCHRTOT,LSGCHRTOT,2029,1.6170636
GLOBAL,S1D1,LNDSGCHRTOT,LSGCHRTOT,2030,1.6222182
GLOBAL,S1D1,LNDSGCHRTOT,LSGCHRTOT,2031,1.6257364
GLOBAL,S1D1,LNDSGCHRTOT,LSGCHRTOT,2032,1.6292636
GLOBAL,S1D1,LNDSGCHRTOT,LSGCHRTOT,2033,1.6327909
GLOBAL,S1D1,LNDSGCHRTOT,LSGCHRTOT,2034,1.6363182
GLOBAL,S1D1,LNDSGCHRTOT,LSGCHRTOT,2035,1.6398364
GLOBAL,S1D1,LNDSGCHRTOT,LSGCHRTOT,2036,1.6414182
GLOBAL,S1D1,LNDSGCHRTOT,LSGCHRTOT,2037,1.643
GLOBAL,S1D1,LNDSGCHRTOT,LSGCHRTOT,2038,1.6445818
GLOBAL,S1D1,LNDSGCHRTOT,LSGCHRTOT,2039,1.6206148
GLOBAL,S1D1,LNDSGCHRTOT,LSGCHRTOT,2040,1.6477364
GLOBAL,S1D1,LNDSGCHRTOT,LSGCHRTOT,2041,1.6474909
GLOBAL,S1D1,LNDSGCHRTOT,LSGCHRTOT,2042,1.6472455
GLOBAL,S1D1,LNDSGCHRTOT,LSGCHRTOT,2043,1.647
GLOBAL,S1D1,LNDSGCHRTOT,LSGCHRTOT,2044,1.6467636
GLOBAL,S1D1,LNDSGCHRTOT,LSGCHRTOT,2045,1.6465182
GLOBAL,S1D1,LNDSGCHRTOT,LSGCHRTOT,2046,1.6448455
GLOBAL,S1D1,LNDSGCHRTOT,LSGCHRTOT,2047,1.6431727
GLOBAL,S1D1,LNDSGCHRTOT,LSGCHRTOT,2048,1.630247
GLOBAL,S1D1,LNDSGCHRTOT,LSGCHRTOT,2049,1.6342008
GLOBAL,S1D1,LNDSGCHRTOT,LSGCHRTOT,2050,1.6381636
GLOBAL,S1D1,LNDYAMHRTOT,LYAMHRTOT,2021,0.059223846
GLOBAL,S1D1,LNDYAMHRTOT,LYAMHRTOT,2022,0.059481978
GLOBAL,S1D1,LNDYAMHRTOT,LYAMHRTOT,2023,0.05974022
GLOBAL,S1D1,LNDYAMHRTOT,LYAMHRTOT,2024,0.059998352
GLOBAL,S1D1,LNDYAMHRTOT,LYAMHRTOT,2025,0.060256484
GLOBAL,S1D1,LNDYAMHRTOT,LYAMHRTOT,2026,0.060450989
GLOBAL,S1D1,LNDYAMHRTOT,LYAMHRTOT,2027,0.060645495
GLOBAL,S1D1,LNDYAMHRTOT,LYAMHRTOT,2028,0.06084
GLOBAL,S1D1,LNDYAMHRTOT,LYAMHRTOT,2029,0.061034396
GLOBAL,S1D1,LNDYAMHRTOT,LYAMHRTOT,2030,0.061228901
GLOBAL,S1D1,LNDYAMHRTOT,LYAMHRTOT,2031,0.061361978
GLOBAL,S1D1,LNDYAMHRTOT,LYAMHRTOT,2032,0.061495055
GLOBAL,S1D1,LNDYAMHRTOT,LYAMHRTOT,2033,0.061628132
GLOBAL,S1D1,LNDYAMHRTOT,LYAMHRTOT,2034,0.061761209
GLOBAL,S1D1,LNDYAMHRTOT,LYAMHRTOT,2035,0.061894176
GLOBAL,S1D1,LNDYAMHRTOT,LYAMHRTOT,2036,0.061953846
GLOBAL,S1D1,LNDYAMHRTOT,LYAMHRTOT,2037,0.062013407
GLOBAL,S1D1,LNDYAMHRTOT,LYAMHRTOT,2038,0.062072967
GLOBAL,S1D1,LNDYAMHRTOT,LYAMHRTOT,2039,0.06245033
GLOBAL,S1D1,LNDYAMHRTOT,LYAMHRTOT,2040,0.062192198
GLOBAL,S1D1,LNDYAMHRTOT,LYAMHRTOT,2041,0.062182967
GLOBAL,S1D1,LNDYAMHRTOT,LYAMHRTOT,2042,0.062173736
GLOBAL,S1D1,LNDYAMHRTOT,LYAMHRTOT,2043,0.062164615
GLOBAL,S1D1,LNDYAMHRTOT,LYAMHRTOT,2044,0.062155385
GLOBAL,S1D1,LNDYAMHRTOT,LYAMHRTOT,2045,0.062146154
GLOBAL,S1D1,LNDYAMHRTOT,LYAMHRTOT,2046,0.062083077
GLOBAL,S1D1,LNDYAMHRTOT,LYAMHRTOT,2047,0.06202
GLOBAL,S1D1,LNDYAMHRTOT,LYAMHRTOT,2048,0.062096813
GLOBAL,S1D1,LNDYAMHRTOT,LYAMHRTOT,2049,0.061963736
GLOBAL,S1D1,LNDYAMHRTOT,LYAMHRTOT,2050,0.061830769
GLOBAL,S1D1,MINCOGINT,COGINT,2026,47.771284
GLOBAL,S1D1,MINCOGINT,COGINT,2034,13.728434
GLOBAL,S1D1,MINGASINT,GASINT,2024,47.807114
GLOBAL,S1D1,MINLNDTOT,LTOT,2021,36.94985
GLOBAL,S1D1,MINLNDTOT,LTOT,2022,1.8218116
GLOBAL,S1D1,MINLNDTOT,LTOT,2023,1.8297243
GLOBAL,S1D1,MINLNDTOT,LTOT,2024,1.8376278
GLOBAL,S1D1,MINLNDTOT,LTOT,2025,1.8455313
GLOBAL,S1D1,MINLNDTOT,LTOT,2026,1.8514899
GLOBAL,S1D1,MINLNDTOT,LTOT,2027,1.8574485
GLOBAL,S1D1,MINLNDTOT,LTOT,2028,1.8634069
GLOBAL,S1D1,MINLNDTOT,LTOT,2029,1.8693653
GLOBAL,S1D1,MINLNDTOT,LTOT,2030,1.875324
GLOBAL,S1D1,MINLNDTOT,LTOT,2031,1.8793921
GLOBAL,S1D1,MINLNDTOT,LTOT,2032,1.8834695
GLOBAL,S1D1,MINLNDTOT,LTOT,2033,1.8875469
GLOBAL,S1D1,MINLNDTOT,LTOT,2034,67.971801
GLOBAL,S1D1,MINLNDTOT,LTOT,2035,1.8956923
GLOBAL,S1D1,MINLNDTOT,LTOT,2036,1.8975204
GLOBAL,S1D1,MINLNDTOT,LTOT,2037,1.8993487
GLOBAL,S1D1,MINLNDTOT,LTOT,2038,1.9011768
GLOBAL,S1D1,MINLNDTOT,LTOT,2039,1.8787696
GLOBAL,S1D1,MINLNDTOT,LTOT,2040,61.645968
GLOBAL,S1D1,MINLNDTOT,LTOT,2041,1.9045404
GLOBAL,S1D1,MINLNDTOT,LTOT,2042,1.904257
GLOBAL,S1D1,MINLNDTOT,LTOT,2043,1.9039736
GLOBAL,S1D1,MINLNDTOT,LTOT,2044,1.9036991
GLOBAL,S1D1,MINLNDTOT,LTOT,2045,1.9034154
GLOBAL,S1D1,MINLNDTOT,LTOT,2046,1.9014821
GLOBAL,S1D1,MINLNDTOT,LTOT,2047,1.8995487
GLOBAL,S1D1,MINLNDTOT,LTOT,2048,1.8869407
GLOBAL,S1D1,MINLNDTOT,LTOT,2049,1.8903445
GLOBAL,S1D1,MINLNDTOT,LTOT,2050,1.8937574
GLOBAL,S1D1,MINOILINT,OILINT,2028,0.1469257
GLOBAL,S1D1,MINOILINT,OILINT,2029,0.67044325
GLOBAL,S1D1,MINOILINT,OILINT,2030,1.1939608
GLOBAL,S1D1,MINOILINT,OILINT,2031,1.7523795
GLOBAL,S1D1,MINOILINT,OILINT,2032,2.1387764
GLOBAL,S1D1,MINOILINT,OILINT,2033,4.6774195
GLOBAL,S1D1,MINOILINT,OILINT,2034,2.0108054
GLOBAL,S1D1,MINOILINT,OILINT,2035,4.6774195
GLOBAL,S1D1,MINOILINT,OILINT,2036,1.8750787
GLOBAL,S1D1,MINOILINT,OILINT,2037,4.6774195
GLOBAL,S1D1,MINOILINT,OILINT,2038,4.6774195
GLOBAL,S1D1,MINOILINT,OILINT,2039,4.6774195
GLOBAL,S1D1,MINOILINT,OILINT,2040,1.4359348
GLOBAL,S1D1,MINOILINT,OILINT,2041,0.66246982
GLOBAL,S1D1,MINPETINT,PETINT,2032,5.6989424
GLOBAL,S1D1,MINPETINT,PETINT,2033,3.7725058
GLOBAL,S1D1,MINPETINT,PETINT,2034,6.7990486
GLOBAL,S1D1,MINPETINT,PETINT,2035,4.0968799
GLOBAL,S1D1,MINPETINT,PETINT,2036,6.7990486
GLOBAL,S1D1,MINPETINT,PETINT,2037,3.9509501
GLOBAL,S1D1,MINPETINT,PETINT,2038,3.8818254
GLOBAL,S1D1,MINPETINT,PETINT,2039,3.9049979
GLOBAL,S1D1,MINPETINT,PETINT,2040,6.7990486
GLOBAL,S1D1,MINPETINT,PETINT,2041,6.7990486
GLOBAL,S1D1,MINPETINT,PETINT,2042,6.7990486
GLOBAL,S1D1,MINPETINT,PETINT,2043,5.6051588
GLOBAL,S1D1,MINPETINT,PETINT,2044,4.5246699
GLOBAL,S1D1,MINPETINT,PETINT,2045,3.1585514
GLOBAL,S1D1,MINPETINT,PETINT,2046,3.564623
GLOBAL,S1D1,MINPETINT,PETINT,2047,3.2947246
GLOBAL,S1D1,MINPETINT,PETINT,2048,8.7208221
GLOBAL,S1D1,MINPETINT,PETINT,2049,4.6518083
GLOBAL,S1D1,MINPETINT,PETINT,2050,5.0663703
GLOBAL,S1D1,MINPRCFJI,WTRPRCFJI,2021,92.675326
GLOBAL,S1D1,MINPRCFJI,WTRPRCFJI,2022,4.8565401
GLOBAL,S1D1,MINPRCFJI,WTRPRCFJI,2023,4.8776337
GLOBAL,S1D1,MINPRCFJI,WTRPRCFJI,2024,4.8987027
GLOBAL,S1D1,MINPRCFJI,WTRPRCFJI,2025,4.9197714
GLOBAL,S1D1,MINPRCFJI,WTRPRCFJI,2026,4.9356559
GLOBAL,S1D1,MINPRCFJI,WTRPRCFJI,2027,4.95154
GLOBAL,S1D1,MINPRCFJI,WTRPRCFJI,2028,4.9674239
GLOBAL,S1D1,MINPRCFJI,WTRPRCFJI,2029,4.9833079
GLOBAL,S1D1,MINPRCFJI,WTRPRCFJI,2030,4.9991923
GLOBAL,S1D1,MINPRCFJI,WTRPRCFJI,2031,5.0100369
GLOBAL,S1D1,MINPRCFJI,WTRPRCFJI,2032,5.0209062
GLOBAL,S1D1,MINPRCFJI,WTRPRCFJI,2033,5.0317756
GLOBAL,S1D1,MINPRCFJI,WTRPRCFJI,2034,172.68149
GLOBAL,S1D1,MINPRCFJI,WTRPRCFJI,2035,5.0534893
GLOBAL,S1D1,MINPRCFJI,WTRPRCFJI,2036,5.0583628
GLOBAL,S1D1,MINPRCFJI,WTRPRCFJI,2037,5.0632367
GLOBAL,S1D1,MINPRCFJI,WTRPRCFJI,2038,5.0681102
GLOBAL,S1D1,MINPRCFJI,WTRPRCFJI,2039,5.0072151
GLOBAL,S1D1,MINPRCFJI,WTRPRCFJI,2040,159.38463
GLOBAL,S1D1,MINPRCFJI,WTRPRCFJI,2041,4.088582
GLOBAL,S1D1,MINPRCFJI,WTRPRCFJI,2042,5.076321
GLOBAL,S1D1,MINPRCFJI,WTRPRCFJI,2043,5.0755655
GLOBAL,S1D1,MINPRCFJI,WTRPRCFJI,2044,5.074834
GLOBAL,S1D1,MINPRCFJI,WTRPRCFJI,2045,5.0740777
GLOBAL,S1D1,MINPRCFJI,WTRPRCFJI,2046,5.0689238
GLOBAL,S1D1,MINPRCFJI,WTRPRCFJI,2047,5.0637698
GLOBAL,S1D1,MINPRCFJI,WTRPRCFJI,2048,5.0296478
GLOBAL,S1D1,MINPRCFJI,WTRPRCFJI,2049,5.0389775
GLOBAL,S1D1,MINPRCFJI,WTRPRCFJI,2050,5.0483316
GLOBAL,S1D1,PWRBIOFJIXX01,ELCFJIXX01,2021,2.1980592
GLOBAL,S1D1,PWRBIOFJIXX01,ELCFJIXX01,2022,2.1980592
GLOBAL,S1D1,PWRBIOFJIXX01,ELCFJIXX01,2023,2.1980592
GLOBAL,S1D1,PWRBIOFJIXX01,ELCFJIXX01,2024,2.1980592
GLOBAL,S1D1,PWRBIOFJIXX01,ELCFJIXX01,2025,2.1980592
GLOBAL,S1D1,PWRBIOFJIXX01,ELCFJIXX01,2026,2.1980592
GLOBAL,S1D1,PWRBIOFJIXX01,ELCFJIXX01,2027,2.1980592
GLOBAL,S1D1,PWRBIOFJIXX01,ELCFJIXX01,2028,2.1980592
GLOBAL,S1D1,PWRBIOFJIXX01,ELCFJIXX01,2029,2.1980592
GLOBAL,S1D1,PWRBIOFJIXX01,ELCFJIXX01,2030,2.1980592
GLOBAL,S1D1,PWRBIOFJIXX01,ELCFJIXX01,2031,2.1980592
GLOBAL,S1D1,PWRBIOFJIXX01,ELCFJIXX01,2032,0.31536
GLOBAL,S1D1,PWRBIOFJIXX01,ELCFJIXX01,2033,0.31536
GLOBAL,S1D1,PWRBIOFJIXX01,ELCFJIXX01,2034,0.36999364
GLOBAL,S1D1,PWRBIOFJIXX01,ELCFJIXX01,2035,0.57079146
GLOBAL,S1D1,PWRBIOFJIXX01,ELCFJIXX01,2036,0.80923886
GLOBAL,S1D1,PWRBIOFJIXX01,ELCFJIXX01,2037,1.0476863
GLOBAL,S1D1,PWRBIOFJIXX01,ELCFJIXX01,2038,1.2735838
GLOBAL,S1D1,PWRBIOFJIXX01,ELCFJIXX01,2039,1.6421991
GLOBAL,S1D1,PWRBIOFJIXX01,ELCFJIXX01,2040,1.7807188
GLOBAL,S1D1,PWRBIOFJIXX01,ELCFJIXX01,2041,2.2795184
GLOBAL,S1D1,PWRBIOFJIXX01,ELCFJIXX01,2042,2.7311023
GLOBAL,S1D1,PWRBIOFJIXX01,ELCFJIXX01,2043,3.3584548
GLOBAL,S1D1,PWRBIOFJIXX01,ELCFJIXX01,2044,3.960043
GLOBAL,S1D1,PWRBIOFJIXX01,ELCFJIXX01,2045,4.6436794
GLOBAL,S1D1,PWRBIOFJIXX01,ELCFJIXX01,2046,4.7933482
GLOBAL,S1D1,PWRBIOFJIXX01,ELCFJIXX01,2047,5.120652
GLOBAL,S1D1,PWRBIOFJIXX01,ELCFJIXX01,2048,4.9603685
GLOBAL,S1D1,PWRBIOFJIXX01,ELCFJIXX01,2049,5.2419044
GLOBAL,S1D1,PWRBIOFJIXX01,ELCFJIXX01,2050,5.2419044
GLOBAL,S1D1,PWRHYDFJIXX01,ELCFJIXX01,2021,1.5857246
GLOBAL,S1D1,PWRHYDFJIXX01,ELCFJIXX01,2022,1.6760836
GLOBAL,S1D1,PWRHYDFJIXX01,ELCFJIXX01,2023,1.7551477
GLOBAL,S1D1,PWRHYDFJIXX01,ELCFJIXX01,2024,1.8455068
GLOBAL,S1D1,PWRHYDFJIXX01,ELCFJIXX01,2025,1.9245709
GLOBAL,S1D1,PWRHYDFJIXX01,ELCFJIXX01,2026,2.093994
GLOBAL,S1D1,PWRHYDFJIXX01,ELCFJIXX01,2027,2.2634172
GLOBAL,S1D1,PWRHYDFJIXX01,ELCFJIXX01,2028,2.3852916
GLOBAL,S1D1,PWRHYDFJIXX01,ELCFJIXX01,2029,2.3852916
GLOBAL,S1D1,PWRHYDFJIXX01,ELCFJIXX01,2030,2.3852916
GLOBAL,S1D1,PWRHYDFJIXX01,ELCFJIXX01,2031,2.3852916
GLOBAL,S1D1,PWRHYDFJIXX01,ELCFJIXX01,2032,2.3852916
GLOBAL,S1D1,PWRHYDFJIXX01,ELCFJIXX01,2033,2.3852916
GLOBAL,S1D1,PWRHYDFJIXX01,ELCFJIXX01,2034,2.3852916
GLOBAL,S1D1,PWRHYDFJIXX01,ELCFJIXX01,2035,2.3852916
GLOBAL,S1D1,PWRHYDFJIXX01,ELCFJIXX01,2036,2.3852916
GLOBAL,S1D1,PWRHYDFJIXX01,ELCFJIXX01,2037,2.3852916
GLOBAL,S1D1,PWRHYDFJIXX01,ELCFJIXX01,2038,2.3852916
GLOBAL,S1D1,PWRHYDFJIXX01,ELCFJIXX01,2039,2.3852916
GLOBAL,S1D1,PWRHYDFJIXX01,ELCFJIXX01,2040,2.3852916
GLOBAL,S1D1,PWRHYDFJIXX01,ELCFJIXX01,2041,2.3852916
GLOBAL,S1D1,PWRHYDFJIXX01,ELCFJIXX01,2042,2.3852916
GLOBAL,S1D1,PWRHYDFJIXX01,ELCFJIXX01,2043,2.3852916
GLOBAL,S1D1,PWRHYDFJIXX01,ELCFJIXX01,2044,2.3852916
GLOBAL,S1D1,PWRHYDFJIXX01,ELCFJIXX01,2045,2.3852916
GLOBAL,S1D1,PWRHYDFJIXX01,ELCFJIXX01,2046,2.3852916
GLOBAL,S1D1,PWRHYDFJIXX01,ELCFJIXX01,2047,2.3852916
GLOBAL,S1D1,PWRHYDFJIXX01,ELCFJIXX01,2048,1.0547126
GLOBAL,S1D1,PWRHYDFJIXX01,ELCFJIXX01,2049,2.3852916
GLOBAL,S1D1,PWRHYDFJIXX01,ELCFJIXX01,2050,2.3852916
GLOBAL,S1D1,PWROILFJIXX01,ELCFJIXX01,2028,0.047548771
GLOBAL,S1D1,PWROILFJIXX01,ELCFJIXX01,2029,0.21697193
GLOBAL,S1D1,PWROILFJIXX01,ELCFJIXX01,2030,0.38639508
GLOBAL,S1D1,PWROILFJIXX01,ELCFJIXX01,2031,0.56711311
GLOBAL,S1D1,PWROILFJIXX01,ELCFJIXX01,2032,0.69216064
GLOBAL,S1D1,PWROILFJIXX01,ELCFJIXX01,2033,1.513728
GLOBAL,S1D1,PWROILFJIXX01,ELCFJIXX01,2034,0.65074609
GLOBAL,S1D1,PWROILFJIXX01,ELCFJIXX01,2035,1.513728
GLOBAL,S1D1,PWROILFJIXX01,ELCFJIXX01,2036,0.60682157
GLOBAL,S1D1,PWROILFJIXX01,ELCFJIXX01,2037,1.513728
GLOBAL,S1D1,PWROILFJIXX01,ELCFJIXX01,2038,1.513728
GLOBAL,S1D1,PWROILFJIXX01,ELCFJIXX01,2039,1.513728
GLOBAL,S1D1,PWROILFJIXX01,ELCFJIXX01,2040,0.46470381
GLOBAL,S1D1,PWROILFJIXX01,ELCFJIXX01,2041,0.21439153
GLOBAL,S1D1,PWRPETFJIXX01,ELCFJIXX01,2032,1.8623995
GLOBAL,S1D1,PWRPETFJIXX01,ELCFJIXX01,2033,1.232845
GLOBAL,S1D1,PWRPETFJIXX01,ELCFJIXX01,2034,2.2219113
GLOBAL,S1D1,PWRPETFJIXX01,ELCFJIXX01,2035,1.3388496
GLOBAL,S1D1,PWRPETFJIXX01,ELCFJIXX01,2036,2.2219113
GLOBAL,S1D1,PWRPETFJIXX01,ELCFJIXX01,2037,1.2911602
GLOBAL,S1D1,PWRPETFJIXX01,ELCFJIXX01,2038,1.2685704
GLOBAL,S1D1,PWRPETFJIXX01,ELCFJIXX01,2039,1.2761431
GLOBAL,S1D1,PWRPETFJIXX01,ELCFJIXX01,2040,2.2219113
GLOBAL,S1D1,PWRPETFJIXX01,ELCFJIXX01,2041,2.2219113
GLOBAL,S1D1,PWRPETFJIXX01,ELCFJIXX01,2042,2.2219113
GLOBAL,S1D1,PWRPETFJIXX01,ELCFJIXX01,2043,1.8317513
GLOBAL,S1D1,PWRPETFJIXX01,ELCFJIXX01,2044,1.4786503
GLOBAL,S1D1,PWRPETFJIXX01,ELCFJIXX01,2045,1.0322063
GLOBAL,S1D1,PWRPETFJIXX01,ELCFJIXX01,2046,1.1649095
GLOBAL,S1D1,PWRPETFJIXX01,ELCFJIXX01,2047,1.0767074
GLOBAL,S1D1,PWRPETFJIXX01,ELCFJIXX01,2048,2.8499419
GLOBAL,S1D1,PWRPETFJIXX01,ELCFJIXX01,2049,1.5201988
GLOBAL,S1D1,PWRPETFJIXX01,ELCFJIXX01,2050,1.6556766
GLOBAL,S1D1,PWRSPVFJIXX01,ELCFJIXX01,2040,0.082428947
GLOBAL,S1D1,PWRSPVFJIXX01,ELCFJIXX01,2041,0.082428947
GLOBAL,S1D1,PWRSPVFJIXX01,ELCFJIXX01,2042,0.082428947
GLOBAL,S1D1,PWRSPVFJIXX01,ELCFJIXX01,2043,0.082428947
GLOBAL,S1D1,PWRSPVFJIXX01,ELCFJIXX01,2044,0.082428947
GLOBAL,S1D1,PWRSPVFJIXX01,ELCFJIXX01,2045,0.082428947
GLOBAL,S1D1,PWRSPVFJIXX01,ELCFJIXX01,2046,0.082428947
GLOBAL,S1D1,PWRSPVFJIXX01,ELCFJIXX01,2047,0.13699403
GLOBAL,S1D1,PWRSPVFJIXX01,ELCFJIXX01,2048,0.13699403
GLOBAL,S1D1,PWRSPVFJIXX01,ELCFJIXX01,2049,0.13699403
GLOBAL,S1D1,PWRSPVFJIXX01,ELCFJIXX01,2050,0.28388817
GLOBAL,S1D1,PWRTRNFJIXX,ELCFJIXX02,2021,3.7837838
GLOBAL,S1D1,PWRTRNFJIXX,ELCFJIXX02,2022,3.8741428
GLOBAL,S1D1,PWRTRNFJIXX,ELCFJIXX02,2023,3.9532069
GLOBAL,S1D1,PWRTRNFJIXX,ELCFJIXX02,2024,4.043566
GLOBAL,S1D1,PWRTRNFJIXX,ELCFJIXX02,2025,4.1226301
GLOBAL,S1D1,PWRTRNFJIXX,ELCFJIXX02,2026,4.2920532
GLOBAL,S1D1,PWRTRNFJIXX,ELCFJIXX02,2027,4.4614764
GLOBAL,S1D1,PWRTRNFJIXX,ELCFJIXX02,2028,4.6308996
GLOBAL,S1D1,PWRTRNFJIXX,ELCFJIXX02,2029,4.8003227
GLOBAL,S1D1,PWRTRNFJIXX,ELCFJIXX02,2030,4.9697459
GLOBAL,S1D1,PWRTRNFJIXX,ELCFJIXX02,2031,5.1504639
GLOBAL,S1D1,PWRTRNFJIXX,ELCFJIXX02,2032,5.3311819
GLOBAL,S1D1,PWRTRNFJIXX,ELCFJIXX02,2033,5.5231948
GLOBAL,S1D1,PWRTRNFJIXX,ELCFJIXX02,2034,5.7039129
GLOBAL,S1D1,PWRTRNFJIXX,ELCFJIXX02,2035,5.8846309
GLOBAL,S1D1,PWRTRNFJIXX,ELCFJIXX02,2036,6.0992336
GLOBAL,S1D1,PWRTRNFJIXX,ELCFJIXX02,2037,6.3138362
GLOBAL,S1D1,PWRTRNFJIXX,ELCFJIXX02,2038,6.517144
GLOBAL,S1D1,PWRTRNFJIXX,ELCFJIXX02,2039,6.8173618
GLOBAL,S1D1,PWRTRNFJIXX,ELCFJIXX02,2040,6.9350545
GLOBAL,S1D1,PWRTRNFJIXX,ELCFJIXX02,2041,7.1835418
GLOBAL,S1D1,PWRTRNFJIXX,ELCFJIXX02,2042,7.4207342
GLOBAL,S1D1,PWRTRNFJIXX,ELCFJIXX02,2043,7.6579266
GLOBAL,S1D1,PWRTRNFJIXX,ELCFJIXX02,2044,7.9064139
GLOBAL,S1D1,PWRTRNFJIXX,ELCFJIXX02,2045,8.1436063
GLOBAL,S1D1,PWRTRNFJIXX,ELCFJIXX02,2046,8.4259782
GLOBAL,S1D1,PWRTRNFJIXX,ELCFJIXX02,2047,8.719645
GLOBAL,S1D1,PWRTRNFJIXX,ELCFJIXX02,2048,9.0020169
GLOBAL,S1D1,PWRTRNFJIXX,ELCFJIXX02,2049,9.2843889
GLOBAL,S1D1,PWRTRNFJIXX,ELCFJIXX02,2050,9.5667608
GLOBAL,S1D1,PWRWONFJIXX01,ELCFJIXX01,2032,0.075970224
GLOBAL,S1D1,PWRWONFJIXX01,ELCFJIXX01,2033,0.075970224
GLOBAL,S1D1,PWRWONFJIXX01,ELCFJIXX01,2034,0.075970224
GLOBAL,S1D1,PWRWONFJIXX01,ELCFJIXX01,2035,0.075970224
GLOBAL,S1D1,PWRWONFJIXX01,ELCFJIXX01,2036,0.075970224
GLOBAL,S1D1,PWRWONFJIXX01,ELCFJIXX01,2037,0.075970224
GLOBAL,S1D1,PWRWONFJIXX01,ELCFJIXX01,2038,0.075970224
GLOBAL,S1D1,RNWBIOFJIXX,BIOFJIXX,2021,8.3965861
GLOBAL,S1D1,RNWBIOFJIXX,BIOFJIXX,2022,8.3965861
GLOBAL,S1D1,RNWBIOFJIXX,BIOFJIXX,2023,8.3965861
GLOBAL,S1D1,RNWBIOFJIXX,BIOFJIXX,2024,8.3965861
GLOBAL,S1D1,RNWBIOFJIXX,BIOFJIXX,2025,8.3965861
GLOBAL,S1D1,RNWBIOFJIXX,BIOFJIXX,2026,8.3965861
GLOBAL,S1D1,RNWBIOFJIXX,BIOFJIXX,2027,8.3965861
GLOBAL,S1D1,RNWBIOFJIXX,BIOFJIXX,2028,8.3965861
GLOBAL,S1D1,RNWBIOFJIXX,BIOFJIXX,2029,8.3965861
GLOBAL,S1D1,RNWBIOFJIXX,BIOFJIXX,2030,8.3965861
GLOBAL,S1D1,RNWBIOFJIXX,BIOFJIXX,2031,8.3965861
GLOBAL,S1D1,RNWBIOFJIXX,BIOFJIXX,2032,1.2046752
GLOBAL,S1D1,RNWBIOFJIXX,BIOFJIXX,2033,1.2046752
GLOBAL,S1D1,RNWBIOFJIXX,BIOFJIXX,2034,1.4133757
GLOBAL,S1D1,RNWBIOFJIXX,BIOFJIXX,2035,2.1804234
GLOBAL,S1D1,RNWBIOFJIXX,BIOFJIXX,2036,3.0912924
GLOBAL,S1D1,RNWBIOFJIXX,BIOFJIXX,2037,4.0021615
GLOBAL,S1D1,RNWBIOFJIXX,BIOFJIXX,2038,4.8650901
GLOBAL,S1D1,RNWBIOFJIXX,BIOFJIXX,2039,6.2732006
GLOBAL,S1D1,RNWBIOFJIXX,BIOFJIXX,2040,6.8023458
GLOBAL,S1D1,RNWBIOFJIXX,BIOFJIXX,2041,8.7077602
GLOBAL,S1D1,RNWBIOFJIXX,BIOFJIXX,2042,10.432811
GLOBAL,S1D1,RNWBIOFJIXX,BIOFJIXX,2043,12.829297
GLOBAL,S1D1,RNWBIOFJIXX,BIOFJIXX,2044,15.127364
GLOBAL,S1D1,RNWBIOFJIXX,BIOFJIXX,2045,17.738855
GLOBAL,S1D1,RNWBIOFJIXX,BIOFJIXX,2046,18.31059
GLOBAL,S1D1,RNWBIOFJIXX,BIOFJIXX,2047,19.560891
GLOBAL,S1D1,RNWBIOFJIXX,BIOFJIXX,2048,18.948608
GLOBAL,S1D1,RNWBIOFJIXX,BIOFJIXX,2049,20.024075
GLOBAL,S1D1,RNWBIOFJIXX,BIOFJIXX,2050,20.024075
GLOBAL,S1D1,RNWHYDFJIXX,HYDFJIXX,2021,1.5857246
GLOBAL,S1D1,RNWHYDFJIXX,HYDFJIXX,2022,1.6760836
GLOBAL,S1D1,RNWHYDFJIXX,HYDFJIXX,2023,1.7551477
GLOBAL,S1D1,RNWHYDFJIXX,HYDFJIXX,2024,1.8455068
GLOBAL,S1D1,RNWHYDFJIXX,HYDFJIXX,2025,1.9245709
GLOBAL,S1D1,RNWHYDFJIXX,HYDFJIXX,2026,2.093994
GLOBAL,S1D1,RNWHYDFJIXX,HYDFJIXX,2027,2.2634172
GLOBAL,S1D1,RNWHYDFJIXX,HYDFJIXX,2028,2.3852916
GLOBAL,S1D1,RNWHYDFJIXX,HYDFJIXX,2029,2.3852916
GLOBAL,S1D1,RNWHYDFJIXX,HYDFJIXX,2030,2.3852916
GLOBAL,S1D1,RNWHYDFJIXX,HYDFJIXX,2031,2.3852916
GLOBAL,S1D1,RNWHYDFJIXX,HYDFJIXX,2032,2.3852916
GLOBAL,S1D1,RNWHYDFJIXX,HYDFJIXX,2033,2.3852916
GLOBAL,S1D1,RNWHYDFJIXX,HYDFJIXX,2034,2.3852916
GLOBAL,S1D1,RNWHYDFJIXX,HYDFJIXX,2035,2.3852916
GLOBAL,S1D1,RNWHYDFJIXX,HYDFJIXX,2036,2.3852916
GLOBAL,S1D1,RNWHYDFJIXX,HYDFJIXX,2037,2.3852916
GLOBAL,S1D1,RNWHYDFJIXX,HYDFJIXX,2038,2.3852916
GLOBAL,S1D1,RNWHYDFJIXX,HYDFJIXX,2039,2.3852916
GLOBAL,S1D1,RNWHYDFJIXX,HYDFJIXX,2040,2.3852916
GLOBAL,S1D1,RNWHYDFJIXX,HYDFJIXX,2041,2.3852916
GLOBAL,S1D1,RNWHYDFJIXX,HYDFJIXX,2042,2.3852916
GLOBAL,S1D1,RNWHYDFJIXX,HYDFJIXX,2043,2.3852916
GLOBAL,S1D1,RNWHYDFJIXX,HYDFJIXX,2044,2.3852916
GLOBAL,S1D1,RNWHYDFJIXX,HYDFJIXX,2045,2.3852916
GLOBAL,S1D1,RNWHYDFJIXX,HYDFJIXX,2046,2.3852916
GLOBAL,S1D1,RNWHYDFJIXX,HYDFJIXX,2047,2.3852916
GLOBAL,S1D1,RNWHYDFJIXX,HYDFJIXX,2048,1.0547126
GLOBAL,S1D1,RNWHYDFJIXX,HYDFJIXX,2049,2.3852916
GLOBAL,S1D1,RNWHYDFJIXX,HYDFJIXX,2050,2.3852916
GLOBAL,S1D1,RNWSPVFJIXX,SPVFJIXX,2040,0.082428947
GLOBAL,S1D1,RNWSPVFJIXX,SPVFJIXX,2041,0.082428947
GLOBAL,S1D1,RNWSPVFJIXX,SPVFJIXX,2042,0.082428947
GLOBAL,S1D1,RNWSPVFJIXX,SPVFJIXX,2043,0.082428947
GLOBAL,S1D1,RNWSPVFJIXX,SPVFJIXX,2044,0.082428947
GLOBAL,S1D1,RNWSPVFJIXX,SPVFJIXX,2045,0.082428947
GLOBAL,S1D1,RNWSPVFJIXX,SPVFJIXX,2046,0.082428947
GLOBAL,S1D1,RNWSPVFJIXX,SPVFJIXX,2047,0.13699403
GLOBAL,S1D1,RNWSPVFJIXX,SPVFJIXX,2048,0.13699403
GLOBAL,S1D1,RNWSPVFJIXX,SPVFJIXX,2049,0.13699403
GLOBAL,S1D1,RNWSPVFJIXX,SPVFJIXX,2050,0.28388817
GLOBAL,S1D1,RNWWONFJIXX,WONFJIXX,2032,0.075970224
GLOBAL,S1D1,RNWWONFJIXX,WONFJIXX,2033,0.075970224
GLOBAL,S1D1,RNWWONFJIXX,WONFJIXX,2034,0.075970224
GLOBAL,S1D1,RNWWONFJIXX,WONFJIXX,2035,0.075970224
GLOBAL,S1D1,RNWWONFJIXX,WONFJIXX,2036,0.075970224
GLOBAL,S1D1,RNWWONFJIXX,WONFJIXX,2037,0.075970224
GLOBAL,S1D1,RNWWONFJIXX,WONFJIXX,2038,0.075970224
GLOBAL,S1D2,LNDAGRFJIC01,CRPCAS,2021,0.07189000014
GLOBAL,S1D2,LNDAGRFJIC01,CRPCAS,2022,0.07220340021999999
GLOBAL,S1D2,LNDAGRFJIC01,CRPCAS,2023,0.07251670034
GLOBAL,S1D2,LNDAGRFJIC01,CRPCAS,2024,0.07283010042
GLOBAL,S1D2,LNDAGRFJIC01,CRPCAS,2025,0.07314349952
GLOBAL,S1D2,LNDAGRFJIC01,CRPCAS,2026,0.07337960013999999
GLOBAL,S1D2,LNDAGRFJIC01,CRPCAS,2027,0.07361569978
GLOBAL,S1D2,LNDAGRFJIC01,CRPCAS,2028,0.07385170044
GLOBAL,S1D2,LNDAGRFJIC01,CRPCAS,2029,0.07408780008
GLOBAL,S1D2,LNDAGRFJIC01,CRPCAS,2030,0.07432389972
GLOBAL,S1D2,LNDAGRFJIC01,CRPCAS,2031,0.07448539979999999
GLOBAL,S1D2,LNDAGRFJIC01,CRPCAS,2032,0.07464699983999999
GLOBAL,S1D2,LNDAGRFJIC01,CRPCAS,2033,0.07480849992000001
GLOBAL,S1D2,LNDAGRFJIC01,CRPCAS,2034,0.07497
GLOBAL,S1D2,LNDAGRFJIC01,CRPCAS,2035,0.07513150008
GLOBAL,S1D2,LNDAGRFJIC01,CRPCAS,2036,0.07520379958000001
GLOBAL,S1D2,LNDAGRFJIC01,CRPCAS,2037,0.07527620002
GLOBAL,S1D2,LNDAGRFJIC01,CRPCAS,2038,0.07534849952
GLOBAL,S1D2,LNDAGRFJIC01,CRPCAS,2039,0.07580659953999999
GLOBAL,S1D2,LNDAGRFJIC01,CRPCAS,2040,0.07549320044
GLOBAL,S1D2,LNDAGRFJIC01,CRPCAS,2041,0.07548200002000001
GLOBAL,S1D2,LNDAGRFJIC01,CRPCAS,2042,0.0754707996
GLOBAL,S1D2,LNDAGRFJIC01,CRPCAS,2043,0.07545970011999999
GLOBAL,S1D2,LNDAGRFJIC01,CRPCAS,2044,0.0754484997
GLOBAL,S1D2,LNDAGRFJIC01,CRPCAS,2045,0.07543730026
GLOBAL,S1D2,LNDAGRFJIC01,CRPCAS,2046,0.07536069954
GLOBAL,S1D2,LNDAGRFJIC01,CRPCAS,2047,0.07528419975999999
GLOBAL,S1D2,LNDAGRFJIC01,CRPCAS,2048,0.07537749968
GLOBAL,S1D2,LNDAGRFJIC01,CRPCAS,2049,0.0752159996
GLOBAL,S1D2,LNDAGRFJIC01,CRPCAS,2050,0.07505449952
GLOBAL,S1D2,LNDAGRFJIC01,CRPOTH,2021,0.06255299972
GLOBAL,S1D2,LNDAGRFJIC01,CRPOTH,2022,0.06282560032
GLOBAL,S1D2,LNDAGRFJIC01,CRPOTH,2023,0.06309830028
GLOBAL,S1D2,LNDAGRFJIC01,CRPOTH,2024,0.06337100024
GLOBAL,S1D2,LNDAGRFJIC01,CRPOTH,2025,0.06364359992
GLOBAL,S1D2,LNDAGRFJIC01,CRPOTH,2026,0.06384910032
GLOBAL,S1D2,LNDAGRFJIC01,CRPOTH,2027,0.06405450044000001
GLOBAL,S1D2,LNDAGRFJIC01,CRPOTH,2028,0.06425989964
GLOBAL,S1D2,LNDAGRFJIC01,CRPOTH,2029,0.06446529976000001
GLOBAL,S1D2,LNDAGRFJIC01,CRPOTH,2030,0.06467080016000001
GLOBAL,S1D2,LNDAGRFJIC01,CRPOTH,2031,0.0648112998
GLOBAL,S1D2,LNDAGRFJIC01,CRPOTH,2032,0.06495180036
GLOBAL,S1D2,LNDAGRFJIC01,CRPOTH,2033,0.06509240028
GLOBAL,S1D2,LNDAGRFJIC01,CRPOTH,2034,0.06523289992
GLOBAL,S1D2,LNDAGRFJIC01,CRPOTH,2035,0.06537349984
GLOBAL,S1D2,LNDAGRFJIC01,CRPOTH,2036,0.06543640024
GLOBAL,S1D2,LNDAGRFJIC01,CRPOTH,2037,0.06549929972
GLOBAL,S1D2,LNDAGRFJIC01,CRPOTH,2038,0.06556230040000001
GLOBAL,S1D2,LNDAGRFJIC01,CRPOTH,2039,0.06596080024
GLOBAL,S1D2,LNDAGRFJIC01,CRPOTH,2040,0.06568819964
GLOBAL,S1D2,LNDAGRFJIC01,CRPOTH,2041,0.06567839980000001
GLOBAL,S1D2,LNDAGRFJIC01,CRPOTH,2042,0.06566870024
GLOBAL,S1D2,LNDAGRFJIC01,CRPOTH,2043,0.06565899976
GLOBAL,S1D2,LNDAGRFJIC01,CRPOTH,2044,0.0656493002
GLOBAL,S1D2,LNDAGRFJIC01,CRPOTH,2045,0.06563950036
GLOBAL,S1D2,LNDAGRFJIC01,CRPOTH,2046,0.06557289972000001
GLOBAL,S1D2,LNDAGRFJIC01,CRPOTH,2047,0.0655063
GLOBAL,S1D2,LNDAGRFJIC01,CRPOTH,2048,0.06558760040000002
GLOBAL,S1D2,LNDAGRFJIC01,CRPOTH,2049,0.06544709984
GLOBAL,S1D2,LNDAGRFJIC01,CRPOTH,2050,0.06530649992000001
GLOBAL,S1D2,LNDAGRFJIC01,CRPSGC,2021,1.72599999
GLOBAL,S1D2,LNDAGRFJIC01,CRPSGC,2022,1.7335200300000002
GLOBAL,S1D2,LNDAGRFJIC01,CRPSGC,2023,1.7410499700000002
GLOBAL,S1D2,LNDAGRFJIC01,CRPSGC,2024,1.7485700100000003
GLOBAL,S1D2,LNDAGRFJIC01,CRPSGC,2025,1.75609005
GLOBAL,S1D2,LNDAGRFJIC01,CRPSGC,2026,1.76176
GLOBAL,S1D2,LNDAGRFJIC01,CRPSGC,2027,1.7674299500000001
GLOBAL,S1D2,LNDAGRFJIC01,CRPSGC,2028,1.7731000100000003
GLOBAL,S1D2,LNDAGRFJIC01,CRPSGC,2029,1.7787699600000002
GLOBAL,S1D2,LNDAGRFJIC01,CRPSGC,2030,1.7844400200000001
GLOBAL,S1D2,LNDAGRFJIC01,CRPSGC,2031,1.7883100400000003
GLOBAL,S1D2,LNDAGRFJIC01,CRPSGC,2032,1.7921899600000002
GLOBAL,S1D2,LNDAGRFJIC01,CRPSGC,2033,1.68745126
GLOBAL,S1D2,LNDAGRFJIC01,CRPSGC,2034,1.7999500200000003
GLOBAL,S1D2,LNDAGRFJIC01,CRPSGC,2035,1.8038200400000002
GLOBAL,S1D2,LNDAGRFJIC01,CRPSGC,2036,1.8055600200000002
GLOBAL,S1D2,LNDAGRFJIC01,CRPSGC,2037,1.8073000000000001
GLOBAL,S1D2,LNDAGRFJIC01,CRPSGC,2038,1.8090399800000003
GLOBAL,S1D2,LNDAGRFJIC01,CRPSGC,2039,1.82002997
GLOBAL,S1D2,LNDAGRFJIC01,CRPSGC,2040,1.8125100400000003
GLOBAL,S1D2,LNDAGRFJIC01,CRPSGC,2041,1.8122399900000001
GLOBAL,S1D2,LNDAGRFJIC01,CRPSGC,2042,1.81197005
GLOBAL,S1D2,LNDAGRFJIC01,CRPSGC,2043,1.8117
GLOBAL,S1D2,LNDAGRFJIC01,CRPSGC,2044,1.8114399600000002
GLOBAL,S1D2,LNDAGRFJIC01,CRPSGC,2045,1.8111700200000003
GLOBAL,S1D2,LNDAGRFJIC01,CRPSGC,2046,1.6424041700000003
GLOBAL,S1D2,LNDAGRFJIC01,CRPSGC,2047,1.64865404
GLOBAL,S1D2,LNDAGRFJIC01,CRPSGC,2048,1.8097300100000002
GLOBAL,S1D2,LNDAGRFJIC01,CRPSGC,2049,1.6631943900000001
GLOBAL,S1D2,LNDAGRFJIC01,CRPSGC,2050,1.8019799600000002
GLOBAL,S1D2,LNDAGRFJIC01,WTREVTFJI,2021,3.1451658621
GLOBAL,S1D2,LNDAGRFJIC01,WTREVTFJI,2022,3.158869411
GLOBAL,S1D2,LNDAGRFJIC01,WTREVTFJI,2023,3.4028704133
GLOBAL,S1D2,LNDAGRFJIC01,WTREVTFJI,2024,3.3594546995
GLOBAL,S1D2,LNDAGRFJIC01,WTREVTFJI,2025,3.3160397259999996
GLOBAL,S1D2,LNDAGRFJIC01,WTREVTFJI,2026,3.2833067161999994
GLOBAL,S1D2,LNDAGRFJIC01,WTREVTFJI,2027,3.250574441
GLOBAL,S1D2,LNDAGRFJIC01,WTREVTFJI,2028,3.2309926645
GLOBAL,S1D2,LNDAGRFJIC01,WTREVTFJI,2029,3.2413244346
GLOBAL,S1D2,LNDAGRFJIC01,WTREVTFJI,2030,3.2516564928
GLOBAL,S1D2,LNDAGRFJIC01,WTREVTFJI,2031,3.2587092324999998
GLOBAL,S1D2,LNDAGRFJIC01,WTREVTFJI,2032,3.2657792159
GLOBAL,S1D2,LNDAGRFJIC01,WTREVTFJI,2033,3.0852351737
GLOBAL,S1D2,LNDAGRFJIC01,WTREVTFJI,2034,3.2799193734000003
GLOBAL,S1D2,LNDAGRFJIC01,WTREVTFJI,2035,3.2869722112
GLOBAL,S1D2,LNDAGRFJIC01,WTREVTFJI,2036,3.2901424491999998
GLOBAL,S1D2,LNDAGRFJIC01,WTREVTFJI,2037,3.2933128304999997
GLOBAL,S1D2,LNDAGRFJIC01,WTREVTFJI,2038,3.2964831666000003
GLOBAL,S1D2,LNDAGRFJIC01,WTREVTFJI,2039,3.3165101419999994
GLOBAL,S1D2,LNDAGRFJIC01,WTREVTFJI,2040,3.3028067845000004
GLOBAL,S1D2,LNDAGRFJIC01,WTREVTFJI,2041,3.3023147471
GLOBAL,S1D2,LNDAGRFJIC01,WTREVTFJI,2042,3.3018229977999995
GLOBAL,S1D2,LNDAGRFJIC01,WTREVTFJI,2043,3.3013312018
GLOBAL,S1D2,LNDAGRFJIC01,WTREVTFJI,2044,3.3008565525000004
GLOBAL,S1D2,LNDAGRFJIC01,WTREVTFJI,2045,3.3003647065000004
GLOBAL,S1D2,LNDAGRFJIC01,WTREVTFJI,2046,3.0086854741000004
GLOBAL,S1D2,LNDAGRFJIC01,WTREVTFJI,2047,3.0193062667999992
GLOBAL,S1D2,LNDAGRFJIC01,WTREVTFJI,2048,3.2977412153999994
GLOBAL,S1D2,LNDAGRFJIC01,WTREVTFJI,2049,3.0442660748
GLOBAL,S1D2,LNDAGRFJIC01,WTREVTFJI,2050,3.2836183469999995
GLOBAL,S1D2,LNDAGRFJIC01,WTRGRCFJI,2021,0.07542959831
GLOBAL,S1D2,LNDAGRFJIC01,WTRGRCFJI,2022,0.075758257306
GLOBAL,S1D2,LNDAGRFJIC01,WTRGRCFJI,2023,0.08360170152600001
GLOBAL,S1D2,LNDAGRFJIC01,WTRGRCFJI,2024,0.08206647555600001
GLOBAL,S1D2,LNDAGRFJIC01,WTRGRCFJI,2025,0.08053126689599999
GLOBAL,S1D2,LNDAGRFJIC01,WTRGRCFJI,2026,0.079373777078
GLOBAL,S1D2,LNDAGRFJIC01,WTRGRCFJI,2027,0.07821630438400001
GLOBAL,S1D2,LNDAGRFJIC01,WTRGRCFJI,2028,0.07748794901200001
GLOBAL,S1D2,LNDAGRFJIC01,WTRGRCFJI,2029,0.077735724112
GLOBAL,S1D2,LNDAGRFJIC01,WTRGRCFJI,2030,0.07798351334000002
GLOBAL,S1D2,LNDAGRFJIC01,WTRGRCFJI,2031,0.07815268604
GLOBAL,S1D2,LNDAGRFJIC01,WTRGRCFJI,2032,0.078322234564
GLOBAL,S1D2,LNDAGRFJIC01,WTRGRCFJI,2033,0.074443274092
GLOBAL,S1D2,LNDAGRFJIC01,WTRGRCFJI,2034,0.078661336192
GLOBAL,S1D2,LNDAGRFJIC01,WTRGRCFJI,2035,0.07883051892000001
GLOBAL,S1D2,LNDAGRFJIC01,WTRGRCFJI,2036,0.07890653191000001
GLOBAL,S1D2,LNDAGRFJIC01,WTRGRCFJI,2037,0.07898255160600001
GLOBAL,S1D2,LNDAGRFJIC01,WTRGRCFJI,2038,0.07905857462400001
GLOBAL,S1D2,LNDAGRFJIC01,WTRGRCFJI,2039,0.07953890314199999
GLOBAL,S1D2,LNDAGRFJIC01,WTRGRCFJI,2040,0.079210248312
GLOBAL,S1D2,LNDAGRFJIC01,WTRGRCFJI,2041,0.07919844851400001
GLOBAL,S1D2,LNDAGRFJIC01,WTRGRCFJI,2042,0.07918666284399999
GLOBAL,S1D2,LNDAGRFJIC01,WTRGRCFJI,2043,0.07917487978000001
GLOBAL,S1D2,LNDAGRFJIC01,WTRGRCFJI,2044,0.07916346311000001
GLOBAL,S1D2,LNDAGRFJIC01,WTRGRCFJI,2045,0.07915166747800001
GLOBAL,S1D2,LNDAGRFJIC01,WTRGRCFJI,2046,0.07284948509000001
GLOBAL,S1D2,LNDAGRFJIC01,WTRGRCFJI,2047,0.073070622792
GLOBAL,S1D2,LNDAGRFJIC01,WTRGRCFJI,2048,0.079088776996
GLOBAL,S1D2,LNDAGRFJIC01,WTRGRCFJI,2049,0.07360206820399999
GLOBAL,S1D2,LNDAGRFJIC01,WTRGRCFJI,2050,0.078750048376
GLOBAL,S1D2,LNDAGRFJIC01,WTRSURFJI,2021,1.3961247202999998
GLOBAL,S1D2,LNDAGRFJIC01,WTRSURFJI,2022,1.402207858
GLOBAL,S1D2,LNDAGRFJIC01,WTRSURFJI,2023,1.4979860523000001
GLOBAL,S1D2,LNDAGRFJIC01,WTRSURFJI,2024,1.48182288606
GLOBAL,S1D2,LNDAGRFJIC01,WTRSURFJI,2025,1.4656598604
GLOBAL,S1D2,LNDAGRFJIC01,WTRSURFJI,2026,1.4534734749599998
GLOBAL,S1D2,LNDAGRFJIC01,WTRSURFJI,2027,1.4412872278800002
GLOBAL,S1D2,LNDAGRFJIC01,WTRSURFJI,2028,1.4342226885
GLOBAL,S1D2,LNDAGRFJIC01,WTRSURFJI,2029,1.4388087538000003
GLOBAL,S1D2,LNDAGRFJIC01,WTRSURFJI,2030,1.4433950804
GLOBAL,S1D2,LNDAGRFJIC01,WTRSURFJI,2031,1.4465262865000001
GLOBAL,S1D2,LNDAGRFJIC01,WTRSURFJI,2032,1.4496644566999999
GLOBAL,S1D2,LNDAGRFJIC01,WTRSURFJI,2033,1.3777570961
GLOBAL,S1D2,LNDAGRFJIC01,WTRSURFJI,2034,1.4559408862
GLOBAL,S1D2,LNDAGRFJIC01,WTRSURFJI,2035,1.4590722776
GLOBAL,S1D2,LNDAGRFJIC01,WTRSURFJI,2036,1.4604792046
GLOBAL,S1D2,LNDAGRFJIC01,WTRSURFJI,2037,1.4618862535
GLOBAL,S1D2,LNDAGRFJIC01,WTRSURFJI,2038,1.4632933658
GLOBAL,S1D2,LNDAGRFJIC01,WTRSURFJI,2039,1.4721837469999999
GLOBAL,S1D2,LNDAGRFJIC01,WTRSURFJI,2040,1.4661006865
GLOBAL,S1D2,LNDAGRFJIC01,WTRSURFJI,2041,1.4658822833
GLOBAL,S1D2,LNDAGRFJIC01,WTRSURFJI,2042,1.4656641414
GLOBAL,S1D2,LNDAGRFJIC01,WTRSURFJI,2043,1.4654460454
GLOBAL,S1D2,LNDAGRFJIC01,WTRSURFJI,2044,1.4652347435000002
GLOBAL,S1D2,LNDAGRFJIC01,WTRSURFJI,2045,1.4650164174999998
GLOBAL,S1D2,LNDAGRFJIC01,WTRSURFJI,2046,1.3481976943000002
GLOBAL,S1D2,LNDAGRFJIC01,WTRSURFJI,2047,1.3522990484
GLOBAL,S1D2,LNDAGRFJIC01,WTRSURFJI,2048,1.4638523741999998
GLOBAL,S1D2,LNDAGRFJIC01,WTRSURFJI,2049,1.3621522064
GLOBAL,S1D2,LNDAGRFJIC01,WTRSURFJI,2050,1.457582859
GLOBAL,S1D2,LNDAGRFJIC02,CRPSGC,2033,0.10861877400000002
GLOBAL,S1D2,LNDAGRFJIC02,CRPSGC,2046,0.166925858
GLOBAL,S1D2,LNDAGRFJIC02,CRPSGC,2047,0.15883591900000002
GLOBAL,S1D2,LNDAGRFJIC02,CRPSGC,2049,0.142655568
GLOBAL,S1D2,LNDAGRFJIC02,WTREVTFJI,2033,0.128367642
GLOBAL,S1D2,LNDAGRFJIC02,WTREVTFJI,2046,0.197276014
GLOBAL,S1D2,LNDAGRFJIC02,WTREVTFJI,2047,0.187715177
GLOBAL,S1D2,LNDAGRFJIC02,WTREVTFJI,2049,0.16859294400000002
GLOBAL,S1D2,LNDAGRFJIC02,WTRGRCFJI,2033,0.00602340474
GLOBAL,S1D2,LNDAGRFJIC02,WTRGRCFJI,2046,0.00925679758
GLOBAL,S1D2,LNDAGRFJIC02,WTRGRCFJI,2047,0.00880817369
GLOBAL,S1D2,LNDAGRFJIC02,WTRGRCFJI,2049,0.00791089968
GLOBAL,S1D2,LNDAGRFJIC02,WTRSURFJI,2033,0.10861877400000002
GLOBAL,S1D2,LNDAGRFJIC02,WTRSURFJI,2046,0.166925858
GLOBAL,S1D2,LNDAGRFJIC02,WTRSURFJI,2047,0.15883591900000002
GLOBAL,S1D2,LNDAGRFJIC02,WTRSURFJI,2049,0.142655568
GLOBAL,S1D2,LNDAGRFJIC04,CRPCON,2021,0.021679500219999998
GLOBAL,S1D2,LNDAGRFJIC04,CRPCON,2022,0.02177400015
GLOBAL,S1D2,LNDAGRFJIC04,CRPCON,2023,0.021868500080000002
GLOBAL,S1D2,LNDAGRFJIC04,CRPCON,2024,0.02196300001
GLOBAL,S1D2,LNDAGRFJIC04,CRPCON,2025,0.02205749994
GLOBAL,S1D2,LNDAGRFJIC04,CRPCON,2026,0.02212869988
GLOBAL,S1D2,LNDAGRFJIC04,CRPCON,2027,0.02219989982
GLOBAL,S1D2,LNDAGRFJIC04,CRPCON,2028,0.02227109976
GLOBAL,S1D2,LNDAGRFJIC04,CRPCON,2029,0.02234230019
GLOBAL,S1D2,LNDAGRFJIC04,CRPCON,2030,0.02241350013
GLOBAL,S1D2,LNDAGRFJIC04,CRPCON,2031,0.02246219976
GLOBAL,S1D2,LNDAGRFJIC04,CRPCON,2032,0.022510899879999997
GLOBAL,S1D2,LNDAGRFJIC04,CRPCON,2033,0.0225596
GLOBAL,S1D2,LNDAGRFJIC04,CRPCON,2034,0.02260830012
GLOBAL,S1D2,LNDAGRFJIC04,CRPCON,2035,0.02265700024
GLOBAL,S1D2,LNDAGRFJIC04,CRPCON,2036,0.022678799849999997
GLOBAL,S1D2,LNDAGRFJIC04,CRPCON,2037,0.02270069991
GLOBAL,S1D2,LNDAGRFJIC04,CRPCON,2038,0.02272250001
GLOBAL,S1D2,LNDAGRFJIC04,CRPCON,2039,0.02286060014
GLOBAL,S1D2,LNDAGRFJIC04,CRPCON,2040,0.022766100209999997
GLOBAL,S1D2,LNDAGRFJIC04,CRPCON,2041,0.0227627001
GLOBAL,S1D2,LNDAGRFJIC04,CRPCON,2042,0.02275939995
GLOBAL,S1D2,LNDAGRFJIC04,CRPCON,2043,0.022755999840000003
GLOBAL,S1D2,LNDAGRFJIC04,CRPCON,2044,0.02275260022
GLOBAL,S1D2,LNDAGRFJIC04,CRPCON,2045,0.02274920011
GLOBAL,S1D2,LNDAGRFJIC04,CRPCON,2046,0.0227262
GLOBAL,S1D2,LNDAGRFJIC04,CRPCON,2047,0.022703099929999998
GLOBAL,S1D2,LNDAGRFJIC04,CRPCON,2048,0.022731199959999997
GLOBAL,S1D2,LNDAGRFJIC04,CRPCON,2049,0.02268249984
GLOBAL,S1D2,LNDAGRFJIC04,CRPCON,2050,0.02263380021
GLOBAL,S1D2,LNDAGRFJIC04,CRPYAM,2021,0.05389369986
GLOBAL,S1D2,LNDAGRFJIC04,CRPYAM,2022,0.05412859998
GLOBAL,S1D2,LNDAGRFJIC04,CRPYAM,2023,0.0543636002
GLOBAL,S1D2,LNDAGRFJIC04,CRPYAM,2024,0.05459850032
GLOBAL,S1D2,LNDAGRFJIC04,CRPYAM,2025,0.05483340044
GLOBAL,S1D2,LNDAGRFJIC04,CRPYAM,2026,0.05501039999
GLOBAL,S1D2,LNDAGRFJIC04,CRPYAM,2027,0.05518740045
GLOBAL,S1D2,LNDAGRFJIC04,CRPYAM,2028,0.0553644
GLOBAL,S1D2,LNDAGRFJIC04,CRPYAM,2029,0.05554130036
GLOBAL,S1D2,LNDAGRFJIC04,CRPYAM,2030,0.055718299910000005
GLOBAL,S1D2,LNDAGRFJIC04,CRPYAM,2031,0.05583939998
GLOBAL,S1D2,LNDAGRFJIC04,CRPYAM,2032,0.05596050005
GLOBAL,S1D2,LNDAGRFJIC04,CRPYAM,2033,0.056081600120000005
GLOBAL,S1D2,LNDAGRFJIC04,CRPYAM,2034,0.056202700189999996
GLOBAL,S1D2,LNDAGRFJIC04,CRPYAM,2035,0.056323700160000004
GLOBAL,S1D2,LNDAGRFJIC04,CRPYAM,2036,0.05637799986
GLOBAL,S1D2,LNDAGRFJIC04,CRPYAM,2037,0.056432200370000005
GLOBAL,S1D2,LNDAGRFJIC04,CRPYAM,2038,0.056486399970000004
GLOBAL,S1D2,LNDAGRFJIC04,CRPYAM,2039,0.056829800300000004
GLOBAL,S1D2,LNDAGRFJIC04,CRPYAM,2040,0.05659490018
GLOBAL,S1D2,LNDAGRFJIC04,CRPYAM,2041,0.05658649997
GLOBAL,S1D2,LNDAGRFJIC04,CRPYAM,2042,0.05657809976
GLOBAL,S1D2,LNDAGRFJIC04,CRPYAM,2043,0.05656979965
GLOBAL,S1D2,LNDAGRFJIC04,CRPYAM,2044,0.05656140035
GLOBAL,S1D2,LNDAGRFJIC04,CRPYAM,2045,0.056553000140000004
GLOBAL,S1D2,LNDAGRFJIC04,CRPYAM,2046,0.05649560007
GLOBAL,S1D2,LNDAGRFJIC04,CRPYAM,2047,0.0564382
GLOBAL,S1D2,LNDAGRFJIC04,CRPYAM,2048,0.056508099830000005
GLOBAL,S1D2,LNDAGRFJIC04,CRPYAM,2049,0.05638699976
GLOBAL,S1D2,LNDAGRFJIC04,CRPYAM,2050,0.05626599979
GLOBAL,S1D2,LNDAGRFJIC04,WTREVTFJI,2021,0.09948577498
GLOBAL,S1D2,LNDAGRFJIC04,WTREVTFJI,2022,0.09991940685
GLOBAL,S1D2,LNDAGRFJIC04,WTREVTFJI,2023,0.10035314872000001
GLOBAL,S1D2,LNDAGRFJIC04,WTREVTFJI,2024,0.10078678059
GLOBAL,S1D2,LNDAGRFJIC04,WTREVTFJI,2025,0.10122041245999999
GLOBAL,S1D2,LNDAGRFJIC04,WTREVTFJI,2026,0.10154714592
GLOBAL,S1D2,LNDAGRFJIC04,WTREVTFJI,2027,0.10187388038
GLOBAL,S1D2,LNDAGRFJIC04,WTREVTFJI,2028,0.10220061384
GLOBAL,S1D2,LNDAGRFJIC04,WTREVTFJI,2029,0.10252723921000001
GLOBAL,S1D2,LNDAGRFJIC04,WTREVTFJI,2030,0.10285397267
GLOBAL,S1D2,LNDAGRFJIC04,WTREVTFJI,2031,0.10307749184000001
GLOBAL,S1D2,LNDAGRFJIC04,WTREVTFJI,2032,0.10330101191999999
GLOBAL,S1D2,LNDAGRFJIC04,WTREVTFJI,2033,0.103524532
GLOBAL,S1D2,LNDAGRFJIC04,WTREVTFJI,2034,0.10374805208
GLOBAL,S1D2,LNDAGRFJIC04,WTREVTFJI,2035,0.10397146216
GLOBAL,S1D2,LNDAGRFJIC04,WTREVTFJI,2036,0.10407161714999999
GLOBAL,S1D2,LNDAGRFJIC04,WTREVTFJI,2037,0.10417184969000001
GLOBAL,S1D2,LNDAGRFJIC04,WTREVTFJI,2038,0.10427189559
GLOBAL,S1D2,LNDAGRFJIC04,WTREVTFJI,2039,0.10490573026
GLOBAL,S1D2,LNDAGRFJIC04,WTREVTFJI,2040,9.53315124839
GLOBAL,S1D2,LNDAGRFJIC04,WTREVTFJI,2041,0.1044565529
GLOBAL,S1D2,LNDAGRFJIC04,WTREVTFJI,2042,0.10444119304999999
GLOBAL,S1D2,LNDAGRFJIC04,WTREVTFJI,2043,0.10442575756
GLOBAL,S1D2,LNDAGRFJIC04,WTREVTFJI,2044,0.10441021398
GLOBAL,S1D2,LNDAGRFJIC04,WTREVTFJI,2045,0.10439466849000001
GLOBAL,S1D2,LNDAGRFJIC04,WTREVTFJI,2046,0.104288877
GLOBAL,S1D2,LNDAGRFJIC04,WTREVTFJI,2047,0.10418289987
GLOBAL,S1D2,LNDAGRFJIC04,WTREVTFJI,2048,0.10431189864
GLOBAL,S1D2,LNDAGRFJIC04,WTREVTFJI,2049,0.10408837856
GLOBAL,S1D2,LNDAGRFJIC04,WTREVTFJI,2050,0.10386496939
GLOBAL,S1D2,LNDAGRFJIC04,WTRGRCFJI,2021,0.006015411934000001
GLOBAL,S1D2,LNDAGRFJIC04,WTRGRCFJI,2022,0.006041631602999999
GLOBAL,S1D2,LNDAGRFJIC04,WTRGRCFJI,2023,0.006067857432
GLOBAL,S1D2,LNDAGRFJIC04,WTRGRCFJI,2024,0.006094077101
GLOBAL,S1D2,LNDAGRFJIC04,WTRGRCFJI,2025,0.00612029677
GLOBAL,S1D2,LNDAGRFJIC04,WTRGRCFJI,2026,0.006140052716000001
GLOBAL,S1D2,LNDAGRFJIC04,WTRGRCFJI,2027,0.006159808718000001
GLOBAL,S1D2,LNDAGRFJIC04,WTRGRCFJI,2028,0.006179564663999999
GLOBAL,S1D2,LNDAGRFJIC04,WTRGRCFJI,2029,0.006199314567
GLOBAL,S1D2,LNDAGRFJIC04,WTRGRCFJI,2030,0.006219070513
GLOBAL,S1D2,LNDAGRFJIC04,WTRGRCFJI,2031,0.006232585432
GLOBAL,S1D2,LNDAGRFJIC04,WTRGRCFJI,2032,0.006246100412
GLOBAL,S1D2,LNDAGRFJIC04,WTRGRCFJI,2033,0.006259615392
GLOBAL,S1D2,LNDAGRFJIC04,WTRGRCFJI,2034,0.006273130372
GLOBAL,S1D2,LNDAGRFJIC04,WTRGRCFJI,2035,0.006286639192
GLOBAL,S1D2,LNDAGRFJIC04,WTRGRCFJI,2036,0.006292694541
GLOBAL,S1D2,LNDAGRFJIC04,WTRGRCFJI,2037,0.006298756291
GLOBAL,S1D2,LNDAGRFJIC04,WTRGRCFJI,2038,0.006304805541
GLOBAL,S1D2,LNDAGRFJIC04,WTRGRCFJI,2039,0.006343129926
GLOBAL,S1D2,LNDAGRFJIC04,WTRGRCFJI,2040,0.29546307085699997
GLOBAL,S1D2,LNDAGRFJIC04,WTRGRCFJI,2041,0.006315970042
GLOBAL,S1D2,LNDAGRFJIC04,WTRGRCFJI,2042,0.006315042271
GLOBAL,S1D2,LNDAGRFJIC04,WTRGRCFJI,2043,0.006314108216
GLOBAL,S1D2,LNDAGRFJIC04,WTRGRCFJI,2044,0.006313168118
GLOBAL,S1D2,LNDAGRFJIC04,WTRGRCFJI,2045,0.0063122279029999995
GLOBAL,S1D2,LNDAGRFJIC04,WTRGRCFJI,2046,0.0063058323119999996
GLOBAL,S1D2,LNDAGRFJIC04,WTRGRCFJI,2047,0.006299424277
GLOBAL,S1D2,LNDAGRFJIC04,WTRGRCFJI,2048,0.006307223972
GLOBAL,S1D2,LNDAGRFJIC04,WTRGRCFJI,2049,0.006293708992
GLOBAL,S1D2,LNDAGRFJIC04,WTRGRCFJI,2050,0.006280200233
GLOBAL,S1D2,LNDAGRFJIC04,WTRSURFJI,2021,0.1078921118
GLOBAL,S1D2,LNDAGRFJIC04,WTRSURFJI,2022,0.10836238649999999
GLOBAL,S1D2,LNDAGRFJIC04,WTRSURFJI,2023,0.10883277120000001
GLOBAL,S1D2,LNDAGRFJIC04,WTRSURFJI,2024,0.1093030459
GLOBAL,S1D2,LNDAGRFJIC04,WTRSURFJI,2025,0.1097733206
GLOBAL,S1D2,LNDAGRFJIC04,WTRSURFJI,2026,0.1101276622
GLOBAL,S1D2,LNDAGRFJIC04,WTRSURFJI,2027,0.1104820048
GLOBAL,S1D2,LNDAGRFJIC04,WTRSURFJI,2028,0.11083634640000001
GLOBAL,S1D2,LNDAGRFJIC04,WTRSURFJI,2029,0.1111905801
GLOBAL,S1D2,LNDAGRFJIC04,WTRSURFJI,2030,0.11154492170000001
GLOBAL,S1D2,LNDAGRFJIC04,WTRSURFJI,2031,0.1117873244
GLOBAL,S1D2,LNDAGRFJIC04,WTRSURFJI,2032,0.11202972820000001
GLOBAL,S1D2,LNDAGRFJIC04,WTRSURFJI,2033,0.112272132
GLOBAL,S1D2,LNDAGRFJIC04,WTRSURFJI,2034,0.11251453580000001
GLOBAL,S1D2,LNDAGRFJIC04,WTRSURFJI,2035,0.11275682960000001
GLOBAL,S1D2,LNDAGRFJIC04,WTRSURFJI,2036,0.1128654375
GLOBAL,S1D2,LNDAGRFJIC04,WTRSURFJI,2037,0.11297416190000001
GLOBAL,S1D2,LNDAGRFJIC04,WTRSURFJI,2038,0.1130826609
GLOBAL,S1D2,LNDAGRFJIC04,WTRSURFJI,2039,0.11377004460000001
GLOBAL,S1D2,LNDAGRFJIC04,WTRSURFJI,2040,3.5704821249000003
GLOBAL,S1D2,LNDAGRFJIC04,WTRSURFJI,2041,0.113282906
GLOBAL,S1D2,LNDAGRFJIC04,WTRSURFJI,2042,0.1132662665
GLOBAL,S1D2,LNDAGRFJIC04,WTRSURFJI,2043,0.1132495126
GLOBAL,S1D2,LNDAGRFJIC04,WTRSURFJI,2044,0.1132326508
GLOBAL,S1D2,LNDAGRFJIC04,WTRSURFJI,2045,0.1132157869
GLOBAL,S1D2,LNDAGRFJIC04,WTRSURFJI,2046,0.113101077
GLOBAL,S1D2,LNDAGRFJIC04,WTRSURFJI,2047,0.1129861427
GLOBAL,S1D2,LNDAGRFJIC04,WTRSURFJI,2048,0.1131260374
GLOBAL,S1D2,LNDAGRFJIC04,WTRSURFJI,2049,0.1128836336
GLOBAL,S1D2,LNDAGRFJIC04,WTRSURFJI,2050,0.1126413409
GLOBAL,S1D2,LNDCASHRTOT,LCASHRTOT,2021,0.073357143
GLOBAL,S1D2,LNDCASHRTOT,LCASHRTOT,2022,0.073676939
GLOBAL,S1D2,LNDCASHRTOT,LCASHRTOT,2023,0.073996633
GLOBAL,S1D2,LNDCASHRTOT,LCASHRTOT,2024,0.074316429
GLOBAL,S1D2,LNDCASHRTOT,LCASHRTOT,2025,0.074636224
GLOBAL,S1D2,LNDCASHRTOT,LCASHRTOT,2026,0.074877143
GLOBAL,S1D2,LNDCASHRTOT,LCASHRTOT,2027,0.075118061
GLOBAL,S1D2,LNDCASHRTOT,LCASHRTOT,2028,0.075358878
GLOBAL,S1D2,LNDCASHRTOT,LCASHRTOT,2029,0.075599796
GLOBAL,S1D2,LNDCASHRTOT,LCASHRTOT,2030,0.075840714
GLOBAL,S1D2,LNDCASHRTOT,LCASHRTOT,2031,0.07600551
GLOBAL,S1D2,LNDCASHRTOT,LCASHRTOT,2032,0.076170408
GLOBAL,S1D2,LNDCASHRTOT,LCASHRTOT,2033,0.076335204
GLOBAL,S1D2,LNDCASHRTOT,LCASHRTOT,2034,0.0765
GLOBAL,S1D2,LNDCASHRTOT,LCASHRTOT,2035,0.076664796
GLOBAL,S1D2,LNDCASHRTOT,LCASHRTOT,2036,0.076738571
GLOBAL,S1D2,LNDCASHRTOT,LCASHRTOT,2037,0.076812449
GLOBAL,S1D2,LNDCASHRTOT,LCASHRTOT,2038,0.076886224
GLOBAL,S1D2,LNDCASHRTOT,LCASHRTOT,2039,0.077353673
GLOBAL,S1D2,LNDCASHRTOT,LCASHRTOT,2040,0.077033878
GLOBAL,S1D2,LNDCASHRTOT,LCASHRTOT,2041,0.077022449
GLOBAL,S1D2,LNDCASHRTOT,LCASHRTOT,2042,0.07701102
GLOBAL,S1D2,LNDCASHRTOT,LCASHRTOT,2043,0.076999694
GLOBAL,S1D2,LNDCASHRTOT,LCASHRTOT,2044,0.076988265
GLOBAL,S1D2,LNDCASHRTOT,LCASHRTOT,2045,0.076976837
GLOBAL,S1D2,LNDCASHRTOT,LCASHRTOT,2046,0.076898673
GLOBAL,S1D2,LNDCASHRTOT,LCASHRTOT,2047,0.076820612
GLOBAL,S1D2,LNDCASHRTOT,LCASHRTOT,2048,0.076915816
GLOBAL,S1D2,LNDCASHRTOT,LCASHRTOT,2049,0.07675102
GLOBAL,S1D2,LNDCASHRTOT,LCASHRTOT,2050,0.076586224
GLOBAL,S1D2,LNDCONHRTOT,LCONHRTOT,2021,0.044243878
GLOBAL,S1D2,LNDCONHRTOT,LCONHRTOT,2022,0.044436735
GLOBAL,S1D2,LNDCONHRTOT,LCONHRTOT,2023,0.044629592
GLOBAL,S1D2,LNDCONHRTOT,LCONHRTOT,2024,0.044822449
GLOBAL,S1D2,LNDCONHRTOT,LCONHRTOT,2025,0.045015306
GLOBAL,S1D2,LNDCONHRTOT,LCONHRTOT,2026,0.045160612
GLOBAL,S1D2,LNDCONHRTOT,LCONHRTOT,2027,0.045305918
GLOBAL,S1D2,LNDCONHRTOT,LCONHRTOT,2028,0.045451224
GLOBAL,S1D2,LNDCONHRTOT,LCONHRTOT,2029,0.045596531
GLOBAL,S1D2,LNDCONHRTOT,LCONHRTOT,2030,0.045741837
GLOBAL,S1D2,LNDCONHRTOT,LCONHRTOT,2031,0.045841224
GLOBAL,S1D2,LNDCONHRTOT,LCONHRTOT,2032,0.045940612
GLOBAL,S1D2,LNDCONHRTOT,LCONHRTOT,2033,0.04604
GLOBAL,S1D2,LNDCONHRTOT,LCONHRTOT,2034,0.046139388
GLOBAL,S1D2,LNDCONHRTOT,LCONHRTOT,2035,0.046238776
GLOBAL,S1D2,LNDCONHRTOT,LCONHRTOT,2036,0.046283265
GLOBAL,S1D2,LNDCONHRTOT,LCONHRTOT,2037,0.046327959
GLOBAL,S1D2,LNDCONHRTOT,LCONHRTOT,2038,0.046372449
GLOBAL,S1D2,LNDCONHRTOT,LCONHRTOT,2039,0.046654286
GLOBAL,S1D2,LNDCONHRTOT,LCONHRTOT,2040,0.046461429
GLOBAL,S1D2,LNDCONHRTOT,LCONHRTOT,2041,0.04645449
GLOBAL,S1D2,LNDCONHRTOT,LCONHRTOT,2042,0.046447755
GLOBAL,S1D2,LNDCONHRTOT,LCONHRTOT,2043,0.046440816
GLOBAL,S1D2,LNDCONHRTOT,LCONHRTOT,2044,0.046433878
GLOBAL,S1D2,LNDCONHRTOT,LCONHRTOT,2045,0.046426939
GLOBAL,S1D2,LNDCONHRTOT,LCONHRTOT,2046,0.04638
GLOBAL,S1D2,LNDCONHRTOT,LCONHRTOT,2047,0.046332857
GLOBAL,S1D2,LNDCONHRTOT,LCONHRTOT,2048,0.046390204
GLOBAL,S1D2,LNDCONHRTOT,LCONHRTOT,2049,0.046290816
GLOBAL,S1D2,LNDCONHRTOT,LCONHRTOT,2050,0.046191429
GLOBAL,S1D2,LNDFORTOT,LFORTOT,2023,0.12120021
GLOBAL,S1D2,LNDFORTOT,LFORTOT,2024,0.091137389
GLOBAL,S1D2,LNDFORTOT,LFORTOT,2025,0.06107501
GLOBAL,S1D2,LNDFORTOT,LFORTOT,2026,0.038409284
GLOBAL,S1D2,LNDFORTOT,LFORTOT,2027,0.015743997
GLOBAL,S1D2,LNDFORTOT,LFORTOT,2040,6.2857861
GLOBAL,S1D2,LNDOTHHRTOT,LOTHHRTOT,2021,0.067992391
GLOBAL,S1D2,LNDOTHHRTOT,LOTHHRTOT,2022,0.068288696
GLOBAL,S1D2,LNDOTHHRTOT,LOTHHRTOT,2023,0.068585109
GLOBAL,S1D2,LNDOTHHRTOT,LOTHHRTOT,2024,0.068881522
GLOBAL,S1D2,LNDOTHHRTOT,LOTHHRTOT,2025,0.069177826
GLOBAL,S1D2,LNDOTHHRTOT,LOTHHRTOT,2026,0.069401196
GLOBAL,S1D2,LNDOTHHRTOT,LOTHHRTOT,2027,0.069624457
GLOBAL,S1D2,LNDOTHHRTOT,LOTHHRTOT,2028,0.069847717
GLOBAL,S1D2,LNDOTHHRTOT,LOTHHRTOT,2029,0.070070978
GLOBAL,S1D2,LNDOTHHRTOT,LOTHHRTOT,2030,0.070294348
GLOBAL,S1D2,LNDOTHHRTOT,LOTHHRTOT,2031,0.070447065
GLOBAL,S1D2,LNDOTHHRTOT,LOTHHRTOT,2032,0.070599783
GLOBAL,S1D2,LNDOTHHRTOT,LOTHHRTOT,2033,0.070752609
GLOBAL,S1D2,LNDOTHHRTOT,LOTHHRTOT,2034,0.070905326
GLOBAL,S1D2,LNDOTHHRTOT,LOTHHRTOT,2035,0.071058152
GLOBAL,S1D2,LNDOTHHRTOT,LOTHHRTOT,2036,0.071126522
GLOBAL,S1D2,LNDOTHHRTOT,LOTHHRTOT,2037,0.071194891
GLOBAL,S1D2,LNDOTHHRTOT,LOTHHRTOT,2038,0.07126337
GLOBAL,S1D2,LNDOTHHRTOT,LOTHHRTOT,2039,0.071696522
GLOBAL,S1D2,LNDOTHHRTOT,LOTHHRTOT,2040,0.071400217
GLOBAL,S1D2,LNDOTHHRTOT,LOTHHRTOT,2041,0.071389565
GLOBAL,S1D2,LNDOTHHRTOT,LOTHHRTOT,2042,0.071379022
GLOBAL,S1D2,LNDOTHHRTOT,LOTHHRTOT,2043,0.071368478
GLOBAL,S1D2,LNDOTHHRTOT,LOTHHRTOT,2044,0.071357935
GLOBAL,S1D2,LNDOTHHRTOT,LOTHHRTOT,2045,0.071347283
GLOBAL,S1D2,LNDOTHHRTOT,LOTHHRTOT,2046,0.071274891
GLOBAL,S1D2,LNDOTHHRTOT,LOTHHRTOT,2047,0.0712025
GLOBAL,S1D2,LNDOTHHRTOT,LOTHHRTOT,2048,0.07129087
GLOBAL,S1D2,LNDOTHHRTOT,LOTHHRTOT,2049,0.071138152
GLOBAL,S1D2,LNDOTHHRTOT,LOTHHRTOT,2050,0.070985326
GLOBAL,S1D2,LNDSGCHRTOT,LSGCHRTOT,2021,1.5690909
GLOBAL,S1D2,LNDSGCHRTOT,LSGCHRTOT,2022,1.5759273
GLOBAL,S1D2,LNDSGCHRTOT,LSGCHRTOT,2023,1.5827727
GLOBAL,S1D2,LNDSGCHRTOT,LSGCHRTOT,2024,1.5896091
GLOBAL,S1D2,LNDSGCHRTOT,LSGCHRTOT,2025,1.5964455
GLOBAL,S1D2,LNDSGCHRTOT,LSGCHRTOT,2026,1.6016
GLOBAL,S1D2,LNDSGCHRTOT,LSGCHRTOT,2027,1.6067545
GLOBAL,S1D2,LNDSGCHRTOT,LSGCHRTOT,2028,1.6119091
GLOBAL,S1D2,LNDSGCHRTOT,LSGCHRTOT,2029,1.6170636
GLOBAL,S1D2,LNDSGCHRTOT,LSGCHRTOT,2030,1.6222182
GLOBAL,S1D2,LNDSGCHRTOT,LSGCHRTOT,2031,1.6257364
GLOBAL,S1D2,LNDSGCHRTOT,LSGCHRTOT,2032,1.6292636
GLOBAL,S1D2,LNDSGCHRTOT,LSGCHRTOT,2033,1.6327909
GLOBAL,S1D2,LNDSGCHRTOT,LSGCHRTOT,2034,1.6363182
GLOBAL,S1D2,LNDSGCHRTOT,LSGCHRTOT,2035,1.6398364
GLOBAL,S1D2,LNDSGCHRTOT,LSGCHRTOT,2036,1.6414182
GLOBAL,S1D2,LNDSGCHRTOT,LSGCHRTOT,2037,1.643
GLOBAL,S1D2,LNDSGCHRTOT,LSGCHRTOT,2038,1.6445818
GLOBAL,S1D2,LNDSGCHRTOT,LSGCHRTOT,2039,1.6545727
GLOBAL,S1D2,LNDSGCHRTOT,LSGCHRTOT,2040,1.6477364
GLOBAL,S1D2,LNDSGCHRTOT,LSGCHRTOT,2041,1.6474909
GLOBAL,S1D2,LNDSGCHRTOT,LSGCHRTOT,2042,1.6472455
GLOBAL,S1D2,LNDSGCHRTOT,LSGCHRTOT,2043,1.647
GLOBAL,S1D2,LNDSGCHRTOT,LSGCHRTOT,2044,1.6467636
GLOBAL,S1D2,LNDSGCHRTOT,LSGCHRTOT,2045,1.6465182
GLOBAL,S1D2,LNDSGCHRTOT,LSGCHRTOT,2046,1.6448455
GLOBAL,S1D2,LNDSGCHRTOT,LSGCHRTOT,2047,1.6431727
GLOBAL,S1D2,LNDSGCHRTOT,LSGCHRTOT,2048,1.6452091
GLOBAL,S1D2,LNDSGCHRTOT,LSGCHRTOT,2049,1.6416818
GLOBAL,S1D2,LNDSGCHRTOT,LSGCHRTOT,2050,1.6381636
GLOBAL,S1D2,LNDYAMHRTOT,LYAMHRTOT,2021,0.059223846
GLOBAL,S1D2,LNDYAMHRTOT,LYAMHRTOT,2022,0.059481978
GLOBAL,S1D2,LNDYAMHRTOT,LYAMHRTOT,2023,0.05974022
GLOBAL,S1D2,LNDYAMHRTOT,LYAMHRTOT,2024,0.059998352
GLOBAL,S1D2,LNDYAMHRTOT,LYAMHRTOT,2025,0.060256484
GLOBAL,S1D2,LNDYAMHRTOT,LYAMHRTOT,2026,0.060450989
GLOBAL,S1D2,LNDYAMHRTOT,LYAMHRTOT,2027,0.060645495
GLOBAL,S1D2,LNDYAMHRTOT,LYAMHRTOT,2028,0.06084
GLOBAL,S1D2,LNDYAMHRTOT,LYAMHRTOT,2029,0.061034396
GLOBAL,S1D2,LNDYAMHRTOT,LYAMHRTOT,2030,0.061228901
GLOBAL,S1D2,LNDYAMHRTOT,LYAMHRTOT,2031,0.061361978
GLOBAL,S1D2,LNDYAMHRTOT,LYAMHRTOT,2032,0.061495055
GLOBAL,S1D2,LNDYAMHRTOT,LYAMHRTOT,2033,0.061628132
GLOBAL,S1D2,LNDYAMHRTOT,LYAMHRTOT,2034,0.061761209
GLOBAL,S1D2,LNDYAMHRTOT,LYAMHRTOT,2035,0.061894176
GLOBAL,S1D2,LNDYAMHRTOT,LYAMHRTOT,2036,0.061953846
GLOBAL,S1D2,LNDYAMHRTOT,LYAMHRTOT,2037,0.062013407
GLOBAL,S1D2,LNDYAMHRTOT,LYAMHRTOT,2038,0.062072967
GLOBAL,S1D2,LNDYAMHRTOT,LYAMHRTOT,2039,0.06245033
GLOBAL,S1D2,LNDYAMHRTOT,LYAMHRTOT,2040,0.062192198
GLOBAL,S1D2,LNDYAMHRTOT,LYAMHRTOT,2041,0.062182967
GLOBAL,S1D2,LNDYAMHRTOT,LYAMHRTOT,2042,0.062173736
GLOBAL,S1D2,LNDYAMHRTOT,LYAMHRTOT,2043,0.062164615
GLOBAL,S1D2,LNDYAMHRTOT,LYAMHRTOT,2044,0.062155385
GLOBAL,S1D2,LNDYAMHRTOT,LYAMHRTOT,2045,0.062146154
GLOBAL,S1D2,LNDYAMHRTOT,LYAMHRTOT,2046,0.062083077
GLOBAL,S1D2,LNDYAMHRTOT,LYAMHRTOT,2047,0.06202
GLOBAL,S1D2,LNDYAMHRTOT,LYAMHRTOT,2048,0.062096813
GLOBAL,S1D2,LNDYAMHRTOT,LYAMHRTOT,2049,0.061963736
GLOBAL,S1D2,LNDYAMHRTOT,LYAMHRTOT,2050,0.061830769
GLOBAL,S1D2,MINCOGINT,COGINT,2021,39.016221
GLOBAL,S1D2,MINCOGINT,COGINT,2027,47.793027
GLOBAL,S1D2,MINGASINT,GASINT,2028,47.498278
GLOBAL,S1D2,MINGASINT,GASINT,2038,6.1795107
GLOBAL,S1D2,MINLNDTOT,LTOT,2021,1.8139082
GLOBAL,S1D2,MINLNDTOT,LTOT,2022,1.8218116
GLOBAL,S1D2,MINLNDTOT,LTOT,2023,1.9509245
GLOBAL,S1D2,MINLNDTOT,LTOT,2024,1.9287652
GLOBAL,S1D2,MINLNDTOT,LTOT,2025,1.9066063
GLOBAL,S1D2,MINLNDTOT,LTOT,2026,1.8898992
GLOBAL,S1D2,MINLNDTOT,LTOT,2027,1.8731925
GLOBAL,S1D2,MINLNDTOT,LTOT,2028,1.8634069
GLOBAL,S1D2,MINLNDTOT,LTOT,2029,1.8693653
GLOBAL,S1D2,MINLNDTOT,LTOT,2030,1.875324
GLOBAL,S1D2,MINLNDTOT,LTOT,2031,1.8793921
GLOBAL,S1D2,MINLNDTOT,LTOT,2032,1.8834695
GLOBAL,S1D2,MINLNDTOT,LTOT,2033,1.8875469
GLOBAL,S1D2,MINLNDTOT,LTOT,2034,1.8916241
GLOBAL,S1D2,MINLNDTOT,LTOT,2035,1.8956923
GLOBAL,S1D2,MINLNDTOT,LTOT,2036,1.8975204
GLOBAL,S1D2,MINLNDTOT,LTOT,2037,1.8993487
GLOBAL,S1D2,MINLNDTOT,LTOT,2038,1.9011768
GLOBAL,S1D2,MINLNDTOT,LTOT,2039,1.9127275
GLOBAL,S1D2,MINLNDTOT,LTOT,2040,8.1906102
GLOBAL,S1D2,MINLNDTOT,LTOT,2041,1.9045404
GLOBAL,S1D2,MINLNDTOT,LTOT,2042,1.904257
GLOBAL,S1D2,MINLNDTOT,LTOT,2043,1.9039736
GLOBAL,S1D2,MINLNDTOT,LTOT,2044,1.9036991
GLOBAL,S1D2,MINLNDTOT,LTOT,2045,1.9034154
GLOBAL,S1D2,MINLNDTOT,LTOT,2046,1.9014821
GLOBAL,S1D2,MINLNDTOT,LTOT,2047,1.8995487
GLOBAL,S1D2,MINLNDTOT,LTOT,2048,1.9019028
GLOBAL,S1D2,MINLNDTOT,LTOT,2049,1.8978255
GLOBAL,S1D2,MINLNDTOT,LTOT,2050,1.8937574
GLOBAL,S1D2,MINOILINT,OILINT,2022,3.3179323
GLOBAL,S1D2,MINOILINT,OILINT,2028,0.046368738
GLOBAL,S1D2,MINOILINT,OILINT,2029,1.3925567
GLOBAL,S1D2,MINOILINT,OILINT,2030,2.2144656
GLOBAL,S1D2,MINOILINT,OILINT,2031,3.7701956
GLOBAL,S1D2,MINOILINT,OILINT,2032,0.39901295
GLOBAL,S1D2,MINOILINT,OILINT,2033,4.2633807
GLOBAL,S1D2,MINOILINT,OILINT,2034,0.14764142
GLOBAL,S1D2,MINOILINT,OILINT,2035,4.6774195
GLOBAL,S1D2,MINOILINT,OILINT,2036,0.2191586
GLOBAL,S1D2,MINOILINT,OILINT,2037,3.8477954
GLOBAL,S1D2,MINOILINT,OILINT,2038,4.6774195
GLOBAL,S1D2,MINOILINT,OILINT,2039,4.6774195
GLOBAL,S1D2,MINOILINT,OILINT,2040,2.3814941
GLOBAL,S1D2,MINOILINT,OILINT,2041,1.804809
GLOBAL,S1D2,MINOILINT,OILINT,2042,2.8184254
GLOBAL,S1D2,MINOILINT,OILINT,2043,1.9618334
GLOBAL,S1D2,MINOILINT,OILINT,2044,0.95475857
GLOBAL,S1D2,MINPETINT,PETINT,2031,0.40055595
GLOBAL,S1D2,MINPETINT,PETINT,2032,5.6989424
GLOBAL,S1D2,MINPETINT,PETINT,2033,6.3517863
GLOBAL,S1D2,MINPETINT,PETINT,2034,6.7990486
GLOBAL,S1D2,MINPETINT,PETINT,2035,6.7990486
GLOBAL,S1D2,MINPETINT,PETINT,2036,6.7990486
GLOBAL,S1D2,MINPETINT,PETINT,2037,6.7990486
GLOBAL,S1D2,MINPETINT,PETINT,2038,6.7990486
GLOBAL,S1D2,MINPETINT,PETINT,2039,6.7990486
GLOBAL,S1D2,MINPETINT,PETINT,2040,6.7990486
GLOBAL,S1D2,MINPETINT,PETINT,2041,6.7990486
GLOBAL,S1D2,MINPETINT,PETINT,2042,6.7990486
GLOBAL,S1D2,MINPETINT,PETINT,2043,6.7990486
GLOBAL,S1D2,MINPETINT,PETINT,2044,6.7990486
GLOBAL,S1D2,MINPETINT,PETINT,2045,6.7990486
GLOBAL,S1D2,MINPETINT,PETINT,2046,7.2578359
GLOBAL,S1D2,MINPETINT,PETINT,2047,7.2578359
GLOBAL,S1D2,MINPETINT,PETINT,2048,8.7208221
GLOBAL,S1D2,MINPETINT,PETINT,2049,9.7639146
GLOBAL,S1D2,MINPETINT,PETINT,2050,9.7639146
GLOBAL,S1D2,MINPRCFJI,WTRPRCFJI,2021,4.8354714
GLOBAL,S1D2,MINPRCFJI,WTRPRCFJI,2022,4.8565401
GLOBAL,S1D2,MINPRCFJI,WTRPRCFJI,2023,5.2048742
GLOBAL,S1D2,MINPRCFJI,WTRPRCFJI,2024,5.1447736
GLOBAL,S1D2,MINPRCFJI,WTRPRCFJI,2025,5.0846739
GLOBAL,S1D2,MINPRCFJI,WTRPRCFJI,2026,5.0393609
GLOBAL,S1D2,MINPRCFJI,WTRPRCFJI,2027,4.9940488
GLOBAL,S1D2,MINPRCFJI,WTRPRCFJI,2028,4.9674239
GLOBAL,S1D2,MINPRCFJI,WTRPRCFJI,2029,4.9833079
GLOBAL,S1D2,MINPRCFJI,WTRPRCFJI,2030,4.9991923
GLOBAL,S1D2,MINPRCFJI,WTRPRCFJI,2031,5.0100369
GLOBAL,S1D2,MINPRCFJI,WTRPRCFJI,2032,5.0209062
GLOBAL,S1D2,MINPRCFJI,WTRPRCFJI,2033,5.0120268
GLOBAL,S1D2,MINPRCFJI,WTRPRCFJI,2034,5.0426447
GLOBAL,S1D2,MINPRCFJI,WTRPRCFJI,2035,5.0534893
GLOBAL,S1D2,MINPRCFJI,WTRPRCFJI,2036,5.0583628
GLOBAL,S1D2,MINPRCFJI,WTRPRCFJI,2037,5.0632367
GLOBAL,S1D2,MINPRCFJI,WTRPRCFJI,2038,5.0681102
GLOBAL,S1D2,MINPRCFJI,WTRPRCFJI,2039,5.0989016
GLOBAL,S1D2,MINPRCFJI,WTRPRCFJI,2040,18.277984
GLOBAL,S1D2,MINPRCFJI,WTRPRCFJI,2041,5.0770766
GLOBAL,S1D2,MINPRCFJI,WTRPRCFJI,2042,5.076321
GLOBAL,S1D2,MINPRCFJI,WTRPRCFJI,2043,5.0755655
GLOBAL,S1D2,MINPRCFJI,WTRPRCFJI,2044,5.074834
GLOBAL,S1D2,MINPRCFJI,WTRPRCFJI,2045,5.0740777
GLOBAL,S1D2,MINPRCFJI,WTRPRCFJI,2046,5.0385737
GLOBAL,S1D2,MINPRCFJI,WTRPRCFJI,2047,5.0348905
GLOBAL,S1D2,MINPRCFJI,WTRPRCFJI,2048,5.0700453
GLOBAL,S1D2,MINPRCFJI,WTRPRCFJI,2049,5.0332389
GLOBAL,S1D2,MINPRCFJI,WTRPRCFJI,2050,5.0483316
GLOBAL,S1D2,PWRBIOFJIXX01,ELCFJIXX01,2021,2.1980592
GLOBAL,S1D2,PWRBIOFJIXX01,ELCFJIXX01,2023,1.0765551
GLOBAL,S1D2,PWRBIOFJIXX01,ELCFJIXX01,2024,1.1572328
GLOBAL,S1D2,PWRBIOFJIXX01,ELCFJIXX01,2025,1.2278257
GLOBAL,S1D2,PWRBIOFJIXX01,ELCFJIXX01,2026,1.3790964
GLOBAL,S1D2,PWRBIOFJIXX01,ELCFJIXX01,2027,1.5303671
GLOBAL,S1D2,PWRBIOFJIXX01,ELCFJIXX01,2028,1.6666317
GLOBAL,S1D2,PWRBIOFJIXX01,ELCFJIXX01,2029,1.3822428
GLOBAL,S1D2,PWRBIOFJIXX01,ELCFJIXX01,2030,1.2675236
GLOBAL,S1D2,PWRBIOFJIXX01,ELCFJIXX01,2031,0.79450584
GLOBAL,S1D2,PWRBIOFJIXX01,ELCFJIXX01,2032,0.31536
GLOBAL,S1D2,PWRBIOFJIXX01,ELCFJIXX01,2033,0.31536
GLOBAL,S1D2,PWRBIOFJIXX01,ELCFJIXX01,2034,0.36999364
GLOBAL,S1D2,PWRBIOFJIXX01,ELCFJIXX01,2035,0.39598044
GLOBAL,S1D2,PWRBIOFJIXX01,ELCFJIXX01,2036,0.80923886
GLOBAL,S1D2,PWRBIOFJIXX01,ELCFJIXX01,2037,1.0476863
GLOBAL,S1D2,PWRBIOFJIXX01,ELCFJIXX01,2038,0.96072429
GLOBAL,S1D2,PWRBIOFJIXX01,ELCFJIXX01,2039,1.2201362
GLOBAL,S1D2,PWRBIOFJIXX01,ELCFJIXX01,2040,1.7807188
GLOBAL,S1D2,PWRBIOFJIXX01,ELCFJIXX01,2041,2.2795184
GLOBAL,S1D2,PWRBIOFJIXX01,ELCFJIXX01,2042,2.1632661
GLOBAL,S1D2,PWRBIOFJIXX01,ELCFJIXX01,2043,2.6522593
GLOBAL,S1D2,PWRBIOFJIXX01,ELCFJIXX01,2044,3.2000371
GLOBAL,S1D2,PWRBIOFJIXX01,ELCFJIXX01,2045,3.7207994
GLOBAL,S1D2,PWRBIOFJIXX01,ELCFJIXX01,2046,3.8229867
GLOBAL,S1D2,PWRBIOFJIXX01,ELCFJIXX01,2047,3.90404
GLOBAL,S1D2,PWRBIOFJIXX01,ELCFJIXX01,2048,2.3474788
GLOBAL,S1D2,PWRBIOFJIXX01,ELCFJIXX01,2049,3.5892957
GLOBAL,S1D2,PWRBIOFJIXX01,ELCFJIXX01,2050,3.9883076
GLOBAL,S1D2,PWRHYDFJIXX01,ELCFJIXX01,2021,1.1803192
GLOBAL,S1D2,PWRHYDFJIXX01,ELCFJIXX01,2022,2.3852916
GLOBAL,S1D2,PWRHYDFJIXX01,ELCFJIXX01,2023,2.3852916
GLOBAL,S1D2,PWRHYDFJIXX01,ELCFJIXX01,2024,2.3852916
GLOBAL,S1D2,PWRHYDFJIXX01,ELCFJIXX01,2025,2.3852916
GLOBAL,S1D2,PWRHYDFJIXX01,ELCFJIXX01,2026,2.3852916
GLOBAL,S1D2,PWRHYDFJIXX01,ELCFJIXX01,2027,2.3852916
GLOBAL,S1D2,PWRHYDFJIXX01,ELCFJIXX01,2028,2.3852916
GLOBAL,S1D2,PWRHYDFJIXX01,ELCFJIXX01,2029,2.3852916
GLOBAL,S1D2,PWRHYDFJIXX01,ELCFJIXX01,2030,2.3852916
GLOBAL,S1D2,PWRHYDFJIXX01,ELCFJIXX01,2031,2.3852916
GLOBAL,S1D2,PWRHYDFJIXX01,ELCFJIXX01,2032,2.3852916
GLOBAL,S1D2,PWRHYDFJIXX01,ELCFJIXX01,2033,1.0927796
GLOBAL,S1D2,PWRHYDFJIXX01,ELCFJIXX01,2034,2.3852916
GLOBAL,S1D2,PWRHYDFJIXX01,ELCFJIXX01,2035,1.0547126
GLOBAL,S1D2,PWRHYDFJIXX01,ELCFJIXX01,2036,2.2758666
GLOBAL,S1D2,PWRHYDFJIXX01,ELCFJIXX01,2037,1.0547126
GLOBAL,S1D2,PWRHYDFJIXX01,ELCFJIXX01,2038,1.0547126
GLOBAL,S1D2,PWRHYDFJIXX01,ELCFJIXX01,2039,1.0547126
GLOBAL,S1D2,PWRHYDFJIXX01,ELCFJIXX01,2040,1.145019
GLOBAL,S1D2,PWRHYDFJIXX01,ELCFJIXX01,2041,1.0547126
GLOBAL,S1D2,PWRHYDFJIXX01,ELCFJIXX01,2042,1.0547126
GLOBAL,S1D2,PWRHYDFJIXX01,ELCFJIXX01,2043,1.0547126
GLOBAL,S1D2,PWRHYDFJIXX01,ELCFJIXX01,2044,1.0547126
GLOBAL,S1D2,PWRHYDFJIXX01,ELCFJIXX01,2045,1.0547126
GLOBAL,S1D2,PWRHYDFJIXX01,ELCFJIXX01,2046,1.0547126
GLOBAL,S1D2,PWRHYDFJIXX01,ELCFJIXX01,2047,1.0547126
GLOBAL,S1D2,PWRHYDFJIXX01,ELCFJIXX01,2048,2.3852916
GLOBAL,S1D2,PWRHYDFJIXX01,ELCFJIXX01,2049,1.0547126
GLOBAL,S1D2,PWRHYDFJIXX01,ELCFJIXX01,2050,1.0547126
GLOBAL,S1D2,PWROILFJIXX01,ELCFJIXX01,2022,1.0737645
GLOBAL,S1D2,PWROILFJIXX01,ELCFJIXX01,2028,0.015006064
GLOBAL,S1D2,PWROILFJIXX01,ELCFJIXX01,2029,0.4506656
GLOBAL,S1D2,PWROILFJIXX01,ELCFJIXX01,2030,0.71665554
GLOBAL,S1D2,PWROILFJIXX01,ELCFJIXX01,2031,1.220128
GLOBAL,S1D2,PWROILFJIXX01,ELCFJIXX01,2032,0.1291304
GLOBAL,S1D2,PWROILFJIXX01,ELCFJIXX01,2033,1.3797349
GLOBAL,S1D2,PWROILFJIXX01,ELCFJIXX01,2034,0.047780396
GLOBAL,S1D2,PWROILFJIXX01,ELCFJIXX01,2035,1.513728
GLOBAL,S1D2,PWROILFJIXX01,ELCFJIXX01,2036,0.070925114
GLOBAL,S1D2,PWROILFJIXX01,ELCFJIXX01,2037,1.2452412
GLOBAL,S1D2,PWROILFJIXX01,ELCFJIXX01,2038,1.513728
GLOBAL,S1D2,PWROILFJIXX01,ELCFJIXX01,2039,1.513728
GLOBAL,S1D2,PWROILFJIXX01,ELCFJIXX01,2040,0.77071006
GLOBAL,S1D2,PWROILFJIXX01,ELCFJIXX01,2041,0.58408058
GLOBAL,S1D2,PWROILFJIXX01,ELCFJIXX01,2042,0.91211179
GLOBAL,S1D2,PWROILFJIXX01,ELCFJIXX01,2043,0.63489752
GLOBAL,S1D2,PWROILFJIXX01,ELCFJIXX01,2044,0.30898336
GLOBAL,S1D2,PWRPETFJIXX01,ELCFJIXX01,2031,0.13090064
GLOBAL,S1D2,PWRPETFJIXX01,ELCFJIXX01,2032,1.8623995
GLOBAL,S1D2,PWRPETFJIXX01,ELCFJIXX01,2033,2.0757472
GLOBAL,S1D2,PWRPETFJIXX01,ELCFJIXX01,2034,2.2219113
GLOBAL,S1D2,PWRPETFJIXX01,ELCFJIXX01,2035,2.2219113
GLOBAL,S1D2,PWRPETFJIXX01,ELCFJIXX01,2036,2.2219113
GLOBAL,S1D2,PWRPETFJIXX01,ELCFJIXX01,2037,2.2219113
GLOBAL,S1D2,PWRPETFJIXX01,ELCFJIXX01,2038,2.2219113
GLOBAL,S1D2,PWRPETFJIXX01,ELCFJIXX01,2039,2.2219113
GLOBAL,S1D2,PWRPETFJIXX01,ELCFJIXX01,2040,2.2219113
GLOBAL,S1D2,PWRPETFJIXX01,ELCFJIXX01,2041,2.2219113
GLOBAL,S1D2,PWRPETFJIXX01,ELCFJIXX01,2042,2.2219113
GLOBAL,S1D2,PWRPETFJIXX01,ELCFJIXX01,2043,2.2219113
GLOBAL,S1D2,PWRPETFJIXX01,ELCFJIXX01,2044,2.2219113
GLOBAL,S1D2,PWRPETFJIXX01,ELCFJIXX01,2045,2.2219113
GLOBAL,S1D2,PWRPETFJIXX01,ELCFJIXX01,2046,2.3718418
GLOBAL,S1D2,PWRPETFJIXX01,ELCFJIXX01,2047,2.3718418
GLOBAL,S1D2,PWRPETFJIXX01,ELCFJIXX01,2048,2.8499419
GLOBAL,S1D2,PWRPETFJIXX01,ELCFJIXX01,2049,3.1908218
GLOBAL,S1D2,PWRPETFJIXX01,ELCFJIXX01,2050,3.1908218
GLOBAL,S1D2,PWRSPVFJIXX01,ELCFJIXX01,2040,0.27365372
GLOBAL,S1D2,PWRSPVFJIXX01,ELCFJIXX01,2041,0.27365372
GLOBAL,S1D2,PWRSPVFJIXX01,ELCFJIXX01,2042,0.27365372
GLOBAL,S1D2,PWRSPVFJIXX01,ELCFJIXX01,2043,0.27365372
GLOBAL,S1D2,PWRSPVFJIXX01,ELCFJIXX01,2044,0.27365372
GLOBAL,S1D2,PWRSPVFJIXX01,ELCFJIXX01,2045,0.27365372
GLOBAL,S1D2,PWRSPVFJIXX01,ELCFJIXX01,2046,0.27365372
GLOBAL,S1D2,PWRSPVFJIXX01,ELCFJIXX01,2047,0.45480291
GLOBAL,S1D2,PWRSPVFJIXX01,ELCFJIXX01,2048,0.45480291
GLOBAL,S1D2,PWRSPVFJIXX01,ELCFJIXX01,2049,0.45480291
GLOBAL,S1D2,PWRSPVFJIXX01,ELCFJIXX01,2050,0.30790877
GLOBAL,S1D2,PWRTRNFJIXX,ELCFJIXX02,2021,3.3783784
GLOBAL,S1D2,PWRTRNFJIXX,ELCFJIXX02,2022,3.4590561
GLOBAL,S1D2,PWRTRNFJIXX,ELCFJIXX02,2023,3.5296491
GLOBAL,S1D2,PWRTRNFJIXX,ELCFJIXX02,2024,3.6103267
GLOBAL,S1D2,PWRTRNFJIXX,ELCFJIXX02,2025,3.6809197
GLOBAL,S1D2,PWRTRNFJIXX,ELCFJIXX02,2026,3.8321904
GLOBAL,S1D2,PWRTRNFJIXX,ELCFJIXX02,2027,3.9834611
GLOBAL,S1D2,PWRTRNFJIXX,ELCFJIXX02,2028,4.1347317
GLOBAL,S1D2,PWRTRNFJIXX,ELCFJIXX02,2029,4.2860024
GLOBAL,S1D2,PWRTRNFJIXX,ELCFJIXX02,2030,4.4372731
GLOBAL,S1D2,PWRTRNFJIXX,ELCFJIXX02,2031,4.5986285
GLOBAL,S1D2,PWRTRNFJIXX,ELCFJIXX02,2032,4.7599839
GLOBAL,S1D2,PWRTRNFJIXX,ELCFJIXX02,2033,4.931424
GLOBAL,S1D2,PWRTRNFJIXX,ELCFJIXX02,2034,5.0927793
GLOBAL,S1D2,PWRTRNFJIXX,ELCFJIXX02,2035,5.2541347
GLOBAL,S1D2,PWRTRNFJIXX,ELCFJIXX02,2036,5.4457443
GLOBAL,S1D2,PWRTRNFJIXX,ELCFJIXX02,2037,5.6373538
GLOBAL,S1D2,PWRTRNFJIXX,ELCFJIXX02,2038,5.8188786
GLOBAL,S1D2,PWRTRNFJIXX,ELCFJIXX02,2039,6.0104881
GLOBAL,S1D2,PWRTRNFJIXX,ELCFJIXX02,2040,6.1920129
GLOBAL,S1D2,PWRTRNFJIXX,ELCFJIXX02,2041,6.4138766
GLOBAL,S1D2,PWRTRNFJIXX,ELCFJIXX02,2042,6.6256555
GLOBAL,S1D2,PWRTRNFJIXX,ELCFJIXX02,2043,6.8374344
GLOBAL,S1D2,PWRTRNFJIXX,ELCFJIXX02,2044,7.0592981
GLOBAL,S1D2,PWRTRNFJIXX,ELCFJIXX02,2045,7.271077
GLOBAL,S1D2,PWRTRNFJIXX,ELCFJIXX02,2046,7.5231948
GLOBAL,S1D2,PWRTRNFJIXX,ELCFJIXX02,2047,7.7853973
GLOBAL,S1D2,PWRTRNFJIXX,ELCFJIXX02,2048,8.0375151
GLOBAL,S1D2,PWRTRNFJIXX,ELCFJIXX02,2049,8.2896329
GLOBAL,S1D2,PWRTRNFJIXX,ELCFJIXX02,2050,8.5417507
GLOBAL,S1D2,PWRWONFJIXX01,ELCFJIXX01,2023,0.0678024
GLOBAL,S1D2,PWRWONFJIXX01,ELCFJIXX01,2024,0.0678024
GLOBAL,S1D2,PWRWONFJIXX01,ELCFJIXX01,2025,0.0678024
GLOBAL,S1D2,PWRWONFJIXX01,ELCFJIXX01,2026,0.0678024
GLOBAL,S1D2,PWRWONFJIXX01,ELCFJIXX01,2027,0.0678024
GLOBAL,S1D2,PWRWONFJIXX01,ELCFJIXX01,2028,0.0678024
GLOBAL,S1D2,PWRWONFJIXX01,ELCFJIXX01,2029,0.0678024
GLOBAL,S1D2,PWRWONFJIXX01,ELCFJIXX01,2030,0.0678024
GLOBAL,S1D2,PWRWONFJIXX01,ELCFJIXX01,2031,0.0678024
GLOBAL,S1D2,PWRWONFJIXX01,ELCFJIXX01,2032,0.0678024
GLOBAL,S1D2,PWRWONFJIXX01,ELCFJIXX01,2033,0.0678024
GLOBAL,S1D2,PWRWONFJIXX01,ELCFJIXX01,2034,0.0678024
GLOBAL,S1D2,PWRWONFJIXX01,ELCFJIXX01,2035,0.0678024
GLOBAL,S1D2,PWRWONFJIXX01,ELCFJIXX01,2036,0.0678024
GLOBAL,S1D2,PWRWONFJIXX01,ELCFJIXX01,2037,0.0678024
GLOBAL,S1D2,PWRWONFJIXX01,ELCFJIXX01,2038,0.0678024
GLOBAL,S1D2,RNWBIOFJIXX,BIOFJIXX,2021,8.3965861
GLOBAL,S1D2,RNWBIOFJIXX,BIOFJIXX,2023,4.1124404
GLOBAL,S1D2,RNWBIOFJIXX,BIOFJIXX,2024,4.4206291
GLOBAL,S1D2,RNWBIOFJIXX,BIOFJIXX,2025,4.6902943
GLOBAL,S1D2,RNWBIOFJIXX,BIOFJIXX,2026,5.2681483
GLOBAL,S1D2,RNWBIOFJIXX,BIOFJIXX,2027,5.8460023
GLOBAL,S1D2,RNWBIOFJIXX,BIOFJIXX,2028,6.3665331
GLOBAL,S1D2,RNWBIOFJIXX,BIOFJIXX,2029,5.2801676
GLOBAL,S1D2,RNWBIOFJIXX,BIOFJIXX,2030,4.84194
GLOBAL,S1D2,RNWBIOFJIXX,BIOFJIXX,2031,3.0350123
GLOBAL,S1D2,RNWBIOFJIXX,BIOFJIXX,2032,1.2046752
GLOBAL,S1D2,RNWBIOFJIXX,BIOFJIXX,2033,1.2046752
GLOBAL,S1D2,RNWBIOFJIXX,BIOFJIXX,2034,1.4133757
GLOBAL,S1D2,RNWBIOFJIXX,BIOFJIXX,2035,1.5126453
GLOBAL,S1D2,RNWBIOFJIXX,BIOFJIXX,2036,3.0912924
GLOBAL,S1D2,RNWBIOFJIXX,BIOFJIXX,2037,4.0021615
GLOBAL,S1D2,RNWBIOFJIXX,BIOFJIXX,2038,3.6699668
GLOBAL,S1D2,RNWBIOFJIXX,BIOFJIXX,2039,4.6609203
GLOBAL,S1D2,RNWBIOFJIXX,BIOFJIXX,2040,6.8023458
GLOBAL,S1D2,RNWBIOFJIXX,BIOFJIXX,2041,8.7077602
GLOBAL,S1D2,RNWBIOFJIXX,BIOFJIXX,2042,8.2636765
GLOBAL,S1D2,RNWBIOFJIXX,BIOFJIXX,2043,10.131631
GLOBAL,S1D2,RNWBIOFJIXX,BIOFJIXX,2044,12.224142
GLOBAL,S1D2,RNWBIOFJIXX,BIOFJIXX,2045,14.213454
GLOBAL,S1D2,RNWBIOFJIXX,BIOFJIXX,2046,14.603809
GLOBAL,S1D2,RNWBIOFJIXX,BIOFJIXX,2047,14.913433
GLOBAL,S1D2,RNWBIOFJIXX,BIOFJIXX,2048,8.9673689
GLOBAL,S1D2,RNWBIOFJIXX,BIOFJIXX,2049,13.711109
GLOBAL,S1D2,RNWBIOFJIXX,BIOFJIXX,2050,15.235335
GLOBAL,S1D2,RNWHYDFJIXX,HYDFJIXX,2021,1.1803192
GLOBAL,S1D2,RNWHYDFJIXX,HYDFJIXX,2022,2.3852916
GLOBAL,S1D2,RNWHYDFJIXX,HYDFJIXX,2023,2.3852916
GLOBAL,S1D2,RNWHYDFJIXX,HYDFJIXX,2024,2.3852916
GLOBAL,S1D2,RNWHYDFJIXX,HYDFJIXX,2025,2.3852916
GLOBAL,S1D2,RNWHYDFJIXX,HYDFJIXX,2026,2.3852916
GLOBAL,S1D2,RNWHYDFJIXX,HYDFJIXX,2027,2.3852916
GLOBAL,S1D2,RNWHYDFJIXX,HYDFJIXX,2028,2.3852916
GLOBAL,S1D2,RNWHYDFJIXX,HYDFJIXX,2029,2.3852916
GLOBAL,S1D2,RNWHYDFJIXX,HYDFJIXX,2030,2.3852916
GLOBAL,S1D2,RNWHYDFJIXX,HYDFJIXX,2031,2.3852916
GLOBAL,S1D2,RNWHYDFJIXX,HYDFJIXX,2032,2.3852916
GLOBAL,S1D2,RNWHYDFJIXX,HYDFJIXX,2033,1.0927796
GLOBAL,S1D2,RNWHYDFJIXX,HYDFJIXX,2034,2.3852916
GLOBAL,S1D2,RNWHYDFJIXX,HYDFJIXX,2035,1.0547126
GLOBAL,S1D2,RNWHYDFJIXX,HYDFJIXX,2036,2.2758666
GLOBAL,S1D2,RNWHYDFJIXX,HYDFJIXX,2037,1.0547126
GLOBAL,S1D2,RNWHYDFJIXX,HYDFJIXX,2038,1.0547126
GLOBAL,S1D2,RNWHYDFJIXX,HYDFJIXX,2039,1.0547126
GLOBAL,S1D2,RNWHYDFJIXX,HYDFJIXX,2040,1.145019
GLOBAL,S1D2,RNWHYDFJIXX,HYDFJIXX,2041,1.0547126
GLOBAL,S1D2,RNWHYDFJIXX,HYDFJIXX,2042,1.0547126
GLOBAL,S1D2,RNWHYDFJIXX,HYDFJIXX,2043,1.0547126
GLOBAL,S1D2,RNWHYDFJIXX,HYDFJIXX,2044,1.0547126
GLOBAL,S1D2,RNWHYDFJIXX,HYDFJIXX,2045,1.0547126
GLOBAL,S1D2,RNWHYDFJIXX,HYDFJIXX,2046,1.0547126
GLOBAL,S1D2,RNWHYDFJIXX,HYDFJIXX,2047,1.0547126
GLOBAL,S1D2,RNWHYDFJIXX,HYDFJIXX,2048,2.3852916
GLOBAL,S1D2,RNWHYDFJIXX,HYDFJIXX,2049,1.0547126
GLOBAL,S1D2,RNWHYDFJIXX,HYDFJIXX,2050,1.0547126
GLOBAL,S1D2,RNWSPVFJIXX,SPVFJIXX,2040,0.27365372
GLOBAL,S1D2,RNWSPVFJIXX,SPVFJIXX,2041,0.27365372
GLOBAL,S1D2,RNWSPVFJIXX,SPVFJIXX,2042,0.27365372
GLOBAL,S1D2,RNWSPVFJIXX,SPVFJIXX,2043,0.27365372
GLOBAL,S1D2,RNWSPVFJIXX,SPVFJIXX,2044,0.27365372
GLOBAL,S1D2,RNWSPVFJIXX,SPVFJIXX,2045,0.27365372
GLOBAL,S1D2,RNWSPVFJIXX,SPVFJIXX,2046,0.27365372
GLOBAL,S1D2,RNWSPVFJIXX,SPVFJIXX,2047,0.45480291
GLOBAL,S1D2,RNWSPVFJIXX,SPVFJIXX,2048,0.45480291
GLOBAL,S1D2,RNWSPVFJIXX,SPVFJIXX,2049,0.45480291
GLOBAL,S1D2,RNWSPVFJIXX,SPVFJIXX,2050,0.30790877
GLOBAL,S1D2,RNWWONFJIXX,WONFJIXX,2023,0.0678024
GLOBAL,S1D2,RNWWONFJIXX,WONFJIXX,2024,0.0678024
GLOBAL,S1D2,RNWWONFJIXX,WONFJIXX,2025,0.0678024
GLOBAL,S1D2,RNWWONFJIXX,WONFJIXX,2026,0.0678024
GLOBAL,S1D2,RNWWONFJIXX,WONFJIXX,2027,0.0678024
GLOBAL,S1D2,RNWWONFJIXX,WONFJIXX,2028,0.0678024
GLOBAL,S1D2,RNWWONFJIXX,WONFJIXX,2029,0.0678024
GLOBAL,S1D2,RNWWONFJIXX,WONFJIXX,2030,0.0678024
GLOBAL,S1D2,RNWWONFJIXX,WONFJIXX,2031,0.0678024
GLOBAL,S1D2,RNWWONFJIXX,WONFJIXX,2032,0.0678024
GLOBAL,S1D2,RNWWONFJIXX,WONFJIXX,2033,0.0678024
GLOBAL,S1D2,RNWWONFJIXX,WONFJIXX,2034,0.0678024
GLOBAL,S1D2,RNWWONFJIXX,WONFJIXX,2035,0.0678024
GLOBAL,S1D2,RNWWONFJIXX,WONFJIXX,2036,0.0678024
GLOBAL,S1D2,RNWWONFJIXX,WONFJIXX,2037,0.0678024
GLOBAL,S1D2,RNWWONFJIXX,WONFJIXX,2038,0.0678024
GLOBAL,S2D1,LNDAGRFJIC01,CRPCAS,2021,0.07189000014
GLOBAL,S2D1,LNDAGRFJIC01,CRPCAS,2022,0.07220340021999999
GLOBAL,S2D1,LNDAGRFJIC01,CRPCAS,2023,0.07251670034
GLOBAL,S2D1,LNDAGRFJIC01,CRPCAS,2024,0.07283010042
GLOBAL,S2D1,LNDAGRFJIC01,CRPCAS,2025,0.07314349952
GLOBAL,S2D1,LNDAGRFJIC01,CRPCAS,2026,0.07337960013999999
GLOBAL,S2D1,LNDAGRFJIC01,CRPCAS,2027,0.07361569978
GLOBAL,S2D1,LNDAGRFJIC01,CRPCAS,2028,0.07385170044
GLOBAL,S2D1,LNDAGRFJIC01,CRPCAS,2029,0.07408780008
GLOBAL,S2D1,LNDAGRFJIC01,CRPCAS,2030,0.07432389972
GLOBAL,S2D1,LNDAGRFJIC01,CRPCAS,2031,0.07448539979999999
GLOBAL,S2D1,LNDAGRFJIC01,CRPCAS,2032,0.07464699983999999
GLOBAL,S2D1,LNDAGRFJIC01,CRPCAS,2033,0.07480849992000001
GLOBAL,S2D1,LNDAGRFJIC01,CRPCAS,2034,0.07497
GLOBAL,S2D1,LNDAGRFJIC01,CRPCAS,2035,0.07513150008
GLOBAL,S2D1,LNDAGRFJIC01,CRPCAS,2036,0.07520379958000001
GLOBAL,S2D1,LNDAGRFJIC01,CRPCAS,2037,0.07527620002
GLOBAL,S2D1,LNDAGRFJIC01,CRPCAS,2038,0.07534849952
GLOBAL,S2D1,LNDAGRFJIC01,CRPCAS,2039,0.05438732166
GLOBAL,S2D1,LNDAGRFJIC01,CRPCAS,2040,0.07549320044
GLOBAL,S2D1,LNDAGRFJIC01,CRPCAS,2041,0.07548200002000001
GLOBAL,S2D1,LNDAGRFJIC01,CRPCAS,2042,0.0754707996
GLOBAL,S2D1,LNDAGRFJIC01,CRPCAS,2043,0.07545970011999999
GLOBAL,S2D1,LNDAGRFJIC01,CRPCAS,2044,0.0754484997
GLOBAL,S2D1,LNDAGRFJIC01,CRPCAS,2045,0.07543730026
GLOBAL,S2D1,LNDAGRFJIC01,CRPCAS,2046,0.07536069954
GLOBAL,S2D1,LNDAGRFJIC01,CRPCAS,2047,0.07528419975999999
GLOBAL,S2D1,LNDAGRFJIC01,CRPCAS,2048,0.07470356151999999
GLOBAL,S2D1,LNDAGRFJIC01,CRPCAS,2049,0.07487922848
GLOBAL,S2D1,LNDAGRFJIC01,CRPCAS,2050,0.07505449952
GLOBAL,S2D1,LNDAGRFJIC01,CRPCON,2039,3.9892838700000004e-05
GLOBAL,S2D1,LNDAGRFJIC01,CRPOTH,2021,0.06255299972
GLOBAL,S2D1,LNDAGRFJIC01,CRPOTH,2022,0.06282560032
GLOBAL,S2D1,LNDAGRFJIC01,CRPOTH,2023,0.06309830028
GLOBAL,S2D1,LNDAGRFJIC01,CRPOTH,2024,0.06337100024
GLOBAL,S2D1,LNDAGRFJIC01,CRPOTH,2025,0.06364359992
GLOBAL,S2D1,LNDAGRFJIC01,CRPOTH,2026,0.06384910032
GLOBAL,S2D1,LNDAGRFJIC01,CRPOTH,2027,0.06405450044000001
GLOBAL,S2D1,LNDAGRFJIC01,CRPOTH,2028,0.06425989964
GLOBAL,S2D1,LNDAGRFJIC01,CRPOTH,2029,0.06446529976000001
GLOBAL,S2D1,LNDAGRFJIC01,CRPOTH,2030,0.06467080016000001
GLOBAL,S2D1,LNDAGRFJIC01,CRPOTH,2031,0.0648112998
GLOBAL,S2D1,LNDAGRFJIC01,CRPOTH,2032,0.06495180036
GLOBAL,S2D1,LNDAGRFJIC01,CRPOTH,2033,0.06509240028
GLOBAL,S2D1,LNDAGRFJIC01,CRPOTH,2034,0.06523289992
GLOBAL,S2D1,LNDAGRFJIC01,CRPOTH,2035,0.06537349984
GLOBAL,S2D1,LNDAGRFJIC01,CRPOTH,2036,0.06543640024
GLOBAL,S2D1,LNDAGRFJIC01,CRPOTH,2037,0.06549929972
GLOBAL,S2D1,LNDAGRFJIC01,CRPOTH,2038,0.06556230040000001
GLOBAL,S2D1,LNDAGRFJIC01,CRPOTH,2039,0.060857798520000006
GLOBAL,S2D1,LNDAGRFJIC01,CRPOTH,2040,0.06568819964
GLOBAL,S2D1,LNDAGRFJIC01,CRPOTH,2041,0.06567839980000001
GLOBAL,S2D1,LNDAGRFJIC01,CRPOTH,2042,0.06566870024
GLOBAL,S2D1,LNDAGRFJIC01,CRPOTH,2043,0.06565899976
GLOBAL,S2D1,LNDAGRFJIC01,CRPOTH,2044,0.0656493002
GLOBAL,S2D1,LNDAGRFJIC01,CRPOTH,2045,0.06563950036
GLOBAL,S2D1,LNDAGRFJIC01,CRPOTH,2046,0.06557289972000001
GLOBAL,S2D1,LNDAGRFJIC01,CRPOTH,2047,0.0655063
GLOBAL,S2D1,LNDAGRFJIC01,CRPOTH,2048,0.06500092836
GLOBAL,S2D1,LNDAGRFJIC01,CRPOTH,2049,0.06515356556
GLOBAL,S2D1,LNDAGRFJIC01,CRPOTH,2050,0.06530649992000001
GLOBAL,S2D1,LNDAGRFJIC01,CRPSGC,2021,1.72599999
GLOBAL,S2D1,LNDAGRFJIC01,CRPSGC,2022,1.7335200300000002
GLOBAL,S2D1,LNDAGRFJIC01,CRPSGC,2023,1.7410499700000002
GLOBAL,S2D1,LNDAGRFJIC01,CRPSGC,2024,1.7485700100000003
GLOBAL,S2D1,LNDAGRFJIC01,CRPSGC,2025,1.75609005
GLOBAL,S2D1,LNDAGRFJIC01,CRPSGC,2026,1.76176
GLOBAL,S2D1,LNDAGRFJIC01,CRPSGC,2027,1.7674299500000001
GLOBAL,S2D1,LNDAGRFJIC01,CRPSGC,2028,1.7731000100000003
GLOBAL,S2D1,LNDAGRFJIC01,CRPSGC,2029,1.7787699600000002
GLOBAL,S2D1,LNDAGRFJIC01,CRPSGC,2030,1.7844400200000001
GLOBAL,S2D1,LNDAGRFJIC01,CRPSGC,2031,1.7883100400000003
GLOBAL,S2D1,LNDAGRFJIC01,CRPSGC,2032,1.7921899600000002
GLOBAL,S2D1,LNDAGRFJIC01,CRPSGC,2033,1.7960699900000001
GLOBAL,S2D1,LNDAGRFJIC01,CRPSGC,2034,1.7999500200000003
GLOBAL,S2D1,LNDAGRFJIC01,CRPSGC,2035,1.8038200400000002
GLOBAL,S2D1,LNDAGRFJIC01,CRPSGC,2036,1.8055600200000002
GLOBAL,S2D1,LNDAGRFJIC01,CRPSGC,2037,1.8073000000000001
GLOBAL,S2D1,LNDAGRFJIC01,CRPSGC,2038,1.8090399800000003
GLOBAL,S2D1,LNDAGRFJIC01,CRPSGC,2039,1.82002997
GLOBAL,S2D1,LNDAGRFJIC01,CRPSGC,2040,1.8125100400000003
GLOBAL,S2D1,LNDAGRFJIC01,CRPSGC,2041,1.8122399900000001
GLOBAL,S2D1,LNDAGRFJIC01,CRPSGC,2042,1.81197005
GLOBAL,S2D1,LNDAGRFJIC01,CRPSGC,2043,1.8117
GLOBAL,S2D1,LNDAGRFJIC01,CRPSGC,2044,1.8114399600000002
GLOBAL,S2D1,LNDAGRFJIC01,CRPSGC,2045,1.8111700200000003
GLOBAL,S2D1,LNDAGRFJIC01,CRPSGC,2046,1.80933005
GLOBAL,S2D1,LNDAGRFJIC01,CRPSGC,2047,1.8074899700000002
GLOBAL,S2D1,LNDAGRFJIC01,CRPSGC,2048,1.8097300100000002
GLOBAL,S2D1,LNDAGRFJIC01,CRPSGC,2049,1.80584998
GLOBAL,S2D1,LNDAGRFJIC01,CRPSGC,2050,1.8019799600000002
GLOBAL,S2D1,LNDAGRFJIC01,WTREVTFJI,2021,6.465284952099999
GLOBAL,S2D1,LNDAGRFJIC01,WTREVTFJI,2022,6.435810621
GLOBAL,S2D1,LNDAGRFJIC01,WTREVTFJI,2023,3.1725900143
GLOBAL,S2D1,LNDAGRFJIC01,WTREVTFJI,2024,3.1862936604
GLOBAL,S2D1,LNDAGRFJIC01,WTREVTFJI,2025,3.1999972069999996
GLOBAL,S2D1,LNDAGRFJIC01,WTREVTFJI,2026,3.2103290765999994
GLOBAL,S2D1,LNDAGRFJIC01,WTREVTFJI,2027,3.2206608467
GLOBAL,S2D1,LNDAGRFJIC01,WTREVTFJI,2028,3.2309926645
GLOBAL,S2D1,LNDAGRFJIC01,WTREVTFJI,2029,3.2413244346
GLOBAL,S2D1,LNDAGRFJIC01,WTREVTFJI,2030,3.2516564928
GLOBAL,S2D1,LNDAGRFJIC01,WTREVTFJI,2031,3.2587092324999998
GLOBAL,S2D1,LNDAGRFJIC01,WTREVTFJI,2032,3.2657792159
GLOBAL,S2D1,LNDAGRFJIC01,WTREVTFJI,2033,3.2728493437000004
GLOBAL,S2D1,LNDAGRFJIC01,WTREVTFJI,2034,3.2799193734000003
GLOBAL,S2D1,LNDAGRFJIC01,WTREVTFJI,2035,3.2869722112
GLOBAL,S2D1,LNDAGRFJIC01,WTREVTFJI,2036,3.2901424491999998
GLOBAL,S2D1,LNDAGRFJIC01,WTREVTFJI,2037,3.2933128304999997
GLOBAL,S2D1,LNDAGRFJIC01,WTREVTFJI,2038,3.2964831666000003
GLOBAL,S2D1,LNDAGRFJIC01,WTREVTFJI,2039,3.2810029839505996
GLOBAL,S2D1,LNDAGRFJIC01,WTREVTFJI,2040,3.3028067845000004
GLOBAL,S2D1,LNDAGRFJIC01,WTREVTFJI,2041,6.0751395971
GLOBAL,S2D1,LNDAGRFJIC01,WTREVTFJI,2042,3.3018229977999995
GLOBAL,S2D1,LNDAGRFJIC01,WTREVTFJI,2043,3.3013312018
GLOBAL,S2D1,LNDAGRFJIC01,WTREVTFJI,2044,3.3008565525000004
GLOBAL,S2D1,LNDAGRFJIC01,WTREVTFJI,2045,3.3003647065000004
GLOBAL,S2D1,LNDAGRFJIC01,WTREVTFJI,2046,3.2970119941
GLOBAL,S2D1,LNDAGRFJIC01,WTREVTFJI,2047,3.2936592368
GLOBAL,S2D1,LNDAGRFJIC01,WTREVTFJI,2048,3.2962045282999997
GLOBAL,S2D1,LNDAGRFJIC01,WTREVTFJI,2049,3.2899029300999993
GLOBAL,S2D1,LNDAGRFJIC01,WTREVTFJI,2050,3.2836183469999995
GLOBAL,S2D1,LNDAGRFJIC01,WTRGRCFJI,2021,0.18377032651
GLOBAL,S2D1,LNDAGRFJIC01,WTRGRCFJI,2022,0.182690023106
GLOBAL,S2D1,LNDAGRFJIC01,WTRGRCFJI,2023,0.076087288506
GLOBAL,S2D1,LNDAGRFJIC01,WTRGRCFJI,2024,0.076415957438
GLOBAL,S2D1,LNDAGRFJIC01,WTRGRCFJI,2025,0.07674461627599999
GLOBAL,S2D1,LNDAGRFJIC01,WTRGRCFJI,2026,0.07699240147
GLOBAL,S2D1,LNDAGRFJIC01,WTRGRCFJI,2027,0.07724017657000001
GLOBAL,S2D1,LNDAGRFJIC01,WTRGRCFJI,2028,0.07748794901200001
GLOBAL,S2D1,LNDAGRFJIC01,WTRGRCFJI,2029,0.077735724112
GLOBAL,S2D1,LNDAGRFJIC01,WTRGRCFJI,2030,0.07798351334000002
GLOBAL,S2D1,LNDAGRFJIC01,WTRGRCFJI,2031,0.07815268604
GLOBAL,S2D1,LNDAGRFJIC01,WTRGRCFJI,2032,0.078322234564
GLOBAL,S2D1,LNDAGRFJIC01,WTRGRCFJI,2033,0.07849179039200001
GLOBAL,S2D1,LNDAGRFJIC01,WTRGRCFJI,2034,0.078661336192
GLOBAL,S2D1,LNDAGRFJIC01,WTRGRCFJI,2035,0.07883051892000001
GLOBAL,S2D1,LNDAGRFJIC01,WTRGRCFJI,2036,0.07890653191000001
GLOBAL,S2D1,LNDAGRFJIC01,WTRGRCFJI,2037,0.07898255160600001
GLOBAL,S2D1,LNDAGRFJIC01,WTRGRCFJI,2038,0.07905857462400001
GLOBAL,S2D1,LNDAGRFJIC01,WTRGRCFJI,2039,0.077719056303
GLOBAL,S2D1,LNDAGRFJIC01,WTRGRCFJI,2040,0.079210248312
GLOBAL,S2D1,LNDAGRFJIC01,WTRGRCFJI,2041,0.16968010151400004
GLOBAL,S2D1,LNDAGRFJIC01,WTRGRCFJI,2042,0.07918666284399999
GLOBAL,S2D1,LNDAGRFJIC01,WTRGRCFJI,2043,0.07917487978000001
GLOBAL,S2D1,LNDAGRFJIC01,WTRGRCFJI,2044,0.07916346311000001
GLOBAL,S2D1,LNDAGRFJIC01,WTRGRCFJI,2045,0.07915166747800001
GLOBAL,S2D1,LNDAGRFJIC01,WTRGRCFJI,2046,0.07907126788999999
GLOBAL,S2D1,LNDAGRFJIC01,WTRGRCFJI,2047,0.07899087109200001
GLOBAL,S2D1,LNDAGRFJIC01,WTRGRCFJI,2048,0.07898472212
GLOBAL,S2D1,LNDAGRFJIC01,WTRGRCFJI,2049,0.078867197172
GLOBAL,S2D1,LNDAGRFJIC01,WTRGRCFJI,2050,0.078750048376
GLOBAL,S2D1,LNDAGRFJIC01,WTRSURFJI,2021,2.6892237342999996
GLOBAL,S2D1,LNDAGRFJIC01,WTRSURFJI,2022,2.678490224
GLOBAL,S2D1,LNDAGRFJIC01,WTRSURFJI,2023,1.4082978969000002
GLOBAL,S2D1,LNDAGRFJIC01,WTRSURFJI,2024,1.4143812182
GLOBAL,S2D1,LNDAGRFJIC01,WTRSURFJI,2025,1.420464353
GLOBAL,S2D1,LNDAGRFJIC01,WTRSURFJI,2026,1.4250506047999998
GLOBAL,S2D1,LNDAGRFJIC01,WTRSURFJI,2027,1.4296366701
GLOBAL,S2D1,LNDAGRFJIC01,WTRSURFJI,2028,1.4342226885
GLOBAL,S2D1,LNDAGRFJIC01,WTRSURFJI,2029,1.4388087538000003
GLOBAL,S2D1,LNDAGRFJIC01,WTRSURFJI,2030,1.4433950804
GLOBAL,S2D1,LNDAGRFJIC01,WTRSURFJI,2031,1.4465262865000001
GLOBAL,S2D1,LNDAGRFJIC01,WTRSURFJI,2032,1.4496644566999999
GLOBAL,S2D1,LNDAGRFJIC01,WTRSURFJI,2033,1.4528027641
GLOBAL,S2D1,LNDAGRFJIC01,WTRSURFJI,2034,1.4559408862
GLOBAL,S2D1,LNDAGRFJIC01,WTRSURFJI,2035,1.4590722776
GLOBAL,S2D1,LNDAGRFJIC01,WTRSURFJI,2036,1.4604792046
GLOBAL,S2D1,LNDAGRFJIC01,WTRSURFJI,2037,1.4618862535
GLOBAL,S2D1,LNDAGRFJIC01,WTRSURFJI,2038,1.4632933658
GLOBAL,S2D1,LNDAGRFJIC01,WTRSURFJI,2039,1.43908383335
GLOBAL,S2D1,LNDAGRFJIC01,WTRSURFJI,2040,1.4661006865
GLOBAL,S2D1,LNDAGRFJIC01,WTRSURFJI,2041,2.5458245933
GLOBAL,S2D1,LNDAGRFJIC01,WTRSURFJI,2042,1.4656641414
GLOBAL,S2D1,LNDAGRFJIC01,WTRSURFJI,2043,1.4654460454
GLOBAL,S2D1,LNDAGRFJIC01,WTRSURFJI,2044,1.4652347435000002
GLOBAL,S2D1,LNDAGRFJIC01,WTRSURFJI,2045,1.4650164174999998
GLOBAL,S2D1,LNDAGRFJIC01,WTRSURFJI,2046,1.4635283023
GLOBAL,S2D1,LNDAGRFJIC01,WTRSURFJI,2047,1.4620402364
GLOBAL,S2D1,LNDAGRFJIC01,WTRSURFJI,2048,1.4619430758999998
GLOBAL,S2D1,LNDAGRFJIC01,WTRSURFJI,2049,1.4597594773
GLOBAL,S2D1,LNDAGRFJIC01,WTRSURFJI,2050,1.457582859
GLOBAL,S2D1,LNDAGRFJIC02,CRPCAS,2039,0.01988932946
GLOBAL,S2D1,LNDAGRFJIC02,WTREVTFJI,2022,58.735977500000004
GLOBAL,S2D1,LNDAGRFJIC02,WTREVTFJI,2023,58.735977500000004
GLOBAL,S2D1,LNDAGRFJIC02,WTREVTFJI,2024,58.735977500000004
GLOBAL,S2D1,LNDAGRFJIC02,WTREVTFJI,2025,58.735977500000004
GLOBAL,S2D1,LNDAGRFJIC02,WTREVTFJI,2026,58.735977500000004
GLOBAL,S2D1,LNDAGRFJIC02,WTREVTFJI,2027,58.735977500000004
GLOBAL,S2D1,LNDAGRFJIC02,WTREVTFJI,2028,58.724409
GLOBAL,S2D1,LNDAGRFJIC02,WTREVTFJI,2029,58.686519399999995
GLOBAL,S2D1,LNDAGRFJIC02,WTREVTFJI,2030,58.6486298
GLOBAL,S2D1,LNDAGRFJIC02,WTREVTFJI,2031,58.62276429999999
GLOBAL,S2D1,LNDAGRFJIC02,WTREVTFJI,2032,58.5968359
GLOBAL,S2D1,LNDAGRFJIC02,WTREVTFJI,2033,58.5709092
GLOBAL,S2D1,LNDAGRFJIC02,WTREVTFJI,2035,58.519115299999996
GLOBAL,S2D1,LNDAGRFJIC02,WTREVTFJI,2037,58.495864399999995
GLOBAL,S2D1,LNDAGRFJIC02,WTREVTFJI,2038,58.4842381
GLOBAL,S2D1,LNDAGRFJIC02,WTREVTFJI,2039,58.49666947787999
GLOBAL,S2D1,LNDAGRFJIC02,WTREVTFJI,2041,58.735977500000004
GLOBAL,S2D1,LNDAGRFJIC02,WTREVTFJI,2042,58.464655799999996
GLOBAL,S2D1,LNDAGRFJIC02,WTREVTFJI,2043,58.4664578
GLOBAL,S2D1,LNDAGRFJIC02,WTREVTFJI,2044,58.4682003
GLOBAL,S2D1,LNDAGRFJIC02,WTREVTFJI,2045,58.470004
GLOBAL,S2D1,LNDAGRFJIC02,WTREVTFJI,2046,58.482300099999996
GLOBAL,S2D1,LNDAGRFJIC02,WTREVTFJI,2047,58.494594500000005
GLOBAL,S2D1,LNDAGRFJIC02,WTREVTFJI,2048,58.50688889999999
GLOBAL,S2D1,LNDAGRFJIC02,WTREVTFJI,2049,58.519183299999995
GLOBAL,S2D1,LNDAGRFJIC02,WTREVTFJI,2050,58.735977500000004
GLOBAL,S2D1,LNDAGRFJIC02,WTRGRCFJI,2022,2.14213565
GLOBAL,S2D1,LNDAGRFJIC02,WTRGRCFJI,2023,2.14213565
GLOBAL,S2D1,LNDAGRFJIC02,WTRGRCFJI,2024,2.14213565
GLOBAL,S2D1,LNDAGRFJIC02,WTRGRCFJI,2025,2.14213565
GLOBAL,S2D1,LNDAGRFJIC02,WTRGRCFJI,2026,2.14213565
GLOBAL,S2D1,LNDAGRFJIC02,WTRGRCFJI,2027,2.14213565
GLOBAL,S2D1,LNDAGRFJIC02,WTRGRCFJI,2028,2.14171374
GLOBAL,S2D1,LNDAGRFJIC02,WTRGRCFJI,2029,2.140331884
GLOBAL,S2D1,LNDAGRFJIC02,WTRGRCFJI,2030,2.138950028
GLOBAL,S2D1,LNDAGRFJIC02,WTRGRCFJI,2031,2.138006698
GLOBAL,S2D1,LNDAGRFJIC02,WTRGRCFJI,2032,2.137061074
GLOBAL,S2D1,LNDAGRFJIC02,WTRGRCFJI,2033,2.136115512
GLOBAL,S2D1,LNDAGRFJIC02,WTRGRCFJI,2035,2.134226558
GLOBAL,S2D1,LNDAGRFJIC02,WTRGRCFJI,2037,2.133378584
GLOBAL,S2D1,LNDAGRFJIC02,WTRGRCFJI,2038,2.132954566
GLOBAL,S2D1,LNDAGRFJIC02,WTRGRCFJI,2039,2.1343315716679996
GLOBAL,S2D1,LNDAGRFJIC02,WTRGRCFJI,2041,2.14213565
GLOBAL,S2D1,LNDAGRFJIC02,WTRGRCFJI,2042,2.132240388
GLOBAL,S2D1,LNDAGRFJIC02,WTRGRCFJI,2043,2.1323061080000003
GLOBAL,S2D1,LNDAGRFJIC02,WTRGRCFJI,2044,2.132369658
GLOBAL,S2D1,LNDAGRFJIC02,WTRGRCFJI,2045,2.13243544
GLOBAL,S2D1,LNDAGRFJIC02,WTRGRCFJI,2046,2.132883886
GLOBAL,S2D1,LNDAGRFJIC02,WTRGRCFJI,2047,2.13333227
GLOBAL,S2D1,LNDAGRFJIC02,WTRGRCFJI,2048,2.1337806539999997
GLOBAL,S2D1,LNDAGRFJIC02,WTRGRCFJI,2049,2.134229038
GLOBAL,S2D1,LNDAGRFJIC02,WTRGRCFJI,2050,2.14213565
GLOBAL,S2D1,LNDAGRFJIC02,WTRSURFJI,2022,25.567425500000002
GLOBAL,S2D1,LNDAGRFJIC02,WTRSURFJI,2023,25.567425500000002
GLOBAL,S2D1,LNDAGRFJIC02,WTRSURFJI,2024,25.567425500000002
GLOBAL,S2D1,LNDAGRFJIC02,WTRSURFJI,2025,25.567425500000002
GLOBAL,S2D1,LNDAGRFJIC02,WTRSURFJI,2026,25.567425500000002
GLOBAL,S2D1,LNDAGRFJIC02,WTRSURFJI,2027,25.567425500000002
GLOBAL,S2D1,LNDAGRFJIC02,WTRSURFJI,2028,25.562389800000002
GLOBAL,S2D1,LNDAGRFJIC02,WTRSURFJI,2029,25.54589668
GLOBAL,S2D1,LNDAGRFJIC02,WTRSURFJI,2030,25.529403560000002
GLOBAL,S2D1,LNDAGRFJIC02,WTRSURFJI,2031,25.51814446
GLOBAL,S2D1,LNDAGRFJIC02,WTRSURFJI,2032,25.50685798
GLOBAL,S2D1,LNDAGRFJIC02,WTRSURFJI,2033,25.49557224
GLOBAL,S2D1,LNDAGRFJIC02,WTRSURFJI,2035,25.47302666
GLOBAL,S2D1,LNDAGRFJIC02,WTRSURFJI,2037,25.46290568
GLOBAL,S2D1,LNDAGRFJIC02,WTRSURFJI,2038,25.45784482
GLOBAL,S2D1,LNDAGRFJIC02,WTRSURFJI,2039,25.4845314084
GLOBAL,S2D1,LNDAGRFJIC02,WTRSURFJI,2041,25.567425500000002
GLOBAL,S2D1,LNDAGRFJIC02,WTRSURFJI,2042,25.44932076
GLOBAL,S2D1,LNDAGRFJIC02,WTRSURFJI,2043,25.450105160000003
GLOBAL,S2D1,LNDAGRFJIC02,WTRSURFJI,2044,25.45086366
GLOBAL,S2D1,LNDAGRFJIC02,WTRSURFJI,2045,25.4516488
GLOBAL,S2D1,LNDAGRFJIC02,WTRSURFJI,2046,25.45700122
GLOBAL,S2D1,LNDAGRFJIC02,WTRSURFJI,2047,25.462352900000003
GLOBAL,S2D1,LNDAGRFJIC02,WTRSURFJI,2048,25.467704579999996
GLOBAL,S2D1,LNDAGRFJIC02,WTRSURFJI,2049,25.47305626
GLOBAL,S2D1,LNDAGRFJIC02,WTRSURFJI,2050,25.567425500000002
GLOBAL,S2D1,LNDAGRFJIC03,CRPOTH,2039,0.0037717836760000007
GLOBAL,S2D1,LNDAGRFJIC03,CRPYAM,2039,0.004345643951999999
GLOBAL,S2D1,LNDAGRFJIC03,WTREVTFJI,2022,46.278301899999995
GLOBAL,S2D1,LNDAGRFJIC03,WTREVTFJI,2023,46.278301899999995
GLOBAL,S2D1,LNDAGRFJIC03,WTREVTFJI,2024,46.278301899999995
GLOBAL,S2D1,LNDAGRFJIC03,WTREVTFJI,2025,46.278301899999995
GLOBAL,S2D1,LNDAGRFJIC03,WTREVTFJI,2026,46.278301899999995
GLOBAL,S2D1,LNDAGRFJIC03,WTREVTFJI,2027,46.278301899999995
GLOBAL,S2D1,LNDAGRFJIC03,WTREVTFJI,2028,46.278301899999995
GLOBAL,S2D1,LNDAGRFJIC03,WTREVTFJI,2029,46.278301899999995
GLOBAL,S2D1,LNDAGRFJIC03,WTREVTFJI,2030,46.278301899999995
GLOBAL,S2D1,LNDAGRFJIC03,WTREVTFJI,2031,46.278301899999995
GLOBAL,S2D1,LNDAGRFJIC03,WTREVTFJI,2032,46.278301899999995
GLOBAL,S2D1,LNDAGRFJIC03,WTREVTFJI,2033,46.278301899999995
GLOBAL,S2D1,LNDAGRFJIC03,WTREVTFJI,2035,46.278301899999995
GLOBAL,S2D1,LNDAGRFJIC03,WTREVTFJI,2037,46.278301899999995
GLOBAL,S2D1,LNDAGRFJIC03,WTREVTFJI,2038,46.278301899999995
GLOBAL,S2D1,LNDAGRFJIC03,WTREVTFJI,2039,46.265654872261
GLOBAL,S2D1,LNDAGRFJIC03,WTREVTFJI,2041,46.278301899999995
GLOBAL,S2D1,LNDAGRFJIC03,WTREVTFJI,2042,46.278301899999995
GLOBAL,S2D1,LNDAGRFJIC03,WTREVTFJI,2043,46.278301899999995
GLOBAL,S2D1,LNDAGRFJIC03,WTREVTFJI,2044,46.278301899999995
GLOBAL,S2D1,LNDAGRFJIC03,WTREVTFJI,2045,46.278301899999995
GLOBAL,S2D1,LNDAGRFJIC03,WTREVTFJI,2046,46.278301899999995
GLOBAL,S2D1,LNDAGRFJIC03,WTREVTFJI,2047,46.278301899999995
GLOBAL,S2D1,LNDAGRFJIC03,WTREVTFJI,2048,46.278301899999995
GLOBAL,S2D1,LNDAGRFJIC03,WTREVTFJI,2049,46.278301899999995
GLOBAL,S2D1,LNDAGRFJIC03,WTREVTFJI,2050,46.0496749
GLOBAL,S2D1,LNDAGRFJIC03,WTRGRCFJI,2022,1.510134062
GLOBAL,S2D1,LNDAGRFJIC03,WTRGRCFJI,2023,1.510134062
GLOBAL,S2D1,LNDAGRFJIC03,WTRGRCFJI,2024,1.510134062
GLOBAL,S2D1,LNDAGRFJIC03,WTRGRCFJI,2025,1.510134062
GLOBAL,S2D1,LNDAGRFJIC03,WTRGRCFJI,2026,1.510134062
GLOBAL,S2D1,LNDAGRFJIC03,WTRGRCFJI,2027,1.510134062
GLOBAL,S2D1,LNDAGRFJIC03,WTRGRCFJI,2028,1.510134062
GLOBAL,S2D1,LNDAGRFJIC03,WTRGRCFJI,2029,1.510134062
GLOBAL,S2D1,LNDAGRFJIC03,WTRGRCFJI,2030,1.510134062
GLOBAL,S2D1,LNDAGRFJIC03,WTRGRCFJI,2031,1.510134062
GLOBAL,S2D1,LNDAGRFJIC03,WTRGRCFJI,2032,1.510134062
GLOBAL,S2D1,LNDAGRFJIC03,WTRGRCFJI,2033,1.510134062
GLOBAL,S2D1,LNDAGRFJIC03,WTRGRCFJI,2035,1.510134062
GLOBAL,S2D1,LNDAGRFJIC03,WTRGRCFJI,2037,1.510134062
GLOBAL,S2D1,LNDAGRFJIC03,WTRGRCFJI,2038,1.510134062
GLOBAL,S2D1,LNDAGRFJIC03,WTRGRCFJI,2039,1.5105512181212
GLOBAL,S2D1,LNDAGRFJIC03,WTRGRCFJI,2041,1.510134062
GLOBAL,S2D1,LNDAGRFJIC03,WTRGRCFJI,2042,1.510134062
GLOBAL,S2D1,LNDAGRFJIC03,WTRGRCFJI,2043,1.510134062
GLOBAL,S2D1,LNDAGRFJIC03,WTRGRCFJI,2044,1.510134062
GLOBAL,S2D1,LNDAGRFJIC03,WTRGRCFJI,2045,1.510134062
GLOBAL,S2D1,LNDAGRFJIC03,WTRGRCFJI,2046,1.510134062
GLOBAL,S2D1,LNDAGRFJIC03,WTRGRCFJI,2047,1.510134062
GLOBAL,S2D1,LNDAGRFJIC03,WTRGRCFJI,2048,1.510134062
GLOBAL,S2D1,LNDAGRFJIC03,WTRGRCFJI,2049,1.510134062
GLOBAL,S2D1,LNDAGRFJIC03,WTRGRCFJI,2050,1.502673602
GLOBAL,S2D1,LNDAGRFJIC03,WTRSURFJI,2022,18.02418074
GLOBAL,S2D1,LNDAGRFJIC03,WTRSURFJI,2023,18.02418074
GLOBAL,S2D1,LNDAGRFJIC03,WTRSURFJI,2024,18.02418074
GLOBAL,S2D1,LNDAGRFJIC03,WTRSURFJI,2025,18.02418074
GLOBAL,S2D1,LNDAGRFJIC03,WTRSURFJI,2026,18.02418074
GLOBAL,S2D1,LNDAGRFJIC03,WTRSURFJI,2027,18.02418074
GLOBAL,S2D1,LNDAGRFJIC03,WTRSURFJI,2028,18.02418074
GLOBAL,S2D1,LNDAGRFJIC03,WTRSURFJI,2029,18.02418074
GLOBAL,S2D1,LNDAGRFJIC03,WTRSURFJI,2030,18.02418074
GLOBAL,S2D1,LNDAGRFJIC03,WTRSURFJI,2031,18.02418074
GLOBAL,S2D1,LNDAGRFJIC03,WTRSURFJI,2032,18.02418074
GLOBAL,S2D1,LNDAGRFJIC03,WTRSURFJI,2033,18.02418074
GLOBAL,S2D1,LNDAGRFJIC03,WTRSURFJI,2035,18.02418074
GLOBAL,S2D1,LNDAGRFJIC03,WTRSURFJI,2037,18.02418074
GLOBAL,S2D1,LNDAGRFJIC03,WTRSURFJI,2038,18.02418074
GLOBAL,S2D1,LNDAGRFJIC03,WTRSURFJI,2039,18.03636052796
GLOBAL,S2D1,LNDAGRFJIC03,WTRSURFJI,2041,18.02418074
GLOBAL,S2D1,LNDAGRFJIC03,WTRSURFJI,2042,18.02418074
GLOBAL,S2D1,LNDAGRFJIC03,WTRSURFJI,2043,18.02418074
GLOBAL,S2D1,LNDAGRFJIC03,WTRSURFJI,2044,18.02418074
GLOBAL,S2D1,LNDAGRFJIC03,WTRSURFJI,2045,18.02418074
GLOBAL,S2D1,LNDAGRFJIC03,WTRSURFJI,2046,18.02418074
GLOBAL,S2D1,LNDAGRFJIC03,WTRSURFJI,2047,18.02418074
GLOBAL,S2D1,LNDAGRFJIC03,WTRSURFJI,2048,18.02418074
GLOBAL,S2D1,LNDAGRFJIC03,WTRSURFJI,2049,18.02418074
GLOBAL,S2D1,LNDAGRFJIC03,WTRSURFJI,2050,17.935136540000002
GLOBAL,S2D1,LNDAGRFJIC04,CRPCON,2021,0.021679500219999998
GLOBAL,S2D1,LNDAGRFJIC04,CRPCON,2022,0.02177400015
GLOBAL,S2D1,LNDAGRFJIC04,CRPCON,2023,0.021868500080000002
GLOBAL,S2D1,LNDAGRFJIC04,CRPCON,2024,0.02196300001
GLOBAL,S2D1,LNDAGRFJIC04,CRPCON,2025,0.02205749994
GLOBAL,S2D1,LNDAGRFJIC04,CRPCON,2026,0.02212869988
GLOBAL,S2D1,LNDAGRFJIC04,CRPCON,2027,0.02219989982
GLOBAL,S2D1,LNDAGRFJIC04,CRPCON,2028,0.02227109976
GLOBAL,S2D1,LNDAGRFJIC04,CRPCON,2029,0.02234230019
GLOBAL,S2D1,LNDAGRFJIC04,CRPCON,2030,0.02241350013
GLOBAL,S2D1,LNDAGRFJIC04,CRPCON,2031,0.02246219976
GLOBAL,S2D1,LNDAGRFJIC04,CRPCON,2032,0.022510899879999997
GLOBAL,S2D1,LNDAGRFJIC04,CRPCON,2033,0.0225596
GLOBAL,S2D1,LNDAGRFJIC04,CRPCON,2034,0.02260830012
GLOBAL,S2D1,LNDAGRFJIC04,CRPCON,2035,0.02265700024
GLOBAL,S2D1,LNDAGRFJIC04,CRPCON,2036,0.022678799849999997
GLOBAL,S2D1,LNDAGRFJIC04,CRPCON,2037,0.02270069991
GLOBAL,S2D1,LNDAGRFJIC04,CRPCON,2038,0.02272250001
GLOBAL,S2D1,LNDAGRFJIC04,CRPCON,2039,0.02235938208
GLOBAL,S2D1,LNDAGRFJIC04,CRPCON,2040,0.022766100209999997
GLOBAL,S2D1,LNDAGRFJIC04,CRPCON,2041,0.0227627001
GLOBAL,S2D1,LNDAGRFJIC04,CRPCON,2042,0.02275939995
GLOBAL,S2D1,LNDAGRFJIC04,CRPCON,2043,0.022755999840000003
GLOBAL,S2D1,LNDAGRFJIC04,CRPCON,2044,0.02275260022
GLOBAL,S2D1,LNDAGRFJIC04,CRPCON,2045,0.02274920011
GLOBAL,S2D1,LNDAGRFJIC04,CRPCON,2046,0.0227262
GLOBAL,S2D1,LNDAGRFJIC04,CRPCON,2047,0.022703099929999998
GLOBAL,S2D1,LNDAGRFJIC04,CRPCON,2048,0.02252810623
GLOBAL,S2D1,LNDAGRFJIC04,CRPCON,2049,0.022580953219999998
GLOBAL,S2D1,LNDAGRFJIC04,CRPCON,2050,0.02263380021
GLOBAL,S2D1,LNDAGRFJIC04,CRPYAM,2021,0.05389369986
GLOBAL,S2D1,LNDAGRFJIC04,CRPYAM,2022,0.05412859998
GLOBAL,S2D1,LNDAGRFJIC04,CRPYAM,2023,0.0543636002
GLOBAL,S2D1,LNDAGRFJIC04,CRPYAM,2024,0.05459850032
GLOBAL,S2D1,LNDAGRFJIC04,CRPYAM,2025,0.05483340044
GLOBAL,S2D1,LNDAGRFJIC04,CRPYAM,2026,0.05501039999
GLOBAL,S2D1,LNDAGRFJIC04,CRPYAM,2027,0.05518740045
GLOBAL,S2D1,LNDAGRFJIC04,CRPYAM,2028,0.0553644
GLOBAL,S2D1,LNDAGRFJIC04,CRPYAM,2029,0.05554130036
GLOBAL,S2D1,LNDAGRFJIC04,CRPYAM,2030,0.055718299910000005
GLOBAL,S2D1,LNDAGRFJIC04,CRPYAM,2031,0.05583939998
GLOBAL,S2D1,LNDAGRFJIC04,CRPYAM,2032,0.05596050005
GLOBAL,S2D1,LNDAGRFJIC04,CRPYAM,2033,0.056081600120000005
GLOBAL,S2D1,LNDAGRFJIC04,CRPYAM,2034,0.056202700189999996
GLOBAL,S2D1,LNDAGRFJIC04,CRPYAM,2035,0.056323700160000004
GLOBAL,S2D1,LNDAGRFJIC04,CRPYAM,2036,0.05637799986
GLOBAL,S2D1,LNDAGRFJIC04,CRPYAM,2037,0.056432200370000005
GLOBAL,S2D1,LNDAGRFJIC04,CRPYAM,2038,0.056486399970000004
GLOBAL,S2D1,LNDAGRFJIC04,CRPYAM,2039,0.05133738883
GLOBAL,S2D1,LNDAGRFJIC04,CRPYAM,2040,0.05659490018
GLOBAL,S2D1,LNDAGRFJIC04,CRPYAM,2041,0.05658649997
GLOBAL,S2D1,LNDAGRFJIC04,CRPYAM,2042,0.05657809976
GLOBAL,S2D1,LNDAGRFJIC04,CRPYAM,2043,0.05656979965
GLOBAL,S2D1,LNDAGRFJIC04,CRPYAM,2044,0.05656140035
GLOBAL,S2D1,LNDAGRFJIC04,CRPYAM,2045,0.056553000140000004
GLOBAL,S2D1,LNDAGRFJIC04,CRPYAM,2046,0.05649560007
GLOBAL,S2D1,LNDAGRFJIC04,CRPYAM,2047,0.0564382
GLOBAL,S2D1,LNDAGRFJIC04,CRPYAM,2048,0.056003141740000005
GLOBAL,S2D1,LNDAGRFJIC04,CRPYAM,2049,0.05613471955
GLOBAL,S2D1,LNDAGRFJIC04,CRPYAM,2050,0.05626599979
GLOBAL,S2D1,LNDAGRFJIC04,WTREVTFJI,2021,7.0483025249799995
GLOBAL,S2D1,LNDAGRFJIC04,WTREVTFJI,2022,7.035798206849999
GLOBAL,S2D1,LNDAGRFJIC04,WTREVTFJI,2023,9.39743879872
GLOBAL,S2D1,LNDAGRFJIC04,WTREVTFJI,2024,9.395188930589999
GLOBAL,S2D1,LNDAGRFJIC04,WTREVTFJI,2025,9.39293921246
GLOBAL,S2D1,LNDAGRFJIC04,WTREVTFJI,2026,9.39124409592
GLOBAL,S2D1,LNDAGRFJIC04,WTREVTFJI,2027,9.38954898038
GLOBAL,S2D1,LNDAGRFJIC04,WTREVTFJI,2028,9.38785371384
GLOBAL,S2D1,LNDAGRFJIC04,WTREVTFJI,2029,9.38615923921
GLOBAL,S2D1,LNDAGRFJIC04,WTREVTFJI,2030,9.38446397267
GLOBAL,S2D1,LNDAGRFJIC04,WTREVTFJI,2031,9.38330434184
GLOBAL,S2D1,LNDAGRFJIC04,WTREVTFJI,2032,9.382144711919999
GLOBAL,S2D1,LNDAGRFJIC04,WTREVTFJI,2033,9.380985081999999
GLOBAL,S2D1,LNDAGRFJIC04,WTREVTFJI,2034,0.10374805208
GLOBAL,S2D1,LNDAGRFJIC04,WTREVTFJI,2035,9.37866631216
GLOBAL,S2D1,LNDAGRFJIC04,WTREVTFJI,2036,0.10407161714999999
GLOBAL,S2D1,LNDAGRFJIC04,WTREVTFJI,2037,9.377626649689999
GLOBAL,S2D1,LNDAGRFJIC04,WTREVTFJI,2038,9.377107645589998
GLOBAL,S2D1,LNDAGRFJIC04,WTREVTFJI,2039,9.37744042972
GLOBAL,S2D1,LNDAGRFJIC04,WTREVTFJI,2040,0.10447209838999999
GLOBAL,S2D1,LNDAGRFJIC04,WTREVTFJI,2041,6.9460842029
GLOBAL,S2D1,LNDAGRFJIC04,WTREVTFJI,2042,9.376229193050001
GLOBAL,S2D1,LNDAGRFJIC04,WTREVTFJI,2043,9.37630930756
GLOBAL,S2D1,LNDAGRFJIC04,WTREVTFJI,2044,9.37639006398
GLOBAL,S2D1,LNDAGRFJIC04,WTREVTFJI,2045,9.37647066849
GLOBAL,S2D1,LNDAGRFJIC04,WTREVTFJI,2046,9.377019477000001
GLOBAL,S2D1,LNDAGRFJIC04,WTREVTFJI,2047,9.37756929987
GLOBAL,S2D1,LNDAGRFJIC04,WTREVTFJI,2048,9.37742202557
GLOBAL,S2D1,LNDAGRFJIC04,WTREVTFJI,2049,9.378320560979999
GLOBAL,S2D1,LNDAGRFJIC04,WTREVTFJI,2050,9.37921876939
GLOBAL,S2D1,LNDAGRFJIC04,WTRGRCFJI,2021,0.219112458934
GLOBAL,S2D1,LNDAGRFJIC04,WTRGRCFJI,2022,0.21874191480299998
GLOBAL,S2D1,LNDAGRFJIC04,WTRGRCFJI,2023,0.291178484032
GLOBAL,S2D1,LNDAGRFJIC04,WTRGRCFJI,2024,0.291122409701
GLOBAL,S2D1,LNDAGRFJIC04,WTRGRCFJI,2025,0.29106633997
GLOBAL,S2D1,LNDAGRFJIC04,WTRGRCFJI,2026,0.291024092516
GLOBAL,S2D1,LNDAGRFJIC04,WTRGRCFJI,2027,0.290981845118
GLOBAL,S2D1,LNDAGRFJIC04,WTRGRCFJI,2028,0.29093959306399997
GLOBAL,S2D1,LNDAGRFJIC04,WTRGRCFJI,2029,0.290897362567
GLOBAL,S2D1,LNDAGRFJIC04,WTRGRCFJI,2030,0.290855110513
GLOBAL,S2D1,LNDAGRFJIC04,WTRGRCFJI,2031,0.290826208832
GLOBAL,S2D1,LNDAGRFJIC04,WTRGRCFJI,2032,0.29079730721200003
GLOBAL,S2D1,LNDAGRFJIC04,WTRGRCFJI,2033,0.29076840559199996
GLOBAL,S2D1,LNDAGRFJIC04,WTRGRCFJI,2034,0.006273130372
GLOBAL,S2D1,LNDAGRFJIC04,WTRGRCFJI,2035,0.290710614592
GLOBAL,S2D1,LNDAGRFJIC04,WTRGRCFJI,2036,0.006292694541
GLOBAL,S2D1,LNDAGRFJIC04,WTRGRCFJI,2037,0.290684703491
GLOBAL,S2D1,LNDAGRFJIC04,WTRGRCFJI,2038,0.29067176854099996
GLOBAL,S2D1,LNDAGRFJIC04,WTRGRCFJI,2039,0.29051410744
GLOBAL,S2D1,LNDAGRFJIC04,WTRGRCFJI,2040,0.006316910257
GLOBAL,S2D1,LNDAGRFJIC04,WTRGRCFJI,2041,0.21612588464199997
GLOBAL,S2D1,LNDAGRFJIC04,WTRGRCFJI,2042,0.290649874271
GLOBAL,S2D1,LNDAGRFJIC04,WTRGRCFJI,2043,0.290651870416
GLOBAL,S2D1,LNDAGRFJIC04,WTRGRCFJI,2044,0.290653883518
GLOBAL,S2D1,LNDAGRFJIC04,WTRGRCFJI,2045,0.290655891903
GLOBAL,S2D1,LNDAGRFJIC04,WTRGRCFJI,2046,0.290669570712
GLOBAL,S2D1,LNDAGRFJIC04,WTRGRCFJI,2047,0.29068327387699994
GLOBAL,S2D1,LNDAGRFJIC04,WTRGRCFJI,2048,0.290654827331
GLOBAL,S2D1,LNDAGRFJIC04,WTRGRCFJI,2049,0.29068961453799996
GLOBAL,S2D1,LNDAGRFJIC04,WTRGRCFJI,2050,0.290724383433
GLOBAL,S2D1,LNDAGRFJIC04,WTRSURFJI,2021,2.6557915868
GLOBAL,S2D1,LNDAGRFJIC04,WTRSURFJI,2022,2.6515179465
GLOBAL,S2D1,LNDAGRFJIC04,WTRSURFJI,2023,3.5177641762
GLOBAL,S2D1,LNDAGRFJIC04,WTRSURFJI,2024,3.5172505009000004
GLOBAL,S2D1,LNDAGRFJIC04,WTRSURFJI,2025,3.5167368806000003
GLOBAL,S2D1,LNDAGRFJIC04,WTRSURFJI,2026,3.5163498772000006
GLOBAL,S2D1,LNDAGRFJIC04,WTRSURFJI,2027,3.5159628748000005
GLOBAL,S2D1,LNDAGRFJIC04,WTRSURFJI,2028,3.5155758164000006
GLOBAL,S2D1,LNDAGRFJIC04,WTRSURFJI,2029,3.5151889801000005
GLOBAL,S2D1,LNDAGRFJIC04,WTRSURFJI,2030,3.5148019217
GLOBAL,S2D1,LNDAGRFJIC04,WTRSURFJI,2031,3.5145371694000005
GLOBAL,S2D1,LNDAGRFJIC04,WTRSURFJI,2032,3.5142724182000005
GLOBAL,S2D1,LNDAGRFJIC04,WTRSURFJI,2033,3.5140076670000004
GLOBAL,S2D1,LNDAGRFJIC04,WTRSURFJI,2034,0.11251453580000001
GLOBAL,S2D1,LNDAGRFJIC04,WTRSURFJI,2035,3.5134782746
GLOBAL,S2D1,LNDAGRFJIC04,WTRSURFJI,2036,0.1128654375
GLOBAL,S2D1,LNDAGRFJIC04,WTRSURFJI,2037,3.5132409219
GLOBAL,S2D1,LNDAGRFJIC04,WTRSURFJI,2038,3.5131224359
GLOBAL,S2D1,LNDAGRFJIC04,WTRSURFJI,2039,3.5090929992
GLOBAL,S2D1,LNDAGRFJIC04,WTRSURFJI,2040,0.1132997699
GLOBAL,S2D1,LNDAGRFJIC04,WTRSURFJI,2041,2.6218797109999996
GLOBAL,S2D1,LNDAGRFJIC04,WTRSURFJI,2042,3.5129218665000006
GLOBAL,S2D1,LNDAGRFJIC04,WTRSURFJI,2043,3.5129401476000006
GLOBAL,S2D1,LNDAGRFJIC04,WTRSURFJI,2044,3.5129585958000002
GLOBAL,S2D1,LNDAGRFJIC04,WTRSURFJI,2045,3.5129769869000005
GLOBAL,S2D1,LNDAGRFJIC04,WTRSURFJI,2046,3.5131022970000005
GLOBAL,S2D1,LNDAGRFJIC04,WTRSURFJI,2047,3.5132278227000002
GLOBAL,S2D1,LNDAGRFJIC04,WTRSURFJI,2048,3.5125973537000004
GLOBAL,S2D1,LNDAGRFJIC04,WTRSURFJI,2049,3.5131010408
GLOBAL,S2D1,LNDAGRFJIC04,WTRSURFJI,2050,3.5136044009000003
GLOBAL,S2D1,LNDCASHRTOT,LCASHRTOT,2021,0.073357143
GLOBAL,S2D1,LNDCASHRTOT,LCASHRTOT,2022,0.073676939
GLOBAL,S2D1,LNDCASHRTOT,LCASHRTOT,2023,0.073996633
GLOBAL,S2D1,LNDCASHRTOT,LCASHRTOT,2024,0.074316429
GLOBAL,S2D1,LNDCASHRTOT,LCASHRTOT,2025,0.074636224
GLOBAL,S2D1,LNDCASHRTOT,LCASHRTOT,2026,0.074877143
GLOBAL,S2D1,LNDCASHRTOT,LCASHRTOT,2027,0.075118061
GLOBAL,S2D1,LNDCASHRTOT,LCASHRTOT,2028,0.075358878
GLOBAL,S2D1,LNDCASHRTOT,LCASHRTOT,2029,0.075599796
GLOBAL,S2D1,LNDCASHRTOT,LCASHRTOT,2030,0.075840714
GLOBAL,S2D1,LNDCASHRTOT,LCASHRTOT,2031,0.07600551
GLOBAL,S2D1,LNDCASHRTOT,LCASHRTOT,2032,0.076170408
GLOBAL,S2D1,LNDCASHRTOT,LCASHRTOT,2033,0.076335204
GLOBAL,S2D1,LNDCASHRTOT,LCASHRTOT,2034,0.0765
GLOBAL,S2D1,LNDCASHRTOT,LCASHRTOT,2035,0.076664796
GLOBAL,S2D1,LNDCASHRTOT,LCASHRTOT,2036,0.076738571
GLOBAL,S2D1,LNDCASHRTOT,LCASHRTOT,2037,0.076812449
GLOBAL,S2D1,LNDCASHRTOT,LCASHRTOT,2038,0.076886224
GLOBAL,S2D1,LNDCASHRTOT,LCASHRTOT,2039,0.077353673
GLOBAL,S2D1,LNDCASHRTOT,LCASHRTOT,2040,0.077033878
GLOBAL,S2D1,LNDCASHRTOT,LCASHRTOT,2041,0.077022449
GLOBAL,S2D1,LNDCASHRTOT,LCASHRTOT,2042,0.07701102
GLOBAL,S2D1,LNDCASHRTOT,LCASHRTOT,2043,0.076999694
GLOBAL,S2D1,LNDCASHRTOT,LCASHRTOT,2044,0.076988265
GLOBAL,S2D1,LNDCASHRTOT,LCASHRTOT,2045,0.076976837
GLOBAL,S2D1,LNDCASHRTOT,LCASHRTOT,2046,0.076898673
GLOBAL,S2D1,LNDCASHRTOT,LCASHRTOT,2047,0.076820612
GLOBAL,S2D1,LNDCASHRTOT,LCASHRTOT,2048,0.076228124
GLOBAL,S2D1,LNDCASHRTOT,LCASHRTOT,2049,0.076407376
GLOBAL,S2D1,LNDCASHRTOT,LCASHRTOT,2050,0.076586224
GLOBAL,S2D1,LNDCONHRTOT,LCONHRTOT,2021,0.044243878
GLOBAL,S2D1,LNDCONHRTOT,LCONHRTOT,2022,0.044436735
GLOBAL,S2D1,LNDCONHRTOT,LCONHRTOT,2023,0.044629592
GLOBAL,S2D1,LNDCONHRTOT,LCONHRTOT,2024,0.044822449
GLOBAL,S2D1,LNDCONHRTOT,LCONHRTOT,2025,0.045015306
GLOBAL,S2D1,LNDCONHRTOT,LCONHRTOT,2026,0.045160612
GLOBAL,S2D1,LNDCONHRTOT,LCONHRTOT,2027,0.045305918
GLOBAL,S2D1,LNDCONHRTOT,LCONHRTOT,2028,0.045451224
GLOBAL,S2D1,LNDCONHRTOT,LCONHRTOT,2029,0.045596531
GLOBAL,S2D1,LNDCONHRTOT,LCONHRTOT,2030,0.045741837
GLOBAL,S2D1,LNDCONHRTOT,LCONHRTOT,2031,0.045841224
GLOBAL,S2D1,LNDCONHRTOT,LCONHRTOT,2032,0.045940612
GLOBAL,S2D1,LNDCONHRTOT,LCONHRTOT,2033,0.04604
GLOBAL,S2D1,LNDCONHRTOT,LCONHRTOT,2034,0.046139388
GLOBAL,S2D1,LNDCONHRTOT,LCONHRTOT,2035,0.046238776
GLOBAL,S2D1,LNDCONHRTOT,LCONHRTOT,2036,0.046283265
GLOBAL,S2D1,LNDCONHRTOT,LCONHRTOT,2037,0.046327959
GLOBAL,S2D1,LNDCONHRTOT,LCONHRTOT,2038,0.046372449
GLOBAL,S2D1,LNDCONHRTOT,LCONHRTOT,2039,0.046654286
GLOBAL,S2D1,LNDCONHRTOT,LCONHRTOT,2040,0.046461429
GLOBAL,S2D1,LNDCONHRTOT,LCONHRTOT,2041,0.04645449
GLOBAL,S2D1,LNDCONHRTOT,LCONHRTOT,2042,0.046447755
GLOBAL,S2D1,LNDCONHRTOT,LCONHRTOT,2043,0.046440816
GLOBAL,S2D1,LNDCONHRTOT,LCONHRTOT,2044,0.046433878
GLOBAL,S2D1,LNDCONHRTOT,LCONHRTOT,2045,0.046426939
GLOBAL,S2D1,LNDCONHRTOT,LCONHRTOT,2046,0.04638
GLOBAL,S2D1,LNDCONHRTOT,LCONHRTOT,2047,0.046332857
GLOBAL,S2D1,LNDCONHRTOT,LCONHRTOT,2048,0.045975727
GLOBAL,S2D1,LNDCONHRTOT,LCONHRTOT,2049,0.046083578
GLOBAL,S2D1,LNDCONHRTOT,LCONHRTOT,2050,0.046191429
GLOBAL,S2D1,LNDFORTOT,LFORTOT,2021,6.3799755
GLOBAL,S2D1,LNDFORTOT,LFORTOT,2022,65.256201
GLOBAL,S2D1,LNDFORTOT,LFORTOT,2023,65.105633
GLOBAL,S2D1,LNDFORTOT,LFORTOT,2024,65.103845
GLOBAL,S2D1,LNDFORTOT,LFORTOT,2025,65.102056
GLOBAL,S2D1,LNDFORTOT,LFORTOT,2026,65.100708
GLOBAL,S2D1,LNDFORTOT,LFORTOT,2027,65.09936
GLOBAL,S2D1,LNDFORTOT,LFORTOT,2028,65.091206
GLOBAL,S2D1,LNDFORTOT,LFORTOT,2029,65.067571
GLOBAL,S2D1,LNDFORTOT,LFORTOT,2030,65.043935
GLOBAL,S2D1,LNDFORTOT,LFORTOT,2031,65.027798
GLOBAL,S2D1,LNDFORTOT,LFORTOT,2032,65.011624
GLOBAL,S2D1,LNDFORTOT,LFORTOT,2033,64.995451
GLOBAL,S2D1,LNDFORTOT,LFORTOT,2035,64.963141
GLOBAL,S2D1,LNDFORTOT,LFORTOT,2037,64.948637
GLOBAL,S2D1,LNDFORTOT,LFORTOT,2038,64.941385
GLOBAL,S2D1,LNDFORTOT,LFORTOT,2039,64.928959
GLOBAL,S2D1,LNDFORTOT,LFORTOT,2041,64.928043
GLOBAL,S2D1,LNDFORTOT,LFORTOT,2042,64.929167
GLOBAL,S2D1,LNDFORTOT,LFORTOT,2043,64.930291
GLOBAL,S2D1,LNDFORTOT,LFORTOT,2044,64.93138
GLOBAL,S2D1,LNDFORTOT,LFORTOT,2045,64.932505
GLOBAL,S2D1,LNDFORTOT,LFORTOT,2046,64.940174
GLOBAL,S2D1,LNDFORTOT,LFORTOT,2047,64.947843
GLOBAL,S2D1,LNDFORTOT,LFORTOT,2048,64.955513
GLOBAL,S2D1,LNDFORTOT,LFORTOT,2049,64.963182
GLOBAL,S2D1,LNDFORTOT,LFORTOT,2050,64.970816
GLOBAL,S2D1,LNDOTHHRTOT,LOTHHRTOT,2021,0.067992391
GLOBAL,S2D1,LNDOTHHRTOT,LOTHHRTOT,2022,0.068288696
GLOBAL,S2D1,LNDOTHHRTOT,LOTHHRTOT,2023,0.068585109
GLOBAL,S2D1,LNDOTHHRTOT,LOTHHRTOT,2024,0.068881522
GLOBAL,S2D1,LNDOTHHRTOT,LOTHHRTOT,2025,0.069177826
GLOBAL,S2D1,LNDOTHHRTOT,LOTHHRTOT,2026,0.069401196
GLOBAL,S2D1,LNDOTHHRTOT,LOTHHRTOT,2027,0.069624457
GLOBAL,S2D1,LNDOTHHRTOT,LOTHHRTOT,2028,0.069847717
GLOBAL,S2D1,LNDOTHHRTOT,LOTHHRTOT,2029,0.070070978
GLOBAL,S2D1,LNDOTHHRTOT,LOTHHRTOT,2030,0.070294348
GLOBAL,S2D1,LNDOTHHRTOT,LOTHHRTOT,2031,0.070447065
GLOBAL,S2D1,LNDOTHHRTOT,LOTHHRTOT,2032,0.070599783
GLOBAL,S2D1,LNDOTHHRTOT,LOTHHRTOT,2033,0.070752609
GLOBAL,S2D1,LNDOTHHRTOT,LOTHHRTOT,2034,0.070905326
GLOBAL,S2D1,LNDOTHHRTOT,LOTHHRTOT,2035,0.071058152
GLOBAL,S2D1,LNDOTHHRTOT,LOTHHRTOT,2036,0.071126522
GLOBAL,S2D1,LNDOTHHRTOT,LOTHHRTOT,2037,0.071194891
GLOBAL,S2D1,LNDOTHHRTOT,LOTHHRTOT,2038,0.07126337
GLOBAL,S2D1,LNDOTHHRTOT,LOTHHRTOT,2039,0.071696522
GLOBAL,S2D1,LNDOTHHRTOT,LOTHHRTOT,2040,0.071400217
GLOBAL,S2D1,LNDOTHHRTOT,LOTHHRTOT,2041,0.071389565
GLOBAL,S2D1,LNDOTHHRTOT,LOTHHRTOT,2042,0.071379022
GLOBAL,S2D1,LNDOTHHRTOT,LOTHHRTOT,2043,0.071368478
GLOBAL,S2D1,LNDOTHHRTOT,LOTHHRTOT,2044,0.071357935
GLOBAL,S2D1,LNDOTHHRTOT,LOTHHRTOT,2045,0.071347283
GLOBAL,S2D1,LNDOTHHRTOT,LOTHHRTOT,2046,0.071274891
GLOBAL,S2D1,LNDOTHHRTOT,LOTHHRTOT,2047,0.0712025
GLOBAL,S2D1,LNDOTHHRTOT,LOTHHRTOT,2048,0.070653183
GLOBAL,S2D1,LNDOTHHRTOT,LOTHHRTOT,2049,0.070819093
GLOBAL,S2D1,LNDOTHHRTOT,LOTHHRTOT,2050,0.070985326
GLOBAL,S2D1,LNDSGCHRTOT,LSGCHRTOT,2021,1.5690909
GLOBAL,S2D1,LNDSGCHRTOT,LSGCHRTOT,2022,1.5759273
GLOBAL,S2D1,LNDSGCHRTOT,LSGCHRTOT,2023,1.5827727
GLOBAL,S2D1,LNDSGCHRTOT,LSGCHRTOT,2024,1.5896091
GLOBAL,S2D1,LNDSGCHRTOT,LSGCHRTOT,2025,1.5964455
GLOBAL,S2D1,LNDSGCHRTOT,LSGCHRTOT,2026,1.6016
GLOBAL,S2D1,LNDSGCHRTOT,LSGCHRTOT,2027,1.6067545
GLOBAL,S2D1,LNDSGCHRTOT,LSGCHRTOT,2028,1.6119091
GLOBAL,S2D1,LNDSGCHRTOT,LSGCHRTOT,2029,1.6170636
GLOBAL,S2D1,LNDSGCHRTOT,LSGCHRTOT,2030,1.6222182
GLOBAL,S2D1,LNDSGCHRTOT,LSGCHRTOT,2031,1.6257364
GLOBAL,S2D1,LNDSGCHRTOT,LSGCHRTOT,2032,1.6292636
GLOBAL,S2D1,LNDSGCHRTOT,LSGCHRTOT,2033,1.6327909
GLOBAL,S2D1,LNDSGCHRTOT,LSGCHRTOT,2034,1.6363182
GLOBAL,S2D1,LNDSGCHRTOT,LSGCHRTOT,2035,1.6398364
GLOBAL,S2D1,LNDSGCHRTOT,LSGCHRTOT,2036,1.6414182
GLOBAL,S2D1,LNDSGCHRTOT,LSGCHRTOT,2037,1.643
GLOBAL,S2D1,LNDSGCHRTOT,LSGCHRTOT,2038,1.6445818
GLOBAL,S2D1,LNDSGCHRTOT,LSGCHRTOT,2039,1.6545727
GLOBAL,S2D1,LNDSGCHRTOT,LSGCHRTOT,2040,1.6477364
GLOBAL,S2D1,LNDSGCHRTOT,LSGCHRTOT,2041,1.6474909
GLOBAL,S2D1,LNDSGCHRTOT,LSGCHRTOT,2042,1.6472455
GLOBAL,S2D1,LNDSGCHRTOT,LSGCHRTOT,2043,1.647
GLOBAL,S2D1,LNDSGCHRTOT,LSGCHRTOT,2044,1.6467636
GLOBAL,S2D1,LNDSGCHRTOT,LSGCHRTOT,2045,1.6465182
GLOBAL,S2D1,LNDSGCHRTOT,LSGCHRTOT,2046,1.6448455
GLOBAL,S2D1,LNDSGCHRTOT,LSGCHRTOT,2047,1.6431727
GLOBAL,S2D1,LNDSGCHRTOT,LSGCHRTOT,2048,1.6452091
GLOBAL,S2D1,LNDSGCHRTOT,LSGCHRTOT,2049,1.6416818
GLOBAL,S2D1,LNDSGCHRTOT,LSGCHRTOT,2050,1.6381636
GLOBAL,S2D1,LNDYAMHRTOT,LYAMHRTOT,2021,0.059223846
GLOBAL,S2D1,LNDYAMHRTOT,LYAMHRTOT,2022,0.059481978
GLOBAL,S2D1,LNDYAMHRTOT,LYAMHRTOT,2023,0.05974022
GLOBAL,S2D1,LNDYAMHRTOT,LYAMHRTOT,2024,0.059998352
GLOBAL,S2D1,LNDYAMHRTOT,LYAMHRTOT,2025,0.060256484
GLOBAL,S2D1,LNDYAMHRTOT,LYAMHRTOT,2026,0.060450989
GLOBAL,S2D1,LNDYAMHRTOT,LYAMHRTOT,2027,0.060645495
GLOBAL,S2D1,LNDYAMHRTOT,LYAMHRTOT,2028,0.06084
GLOBAL,S2D1,LNDYAMHRTOT,LYAMHRTOT,2029,0.061034396
GLOBAL,S2D1,LNDYAMHRTOT,LYAMHRTOT,2030,0.061228901
GLOBAL,S2D1,LNDYAMHRTOT,LYAMHRTOT,2031,0.061361978
GLOBAL,S2D1,LNDYAMHRTOT,LYAMHRTOT,2032,0.061495055
GLOBAL,S2D1,LNDYAMHRTOT,LYAMHRTOT,2033,0.061628132
GLOBAL,S2D1,LNDYAMHRTOT,LYAMHRTOT,2034,0.061761209
GLOBAL,S2D1,LNDYAMHRTOT,LYAMHRTOT,2035,0.061894176
GLOBAL,S2D1,LNDYAMHRTOT,LYAMHRTOT,2036,0.061953846
GLOBAL,S2D1,LNDYAMHRTOT,LYAMHRTOT,2037,0.062013407
GLOBAL,S2D1,LNDYAMHRTOT,LYAMHRTOT,2038,0.062072967
GLOBAL,S2D1,LNDYAMHRTOT,LYAMHRTOT,2039,0.06245033
GLOBAL,S2D1,LNDYAMHRTOT,LYAMHRTOT,2040,0.062192198
GLOBAL,S2D1,LNDYAMHRTOT,LYAMHRTOT,2041,0.062182967
GLOBAL,S2D1,LNDYAMHRTOT,LYAMHRTOT,2042,0.062173736
GLOBAL,S2D1,LNDYAMHRTOT,LYAMHRTOT,2043,0.062164615
GLOBAL,S2D1,LNDYAMHRTOT,LYAMHRTOT,2044,0.062155385
GLOBAL,S2D1,LNDYAMHRTOT,LYAMHRTOT,2045,0.062146154
GLOBAL,S2D1,LNDYAMHRTOT,LYAMHRTOT,2046,0.062083077
GLOBAL,S2D1,LNDYAMHRTOT,LYAMHRTOT,2047,0.06202
GLOBAL,S2D1,LNDYAMHRTOT,LYAMHRTOT,2048,0.061541914
GLOBAL,S2D1,LNDYAMHRTOT,LYAMHRTOT,2049,0.061686505
GLOBAL,S2D1,LNDYAMHRTOT,LYAMHRTOT,2050,0.061830769
GLOBAL,S2D1,MINCOGINT,COGINT,2025,46.985203
GLOBAL,S2D1,MINCOGINT,COGINT,2030,41.567745
GLOBAL,S2D1,MINCOGINT,COGINT,2033,16.129727
GLOBAL,S2D1,MINGASINT,GASINT,2023,47.036044
GLOBAL,S2D1,MINGASINT,GASINT,2029,44.069748
GLOBAL,S2D1,MINGASINT,GASINT,2031,37.090228
GLOBAL,S2D1,MINGASINT,GASINT,2037,7.2263166
GLOBAL,S2D1,MINLNDTOT,LTOT,2021,8.1938837
GLOBAL,S2D1,MINLNDTOT,LTOT,2022,67.078013
GLOBAL,S2D1,MINLNDTOT,LTOT,2023,66.935358
GLOBAL,S2D1,MINLNDTOT,LTOT,2024,66.941472
GLOBAL,S2D1,MINLNDTOT,LTOT,2025,66.947587
GLOBAL,S2D1,MINLNDTOT,LTOT,2026,66.952198
GLOBAL,S2D1,MINLNDTOT,LTOT,2027,66.956808
GLOBAL,S2D1,MINLNDTOT,LTOT,2028,66.954613
GLOBAL,S2D1,MINLNDTOT,LTOT,2029,66.936936
GLOBAL,S2D1,MINLNDTOT,LTOT,2030,66.919259
GLOBAL,S2D1,MINLNDTOT,LTOT,2031,66.90719
GLOBAL,S2D1,MINLNDTOT,LTOT,2032,66.895094
GLOBAL,S2D1,MINLNDTOT,LTOT,2033,66.882998
GLOBAL,S2D1,MINLNDTOT,LTOT,2034,1.8916241
GLOBAL,S2D1,MINLNDTOT,LTOT,2035,66.858833
GLOBAL,S2D1,MINLNDTOT,LTOT,2036,1.8975204
GLOBAL,S2D1,MINLNDTOT,LTOT,2037,66.847985
GLOBAL,S2D1,MINLNDTOT,LTOT,2038,66.842562
GLOBAL,S2D1,MINLNDTOT,LTOT,2039,66.841687
GLOBAL,S2D1,MINLNDTOT,LTOT,2040,1.9048241
GLOBAL,S2D1,MINLNDTOT,LTOT,2041,66.832583
GLOBAL,S2D1,MINLNDTOT,LTOT,2042,66.833424
GLOBAL,S2D1,MINLNDTOT,LTOT,2043,66.834265
GLOBAL,S2D1,MINLNDTOT,LTOT,2044,66.835079
GLOBAL,S2D1,MINLNDTOT,LTOT,2045,66.835921
GLOBAL,S2D1,MINLNDTOT,LTOT,2046,66.841656
GLOBAL,S2D1,MINLNDTOT,LTOT,2047,66.847392
GLOBAL,S2D1,MINLNDTOT,LTOT,2048,66.855121
GLOBAL,S2D1,MINLNDTOT,LTOT,2049,66.85986
GLOBAL,S2D1,MINLNDTOT,LTOT,2050,66.864573
GLOBAL,S2D1,MINOILINT,OILINT,2030,0.51554455
GLOBAL,S2D1,MINOILINT,OILINT,2035,2.7577416
GLOBAL,S2D1,MINOILINT,OILINT,2038,3.3705434
GLOBAL,S2D1,MINPETINT,PETINT,2032,4.6792896
GLOBAL,S2D1,MINPETINT,PETINT,2033,1.7599242
GLOBAL,S2D1,MINPETINT,PETINT,2034,2.2454458
GLOBAL,S2D1,MINPETINT,PETINT,2036,6.7990486
GLOBAL,S2D1,MINPETINT,PETINT,2037,3.8840813
GLOBAL,S2D1,MINPETINT,PETINT,2038,0.086145749
GLOBAL,S2D1,MINPETINT,PETINT,2039,5.244375
GLOBAL,S2D1,MINPETINT,PETINT,2040,5.2799455
GLOBAL,S2D1,MINPETINT,PETINT,2041,5.9475377
GLOBAL,S2D1,MINPETINT,PETINT,2042,4.3126402
GLOBAL,S2D1,MINPETINT,PETINT,2043,4.9258622
GLOBAL,S2D1,MINPETINT,PETINT,2044,5.400869
GLOBAL,S2D1,MINPETINT,PETINT,2045,6.7990486
GLOBAL,S2D1,MINPETINT,PETINT,2046,7.2578359
GLOBAL,S2D1,MINPETINT,PETINT,2047,7.2578359
GLOBAL,S2D1,MINPETINT,PETINT,2048,7.7641732
GLOBAL,S2D1,MINPETINT,PETINT,2049,9.7639146
GLOBAL,S2D1,MINPETINT,PETINT,2050,7.972998
GLOBAL,S2D1,MINPRCFJI,WTRPRCFJI,2021,19.281879
GLOBAL,S2D1,MINPRCFJI,WTRPRCFJI,2022,171.36382
GLOBAL,S2D1,MINPRCFJI,WTRPRCFJI,2023,170.03389
GLOBAL,S2D1,MINPRCFJI,WTRPRCFJI,2024,170.05121
GLOBAL,S2D1,MINPRCFJI,WTRPRCFJI,2025,170.06852
GLOBAL,S2D1,MINPRCFJI,WTRPRCFJI,2026,170.08157
GLOBAL,S2D1,MINPRCFJI,WTRPRCFJI,2027,170.09463
GLOBAL,S2D1,MINPRCFJI,WTRPRCFJI,2028,170.09067
GLOBAL,S2D1,MINPRCFJI,WTRPRCFJI,2029,170.048
GLOBAL,S2D1,MINPRCFJI,WTRPRCFJI,2030,170.00533
GLOBAL,S2D1,MINPRCFJI,WTRPRCFJI,2031,169.9762
GLOBAL,S2D1,MINPRCFJI,WTRPRCFJI,2032,169.94701
GLOBAL,S2D1,MINPRCFJI,WTRPRCFJI,2033,169.91781
GLOBAL,S2D1,MINPRCFJI,WTRPRCFJI,2034,5.0426447
GLOBAL,S2D1,MINPRCFJI,WTRPRCFJI,2035,169.85949
GLOBAL,S2D1,MINPRCFJI,WTRPRCFJI,2036,5.0583628
GLOBAL,S2D1,MINPRCFJI,WTRPRCFJI,2037,169.83331
GLOBAL,S2D1,MINPRCFJI,WTRPRCFJI,2038,169.82022
GLOBAL,S2D1,MINPRCFJI,WTRPRCFJI,2039,169.81571
GLOBAL,S2D1,MINPRCFJI,WTRPRCFJI,2040,5.0778329
GLOBAL,S2D1,MINPRCFJI,WTRPRCFJI,2041,170.73603
GLOBAL,S2D1,MINPRCFJI,WTRPRCFJI,2042,169.79816
GLOBAL,S2D1,MINPRCFJI,WTRPRCFJI,2043,169.80019
GLOBAL,S2D1,MINPRCFJI,WTRPRCFJI,2044,169.80216
GLOBAL,S2D1,MINPRCFJI,WTRPRCFJI,2045,169.80419
GLOBAL,S2D1,MINPRCFJI,WTRPRCFJI,2046,169.81803
GLOBAL,S2D1,MINPRCFJI,WTRPRCFJI,2047,169.83188
GLOBAL,S2D1,MINPRCFJI,WTRPRCFJI,2048,169.85154
GLOBAL,S2D1,MINPRCFJI,WTRPRCFJI,2049,169.86247
GLOBAL,S2D1,MINPRCFJI,WTRPRCFJI,2050,169.84928
GLOBAL,S2D1,PWRBIOFJIXX01,ELCFJIXX01,2021,0.036619788
GLOBAL,S2D1,PWRBIOFJIXX01,ELCFJIXX01,2029,0.83884461
GLOBAL,S2D1,PWRBIOFJIXX01,ELCFJIXX01,2031,0.32551009
GLOBAL,S2D1,PWRBIOFJIXX01,ELCFJIXX01,2036,0.013481964
GLOBAL,S2D1,PWRBIOFJIXX01,ELCFJIXX01,2038,0.32886523
GLOBAL,S2D1,PWRBIOFJIXX01,ELCFJIXX01,2042,0.74253095
GLOBAL,S2D1,PWRBIOFJIXX01,ELCFJIXX01,2043,0.75038227
GLOBAL,S2D1,PWRBIOFJIXX01,ELCFJIXX01,2044,0.8133187
GLOBAL,S2D1,PWRBIOFJIXX01,ELCFJIXX01,2045,0.56464794
GLOBAL,S2D1,PWRBIOFJIXX01,ELCFJIXX01,2046,0.66263494
GLOBAL,S2D1,PWRBIOFJIXX01,ELCFJIXX01,2047,0.81000289
GLOBAL,S2D1,PWRBIOFJIXX01,ELCFJIXX01,2048,0.89245069
GLOBAL,S2D1,PWRBIOFJIXX01,ELCFJIXX01,2049,0.48685793
GLOBAL,S2D1,PWRBIOFJIXX01,ELCFJIXX01,2050,1.3200423
GLOBAL,S2D1,PWRHYDFJIXX01,ELCFJIXX01,2021,3.2854746
GLOBAL,S2D1,PWRHYDFJIXX01,ELCFJIXX01,2022,3.401428
GLOBAL,S2D1,PWRHYDFJIXX01,ELCFJIXX01,2023,3.4708449
GLOBAL,S2D1,PWRHYDFJIXX01,ELCFJIXX01,2024,3.5501785
GLOBAL,S2D1,PWRHYDFJIXX01,ELCFJIXX01,2025,3.6195954
GLOBAL,S2D1,PWRHYDFJIXX01,ELCFJIXX01,2026,3.7683459
GLOBAL,S2D1,PWRHYDFJIXX01,ELCFJIXX01,2027,3.9170964
GLOBAL,S2D1,PWRHYDFJIXX01,ELCFJIXX01,2028,4.0658469
GLOBAL,S2D1,PWRHYDFJIXX01,ELCFJIXX01,2029,3.3757528
GLOBAL,S2D1,PWRHYDFJIXX01,ELCFJIXX01,2030,4.196505
GLOBAL,S2D1,PWRHYDFJIXX01,ELCFJIXX01,2031,4.196505
GLOBAL,S2D1,PWRHYDFJIXX01,ELCFJIXX01,2032,3.0738801
GLOBAL,S2D1,PWRHYDFJIXX01,ELCFJIXX01,2033,4.196505
GLOBAL,S2D1,PWRHYDFJIXX01,ELCFJIXX01,2034,4.196505
GLOBAL,S2D1,PWRHYDFJIXX01,ELCFJIXX01,2035,4.196505
GLOBAL,S2D1,PWRHYDFJIXX01,ELCFJIXX01,2036,3.042002
GLOBAL,S2D1,PWRHYDFJIXX01,ELCFJIXX01,2037,4.196505
GLOBAL,S2D1,PWRHYDFJIXX01,ELCFJIXX01,2038,4.196505
GLOBAL,S2D1,PWRHYDFJIXX01,ELCFJIXX01,2039,4.196505
GLOBAL,S2D1,PWRHYDFJIXX01,ELCFJIXX01,2040,4.196505
GLOBAL,S2D1,PWRHYDFJIXX01,ELCFJIXX01,2041,4.196505
GLOBAL,S2D1,PWRHYDFJIXX01,ELCFJIXX01,2042,4.196505
GLOBAL,S2D1,PWRHYDFJIXX01,ELCFJIXX01,2043,4.196505
GLOBAL,S2D1,PWRHYDFJIXX01,ELCFJIXX01,2044,4.196505
GLOBAL,S2D1,PWRHYDFJIXX01,ELCFJIXX01,2045,4.196505
GLOBAL,S2D1,PWRHYDFJIXX01,ELCFJIXX01,2046,4.196505
GLOBAL,S2D1,PWRHYDFJIXX01,ELCFJIXX01,2047,4.196505
GLOBAL,S2D1,PWRHYDFJIXX01,ELCFJIXX01,2048,4.196505
GLOBAL,S2D1,PWRHYDFJIXX01,ELCFJIXX01,2049,4.196505
GLOBAL,S2D1,PWRHYDFJIXX01,ELCFJIXX01,2050,4.196505
GLOBAL,S2D1,PWROILFJIXX01,ELCFJIXX01,2030,0.1668429
GLOBAL,S2D1,PWROILFJIXX01,ELCFJIXX01,2035,0.89247301
GLOBAL,S2D1,PWROILFJIXX01,ELCFJIXX01,2038,1.0907908
GLOBAL,S2D1,PWRPETFJIXX01,ELCFJIXX01,2032,1.5291796
GLOBAL,S2D1,PWRPETFJIXX01,ELCFJIXX01,2033,0.57513862
GLOBAL,S2D1,PWRPETFJIXX01,ELCFJIXX01,2034,0.73380582
GLOBAL,S2D1,PWRPETFJIXX01,ELCFJIXX01,2036,2.2219113
GLOBAL,S2D1,PWRPETFJIXX01,ELCFJIXX01,2037,1.2693076
GLOBAL,S2D1,PWRPETFJIXX01,ELCFJIXX01,2038,0.028152206
GLOBAL,S2D1,PWRPETFJIXX01,ELCFJIXX01,2039,1.7138481
GLOBAL,S2D1,PWRPETFJIXX01,ELCFJIXX01,2040,1.7254724
GLOBAL,S2D1,PWRPETFJIXX01,ELCFJIXX01,2041,1.9436398
GLOBAL,S2D1,PWRPETFJIXX01,ELCFJIXX01,2042,1.4093595
GLOBAL,S2D1,PWRPETFJIXX01,ELCFJIXX01,2043,1.6097589
GLOBAL,S2D1,PWRPETFJIXX01,ELCFJIXX01,2044,1.7649899
GLOBAL,S2D1,PWRPETFJIXX01,ELCFJIXX01,2045,2.2219113
GLOBAL,S2D1,PWRPETFJIXX01,ELCFJIXX01,2046,2.3718418
GLOBAL,S2D1,PWRPETFJIXX01,ELCFJIXX01,2047,2.3718418
GLOBAL,S2D1,PWRPETFJIXX01,ELCFJIXX01,2048,2.5373115
GLOBAL,S2D1,PWRPETFJIXX01,ELCFJIXX01,2049,3.1908218
GLOBAL,S2D1,PWRPETFJIXX01,ELCFJIXX01,2050,2.6055549
GLOBAL,S2D1,PWRSPVFJIXX01,ELCFJIXX01,2040,0.16687626
GLOBAL,S2D1,PWRSPVFJIXX01,ELCFJIXX01,2041,0.16687626
GLOBAL,S2D1,PWRSPVFJIXX01,ELCFJIXX01,2042,0.16687626
GLOBAL,S2D1,PWRSPVFJIXX01,ELCFJIXX01,2043,0.16687626
GLOBAL,S2D1,PWRSPVFJIXX01,ELCFJIXX01,2044,0.16687626
GLOBAL,S2D1,PWRSPVFJIXX01,ELCFJIXX01,2045,0.16687626
GLOBAL,S2D1,PWRSPVFJIXX01,ELCFJIXX01,2046,0.16687626
GLOBAL,S2D1,PWRSPVFJIXX01,ELCFJIXX01,2047,0.2773425
GLOBAL,S2D1,PWRSPVFJIXX01,ELCFJIXX01,2048,0.2773425
GLOBAL,S2D1,PWRSPVFJIXX01,ELCFJIXX01,2049,0.2773425
GLOBAL,S2D1,PWRSPVFJIXX01,ELCFJIXX01,2050,0.2773425
GLOBAL,S2D1,PWRTRNFJIXX,ELCFJIXX02,2021,3.3220944
GLOBAL,S2D1,PWRTRNFJIXX,ELCFJIXX02,2022,3.401428
GLOBAL,S2D1,PWRTRNFJIXX,ELCFJIXX02,2023,3.4708449
GLOBAL,S2D1,PWRTRNFJIXX,ELCFJIXX02,2024,3.5501785
GLOBAL,S2D1,PWRTRNFJIXX,ELCFJIXX02,2025,3.6195954
GLOBAL,S2D1,PWRTRNFJIXX,ELCFJIXX02,2026,3.7683459
GLOBAL,S2D1,PWRTRNFJIXX,ELCFJIXX02,2027,3.9170964
GLOBAL,S2D1,PWRTRNFJIXX,ELCFJIXX02,2028,4.0658469
GLOBAL,S2D1,PWRTRNFJIXX,ELCFJIXX02,2029,4.2145974
GLOBAL,S2D1,PWRTRNFJIXX,ELCFJIXX02,2030,4.3633479
GLOBAL,S2D1,PWRTRNFJIXX,ELCFJIXX02,2031,4.5220151
GLOBAL,S2D1,PWRTRNFJIXX,ELCFJIXX02,2032,4.6806823
GLOBAL,S2D1,PWRTRNFJIXX,ELCFJIXX02,2033,4.8492662
GLOBAL,S2D1,PWRTRNFJIXX,ELCFJIXX02,2034,5.0079334
GLOBAL,S2D1,PWRTRNFJIXX,ELCFJIXX02,2035,5.1666006
GLOBAL,S2D1,PWRTRNFJIXX,ELCFJIXX02,2036,5.3550179
GLOBAL,S2D1,PWRTRNFJIXX,ELCFJIXX02,2037,5.5434351
GLOBAL,S2D1,PWRTRNFJIXX,ELCFJIXX02,2038,5.7219357
GLOBAL,S2D1,PWRTRNFJIXX,ELCFJIXX02,2039,5.910353
GLOBAL,S2D1,PWRTRNFJIXX,ELCFJIXX02,2040,6.0888536
GLOBAL,S2D1,PWRTRNFJIXX,ELCFJIXX02,2041,6.307021
GLOBAL,S2D1,PWRTRNFJIXX,ELCFJIXX02,2042,6.5152717
GLOBAL,S2D1,PWRTRNFJIXX,ELCFJIXX02,2043,6.7235224
GLOBAL,S2D1,PWRTRNFJIXX,ELCFJIXX02,2044,6.9416898
GLOBAL,S2D1,PWRTRNFJIXX,ELCFJIXX02,2045,7.1499405
GLOBAL,S2D1,PWRTRNFJIXX,ELCFJIXX02,2046,7.397858
GLOBAL,S2D1,PWRTRNFJIXX,ELCFJIXX02,2047,7.6556922
GLOBAL,S2D1,PWRTRNFJIXX,ELCFJIXX02,2048,7.9036097
GLOBAL,S2D1,PWRTRNFJIXX,ELCFJIXX02,2049,8.1515272
GLOBAL,S2D1,PWRTRNFJIXX,ELCFJIXX02,2050,8.3994447
GLOBAL,S2D1,PWRWONFJIXX01,ELCFJIXX01,2032,0.077622563
GLOBAL,S2D1,PWRWONFJIXX01,ELCFJIXX01,2033,0.077622563
GLOBAL,S2D1,PWRWONFJIXX01,ELCFJIXX01,2034,0.077622563
GLOBAL,S2D1,PWRWONFJIXX01,ELCFJIXX01,2035,0.077622563
GLOBAL,S2D1,PWRWONFJIXX01,ELCFJIXX01,2036,0.077622563
GLOBAL,S2D1,PWRWONFJIXX01,ELCFJIXX01,2037,0.077622563
GLOBAL,S2D1,PWRWONFJIXX01,ELCFJIXX01,2038,0.077622563
GLOBAL,S2D1,RNWBIOFJIXX,BIOFJIXX,2021,0.13988759
GLOBAL,S2D1,RNWBIOFJIXX,BIOFJIXX,2029,3.2043864
GLOBAL,S2D1,RNWBIOFJIXX,BIOFJIXX,2031,1.2434486
GLOBAL,S2D1,RNWBIOFJIXX,BIOFJIXX,2036,0.051501104
GLOBAL,S2D1,RNWBIOFJIXX,BIOFJIXX,2038,1.2562652
GLOBAL,S2D1,RNWBIOFJIXX,BIOFJIXX,2042,2.8364682
GLOBAL,S2D1,RNWBIOFJIXX,BIOFJIXX,2043,2.8664603
GLOBAL,S2D1,RNWBIOFJIXX,BIOFJIXX,2044,3.1068774
GLOBAL,S2D1,RNWBIOFJIXX,BIOFJIXX,2045,2.1569551
GLOBAL,S2D1,RNWBIOFJIXX,BIOFJIXX,2046,2.5312655
GLOBAL,S2D1,RNWBIOFJIXX,BIOFJIXX,2047,3.094211
GLOBAL,S2D1,RNWBIOFJIXX,BIOFJIXX,2048,3.4091616
GLOBAL,S2D1,RNWBIOFJIXX,BIOFJIXX,2049,1.8597973
GLOBAL,S2D1,RNWBIOFJIXX,BIOFJIXX,2050,5.0425615
GLOBAL,S2D1,RNWHYDFJIXX,HYDFJIXX,2021,3.2854746
GLOBAL,S2D1,RNWHYDFJIXX,HYDFJIXX,2022,3.401428
GLOBAL,S2D1,RNWHYDFJIXX,HYDFJIXX,2023,3.4708449
GLOBAL,S2D1,RNWHYDFJIXX,HYDFJIXX,2024,3.5501785
GLOBAL,S2D1,RNWHYDFJIXX,HYDFJIXX,2025,3.6195954
GLOBAL,S2D1,RNWHYDFJIXX,HYDFJIXX,2026,3.7683459
GLOBAL,S2D1,RNWHYDFJIXX,HYDFJIXX,2027,3.9170964
GLOBAL,S2D1,RNWHYDFJIXX,HYDFJIXX,2028,4.0658469
GLOBAL,S2D1,RNWHYDFJIXX,HYDFJIXX,2029,3.3757528
GLOBAL,S2D1,RNWHYDFJIXX,HYDFJIXX,2030,4.196505
GLOBAL,S2D1,RNWHYDFJIXX,HYDFJIXX,2031,4.196505
GLOBAL,S2D1,RNWHYDFJIXX,HYDFJIXX,2032,3.0738801
GLOBAL,S2D1,RNWHYDFJIXX,HYDFJIXX,2033,4.196505
GLOBAL,S2D1,RNWHYDFJIXX,HYDFJIXX,2034,4.196505
GLOBAL,S2D1,RNWHYDFJIXX,HYDFJIXX,2035,4.196505
GLOBAL,S2D1,RNWHYDFJIXX,HYDFJIXX,2036,3.042002
GLOBAL,S2D1,RNWHYDFJIXX,HYDFJIXX,2037,4.196505
GLOBAL,S2D1,RNWHYDFJIXX,HYDFJIXX,2038,4.196505
GLOBAL,S2D1,RNWHYDFJIXX,HYDFJIXX,2039,4.196505
GLOBAL,S2D1,RNWHYDFJIXX,HYDFJIXX,2040,4.196505
GLOBAL,S2D1,RNWHYDFJIXX,HYDFJIXX,2041,4.196505
GLOBAL,S2D1,RNWHYDFJIXX,HYDFJIXX,2042,4.196505
GLOBAL,S2D1,RNWHYDFJIXX,HYDFJIXX,2043,4.196505
GLOBAL,S2D1,RNWHYDFJIXX,HYDFJIXX,2044,4.196505
GLOBAL,S2D1,RNWHYDFJIXX,HYDFJIXX,2045,4.196505
GLOBAL,S2D1,RNWHYDFJIXX,HYDFJIXX,2046,4.196505
GLOBAL,S2D1,RNWHYDFJIXX,HYDFJIXX,2047,4.196505
GLOBAL,S2D1,RNWHYDFJIXX,HYDFJIXX,2048,4.196505
GLOBAL,S2D1,RNWHYDFJIXX,HYDFJIXX,2049,4.196505
GLOBAL,S2D1,RNWHYDFJIXX,HYDFJIXX,2050,4.196505
GLOBAL,S2D1,RNWSPVFJIXX,SPVFJIXX,2040,0.16687626
GLOBAL,S2D1,RNWSPVFJIXX,SPVFJIXX,2041,0.16687626
GLOBAL,S2D1,RNWSPVFJIXX,SPVFJIXX,2042,0.16687626
GLOBAL,S2D1,RNWSPVFJIXX,SPVFJIXX,2043,0.16687626
GLOBAL,S2D1,RNWSPVFJIXX,SPVFJIXX,2044,0.16687626
GLOBAL,S2D1,RNWSPVFJIXX,SPVFJIXX,2045,0.16687626
GLOBAL,S2D1,RNWSPVFJIXX,SPVFJIXX,2046,0.16687626
GLOBAL,S2D1,RNWSPVFJIXX,SPVFJIXX,2047,0.2773425
GLOBAL,S2D1,RNWSPVFJIXX,SPVFJIXX,2048,0.2773425
GLOBAL,S2D1,RNWSPVFJIXX,SPVFJIXX,2049,0.2773425
GLOBAL,S2D1,RNWSPVFJIXX,SPVFJIXX,2050,0.2773425
GLOBAL,S2D1,RNWWONFJIXX,WONFJIXX,2032,0.077622563
GLOBAL,S2D1,RNWWONFJIXX,WONFJIXX,2033,0.077622563
GLOBAL,S2D1,RNWWONFJIXX,WONFJIXX,2034,0.077622563
GLOBAL,S2D1,RNWWONFJIXX,WONFJIXX,2035,0.077622563
GLOBAL,S2D1,RNWWONFJIXX,WONFJIXX,2036,0.077622563
GLOBAL,S2D1,RNWWONFJIXX,WONFJIXX,2037,0.077622563
GLOBAL,S2D1,RNWWONFJIXX,WONFJIXX,2038,0.077622563
GLOBAL,S2D2,LNDAGRFJIC01,CRPCAS,2021,0.07189000014
GLOBAL,S2D2,LNDAGRFJIC01,CRPCAS,2022,0.07220340021999999
GLOBAL,S2D2,LNDAGRFJIC01,CRPCAS,2023,0.07251670034
GLOBAL,S2D2,LNDAGRFJIC01,CRPCAS,2024,0.07283010042
GLOBAL,S2D2,LNDAGRFJIC01,CRPCAS,2025,0.07314349952
GLOBAL,S2D2,LNDAGRFJIC01,CRPCAS,2026,0.07337960013999999
GLOBAL,S2D2,LNDAGRFJIC01,CRPCAS,2027,0.07361569978
GLOBAL,S2D2,LNDAGRFJIC01,CRPCAS,2028,0.07385170044
GLOBAL,S2D2,LNDAGRFJIC01,CRPCAS,2029,0.07408780008
GLOBAL,S2D2,LNDAGRFJIC01,CRPCAS,2030,0.07432389972
GLOBAL,S2D2,LNDAGRFJIC01,CRPCAS,2031,0.07448539979999999
GLOBAL,S2D2,LNDAGRFJIC01,CRPCAS,2032,0.07464699983999999
GLOBAL,S2D2,LNDAGRFJIC01,CRPCAS,2033,0.07480849992000001
GLOBAL,S2D2,LNDAGRFJIC01,CRPCAS,2034,0.07497
GLOBAL,S2D2,LNDAGRFJIC01,CRPCAS,2035,0.07513150008
GLOBAL,S2D2,LNDAGRFJIC01,CRPCAS,2036,0.07520379958000001
GLOBAL,S2D2,LNDAGRFJIC01,CRPCAS,2037,0.07527620002
GLOBAL,S2D2,LNDAGRFJIC01,CRPCAS,2038,0.07534849952
GLOBAL,S2D2,LNDAGRFJIC01,CRPCAS,2039,0.07580659953999999
GLOBAL,S2D2,LNDAGRFJIC01,CRPCAS,2040,0.07549320044
GLOBAL,S2D2,LNDAGRFJIC01,CRPCAS,2041,0.07548200002000001
GLOBAL,S2D2,LNDAGRFJIC01,CRPCAS,2042,0.0754707996
GLOBAL,S2D2,LNDAGRFJIC01,CRPCAS,2043,0.07545970011999999
GLOBAL,S2D2,LNDAGRFJIC01,CRPCAS,2044,0.0754484997
GLOBAL,S2D2,LNDAGRFJIC01,CRPCAS,2045,0.07543730026
GLOBAL,S2D2,LNDAGRFJIC01,CRPCAS,2046,0.07536069954
GLOBAL,S2D2,LNDAGRFJIC01,CRPCAS,2047,0.07528419975999999
GLOBAL,S2D2,LNDAGRFJIC01,CRPCAS,2048,0.07537749968
GLOBAL,S2D2,LNDAGRFJIC01,CRPCAS,2049,0.0752159996
GLOBAL,S2D2,LNDAGRFJIC01,CRPCAS,2050,0.07505449952
GLOBAL,S2D2,LNDAGRFJIC01,CRPOTH,2021,0.06255299972
GLOBAL,S2D2,LNDAGRFJIC01,CRPOTH,2022,0.06282560032
GLOBAL,S2D2,LNDAGRFJIC01,CRPOTH,2023,0.06309830028
GLOBAL,S2D2,LNDAGRFJIC01,CRPOTH,2024,0.06337100024
GLOBAL,S2D2,LNDAGRFJIC01,CRPOTH,2025,0.06364359992
GLOBAL,S2D2,LNDAGRFJIC01,CRPOTH,2026,0.06384910032
GLOBAL,S2D2,LNDAGRFJIC01,CRPOTH,2027,0.06405450044000001
GLOBAL,S2D2,LNDAGRFJIC01,CRPOTH,2028,0.06425989964
GLOBAL,S2D2,LNDAGRFJIC01,CRPOTH,2029,0.06446529976000001
GLOBAL,S2D2,LNDAGRFJIC01,CRPOTH,2030,0.06467080016000001
GLOBAL,S2D2,LNDAGRFJIC01,CRPOTH,2031,0.0648112998
GLOBAL,S2D2,LNDAGRFJIC01,CRPOTH,2032,0.06495180036
GLOBAL,S2D2,LNDAGRFJIC01,CRPOTH,2033,0.06509240028
GLOBAL,S2D2,LNDAGRFJIC01,CRPOTH,2034,0.06523289992
GLOBAL,S2D2,LNDAGRFJIC01,CRPOTH,2035,0.06537349984
GLOBAL,S2D2,LNDAGRFJIC01,CRPOTH,2036,0.06543640024
GLOBAL,S2D2,LNDAGRFJIC01,CRPOTH,2037,0.06549929972
GLOBAL,S2D2,LNDAGRFJIC01,CRPOTH,2038,0.06556230040000001
GLOBAL,S2D2,LNDAGRFJIC01,CRPOTH,2039,0.06596080024
GLOBAL,S2D2,LNDAGRFJIC01,CRPOTH,2040,0.06568819964
GLOBAL,S2D2,LNDAGRFJIC01,CRPOTH,2041,0.06567839980000001
GLOBAL,S2D2,LNDAGRFJIC01,CRPOTH,2042,0.06566870024
GLOBAL,S2D2,LNDAGRFJIC01,CRPOTH,2043,0.06565899976
GLOBAL,S2D2,LNDAGRFJIC01,CRPOTH,2044,0.0656493002
GLOBAL,S2D2,LNDAGRFJIC01,CRPOTH,2045,0.06563950036
GLOBAL,S2D2,LNDAGRFJIC01,CRPOTH,2046,0.06557289972000001
GLOBAL,S2D2,LNDAGRFJIC01,CRPOTH,2047,0.0655063
GLOBAL,S2D2,LNDAGRFJIC01,CRPOTH,2048,0.06558760040000002
GLOBAL,S2D2,LNDAGRFJIC01,CRPOTH,2049,0.06544709984
GLOBAL,S2D2,LNDAGRFJIC01,CRPOTH,2050,0.06530649992000001
GLOBAL,S2D2,LNDAGRFJIC01,CRPSGC,2023,1.7410499700000002
GLOBAL,S2D2,LNDAGRFJIC01,CRPSGC,2024,1.7485700100000003
GLOBAL,S2D2,LNDAGRFJIC01,CRPSGC,2025,1.75609005
GLOBAL,S2D2,LNDAGRFJIC01,CRPSGC,2026,1.76176
GLOBAL,S2D2,LNDAGRFJIC01,CRPSGC,2027,1.7674299500000001
GLOBAL,S2D2,LNDAGRFJIC01,CRPSGC,2028,1.7656138500000003
GLOBAL,S2D2,LNDAGRFJIC01,CRPSGC,2029,1.74676744
GLOBAL,S2D2,LNDAGRFJIC01,CRPSGC,2030,1.72792048
GLOBAL,S2D2,LNDAGRFJIC01,CRPSGC,2031,1.715054
GLOBAL,S2D2,LNDAGRFJIC01,CRPSGC,2032,1.70215738
GLOBAL,S2D2,LNDAGRFJIC01,CRPSGC,2033,1.7960699900000001
GLOBAL,S2D2,LNDAGRFJIC01,CRPSGC,2034,1.67636469
GLOBAL,S2D2,LNDAGRFJIC01,CRPSGC,2035,1.6634977700000002
GLOBAL,S2D2,LNDAGRFJIC01,CRPSGC,2036,1.65771551
GLOBAL,S2D2,LNDAGRFJIC01,CRPSGC,2037,1.6519328100000001
GLOBAL,S2D2,LNDAGRFJIC01,CRPSGC,2038,1.6461501100000002
GLOBAL,S2D2,LNDAGRFJIC01,CRPSGC,2039,1.6753663300000001
GLOBAL,S2D2,LNDAGRFJIC01,CRPSGC,2040,1.6346143000000002
GLOBAL,S2D2,LNDAGRFJIC01,CRPSGC,2041,1.8122399900000001
GLOBAL,S2D2,LNDAGRFJIC01,CRPSGC,2042,1.63640851
GLOBAL,S2D2,LNDAGRFJIC01,CRPSGC,2043,1.6373050100000002
GLOBAL,S2D2,LNDAGRFJIC01,CRPSGC,2044,1.6381721400000002
GLOBAL,S2D2,LNDAGRFJIC01,CRPSGC,2045,1.63906952
GLOBAL,S2D2,LNDAGRFJIC01,CRPSGC,2046,1.80933005
GLOBAL,S2D2,LNDAGRFJIC01,CRPSGC,2047,1.8074899700000002
GLOBAL,S2D2,LNDAGRFJIC01,CRPSGC,2048,1.6614958800000001
GLOBAL,S2D2,LNDAGRFJIC01,CRPSGC,2049,1.80584998
GLOBAL,S2D2,LNDAGRFJIC01,CRPSGC,2050,1.6696170700000001
GLOBAL,S2D2,LNDAGRFJIC01,WTREVTFJI,2021,0.1638931521
GLOBAL,S2D2,LNDAGRFJIC01,WTREVTFJI,2022,0.164607541
GLOBAL,S2D2,LNDAGRFJIC01,WTREVTFJI,2023,3.1725900143
GLOBAL,S2D2,LNDAGRFJIC01,WTREVTFJI,2024,3.1862936604
GLOBAL,S2D2,LNDAGRFJIC01,WTREVTFJI,2025,3.1999972069999996
GLOBAL,S2D2,LNDAGRFJIC01,WTREVTFJI,2026,3.2103290765999994
GLOBAL,S2D2,LNDAGRFJIC01,WTREVTFJI,2027,3.2206608467
GLOBAL,S2D2,LNDAGRFJIC01,WTREVTFJI,2028,3.2180620245
GLOBAL,S2D2,LNDAGRFJIC01,WTREVTFJI,2029,3.1860473546
GLOBAL,S2D2,LNDAGRFJIC01,WTREVTFJI,2030,3.1540318328
GLOBAL,S2D2,LNDAGRFJIC01,WTREVTFJI,2031,3.1321760724999996
GLOBAL,S2D2,LNDAGRFJIC01,WTREVTFJI,2032,3.1102683959
GLOBAL,S2D2,LNDAGRFJIC01,WTREVTFJI,2033,3.2728493437000004
GLOBAL,S2D2,LNDAGRFJIC01,WTREVTFJI,2034,3.0664538034
GLOBAL,S2D2,LNDAGRFJIC01,WTREVTFJI,2035,3.0445973812
GLOBAL,S2D2,LNDAGRFJIC01,WTREVTFJI,2036,3.0347746592
GLOBAL,S2D2,LNDAGRFJIC01,WTREVTFJI,2037,3.0249513205
GLOBAL,S2D2,LNDAGRFJIC01,WTREVTFJI,2038,3.0151279366
GLOBAL,S2D2,LNDAGRFJIC01,WTREVTFJI,2039,3.0666365819999997
GLOBAL,S2D2,LNDAGRFJIC01,WTREVTFJI,2040,2.9955323245
GLOBAL,S2D2,LNDAGRFJIC01,WTREVTFJI,2041,3.3023147471
GLOBAL,S2D2,LNDAGRFJIC01,WTREVTFJI,2042,2.9985803378
GLOBAL,S2D2,LNDAGRFJIC01,WTREVTFJI,2043,3.0001034918000005
GLOBAL,S2D2,LNDAGRFJIC01,WTREVTFJI,2044,3.0015757725000003
GLOBAL,S2D2,LNDAGRFJIC01,WTREVTFJI,2045,3.0031002065
GLOBAL,S2D2,LNDAGRFJIC01,WTREVTFJI,2046,3.2970119941
GLOBAL,S2D2,LNDAGRFJIC01,WTREVTFJI,2047,3.2936592368
GLOBAL,S2D2,LNDAGRFJIC01,WTREVTFJI,2048,3.0417004453999996
GLOBAL,S2D2,LNDAGRFJIC01,WTREVTFJI,2049,3.2906711848
GLOBAL,S2D2,LNDAGRFJIC01,WTREVTFJI,2050,3.054991537
GLOBAL,S2D2,LNDAGRFJIC01,WTRGRCFJI,2021,0.01109687141
GLOBAL,S2D2,LNDAGRFJIC01,WTRGRCFJI,2022,0.011145238005999999
GLOBAL,S2D2,LNDAGRFJIC01,WTRGRCFJI,2023,0.076087288506
GLOBAL,S2D2,LNDAGRFJIC01,WTRGRCFJI,2024,0.076415957438
GLOBAL,S2D2,LNDAGRFJIC01,WTRGRCFJI,2025,0.07674461627599999
GLOBAL,S2D2,LNDAGRFJIC01,WTRGRCFJI,2026,0.07699240147
GLOBAL,S2D2,LNDAGRFJIC01,WTRGRCFJI,2027,0.07724017657000001
GLOBAL,S2D2,LNDAGRFJIC01,WTRGRCFJI,2028,0.077208919412
GLOBAL,S2D2,LNDAGRFJIC01,WTRGRCFJI,2029,0.076542902912
GLOBAL,S2D2,LNDAGRFJIC01,WTRGRCFJI,2030,0.07587687594000002
GLOBAL,S2D2,LNDAGRFJIC01,WTRGRCFJI,2031,0.07542223364
GLOBAL,S2D2,LNDAGRFJIC01,WTRGRCFJI,2032,0.074966474764
GLOBAL,S2D2,LNDAGRFJIC01,WTRGRCFJI,2033,0.07849179039200001
GLOBAL,S2D2,LNDAGRFJIC01,WTRGRCFJI,2034,0.074054973892
GLOBAL,S2D2,LNDAGRFJIC01,WTRGRCFJI,2035,0.07360032522
GLOBAL,S2D2,LNDAGRFJIC01,WTRGRCFJI,2036,0.07339596380999999
GLOBAL,S2D2,LNDAGRFJIC01,WTRGRCFJI,2037,0.07319159270600001
GLOBAL,S2D2,LNDAGRFJIC01,WTRGRCFJI,2038,0.072987224924
GLOBAL,S2D2,LNDAGRFJIC01,WTRGRCFJI,2039,0.07414689474200001
GLOBAL,S2D2,LNDAGRFJIC01,WTRGRCFJI,2040,0.072579588912
GLOBAL,S2D2,LNDAGRFJIC01,WTRGRCFJI,2041,0.07919844851400001
GLOBAL,S2D2,LNDAGRFJIC01,WTRGRCFJI,2042,0.072643005444
GLOBAL,S2D2,LNDAGRFJIC01,WTRGRCFJI,2043,0.07267470288
GLOBAL,S2D2,LNDAGRFJIC01,WTRGRCFJI,2044,0.07270529891000001
GLOBAL,S2D2,LNDAGRFJIC01,WTRGRCFJI,2045,0.072737012478
GLOBAL,S2D2,LNDAGRFJIC01,WTRGRCFJI,2046,0.07907126788999999
GLOBAL,S2D2,LNDAGRFJIC01,WTRGRCFJI,2047,0.07899087109200001
GLOBAL,S2D2,LNDAGRFJIC01,WTRGRCFJI,2048,0.073563686696
GLOBAL,S2D2,LNDAGRFJIC01,WTRGRCFJI,2049,0.07891923110400001
GLOBAL,S2D2,LNDAGRFJIC01,WTRGRCFJI,2050,0.073816522476
GLOBAL,S2D2,LNDAGRFJIC01,WTRSURFJI,2021,0.20361563629999999
GLOBAL,S2D2,LNDAGRFJIC01,WTRSURFJI,2022,0.20450311
GLOBAL,S2D2,LNDAGRFJIC01,WTRSURFJI,2023,1.4082978969000002
GLOBAL,S2D2,LNDAGRFJIC01,WTRSURFJI,2024,1.4143812182
GLOBAL,S2D2,LNDAGRFJIC01,WTRSURFJI,2025,1.420464353
GLOBAL,S2D2,LNDAGRFJIC01,WTRSURFJI,2026,1.4250506047999998
GLOBAL,S2D2,LNDAGRFJIC01,WTRSURFJI,2027,1.4296366701
GLOBAL,S2D2,LNDAGRFJIC01,WTRSURFJI,2028,1.4290504325
GLOBAL,S2D2,LNDAGRFJIC01,WTRSURFJI,2029,1.4166979218000002
GLOBAL,S2D2,LNDAGRFJIC01,WTRSURFJI,2030,1.4043452163999999
GLOBAL,S2D2,LNDAGRFJIC01,WTRSURFJI,2031,1.3959130225
GLOBAL,S2D2,LNDAGRFJIC01,WTRSURFJI,2032,1.3874601287
GLOBAL,S2D2,LNDAGRFJIC01,WTRSURFJI,2033,1.4528027641
GLOBAL,S2D2,LNDAGRFJIC01,WTRSURFJI,2034,1.3705546582
GLOBAL,S2D2,LNDAGRFJIC01,WTRSURFJI,2035,1.3621223456
GLOBAL,S2D2,LNDAGRFJIC01,WTRSURFJI,2036,1.3583320885999999
GLOBAL,S2D2,LNDAGRFJIC01,WTRSURFJI,2037,1.3545416495
GLOBAL,S2D2,LNDAGRFJIC01,WTRSURFJI,2038,1.3507512738
GLOBAL,S2D2,LNDAGRFJIC01,WTRSURFJI,2039,1.372234323
GLOBAL,S2D2,LNDAGRFJIC01,WTRSURFJI,2040,1.3431909025
GLOBAL,S2D2,LNDAGRFJIC01,WTRSURFJI,2041,1.4658822833
GLOBAL,S2D2,LNDAGRFJIC01,WTRSURFJI,2042,1.3443670774
GLOBAL,S2D2,LNDAGRFJIC01,WTRSURFJI,2043,1.3449549614
GLOBAL,S2D2,LNDAGRFJIC01,WTRSURFJI,2044,1.3455224315
GLOBAL,S2D2,LNDAGRFJIC01,WTRSURFJI,2045,1.3461106175
GLOBAL,S2D2,LNDAGRFJIC01,WTRSURFJI,2046,1.4635283023
GLOBAL,S2D2,LNDAGRFJIC01,WTRSURFJI,2047,1.4620402364
GLOBAL,S2D2,LNDAGRFJIC01,WTRSURFJI,2048,1.3614360662
GLOBAL,S2D2,LNDAGRFJIC01,WTRSURFJI,2049,1.4607142504000001
GLOBAL,S2D2,LNDAGRFJIC01,WTRSURFJI,2050,1.366132135
GLOBAL,S2D2,LNDAGRFJIC02,CRPSGC,2028,0.007486134260000001
GLOBAL,S2D2,LNDAGRFJIC02,CRPSGC,2029,0.032002584900000006
GLOBAL,S2D2,LNDAGRFJIC02,CRPSGC,2030,0.056519509200000005
GLOBAL,S2D2,LNDAGRFJIC02,CRPSGC,2031,0.0732559817
GLOBAL,S2D2,LNDAGRFJIC02,CRPSGC,2032,0.09003256570000001
GLOBAL,S2D2,LNDAGRFJIC02,CRPSGC,2034,0.12358531900000001
GLOBAL,S2D2,LNDAGRFJIC02,CRPSGC,2035,0.14032227000000003
GLOBAL,S2D2,LNDAGRFJIC02,CRPSGC,2036,0.147844521
GLOBAL,S2D2,LNDAGRFJIC02,CRPSGC,2037,0.155367212
GLOBAL,S2D2,LNDAGRFJIC02,CRPSGC,2038,0.162889936
GLOBAL,S2D2,LNDAGRFJIC02,CRPSGC,2039,0.144663651
GLOBAL,S2D2,LNDAGRFJIC02,CRPSGC,2040,0.17789569600000002
GLOBAL,S2D2,LNDAGRFJIC02,CRPSGC,2042,0.17556147400000002
GLOBAL,S2D2,LNDAGRFJIC02,CRPSGC,2043,0.174395034
GLOBAL,S2D2,LNDAGRFJIC02,CRPSGC,2044,0.173267831
GLOBAL,S2D2,LNDAGRFJIC02,CRPSGC,2045,0.172100478
GLOBAL,S2D2,LNDAGRFJIC02,CRPSGC,2048,0.14823408600000001
GLOBAL,S2D2,LNDAGRFJIC02,WTREVTFJI,2028,0.008847249580000001
GLOBAL,S2D2,LNDAGRFJIC02,WTREVTFJI,2029,0.037821236700000004
GLOBAL,S2D2,LNDAGRFJIC02,WTREVTFJI,2030,0.0667957836
GLOBAL,S2D2,LNDAGRFJIC02,WTREVTFJI,2031,0.0865752511
GLOBAL,S2D2,LNDAGRFJIC02,WTREVTFJI,2032,0.10640212310000001
GLOBAL,S2D2,LNDAGRFJIC02,WTREVTFJI,2034,0.14605537700000001
GLOBAL,S2D2,LNDAGRFJIC02,WTREVTFJI,2035,0.16583541000000002
GLOBAL,S2D2,LNDAGRFJIC02,WTREVTFJI,2036,58.682216043
GLOBAL,S2D2,LNDAGRFJIC02,WTREVTFJI,2037,0.183615796
GLOBAL,S2D2,LNDAGRFJIC02,WTREVTFJI,2038,0.19250628800000003
GLOBAL,S2D2,LNDAGRFJIC02,WTREVTFJI,2039,0.170966133
GLOBAL,S2D2,LNDAGRFJIC02,WTREVTFJI,2040,0.210240368
GLOBAL,S2D2,LNDAGRFJIC02,WTREVTFJI,2042,0.20748174200000002
GLOBAL,S2D2,LNDAGRFJIC02,WTREVTFJI,2043,0.206103222
GLOBAL,S2D2,LNDAGRFJIC02,WTREVTFJI,2044,0.204771073
GLOBAL,S2D2,LNDAGRFJIC02,WTREVTFJI,2045,0.203391474
GLOBAL,S2D2,LNDAGRFJIC02,WTREVTFJI,2048,0.175185738
GLOBAL,S2D2,LNDAGRFJIC02,WTRGRCFJI,2028,0.0004151401726
GLOBAL,S2D2,LNDAGRFJIC02,WTRGRCFJI,2029,0.001774688799
GLOBAL,S2D2,LNDAGRFJIC02,WTRGRCFJI,2030,0.003134263692
GLOBAL,S2D2,LNDAGRFJIC02,WTRGRCFJI,2031,0.004062377167
GLOBAL,S2D2,LNDAGRFJIC02,WTRGRCFJI,2032,0.004992715007
GLOBAL,S2D2,LNDAGRFJIC02,WTRGRCFJI,2034,0.00685336769
GLOBAL,S2D2,LNDAGRFJIC02,WTRGRCFJI,2035,0.0077815077
GLOBAL,S2D2,LNDAGRFJIC02,WTRGRCFJI,2036,2.1420012527099996
GLOBAL,S2D2,LNDAGRFJIC02,WTRGRCFJI,2037,0.00861581812
GLOBAL,S2D2,LNDAGRFJIC02,WTRGRCFJI,2038,0.00903298736
GLOBAL,S2D2,LNDAGRFJIC02,WTRGRCFJI,2039,0.008022257009999999
GLOBAL,S2D2,LNDAGRFJIC02,WTRGRCFJI,2040,0.00986512496
GLOBAL,S2D2,LNDAGRFJIC02,WTRGRCFJI,2042,0.00973568174
GLOBAL,S2D2,LNDAGRFJIC02,WTRGRCFJI,2043,0.00967099734
GLOBAL,S2D2,LNDAGRFJIC02,WTRGRCFJI,2044,0.00960848881
GLOBAL,S2D2,LNDAGRFJIC02,WTRGRCFJI,2045,0.009543753779999999
GLOBAL,S2D2,LNDAGRFJIC02,WTRGRCFJI,2048,0.008220253859999999
GLOBAL,S2D2,LNDAGRFJIC02,WTRSURFJI,2028,0.007486134260000001
GLOBAL,S2D2,LNDAGRFJIC02,WTRSURFJI,2029,0.032002584900000006
GLOBAL,S2D2,LNDAGRFJIC02,WTRSURFJI,2030,0.056519509200000005
GLOBAL,S2D2,LNDAGRFJIC02,WTRSURFJI,2031,0.0732559817
GLOBAL,S2D2,LNDAGRFJIC02,WTRSURFJI,2032,0.09003256570000001
GLOBAL,S2D2,LNDAGRFJIC02,WTRSURFJI,2034,0.12358531900000001
GLOBAL,S2D2,LNDAGRFJIC02,WTRSURFJI,2035,0.14032227000000003
GLOBAL,S2D2,LNDAGRFJIC02,WTRSURFJI,2036,25.615811061
GLOBAL,S2D2,LNDAGRFJIC02,WTRSURFJI,2037,0.155367212
GLOBAL,S2D2,LNDAGRFJIC02,WTRSURFJI,2038,0.162889936
GLOBAL,S2D2,LNDAGRFJIC02,WTRSURFJI,2039,0.144663651
GLOBAL,S2D2,LNDAGRFJIC02,WTRSURFJI,2040,0.17789569600000002
GLOBAL,S2D2,LNDAGRFJIC02,WTRSURFJI,2042,0.17556147400000002
GLOBAL,S2D2,LNDAGRFJIC02,WTRSURFJI,2043,0.174395034
GLOBAL,S2D2,LNDAGRFJIC02,WTRSURFJI,2044,0.173267831
GLOBAL,S2D2,LNDAGRFJIC02,WTRSURFJI,2045,0.172100478
GLOBAL,S2D2,LNDAGRFJIC02,WTRSURFJI,2048,0.14823408600000001
GLOBAL,S2D2,LNDAGRFJIC03,CRPSGC,2050,0.13236297800000002
GLOBAL,S2D2,LNDAGRFJIC03,WTREVTFJI,2021,46.278301899999995
GLOBAL,S2D2,LNDAGRFJIC03,WTREVTFJI,2036,46.278301899999995
GLOBAL,S2D2,LNDAGRFJIC03,WTREVTFJI,2050,0.144395976
GLOBAL,S2D2,LNDAGRFJIC03,WTRGRCFJI,2021,1.510134062
GLOBAL,S2D2,LNDAGRFJIC03,WTRGRCFJI,2036,1.510134062
GLOBAL,S2D2,LNDAGRFJIC03,WTRGRCFJI,2050,0.009265408460000001
GLOBAL,S2D2,LNDAGRFJIC03,WTRSURFJI,2021,18.02418074
GLOBAL,S2D2,LNDAGRFJIC03,WTRSURFJI,2036,18.02418074
GLOBAL,S2D2,LNDAGRFJIC03,WTRSURFJI,2050,0.168461972
GLOBAL,S2D2,LNDAGRFJIC04,CRPCON,2021,0.021679500219999998
GLOBAL,S2D2,LNDAGRFJIC04,CRPCON,2022,0.02177400015
GLOBAL,S2D2,LNDAGRFJIC04,CRPCON,2023,0.021868500080000002
GLOBAL,S2D2,LNDAGRFJIC04,CRPCON,2024,0.02196300001
GLOBAL,S2D2,LNDAGRFJIC04,CRPCON,2025,0.02205749994
GLOBAL,S2D2,LNDAGRFJIC04,CRPCON,2026,0.02212869988
GLOBAL,S2D2,LNDAGRFJIC04,CRPCON,2027,0.02219989982
GLOBAL,S2D2,LNDAGRFJIC04,CRPCON,2028,0.02227109976
GLOBAL,S2D2,LNDAGRFJIC04,CRPCON,2029,0.02234230019
GLOBAL,S2D2,LNDAGRFJIC04,CRPCON,2030,0.02241350013
GLOBAL,S2D2,LNDAGRFJIC04,CRPCON,2031,0.02246219976
GLOBAL,S2D2,LNDAGRFJIC04,CRPCON,2032,0.022510899879999997
GLOBAL,S2D2,LNDAGRFJIC04,CRPCON,2033,0.0225596
GLOBAL,S2D2,LNDAGRFJIC04,CRPCON,2034,0.02260830012
GLOBAL,S2D2,LNDAGRFJIC04,CRPCON,2035,0.02265700024
GLOBAL,S2D2,LNDAGRFJIC04,CRPCON,2036,0.022678799849999997
GLOBAL,S2D2,LNDAGRFJIC04,CRPCON,2037,0.02270069991
GLOBAL,S2D2,LNDAGRFJIC04,CRPCON,2038,0.02272250001
GLOBAL,S2D2,LNDAGRFJIC04,CRPCON,2039,0.02286060014
GLOBAL,S2D2,LNDAGRFJIC04,CRPCON,2040,0.022766100209999997
GLOBAL,S2D2,LNDAGRFJIC04,CRPCON,2041,0.0227627001
GLOBAL,S2D2,LNDAGRFJIC04,CRPCON,2042,0.02275939995
GLOBAL,S2D2,LNDAGRFJIC04,CRPCON,2043,0.022755999840000003
GLOBAL,S2D2,LNDAGRFJIC04,CRPCON,2044,0.02275260022
GLOBAL,S2D2,LNDAGRFJIC04,CRPCON,2045,0.02274920011
GLOBAL,S2D2,LNDAGRFJIC04,CRPCON,2046,0.0227262
GLOBAL,S2D2,LNDAGRFJIC04,CRPCON,2047,0.022703099929999998
GLOBAL,S2D2,LNDAGRFJIC04,CRPCON,2048,0.022731199959999997
GLOBAL,S2D2,LNDAGRFJIC04,CRPCON,2049,0.02268249984
GLOBAL,S2D2,LNDAGRFJIC04,CRPCON,2050,0.02263380021
GLOBAL,S2D2,LNDAGRFJIC04,CRPSGC,2021,1.72599999
GLOBAL,S2D2,LNDAGRFJIC04,CRPSGC,2022,1.7335200300000002
GLOBAL,S2D2,LNDAGRFJIC04,CRPYAM,2021,0.05389369986
GLOBAL,S2D2,LNDAGRFJIC04,CRPYAM,2022,0.05412859998
GLOBAL,S2D2,LNDAGRFJIC04,CRPYAM,2023,0.0543636002
GLOBAL,S2D2,LNDAGRFJIC04,CRPYAM,2024,0.05459850032
GLOBAL,S2D2,LNDAGRFJIC04,CRPYAM,2025,0.05483340044
GLOBAL,S2D2,LNDAGRFJIC04,CRPYAM,2026,0.05501039999
GLOBAL,S2D2,LNDAGRFJIC04,CRPYAM,2027,0.05518740045
GLOBAL,S2D2,LNDAGRFJIC04,CRPYAM,2028,0.0553644
GLOBAL,S2D2,LNDAGRFJIC04,CRPYAM,2029,0.05554130036
GLOBAL,S2D2,LNDAGRFJIC04,CRPYAM,2030,0.055718299910000005
GLOBAL,S2D2,LNDAGRFJIC04,CRPYAM,2031,0.05583939998
GLOBAL,S2D2,LNDAGRFJIC04,CRPYAM,2032,0.05596050005
GLOBAL,S2D2,LNDAGRFJIC04,CRPYAM,2033,0.056081600120000005
GLOBAL,S2D2,LNDAGRFJIC04,CRPYAM,2034,0.056202700189999996
GLOBAL,S2D2,LNDAGRFJIC04,CRPYAM,2035,0.056323700160000004
GLOBAL,S2D2,LNDAGRFJIC04,CRPYAM,2036,0.05637799986
GLOBAL,S2D2,LNDAGRFJIC04,CRPYAM,2037,0.056432200370000005
GLOBAL,S2D2,LNDAGRFJIC04,CRPYAM,2038,0.056486399970000004
GLOBAL,S2D2,LNDAGRFJIC04,CRPYAM,2039,0.056829800300000004
GLOBAL,S2D2,LNDAGRFJIC04,CRPYAM,2040,0.05659490018
GLOBAL,S2D2,LNDAGRFJIC04,CRPYAM,2041,0.05658649997
GLOBAL,S2D2,LNDAGRFJIC04,CRPYAM,2042,0.05657809976
GLOBAL,S2D2,LNDAGRFJIC04,CRPYAM,2043,0.05656979965
GLOBAL,S2D2,LNDAGRFJIC04,CRPYAM,2044,0.05656140035
GLOBAL,S2D2,LNDAGRFJIC04,CRPYAM,2045,0.056553000140000004
GLOBAL,S2D2,LNDAGRFJIC04,CRPYAM,2046,0.05649560007
GLOBAL,S2D2,LNDAGRFJIC04,CRPYAM,2047,0.0564382
GLOBAL,S2D2,LNDAGRFJIC04,CRPYAM,2048,0.056508099830000005
GLOBAL,S2D2,LNDAGRFJIC04,CRPYAM,2049,0.05638699976
GLOBAL,S2D2,LNDAGRFJIC04,CRPYAM,2050,0.05626599979
GLOBAL,S2D2,LNDAGRFJIC04,WTREVTFJI,2021,1.98239485498
GLOBAL,S2D2,LNDAGRFJIC04,WTREVTFJI,2022,1.99103216685
GLOBAL,S2D2,LNDAGRFJIC04,WTREVTFJI,2023,0.10035314872000001
GLOBAL,S2D2,LNDAGRFJIC04,WTREVTFJI,2024,0.10078678059
GLOBAL,S2D2,LNDAGRFJIC04,WTREVTFJI,2025,0.10122041245999999
GLOBAL,S2D2,LNDAGRFJIC04,WTREVTFJI,2026,0.10154714592
GLOBAL,S2D2,LNDAGRFJIC04,WTREVTFJI,2027,0.10187388038
GLOBAL,S2D2,LNDAGRFJIC04,WTREVTFJI,2028,0.10220061384
GLOBAL,S2D2,LNDAGRFJIC04,WTREVTFJI,2029,0.10252723921000001
GLOBAL,S2D2,LNDAGRFJIC04,WTREVTFJI,2030,0.10285397267
GLOBAL,S2D2,LNDAGRFJIC04,WTREVTFJI,2031,0.10307749184000001
GLOBAL,S2D2,LNDAGRFJIC04,WTREVTFJI,2032,0.10330101191999999
GLOBAL,S2D2,LNDAGRFJIC04,WTREVTFJI,2033,0.103524532
GLOBAL,S2D2,LNDAGRFJIC04,WTREVTFJI,2034,0.10374805208
GLOBAL,S2D2,LNDAGRFJIC04,WTREVTFJI,2035,0.10397146216
GLOBAL,S2D2,LNDAGRFJIC04,WTREVTFJI,2036,9.37814666715
GLOBAL,S2D2,LNDAGRFJIC04,WTREVTFJI,2037,0.10417184969000001
GLOBAL,S2D2,LNDAGRFJIC04,WTREVTFJI,2038,0.10427189559
GLOBAL,S2D2,LNDAGRFJIC04,WTREVTFJI,2039,0.10490573026
GLOBAL,S2D2,LNDAGRFJIC04,WTREVTFJI,2040,0.10447209838999999
GLOBAL,S2D2,LNDAGRFJIC04,WTREVTFJI,2041,0.1044565529
GLOBAL,S2D2,LNDAGRFJIC04,WTREVTFJI,2042,0.10444119304999999
GLOBAL,S2D2,LNDAGRFJIC04,WTREVTFJI,2043,0.10442575756
GLOBAL,S2D2,LNDAGRFJIC04,WTREVTFJI,2044,0.10441021398
GLOBAL,S2D2,LNDAGRFJIC04,WTREVTFJI,2045,0.10439466849000001
GLOBAL,S2D2,LNDAGRFJIC04,WTREVTFJI,2046,0.104288877
GLOBAL,S2D2,LNDAGRFJIC04,WTREVTFJI,2047,0.10418289987
GLOBAL,S2D2,LNDAGRFJIC04,WTREVTFJI,2048,0.10431189864
GLOBAL,S2D2,LNDAGRFJIC04,WTREVTFJI,2049,0.10408837856
GLOBAL,S2D2,LNDAGRFJIC04,WTREVTFJI,2050,0.10386496939
GLOBAL,S2D2,LNDAGRFJIC04,WTRGRCFJI,2021,0.078193593334
GLOBAL,S2D2,LNDAGRFJIC04,WTRGRCFJI,2022,0.078534287403
GLOBAL,S2D2,LNDAGRFJIC04,WTRGRCFJI,2023,0.006067857432
GLOBAL,S2D2,LNDAGRFJIC04,WTRGRCFJI,2024,0.006094077101
GLOBAL,S2D2,LNDAGRFJIC04,WTRGRCFJI,2025,0.00612029677
GLOBAL,S2D2,LNDAGRFJIC04,WTRGRCFJI,2026,0.006140052716000001
GLOBAL,S2D2,LNDAGRFJIC04,WTRGRCFJI,2027,0.006159808718000001
GLOBAL,S2D2,LNDAGRFJIC04,WTRGRCFJI,2028,0.006179564663999999
GLOBAL,S2D2,LNDAGRFJIC04,WTRGRCFJI,2029,0.006199314567
GLOBAL,S2D2,LNDAGRFJIC04,WTRGRCFJI,2030,0.006219070513
GLOBAL,S2D2,LNDAGRFJIC04,WTRGRCFJI,2031,0.006232585432
GLOBAL,S2D2,LNDAGRFJIC04,WTRGRCFJI,2032,0.006246100412
GLOBAL,S2D2,LNDAGRFJIC04,WTRGRCFJI,2033,0.006259615392
GLOBAL,S2D2,LNDAGRFJIC04,WTRGRCFJI,2034,0.006273130372
GLOBAL,S2D2,LNDAGRFJIC04,WTRGRCFJI,2035,0.006286639192
GLOBAL,S2D2,LNDAGRFJIC04,WTRGRCFJI,2036,0.290697662741
GLOBAL,S2D2,LNDAGRFJIC04,WTRGRCFJI,2037,0.006298756291
GLOBAL,S2D2,LNDAGRFJIC04,WTRGRCFJI,2038,0.006304805541
GLOBAL,S2D2,LNDAGRFJIC04,WTRGRCFJI,2039,0.006343129926
GLOBAL,S2D2,LNDAGRFJIC04,WTRGRCFJI,2040,0.006316910257
GLOBAL,S2D2,LNDAGRFJIC04,WTRGRCFJI,2041,0.006315970042
GLOBAL,S2D2,LNDAGRFJIC04,WTRGRCFJI,2042,0.006315042271
GLOBAL,S2D2,LNDAGRFJIC04,WTRGRCFJI,2043,0.006314108216
GLOBAL,S2D2,LNDAGRFJIC04,WTRGRCFJI,2044,0.006313168118
GLOBAL,S2D2,LNDAGRFJIC04,WTRGRCFJI,2045,0.0063122279029999995
GLOBAL,S2D2,LNDAGRFJIC04,WTRGRCFJI,2046,0.0063058323119999996
GLOBAL,S2D2,LNDAGRFJIC04,WTRGRCFJI,2047,0.006299424277
GLOBAL,S2D2,LNDAGRFJIC04,WTRGRCFJI,2048,0.006307223972
GLOBAL,S2D2,LNDAGRFJIC04,WTRGRCFJI,2049,0.006293708992
GLOBAL,S2D2,LNDAGRFJIC04,WTRGRCFJI,2050,0.006280200233
GLOBAL,S2D2,LNDAGRFJIC04,WTRSURFJI,2021,1.4416193767999999
GLOBAL,S2D2,LNDAGRFJIC04,WTRSURFJI,2022,1.4479005915
GLOBAL,S2D2,LNDAGRFJIC04,WTRSURFJI,2023,0.10883277120000001
GLOBAL,S2D2,LNDAGRFJIC04,WTRSURFJI,2024,0.1093030459
GLOBAL,S2D2,LNDAGRFJIC04,WTRSURFJI,2025,0.1097733206
GLOBAL,S2D2,LNDAGRFJIC04,WTRSURFJI,2026,0.1101276622
GLOBAL,S2D2,LNDAGRFJIC04,WTRSURFJI,2027,0.1104820048
GLOBAL,S2D2,LNDAGRFJIC04,WTRSURFJI,2028,0.11083634640000001
GLOBAL,S2D2,LNDAGRFJIC04,WTRSURFJI,2029,0.1111905801
GLOBAL,S2D2,LNDAGRFJIC04,WTRSURFJI,2030,0.11154492170000001
GLOBAL,S2D2,LNDAGRFJIC04,WTRSURFJI,2031,0.1117873244
GLOBAL,S2D2,LNDAGRFJIC04,WTRSURFJI,2032,0.11202972820000001
GLOBAL,S2D2,LNDAGRFJIC04,WTRSURFJI,2033,0.112272132
GLOBAL,S2D2,LNDAGRFJIC04,WTRSURFJI,2034,0.11251453580000001
GLOBAL,S2D2,LNDAGRFJIC04,WTRSURFJI,2035,0.11275682960000001
GLOBAL,S2D2,LNDAGRFJIC04,WTRSURFJI,2036,3.5133596225000003
GLOBAL,S2D2,LNDAGRFJIC04,WTRSURFJI,2037,0.11297416190000001
GLOBAL,S2D2,LNDAGRFJIC04,WTRSURFJI,2038,0.1130826609
GLOBAL,S2D2,LNDAGRFJIC04,WTRSURFJI,2039,0.11377004460000001
GLOBAL,S2D2,LNDAGRFJIC04,WTRSURFJI,2040,0.1132997699
GLOBAL,S2D2,LNDAGRFJIC04,WTRSURFJI,2041,0.113282906
GLOBAL,S2D2,LNDAGRFJIC04,WTRSURFJI,2042,0.1132662665
GLOBAL,S2D2,LNDAGRFJIC04,WTRSURFJI,2043,0.1132495126
GLOBAL,S2D2,LNDAGRFJIC04,WTRSURFJI,2044,0.1132326508
GLOBAL,S2D2,LNDAGRFJIC04,WTRSURFJI,2045,0.1132157869
GLOBAL,S2D2,LNDAGRFJIC04,WTRSURFJI,2046,0.113101077
GLOBAL,S2D2,LNDAGRFJIC04,WTRSURFJI,2047,0.1129861427
GLOBAL,S2D2,LNDAGRFJIC04,WTRSURFJI,2048,0.1131260374
GLOBAL,S2D2,LNDAGRFJIC04,WTRSURFJI,2049,0.1128836336
GLOBAL,S2D2,LNDAGRFJIC04,WTRSURFJI,2050,0.1126413409
GLOBAL,S2D2,LNDCASHRTOT,LCASHRTOT,2021,0.073357143
GLOBAL,S2D2,LNDCASHRTOT,LCASHRTOT,2022,0.073676939
GLOBAL,S2D2,LNDCASHRTOT,LCASHRTOT,2023,0.073996633
GLOBAL,S2D2,LNDCASHRTOT,LCASHRTOT,2024,0.074316429
GLOBAL,S2D2,LNDCASHRTOT,LCASHRTOT,2025,0.074636224
GLOBAL,S2D2,LNDCASHRTOT,LCASHRTOT,2026,0.074877143
GLOBAL,S2D2,LNDCASHRTOT,LCASHRTOT,2027,0.075118061
GLOBAL,S2D2,LNDCASHRTOT,LCASHRTOT,2028,0.075358878
GLOBAL,S2D2,LNDCASHRTOT,LCASHRTOT,2029,0.075599796
GLOBAL,S2D2,LNDCASHRTOT,LCASHRTOT,2030,0.075840714
GLOBAL,S2D2,LNDCASHRTOT,LCASHRTOT,2031,0.07600551
GLOBAL,S2D2,LNDCASHRTOT,LCASHRTOT,2032,0.076170408
GLOBAL,S2D2,LNDCASHRTOT,LCASHRTOT,2033,0.076335204
GLOBAL,S2D2,LNDCASHRTOT,LCASHRTOT,2034,0.0765
GLOBAL,S2D2,LNDCASHRTOT,LCASHRTOT,2035,0.076664796
GLOBAL,S2D2,LNDCASHRTOT,LCASHRTOT,2036,0.076738571
GLOBAL,S2D2,LNDCASHRTOT,LCASHRTOT,2037,0.076812449
GLOBAL,S2D2,LNDCASHRTOT,LCASHRTOT,2038,0.076886224
GLOBAL,S2D2,LNDCASHRTOT,LCASHRTOT,2039,0.077353673
GLOBAL,S2D2,LNDCASHRTOT,LCASHRTOT,2040,0.077033878
GLOBAL,S2D2,LNDCASHRTOT,LCASHRTOT,2041,0.077022449
GLOBAL,S2D2,LNDCASHRTOT,LCASHRTOT,2042,0.07701102
GLOBAL,S2D2,LNDCASHRTOT,LCASHRTOT,2043,0.076999694
GLOBAL,S2D2,LNDCASHRTOT,LCASHRTOT,2044,0.076988265
GLOBAL,S2D2,LNDCASHRTOT,LCASHRTOT,2045,0.076976837
GLOBAL,S2D2,LNDCASHRTOT,LCASHRTOT,2046,0.076898673
GLOBAL,S2D2,LNDCASHRTOT,LCASHRTOT,2047,0.076820612
GLOBAL,S2D2,LNDCASHRTOT,LCASHRTOT,2048,0.076915816
GLOBAL,S2D2,LNDCASHRTOT,LCASHRTOT,2049,0.07675102
GLOBAL,S2D2,LNDCASHRTOT,LCASHRTOT,2050,0.076586224
GLOBAL,S2D2,LNDCONHRTOT,LCONHRTOT,2021,0.044243878
GLOBAL,S2D2,LNDCONHRTOT,LCONHRTOT,2022,0.044436735
GLOBAL,S2D2,LNDCONHRTOT,LCONHRTOT,2023,0.044629592
GLOBAL,S2D2,LNDCONHRTOT,LCONHRTOT,2024,0.044822449
GLOBAL,S2D2,LNDCONHRTOT,LCONHRTOT,2025,0.045015306
GLOBAL,S2D2,LNDCONHRTOT,LCONHRTOT,2026,0.045160612
GLOBAL,S2D2,LNDCONHRTOT,LCONHRTOT,2027,0.045305918
GLOBAL,S2D2,LNDCONHRTOT,LCONHRTOT,2028,0.045451224
GLOBAL,S2D2,LNDCONHRTOT,LCONHRTOT,2029,0.045596531
GLOBAL,S2D2,LNDCONHRTOT,LCONHRTOT,2030,0.045741837
GLOBAL,S2D2,LNDCONHRTOT,LCONHRTOT,2031,0.045841224
GLOBAL,S2D2,LNDCONHRTOT,LCONHRTOT,2032,0.045940612
GLOBAL,S2D2,LNDCONHRTOT,LCONHRTOT,2033,0.04604
GLOBAL,S2D2,LNDCONHRTOT,LCONHRTOT,2034,0.046139388
GLOBAL,S2D2,LNDCONHRTOT,LCONHRTOT,2035,0.046238776
GLOBAL,S2D2,LNDCONHRTOT,LCONHRTOT,2036,0.046283265
GLOBAL,S2D2,LNDCONHRTOT,LCONHRTOT,2037,0.046327959
GLOBAL,S2D2,LNDCONHRTOT,LCONHRTOT,2038,0.046372449
GLOBAL,S2D2,LNDCONHRTOT,LCONHRTOT,2039,0.046654286
GLOBAL,S2D2,LNDCONHRTOT,LCONHRTOT,2040,0.046461429
GLOBAL,S2D2,LNDCONHRTOT,LCONHRTOT,2041,0.04645449
GLOBAL,S2D2,LNDCONHRTOT,LCONHRTOT,2042,0.046447755
GLOBAL,S2D2,LNDCONHRTOT,LCONHRTOT,2043,0.046440816
GLOBAL,S2D2,LNDCONHRTOT,LCONHRTOT,2044,0.046433878
GLOBAL,S2D2,LNDCONHRTOT,LCONHRTOT,2045,0.046426939
GLOBAL,S2D2,LNDCONHRTOT,LCONHRTOT,2046,0.04638
GLOBAL,S2D2,LNDCONHRTOT,LCONHRTOT,2047,0.046332857
GLOBAL,S2D2,LNDCONHRTOT,LCONHRTOT,2048,0.046390204
GLOBAL,S2D2,LNDCONHRTOT,LCONHRTOT,2049,0.046290816
GLOBAL,S2D2,LNDCONHRTOT,LCONHRTOT,2050,0.046191429
GLOBAL,S2D2,LNDFORTOT,LFORTOT,2021,24.357001
GLOBAL,S2D2,LNDFORTOT,LFORTOT,2036,64.955889
GLOBAL,S2D2,LNDOTHHRTOT,LOTHHRTOT,2021,0.067992391
GLOBAL,S2D2,LNDOTHHRTOT,LOTHHRTOT,2022,0.068288696
GLOBAL,S2D2,LNDOTHHRTOT,LOTHHRTOT,2023,0.068585109
GLOBAL,S2D2,LNDOTHHRTOT,LOTHHRTOT,2024,0.068881522
GLOBAL,S2D2,LNDOTHHRTOT,LOTHHRTOT,2025,0.069177826
GLOBAL,S2D2,LNDOTHHRTOT,LOTHHRTOT,2026,0.069401196
GLOBAL,S2D2,LNDOTHHRTOT,LOTHHRTOT,2027,0.069624457
GLOBAL,S2D2,LNDOTHHRTOT,LOTHHRTOT,2028,0.069847717
GLOBAL,S2D2,LNDOTHHRTOT,LOTHHRTOT,2029,0.070070978
GLOBAL,S2D2,LNDOTHHRTOT,LOTHHRTOT,2030,0.070294348
GLOBAL,S2D2,LNDOTHHRTOT,LOTHHRTOT,2031,0.070447065
GLOBAL,S2D2,LNDOTHHRTOT,LOTHHRTOT,2032,0.070599783
GLOBAL,S2D2,LNDOTHHRTOT,LOTHHRTOT,2033,0.070752609
GLOBAL,S2D2,LNDOTHHRTOT,LOTHHRTOT,2034,0.070905326
GLOBAL,S2D2,LNDOTHHRTOT,LOTHHRTOT,2035,0.071058152
GLOBAL,S2D2,LNDOTHHRTOT,LOTHHRTOT,2036,0.071126522
GLOBAL,S2D2,LNDOTHHRTOT,LOTHHRTOT,2037,0.071194891
GLOBAL,S2D2,LNDOTHHRTOT,LOTHHRTOT,2038,0.07126337
GLOBAL,S2D2,LNDOTHHRTOT,LOTHHRTOT,2039,0.071696522
GLOBAL,S2D2,LNDOTHHRTOT,LOTHHRTOT,2040,0.071400217
GLOBAL,S2D2,LNDOTHHRTOT,LOTHHRTOT,2041,0.071389565
GLOBAL,S2D2,LNDOTHHRTOT,LOTHHRTOT,2042,0.071379022
GLOBAL,S2D2,LNDOTHHRTOT,LOTHHRTOT,2043,0.071368478
GLOBAL,S2D2,LNDOTHHRTOT,LOTHHRTOT,2044,0.071357935
GLOBAL,S2D2,LNDOTHHRTOT,LOTHHRTOT,2045,0.071347283
GLOBAL,S2D2,LNDOTHHRTOT,LOTHHRTOT,2046,0.071274891
GLOBAL,S2D2,LNDOTHHRTOT,LOTHHRTOT,2047,0.0712025
GLOBAL,S2D2,LNDOTHHRTOT,LOTHHRTOT,2048,0.07129087
GLOBAL,S2D2,LNDOTHHRTOT,LOTHHRTOT,2049,0.071138152
GLOBAL,S2D2,LNDOTHHRTOT,LOTHHRTOT,2050,0.070985326
GLOBAL,S2D2,LNDSGCHRTOT,LSGCHRTOT,2021,1.5690909
GLOBAL,S2D2,LNDSGCHRTOT,LSGCHRTOT,2022,1.5759273
GLOBAL,S2D2,LNDSGCHRTOT,LSGCHRTOT,2023,1.5827727
GLOBAL,S2D2,LNDSGCHRTOT,LSGCHRTOT,2024,1.5896091
GLOBAL,S2D2,LNDSGCHRTOT,LSGCHRTOT,2025,1.5964455
GLOBAL,S2D2,LNDSGCHRTOT,LSGCHRTOT,2026,1.6016
GLOBAL,S2D2,LNDSGCHRTOT,LSGCHRTOT,2027,1.6067545
GLOBAL,S2D2,LNDSGCHRTOT,LSGCHRTOT,2028,1.6119091
GLOBAL,S2D2,LNDSGCHRTOT,LSGCHRTOT,2029,1.6170636
GLOBAL,S2D2,LNDSGCHRTOT,LSGCHRTOT,2030,1.6222182
GLOBAL,S2D2,LNDSGCHRTOT,LSGCHRTOT,2031,1.6257364
GLOBAL,S2D2,LNDSGCHRTOT,LSGCHRTOT,2032,1.6292636
GLOBAL,S2D2,LNDSGCHRTOT,LSGCHRTOT,2033,1.6327909
GLOBAL,S2D2,LNDSGCHRTOT,LSGCHRTOT,2034,1.6363182
GLOBAL,S2D2,LNDSGCHRTOT,LSGCHRTOT,2035,1.6398364
GLOBAL,S2D2,LNDSGCHRTOT,LSGCHRTOT,2036,1.6414182
GLOBAL,S2D2,LNDSGCHRTOT,LSGCHRTOT,2037,1.643
GLOBAL,S2D2,LNDSGCHRTOT,LSGCHRTOT,2038,1.6445818
GLOBAL,S2D2,LNDSGCHRTOT,LSGCHRTOT,2039,1.6545727
GLOBAL,S2D2,LNDSGCHRTOT,LSGCHRTOT,2040,1.6477364
GLOBAL,S2D2,LNDSGCHRTOT,LSGCHRTOT,2041,1.6474909
GLOBAL,S2D2,LNDSGCHRTOT,LSGCHRTOT,2042,1.6472455
GLOBAL,S2D2,LNDSGCHRTOT,LSGCHRTOT,2043,1.647
GLOBAL,S2D2,LNDSGCHRTOT,LSGCHRTOT,2044,1.6467636
GLOBAL,S2D2,LNDSGCHRTOT,LSGCHRTOT,2045,1.6465182
GLOBAL,S2D2,LNDSGCHRTOT,LSGCHRTOT,2046,1.6448455
GLOBAL,S2D2,LNDSGCHRTOT,LSGCHRTOT,2047,1.6431727
GLOBAL,S2D2,LNDSGCHRTOT,LSGCHRTOT,2048,1.6452091
GLOBAL,S2D2,LNDSGCHRTOT,LSGCHRTOT,2049,1.6416818
GLOBAL,S2D2,LNDSGCHRTOT,LSGCHRTOT,2050,1.6381636
GLOBAL,S2D2,LNDYAMHRTOT,LYAMHRTOT,2021,0.059223846
GLOBAL,S2D2,LNDYAMHRTOT,LYAMHRTOT,2022,0.059481978
GLOBAL,S2D2,LNDYAMHRTOT,LYAMHRTOT,2023,0.05974022
GLOBAL,S2D2,LNDYAMHRTOT,LYAMHRTOT,2024,0.059998352
GLOBAL,S2D2,LNDYAMHRTOT,LYAMHRTOT,2025,0.060256484
GLOBAL,S2D2,LNDYAMHRTOT,LYAMHRTOT,2026,0.060450989
GLOBAL,S2D2,LNDYAMHRTOT,LYAMHRTOT,2027,0.060645495
GLOBAL,S2D2,LNDYAMHRTOT,LYAMHRTOT,2028,0.06084
GLOBAL,S2D2,LNDYAMHRTOT,LYAMHRTOT,2029,0.061034396
GLOBAL,S2D2,LNDYAMHRTOT,LYAMHRTOT,2030,0.061228901
GLOBAL,S2D2,LNDYAMHRTOT,LYAMHRTOT,2031,0.061361978
GLOBAL,S2D2,LNDYAMHRTOT,LYAMHRTOT,2032,0.061495055
GLOBAL,S2D2,LNDYAMHRTOT,LYAMHRTOT,2033,0.061628132
GLOBAL,S2D2,LNDYAMHRTOT,LYAMHRTOT,2034,0.061761209
GLOBAL,S2D2,LNDYAMHRTOT,LYAMHRTOT,2035,0.061894176
GLOBAL,S2D2,LNDYAMHRTOT,LYAMHRTOT,2036,0.061953846
GLOBAL,S2D2,LNDYAMHRTOT,LYAMHRTOT,2037,0.062013407
GLOBAL,S2D2,LNDYAMHRTOT,LYAMHRTOT,2038,0.062072967
GLOBAL,S2D2,LNDYAMHRTOT,LYAMHRTOT,2039,0.06245033
GLOBAL,S2D2,LNDYAMHRTOT,LYAMHRTOT,2040,0.062192198
GLOBAL,S2D2,LNDYAMHRTOT,LYAMHRTOT,2041,0.062182967
GLOBAL,S2D2,LNDYAMHRTOT,LYAMHRTOT,2042,0.062173736
GLOBAL,S2D2,LNDYAMHRTOT,LYAMHRTOT,2043,0.062164615
GLOBAL,S2D2,LNDYAMHRTOT,LYAMHRTOT,2044,0.062155385
GLOBAL,S2D2,LNDYAMHRTOT,LYAMHRTOT,2045,0.062146154
GLOBAL,S2D2,LNDYAMHRTOT,LYAMHRTOT,2046,0.062083077
GLOBAL,S2D2,LNDYAMHRTOT,LYAMHRTOT,2047,0.06202
GLOBAL,S2D2,LNDYAMHRTOT,LYAMHRTOT,2048,0.062096813
GLOBAL,S2D2,LNDYAMHRTOT,LYAMHRTOT,2049,0.061963736
GLOBAL,S2D2,LNDYAMHRTOT,LYAMHRTOT,2050,0.061830769
GLOBAL,S2D2,MINCOGINT,COGINT,2022,42.415679
GLOBAL,S2D2,MINCOGINT,COGINT,2035,10.834098
GLOBAL,S2D2,MINCOGINT,COGINT,2039,0.96145358
GLOBAL,S2D2,MINLNDTOT,LTOT,2021,26.170909
GLOBAL,S2D2,MINLNDTOT,LTOT,2022,1.8218116
GLOBAL,S2D2,MINLNDTOT,LTOT,2023,1.8297243
GLOBAL,S2D2,MINLNDTOT,LTOT,2024,1.8376278
GLOBAL,S2D2,MINLNDTOT,LTOT,2025,1.8455313
GLOBAL,S2D2,MINLNDTOT,LTOT,2026,1.8514899
GLOBAL,S2D2,MINLNDTOT,LTOT,2027,1.8574485
GLOBAL,S2D2,MINLNDTOT,LTOT,2028,1.8634069
GLOBAL,S2D2,MINLNDTOT,LTOT,2029,1.8693653
GLOBAL,S2D2,MINLNDTOT,LTOT,2030,1.875324
GLOBAL,S2D2,MINLNDTOT,LTOT,2031,1.8793921
GLOBAL,S2D2,MINLNDTOT,LTOT,2032,1.8834695
GLOBAL,S2D2,MINLNDTOT,LTOT,2033,1.8875469
GLOBAL,S2D2,MINLNDTOT,LTOT,2034,1.8916241
GLOBAL,S2D2,MINLNDTOT,LTOT,2035,1.8956923
GLOBAL,S2D2,MINLNDTOT,LTOT,2036,66.853409
GLOBAL,S2D2,MINLNDTOT,LTOT,2037,1.8993487
GLOBAL,S2D2,MINLNDTOT,LTOT,2038,1.9011768
GLOBAL,S2D2,MINLNDTOT,LTOT,2039,1.9127275
GLOBAL,S2D2,MINLNDTOT,LTOT,2040,1.9048241
GLOBAL,S2D2,MINLNDTOT,LTOT,2041,1.9045404
GLOBAL,S2D2,MINLNDTOT,LTOT,2042,1.904257
GLOBAL,S2D2,MINLNDTOT,LTOT,2043,1.9039736
GLOBAL,S2D2,MINLNDTOT,LTOT,2044,1.9036991
GLOBAL,S2D2,MINLNDTOT,LTOT,2045,1.9034154
GLOBAL,S2D2,MINLNDTOT,LTOT,2046,1.9014821
GLOBAL,S2D2,MINLNDTOT,LTOT,2047,1.8995487
GLOBAL,S2D2,MINLNDTOT,LTOT,2048,1.9019028
GLOBAL,S2D2,MINLNDTOT,LTOT,2049,1.8978255
GLOBAL,S2D2,MINLNDTOT,LTOT,2050,1.8937574
GLOBAL,S2D2,MINOILINT,OILINT,2035,0.20291203
GLOBAL,S2D2,MINOILINT,OILINT,2038,2.2735304
GLOBAL,S2D2,MINOILINT,OILINT,2039,1.7372451
GLOBAL,S2D2,MINOILINT,OILINT,2041,0.96730207
GLOBAL,S2D2,MINPETINT,PETINT,2034,4.3136687
GLOBAL,S2D2,MINPETINT,PETINT,2036,1.4051187
GLOBAL,S2D2,MINPETINT,PETINT,2037,1.7173801
GLOBAL,S2D2,MINPETINT,PETINT,2040,2.9242219
GLOBAL,S2D2,MINPETINT,PETINT,2041,2.2566296
GLOBAL,S2D2,MINPETINT,PETINT,2042,3.8915272
GLOBAL,S2D2,MINPETINT,PETINT,2043,4.4523047
GLOBAL,S2D2,MINPETINT,PETINT,2044,5.0397858
GLOBAL,S2D2,MINPETINT,PETINT,2045,4.3146878
GLOBAL,S2D2,MINPETINT,PETINT,2046,5.1316174
GLOBAL,S2D2,MINPETINT,PETINT,2047,4.9820218
GLOBAL,S2D2,MINPETINT,PETINT,2049,4.010278
GLOBAL,S2D2,MINPETINT,PETINT,2050,8.4280493
GLOBAL,S2D2,MINPRCFJI,WTRPRCFJI,2021,69.65792
GLOBAL,S2D2,MINPRCFJI,WTRPRCFJI,2022,3.9109838
GLOBAL,S2D2,MINPRCFJI,WTRPRCFJI,2023,4.8776337
GLOBAL,S2D2,MINPRCFJI,WTRPRCFJI,2024,4.8987027
GLOBAL,S2D2,MINPRCFJI,WTRPRCFJI,2025,4.9197714
GLOBAL,S2D2,MINPRCFJI,WTRPRCFJI,2026,4.9356559
GLOBAL,S2D2,MINPRCFJI,WTRPRCFJI,2027,4.95154
GLOBAL,S2D2,MINPRCFJI,WTRPRCFJI,2028,4.9660628
GLOBAL,S2D2,MINPRCFJI,WTRPRCFJI,2029,4.9774892
GLOBAL,S2D2,MINPRCFJI,WTRPRCFJI,2030,4.988916
GLOBAL,S2D2,MINPRCFJI,WTRPRCFJI,2031,4.9967176
GLOBAL,S2D2,MINPRCFJI,WTRPRCFJI,2032,5.0045367
GLOBAL,S2D2,MINPRCFJI,WTRPRCFJI,2033,5.0317756
GLOBAL,S2D2,MINPRCFJI,WTRPRCFJI,2034,5.0201747
GLOBAL,S2D2,MINPRCFJI,WTRPRCFJI,2035,5.0279762
GLOBAL,S2D2,MINPRCFJI,WTRPRCFJI,2036,169.81952
GLOBAL,S2D2,MINPRCFJI,WTRPRCFJI,2037,5.0349881
GLOBAL,S2D2,MINPRCFJI,WTRPRCFJI,2038,5.0384938
GLOBAL,S2D2,MINPRCFJI,WTRPRCFJI,2039,5.0725991
GLOBAL,S2D2,MINPRCFJI,WTRPRCFJI,2040,5.0454882
GLOBAL,S2D2,MINPRCFJI,WTRPRCFJI,2041,5.0770766
GLOBAL,S2D2,MINPRCFJI,WTRPRCFJI,2042,5.0444007
GLOBAL,S2D2,MINPRCFJI,WTRPRCFJI,2043,5.0438573
GLOBAL,S2D2,MINPRCFJI,WTRPRCFJI,2044,5.0433308
GLOBAL,S2D2,MINPRCFJI,WTRPRCFJI,2045,5.0427867
GLOBAL,S2D2,MINPRCFJI,WTRPRCFJI,2046,5.0689238
GLOBAL,S2D2,MINPRCFJI,WTRPRCFJI,2047,5.0637698
GLOBAL,S2D2,MINPRCFJI,WTRPRCFJI,2048,5.0430937
GLOBAL,S2D2,MINPRCFJI,WTRPRCFJI,2049,5.0591762
GLOBAL,S2D2,MINPRCFJI,WTRPRCFJI,2050,5.0483316
GLOBAL,S2D2,PWRBIOFJIXX01,ELCFJIXX01,2022,2.1980592
GLOBAL,S2D2,PWRBIOFJIXX01,ELCFJIXX01,2023,1.1394396
GLOBAL,S2D2,PWRBIOFJIXX01,ELCFJIXX01,2024,1.060106
GLOBAL,S2D2,PWRBIOFJIXX01,ELCFJIXX01,2025,0.9906891
GLOBAL,S2D2,PWRBIOFJIXX01,ELCFJIXX01,2026,0.84193861
GLOBAL,S2D2,PWRBIOFJIXX01,ELCFJIXX01,2027,0.69318811
GLOBAL,S2D2,PWRBIOFJIXX01,ELCFJIXX01,2028,0.55919368
GLOBAL,S2D2,PWRBIOFJIXX01,ELCFJIXX01,2030,0.95165265
GLOBAL,S2D2,PWRBIOFJIXX01,ELCFJIXX01,2031,1.0912798
GLOBAL,S2D2,PWRBIOFJIXX01,ELCFJIXX01,2032,0.0052539151
GLOBAL,S2D2,PWRBIOFJIXX01,ELCFJIXX01,2033,0.0052539151
GLOBAL,S2D2,PWRBIOFJIXX01,ELCFJIXX01,2034,0.0061641146
GLOBAL,S2D2,PWRBIOFJIXX01,ELCFJIXX01,2035,0.18140807
GLOBAL,S2D2,PWRBIOFJIXX01,ELCFJIXX01,2037,0.017454511
GLOBAL,S2D2,PWRBIOFJIXX01,ELCFJIXX01,2039,0.44239044
GLOBAL,S2D2,PWRBIOFJIXX01,ELCFJIXX01,2040,0.029666874
GLOBAL,S2D2,PWRBIOFJIXX01,ELCFJIXX01,2041,0.037976903
GLOBAL,S2D2,PWRBIOFJIXX01,ELCFJIXX01,2045,0.42022076
GLOBAL,S2D2,PWRBIOFJIXX01,ELCFJIXX01,2046,0.3714177
GLOBAL,S2D2,PWRBIOFJIXX01,ELCFJIXX01,2047,0.47165061
GLOBAL,S2D2,PWRBIOFJIXX01,ELCFJIXX01,2048,2.3179297
GLOBAL,S2D2,PWRBIOFJIXX01,ELCFJIXX01,2049,1.2255487
GLOBAL,S2D2,PWRHYDFJIXX01,ELCFJIXX01,2021,2.9234431
GLOBAL,S2D2,PWRHYDFJIXX01,ELCFJIXX01,2022,0.79519744
GLOBAL,S2D2,PWRHYDFJIXX01,ELCFJIXX01,2023,1.9149039
GLOBAL,S2D2,PWRHYDFJIXX01,ELCFJIXX01,2024,2.0640511
GLOBAL,S2D2,PWRHYDFJIXX01,ELCFJIXX01,2025,2.1945548
GLOBAL,S2D2,PWRHYDFJIXX01,ELCFJIXX01,2026,2.4742058
GLOBAL,S2D2,PWRHYDFJIXX01,ELCFJIXX01,2027,2.7538567
GLOBAL,S2D2,PWRHYDFJIXX01,ELCFJIXX01,2028,3.0187516
GLOBAL,S2D2,PWRHYDFJIXX01,ELCFJIXX01,2029,3.7088457
GLOBAL,S2D2,PWRHYDFJIXX01,ELCFJIXX01,2030,2.8880935
GLOBAL,S2D2,PWRHYDFJIXX01,ELCFJIXX01,2031,2.8880935
GLOBAL,S2D2,PWRHYDFJIXX01,ELCFJIXX01,2032,4.0107184
GLOBAL,S2D2,PWRHYDFJIXX01,ELCFJIXX01,2033,4.1590722
GLOBAL,S2D2,PWRHYDFJIXX01,ELCFJIXX01,2034,2.8880935
GLOBAL,S2D2,PWRHYDFJIXX01,ELCFJIXX01,2035,4.196505
GLOBAL,S2D2,PWRHYDFJIXX01,ELCFJIXX01,2036,4.1501985
GLOBAL,S2D2,PWRHYDFJIXX01,ELCFJIXX01,2037,4.196505
GLOBAL,S2D2,PWRHYDFJIXX01,ELCFJIXX01,2038,4.196505
GLOBAL,S2D2,PWRHYDFJIXX01,ELCFJIXX01,2039,4.196505
GLOBAL,S2D2,PWRHYDFJIXX01,ELCFJIXX01,2040,4.1077031
GLOBAL,S2D2,PWRHYDFJIXX01,ELCFJIXX01,2041,4.196505
GLOBAL,S2D2,PWRHYDFJIXX01,ELCFJIXX01,2042,4.196505
GLOBAL,S2D2,PWRHYDFJIXX01,ELCFJIXX01,2043,4.196505
GLOBAL,S2D2,PWRHYDFJIXX01,ELCFJIXX01,2044,4.196505
GLOBAL,S2D2,PWRHYDFJIXX01,ELCFJIXX01,2045,4.196505
GLOBAL,S2D2,PWRHYDFJIXX01,ELCFJIXX01,2046,4.196505
GLOBAL,S2D2,PWRHYDFJIXX01,ELCFJIXX01,2047,4.196505
GLOBAL,S2D2,PWRHYDFJIXX01,ELCFJIXX01,2048,4.196505
GLOBAL,S2D2,PWRHYDFJIXX01,ELCFJIXX01,2049,4.196505
GLOBAL,S2D2,PWRHYDFJIXX01,ELCFJIXX01,2050,4.196505
GLOBAL,S2D2,PWROILFJIXX01,ELCFJIXX01,2035,0.065667324
GLOBAL,S2D2,PWROILFJIXX01,ELCFJIXX01,2038,0.73577036
GLOBAL,S2D2,PWROILFJIXX01,ELCFJIXX01,2039,0.56221525
GLOBAL,S2D2,PWROILFJIXX01,ELCFJIXX01,2041,0.31304274
GLOBAL,S2D2,PWRPETFJIXX01,ELCFJIXX01,2034,1.4096956
GLOBAL,S2D2,PWRPETFJIXX01,ELCFJIXX01,2036,0.45918913
GLOBAL,S2D2,PWRPETFJIXX01,ELCFJIXX01,2037,0.56123532
GLOBAL,S2D2,PWRPETFJIXX01,ELCFJIXX01,2040,0.95562806
GLOBAL,S2D2,PWRPETFJIXX01,ELCFJIXX01,2041,0.73746067
GLOBAL,S2D2,PWRPETFJIXX01,ELCFJIXX01,2042,1.2717409
GLOBAL,S2D2,PWRPETFJIXX01,ELCFJIXX01,2043,1.4550015
GLOBAL,S2D2,PWRPETFJIXX01,ELCFJIXX01,2044,1.6469888
GLOBAL,S2D2,PWRPETFJIXX01,ELCFJIXX01,2045,1.4100287
GLOBAL,S2D2,PWRPETFJIXX01,ELCFJIXX01,2046,1.6769991
GLOBAL,S2D2,PWRPETFJIXX01,ELCFJIXX01,2047,1.6281117
GLOBAL,S2D2,PWRPETFJIXX01,ELCFJIXX01,2049,1.3105484
GLOBAL,S2D2,PWRPETFJIXX01,ELCFJIXX01,2050,2.7542645
GLOBAL,S2D2,PWRSPVFJIXX01,ELCFJIXX01,2040,0.26519321
GLOBAL,S2D2,PWRSPVFJIXX01,ELCFJIXX01,2041,0.26519321
GLOBAL,S2D2,PWRSPVFJIXX01,ELCFJIXX01,2042,0.26519321
GLOBAL,S2D2,PWRSPVFJIXX01,ELCFJIXX01,2043,0.26519321
GLOBAL,S2D2,PWRSPVFJIXX01,ELCFJIXX01,2044,0.26519321
GLOBAL,S2D2,PWRSPVFJIXX01,ELCFJIXX01,2045,0.26519321
GLOBAL,S2D2,PWRSPVFJIXX01,ELCFJIXX01,2046,0.26519321
GLOBAL,S2D2,PWRSPVFJIXX01,ELCFJIXX01,2047,0.44074184
GLOBAL,S2D2,PWRSPVFJIXX01,ELCFJIXX01,2048,0.44074184
GLOBAL,S2D2,PWRSPVFJIXX01,ELCFJIXX01,2049,0.44074184
GLOBAL,S2D2,PWRSPVFJIXX01,ELCFJIXX01,2050,0.44074184
GLOBAL,S2D2,PWRTRNFJIXX,ELCFJIXX02,2021,2.9234431
GLOBAL,S2D2,PWRTRNFJIXX,ELCFJIXX02,2022,2.9932566
GLOBAL,S2D2,PWRTRNFJIXX,ELCFJIXX02,2023,3.0543435
GLOBAL,S2D2,PWRTRNFJIXX,ELCFJIXX02,2024,3.1241571
GLOBAL,S2D2,PWRTRNFJIXX,ELCFJIXX02,2025,3.185244
GLOBAL,S2D2,PWRTRNFJIXX,ELCFJIXX02,2026,3.3161444
GLOBAL,S2D2,PWRTRNFJIXX,ELCFJIXX02,2027,3.4470448
GLOBAL,S2D2,PWRTRNFJIXX,ELCFJIXX02,2028,3.5779453
GLOBAL,S2D2,PWRTRNFJIXX,ELCFJIXX02,2029,3.7088457
GLOBAL,S2D2,PWRTRNFJIXX,ELCFJIXX02,2030,3.8397461
GLOBAL,S2D2,PWRTRNFJIXX,ELCFJIXX02,2031,3.9793733
GLOBAL,S2D2,PWRTRNFJIXX,ELCFJIXX02,2032,4.1190004
GLOBAL,S2D2,PWRTRNFJIXX,ELCFJIXX02,2033,4.2673542
GLOBAL,S2D2,PWRTRNFJIXX,ELCFJIXX02,2034,4.4069814
GLOBAL,S2D2,PWRTRNFJIXX,ELCFJIXX02,2035,4.5466085
GLOBAL,S2D2,PWRTRNFJIXX,ELCFJIXX02,2036,4.7124157
GLOBAL,S2D2,PWRTRNFJIXX,ELCFJIXX02,2037,4.8782229
GLOBAL,S2D2,PWRTRNFJIXX,ELCFJIXX02,2038,5.0353035
GLOBAL,S2D2,PWRTRNFJIXX,ELCFJIXX02,2039,5.2011107
GLOBAL,S2D2,PWRTRNFJIXX,ELCFJIXX02,2040,5.3581912
GLOBAL,S2D2,PWRTRNFJIXX,ELCFJIXX02,2041,5.5501785
GLOBAL,S2D2,PWRTRNFJIXX,ELCFJIXX02,2042,5.7334391
GLOBAL,S2D2,PWRTRNFJIXX,ELCFJIXX02,2043,5.9166997
GLOBAL,S2D2,PWRTRNFJIXX,ELCFJIXX02,2044,6.108687
GLOBAL,S2D2,PWRTRNFJIXX,ELCFJIXX02,2045,6.2919476
GLOBAL,S2D2,PWRTRNFJIXX,ELCFJIXX02,2046,6.510115
GLOBAL,S2D2,PWRTRNFJIXX,ELCFJIXX02,2047,6.7370091
GLOBAL,S2D2,PWRTRNFJIXX,ELCFJIXX02,2048,6.9551765
GLOBAL,S2D2,PWRTRNFJIXX,ELCFJIXX02,2049,7.1733439
GLOBAL,S2D2,PWRTRNFJIXX,ELCFJIXX02,2050,7.3915113
GLOBAL,S2D2,PWRWONFJIXX01,ELCFJIXX01,2032,0.10302811
GLOBAL,S2D2,PWRWONFJIXX01,ELCFJIXX01,2033,0.10302811
GLOBAL,S2D2,PWRWONFJIXX01,ELCFJIXX01,2034,0.10302811
GLOBAL,S2D2,PWRWONFJIXX01,ELCFJIXX01,2035,0.10302811
GLOBAL,S2D2,PWRWONFJIXX01,ELCFJIXX01,2036,0.10302811
GLOBAL,S2D2,PWRWONFJIXX01,ELCFJIXX01,2037,0.10302811
GLOBAL,S2D2,PWRWONFJIXX01,ELCFJIXX01,2038,0.10302811
GLOBAL,S2D2,RNWBIOFJIXX,BIOFJIXX,2022,8.3965861
GLOBAL,S2D2,RNWBIOFJIXX,BIOFJIXX,2023,4.3526593
GLOBAL,S2D2,RNWBIOFJIXX,BIOFJIXX,2024,4.0496049
GLOBAL,S2D2,RNWBIOFJIXX,BIOFJIXX,2025,3.7844324
GLOBAL,S2D2,RNWBIOFJIXX,BIOFJIXX,2026,3.2162055
GLOBAL,S2D2,RNWBIOFJIXX,BIOFJIXX,2027,2.6479786
GLOBAL,S2D2,RNWBIOFJIXX,BIOFJIXX,2028,2.1361199
GLOBAL,S2D2,RNWBIOFJIXX,BIOFJIXX,2030,3.6353131
GLOBAL,S2D2,RNWBIOFJIXX,BIOFJIXX,2031,4.1686888
GLOBAL,S2D2,RNWBIOFJIXX,BIOFJIXX,2032,0.020069956
GLOBAL,S2D2,RNWBIOFJIXX,BIOFJIXX,2033,0.020069956
GLOBAL,S2D2,RNWBIOFJIXX,BIOFJIXX,2034,0.023546918
GLOBAL,S2D2,RNWBIOFJIXX,BIOFJIXX,2035,0.69297883
GLOBAL,S2D2,RNWBIOFJIXX,BIOFJIXX,2037,0.066676233
GLOBAL,S2D2,RNWBIOFJIXX,BIOFJIXX,2039,1.6899315
GLOBAL,S2D2,RNWBIOFJIXX,BIOFJIXX,2040,0.11332746
GLOBAL,S2D2,RNWBIOFJIXX,BIOFJIXX,2041,0.14507177
GLOBAL,S2D2,RNWBIOFJIXX,BIOFJIXX,2045,1.6052433
GLOBAL,S2D2,RNWBIOFJIXX,BIOFJIXX,2046,1.4188156
GLOBAL,S2D2,RNWBIOFJIXX,BIOFJIXX,2047,1.8017053
GLOBAL,S2D2,RNWBIOFJIXX,BIOFJIXX,2048,8.8544914
GLOBAL,S2D2,RNWBIOFJIXX,BIOFJIXX,2049,4.6815961
GLOBAL,S2D2,RNWHYDFJIXX,HYDFJIXX,2021,2.9234431
GLOBAL,S2D2,RNWHYDFJIXX,HYDFJIXX,2022,0.79519744
GLOBAL,S2D2,RNWHYDFJIXX,HYDFJIXX,2023,1.9149039
GLOBAL,S2D2,RNWHYDFJIXX,HYDFJIXX,2024,2.0640511
GLOBAL,S2D2,RNWHYDFJIXX,HYDFJIXX,2025,2.1945548
GLOBAL,S2D2,RNWHYDFJIXX,HYDFJIXX,2026,2.4742058
GLOBAL,S2D2,RNWHYDFJIXX,HYDFJIXX,2027,2.7538567
GLOBAL,S2D2,RNWHYDFJIXX,HYDFJIXX,2028,3.0187516
GLOBAL,S2D2,RNWHYDFJIXX,HYDFJIXX,2029,3.7088457
GLOBAL,S2D2,RNWHYDFJIXX,HYDFJIXX,2030,2.8880935
GLOBAL,S2D2,RNWHYDFJIXX,HYDFJIXX,2031,2.8880935
GLOBAL,S2D2,RNWHYDFJIXX,HYDFJIXX,2032,4.0107184
GLOBAL,S2D2,RNWHYDFJIXX,HYDFJIXX,2033,4.1590722
GLOBAL,S2D2,RNWHYDFJIXX,HYDFJIXX,2034,2.8880935
GLOBAL,S2D2,RNWHYDFJIXX,HYDFJIXX,2035,4.196505
GLOBAL,S2D2,RNWHYDFJIXX,HYDFJIXX,2036,4.1501985
GLOBAL,S2D2,RNWHYDFJIXX,HYDFJIXX,2037,4.196505
GLOBAL,S2D2,RNWHYDFJIXX,HYDFJIXX,2038,4.196505
GLOBAL,S2D2,RNWHYDFJIXX,HYDFJIXX,2039,4.196505
GLOBAL,S2D2,RNWHYDFJIXX,HYDFJIXX,2040,4.1077031
GLOBAL,S2D2,RNWHYDFJIXX,HYDFJIXX,2041,4.196505
GLOBAL,S2D2,RNWHYDFJIXX,HYDFJIXX,2042,4.196505
GLOBAL,S2D2,RNWHYDFJIXX,HYDFJIXX,2043,4.196505
GLOBAL,S2D2,RNWHYDFJIXX,HYDFJIXX,2044,4.196505
GLOBAL,S2D2,RNWHYDFJIXX,HYDFJIXX,2045,4.196505
GLOBAL,S2D2,RNWHYDFJIXX,HYDFJIXX,2046,4.196505
GLOBAL,S2D2,RNWHYDFJIXX,HYDFJIXX,2047,4.196505
GLOBAL,S2D2,RNWHYDFJIXX,HYDFJIXX,2048,4.196505
GLOBAL,S2D2,RNWHYDFJIXX,HYDFJIXX,2049,4.196505
GLOBAL,S2D2,RNWHYDFJIXX,HYDFJIXX,2050,4.196505
GLOBAL,S2D2,RNWSPVFJIXX,SPVFJIXX,2040,0.26519321
GLOBAL,S2D2,RNWSPVFJIXX,SPVFJIXX,2041,0.26519321
GLOBAL,S2D2,RNWSPVFJIXX,SPVFJIXX,2042,0.26519321
GLOBAL,S2D2,RNWSPVFJIXX,SPVFJIXX,2043,0.26519321
GLOBAL,S2D2,RNWSPVFJIXX,SPVFJIXX,2044,0.26519321
GLOBAL,S2D2,RNWSPVFJIXX,SPVFJIXX,2045,0.26519321
GLOBAL,S2D2,RNWSPVFJIXX,SPVFJIXX,2046,0.26519321
GLOBAL,S2D2,RNWSPVFJIXX,SPVFJIXX,2047,0.44074184
GLOBAL,S2D2,RNWSPVFJIXX,SPVFJIXX,2048,0.44074184
GLOBAL,S2D2,RNWSPVFJIXX,SPVFJIXX,2049,0.44074184
GLOBAL,S2D2,RNWSPVFJIXX,SPVFJIXX,2050,0.44074184
GLOBAL,S2D2,RNWWONFJIXX,WONFJIXX,2032,0.10302811
GLOBAL,S2D2,RNWWONFJIXX,WONFJIXX,2033,0.10302811
GLOBAL,S2D2,RNWWONFJIXX,WONFJIXX,2034,0.10302811
GLOBAL,S2D2,RNWWONFJIXX,WONFJIXX,2035,0.10302811
GLOBAL,S2D2,RNWWONFJIXX,WONFJIXX,2036,0.10302811
GLOBAL,S2D2,RNWWONFJIXX,WONFJIXX,2037,0.10302811
GLOBAL,S2D2,RNWWONFJIXX,WONFJIXX,2038,0.10302811
