REGION,TIMESLICE,TECHNOLOGY,FUEL,YEAR,VALUE
GLOBAL,S1D1,DEMCOMELCFJIXX02,ELCFJIXX02,2039,0.085615114
GLOBAL,S1D1,LNDAGRFJIC01,LCASHRTOT,2021,0.073357143
GLOBAL,S1D1,LNDAGRFJIC01,LCASHRTOT,2022,0.073676939
GLOBAL,S1D1,LNDAGRFJIC01,LCASHRTOT,2023,0.073996633
GLOBAL,S1D1,LNDAGRFJIC01,LCASHRTOT,2024,0.074316429
GLOBAL,S1D1,LNDAGRFJIC01,LCASHRTOT,2025,0.074636224
GLOBAL,S1D1,LNDAGRFJIC01,LCASHRTOT,2026,0.074877143
GLOBAL,S1D1,LNDAGRFJIC01,LCASHRTOT,2027,0.075118061
GLOBAL,S1D1,LNDAGRFJIC01,LCASHRTOT,2028,0.075358878
GLOBAL,S1D1,LNDAGRFJIC01,LCASHRTOT,2029,0.075599796
GLOBAL,S1D1,LNDAGRFJIC01,LCASHRTOT,2030,0.075840714
GLOBAL,S1D1,LNDAGRFJIC01,LCASHRTOT,2031,0.07600551
GLOBAL,S1D1,LNDAGRFJIC01,LCASHRTOT,2032,0.076170408
GLOBAL,S1D1,LNDAGRFJIC01,LCASHRTOT,2033,0.076335204
GLOBAL,S1D1,LNDAGRFJIC01,LCASHRTOT,2034,0.0765
GLOBAL,S1D1,LNDAGRFJIC01,LCASHRTOT,2035,0.076664796
GLOBAL,S1D1,LNDAGRFJIC01,LCASHRTOT,2036,0.076738571
GLOBAL,S1D1,LNDAGRFJIC01,LCASHRTOT,2037,0.076812449
GLOBAL,S1D1,LNDAGRFJIC01,LCASHRTOT,2038,0.076886224
GLOBAL,S1D1,LNDAGRFJIC01,LCASHRTOT,2039,0.077353673
GLOBAL,S1D1,LNDAGRFJIC01,LCASHRTOT,2040,0.077033878
GLOBAL,S1D1,LNDAGRFJIC01,LCASHRTOT,2041,0.077022449
GLOBAL,S1D1,LNDAGRFJIC01,LCASHRTOT,2042,0.07701102
GLOBAL,S1D1,LNDAGRFJIC01,LCASHRTOT,2043,0.076999694
GLOBAL,S1D1,LNDAGRFJIC01,LCASHRTOT,2044,0.076988265
GLOBAL,S1D1,LNDAGRFJIC01,LCASHRTOT,2045,0.076976837
GLOBAL,S1D1,LNDAGRFJIC01,LCASHRTOT,2046,0.076898673
GLOBAL,S1D1,LNDAGRFJIC01,LCASHRTOT,2047,0.076820612
GLOBAL,S1D1,LNDAGRFJIC01,LCASHRTOT,2048,0.076915816
GLOBAL,S1D1,LNDAGRFJIC01,LCASHRTOT,2049,0.07675102
GLOBAL,S1D1,LNDAGRFJIC01,LCASHRTOT,2050,0.076586224
GLOBAL,S1D1,LNDAGRFJIC01,LOTHHRTOT,2021,0.067992391
GLOBAL,S1D1,LNDAGRFJIC01,LOTHHRTOT,2022,0.068288696
GLOBAL,S1D1,LNDAGRFJIC01,LOTHHRTOT,2023,0.068585109
GLOBAL,S1D1,LNDAGRFJIC01,LOTHHRTOT,2024,0.068881522
GLOBAL,S1D1,LNDAGRFJIC01,LOTHHRTOT,2025,0.069177826
GLOBAL,S1D1,LNDAGRFJIC01,LOTHHRTOT,2026,0.069401196
GLOBAL,S1D1,LNDAGRFJIC01,LOTHHRTOT,2027,0.069624457
GLOBAL,S1D1,LNDAGRFJIC01,LOTHHRTOT,2028,0.069847717
GLOBAL,S1D1,LNDAGRFJIC01,LOTHHRTOT,2029,0.070070978
GLOBAL,S1D1,LNDAGRFJIC01,LOTHHRTOT,2030,0.070294348
GLOBAL,S1D1,LNDAGRFJIC01,LOTHHRTOT,2031,0.070447065
GLOBAL,S1D1,LNDAGRFJIC01,LOTHHRTOT,2032,0.070599783
GLOBAL,S1D1,LNDAGRFJIC01,LOTHHRTOT,2033,0.070752609
GLOBAL,S1D1,LNDAGRFJIC01,LOTHHRTOT,2034,0.070905326
GLOBAL,S1D1,LNDAGRFJIC01,LOTHHRTOT,2035,0.071058152
GLOBAL,S1D1,LNDAGRFJIC01,LOTHHRTOT,2036,0.071126522
GLOBAL,S1D1,LNDAGRFJIC01,LOTHHRTOT,2037,0.071194891
GLOBAL,S1D1,LNDAGRFJIC01,LOTHHRTOT,2038,0.07126337
GLOBAL,S1D1,LNDAGRFJIC01,LOTHHRTOT,2039,0.071696522
GLOBAL,S1D1,LNDAGRFJIC01,LOTHHRTOT,2040,0.071400217
GLOBAL,S1D1,LNDAGRFJIC01,LOTHHRTOT,2041,0.071389565
GLOBAL,S1D1,LNDAGRFJIC01,LOTHHRTOT,2042,0.071379022
GLOBAL,S1D1,LNDAGRFJIC01,LOTHHRTOT,2043,0.071368478
GLOBAL,S1D1,LNDAGRFJIC01,LOTHHRTOT,2044,0.071357935
GLOBAL,S1D1,LNDAGRFJIC01,LOTHHRTOT,2045,0.071347283
GLOBAL,S1D1,LNDAGRFJIC01,LOTHHRTOT,2046,0.071274891
GLOBAL,S1D1,LNDAGRFJIC01,LOTHHRTOT,2047,0.0712025
GLOBAL,S1D1,LNDAGRFJIC01,LOTHHRTOT,2048,0.07129087
GLOBAL,S1D1,LNDAGRFJIC01,LOTHHRTOT,2049,0.071138152
GLOBAL,S1D1,LNDAGRFJIC01,LOTHHRTOT,2050,0.070985326
GLOBAL,S1D1,LNDAGRFJIC01,LSGCHRTOT,2021,1.5690909
GLOBAL,S1D1,LNDAGRFJIC01,LSGCHRTOT,2022,1.5759273
GLOBAL,S1D1,LNDAGRFJIC01,LSGCHRTOT,2023,1.5827727
GLOBAL,S1D1,LNDAGRFJIC01,LSGCHRTOT,2024,1.5896091
GLOBAL,S1D1,LNDAGRFJIC01,LSGCHRTOT,2025,1.5964455
GLOBAL,S1D1,LNDAGRFJIC01,LSGCHRTOT,2026,1.6016
GLOBAL,S1D1,LNDAGRFJIC01,LSGCHRTOT,2027,1.6067545
GLOBAL,S1D1,LNDAGRFJIC01,LSGCHRTOT,2028,1.6119091
GLOBAL,S1D1,LNDAGRFJIC01,LSGCHRTOT,2029,1.6170636
GLOBAL,S1D1,LNDAGRFJIC01,LSGCHRTOT,2030,1.6222182
GLOBAL,S1D1,LNDAGRFJIC01,LSGCHRTOT,2031,1.6257364
GLOBAL,S1D1,LNDAGRFJIC01,LSGCHRTOT,2032,1.6292636
GLOBAL,S1D1,LNDAGRFJIC01,LSGCHRTOT,2033,1.6327909
GLOBAL,S1D1,LNDAGRFJIC01,LSGCHRTOT,2034,1.6363182
GLOBAL,S1D1,LNDAGRFJIC01,LSGCHRTOT,2035,1.6398364
GLOBAL,S1D1,LNDAGRFJIC01,LSGCHRTOT,2036,1.6414182
GLOBAL,S1D1,LNDAGRFJIC01,LSGCHRTOT,2037,1.643
GLOBAL,S1D1,LNDAGRFJIC01,LSGCHRTOT,2038,1.6445818
GLOBAL,S1D1,LNDAGRFJIC01,LSGCHRTOT,2039,1.6206148
GLOBAL,S1D1,LNDAGRFJIC01,LSGCHRTOT,2040,1.6477364
GLOBAL,S1D1,LNDAGRFJIC01,LSGCHRTOT,2042,1.6472455
GLOBAL,S1D1,LNDAGRFJIC01,LSGCHRTOT,2043,1.647
GLOBAL,S1D1,LNDAGRFJIC01,LSGCHRTOT,2044,1.6467636
GLOBAL,S1D1,LNDAGRFJIC01,LSGCHRTOT,2045,1.6465182
GLOBAL,S1D1,LNDAGRFJIC01,LSGCHRTOT,2046,1.6448455
GLOBAL,S1D1,LNDAGRFJIC01,LSGCHRTOT,2047,1.6431727
GLOBAL,S1D1,LNDAGRFJIC01,LSGCHRTOT,2048,1.630247
GLOBAL,S1D1,LNDAGRFJIC01,LSGCHRTOT,2049,1.6342008
GLOBAL,S1D1,LNDAGRFJIC01,LSGCHRTOT,2050,1.6381636
GLOBAL,S1D1,LNDAGRFJIC01,WTRPRCFJI,2021,4.618189171800001
GLOBAL,S1D1,LNDAGRFJIC01,WTRPRCFJI,2022,4.638310924500001
GLOBAL,S1D1,LNDAGRFJIC01,WTRPRCFJI,2023,4.6584569934
GLOBAL,S1D1,LNDAGRFJIC01,WTRPRCFJI,2024,4.678579037700001
GLOBAL,S1D1,LNDAGRFJIC01,WTRPRCFJI,2025,4.698700785
GLOBAL,S1D1,LNDAGRFJIC01,WTRPRCFJI,2026,4.7138715153
GLOBAL,S1D1,LNDAGRFJIC01,WTRPRCFJI,2027,4.7290419486
GLOBAL,S1D1,LNDAGRFJIC01,WTRPRCFJI,2028,4.744212376500001
GLOBAL,S1D1,LNDAGRFJIC01,WTRPRCFJI,2029,4.759382809800001
GLOBAL,S1D1,LNDAGRFJIC01,WTRPRCFJI,2030,4.7745538074
GLOBAL,S1D1,LNDAGRFJIC01,WTRPRCFJI,2031,4.784910232500001
GLOBAL,S1D1,LNDAGRFJIC01,WTRPRCFJI,2032,4.7952912357000015
GLOBAL,S1D1,LNDAGRFJIC01,WTRPRCFJI,2033,4.8056725251
GLOBAL,S1D1,LNDAGRFJIC01,WTRPRCFJI,2034,4.8160535202000005
GLOBAL,S1D1,LNDAGRFJIC01,WTRPRCFJI,2035,4.8264102396
GLOBAL,S1D1,LNDAGRFJIC01,WTRPRCFJI,2036,4.8310648911000005
GLOBAL,S1D1,LNDAGRFJIC01,WTRPRCFJI,2037,4.835719818
GLOBAL,S1D1,LNDAGRFJIC01,WTRPRCFJI,2038,4.840374763800001
GLOBAL,S1D1,LNDAGRFJIC01,WTRPRCFJI,2039,4.7780954865
GLOBAL,S1D1,LNDAGRFJIC01,WTRPRCFJI,2040,4.8496603364999995
GLOBAL,S1D1,LNDAGRFJIC01,WTRPRCFJI,2041,0.4007124378000001
GLOBAL,S1D1,LNDAGRFJIC01,WTRPRCFJI,2042,4.8482159634
GLOBAL,S1D1,LNDAGRFJIC01,WTRPRCFJI,2043,4.8474940644
GLOBAL,S1D1,LNDAGRFJIC01,WTRPRCFJI,2044,4.84679646
GLOBAL,S1D1,LNDAGRFJIC01,WTRPRCFJI,2045,4.846074264000001
GLOBAL,S1D1,LNDAGRFJIC01,WTRPRCFJI,2046,4.8411514728
GLOBAL,S1D1,LNDAGRFJIC01,WTRPRCFJI,2047,4.8362286924
GLOBAL,S1D1,LNDAGRFJIC01,WTRPRCFJI,2048,4.8018249522000005
GLOBAL,S1D1,LNDAGRFJIC01,WTRPRCFJI,2049,4.811642924399999
GLOBAL,S1D1,LNDAGRFJIC01,WTRPRCFJI,2050,4.821484905
GLOBAL,S1D1,LNDAGRFJIC02,LFORTOT,2021,35.135942
GLOBAL,S1D1,LNDAGRFJIC02,LFORTOT,2034,35.021688
GLOBAL,S1D1,LNDAGRFJIC02,LFORTOT,2040,34.971479
GLOBAL,S1D1,LNDAGRFJIC02,WTRPRCFJI,2021,87.839855
GLOBAL,S1D1,LNDAGRFJIC02,WTRPRCFJI,2034,87.55421999999999
GLOBAL,S1D1,LNDAGRFJIC02,WTRPRCFJI,2040,87.4286975
GLOBAL,S1D1,LNDAGRFJIC03,LFORTOT,2034,24.769665
GLOBAL,S1D1,LNDAGRFJIC03,LFORTOT,2040,24.769665
GLOBAL,S1D1,LNDAGRFJIC03,WTRPRCFJI,2034,66.8780955
GLOBAL,S1D1,LNDAGRFJIC03,WTRPRCFJI,2040,66.8780955
GLOBAL,S1D1,LNDAGRFJIC04,LCONHRTOT,2021,0.044243878
GLOBAL,S1D1,LNDAGRFJIC04,LCONHRTOT,2022,0.044436735
GLOBAL,S1D1,LNDAGRFJIC04,LCONHRTOT,2023,0.044629592
GLOBAL,S1D1,LNDAGRFJIC04,LCONHRTOT,2024,0.044822449
GLOBAL,S1D1,LNDAGRFJIC04,LCONHRTOT,2025,0.045015306
GLOBAL,S1D1,LNDAGRFJIC04,LCONHRTOT,2026,0.045160612
GLOBAL,S1D1,LNDAGRFJIC04,LCONHRTOT,2027,0.045305918
GLOBAL,S1D1,LNDAGRFJIC04,LCONHRTOT,2028,0.045451224
GLOBAL,S1D1,LNDAGRFJIC04,LCONHRTOT,2029,0.045596531
GLOBAL,S1D1,LNDAGRFJIC04,LCONHRTOT,2030,0.045741837
GLOBAL,S1D1,LNDAGRFJIC04,LCONHRTOT,2031,0.045841224
GLOBAL,S1D1,LNDAGRFJIC04,LCONHRTOT,2032,0.045940612
GLOBAL,S1D1,LNDAGRFJIC04,LCONHRTOT,2033,0.04604
GLOBAL,S1D1,LNDAGRFJIC04,LCONHRTOT,2034,0.046139388
GLOBAL,S1D1,LNDAGRFJIC04,LCONHRTOT,2035,0.046238776
GLOBAL,S1D1,LNDAGRFJIC04,LCONHRTOT,2036,0.046283265
GLOBAL,S1D1,LNDAGRFJIC04,LCONHRTOT,2037,0.046327959
GLOBAL,S1D1,LNDAGRFJIC04,LCONHRTOT,2038,0.046372449
GLOBAL,S1D1,LNDAGRFJIC04,LCONHRTOT,2039,0.046654286
GLOBAL,S1D1,LNDAGRFJIC04,LCONHRTOT,2040,0.046461429
GLOBAL,S1D1,LNDAGRFJIC04,LCONHRTOT,2041,0.04645449
GLOBAL,S1D1,LNDAGRFJIC04,LCONHRTOT,2042,0.046447755
GLOBAL,S1D1,LNDAGRFJIC04,LCONHRTOT,2043,0.046440816
GLOBAL,S1D1,LNDAGRFJIC04,LCONHRTOT,2044,0.046433878
GLOBAL,S1D1,LNDAGRFJIC04,LCONHRTOT,2045,0.046426939
GLOBAL,S1D1,LNDAGRFJIC04,LCONHRTOT,2046,0.04638
GLOBAL,S1D1,LNDAGRFJIC04,LCONHRTOT,2047,0.046332857
GLOBAL,S1D1,LNDAGRFJIC04,LCONHRTOT,2048,0.046390204
GLOBAL,S1D1,LNDAGRFJIC04,LCONHRTOT,2049,0.046290816
GLOBAL,S1D1,LNDAGRFJIC04,LCONHRTOT,2050,0.046191429
GLOBAL,S1D1,LNDAGRFJIC04,LFORTOT,2034,6.2888237
GLOBAL,S1D1,LNDAGRFJIC04,LSGCHRTOT,2041,1.6474909
GLOBAL,S1D1,LNDAGRFJIC04,LYAMHRTOT,2021,0.059223846
GLOBAL,S1D1,LNDAGRFJIC04,LYAMHRTOT,2022,0.059481978
GLOBAL,S1D1,LNDAGRFJIC04,LYAMHRTOT,2023,0.05974022
GLOBAL,S1D1,LNDAGRFJIC04,LYAMHRTOT,2024,0.059998352
GLOBAL,S1D1,LNDAGRFJIC04,LYAMHRTOT,2025,0.060256484
GLOBAL,S1D1,LNDAGRFJIC04,LYAMHRTOT,2026,0.060450989
GLOBAL,S1D1,LNDAGRFJIC04,LYAMHRTOT,2027,0.060645495
GLOBAL,S1D1,LNDAGRFJIC04,LYAMHRTOT,2028,0.06084
GLOBAL,S1D1,LNDAGRFJIC04,LYAMHRTOT,2029,0.061034396
GLOBAL,S1D1,LNDAGRFJIC04,LYAMHRTOT,2030,0.061228901
GLOBAL,S1D1,LNDAGRFJIC04,LYAMHRTOT,2031,0.061361978
GLOBAL,S1D1,LNDAGRFJIC04,LYAMHRTOT,2032,0.061495055
GLOBAL,S1D1,LNDAGRFJIC04,LYAMHRTOT,2033,0.061628132
GLOBAL,S1D1,LNDAGRFJIC04,LYAMHRTOT,2034,0.061761209
GLOBAL,S1D1,LNDAGRFJIC04,LYAMHRTOT,2035,0.061894176
GLOBAL,S1D1,LNDAGRFJIC04,LYAMHRTOT,2036,0.061953846
GLOBAL,S1D1,LNDAGRFJIC04,LYAMHRTOT,2037,0.062013407
GLOBAL,S1D1,LNDAGRFJIC04,LYAMHRTOT,2038,0.062072967
GLOBAL,S1D1,LNDAGRFJIC04,LYAMHRTOT,2039,0.06245033
GLOBAL,S1D1,LNDAGRFJIC04,LYAMHRTOT,2040,0.062192198
GLOBAL,S1D1,LNDAGRFJIC04,LYAMHRTOT,2041,0.062182967
GLOBAL,S1D1,LNDAGRFJIC04,LYAMHRTOT,2042,0.062173736
GLOBAL,S1D1,LNDAGRFJIC04,LYAMHRTOT,2043,0.062164615
GLOBAL,S1D1,LNDAGRFJIC04,LYAMHRTOT,2044,0.062155385
GLOBAL,S1D1,LNDAGRFJIC04,LYAMHRTOT,2045,0.062146154
GLOBAL,S1D1,LNDAGRFJIC04,LYAMHRTOT,2046,0.062083077
GLOBAL,S1D1,LNDAGRFJIC04,LYAMHRTOT,2047,0.06202
GLOBAL,S1D1,LNDAGRFJIC04,LYAMHRTOT,2048,0.062096813
GLOBAL,S1D1,LNDAGRFJIC04,LYAMHRTOT,2049,0.061963736
GLOBAL,S1D1,LNDAGRFJIC04,LYAMHRTOT,2050,0.061830769
GLOBAL,S1D1,LNDAGRFJIC04,WTRPRCFJI,2021,0.2172822204
GLOBAL,S1D1,LNDAGRFJIC04,WTRPRCFJI,2022,0.2182292973
GLOBAL,S1D1,LNDAGRFJIC04,WTRPRCFJI,2023,0.21917660519999999
GLOBAL,S1D1,LNDAGRFJIC04,WTRPRCFJI,2024,0.2201236821
GLOBAL,S1D1,LNDAGRFJIC04,WTRPRCFJI,2025,0.221070759
GLOBAL,S1D1,LNDAGRFJIC04,WTRPRCFJI,2026,0.22178436210000002
GLOBAL,S1D1,LNDAGRFJIC04,WTRPRCFJI,2027,0.2224979673
GLOBAL,S1D1,LNDAGRFJIC04,WTRPRCFJI,2028,0.2232115704
GLOBAL,S1D1,LNDAGRFJIC04,WTRPRCFJI,2029,0.22392494670000002
GLOBAL,S1D1,LNDAGRFJIC04,WTRPRCFJI,2030,0.2246385498
GLOBAL,S1D1,LNDAGRFJIC04,WTRPRCFJI,2031,0.2251267242
GLOBAL,S1D1,LNDAGRFJIC04,WTRPRCFJI,2032,0.2256149007
GLOBAL,S1D1,LNDAGRFJIC04,WTRPRCFJI,2033,0.2261030772
GLOBAL,S1D1,LNDAGRFJIC04,WTRPRCFJI,2034,13.433121023700002
GLOBAL,S1D1,LNDAGRFJIC04,WTRPRCFJI,2035,0.22707919920000003
GLOBAL,S1D1,LNDAGRFJIC04,WTRPRCFJI,2036,0.22729793310000002
GLOBAL,S1D1,LNDAGRFJIC04,WTRPRCFJI,2037,0.22751686860000003
GLOBAL,S1D1,LNDAGRFJIC04,WTRPRCFJI,2038,0.2277353736
GLOBAL,S1D1,LNDAGRFJIC04,WTRPRCFJI,2039,0.2291196936
GLOBAL,S1D1,LNDAGRFJIC04,WTRPRCFJI,2040,0.2281726167
GLOBAL,S1D1,LNDAGRFJIC04,WTRPRCFJI,2041,3.6878695497
GLOBAL,S1D1,LNDAGRFJIC04,WTRPRCFJI,2042,0.22810513110000002
GLOBAL,S1D1,LNDAGRFJIC04,WTRPRCFJI,2043,0.2280714051
GLOBAL,S1D1,LNDAGRFJIC04,WTRPRCFJI,2044,0.2280374523
GLOBAL,S1D1,LNDAGRFJIC04,WTRPRCFJI,2045,0.22800349530000003
GLOBAL,S1D1,LNDAGRFJIC04,WTRPRCFJI,2046,0.22777246169999998
GLOBAL,S1D1,LNDAGRFJIC04,WTRPRCFJI,2047,0.2275409997
GLOBAL,S1D1,LNDAGRFJIC04,WTRPRCFJI,2048,0.2278227357
GLOBAL,S1D1,LNDAGRFJIC04,WTRPRCFJI,2049,0.2273345592
GLOBAL,S1D1,LNDAGRFJIC04,WTRPRCFJI,2050,0.2268466158
GLOBAL,S1D1,LNDCASHRTOT,LTOT,2021,0.073357143
GLOBAL,S1D1,LNDCASHRTOT,LTOT,2022,0.073676939
GLOBAL,S1D1,LNDCASHRTOT,LTOT,2023,0.073996633
GLOBAL,S1D1,LNDCASHRTOT,LTOT,2024,0.074316429
GLOBAL,S1D1,LNDCASHRTOT,LTOT,2025,0.074636224
GLOBAL,S1D1,LNDCASHRTOT,LTOT,2026,0.074877143
GLOBAL,S1D1,LNDCASHRTOT,LTOT,2027,0.075118061
GLOBAL,S1D1,LNDCASHRTOT,LTOT,2028,0.075358878
GLOBAL,S1D1,LNDCASHRTOT,LTOT,2029,0.075599796
GLOBAL,S1D1,LNDCASHRTOT,LTOT,2030,0.075840714
GLOBAL,S1D1,LNDCASHRTOT,LTOT,2031,0.07600551
GLOBAL,S1D1,LNDCASHRTOT,LTOT,2032,0.076170408
GLOBAL,S1D1,LNDCASHRTOT,LTOT,2033,0.076335204
GLOBAL,S1D1,LNDCASHRTOT,LTOT,2034,0.0765
GLOBAL,S1D1,LNDCASHRTOT,LTOT,2035,0.076664796
GLOBAL,S1D1,LNDCASHRTOT,LTOT,2036,0.076738571
GLOBAL,S1D1,LNDCASHRTOT,LTOT,2037,0.076812449
GLOBAL,S1D1,LNDCASHRTOT,LTOT,2038,0.076886224
GLOBAL,S1D1,LNDCASHRTOT,LTOT,2039,0.077353673
GLOBAL,S1D1,LNDCASHRTOT,LTOT,2040,0.077033878
GLOBAL,S1D1,LNDCASHRTOT,LTOT,2041,0.077022449
GLOBAL,S1D1,LNDCASHRTOT,LTOT,2042,0.07701102
GLOBAL,S1D1,LNDCASHRTOT,LTOT,2043,0.076999694
GLOBAL,S1D1,LNDCASHRTOT,LTOT,2044,0.076988265
GLOBAL,S1D1,LNDCASHRTOT,LTOT,2045,0.076976837
GLOBAL,S1D1,LNDCASHRTOT,LTOT,2046,0.076898673
GLOBAL,S1D1,LNDCASHRTOT,LTOT,2047,0.076820612
GLOBAL,S1D1,LNDCASHRTOT,LTOT,2048,0.076915816
GLOBAL,S1D1,LNDCASHRTOT,LTOT,2049,0.07675102
GLOBAL,S1D1,LNDCASHRTOT,LTOT,2050,0.076586224
GLOBAL,S1D1,LNDCONHRTOT,LTOT,2021,0.044243878
GLOBAL,S1D1,LNDCONHRTOT,LTOT,2022,0.044436735
GLOBAL,S1D1,LNDCONHRTOT,LTOT,2023,0.044629592
GLOBAL,S1D1,LNDCONHRTOT,LTOT,2024,0.044822449
GLOBAL,S1D1,LNDCONHRTOT,LTOT,2025,0.045015306
GLOBAL,S1D1,LNDCONHRTOT,LTOT,2026,0.045160612
GLOBAL,S1D1,LNDCONHRTOT,LTOT,2027,0.045305918
GLOBAL,S1D1,LNDCONHRTOT,LTOT,2028,0.045451224
GLOBAL,S1D1,LNDCONHRTOT,LTOT,2029,0.045596531
GLOBAL,S1D1,LNDCONHRTOT,LTOT,2030,0.045741837
GLOBAL,S1D1,LNDCONHRTOT,LTOT,2031,0.045841224
GLOBAL,S1D1,LNDCONHRTOT,LTOT,2032,0.045940612
GLOBAL,S1D1,LNDCONHRTOT,LTOT,2033,0.04604
GLOBAL,S1D1,LNDCONHRTOT,LTOT,2034,0.046139388
GLOBAL,S1D1,LNDCONHRTOT,LTOT,2035,0.046238776
GLOBAL,S1D1,LNDCONHRTOT,LTOT,2036,0.046283265
GLOBAL,S1D1,LNDCONHRTOT,LTOT,2037,0.046327959
GLOBAL,S1D1,LNDCONHRTOT,LTOT,2038,0.046372449
GLOBAL,S1D1,LNDCONHRTOT,LTOT,2039,0.046654286
GLOBAL,S1D1,LNDCONHRTOT,LTOT,2040,0.046461429
GLOBAL,S1D1,LNDCONHRTOT,LTOT,2041,0.04645449
GLOBAL,S1D1,LNDCONHRTOT,LTOT,2042,0.046447755
GLOBAL,S1D1,LNDCONHRTOT,LTOT,2043,0.046440816
GLOBAL,S1D1,LNDCONHRTOT,LTOT,2044,0.046433878
GLOBAL,S1D1,LNDCONHRTOT,LTOT,2045,0.046426939
GLOBAL,S1D1,LNDCONHRTOT,LTOT,2046,0.04638
GLOBAL,S1D1,LNDCONHRTOT,LTOT,2047,0.046332857
GLOBAL,S1D1,LNDCONHRTOT,LTOT,2048,0.046390204
GLOBAL,S1D1,LNDCONHRTOT,LTOT,2049,0.046290816
GLOBAL,S1D1,LNDCONHRTOT,LTOT,2050,0.046191429
GLOBAL,S1D1,LNDFORTOT,LTOT,2021,35.135942
GLOBAL,S1D1,LNDFORTOT,LTOT,2034,66.080177
GLOBAL,S1D1,LNDFORTOT,LTOT,2040,59.741144
GLOBAL,S1D1,LNDOTHHRTOT,LTOT,2021,0.067992391
GLOBAL,S1D1,LNDOTHHRTOT,LTOT,2022,0.068288696
GLOBAL,S1D1,LNDOTHHRTOT,LTOT,2023,0.068585109
GLOBAL,S1D1,LNDOTHHRTOT,LTOT,2024,0.068881522
GLOBAL,S1D1,LNDOTHHRTOT,LTOT,2025,0.069177826
GLOBAL,S1D1,LNDOTHHRTOT,LTOT,2026,0.069401196
GLOBAL,S1D1,LNDOTHHRTOT,LTOT,2027,0.069624457
GLOBAL,S1D1,LNDOTHHRTOT,LTOT,2028,0.069847717
GLOBAL,S1D1,LNDOTHHRTOT,LTOT,2029,0.070070978
GLOBAL,S1D1,LNDOTHHRTOT,LTOT,2030,0.070294348
GLOBAL,S1D1,LNDOTHHRTOT,LTOT,2031,0.070447065
GLOBAL,S1D1,LNDOTHHRTOT,LTOT,2032,0.070599783
GLOBAL,S1D1,LNDOTHHRTOT,LTOT,2033,0.070752609
GLOBAL,S1D1,LNDOTHHRTOT,LTOT,2034,0.070905326
GLOBAL,S1D1,LNDOTHHRTOT,LTOT,2035,0.071058152
GLOBAL,S1D1,LNDOTHHRTOT,LTOT,2036,0.071126522
GLOBAL,S1D1,LNDOTHHRTOT,LTOT,2037,0.071194891
GLOBAL,S1D1,LNDOTHHRTOT,LTOT,2038,0.07126337
GLOBAL,S1D1,LNDOTHHRTOT,LTOT,2039,0.071696522
GLOBAL,S1D1,LNDOTHHRTOT,LTOT,2040,0.071400217
GLOBAL,S1D1,LNDOTHHRTOT,LTOT,2041,0.071389565
GLOBAL,S1D1,LNDOTHHRTOT,LTOT,2042,0.071379022
GLOBAL,S1D1,LNDOTHHRTOT,LTOT,2043,0.071368478
GLOBAL,S1D1,LNDOTHHRTOT,LTOT,2044,0.071357935
GLOBAL,S1D1,LNDOTHHRTOT,LTOT,2045,0.071347283
GLOBAL,S1D1,LNDOTHHRTOT,LTOT,2046,0.071274891
GLOBAL,S1D1,LNDOTHHRTOT,LTOT,2047,0.0712025
GLOBAL,S1D1,LNDOTHHRTOT,LTOT,2048,0.07129087
GLOBAL,S1D1,LNDOTHHRTOT,LTOT,2049,0.071138152
GLOBAL,S1D1,LNDOTHHRTOT,LTOT,2050,0.070985326
GLOBAL,S1D1,LNDSGCHRTOT,LTOT,2021,1.5690909
GLOBAL,S1D1,LNDSGCHRTOT,LTOT,2022,1.5759273
GLOBAL,S1D1,LNDSGCHRTOT,LTOT,2023,1.5827727
GLOBAL,S1D1,LNDSGCHRTOT,LTOT,2024,1.5896091
GLOBAL,S1D1,LNDSGCHRTOT,LTOT,2025,1.5964455
GLOBAL,S1D1,LNDSGCHRTOT,LTOT,2026,1.6016
GLOBAL,S1D1,LNDSGCHRTOT,LTOT,2027,1.6067545
GLOBAL,S1D1,LNDSGCHRTOT,LTOT,2028,1.6119091
GLOBAL,S1D1,LNDSGCHRTOT,LTOT,2029,1.6170636
GLOBAL,S1D1,LNDSGCHRTOT,LTOT,2030,1.6222182
GLOBAL,S1D1,LNDSGCHRTOT,LTOT,2031,1.6257364
GLOBAL,S1D1,LNDSGCHRTOT,LTOT,2032,1.6292636
GLOBAL,S1D1,LNDSGCHRTOT,LTOT,2033,1.6327909
GLOBAL,S1D1,LNDSGCHRTOT,LTOT,2034,1.6363182
GLOBAL,S1D1,LNDSGCHRTOT,LTOT,2035,1.6398364
GLOBAL,S1D1,LNDSGCHRTOT,LTOT,2036,1.6414182
GLOBAL,S1D1,LNDSGCHRTOT,LTOT,2037,1.643
GLOBAL,S1D1,LNDSGCHRTOT,LTOT,2038,1.6445818
GLOBAL,S1D1,LNDSGCHRTOT,LTOT,2039,1.6206148
GLOBAL,S1D1,LNDSGCHRTOT,LTOT,2040,1.6477364
GLOBAL,S1D1,LNDSGCHRTOT,LTOT,2041,1.6474909
GLOBAL,S1D1,LNDSGCHRTOT,LTOT,2042,1.6472455
GLOBAL,S1D1,LNDSGCHRTOT,LTOT,2043,1.647
GLOBAL,S1D1,LNDSGCHRTOT,LTOT,2044,1.6467636
GLOBAL,S1D1,LNDSGCHRTOT,LTOT,2045,1.6465182
GLOBAL,S1D1,LNDSGCHRTOT,LTOT,2046,1.6448455
GLOBAL,S1D1,LNDSGCHRTOT,LTOT,2047,1.6431727
GLOBAL,S1D1,LNDSGCHRTOT,LTOT,2048,1.630247
GLOBAL,S1D1,LNDSGCHRTOT,LTOT,2049,1.6342008
GLOBAL,S1D1,LNDSGCHRTOT,LTOT,2050,1.6381636
GLOBAL,S1D1,LNDYAMHRTOT,LTOT,2021,0.059223846
GLOBAL,S1D1,LNDYAMHRTOT,LTOT,2022,0.059481978
GLOBAL,S1D1,LNDYAMHRTOT,LTOT,2023,0.05974022
GLOBAL,S1D1,LNDYAMHRTOT,LTOT,2024,0.059998352
GLOBAL,S1D1,LNDYAMHRTOT,LTOT,2025,0.060256484
GLOBAL,S1D1,LNDYAMHRTOT,LTOT,2026,0.060450989
GLOBAL,S1D1,LNDYAMHRTOT,LTOT,2027,0.060645495
GLOBAL,S1D1,LNDYAMHRTOT,LTOT,2028,0.06084
GLOBAL,S1D1,LNDYAMHRTOT,LTOT,2029,0.061034396
GLOBAL,S1D1,LNDYAMHRTOT,LTOT,2030,0.061228901
GLOBAL,S1D1,LNDYAMHRTOT,LTOT,2031,0.061361978
GLOBAL,S1D1,LNDYAMHRTOT,LTOT,2032,0.061495055
GLOBAL,S1D1,LNDYAMHRTOT,LTOT,2033,0.061628132
GLOBAL,S1D1,LNDYAMHRTOT,LTOT,2034,0.061761209
GLOBAL,S1D1,LNDYAMHRTOT,LTOT,2035,0.061894176
GLOBAL,S1D1,LNDYAMHRTOT,LTOT,2036,0.061953846
GLOBAL,S1D1,LNDYAMHRTOT,LTOT,2037,0.062013407
GLOBAL,S1D1,LNDYAMHRTOT,LTOT,2038,0.062072967
GLOBAL,S1D1,LNDYAMHRTOT,LTOT,2039,0.06245033
GLOBAL,S1D1,LNDYAMHRTOT,LTOT,2040,0.062192198
GLOBAL,S1D1,LNDYAMHRTOT,LTOT,2041,0.062182967
GLOBAL,S1D1,LNDYAMHRTOT,LTOT,2042,0.062173736
GLOBAL,S1D1,LNDYAMHRTOT,LTOT,2043,0.062164615
GLOBAL,S1D1,LNDYAMHRTOT,LTOT,2044,0.062155385
GLOBAL,S1D1,LNDYAMHRTOT,LTOT,2045,0.062146154
GLOBAL,S1D1,LNDYAMHRTOT,LTOT,2046,0.062083077
GLOBAL,S1D1,LNDYAMHRTOT,LTOT,2047,0.06202
GLOBAL,S1D1,LNDYAMHRTOT,LTOT,2048,0.062096813
GLOBAL,S1D1,LNDYAMHRTOT,LTOT,2049,0.061963736
GLOBAL,S1D1,LNDYAMHRTOT,LTOT,2050,0.061830769
GLOBAL,S1D1,PWRBIOFJIXX01,BIOFJIXX,2021,8.396586143999999
GLOBAL,S1D1,PWRBIOFJIXX01,BIOFJIXX,2022,8.396586143999999
GLOBAL,S1D1,PWRBIOFJIXX01,BIOFJIXX,2023,8.396586143999999
GLOBAL,S1D1,PWRBIOFJIXX01,BIOFJIXX,2024,8.396586143999999
GLOBAL,S1D1,PWRBIOFJIXX01,BIOFJIXX,2025,8.396586143999999
GLOBAL,S1D1,PWRBIOFJIXX01,BIOFJIXX,2026,8.396586143999999
GLOBAL,S1D1,PWRBIOFJIXX01,BIOFJIXX,2027,8.396586143999999
GLOBAL,S1D1,PWRBIOFJIXX01,BIOFJIXX,2028,8.396586143999999
GLOBAL,S1D1,PWRBIOFJIXX01,BIOFJIXX,2029,8.396586143999999
GLOBAL,S1D1,PWRBIOFJIXX01,BIOFJIXX,2030,8.396586143999999
GLOBAL,S1D1,PWRBIOFJIXX01,BIOFJIXX,2031,8.396586143999999
GLOBAL,S1D1,PWRBIOFJIXX01,BIOFJIXX,2032,1.2046751999999998
GLOBAL,S1D1,PWRBIOFJIXX01,BIOFJIXX,2033,1.2046751999999998
GLOBAL,S1D1,PWRBIOFJIXX01,BIOFJIXX,2034,1.4133757048
GLOBAL,S1D1,PWRBIOFJIXX01,BIOFJIXX,2035,2.1804233772
GLOBAL,S1D1,PWRBIOFJIXX01,BIOFJIXX,2036,3.0912924451999997
GLOBAL,S1D1,PWRBIOFJIXX01,BIOFJIXX,2037,4.002161666
GLOBAL,S1D1,PWRBIOFJIXX01,BIOFJIXX,2038,4.865090115999999
GLOBAL,S1D1,PWRBIOFJIXX01,BIOFJIXX,2039,6.2732005619999995
GLOBAL,S1D1,PWRBIOFJIXX01,BIOFJIXX,2040,6.802345816
GLOBAL,S1D1,PWRBIOFJIXX01,BIOFJIXX,2041,8.707760288000001
GLOBAL,S1D1,PWRBIOFJIXX01,BIOFJIXX,2042,10.432810786
GLOBAL,S1D1,PWRBIOFJIXX01,BIOFJIXX,2043,12.829297336
GLOBAL,S1D1,PWRBIOFJIXX01,BIOFJIXX,2044,15.12736426
GLOBAL,S1D1,PWRBIOFJIXX01,BIOFJIXX,2045,17.738855307999998
GLOBAL,S1D1,PWRBIOFJIXX01,BIOFJIXX,2046,18.310590123999997
GLOBAL,S1D1,PWRBIOFJIXX01,BIOFJIXX,2047,19.560890639999997
GLOBAL,S1D1,PWRBIOFJIXX01,BIOFJIXX,2048,18.94860767
GLOBAL,S1D1,PWRBIOFJIXX01,BIOFJIXX,2049,20.024074807999998
GLOBAL,S1D1,PWRBIOFJIXX01,BIOFJIXX,2050,20.024074807999998
GLOBAL,S1D1,PWRHYDFJIXX01,HYDFJIXX,2021,1.5857246
GLOBAL,S1D1,PWRHYDFJIXX01,HYDFJIXX,2022,1.6760836
GLOBAL,S1D1,PWRHYDFJIXX01,HYDFJIXX,2023,1.7551477
GLOBAL,S1D1,PWRHYDFJIXX01,HYDFJIXX,2024,1.8455068
GLOBAL,S1D1,PWRHYDFJIXX01,HYDFJIXX,2025,1.9245709
GLOBAL,S1D1,PWRHYDFJIXX01,HYDFJIXX,2026,2.093994
GLOBAL,S1D1,PWRHYDFJIXX01,HYDFJIXX,2027,2.2634172
GLOBAL,S1D1,PWRHYDFJIXX01,HYDFJIXX,2028,2.3852916
GLOBAL,S1D1,PWRHYDFJIXX01,HYDFJIXX,2029,2.3852916
GLOBAL,S1D1,PWRHYDFJIXX01,HYDFJIXX,2030,2.3852916
GLOBAL,S1D1,PWRHYDFJIXX01,HYDFJIXX,2031,2.3852916
GLOBAL,S1D1,PWRHYDFJIXX01,HYDFJIXX,2032,2.3852916
GLOBAL,S1D1,PWRHYDFJIXX01,HYDFJIXX,2033,2.3852916
GLOBAL,S1D1,PWRHYDFJIXX01,HYDFJIXX,2034,2.3852916
GLOBAL,S1D1,PWRHYDFJIXX01,HYDFJIXX,2035,2.3852916
GLOBAL,S1D1,PWRHYDFJIXX01,HYDFJIXX,2036,2.3852916
GLOBAL,S1D1,PWRHYDFJIXX01,HYDFJIXX,2037,2.3852916
GLOBAL,S1D1,PWRHYDFJIXX01,HYDFJIXX,2038,2.3852916
GLOBAL,S1D1,PWRHYDFJIXX01,HYDFJIXX,2039,2.3852916
GLOBAL,S1D1,PWRHYDFJIXX01,HYDFJIXX,2040,2.3852916
GLOBAL,S1D1,PWRHYDFJIXX01,HYDFJIXX,2041,2.3852916
GLOBAL,S1D1,PWRHYDFJIXX01,HYDFJIXX,2042,2.3852916
GLOBAL,S1D1,PWRHYDFJIXX01,HYDFJIXX,2043,2.3852916
GLOBAL,S1D1,PWRHYDFJIXX01,HYDFJIXX,2044,2.3852916
GLOBAL,S1D1,PWRHYDFJIXX01,HYDFJIXX,2045,2.3852916
GLOBAL,S1D1,PWRHYDFJIXX01,HYDFJIXX,2046,2.3852916
GLOBAL,S1D1,PWRHYDFJIXX01,HYDFJIXX,2047,2.3852916
GLOBAL,S1D1,PWRHYDFJIXX01,HYDFJIXX,2048,1.0547126
GLOBAL,S1D1,PWRHYDFJIXX01,HYDFJIXX,2049,2.3852916
GLOBAL,S1D1,PWRHYDFJIXX01,HYDFJIXX,2050,2.3852916
GLOBAL,S1D1,PWROILFJIXX01,OILINT,2028,0.14692570239
GLOBAL,S1D1,PWROILFJIXX01,OILINT,2029,0.6704432637
GLOBAL,S1D1,PWROILFJIXX01,OILINT,2030,1.1939607972
GLOBAL,S1D1,PWROILFJIXX01,OILINT,2031,1.7523795099
GLOBAL,S1D1,PWROILFJIXX01,OILINT,2032,2.1387763775999997
GLOBAL,S1D1,PWROILFJIXX01,OILINT,2033,4.67741952
GLOBAL,S1D1,PWROILFJIXX01,OILINT,2034,2.0108054181
GLOBAL,S1D1,PWROILFJIXX01,OILINT,2035,4.67741952
GLOBAL,S1D1,PWROILFJIXX01,OILINT,2036,1.8750786513
GLOBAL,S1D1,PWROILFJIXX01,OILINT,2037,4.67741952
GLOBAL,S1D1,PWROILFJIXX01,OILINT,2038,4.67741952
GLOBAL,S1D1,PWROILFJIXX01,OILINT,2039,4.67741952
GLOBAL,S1D1,PWROILFJIXX01,OILINT,2040,1.4359347728999998
GLOBAL,S1D1,PWROILFJIXX01,OILINT,2041,0.6624698277
GLOBAL,S1D1,PWRPETFJIXX01,PETINT,2032,5.69894247
GLOBAL,S1D1,PWRPETFJIXX01,PETINT,2033,3.7725057
GLOBAL,S1D1,PWRPETFJIXX01,PETINT,2034,6.799048578
GLOBAL,S1D1,PWRPETFJIXX01,PETINT,2035,4.096879776000001
GLOBAL,S1D1,PWRPETFJIXX01,PETINT,2036,6.799048578
GLOBAL,S1D1,PWRPETFJIXX01,PETINT,2037,3.950950212
GLOBAL,S1D1,PWRPETFJIXX01,PETINT,2038,3.881825424
GLOBAL,S1D1,PWRPETFJIXX01,PETINT,2039,3.9049978860000003
GLOBAL,S1D1,PWRPETFJIXX01,PETINT,2040,6.799048578
GLOBAL,S1D1,PWRPETFJIXX01,PETINT,2041,6.799048578
GLOBAL,S1D1,PWRPETFJIXX01,PETINT,2042,6.799048578
GLOBAL,S1D1,PWRPETFJIXX01,PETINT,2043,5.605158978
GLOBAL,S1D1,PWRPETFJIXX01,PETINT,2044,4.524669918
GLOBAL,S1D1,PWRPETFJIXX01,PETINT,2045,3.1585512779999996
GLOBAL,S1D1,PWRPETFJIXX01,PETINT,2046,3.56462307
GLOBAL,S1D1,PWRPETFJIXX01,PETINT,2047,3.2947246440000004
GLOBAL,S1D1,PWRPETFJIXX01,PETINT,2048,8.720822214
GLOBAL,S1D1,PWRPETFJIXX01,PETINT,2049,4.6518083279999995
GLOBAL,S1D1,PWRPETFJIXX01,PETINT,2050,5.066370396
GLOBAL,S1D1,PWRSPVFJIXX01,SPVFJIXX,2040,0.082428947
GLOBAL,S1D1,PWRSPVFJIXX01,SPVFJIXX,2041,0.082428947
GLOBAL,S1D1,PWRSPVFJIXX01,SPVFJIXX,2042,0.082428947
GLOBAL,S1D1,PWRSPVFJIXX01,SPVFJIXX,2043,0.082428947
GLOBAL,S1D1,PWRSPVFJIXX01,SPVFJIXX,2044,0.082428947
GLOBAL,S1D1,PWRSPVFJIXX01,SPVFJIXX,2045,0.082428947
GLOBAL,S1D1,PWRSPVFJIXX01,SPVFJIXX,2046,0.082428947
GLOBAL,S1D1,PWRSPVFJIXX01,SPVFJIXX,2047,0.13699403
GLOBAL,S1D1,PWRSPVFJIXX01,SPVFJIXX,2048,0.13699403
GLOBAL,S1D1,PWRSPVFJIXX01,SPVFJIXX,2049,0.13699403
GLOBAL,S1D1,PWRSPVFJIXX01,SPVFJIXX,2050,0.28388817
GLOBAL,S1D1,PWRTRNFJIXX,ELCFJIXX01,2021,3.7837838
GLOBAL,S1D1,PWRTRNFJIXX,ELCFJIXX01,2022,3.8741428
GLOBAL,S1D1,PWRTRNFJIXX,ELCFJIXX01,2023,3.9532069
GLOBAL,S1D1,PWRTRNFJIXX,ELCFJIXX01,2024,4.043566
GLOBAL,S1D1,PWRTRNFJIXX,ELCFJIXX01,2025,4.1226301
GLOBAL,S1D1,PWRTRNFJIXX,ELCFJIXX01,2026,4.2920532
GLOBAL,S1D1,PWRTRNFJIXX,ELCFJIXX01,2027,4.4614764
GLOBAL,S1D1,PWRTRNFJIXX,ELCFJIXX01,2028,4.6308996
GLOBAL,S1D1,PWRTRNFJIXX,ELCFJIXX01,2029,4.8003227
GLOBAL,S1D1,PWRTRNFJIXX,ELCFJIXX01,2030,4.9697459
GLOBAL,S1D1,PWRTRNFJIXX,ELCFJIXX01,2031,5.1504639
GLOBAL,S1D1,PWRTRNFJIXX,ELCFJIXX01,2032,5.3311819
GLOBAL,S1D1,PWRTRNFJIXX,ELCFJIXX01,2033,5.5231948
GLOBAL,S1D1,PWRTRNFJIXX,ELCFJIXX01,2034,5.7039129
GLOBAL,S1D1,PWRTRNFJIXX,ELCFJIXX01,2035,5.8846309
GLOBAL,S1D1,PWRTRNFJIXX,ELCFJIXX01,2036,6.0992336
GLOBAL,S1D1,PWRTRNFJIXX,ELCFJIXX01,2037,6.3138362
GLOBAL,S1D1,PWRTRNFJIXX,ELCFJIXX01,2038,6.517144
GLOBAL,S1D1,PWRTRNFJIXX,ELCFJIXX01,2039,6.8173618
GLOBAL,S1D1,PWRTRNFJIXX,ELCFJIXX01,2040,6.9350545
GLOBAL,S1D1,PWRTRNFJIXX,ELCFJIXX01,2041,7.1835418
GLOBAL,S1D1,PWRTRNFJIXX,ELCFJIXX01,2042,7.4207342
GLOBAL,S1D1,PWRTRNFJIXX,ELCFJIXX01,2043,7.6579266
GLOBAL,S1D1,PWRTRNFJIXX,ELCFJIXX01,2044,7.9064139
GLOBAL,S1D1,PWRTRNFJIXX,ELCFJIXX01,2045,8.1436063
GLOBAL,S1D1,PWRTRNFJIXX,ELCFJIXX01,2046,8.4259782
GLOBAL,S1D1,PWRTRNFJIXX,ELCFJIXX01,2047,8.719645
GLOBAL,S1D1,PWRTRNFJIXX,ELCFJIXX01,2048,9.0020169
GLOBAL,S1D1,PWRTRNFJIXX,ELCFJIXX01,2049,9.2843889
GLOBAL,S1D1,PWRTRNFJIXX,ELCFJIXX01,2050,9.5667608
GLOBAL,S1D1,PWRWONFJIXX01,WONFJIXX,2032,0.075970224
GLOBAL,S1D1,PWRWONFJIXX01,WONFJIXX,2033,0.075970224
GLOBAL,S1D1,PWRWONFJIXX01,WONFJIXX,2034,0.075970224
GLOBAL,S1D1,PWRWONFJIXX01,WONFJIXX,2035,0.075970224
GLOBAL,S1D1,PWRWONFJIXX01,WONFJIXX,2036,0.075970224
GLOBAL,S1D1,PWRWONFJIXX01,WONFJIXX,2037,0.075970224
GLOBAL,S1D1,PWRWONFJIXX01,WONFJIXX,2038,0.075970224
GLOBAL,S1D2,LNDAGRFJIC01,LCASHRTOT,2021,0.073357143
GLOBAL,S1D2,LNDAGRFJIC01,LCASHRTOT,2022,0.073676939
GLOBAL,S1D2,LNDAGRFJIC01,LCASHRTOT,2023,0.073996633
GLOBAL,S1D2,LNDAGRFJIC01,LCASHRTOT,2024,0.074316429
GLOBAL,S1D2,LNDAGRFJIC01,LCASHRTOT,2025,0.074636224
GLOBAL,S1D2,LNDAGRFJIC01,LCASHRTOT,2026,0.074877143
GLOBAL,S1D2,LNDAGRFJIC01,LCASHRTOT,2027,0.075118061
GLOBAL,S1D2,LNDAGRFJIC01,LCASHRTOT,2028,0.075358878
GLOBAL,S1D2,LNDAGRFJIC01,LCASHRTOT,2029,0.075599796
GLOBAL,S1D2,LNDAGRFJIC01,LCASHRTOT,2030,0.075840714
GLOBAL,S1D2,LNDAGRFJIC01,LCASHRTOT,2031,0.07600551
GLOBAL,S1D2,LNDAGRFJIC01,LCASHRTOT,2032,0.076170408
GLOBAL,S1D2,LNDAGRFJIC01,LCASHRTOT,2033,0.076335204
GLOBAL,S1D2,LNDAGRFJIC01,LCASHRTOT,2034,0.0765
GLOBAL,S1D2,LNDAGRFJIC01,LCASHRTOT,2035,0.076664796
GLOBAL,S1D2,LNDAGRFJIC01,LCASHRTOT,2036,0.076738571
GLOBAL,S1D2,LNDAGRFJIC01,LCASHRTOT,2037,0.076812449
GLOBAL,S1D2,LNDAGRFJIC01,LCASHRTOT,2038,0.076886224
GLOBAL,S1D2,LNDAGRFJIC01,LCASHRTOT,2039,0.077353673
GLOBAL,S1D2,LNDAGRFJIC01,LCASHRTOT,2040,0.077033878
GLOBAL,S1D2,LNDAGRFJIC01,LCASHRTOT,2041,0.077022449
GLOBAL,S1D2,LNDAGRFJIC01,LCASHRTOT,2042,0.07701102
GLOBAL,S1D2,LNDAGRFJIC01,LCASHRTOT,2043,0.076999694
GLOBAL,S1D2,LNDAGRFJIC01,LCASHRTOT,2044,0.076988265
GLOBAL,S1D2,LNDAGRFJIC01,LCASHRTOT,2045,0.076976837
GLOBAL,S1D2,LNDAGRFJIC01,LCASHRTOT,2046,0.076898673
GLOBAL,S1D2,LNDAGRFJIC01,LCASHRTOT,2047,0.076820612
GLOBAL,S1D2,LNDAGRFJIC01,LCASHRTOT,2048,0.076915816
GLOBAL,S1D2,LNDAGRFJIC01,LCASHRTOT,2049,0.07675102
GLOBAL,S1D2,LNDAGRFJIC01,LCASHRTOT,2050,0.076586224
GLOBAL,S1D2,LNDAGRFJIC01,LFORTOT,2023,0.12120021
GLOBAL,S1D2,LNDAGRFJIC01,LFORTOT,2024,0.091137389
GLOBAL,S1D2,LNDAGRFJIC01,LFORTOT,2025,0.06107501
GLOBAL,S1D2,LNDAGRFJIC01,LFORTOT,2026,0.038409284
GLOBAL,S1D2,LNDAGRFJIC01,LFORTOT,2027,0.015743997
GLOBAL,S1D2,LNDAGRFJIC01,LOTHHRTOT,2021,0.067992391
GLOBAL,S1D2,LNDAGRFJIC01,LOTHHRTOT,2022,0.068288696
GLOBAL,S1D2,LNDAGRFJIC01,LOTHHRTOT,2023,0.068585109
GLOBAL,S1D2,LNDAGRFJIC01,LOTHHRTOT,2024,0.068881522
GLOBAL,S1D2,LNDAGRFJIC01,LOTHHRTOT,2025,0.069177826
GLOBAL,S1D2,LNDAGRFJIC01,LOTHHRTOT,2026,0.069401196
GLOBAL,S1D2,LNDAGRFJIC01,LOTHHRTOT,2027,0.069624457
GLOBAL,S1D2,LNDAGRFJIC01,LOTHHRTOT,2028,0.069847717
GLOBAL,S1D2,LNDAGRFJIC01,LOTHHRTOT,2029,0.070070978
GLOBAL,S1D2,LNDAGRFJIC01,LOTHHRTOT,2030,0.070294348
GLOBAL,S1D2,LNDAGRFJIC01,LOTHHRTOT,2031,0.070447065
GLOBAL,S1D2,LNDAGRFJIC01,LOTHHRTOT,2032,0.070599783
GLOBAL,S1D2,LNDAGRFJIC01,LOTHHRTOT,2033,0.070752609
GLOBAL,S1D2,LNDAGRFJIC01,LOTHHRTOT,2034,0.070905326
GLOBAL,S1D2,LNDAGRFJIC01,LOTHHRTOT,2035,0.071058152
GLOBAL,S1D2,LNDAGRFJIC01,LOTHHRTOT,2036,0.071126522
GLOBAL,S1D2,LNDAGRFJIC01,LOTHHRTOT,2037,0.071194891
GLOBAL,S1D2,LNDAGRFJIC01,LOTHHRTOT,2038,0.07126337
GLOBAL,S1D2,LNDAGRFJIC01,LOTHHRTOT,2039,0.071696522
GLOBAL,S1D2,LNDAGRFJIC01,LOTHHRTOT,2040,0.071400217
GLOBAL,S1D2,LNDAGRFJIC01,LOTHHRTOT,2041,0.071389565
GLOBAL,S1D2,LNDAGRFJIC01,LOTHHRTOT,2042,0.071379022
GLOBAL,S1D2,LNDAGRFJIC01,LOTHHRTOT,2043,0.071368478
GLOBAL,S1D2,LNDAGRFJIC01,LOTHHRTOT,2044,0.071357935
GLOBAL,S1D2,LNDAGRFJIC01,LOTHHRTOT,2045,0.071347283
GLOBAL,S1D2,LNDAGRFJIC01,LOTHHRTOT,2046,0.071274891
GLOBAL,S1D2,LNDAGRFJIC01,LOTHHRTOT,2047,0.0712025
GLOBAL,S1D2,LNDAGRFJIC01,LOTHHRTOT,2048,0.07129087
GLOBAL,S1D2,LNDAGRFJIC01,LOTHHRTOT,2049,0.071138152
GLOBAL,S1D2,LNDAGRFJIC01,LOTHHRTOT,2050,0.070985326
GLOBAL,S1D2,LNDAGRFJIC01,LSGCHRTOT,2021,1.5690909
GLOBAL,S1D2,LNDAGRFJIC01,LSGCHRTOT,2022,1.5759273
GLOBAL,S1D2,LNDAGRFJIC01,LSGCHRTOT,2023,1.5827727
GLOBAL,S1D2,LNDAGRFJIC01,LSGCHRTOT,2024,1.5896091
GLOBAL,S1D2,LNDAGRFJIC01,LSGCHRTOT,2025,1.5964455
GLOBAL,S1D2,LNDAGRFJIC01,LSGCHRTOT,2026,1.6016
GLOBAL,S1D2,LNDAGRFJIC01,LSGCHRTOT,2027,1.6067545
GLOBAL,S1D2,LNDAGRFJIC01,LSGCHRTOT,2028,1.6119091
GLOBAL,S1D2,LNDAGRFJIC01,LSGCHRTOT,2029,1.6170636
GLOBAL,S1D2,LNDAGRFJIC01,LSGCHRTOT,2030,1.6222182
GLOBAL,S1D2,LNDAGRFJIC01,LSGCHRTOT,2031,1.6257364
GLOBAL,S1D2,LNDAGRFJIC01,LSGCHRTOT,2032,1.6292636
GLOBAL,S1D2,LNDAGRFJIC01,LSGCHRTOT,2033,1.5340466
GLOBAL,S1D2,LNDAGRFJIC01,LSGCHRTOT,2034,1.6363182
GLOBAL,S1D2,LNDAGRFJIC01,LSGCHRTOT,2035,1.6398364
GLOBAL,S1D2,LNDAGRFJIC01,LSGCHRTOT,2036,1.6414182
GLOBAL,S1D2,LNDAGRFJIC01,LSGCHRTOT,2037,1.643
GLOBAL,S1D2,LNDAGRFJIC01,LSGCHRTOT,2038,1.6445818
GLOBAL,S1D2,LNDAGRFJIC01,LSGCHRTOT,2039,1.6545727
GLOBAL,S1D2,LNDAGRFJIC01,LSGCHRTOT,2040,1.6477364
GLOBAL,S1D2,LNDAGRFJIC01,LSGCHRTOT,2041,1.6474909
GLOBAL,S1D2,LNDAGRFJIC01,LSGCHRTOT,2042,1.6472455
GLOBAL,S1D2,LNDAGRFJIC01,LSGCHRTOT,2043,1.647
GLOBAL,S1D2,LNDAGRFJIC01,LSGCHRTOT,2044,1.6467636
GLOBAL,S1D2,LNDAGRFJIC01,LSGCHRTOT,2045,1.6465182
GLOBAL,S1D2,LNDAGRFJIC01,LSGCHRTOT,2046,1.4930947
GLOBAL,S1D2,LNDAGRFJIC01,LSGCHRTOT,2047,1.4987764
GLOBAL,S1D2,LNDAGRFJIC01,LSGCHRTOT,2048,1.6452091
GLOBAL,S1D2,LNDAGRFJIC01,LSGCHRTOT,2049,1.5119949
GLOBAL,S1D2,LNDAGRFJIC01,LSGCHRTOT,2050,1.6381636
GLOBAL,S1D2,LNDAGRFJIC01,WTRPRCFJI,2021,4.618189171800001
GLOBAL,S1D2,LNDAGRFJIC01,WTRPRCFJI,2022,4.638310924500001
GLOBAL,S1D2,LNDAGRFJIC01,WTRPRCFJI,2023,4.9856975604
GLOBAL,S1D2,LNDAGRFJIC01,WTRPRCFJI,2024,4.924649988000001
GLOBAL,S1D2,LNDAGRFJIC01,WTRPRCFJI,2025,4.863603312
GLOBAL,S1D2,LNDAGRFJIC01,WTRPRCFJI,2026,4.8175765821
GLOBAL,S1D2,LNDAGRFJIC01,WTRPRCFJI,2027,4.7715507405
GLOBAL,S1D2,LNDAGRFJIC01,WTRPRCFJI,2028,4.744212376500001
GLOBAL,S1D2,LNDAGRFJIC01,WTRPRCFJI,2029,4.759382809800001
GLOBAL,S1D2,LNDAGRFJIC01,WTRPRCFJI,2030,4.7745538074
GLOBAL,S1D2,LNDAGRFJIC01,WTRPRCFJI,2031,4.784910232500001
GLOBAL,S1D2,LNDAGRFJIC01,WTRPRCFJI,2032,4.7952912357000015
GLOBAL,S1D2,LNDAGRFJIC01,WTRPRCFJI,2033,4.5390629151
GLOBAL,S1D2,LNDAGRFJIC01,WTRPRCFJI,2034,4.8160535202000005
GLOBAL,S1D2,LNDAGRFJIC01,WTRPRCFJI,2035,4.8264102396
GLOBAL,S1D2,LNDAGRFJIC01,WTRPRCFJI,2036,4.8310648911000005
GLOBAL,S1D2,LNDAGRFJIC01,WTRPRCFJI,2037,4.835719818
GLOBAL,S1D2,LNDAGRFJIC01,WTRPRCFJI,2038,4.840374763800001
GLOBAL,S1D2,LNDAGRFJIC01,WTRPRCFJI,2039,4.8697818165
GLOBAL,S1D2,LNDAGRFJIC01,WTRPRCFJI,2040,4.8496603364999995
GLOBAL,S1D2,LNDAGRFJIC01,WTRPRCFJI,2041,4.8489378678
GLOBAL,S1D2,LNDAGRFJIC01,WTRPRCFJI,2042,4.8482159634
GLOBAL,S1D2,LNDAGRFJIC01,WTRPRCFJI,2043,4.8474940644
GLOBAL,S1D2,LNDAGRFJIC01,WTRPRCFJI,2044,4.84679646
GLOBAL,S1D2,LNDAGRFJIC01,WTRPRCFJI,2045,4.846074264000001
GLOBAL,S1D2,LNDAGRFJIC01,WTRPRCFJI,2046,4.431424312800001
GLOBAL,S1D2,LNDAGRFJIC01,WTRPRCFJI,2047,4.4463586824
GLOBAL,S1D2,LNDAGRFJIC01,WTRPRCFJI,2048,4.8422226222
GLOBAL,S1D2,LNDAGRFJIC01,WTRPRCFJI,2049,4.4816869943999995
GLOBAL,S1D2,LNDAGRFJIC01,WTRPRCFJI,2050,4.821484905
GLOBAL,S1D2,LNDAGRFJIC02,LSGCHRTOT,2033,0.09874434
GLOBAL,S1D2,LNDAGRFJIC02,LSGCHRTOT,2046,0.15175078
GLOBAL,S1D2,LNDAGRFJIC02,LSGCHRTOT,2047,0.14439629
GLOBAL,S1D2,LNDAGRFJIC02,LSGCHRTOT,2049,0.12968688
GLOBAL,S1D2,LNDAGRFJIC02,WTRPRCFJI,2033,0.24686085
GLOBAL,S1D2,LNDAGRFJIC02,WTRPRCFJI,2046,0.37937695
GLOBAL,S1D2,LNDAGRFJIC02,WTRPRCFJI,2047,0.360990725
GLOBAL,S1D2,LNDAGRFJIC02,WTRPRCFJI,2049,0.3242172
GLOBAL,S1D2,LNDAGRFJIC04,LCONHRTOT,2021,0.044243878
GLOBAL,S1D2,LNDAGRFJIC04,LCONHRTOT,2022,0.044436735
GLOBAL,S1D2,LNDAGRFJIC04,LCONHRTOT,2023,0.044629592
GLOBAL,S1D2,LNDAGRFJIC04,LCONHRTOT,2024,0.044822449
GLOBAL,S1D2,LNDAGRFJIC04,LCONHRTOT,2025,0.045015306
GLOBAL,S1D2,LNDAGRFJIC04,LCONHRTOT,2026,0.045160612
GLOBAL,S1D2,LNDAGRFJIC04,LCONHRTOT,2027,0.045305918
GLOBAL,S1D2,LNDAGRFJIC04,LCONHRTOT,2028,0.045451224
GLOBAL,S1D2,LNDAGRFJIC04,LCONHRTOT,2029,0.045596531
GLOBAL,S1D2,LNDAGRFJIC04,LCONHRTOT,2030,0.045741837
GLOBAL,S1D2,LNDAGRFJIC04,LCONHRTOT,2031,0.045841224
GLOBAL,S1D2,LNDAGRFJIC04,LCONHRTOT,2032,0.045940612
GLOBAL,S1D2,LNDAGRFJIC04,LCONHRTOT,2033,0.04604
GLOBAL,S1D2,LNDAGRFJIC04,LCONHRTOT,2034,0.046139388
GLOBAL,S1D2,LNDAGRFJIC04,LCONHRTOT,2035,0.046238776
GLOBAL,S1D2,LNDAGRFJIC04,LCONHRTOT,2036,0.046283265
GLOBAL,S1D2,LNDAGRFJIC04,LCONHRTOT,2037,0.046327959
GLOBAL,S1D2,LNDAGRFJIC04,LCONHRTOT,2038,0.046372449
GLOBAL,S1D2,LNDAGRFJIC04,LCONHRTOT,2039,0.046654286
GLOBAL,S1D2,LNDAGRFJIC04,LCONHRTOT,2040,0.046461429
GLOBAL,S1D2,LNDAGRFJIC04,LCONHRTOT,2041,0.04645449
GLOBAL,S1D2,LNDAGRFJIC04,LCONHRTOT,2042,0.046447755
GLOBAL,S1D2,LNDAGRFJIC04,LCONHRTOT,2043,0.046440816
GLOBAL,S1D2,LNDAGRFJIC04,LCONHRTOT,2044,0.046433878
GLOBAL,S1D2,LNDAGRFJIC04,LCONHRTOT,2045,0.046426939
GLOBAL,S1D2,LNDAGRFJIC04,LCONHRTOT,2046,0.04638
GLOBAL,S1D2,LNDAGRFJIC04,LCONHRTOT,2047,0.046332857
GLOBAL,S1D2,LNDAGRFJIC04,LCONHRTOT,2048,0.046390204
GLOBAL,S1D2,LNDAGRFJIC04,LCONHRTOT,2049,0.046290816
GLOBAL,S1D2,LNDAGRFJIC04,LCONHRTOT,2050,0.046191429
GLOBAL,S1D2,LNDAGRFJIC04,LFORTOT,2040,6.2857861
GLOBAL,S1D2,LNDAGRFJIC04,LYAMHRTOT,2021,0.059223846
GLOBAL,S1D2,LNDAGRFJIC04,LYAMHRTOT,2022,0.059481978
GLOBAL,S1D2,LNDAGRFJIC04,LYAMHRTOT,2023,0.05974022
GLOBAL,S1D2,LNDAGRFJIC04,LYAMHRTOT,2024,0.059998352
GLOBAL,S1D2,LNDAGRFJIC04,LYAMHRTOT,2025,0.060256484
GLOBAL,S1D2,LNDAGRFJIC04,LYAMHRTOT,2026,0.060450989
GLOBAL,S1D2,LNDAGRFJIC04,LYAMHRTOT,2027,0.060645495
GLOBAL,S1D2,LNDAGRFJIC04,LYAMHRTOT,2028,0.06084
GLOBAL,S1D2,LNDAGRFJIC04,LYAMHRTOT,2029,0.061034396
GLOBAL,S1D2,LNDAGRFJIC04,LYAMHRTOT,2030,0.061228901
GLOBAL,S1D2,LNDAGRFJIC04,LYAMHRTOT,2031,0.061361978
GLOBAL,S1D2,LNDAGRFJIC04,LYAMHRTOT,2032,0.061495055
GLOBAL,S1D2,LNDAGRFJIC04,LYAMHRTOT,2033,0.061628132
GLOBAL,S1D2,LNDAGRFJIC04,LYAMHRTOT,2034,0.061761209
GLOBAL,S1D2,LNDAGRFJIC04,LYAMHRTOT,2035,0.061894176
GLOBAL,S1D2,LNDAGRFJIC04,LYAMHRTOT,2036,0.061953846
GLOBAL,S1D2,LNDAGRFJIC04,LYAMHRTOT,2037,0.062013407
GLOBAL,S1D2,LNDAGRFJIC04,LYAMHRTOT,2038,0.062072967
GLOBAL,S1D2,LNDAGRFJIC04,LYAMHRTOT,2039,0.06245033
GLOBAL,S1D2,LNDAGRFJIC04,LYAMHRTOT,2040,0.062192198
GLOBAL,S1D2,LNDAGRFJIC04,LYAMHRTOT,2041,0.062182967
GLOBAL,S1D2,LNDAGRFJIC04,LYAMHRTOT,2042,0.062173736
GLOBAL,S1D2,LNDAGRFJIC04,LYAMHRTOT,2043,0.062164615
GLOBAL,S1D2,LNDAGRFJIC04,LYAMHRTOT,2044,0.062155385
GLOBAL,S1D2,LNDAGRFJIC04,LYAMHRTOT,2045,0.062146154
GLOBAL,S1D2,LNDAGRFJIC04,LYAMHRTOT,2046,0.062083077
GLOBAL,S1D2,LNDAGRFJIC04,LYAMHRTOT,2047,0.06202
GLOBAL,S1D2,LNDAGRFJIC04,LYAMHRTOT,2048,0.062096813
GLOBAL,S1D2,LNDAGRFJIC04,LYAMHRTOT,2049,0.061963736
GLOBAL,S1D2,LNDAGRFJIC04,LYAMHRTOT,2050,0.061830769
GLOBAL,S1D2,LNDAGRFJIC04,WTRPRCFJI,2021,0.2172822204
GLOBAL,S1D2,LNDAGRFJIC04,WTRPRCFJI,2022,0.2182292973
GLOBAL,S1D2,LNDAGRFJIC04,WTRPRCFJI,2023,0.21917660519999999
GLOBAL,S1D2,LNDAGRFJIC04,WTRPRCFJI,2024,0.2201236821
GLOBAL,S1D2,LNDAGRFJIC04,WTRPRCFJI,2025,0.221070759
GLOBAL,S1D2,LNDAGRFJIC04,WTRPRCFJI,2026,0.22178436210000002
GLOBAL,S1D2,LNDAGRFJIC04,WTRPRCFJI,2027,0.2224979673
GLOBAL,S1D2,LNDAGRFJIC04,WTRPRCFJI,2028,0.2232115704
GLOBAL,S1D2,LNDAGRFJIC04,WTRPRCFJI,2029,0.22392494670000002
GLOBAL,S1D2,LNDAGRFJIC04,WTRPRCFJI,2030,0.2246385498
GLOBAL,S1D2,LNDAGRFJIC04,WTRPRCFJI,2031,0.2251267242
GLOBAL,S1D2,LNDAGRFJIC04,WTRPRCFJI,2032,0.2256149007
GLOBAL,S1D2,LNDAGRFJIC04,WTRPRCFJI,2033,0.2261030772
GLOBAL,S1D2,LNDAGRFJIC04,WTRPRCFJI,2034,0.2265912537
GLOBAL,S1D2,LNDAGRFJIC04,WTRPRCFJI,2035,0.22707919920000003
GLOBAL,S1D2,LNDAGRFJIC04,WTRPRCFJI,2036,0.22729793310000002
GLOBAL,S1D2,LNDAGRFJIC04,WTRPRCFJI,2037,0.22751686860000003
GLOBAL,S1D2,LNDAGRFJIC04,WTRPRCFJI,2038,0.2277353736
GLOBAL,S1D2,LNDAGRFJIC04,WTRPRCFJI,2039,0.2291196936
GLOBAL,S1D2,LNDAGRFJIC04,WTRPRCFJI,2040,13.4283234267
GLOBAL,S1D2,LNDAGRFJIC04,WTRPRCFJI,2041,0.22813865970000002
GLOBAL,S1D2,LNDAGRFJIC04,WTRPRCFJI,2042,0.22810513110000002
GLOBAL,S1D2,LNDAGRFJIC04,WTRPRCFJI,2043,0.2280714051
GLOBAL,S1D2,LNDAGRFJIC04,WTRPRCFJI,2044,0.2280374523
GLOBAL,S1D2,LNDAGRFJIC04,WTRPRCFJI,2045,0.22800349530000003
GLOBAL,S1D2,LNDAGRFJIC04,WTRPRCFJI,2046,0.22777246169999998
GLOBAL,S1D2,LNDAGRFJIC04,WTRPRCFJI,2047,0.2275409997
GLOBAL,S1D2,LNDAGRFJIC04,WTRPRCFJI,2048,0.2278227357
GLOBAL,S1D2,LNDAGRFJIC04,WTRPRCFJI,2049,0.2273345592
GLOBAL,S1D2,LNDAGRFJIC04,WTRPRCFJI,2050,0.2268466158
GLOBAL,S1D2,LNDCASHRTOT,LTOT,2021,0.073357143
GLOBAL,S1D2,LNDCASHRTOT,LTOT,2022,0.073676939
GLOBAL,S1D2,LNDCASHRTOT,LTOT,2023,0.073996633
GLOBAL,S1D2,LNDCASHRTOT,LTOT,2024,0.074316429
GLOBAL,S1D2,LNDCASHRTOT,LTOT,2025,0.074636224
GLOBAL,S1D2,LNDCASHRTOT,LTOT,2026,0.074877143
GLOBAL,S1D2,LNDCASHRTOT,LTOT,2027,0.075118061
GLOBAL,S1D2,LNDCASHRTOT,LTOT,2028,0.075358878
GLOBAL,S1D2,LNDCASHRTOT,LTOT,2029,0.075599796
GLOBAL,S1D2,LNDCASHRTOT,LTOT,2030,0.075840714
GLOBAL,S1D2,LNDCASHRTOT,LTOT,2031,0.07600551
GLOBAL,S1D2,LNDCASHRTOT,LTOT,2032,0.076170408
GLOBAL,S1D2,LNDCASHRTOT,LTOT,2033,0.076335204
GLOBAL,S1D2,LNDCASHRTOT,LTOT,2034,0.0765
GLOBAL,S1D2,LNDCASHRTOT,LTOT,2035,0.076664796
GLOBAL,S1D2,LNDCASHRTOT,LTOT,2036,0.076738571
GLOBAL,S1D2,LNDCASHRTOT,LTOT,2037,0.076812449
GLOBAL,S1D2,LNDCASHRTOT,LTOT,2038,0.076886224
GLOBAL,S1D2,LNDCASHRTOT,LTOT,2039,0.077353673
GLOBAL,S1D2,LNDCASHRTOT,LTOT,2040,0.077033878
GLOBAL,S1D2,LNDCASHRTOT,LTOT,2041,0.077022449
GLOBAL,S1D2,LNDCASHRTOT,LTOT,2042,0.07701102
GLOBAL,S1D2,LNDCASHRTOT,LTOT,2043,0.076999694
GLOBAL,S1D2,LNDCASHRTOT,LTOT,2044,0.076988265
GLOBAL,S1D2,LNDCASHRTOT,LTOT,2045,0.076976837
GLOBAL,S1D2,LNDCASHRTOT,LTOT,2046,0.076898673
GLOBAL,S1D2,LNDCASHRTOT,LTOT,2047,0.076820612
GLOBAL,S1D2,LNDCASHRTOT,LTOT,2048,0.076915816
GLOBAL,S1D2,LNDCASHRTOT,LTOT,2049,0.07675102
GLOBAL,S1D2,LNDCASHRTOT,LTOT,2050,0.076586224
GLOBAL,S1D2,LNDCONHRTOT,LTOT,2021,0.044243878
GLOBAL,S1D2,LNDCONHRTOT,LTOT,2022,0.044436735
GLOBAL,S1D2,LNDCONHRTOT,LTOT,2023,0.044629592
GLOBAL,S1D2,LNDCONHRTOT,LTOT,2024,0.044822449
GLOBAL,S1D2,LNDCONHRTOT,LTOT,2025,0.045015306
GLOBAL,S1D2,LNDCONHRTOT,LTOT,2026,0.045160612
GLOBAL,S1D2,LNDCONHRTOT,LTOT,2027,0.045305918
GLOBAL,S1D2,LNDCONHRTOT,LTOT,2028,0.045451224
GLOBAL,S1D2,LNDCONHRTOT,LTOT,2029,0.045596531
GLOBAL,S1D2,LNDCONHRTOT,LTOT,2030,0.045741837
GLOBAL,S1D2,LNDCONHRTOT,LTOT,2031,0.045841224
GLOBAL,S1D2,LNDCONHRTOT,LTOT,2032,0.045940612
GLOBAL,S1D2,LNDCONHRTOT,LTOT,2033,0.04604
GLOBAL,S1D2,LNDCONHRTOT,LTOT,2034,0.046139388
GLOBAL,S1D2,LNDCONHRTOT,LTOT,2035,0.046238776
GLOBAL,S1D2,LNDCONHRTOT,LTOT,2036,0.046283265
GLOBAL,S1D2,LNDCONHRTOT,LTOT,2037,0.046327959
GLOBAL,S1D2,LNDCONHRTOT,LTOT,2038,0.046372449
GLOBAL,S1D2,LNDCONHRTOT,LTOT,2039,0.046654286
GLOBAL,S1D2,LNDCONHRTOT,LTOT,2040,0.046461429
GLOBAL,S1D2,LNDCONHRTOT,LTOT,2041,0.04645449
GLOBAL,S1D2,LNDCONHRTOT,LTOT,2042,0.046447755
GLOBAL,S1D2,LNDCONHRTOT,LTOT,2043,0.046440816
GLOBAL,S1D2,LNDCONHRTOT,LTOT,2044,0.046433878
GLOBAL,S1D2,LNDCONHRTOT,LTOT,2045,0.046426939
GLOBAL,S1D2,LNDCONHRTOT,LTOT,2046,0.04638
GLOBAL,S1D2,LNDCONHRTOT,LTOT,2047,0.046332857
GLOBAL,S1D2,LNDCONHRTOT,LTOT,2048,0.046390204
GLOBAL,S1D2,LNDCONHRTOT,LTOT,2049,0.046290816
GLOBAL,S1D2,LNDCONHRTOT,LTOT,2050,0.046191429
GLOBAL,S1D2,LNDFORTOT,LTOT,2023,0.12120021
GLOBAL,S1D2,LNDFORTOT,LTOT,2024,0.091137389
GLOBAL,S1D2,LNDFORTOT,LTOT,2025,0.06107501
GLOBAL,S1D2,LNDFORTOT,LTOT,2026,0.038409284
GLOBAL,S1D2,LNDFORTOT,LTOT,2027,0.015743997
GLOBAL,S1D2,LNDFORTOT,LTOT,2040,6.2857861
GLOBAL,S1D2,LNDOTHHRTOT,LTOT,2021,0.067992391
GLOBAL,S1D2,LNDOTHHRTOT,LTOT,2022,0.068288696
GLOBAL,S1D2,LNDOTHHRTOT,LTOT,2023,0.068585109
GLOBAL,S1D2,LNDOTHHRTOT,LTOT,2024,0.068881522
GLOBAL,S1D2,LNDOTHHRTOT,LTOT,2025,0.069177826
GLOBAL,S1D2,LNDOTHHRTOT,LTOT,2026,0.069401196
GLOBAL,S1D2,LNDOTHHRTOT,LTOT,2027,0.069624457
GLOBAL,S1D2,LNDOTHHRTOT,LTOT,2028,0.069847717
GLOBAL,S1D2,LNDOTHHRTOT,LTOT,2029,0.070070978
GLOBAL,S1D2,LNDOTHHRTOT,LTOT,2030,0.070294348
GLOBAL,S1D2,LNDOTHHRTOT,LTOT,2031,0.070447065
GLOBAL,S1D2,LNDOTHHRTOT,LTOT,2032,0.070599783
GLOBAL,S1D2,LNDOTHHRTOT,LTOT,2033,0.070752609
GLOBAL,S1D2,LNDOTHHRTOT,LTOT,2034,0.070905326
GLOBAL,S1D2,LNDOTHHRTOT,LTOT,2035,0.071058152
GLOBAL,S1D2,LNDOTHHRTOT,LTOT,2036,0.071126522
GLOBAL,S1D2,LNDOTHHRTOT,LTOT,2037,0.071194891
GLOBAL,S1D2,LNDOTHHRTOT,LTOT,2038,0.07126337
GLOBAL,S1D2,LNDOTHHRTOT,LTOT,2039,0.071696522
GLOBAL,S1D2,LNDOTHHRTOT,LTOT,2040,0.071400217
GLOBAL,S1D2,LNDOTHHRTOT,LTOT,2041,0.071389565
GLOBAL,S1D2,LNDOTHHRTOT,LTOT,2042,0.071379022
GLOBAL,S1D2,LNDOTHHRTOT,LTOT,2043,0.071368478
GLOBAL,S1D2,LNDOTHHRTOT,LTOT,2044,0.071357935
GLOBAL,S1D2,LNDOTHHRTOT,LTOT,2045,0.071347283
GLOBAL,S1D2,LNDOTHHRTOT,LTOT,2046,0.071274891
GLOBAL,S1D2,LNDOTHHRTOT,LTOT,2047,0.0712025
GLOBAL,S1D2,LNDOTHHRTOT,LTOT,2048,0.07129087
GLOBAL,S1D2,LNDOTHHRTOT,LTOT,2049,0.071138152
GLOBAL,S1D2,LNDOTHHRTOT,LTOT,2050,0.070985326
GLOBAL,S1D2,LNDSGCHRTOT,LTOT,2021,1.5690909
GLOBAL,S1D2,LNDSGCHRTOT,LTOT,2022,1.5759273
GLOBAL,S1D2,LNDSGCHRTOT,LTOT,2023,1.5827727
GLOBAL,S1D2,LNDSGCHRTOT,LTOT,2024,1.5896091
GLOBAL,S1D2,LNDSGCHRTOT,LTOT,2025,1.5964455
GLOBAL,S1D2,LNDSGCHRTOT,LTOT,2026,1.6016
GLOBAL,S1D2,LNDSGCHRTOT,LTOT,2027,1.6067545
GLOBAL,S1D2,LNDSGCHRTOT,LTOT,2028,1.6119091
GLOBAL,S1D2,LNDSGCHRTOT,LTOT,2029,1.6170636
GLOBAL,S1D2,LNDSGCHRTOT,LTOT,2030,1.6222182
GLOBAL,S1D2,LNDSGCHRTOT,LTOT,2031,1.6257364
GLOBAL,S1D2,LNDSGCHRTOT,LTOT,2032,1.6292636
GLOBAL,S1D2,LNDSGCHRTOT,LTOT,2033,1.6327909
GLOBAL,S1D2,LNDSGCHRTOT,LTOT,2034,1.6363182
GLOBAL,S1D2,LNDSGCHRTOT,LTOT,2035,1.6398364
GLOBAL,S1D2,LNDSGCHRTOT,LTOT,2036,1.6414182
GLOBAL,S1D2,LNDSGCHRTOT,LTOT,2037,1.643
GLOBAL,S1D2,LNDSGCHRTOT,LTOT,2038,1.6445818
GLOBAL,S1D2,LNDSGCHRTOT,LTOT,2039,1.6545727
GLOBAL,S1D2,LNDSGCHRTOT,LTOT,2040,1.6477364
GLOBAL,S1D2,LNDSGCHRTOT,LTOT,2041,1.6474909
GLOBAL,S1D2,LNDSGCHRTOT,LTOT,2042,1.6472455
GLOBAL,S1D2,LNDSGCHRTOT,LTOT,2043,1.647
GLOBAL,S1D2,LNDSGCHRTOT,LTOT,2044,1.6467636
GLOBAL,S1D2,LNDSGCHRTOT,LTOT,2045,1.6465182
GLOBAL,S1D2,LNDSGCHRTOT,LTOT,2046,1.6448455
GLOBAL,S1D2,LNDSGCHRTOT,LTOT,2047,1.6431727
GLOBAL,S1D2,LNDSGCHRTOT,LTOT,2048,1.6452091
GLOBAL,S1D2,LNDSGCHRTOT,LTOT,2049,1.6416818
GLOBAL,S1D2,LNDSGCHRTOT,LTOT,2050,1.6381636
GLOBAL,S1D2,LNDYAMHRTOT,LTOT,2021,0.059223846
GLOBAL,S1D2,LNDYAMHRTOT,LTOT,2022,0.059481978
GLOBAL,S1D2,LNDYAMHRTOT,LTOT,2023,0.05974022
GLOBAL,S1D2,LNDYAMHRTOT,LTOT,2024,0.059998352
GLOBAL,S1D2,LNDYAMHRTOT,LTOT,2025,0.060256484
GLOBAL,S1D2,LNDYAMHRTOT,LTOT,2026,0.060450989
GLOBAL,S1D2,LNDYAMHRTOT,LTOT,2027,0.060645495
GLOBAL,S1D2,LNDYAMHRTOT,LTOT,2028,0.06084
GLOBAL,S1D2,LNDYAMHRTOT,LTOT,2029,0.061034396
GLOBAL,S1D2,LNDYAMHRTOT,LTOT,2030,0.061228901
GLOBAL,S1D2,LNDYAMHRTOT,LTOT,2031,0.061361978
GLOBAL,S1D2,LNDYAMHRTOT,LTOT,2032,0.061495055
GLOBAL,S1D2,LNDYAMHRTOT,LTOT,2033,0.061628132
GLOBAL,S1D2,LNDYAMHRTOT,LTOT,2034,0.061761209
GLOBAL,S1D2,LNDYAMHRTOT,LTOT,2035,0.061894176
GLOBAL,S1D2,LNDYAMHRTOT,LTOT,2036,0.061953846
GLOBAL,S1D2,LNDYAMHRTOT,LTOT,2037,0.062013407
GLOBAL,S1D2,LNDYAMHRTOT,LTOT,2038,0.062072967
GLOBAL,S1D2,LNDYAMHRTOT,LTOT,2039,0.06245033
GLOBAL,S1D2,LNDYAMHRTOT,LTOT,2040,0.062192198
GLOBAL,S1D2,LNDYAMHRTOT,LTOT,2041,0.062182967
GLOBAL,S1D2,LNDYAMHRTOT,LTOT,2042,0.062173736
GLOBAL,S1D2,LNDYAMHRTOT,LTOT,2043,0.062164615
GLOBAL,S1D2,LNDYAMHRTOT,LTOT,2044,0.062155385
GLOBAL,S1D2,LNDYAMHRTOT,LTOT,2045,0.062146154
GLOBAL,S1D2,LNDYAMHRTOT,LTOT,2046,0.062083077
GLOBAL,S1D2,LNDYAMHRTOT,LTOT,2047,0.06202
GLOBAL,S1D2,LNDYAMHRTOT,LTOT,2048,0.062096813
GLOBAL,S1D2,LNDYAMHRTOT,LTOT,2049,0.061963736
GLOBAL,S1D2,LNDYAMHRTOT,LTOT,2050,0.061830769
GLOBAL,S1D2,PWRBIOFJIXX01,BIOFJIXX,2021,8.396586143999999
GLOBAL,S1D2,PWRBIOFJIXX01,BIOFJIXX,2023,4.112440481999999
GLOBAL,S1D2,PWRBIOFJIXX01,BIOFJIXX,2024,4.420629296
GLOBAL,S1D2,PWRBIOFJIXX01,BIOFJIXX,2025,4.690294173999999
GLOBAL,S1D2,PWRBIOFJIXX01,BIOFJIXX,2026,5.268148247999999
GLOBAL,S1D2,PWRBIOFJIXX01,BIOFJIXX,2027,5.846002322
GLOBAL,S1D2,PWRBIOFJIXX01,BIOFJIXX,2028,6.366533093999999
GLOBAL,S1D2,PWRBIOFJIXX01,BIOFJIXX,2029,5.280167496
GLOBAL,S1D2,PWRBIOFJIXX01,BIOFJIXX,2030,4.841940152
GLOBAL,S1D2,PWRBIOFJIXX01,BIOFJIXX,2031,3.0350123088
GLOBAL,S1D2,PWRBIOFJIXX01,BIOFJIXX,2032,1.2046751999999998
GLOBAL,S1D2,PWRBIOFJIXX01,BIOFJIXX,2033,1.2046751999999998
GLOBAL,S1D2,PWRBIOFJIXX01,BIOFJIXX,2034,1.4133757048
GLOBAL,S1D2,PWRBIOFJIXX01,BIOFJIXX,2035,1.5126452808
GLOBAL,S1D2,PWRBIOFJIXX01,BIOFJIXX,2036,3.0912924451999997
GLOBAL,S1D2,PWRBIOFJIXX01,BIOFJIXX,2037,4.002161666
GLOBAL,S1D2,PWRBIOFJIXX01,BIOFJIXX,2038,3.6699667878
GLOBAL,S1D2,PWRBIOFJIXX01,BIOFJIXX,2039,4.6609202839999995
GLOBAL,S1D2,PWRBIOFJIXX01,BIOFJIXX,2040,6.802345816
GLOBAL,S1D2,PWRBIOFJIXX01,BIOFJIXX,2041,8.707760288000001
GLOBAL,S1D2,PWRBIOFJIXX01,BIOFJIXX,2042,8.263676502
GLOBAL,S1D2,PWRBIOFJIXX01,BIOFJIXX,2043,10.131630525999999
GLOBAL,S1D2,PWRBIOFJIXX01,BIOFJIXX,2044,12.224141721999999
GLOBAL,S1D2,PWRBIOFJIXX01,BIOFJIXX,2045,14.213453708
GLOBAL,S1D2,PWRBIOFJIXX01,BIOFJIXX,2046,14.603809194
GLOBAL,S1D2,PWRBIOFJIXX01,BIOFJIXX,2047,14.9134328
GLOBAL,S1D2,PWRBIOFJIXX01,BIOFJIXX,2048,8.967369016000001
GLOBAL,S1D2,PWRBIOFJIXX01,BIOFJIXX,2049,13.711109574
GLOBAL,S1D2,PWRBIOFJIXX01,BIOFJIXX,2050,15.235335032
GLOBAL,S1D2,PWRHYDFJIXX01,HYDFJIXX,2021,1.1803192
GLOBAL,S1D2,PWRHYDFJIXX01,HYDFJIXX,2022,2.3852916
GLOBAL,S1D2,PWRHYDFJIXX01,HYDFJIXX,2023,2.3852916
GLOBAL,S1D2,PWRHYDFJIXX01,HYDFJIXX,2024,2.3852916
GLOBAL,S1D2,PWRHYDFJIXX01,HYDFJIXX,2025,2.3852916
GLOBAL,S1D2,PWRHYDFJIXX01,HYDFJIXX,2026,2.3852916
GLOBAL,S1D2,PWRHYDFJIXX01,HYDFJIXX,2027,2.3852916
GLOBAL,S1D2,PWRHYDFJIXX01,HYDFJIXX,2028,2.3852916
GLOBAL,S1D2,PWRHYDFJIXX01,HYDFJIXX,2029,2.3852916
GLOBAL,S1D2,PWRHYDFJIXX01,HYDFJIXX,2030,2.3852916
GLOBAL,S1D2,PWRHYDFJIXX01,HYDFJIXX,2031,2.3852916
GLOBAL,S1D2,PWRHYDFJIXX01,HYDFJIXX,2032,2.3852916
GLOBAL,S1D2,PWRHYDFJIXX01,HYDFJIXX,2033,1.0927796
GLOBAL,S1D2,PWRHYDFJIXX01,HYDFJIXX,2034,2.3852916
GLOBAL,S1D2,PWRHYDFJIXX01,HYDFJIXX,2035,1.0547126
GLOBAL,S1D2,PWRHYDFJIXX01,HYDFJIXX,2036,2.2758666
GLOBAL,S1D2,PWRHYDFJIXX01,HYDFJIXX,2037,1.0547126
GLOBAL,S1D2,PWRHYDFJIXX01,HYDFJIXX,2038,1.0547126
GLOBAL,S1D2,PWRHYDFJIXX01,HYDFJIXX,2039,1.0547126
GLOBAL,S1D2,PWRHYDFJIXX01,HYDFJIXX,2040,1.145019
GLOBAL,S1D2,PWRHYDFJIXX01,HYDFJIXX,2041,1.0547126
GLOBAL,S1D2,PWRHYDFJIXX01,HYDFJIXX,2042,1.0547126
GLOBAL,S1D2,PWRHYDFJIXX01,HYDFJIXX,2043,1.0547126
GLOBAL,S1D2,PWRHYDFJIXX01,HYDFJIXX,2044,1.0547126
GLOBAL,S1D2,PWRHYDFJIXX01,HYDFJIXX,2045,1.0547126
GLOBAL,S1D2,PWRHYDFJIXX01,HYDFJIXX,2046,1.0547126
GLOBAL,S1D2,PWRHYDFJIXX01,HYDFJIXX,2047,1.0547126
GLOBAL,S1D2,PWRHYDFJIXX01,HYDFJIXX,2048,2.3852916
GLOBAL,S1D2,PWRHYDFJIXX01,HYDFJIXX,2049,1.0547126
GLOBAL,S1D2,PWRHYDFJIXX01,HYDFJIXX,2050,1.0547126
GLOBAL,S1D2,PWROILFJIXX01,OILINT,2022,3.317932305
GLOBAL,S1D2,PWROILFJIXX01,OILINT,2028,0.046368737759999994
GLOBAL,S1D2,PWROILFJIXX01,OILINT,2029,1.392556704
GLOBAL,S1D2,PWROILFJIXX01,OILINT,2030,2.2144656186
GLOBAL,S1D2,PWROILFJIXX01,OILINT,2031,3.77019552
GLOBAL,S1D2,PWROILFJIXX01,OILINT,2032,0.399012936
GLOBAL,S1D2,PWROILFJIXX01,OILINT,2033,4.263380841
GLOBAL,S1D2,PWROILFJIXX01,OILINT,2034,0.14764142364
GLOBAL,S1D2,PWROILFJIXX01,OILINT,2035,4.67741952
GLOBAL,S1D2,PWROILFJIXX01,OILINT,2036,0.21915860225999997
GLOBAL,S1D2,PWROILFJIXX01,OILINT,2037,3.847795308
GLOBAL,S1D2,PWROILFJIXX01,OILINT,2038,4.67741952
GLOBAL,S1D2,PWROILFJIXX01,OILINT,2039,4.67741952
GLOBAL,S1D2,PWROILFJIXX01,OILINT,2040,2.3814940854
GLOBAL,S1D2,PWROILFJIXX01,OILINT,2041,1.8048089921999997
GLOBAL,S1D2,PWROILFJIXX01,OILINT,2042,2.8184254310999997
GLOBAL,S1D2,PWROILFJIXX01,OILINT,2043,1.9618333367999998
GLOBAL,S1D2,PWROILFJIXX01,OILINT,2044,0.9547585823999999
GLOBAL,S1D2,PWRPETFJIXX01,PETINT,2031,0.4005559584
GLOBAL,S1D2,PWRPETFJIXX01,PETINT,2032,5.69894247
GLOBAL,S1D2,PWRPETFJIXX01,PETINT,2033,6.351786432
GLOBAL,S1D2,PWRPETFJIXX01,PETINT,2034,6.799048578
GLOBAL,S1D2,PWRPETFJIXX01,PETINT,2035,6.799048578
GLOBAL,S1D2,PWRPETFJIXX01,PETINT,2036,6.799048578
GLOBAL,S1D2,PWRPETFJIXX01,PETINT,2037,6.799048578
GLOBAL,S1D2,PWRPETFJIXX01,PETINT,2038,6.799048578
GLOBAL,S1D2,PWRPETFJIXX01,PETINT,2039,6.799048578
GLOBAL,S1D2,PWRPETFJIXX01,PETINT,2040,6.799048578
GLOBAL,S1D2,PWRPETFJIXX01,PETINT,2041,6.799048578
GLOBAL,S1D2,PWRPETFJIXX01,PETINT,2042,6.799048578
GLOBAL,S1D2,PWRPETFJIXX01,PETINT,2043,6.799048578
GLOBAL,S1D2,PWRPETFJIXX01,PETINT,2044,6.799048578
GLOBAL,S1D2,PWRPETFJIXX01,PETINT,2045,6.799048578
GLOBAL,S1D2,PWRPETFJIXX01,PETINT,2046,7.257835908
GLOBAL,S1D2,PWRPETFJIXX01,PETINT,2047,7.257835908
GLOBAL,S1D2,PWRPETFJIXX01,PETINT,2048,8.720822214
GLOBAL,S1D2,PWRPETFJIXX01,PETINT,2049,9.763914708000001
GLOBAL,S1D2,PWRPETFJIXX01,PETINT,2050,9.763914708000001
GLOBAL,S1D2,PWRSPVFJIXX01,SPVFJIXX,2040,0.27365372
GLOBAL,S1D2,PWRSPVFJIXX01,SPVFJIXX,2041,0.27365372
GLOBAL,S1D2,PWRSPVFJIXX01,SPVFJIXX,2042,0.27365372
GLOBAL,S1D2,PWRSPVFJIXX01,SPVFJIXX,2043,0.27365372
GLOBAL,S1D2,PWRSPVFJIXX01,SPVFJIXX,2044,0.27365372
GLOBAL,S1D2,PWRSPVFJIXX01,SPVFJIXX,2045,0.27365372
GLOBAL,S1D2,PWRSPVFJIXX01,SPVFJIXX,2046,0.27365372
GLOBAL,S1D2,PWRSPVFJIXX01,SPVFJIXX,2047,0.45480291
GLOBAL,S1D2,PWRSPVFJIXX01,SPVFJIXX,2048,0.45480291
GLOBAL,S1D2,PWRSPVFJIXX01,SPVFJIXX,2049,0.45480291
GLOBAL,S1D2,PWRSPVFJIXX01,SPVFJIXX,2050,0.30790877
GLOBAL,S1D2,PWRTRNFJIXX,ELCFJIXX01,2021,3.3783784
GLOBAL,S1D2,PWRTRNFJIXX,ELCFJIXX01,2022,3.4590561
GLOBAL,S1D2,PWRTRNFJIXX,ELCFJIXX01,2023,3.5296491
GLOBAL,S1D2,PWRTRNFJIXX,ELCFJIXX01,2024,3.6103267
GLOBAL,S1D2,PWRTRNFJIXX,ELCFJIXX01,2025,3.6809197
GLOBAL,S1D2,PWRTRNFJIXX,ELCFJIXX01,2026,3.8321904
GLOBAL,S1D2,PWRTRNFJIXX,ELCFJIXX01,2027,3.9834611
GLOBAL,S1D2,PWRTRNFJIXX,ELCFJIXX01,2028,4.1347317
GLOBAL,S1D2,PWRTRNFJIXX,ELCFJIXX01,2029,4.2860024
GLOBAL,S1D2,PWRTRNFJIXX,ELCFJIXX01,2030,4.4372731
GLOBAL,S1D2,PWRTRNFJIXX,ELCFJIXX01,2031,4.5986285
GLOBAL,S1D2,PWRTRNFJIXX,ELCFJIXX01,2032,4.7599839
GLOBAL,S1D2,PWRTRNFJIXX,ELCFJIXX01,2033,4.931424
GLOBAL,S1D2,PWRTRNFJIXX,ELCFJIXX01,2034,5.0927793
GLOBAL,S1D2,PWRTRNFJIXX,ELCFJIXX01,2035,5.2541347
GLOBAL,S1D2,PWRTRNFJIXX,ELCFJIXX01,2036,5.4457443
GLOBAL,S1D2,PWRTRNFJIXX,ELCFJIXX01,2037,5.6373538
GLOBAL,S1D2,PWRTRNFJIXX,ELCFJIXX01,2038,5.8188786
GLOBAL,S1D2,PWRTRNFJIXX,ELCFJIXX01,2039,6.0104881
GLOBAL,S1D2,PWRTRNFJIXX,ELCFJIXX01,2040,6.1920129
GLOBAL,S1D2,PWRTRNFJIXX,ELCFJIXX01,2041,6.4138766
GLOBAL,S1D2,PWRTRNFJIXX,ELCFJIXX01,2042,6.6256555
GLOBAL,S1D2,PWRTRNFJIXX,ELCFJIXX01,2043,6.8374344
GLOBAL,S1D2,PWRTRNFJIXX,ELCFJIXX01,2044,7.0592981
GLOBAL,S1D2,PWRTRNFJIXX,ELCFJIXX01,2045,7.271077
GLOBAL,S1D2,PWRTRNFJIXX,ELCFJIXX01,2046,7.5231948
GLOBAL,S1D2,PWRTRNFJIXX,ELCFJIXX01,2047,7.7853973
GLOBAL,S1D2,PWRTRNFJIXX,ELCFJIXX01,2048,8.0375151
GLOBAL,S1D2,PWRTRNFJIXX,ELCFJIXX01,2049,8.2896329
GLOBAL,S1D2,PWRTRNFJIXX,ELCFJIXX01,2050,8.5417507
GLOBAL,S1D2,PWRWONFJIXX01,WONFJIXX,2023,0.0678024
GLOBAL,S1D2,PWRWONFJIXX01,WONFJIXX,2024,0.0678024
GLOBAL,S1D2,PWRWONFJIXX01,WONFJIXX,2025,0.0678024
GLOBAL,S1D2,PWRWONFJIXX01,WONFJIXX,2026,0.0678024
GLOBAL,S1D2,PWRWONFJIXX01,WONFJIXX,2027,0.0678024
GLOBAL,S1D2,PWRWONFJIXX01,WONFJIXX,2028,0.0678024
GLOBAL,S1D2,PWRWONFJIXX01,WONFJIXX,2029,0.0678024
GLOBAL,S1D2,PWRWONFJIXX01,WONFJIXX,2030,0.0678024
GLOBAL,S1D2,PWRWONFJIXX01,WONFJIXX,2031,0.0678024
GLOBAL,S1D2,PWRWONFJIXX01,WONFJIXX,2032,0.0678024
GLOBAL,S1D2,PWRWONFJIXX01,WONFJIXX,2033,0.0678024
GLOBAL,S1D2,PWRWONFJIXX01,WONFJIXX,2034,0.0678024
GLOBAL,S1D2,PWRWONFJIXX01,WONFJIXX,2035,0.0678024
GLOBAL,S1D2,PWRWONFJIXX01,WONFJIXX,2036,0.0678024
GLOBAL,S1D2,PWRWONFJIXX01,WONFJIXX,2037,0.0678024
GLOBAL,S1D2,PWRWONFJIXX01,WONFJIXX,2038,0.0678024
GLOBAL,S2D1,LNDAGRFJIC01,LCASHRTOT,2021,0.073357143
GLOBAL,S2D1,LNDAGRFJIC01,LCASHRTOT,2022,0.073676939
GLOBAL,S2D1,LNDAGRFJIC01,LCASHRTOT,2023,0.073996633
GLOBAL,S2D1,LNDAGRFJIC01,LCASHRTOT,2024,0.074316429
GLOBAL,S2D1,LNDAGRFJIC01,LCASHRTOT,2025,0.074636224
GLOBAL,S2D1,LNDAGRFJIC01,LCASHRTOT,2026,0.074877143
GLOBAL,S2D1,LNDAGRFJIC01,LCASHRTOT,2027,0.075118061
GLOBAL,S2D1,LNDAGRFJIC01,LCASHRTOT,2028,0.075358878
GLOBAL,S2D1,LNDAGRFJIC01,LCASHRTOT,2029,0.075599796
GLOBAL,S2D1,LNDAGRFJIC01,LCASHRTOT,2030,0.075840714
GLOBAL,S2D1,LNDAGRFJIC01,LCASHRTOT,2031,0.07600551
GLOBAL,S2D1,LNDAGRFJIC01,LCASHRTOT,2032,0.076170408
GLOBAL,S2D1,LNDAGRFJIC01,LCASHRTOT,2033,0.076335204
GLOBAL,S2D1,LNDAGRFJIC01,LCASHRTOT,2034,0.0765
GLOBAL,S2D1,LNDAGRFJIC01,LCASHRTOT,2035,0.076664796
GLOBAL,S2D1,LNDAGRFJIC01,LCASHRTOT,2036,0.076738571
GLOBAL,S2D1,LNDAGRFJIC01,LCASHRTOT,2037,0.076812449
GLOBAL,S2D1,LNDAGRFJIC01,LCASHRTOT,2038,0.076886224
GLOBAL,S2D1,LNDAGRFJIC01,LCASHRTOT,2039,0.055497267
GLOBAL,S2D1,LNDAGRFJIC01,LCASHRTOT,2040,0.077033878
GLOBAL,S2D1,LNDAGRFJIC01,LCASHRTOT,2041,0.077022449
GLOBAL,S2D1,LNDAGRFJIC01,LCASHRTOT,2042,0.07701102
GLOBAL,S2D1,LNDAGRFJIC01,LCASHRTOT,2043,0.076999694
GLOBAL,S2D1,LNDAGRFJIC01,LCASHRTOT,2044,0.076988265
GLOBAL,S2D1,LNDAGRFJIC01,LCASHRTOT,2045,0.076976837
GLOBAL,S2D1,LNDAGRFJIC01,LCASHRTOT,2046,0.076898673
GLOBAL,S2D1,LNDAGRFJIC01,LCASHRTOT,2047,0.076820612
GLOBAL,S2D1,LNDAGRFJIC01,LCASHRTOT,2048,0.076228124
GLOBAL,S2D1,LNDAGRFJIC01,LCASHRTOT,2049,0.076407376
GLOBAL,S2D1,LNDAGRFJIC01,LCASHRTOT,2050,0.076586224
GLOBAL,S2D1,LNDAGRFJIC01,LCONHRTOT,2039,0.0010228933
GLOBAL,S2D1,LNDAGRFJIC01,LFORTOT,2021,1.7474311
GLOBAL,S2D1,LNDAGRFJIC01,LFORTOT,2022,1.7247059
GLOBAL,S2D1,LNDAGRFJIC01,LFORTOT,2041,1.4593815
GLOBAL,S2D1,LNDAGRFJIC01,LOTHHRTOT,2021,0.067992391
GLOBAL,S2D1,LNDAGRFJIC01,LOTHHRTOT,2022,0.068288696
GLOBAL,S2D1,LNDAGRFJIC01,LOTHHRTOT,2023,0.068585109
GLOBAL,S2D1,LNDAGRFJIC01,LOTHHRTOT,2024,0.068881522
GLOBAL,S2D1,LNDAGRFJIC01,LOTHHRTOT,2025,0.069177826
GLOBAL,S2D1,LNDAGRFJIC01,LOTHHRTOT,2026,0.069401196
GLOBAL,S2D1,LNDAGRFJIC01,LOTHHRTOT,2027,0.069624457
GLOBAL,S2D1,LNDAGRFJIC01,LOTHHRTOT,2028,0.069847717
GLOBAL,S2D1,LNDAGRFJIC01,LOTHHRTOT,2029,0.070070978
GLOBAL,S2D1,LNDAGRFJIC01,LOTHHRTOT,2030,0.070294348
GLOBAL,S2D1,LNDAGRFJIC01,LOTHHRTOT,2031,0.070447065
GLOBAL,S2D1,LNDAGRFJIC01,LOTHHRTOT,2032,0.070599783
GLOBAL,S2D1,LNDAGRFJIC01,LOTHHRTOT,2033,0.070752609
GLOBAL,S2D1,LNDAGRFJIC01,LOTHHRTOT,2034,0.070905326
GLOBAL,S2D1,LNDAGRFJIC01,LOTHHRTOT,2035,0.071058152
GLOBAL,S2D1,LNDAGRFJIC01,LOTHHRTOT,2036,0.071126522
GLOBAL,S2D1,LNDAGRFJIC01,LOTHHRTOT,2037,0.071194891
GLOBAL,S2D1,LNDAGRFJIC01,LOTHHRTOT,2038,0.07126337
GLOBAL,S2D1,LNDAGRFJIC01,LOTHHRTOT,2039,0.066149781
GLOBAL,S2D1,LNDAGRFJIC01,LOTHHRTOT,2040,0.071400217
GLOBAL,S2D1,LNDAGRFJIC01,LOTHHRTOT,2041,0.071389565
GLOBAL,S2D1,LNDAGRFJIC01,LOTHHRTOT,2042,0.071379022
GLOBAL,S2D1,LNDAGRFJIC01,LOTHHRTOT,2043,0.071368478
GLOBAL,S2D1,LNDAGRFJIC01,LOTHHRTOT,2044,0.071357935
GLOBAL,S2D1,LNDAGRFJIC01,LOTHHRTOT,2045,0.071347283
GLOBAL,S2D1,LNDAGRFJIC01,LOTHHRTOT,2046,0.071274891
GLOBAL,S2D1,LNDAGRFJIC01,LOTHHRTOT,2047,0.0712025
GLOBAL,S2D1,LNDAGRFJIC01,LOTHHRTOT,2048,0.070653183
GLOBAL,S2D1,LNDAGRFJIC01,LOTHHRTOT,2049,0.070819093
GLOBAL,S2D1,LNDAGRFJIC01,LOTHHRTOT,2050,0.070985326
GLOBAL,S2D1,LNDAGRFJIC01,LSGCHRTOT,2021,1.5690909
GLOBAL,S2D1,LNDAGRFJIC01,LSGCHRTOT,2022,1.5759273
GLOBAL,S2D1,LNDAGRFJIC01,LSGCHRTOT,2023,1.5827727
GLOBAL,S2D1,LNDAGRFJIC01,LSGCHRTOT,2024,1.5896091
GLOBAL,S2D1,LNDAGRFJIC01,LSGCHRTOT,2025,1.5964455
GLOBAL,S2D1,LNDAGRFJIC01,LSGCHRTOT,2026,1.6016
GLOBAL,S2D1,LNDAGRFJIC01,LSGCHRTOT,2027,1.6067545
GLOBAL,S2D1,LNDAGRFJIC01,LSGCHRTOT,2028,1.6119091
GLOBAL,S2D1,LNDAGRFJIC01,LSGCHRTOT,2029,1.6170636
GLOBAL,S2D1,LNDAGRFJIC01,LSGCHRTOT,2030,1.6222182
GLOBAL,S2D1,LNDAGRFJIC01,LSGCHRTOT,2031,1.6257364
GLOBAL,S2D1,LNDAGRFJIC01,LSGCHRTOT,2032,1.6292636
GLOBAL,S2D1,LNDAGRFJIC01,LSGCHRTOT,2033,1.6327909
GLOBAL,S2D1,LNDAGRFJIC01,LSGCHRTOT,2034,1.6363182
GLOBAL,S2D1,LNDAGRFJIC01,LSGCHRTOT,2035,1.6398364
GLOBAL,S2D1,LNDAGRFJIC01,LSGCHRTOT,2036,1.6414182
GLOBAL,S2D1,LNDAGRFJIC01,LSGCHRTOT,2037,1.643
GLOBAL,S2D1,LNDAGRFJIC01,LSGCHRTOT,2038,1.6445818
GLOBAL,S2D1,LNDAGRFJIC01,LSGCHRTOT,2039,1.6545727
GLOBAL,S2D1,LNDAGRFJIC01,LSGCHRTOT,2040,1.6477364
GLOBAL,S2D1,LNDAGRFJIC01,LSGCHRTOT,2041,1.6474909
GLOBAL,S2D1,LNDAGRFJIC01,LSGCHRTOT,2042,1.6472455
GLOBAL,S2D1,LNDAGRFJIC01,LSGCHRTOT,2043,1.647
GLOBAL,S2D1,LNDAGRFJIC01,LSGCHRTOT,2044,1.6467636
GLOBAL,S2D1,LNDAGRFJIC01,LSGCHRTOT,2045,1.6465182
GLOBAL,S2D1,LNDAGRFJIC01,LSGCHRTOT,2046,1.6448455
GLOBAL,S2D1,LNDAGRFJIC01,LSGCHRTOT,2047,1.6431727
GLOBAL,S2D1,LNDAGRFJIC01,LSGCHRTOT,2048,1.6452091
GLOBAL,S2D1,LNDAGRFJIC01,LSGCHRTOT,2049,1.6416818
GLOBAL,S2D1,LNDAGRFJIC01,LSGCHRTOT,2050,1.6381636
GLOBAL,S2D1,LNDAGRFJIC01,WTRPRCFJI,2021,9.3362531418
GLOBAL,S2D1,LNDAGRFJIC01,WTRPRCFJI,2022,9.295016854500002
GLOBAL,S2D1,LNDAGRFJIC01,WTRPRCFJI,2023,4.6584569934
GLOBAL,S2D1,LNDAGRFJIC01,WTRPRCFJI,2024,4.678579037700001
GLOBAL,S2D1,LNDAGRFJIC01,WTRPRCFJI,2025,4.698700785
GLOBAL,S2D1,LNDAGRFJIC01,WTRPRCFJI,2026,4.7138715153
GLOBAL,S2D1,LNDAGRFJIC01,WTRPRCFJI,2027,4.7290419486
GLOBAL,S2D1,LNDAGRFJIC01,WTRPRCFJI,2028,4.744212376500001
GLOBAL,S2D1,LNDAGRFJIC01,WTRPRCFJI,2029,4.759382809800001
GLOBAL,S2D1,LNDAGRFJIC01,WTRPRCFJI,2030,4.7745538074
GLOBAL,S2D1,LNDAGRFJIC01,WTRPRCFJI,2031,4.784910232500001
GLOBAL,S2D1,LNDAGRFJIC01,WTRPRCFJI,2032,4.7952912357000015
GLOBAL,S2D1,LNDAGRFJIC01,WTRPRCFJI,2033,4.8056725251
GLOBAL,S2D1,LNDAGRFJIC01,WTRPRCFJI,2034,4.8160535202000005
GLOBAL,S2D1,LNDAGRFJIC01,WTRPRCFJI,2035,4.8264102396
GLOBAL,S2D1,LNDAGRFJIC01,WTRPRCFJI,2036,4.8310648911000005
GLOBAL,S2D1,LNDAGRFJIC01,WTRPRCFJI,2037,4.835719818
GLOBAL,S2D1,LNDAGRFJIC01,WTRPRCFJI,2038,4.840374763800001
GLOBAL,S2D1,LNDAGRFJIC01,WTRPRCFJI,2039,4.79855513151
GLOBAL,S2D1,LNDAGRFJIC01,WTRPRCFJI,2040,4.8496603364999995
GLOBAL,S2D1,LNDAGRFJIC01,WTRPRCFJI,2041,8.7892679178
GLOBAL,S2D1,LNDAGRFJIC01,WTRPRCFJI,2042,4.8482159634
GLOBAL,S2D1,LNDAGRFJIC01,WTRPRCFJI,2043,4.8474940644
GLOBAL,S2D1,LNDAGRFJIC01,WTRPRCFJI,2044,4.84679646
GLOBAL,S2D1,LNDAGRFJIC01,WTRPRCFJI,2045,4.846074264000001
GLOBAL,S2D1,LNDAGRFJIC01,WTRPRCFJI,2046,4.8411514728
GLOBAL,S2D1,LNDAGRFJIC01,WTRPRCFJI,2047,4.8362286924
GLOBAL,S2D1,LNDAGRFJIC01,WTRPRCFJI,2048,4.838644098900001
GLOBAL,S2D1,LNDAGRFJIC01,WTRPRCFJI,2049,4.830052326300001
GLOBAL,S2D1,LNDAGRFJIC01,WTRPRCFJI,2050,4.821484905
GLOBAL,S2D1,LNDAGRFJIC02,LCASHRTOT,2039,0.021856406
GLOBAL,S2D1,LNDAGRFJIC02,LFORTOT,2022,34.550575
GLOBAL,S2D1,LNDAGRFJIC02,LFORTOT,2023,34.550575
GLOBAL,S2D1,LNDAGRFJIC02,LFORTOT,2024,34.550575
GLOBAL,S2D1,LNDAGRFJIC02,LFORTOT,2025,34.550575
GLOBAL,S2D1,LNDAGRFJIC02,LFORTOT,2026,34.550575
GLOBAL,S2D1,LNDAGRFJIC02,LFORTOT,2027,34.550575
GLOBAL,S2D1,LNDAGRFJIC02,LFORTOT,2028,34.54377
GLOBAL,S2D1,LNDAGRFJIC02,LFORTOT,2029,34.521482
GLOBAL,S2D1,LNDAGRFJIC02,LFORTOT,2030,34.499194
GLOBAL,S2D1,LNDAGRFJIC02,LFORTOT,2031,34.483979
GLOBAL,S2D1,LNDAGRFJIC02,LFORTOT,2032,34.468727
GLOBAL,S2D1,LNDAGRFJIC02,LFORTOT,2033,34.453476
GLOBAL,S2D1,LNDAGRFJIC02,LFORTOT,2035,34.423009
GLOBAL,S2D1,LNDAGRFJIC02,LFORTOT,2037,34.409332
GLOBAL,S2D1,LNDAGRFJIC02,LFORTOT,2038,34.402493
GLOBAL,S2D1,LNDAGRFJIC02,LFORTOT,2039,34.397206
GLOBAL,S2D1,LNDAGRFJIC02,LFORTOT,2041,34.550575
GLOBAL,S2D1,LNDAGRFJIC02,LFORTOT,2042,34.390974
GLOBAL,S2D1,LNDAGRFJIC02,LFORTOT,2043,34.392034
GLOBAL,S2D1,LNDAGRFJIC02,LFORTOT,2044,34.393059
GLOBAL,S2D1,LNDAGRFJIC02,LFORTOT,2045,34.39412
GLOBAL,S2D1,LNDAGRFJIC02,LFORTOT,2046,34.401353
GLOBAL,S2D1,LNDAGRFJIC02,LFORTOT,2047,34.408585
GLOBAL,S2D1,LNDAGRFJIC02,LFORTOT,2048,34.415817
GLOBAL,S2D1,LNDAGRFJIC02,LFORTOT,2049,34.423049
GLOBAL,S2D1,LNDAGRFJIC02,LFORTOT,2050,34.550575
GLOBAL,S2D1,LNDAGRFJIC02,WTRPRCFJI,2022,86.37643750000001
GLOBAL,S2D1,LNDAGRFJIC02,WTRPRCFJI,2023,86.37643750000001
GLOBAL,S2D1,LNDAGRFJIC02,WTRPRCFJI,2024,86.37643750000001
GLOBAL,S2D1,LNDAGRFJIC02,WTRPRCFJI,2025,86.37643750000001
GLOBAL,S2D1,LNDAGRFJIC02,WTRPRCFJI,2026,86.37643750000001
GLOBAL,S2D1,LNDAGRFJIC02,WTRPRCFJI,2027,86.37643750000001
GLOBAL,S2D1,LNDAGRFJIC02,WTRPRCFJI,2028,86.359425
GLOBAL,S2D1,LNDAGRFJIC02,WTRPRCFJI,2029,86.303705
GLOBAL,S2D1,LNDAGRFJIC02,WTRPRCFJI,2030,86.247985
GLOBAL,S2D1,LNDAGRFJIC02,WTRPRCFJI,2031,86.2099475
GLOBAL,S2D1,LNDAGRFJIC02,WTRPRCFJI,2032,86.1718175
GLOBAL,S2D1,LNDAGRFJIC02,WTRPRCFJI,2033,86.13369
GLOBAL,S2D1,LNDAGRFJIC02,WTRPRCFJI,2035,86.0575225
GLOBAL,S2D1,LNDAGRFJIC02,WTRPRCFJI,2037,86.02333
GLOBAL,S2D1,LNDAGRFJIC02,WTRPRCFJI,2038,86.0062325
GLOBAL,S2D1,LNDAGRFJIC02,WTRPRCFJI,2039,86.04765601499999
GLOBAL,S2D1,LNDAGRFJIC02,WTRPRCFJI,2041,86.37643750000001
GLOBAL,S2D1,LNDAGRFJIC02,WTRPRCFJI,2042,85.977435
GLOBAL,S2D1,LNDAGRFJIC02,WTRPRCFJI,2043,85.980085
GLOBAL,S2D1,LNDAGRFJIC02,WTRPRCFJI,2044,85.9826475
GLOBAL,S2D1,LNDAGRFJIC02,WTRPRCFJI,2045,85.9853
GLOBAL,S2D1,LNDAGRFJIC02,WTRPRCFJI,2046,86.0033825
GLOBAL,S2D1,LNDAGRFJIC02,WTRPRCFJI,2047,86.02146250000001
GLOBAL,S2D1,LNDAGRFJIC02,WTRPRCFJI,2048,86.0395425
GLOBAL,S2D1,LNDAGRFJIC02,WTRPRCFJI,2049,86.0576225
GLOBAL,S2D1,LNDAGRFJIC02,WTRPRCFJI,2050,86.37643750000001
GLOBAL,S2D1,LNDAGRFJIC03,LFORTOT,2022,24.357001
GLOBAL,S2D1,LNDAGRFJIC03,LFORTOT,2023,24.357001
GLOBAL,S2D1,LNDAGRFJIC03,LFORTOT,2024,24.357001
GLOBAL,S2D1,LNDAGRFJIC03,LFORTOT,2025,24.357001
GLOBAL,S2D1,LNDAGRFJIC03,LFORTOT,2026,24.357001
GLOBAL,S2D1,LNDAGRFJIC03,LFORTOT,2027,24.357001
GLOBAL,S2D1,LNDAGRFJIC03,LFORTOT,2028,24.357001
GLOBAL,S2D1,LNDAGRFJIC03,LFORTOT,2029,24.357001
GLOBAL,S2D1,LNDAGRFJIC03,LFORTOT,2030,24.357001
GLOBAL,S2D1,LNDAGRFJIC03,LFORTOT,2031,24.357001
GLOBAL,S2D1,LNDAGRFJIC03,LFORTOT,2032,24.357001
GLOBAL,S2D1,LNDAGRFJIC03,LFORTOT,2033,24.357001
GLOBAL,S2D1,LNDAGRFJIC03,LFORTOT,2035,24.357001
GLOBAL,S2D1,LNDAGRFJIC03,LFORTOT,2037,24.357001
GLOBAL,S2D1,LNDAGRFJIC03,LFORTOT,2038,24.357001
GLOBAL,S2D1,LNDAGRFJIC03,LFORTOT,2039,24.345419
GLOBAL,S2D1,LNDAGRFJIC03,LFORTOT,2041,24.357001
GLOBAL,S2D1,LNDAGRFJIC03,LFORTOT,2042,24.357001
GLOBAL,S2D1,LNDAGRFJIC03,LFORTOT,2043,24.357001
GLOBAL,S2D1,LNDAGRFJIC03,LFORTOT,2044,24.357001
GLOBAL,S2D1,LNDAGRFJIC03,LFORTOT,2045,24.357001
GLOBAL,S2D1,LNDAGRFJIC03,LFORTOT,2046,24.357001
GLOBAL,S2D1,LNDAGRFJIC03,LFORTOT,2047,24.357001
GLOBAL,S2D1,LNDAGRFJIC03,LFORTOT,2048,24.357001
GLOBAL,S2D1,LNDAGRFJIC03,LFORTOT,2049,24.357001
GLOBAL,S2D1,LNDAGRFJIC03,LFORTOT,2050,24.236671
GLOBAL,S2D1,LNDAGRFJIC03,LOTHHRTOT,2039,0.0055467407
GLOBAL,S2D1,LNDAGRFJIC03,LYAMHRTOT,2039,0.0060356166
GLOBAL,S2D1,LNDAGRFJIC03,WTRPRCFJI,2022,65.7639027
GLOBAL,S2D1,LNDAGRFJIC03,WTRPRCFJI,2023,65.7639027
GLOBAL,S2D1,LNDAGRFJIC03,WTRPRCFJI,2024,65.7639027
GLOBAL,S2D1,LNDAGRFJIC03,WTRPRCFJI,2025,65.7639027
GLOBAL,S2D1,LNDAGRFJIC03,WTRPRCFJI,2026,65.7639027
GLOBAL,S2D1,LNDAGRFJIC03,WTRPRCFJI,2027,65.7639027
GLOBAL,S2D1,LNDAGRFJIC03,WTRPRCFJI,2028,65.7639027
GLOBAL,S2D1,LNDAGRFJIC03,WTRPRCFJI,2029,65.7639027
GLOBAL,S2D1,LNDAGRFJIC03,WTRPRCFJI,2030,65.7639027
GLOBAL,S2D1,LNDAGRFJIC03,WTRPRCFJI,2031,65.7639027
GLOBAL,S2D1,LNDAGRFJIC03,WTRPRCFJI,2032,65.7639027
GLOBAL,S2D1,LNDAGRFJIC03,WTRPRCFJI,2033,65.7639027
GLOBAL,S2D1,LNDAGRFJIC03,WTRPRCFJI,2035,65.7639027
GLOBAL,S2D1,LNDAGRFJIC03,WTRPRCFJI,2037,65.7639027
GLOBAL,S2D1,LNDAGRFJIC03,WTRPRCFJI,2038,65.7639027
GLOBAL,S2D1,LNDAGRFJIC03,WTRPRCFJI,2039,65.76390366471001
GLOBAL,S2D1,LNDAGRFJIC03,WTRPRCFJI,2041,65.7639027
GLOBAL,S2D1,LNDAGRFJIC03,WTRPRCFJI,2042,65.7639027
GLOBAL,S2D1,LNDAGRFJIC03,WTRPRCFJI,2043,65.7639027
GLOBAL,S2D1,LNDAGRFJIC03,WTRPRCFJI,2044,65.7639027
GLOBAL,S2D1,LNDAGRFJIC03,WTRPRCFJI,2045,65.7639027
GLOBAL,S2D1,LNDAGRFJIC03,WTRPRCFJI,2046,65.7639027
GLOBAL,S2D1,LNDAGRFJIC03,WTRPRCFJI,2047,65.7639027
GLOBAL,S2D1,LNDAGRFJIC03,WTRPRCFJI,2048,65.7639027
GLOBAL,S2D1,LNDAGRFJIC03,WTRPRCFJI,2049,65.7639027
GLOBAL,S2D1,LNDAGRFJIC03,WTRPRCFJI,2050,65.43901170000001
GLOBAL,S2D1,LNDAGRFJIC04,LCONHRTOT,2021,0.044243878
GLOBAL,S2D1,LNDAGRFJIC04,LCONHRTOT,2022,0.044436735
GLOBAL,S2D1,LNDAGRFJIC04,LCONHRTOT,2023,0.044629592
GLOBAL,S2D1,LNDAGRFJIC04,LCONHRTOT,2024,0.044822449
GLOBAL,S2D1,LNDAGRFJIC04,LCONHRTOT,2025,0.045015306
GLOBAL,S2D1,LNDAGRFJIC04,LCONHRTOT,2026,0.045160612
GLOBAL,S2D1,LNDAGRFJIC04,LCONHRTOT,2027,0.045305918
GLOBAL,S2D1,LNDAGRFJIC04,LCONHRTOT,2028,0.045451224
GLOBAL,S2D1,LNDAGRFJIC04,LCONHRTOT,2029,0.045596531
GLOBAL,S2D1,LNDAGRFJIC04,LCONHRTOT,2030,0.045741837
GLOBAL,S2D1,LNDAGRFJIC04,LCONHRTOT,2031,0.045841224
GLOBAL,S2D1,LNDAGRFJIC04,LCONHRTOT,2032,0.045940612
GLOBAL,S2D1,LNDAGRFJIC04,LCONHRTOT,2033,0.04604
GLOBAL,S2D1,LNDAGRFJIC04,LCONHRTOT,2034,0.046139388
GLOBAL,S2D1,LNDAGRFJIC04,LCONHRTOT,2035,0.046238776
GLOBAL,S2D1,LNDAGRFJIC04,LCONHRTOT,2036,0.046283265
GLOBAL,S2D1,LNDAGRFJIC04,LCONHRTOT,2037,0.046327959
GLOBAL,S2D1,LNDAGRFJIC04,LCONHRTOT,2038,0.046372449
GLOBAL,S2D1,LNDAGRFJIC04,LCONHRTOT,2039,0.045631392
GLOBAL,S2D1,LNDAGRFJIC04,LCONHRTOT,2040,0.046461429
GLOBAL,S2D1,LNDAGRFJIC04,LCONHRTOT,2041,0.04645449
GLOBAL,S2D1,LNDAGRFJIC04,LCONHRTOT,2042,0.046447755
GLOBAL,S2D1,LNDAGRFJIC04,LCONHRTOT,2043,0.046440816
GLOBAL,S2D1,LNDAGRFJIC04,LCONHRTOT,2044,0.046433878
GLOBAL,S2D1,LNDAGRFJIC04,LCONHRTOT,2045,0.046426939
GLOBAL,S2D1,LNDAGRFJIC04,LCONHRTOT,2046,0.04638
GLOBAL,S2D1,LNDAGRFJIC04,LCONHRTOT,2047,0.046332857
GLOBAL,S2D1,LNDAGRFJIC04,LCONHRTOT,2048,0.045975727
GLOBAL,S2D1,LNDAGRFJIC04,LCONHRTOT,2049,0.046083578
GLOBAL,S2D1,LNDAGRFJIC04,LCONHRTOT,2050,0.046191429
GLOBAL,S2D1,LNDAGRFJIC04,LFORTOT,2021,4.6325445
GLOBAL,S2D1,LNDAGRFJIC04,LFORTOT,2022,4.6239192
GLOBAL,S2D1,LNDAGRFJIC04,LFORTOT,2023,6.1980571
GLOBAL,S2D1,LNDAGRFJIC04,LFORTOT,2024,6.1962681
GLOBAL,S2D1,LNDAGRFJIC04,LFORTOT,2025,6.1944792
GLOBAL,S2D1,LNDAGRFJIC04,LFORTOT,2026,6.1931313
GLOBAL,S2D1,LNDAGRFJIC04,LFORTOT,2027,6.1917834
GLOBAL,S2D1,LNDAGRFJIC04,LFORTOT,2028,6.1904354
GLOBAL,S2D1,LNDAGRFJIC04,LFORTOT,2029,6.189088
GLOBAL,S2D1,LNDAGRFJIC04,LFORTOT,2030,6.18774
GLOBAL,S2D1,LNDAGRFJIC04,LFORTOT,2031,6.1868179
GLOBAL,S2D1,LNDAGRFJIC04,LFORTOT,2032,6.1858958
GLOBAL,S2D1,LNDAGRFJIC04,LFORTOT,2033,6.1849737
GLOBAL,S2D1,LNDAGRFJIC04,LFORTOT,2035,6.1831299
GLOBAL,S2D1,LNDAGRFJIC04,LFORTOT,2037,6.1823032
GLOBAL,S2D1,LNDAGRFJIC04,LFORTOT,2038,6.1818905
GLOBAL,S2D1,LNDAGRFJIC04,LFORTOT,2039,6.1863341
GLOBAL,S2D1,LNDAGRFJIC04,LFORTOT,2041,4.5610851
GLOBAL,S2D1,LNDAGRFJIC04,LFORTOT,2042,6.181192
GLOBAL,S2D1,LNDAGRFJIC04,LFORTOT,2043,6.1812557
GLOBAL,S2D1,LNDAGRFJIC04,LFORTOT,2044,6.1813199
GLOBAL,S2D1,LNDAGRFJIC04,LFORTOT,2045,6.181384
GLOBAL,S2D1,LNDAGRFJIC04,LFORTOT,2046,6.1818204
GLOBAL,S2D1,LNDAGRFJIC04,LFORTOT,2047,6.1822576
GLOBAL,S2D1,LNDAGRFJIC04,LFORTOT,2048,6.1826948
GLOBAL,S2D1,LNDAGRFJIC04,LFORTOT,2049,6.183132
GLOBAL,S2D1,LNDAGRFJIC04,LFORTOT,2050,6.1835692
GLOBAL,S2D1,LNDAGRFJIC04,LYAMHRTOT,2021,0.059223846
GLOBAL,S2D1,LNDAGRFJIC04,LYAMHRTOT,2022,0.059481978
GLOBAL,S2D1,LNDAGRFJIC04,LYAMHRTOT,2023,0.05974022
GLOBAL,S2D1,LNDAGRFJIC04,LYAMHRTOT,2024,0.059998352
GLOBAL,S2D1,LNDAGRFJIC04,LYAMHRTOT,2025,0.060256484
GLOBAL,S2D1,LNDAGRFJIC04,LYAMHRTOT,2026,0.060450989
GLOBAL,S2D1,LNDAGRFJIC04,LYAMHRTOT,2027,0.060645495
GLOBAL,S2D1,LNDAGRFJIC04,LYAMHRTOT,2028,0.06084
GLOBAL,S2D1,LNDAGRFJIC04,LYAMHRTOT,2029,0.061034396
GLOBAL,S2D1,LNDAGRFJIC04,LYAMHRTOT,2030,0.061228901
GLOBAL,S2D1,LNDAGRFJIC04,LYAMHRTOT,2031,0.061361978
GLOBAL,S2D1,LNDAGRFJIC04,LYAMHRTOT,2032,0.061495055
GLOBAL,S2D1,LNDAGRFJIC04,LYAMHRTOT,2033,0.061628132
GLOBAL,S2D1,LNDAGRFJIC04,LYAMHRTOT,2034,0.061761209
GLOBAL,S2D1,LNDAGRFJIC04,LYAMHRTOT,2035,0.061894176
GLOBAL,S2D1,LNDAGRFJIC04,LYAMHRTOT,2036,0.061953846
GLOBAL,S2D1,LNDAGRFJIC04,LYAMHRTOT,2037,0.062013407
GLOBAL,S2D1,LNDAGRFJIC04,LYAMHRTOT,2038,0.062072967
GLOBAL,S2D1,LNDAGRFJIC04,LYAMHRTOT,2039,0.056414713
GLOBAL,S2D1,LNDAGRFJIC04,LYAMHRTOT,2040,0.062192198
GLOBAL,S2D1,LNDAGRFJIC04,LYAMHRTOT,2041,0.062182967
GLOBAL,S2D1,LNDAGRFJIC04,LYAMHRTOT,2042,0.062173736
GLOBAL,S2D1,LNDAGRFJIC04,LYAMHRTOT,2043,0.062164615
GLOBAL,S2D1,LNDAGRFJIC04,LYAMHRTOT,2044,0.062155385
GLOBAL,S2D1,LNDAGRFJIC04,LYAMHRTOT,2045,0.062146154
GLOBAL,S2D1,LNDAGRFJIC04,LYAMHRTOT,2046,0.062083077
GLOBAL,S2D1,LNDAGRFJIC04,LYAMHRTOT,2047,0.06202
GLOBAL,S2D1,LNDAGRFJIC04,LYAMHRTOT,2048,0.061541914
GLOBAL,S2D1,LNDAGRFJIC04,LYAMHRTOT,2049,0.061686505
GLOBAL,S2D1,LNDAGRFJIC04,LYAMHRTOT,2050,0.061830769
GLOBAL,S2D1,LNDAGRFJIC04,WTRPRCFJI,2021,9.9456256704
GLOBAL,S2D1,LNDAGRFJIC04,WTRPRCFJI,2022,9.9284596173
GLOBAL,S2D1,LNDAGRFJIC04,WTRPRCFJI,2023,13.2350965152
GLOBAL,S2D1,LNDAGRFJIC04,WTRPRCFJI,2024,13.2322866921
GLOBAL,S2D1,LNDAGRFJIC04,WTRPRCFJI,2025,13.229477079
GLOBAL,S2D1,LNDAGRFJIC04,WTRPRCFJI,2026,13.2273600921
GLOBAL,S2D1,LNDAGRFJIC04,WTRPRCFJI,2027,13.225243107300003
GLOBAL,S2D1,LNDAGRFJIC04,WTRPRCFJI,2028,13.2231259104
GLOBAL,S2D1,LNDAGRFJIC04,WTRPRCFJI,2029,13.2210097467
GLOBAL,S2D1,LNDAGRFJIC04,WTRPRCFJI,2030,13.2188925498
GLOBAL,S2D1,LNDAGRFJIC04,WTRPRCFJI,2031,13.217444314200002
GLOBAL,S2D1,LNDAGRFJIC04,WTRPRCFJI,2032,13.2159960807
GLOBAL,S2D1,LNDAGRFJIC04,WTRPRCFJI,2033,13.214547847199999
GLOBAL,S2D1,LNDAGRFJIC04,WTRPRCFJI,2034,0.2265912537
GLOBAL,S2D1,LNDAGRFJIC04,WTRPRCFJI,2035,13.2116519892
GLOBAL,S2D1,LNDAGRFJIC04,WTRPRCFJI,2036,0.22729793310000002
GLOBAL,S2D1,LNDAGRFJIC04,WTRPRCFJI,2037,13.2103535886
GLOBAL,S2D1,LNDAGRFJIC04,WTRPRCFJI,2038,13.209705423599999
GLOBAL,S2D1,LNDAGRFJIC04,WTRPRCFJI,2039,13.2055984305
GLOBAL,S2D1,LNDAGRFJIC04,WTRPRCFJI,2040,0.2281726167
GLOBAL,S2D1,LNDAGRFJIC04,WTRPRCFJI,2041,9.8064173697
GLOBAL,S2D1,LNDAGRFJIC04,WTRPRCFJI,2042,13.2086083311
GLOBAL,S2D1,LNDAGRFJIC04,WTRPRCFJI,2043,13.2087083751
GLOBAL,S2D1,LNDAGRFJIC04,WTRPRCFJI,2044,13.208809242300001
GLOBAL,S2D1,LNDAGRFJIC04,WTRPRCFJI,2045,13.208909895300001
GLOBAL,S2D1,LNDAGRFJIC04,WTRPRCFJI,2046,13.209595301700002
GLOBAL,S2D1,LNDAGRFJIC04,WTRPRCFJI,2047,13.210281959700001
GLOBAL,S2D1,LNDAGRFJIC04,WTRPRCFJI,2048,13.209446126100001
GLOBAL,S2D1,LNDAGRFJIC04,WTRPRCFJI,2049,13.2108943743
GLOBAL,S2D1,LNDAGRFJIC04,WTRPRCFJI,2050,13.2123419358
GLOBAL,S2D1,LNDCASHRTOT,LTOT,2021,0.073357143
GLOBAL,S2D1,LNDCASHRTOT,LTOT,2022,0.073676939
GLOBAL,S2D1,LNDCASHRTOT,LTOT,2023,0.073996633
GLOBAL,S2D1,LNDCASHRTOT,LTOT,2024,0.074316429
GLOBAL,S2D1,LNDCASHRTOT,LTOT,2025,0.074636224
GLOBAL,S2D1,LNDCASHRTOT,LTOT,2026,0.074877143
GLOBAL,S2D1,LNDCASHRTOT,LTOT,2027,0.075118061
GLOBAL,S2D1,LNDCASHRTOT,LTOT,2028,0.075358878
GLOBAL,S2D1,LNDCASHRTOT,LTOT,2029,0.075599796
GLOBAL,S2D1,LNDCASHRTOT,LTOT,2030,0.075840714
GLOBAL,S2D1,LNDCASHRTOT,LTOT,2031,0.07600551
GLOBAL,S2D1,LNDCASHRTOT,LTOT,2032,0.076170408
GLOBAL,S2D1,LNDCASHRTOT,LTOT,2033,0.076335204
GLOBAL,S2D1,LNDCASHRTOT,LTOT,2034,0.0765
GLOBAL,S2D1,LNDCASHRTOT,LTOT,2035,0.076664796
GLOBAL,S2D1,LNDCASHRTOT,LTOT,2036,0.076738571
GLOBAL,S2D1,LNDCASHRTOT,LTOT,2037,0.076812449
GLOBAL,S2D1,LNDCASHRTOT,LTOT,2038,0.076886224
GLOBAL,S2D1,LNDCASHRTOT,LTOT,2039,0.077353673
GLOBAL,S2D1,LNDCASHRTOT,LTOT,2040,0.077033878
GLOBAL,S2D1,LNDCASHRTOT,LTOT,2041,0.077022449
GLOBAL,S2D1,LNDCASHRTOT,LTOT,2042,0.07701102
GLOBAL,S2D1,LNDCASHRTOT,LTOT,2043,0.076999694
GLOBAL,S2D1,LNDCASHRTOT,LTOT,2044,0.076988265
GLOBAL,S2D1,LNDCASHRTOT,LTOT,2045,0.076976837
GLOBAL,S2D1,LNDCASHRTOT,LTOT,2046,0.076898673
GLOBAL,S2D1,LNDCASHRTOT,LTOT,2047,0.076820612
GLOBAL,S2D1,LNDCASHRTOT,LTOT,2048,0.076228124
GLOBAL,S2D1,LNDCASHRTOT,LTOT,2049,0.076407376
GLOBAL,S2D1,LNDCASHRTOT,LTOT,2050,0.076586224
GLOBAL,S2D1,LNDCONHRTOT,LTOT,2021,0.044243878
GLOBAL,S2D1,LNDCONHRTOT,LTOT,2022,0.044436735
GLOBAL,S2D1,LNDCONHRTOT,LTOT,2023,0.044629592
GLOBAL,S2D1,LNDCONHRTOT,LTOT,2024,0.044822449
GLOBAL,S2D1,LNDCONHRTOT,LTOT,2025,0.045015306
GLOBAL,S2D1,LNDCONHRTOT,LTOT,2026,0.045160612
GLOBAL,S2D1,LNDCONHRTOT,LTOT,2027,0.045305918
GLOBAL,S2D1,LNDCONHRTOT,LTOT,2028,0.045451224
GLOBAL,S2D1,LNDCONHRTOT,LTOT,2029,0.045596531
GLOBAL,S2D1,LNDCONHRTOT,LTOT,2030,0.045741837
GLOBAL,S2D1,LNDCONHRTOT,LTOT,2031,0.045841224
GLOBAL,S2D1,LNDCONHRTOT,LTOT,2032,0.045940612
GLOBAL,S2D1,LNDCONHRTOT,LTOT,2033,0.04604
GLOBAL,S2D1,LNDCONHRTOT,LTOT,2034,0.046139388
GLOBAL,S2D1,LNDCONHRTOT,LTOT,2035,0.046238776
GLOBAL,S2D1,LNDCONHRTOT,LTOT,2036,0.046283265
GLOBAL,S2D1,LNDCONHRTOT,LTOT,2037,0.046327959
GLOBAL,S2D1,LNDCONHRTOT,LTOT,2038,0.046372449
GLOBAL,S2D1,LNDCONHRTOT,LTOT,2039,0.046654286
GLOBAL,S2D1,LNDCONHRTOT,LTOT,2040,0.046461429
GLOBAL,S2D1,LNDCONHRTOT,LTOT,2041,0.04645449
GLOBAL,S2D1,LNDCONHRTOT,LTOT,2042,0.046447755
GLOBAL,S2D1,LNDCONHRTOT,LTOT,2043,0.046440816
GLOBAL,S2D1,LNDCONHRTOT,LTOT,2044,0.046433878
GLOBAL,S2D1,LNDCONHRTOT,LTOT,2045,0.046426939
GLOBAL,S2D1,LNDCONHRTOT,LTOT,2046,0.04638
GLOBAL,S2D1,LNDCONHRTOT,LTOT,2047,0.046332857
GLOBAL,S2D1,LNDCONHRTOT,LTOT,2048,0.045975727
GLOBAL,S2D1,LNDCONHRTOT,LTOT,2049,0.046083578
GLOBAL,S2D1,LNDCONHRTOT,LTOT,2050,0.046191429
GLOBAL,S2D1,LNDFORTOT,LTOT,2021,6.3799755
GLOBAL,S2D1,LNDFORTOT,LTOT,2022,65.256201
GLOBAL,S2D1,LNDFORTOT,LTOT,2023,65.105633
GLOBAL,S2D1,LNDFORTOT,LTOT,2024,65.103845
GLOBAL,S2D1,LNDFORTOT,LTOT,2025,65.102056
GLOBAL,S2D1,LNDFORTOT,LTOT,2026,65.100708
GLOBAL,S2D1,LNDFORTOT,LTOT,2027,65.09936
GLOBAL,S2D1,LNDFORTOT,LTOT,2028,65.091206
GLOBAL,S2D1,LNDFORTOT,LTOT,2029,65.067571
GLOBAL,S2D1,LNDFORTOT,LTOT,2030,65.043935
GLOBAL,S2D1,LNDFORTOT,LTOT,2031,65.027798
GLOBAL,S2D1,LNDFORTOT,LTOT,2032,65.011624
GLOBAL,S2D1,LNDFORTOT,LTOT,2033,64.995451
GLOBAL,S2D1,LNDFORTOT,LTOT,2035,64.963141
GLOBAL,S2D1,LNDFORTOT,LTOT,2037,64.948637
GLOBAL,S2D1,LNDFORTOT,LTOT,2038,64.941385
GLOBAL,S2D1,LNDFORTOT,LTOT,2039,64.928959
GLOBAL,S2D1,LNDFORTOT,LTOT,2041,64.928043
GLOBAL,S2D1,LNDFORTOT,LTOT,2042,64.929167
GLOBAL,S2D1,LNDFORTOT,LTOT,2043,64.930291
GLOBAL,S2D1,LNDFORTOT,LTOT,2044,64.93138
GLOBAL,S2D1,LNDFORTOT,LTOT,2045,64.932505
GLOBAL,S2D1,LNDFORTOT,LTOT,2046,64.940174
GLOBAL,S2D1,LNDFORTOT,LTOT,2047,64.947843
GLOBAL,S2D1,LNDFORTOT,LTOT,2048,64.955513
GLOBAL,S2D1,LNDFORTOT,LTOT,2049,64.963182
GLOBAL,S2D1,LNDFORTOT,LTOT,2050,64.970816
GLOBAL,S2D1,LNDOTHHRTOT,LTOT,2021,0.067992391
GLOBAL,S2D1,LNDOTHHRTOT,LTOT,2022,0.068288696
GLOBAL,S2D1,LNDOTHHRTOT,LTOT,2023,0.068585109
GLOBAL,S2D1,LNDOTHHRTOT,LTOT,2024,0.068881522
GLOBAL,S2D1,LNDOTHHRTOT,LTOT,2025,0.069177826
GLOBAL,S2D1,LNDOTHHRTOT,LTOT,2026,0.069401196
GLOBAL,S2D1,LNDOTHHRTOT,LTOT,2027,0.069624457
GLOBAL,S2D1,LNDOTHHRTOT,LTOT,2028,0.069847717
GLOBAL,S2D1,LNDOTHHRTOT,LTOT,2029,0.070070978
GLOBAL,S2D1,LNDOTHHRTOT,LTOT,2030,0.070294348
GLOBAL,S2D1,LNDOTHHRTOT,LTOT,2031,0.070447065
GLOBAL,S2D1,LNDOTHHRTOT,LTOT,2032,0.070599783
GLOBAL,S2D1,LNDOTHHRTOT,LTOT,2033,0.070752609
GLOBAL,S2D1,LNDOTHHRTOT,LTOT,2034,0.070905326
GLOBAL,S2D1,LNDOTHHRTOT,LTOT,2035,0.071058152
GLOBAL,S2D1,LNDOTHHRTOT,LTOT,2036,0.071126522
GLOBAL,S2D1,LNDOTHHRTOT,LTOT,2037,0.071194891
GLOBAL,S2D1,LNDOTHHRTOT,LTOT,2038,0.07126337
GLOBAL,S2D1,LNDOTHHRTOT,LTOT,2039,0.071696522
GLOBAL,S2D1,LNDOTHHRTOT,LTOT,2040,0.071400217
GLOBAL,S2D1,LNDOTHHRTOT,LTOT,2041,0.071389565
GLOBAL,S2D1,LNDOTHHRTOT,LTOT,2042,0.071379022
GLOBAL,S2D1,LNDOTHHRTOT,LTOT,2043,0.071368478
GLOBAL,S2D1,LNDOTHHRTOT,LTOT,2044,0.071357935
GLOBAL,S2D1,LNDOTHHRTOT,LTOT,2045,0.071347283
GLOBAL,S2D1,LNDOTHHRTOT,LTOT,2046,0.071274891
GLOBAL,S2D1,LNDOTHHRTOT,LTOT,2047,0.0712025
GLOBAL,S2D1,LNDOTHHRTOT,LTOT,2048,0.070653183
GLOBAL,S2D1,LNDOTHHRTOT,LTOT,2049,0.070819093
GLOBAL,S2D1,LNDOTHHRTOT,LTOT,2050,0.070985326
GLOBAL,S2D1,LNDSGCHRTOT,LTOT,2021,1.5690909
GLOBAL,S2D1,LNDSGCHRTOT,LTOT,2022,1.5759273
GLOBAL,S2D1,LNDSGCHRTOT,LTOT,2023,1.5827727
GLOBAL,S2D1,LNDSGCHRTOT,LTOT,2024,1.5896091
GLOBAL,S2D1,LNDSGCHRTOT,LTOT,2025,1.5964455
GLOBAL,S2D1,LNDSGCHRTOT,LTOT,2026,1.6016
GLOBAL,S2D1,LNDSGCHRTOT,LTOT,2027,1.6067545
GLOBAL,S2D1,LNDSGCHRTOT,LTOT,2028,1.6119091
GLOBAL,S2D1,LNDSGCHRTOT,LTOT,2029,1.6170636
GLOBAL,S2D1,LNDSGCHRTOT,LTOT,2030,1.6222182
GLOBAL,S2D1,LNDSGCHRTOT,LTOT,2031,1.6257364
GLOBAL,S2D1,LNDSGCHRTOT,LTOT,2032,1.6292636
GLOBAL,S2D1,LNDSGCHRTOT,LTOT,2033,1.6327909
GLOBAL,S2D1,LNDSGCHRTOT,LTOT,2034,1.6363182
GLOBAL,S2D1,LNDSGCHRTOT,LTOT,2035,1.6398364
GLOBAL,S2D1,LNDSGCHRTOT,LTOT,2036,1.6414182
GLOBAL,S2D1,LNDSGCHRTOT,LTOT,2037,1.643
GLOBAL,S2D1,LNDSGCHRTOT,LTOT,2038,1.6445818
GLOBAL,S2D1,LNDSGCHRTOT,LTOT,2039,1.6545727
GLOBAL,S2D1,LNDSGCHRTOT,LTOT,2040,1.6477364
GLOBAL,S2D1,LNDSGCHRTOT,LTOT,2041,1.6474909
GLOBAL,S2D1,LNDSGCHRTOT,LTOT,2042,1.6472455
GLOBAL,S2D1,LNDSGCHRTOT,LTOT,2043,1.647
GLOBAL,S2D1,LNDSGCHRTOT,LTOT,2044,1.6467636
GLOBAL,S2D1,LNDSGCHRTOT,LTOT,2045,1.6465182
GLOBAL,S2D1,LNDSGCHRTOT,LTOT,2046,1.6448455
GLOBAL,S2D1,LNDSGCHRTOT,LTOT,2047,1.6431727
GLOBAL,S2D1,LNDSGCHRTOT,LTOT,2048,1.6452091
GLOBAL,S2D1,LNDSGCHRTOT,LTOT,2049,1.6416818
GLOBAL,S2D1,LNDSGCHRTOT,LTOT,2050,1.6381636
GLOBAL,S2D1,LNDYAMHRTOT,LTOT,2021,0.059223846
GLOBAL,S2D1,LNDYAMHRTOT,LTOT,2022,0.059481978
GLOBAL,S2D1,LNDYAMHRTOT,LTOT,2023,0.05974022
GLOBAL,S2D1,LNDYAMHRTOT,LTOT,2024,0.059998352
GLOBAL,S2D1,LNDYAMHRTOT,LTOT,2025,0.060256484
GLOBAL,S2D1,LNDYAMHRTOT,LTOT,2026,0.060450989
GLOBAL,S2D1,LNDYAMHRTOT,LTOT,2027,0.060645495
GLOBAL,S2D1,LNDYAMHRTOT,LTOT,2028,0.06084
GLOBAL,S2D1,LNDYAMHRTOT,LTOT,2029,0.061034396
GLOBAL,S2D1,LNDYAMHRTOT,LTOT,2030,0.061228901
GLOBAL,S2D1,LNDYAMHRTOT,LTOT,2031,0.061361978
GLOBAL,S2D1,LNDYAMHRTOT,LTOT,2032,0.061495055
GLOBAL,S2D1,LNDYAMHRTOT,LTOT,2033,0.061628132
GLOBAL,S2D1,LNDYAMHRTOT,LTOT,2034,0.061761209
GLOBAL,S2D1,LNDYAMHRTOT,LTOT,2035,0.061894176
GLOBAL,S2D1,LNDYAMHRTOT,LTOT,2036,0.061953846
GLOBAL,S2D1,LNDYAMHRTOT,LTOT,2037,0.062013407
GLOBAL,S2D1,LNDYAMHRTOT,LTOT,2038,0.062072967
GLOBAL,S2D1,LNDYAMHRTOT,LTOT,2039,0.06245033
GLOBAL,S2D1,LNDYAMHRTOT,LTOT,2040,0.062192198
GLOBAL,S2D1,LNDYAMHRTOT,LTOT,2041,0.062182967
GLOBAL,S2D1,LNDYAMHRTOT,LTOT,2042,0.062173736
GLOBAL,S2D1,LNDYAMHRTOT,LTOT,2043,0.062164615
GLOBAL,S2D1,LNDYAMHRTOT,LTOT,2044,0.062155385
GLOBAL,S2D1,LNDYAMHRTOT,LTOT,2045,0.062146154
GLOBAL,S2D1,LNDYAMHRTOT,LTOT,2046,0.062083077
GLOBAL,S2D1,LNDYAMHRTOT,LTOT,2047,0.06202
GLOBAL,S2D1,LNDYAMHRTOT,LTOT,2048,0.061541914
GLOBAL,S2D1,LNDYAMHRTOT,LTOT,2049,0.061686505
GLOBAL,S2D1,LNDYAMHRTOT,LTOT,2050,0.061830769
GLOBAL,S2D1,PWRBIOFJIXX01,BIOFJIXX,2021,0.13988759016
GLOBAL,S2D1,PWRBIOFJIXX01,BIOFJIXX,2029,3.2043864101999997
GLOBAL,S2D1,PWRBIOFJIXX01,BIOFJIXX,2031,1.2434485437999998
GLOBAL,S2D1,PWRBIOFJIXX01,BIOFJIXX,2036,0.05150110248
GLOBAL,S2D1,PWRBIOFJIXX01,BIOFJIXX,2038,1.2562651786
GLOBAL,S2D1,PWRBIOFJIXX01,BIOFJIXX,2042,2.836468229
GLOBAL,S2D1,PWRBIOFJIXX01,BIOFJIXX,2043,2.8664602714
GLOBAL,S2D1,PWRBIOFJIXX01,BIOFJIXX,2044,3.106877434
GLOBAL,S2D1,PWRBIOFJIXX01,BIOFJIXX,2045,2.1569551307999997
GLOBAL,S2D1,PWRBIOFJIXX01,BIOFJIXX,2046,2.5312654707999998
GLOBAL,S2D1,PWRBIOFJIXX01,BIOFJIXX,2047,3.0942110398
GLOBAL,S2D1,PWRBIOFJIXX01,BIOFJIXX,2048,3.4091616358
GLOBAL,S2D1,PWRBIOFJIXX01,BIOFJIXX,2049,1.8597972926
GLOBAL,S2D1,PWRBIOFJIXX01,BIOFJIXX,2050,5.042561586
GLOBAL,S2D1,PWRHYDFJIXX01,HYDFJIXX,2021,3.2854746
GLOBAL,S2D1,PWRHYDFJIXX01,HYDFJIXX,2022,3.401428
GLOBAL,S2D1,PWRHYDFJIXX01,HYDFJIXX,2023,3.4708449
GLOBAL,S2D1,PWRHYDFJIXX01,HYDFJIXX,2024,3.5501785
GLOBAL,S2D1,PWRHYDFJIXX01,HYDFJIXX,2025,3.6195954
GLOBAL,S2D1,PWRHYDFJIXX01,HYDFJIXX,2026,3.7683459
GLOBAL,S2D1,PWRHYDFJIXX01,HYDFJIXX,2027,3.9170964
GLOBAL,S2D1,PWRHYDFJIXX01,HYDFJIXX,2028,4.0658469
GLOBAL,S2D1,PWRHYDFJIXX01,HYDFJIXX,2029,3.3757528
GLOBAL,S2D1,PWRHYDFJIXX01,HYDFJIXX,2030,4.196505
GLOBAL,S2D1,PWRHYDFJIXX01,HYDFJIXX,2031,4.196505
GLOBAL,S2D1,PWRHYDFJIXX01,HYDFJIXX,2032,3.0738801
GLOBAL,S2D1,PWRHYDFJIXX01,HYDFJIXX,2033,4.196505
GLOBAL,S2D1,PWRHYDFJIXX01,HYDFJIXX,2034,4.196505
GLOBAL,S2D1,PWRHYDFJIXX01,HYDFJIXX,2035,4.196505
GLOBAL,S2D1,PWRHYDFJIXX01,HYDFJIXX,2036,3.042002
GLOBAL,S2D1,PWRHYDFJIXX01,HYDFJIXX,2037,4.196505
GLOBAL,S2D1,PWRHYDFJIXX01,HYDFJIXX,2038,4.196505
GLOBAL,S2D1,PWRHYDFJIXX01,HYDFJIXX,2039,4.196505
GLOBAL,S2D1,PWRHYDFJIXX01,HYDFJIXX,2040,4.196505
GLOBAL,S2D1,PWRHYDFJIXX01,HYDFJIXX,2041,4.196505
GLOBAL,S2D1,PWRHYDFJIXX01,HYDFJIXX,2042,4.196505
GLOBAL,S2D1,PWRHYDFJIXX01,HYDFJIXX,2043,4.196505
GLOBAL,S2D1,PWRHYDFJIXX01,HYDFJIXX,2044,4.196505
GLOBAL,S2D1,PWRHYDFJIXX01,HYDFJIXX,2045,4.196505
GLOBAL,S2D1,PWRHYDFJIXX01,HYDFJIXX,2046,4.196505
GLOBAL,S2D1,PWRHYDFJIXX01,HYDFJIXX,2047,4.196505
GLOBAL,S2D1,PWRHYDFJIXX01,HYDFJIXX,2048,4.196505
GLOBAL,S2D1,PWRHYDFJIXX01,HYDFJIXX,2049,4.196505
GLOBAL,S2D1,PWRHYDFJIXX01,HYDFJIXX,2050,4.196505
GLOBAL,S2D1,PWROILFJIXX01,OILINT,2030,0.5155445609999999
GLOBAL,S2D1,PWROILFJIXX01,OILINT,2035,2.7577416008999998
GLOBAL,S2D1,PWROILFJIXX01,OILINT,2038,3.370543572
GLOBAL,S2D1,PWRPETFJIXX01,PETINT,2032,4.679289576
GLOBAL,S2D1,PWRPETFJIXX01,PETINT,2033,1.7599241772000003
GLOBAL,S2D1,PWRPETFJIXX01,PETINT,2034,2.2454458092
GLOBAL,S2D1,PWRPETFJIXX01,PETINT,2036,6.799048578
GLOBAL,S2D1,PWRPETFJIXX01,PETINT,2037,3.8840812560000004
GLOBAL,S2D1,PWRPETFJIXX01,PETINT,2038,0.08614575036
GLOBAL,S2D1,PWRPETFJIXX01,PETINT,2039,5.244375186
GLOBAL,S2D1,PWRPETFJIXX01,PETINT,2040,5.279945543999999
GLOBAL,S2D1,PWRPETFJIXX01,PETINT,2041,5.947537788
GLOBAL,S2D1,PWRPETFJIXX01,PETINT,2042,4.3126400700000005
GLOBAL,S2D1,PWRPETFJIXX01,PETINT,2043,4.925862234
GLOBAL,S2D1,PWRPETFJIXX01,PETINT,2044,5.400869094
GLOBAL,S2D1,PWRPETFJIXX01,PETINT,2045,6.799048578
GLOBAL,S2D1,PWRPETFJIXX01,PETINT,2046,7.257835908
GLOBAL,S2D1,PWRPETFJIXX01,PETINT,2047,7.257835908
GLOBAL,S2D1,PWRPETFJIXX01,PETINT,2048,7.76417319
GLOBAL,S2D1,PWRPETFJIXX01,PETINT,2049,9.763914708000001
GLOBAL,S2D1,PWRPETFJIXX01,PETINT,2050,7.972997994
GLOBAL,S2D1,PWRSPVFJIXX01,SPVFJIXX,2040,0.16687626
GLOBAL,S2D1,PWRSPVFJIXX01,SPVFJIXX,2041,0.16687626
GLOBAL,S2D1,PWRSPVFJIXX01,SPVFJIXX,2042,0.16687626
GLOBAL,S2D1,PWRSPVFJIXX01,SPVFJIXX,2043,0.16687626
GLOBAL,S2D1,PWRSPVFJIXX01,SPVFJIXX,2044,0.16687626
GLOBAL,S2D1,PWRSPVFJIXX01,SPVFJIXX,2045,0.16687626
GLOBAL,S2D1,PWRSPVFJIXX01,SPVFJIXX,2046,0.16687626
GLOBAL,S2D1,PWRSPVFJIXX01,SPVFJIXX,2047,0.2773425
GLOBAL,S2D1,PWRSPVFJIXX01,SPVFJIXX,2048,0.2773425
GLOBAL,S2D1,PWRSPVFJIXX01,SPVFJIXX,2049,0.2773425
GLOBAL,S2D1,PWRSPVFJIXX01,SPVFJIXX,2050,0.2773425
GLOBAL,S2D1,PWRTRNFJIXX,ELCFJIXX01,2021,3.3220944
GLOBAL,S2D1,PWRTRNFJIXX,ELCFJIXX01,2022,3.401428
GLOBAL,S2D1,PWRTRNFJIXX,ELCFJIXX01,2023,3.4708449
GLOBAL,S2D1,PWRTRNFJIXX,ELCFJIXX01,2024,3.5501785
GLOBAL,S2D1,PWRTRNFJIXX,ELCFJIXX01,2025,3.6195954
GLOBAL,S2D1,PWRTRNFJIXX,ELCFJIXX01,2026,3.7683459
GLOBAL,S2D1,PWRTRNFJIXX,ELCFJIXX01,2027,3.9170964
GLOBAL,S2D1,PWRTRNFJIXX,ELCFJIXX01,2028,4.0658469
GLOBAL,S2D1,PWRTRNFJIXX,ELCFJIXX01,2029,4.2145974
GLOBAL,S2D1,PWRTRNFJIXX,ELCFJIXX01,2030,4.3633479
GLOBAL,S2D1,PWRTRNFJIXX,ELCFJIXX01,2031,4.5220151
GLOBAL,S2D1,PWRTRNFJIXX,ELCFJIXX01,2032,4.6806823
GLOBAL,S2D1,PWRTRNFJIXX,ELCFJIXX01,2033,4.8492662
GLOBAL,S2D1,PWRTRNFJIXX,ELCFJIXX01,2034,5.0079334
GLOBAL,S2D1,PWRTRNFJIXX,ELCFJIXX01,2035,5.1666006
GLOBAL,S2D1,PWRTRNFJIXX,ELCFJIXX01,2036,5.3550179
GLOBAL,S2D1,PWRTRNFJIXX,ELCFJIXX01,2037,5.5434351
GLOBAL,S2D1,PWRTRNFJIXX,ELCFJIXX01,2038,5.7219357
GLOBAL,S2D1,PWRTRNFJIXX,ELCFJIXX01,2039,5.910353
GLOBAL,S2D1,PWRTRNFJIXX,ELCFJIXX01,2040,6.0888536
GLOBAL,S2D1,PWRTRNFJIXX,ELCFJIXX01,2041,6.307021
GLOBAL,S2D1,PWRTRNFJIXX,ELCFJIXX01,2042,6.5152717
GLOBAL,S2D1,PWRTRNFJIXX,ELCFJIXX01,2043,6.7235224
GLOBAL,S2D1,PWRTRNFJIXX,ELCFJIXX01,2044,6.9416898
GLOBAL,S2D1,PWRTRNFJIXX,ELCFJIXX01,2045,7.1499405
GLOBAL,S2D1,PWRTRNFJIXX,ELCFJIXX01,2046,7.397858
GLOBAL,S2D1,PWRTRNFJIXX,ELCFJIXX01,2047,7.6556922
GLOBAL,S2D1,PWRTRNFJIXX,ELCFJIXX01,2048,7.9036097
GLOBAL,S2D1,PWRTRNFJIXX,ELCFJIXX01,2049,8.1515272
GLOBAL,S2D1,PWRTRNFJIXX,ELCFJIXX01,2050,8.3994447
GLOBAL,S2D1,PWRWONFJIXX01,WONFJIXX,2032,0.077622563
GLOBAL,S2D1,PWRWONFJIXX01,WONFJIXX,2033,0.077622563
GLOBAL,S2D1,PWRWONFJIXX01,WONFJIXX,2034,0.077622563
GLOBAL,S2D1,PWRWONFJIXX01,WONFJIXX,2035,0.077622563
GLOBAL,S2D1,PWRWONFJIXX01,WONFJIXX,2036,0.077622563
GLOBAL,S2D1,PWRWONFJIXX01,WONFJIXX,2037,0.077622563
GLOBAL,S2D1,PWRWONFJIXX01,WONFJIXX,2038,0.077622563
GLOBAL,S2D2,LNDAGRFJIC01,LCASHRTOT,2021,0.073357143
GLOBAL,S2D2,LNDAGRFJIC01,LCASHRTOT,2022,0.073676939
GLOBAL,S2D2,LNDAGRFJIC01,LCASHRTOT,2023,0.073996633
GLOBAL,S2D2,LNDAGRFJIC01,LCASHRTOT,2024,0.074316429
GLOBAL,S2D2,LNDAGRFJIC01,LCASHRTOT,2025,0.074636224
GLOBAL,S2D2,LNDAGRFJIC01,LCASHRTOT,2026,0.074877143
GLOBAL,S2D2,LNDAGRFJIC01,LCASHRTOT,2027,0.075118061
GLOBAL,S2D2,LNDAGRFJIC01,LCASHRTOT,2028,0.075358878
GLOBAL,S2D2,LNDAGRFJIC01,LCASHRTOT,2029,0.075599796
GLOBAL,S2D2,LNDAGRFJIC01,LCASHRTOT,2030,0.075840714
GLOBAL,S2D2,LNDAGRFJIC01,LCASHRTOT,2031,0.07600551
GLOBAL,S2D2,LNDAGRFJIC01,LCASHRTOT,2032,0.076170408
GLOBAL,S2D2,LNDAGRFJIC01,LCASHRTOT,2033,0.076335204
GLOBAL,S2D2,LNDAGRFJIC01,LCASHRTOT,2034,0.0765
GLOBAL,S2D2,LNDAGRFJIC01,LCASHRTOT,2035,0.076664796
GLOBAL,S2D2,LNDAGRFJIC01,LCASHRTOT,2036,0.076738571
GLOBAL,S2D2,LNDAGRFJIC01,LCASHRTOT,2037,0.076812449
GLOBAL,S2D2,LNDAGRFJIC01,LCASHRTOT,2038,0.076886224
GLOBAL,S2D2,LNDAGRFJIC01,LCASHRTOT,2039,0.077353673
GLOBAL,S2D2,LNDAGRFJIC01,LCASHRTOT,2040,0.077033878
GLOBAL,S2D2,LNDAGRFJIC01,LCASHRTOT,2041,0.077022449
GLOBAL,S2D2,LNDAGRFJIC01,LCASHRTOT,2042,0.07701102
GLOBAL,S2D2,LNDAGRFJIC01,LCASHRTOT,2043,0.076999694
GLOBAL,S2D2,LNDAGRFJIC01,LCASHRTOT,2044,0.076988265
GLOBAL,S2D2,LNDAGRFJIC01,LCASHRTOT,2045,0.076976837
GLOBAL,S2D2,LNDAGRFJIC01,LCASHRTOT,2046,0.076898673
GLOBAL,S2D2,LNDAGRFJIC01,LCASHRTOT,2047,0.076820612
GLOBAL,S2D2,LNDAGRFJIC01,LCASHRTOT,2048,0.076915816
GLOBAL,S2D2,LNDAGRFJIC01,LCASHRTOT,2049,0.07675102
GLOBAL,S2D2,LNDAGRFJIC01,LCASHRTOT,2050,0.076586224
GLOBAL,S2D2,LNDAGRFJIC01,LOTHHRTOT,2021,0.067992391
GLOBAL,S2D2,LNDAGRFJIC01,LOTHHRTOT,2022,0.068288696
GLOBAL,S2D2,LNDAGRFJIC01,LOTHHRTOT,2023,0.068585109
GLOBAL,S2D2,LNDAGRFJIC01,LOTHHRTOT,2024,0.068881522
GLOBAL,S2D2,LNDAGRFJIC01,LOTHHRTOT,2025,0.069177826
GLOBAL,S2D2,LNDAGRFJIC01,LOTHHRTOT,2026,0.069401196
GLOBAL,S2D2,LNDAGRFJIC01,LOTHHRTOT,2027,0.069624457
GLOBAL,S2D2,LNDAGRFJIC01,LOTHHRTOT,2028,0.069847717
GLOBAL,S2D2,LNDAGRFJIC01,LOTHHRTOT,2029,0.070070978
GLOBAL,S2D2,LNDAGRFJIC01,LOTHHRTOT,2030,0.070294348
GLOBAL,S2D2,LNDAGRFJIC01,LOTHHRTOT,2031,0.070447065
GLOBAL,S2D2,LNDAGRFJIC01,LOTHHRTOT,2032,0.070599783
GLOBAL,S2D2,LNDAGRFJIC01,LOTHHRTOT,2033,0.070752609
GLOBAL,S2D2,LNDAGRFJIC01,LOTHHRTOT,2034,0.070905326
GLOBAL,S2D2,LNDAGRFJIC01,LOTHHRTOT,2035,0.071058152
GLOBAL,S2D2,LNDAGRFJIC01,LOTHHRTOT,2036,0.071126522
GLOBAL,S2D2,LNDAGRFJIC01,LOTHHRTOT,2037,0.071194891
GLOBAL,S2D2,LNDAGRFJIC01,LOTHHRTOT,2038,0.07126337
GLOBAL,S2D2,LNDAGRFJIC01,LOTHHRTOT,2039,0.071696522
GLOBAL,S2D2,LNDAGRFJIC01,LOTHHRTOT,2040,0.071400217
GLOBAL,S2D2,LNDAGRFJIC01,LOTHHRTOT,2041,0.071389565
GLOBAL,S2D2,LNDAGRFJIC01,LOTHHRTOT,2042,0.071379022
GLOBAL,S2D2,LNDAGRFJIC01,LOTHHRTOT,2043,0.071368478
GLOBAL,S2D2,LNDAGRFJIC01,LOTHHRTOT,2044,0.071357935
GLOBAL,S2D2,LNDAGRFJIC01,LOTHHRTOT,2045,0.071347283
GLOBAL,S2D2,LNDAGRFJIC01,LOTHHRTOT,2046,0.071274891
GLOBAL,S2D2,LNDAGRFJIC01,LOTHHRTOT,2047,0.0712025
GLOBAL,S2D2,LNDAGRFJIC01,LOTHHRTOT,2048,0.07129087
GLOBAL,S2D2,LNDAGRFJIC01,LOTHHRTOT,2049,0.071138152
GLOBAL,S2D2,LNDAGRFJIC01,LOTHHRTOT,2050,0.070985326
GLOBAL,S2D2,LNDAGRFJIC01,LSGCHRTOT,2023,1.5827727
GLOBAL,S2D2,LNDAGRFJIC01,LSGCHRTOT,2024,1.5896091
GLOBAL,S2D2,LNDAGRFJIC01,LSGCHRTOT,2025,1.5964455
GLOBAL,S2D2,LNDAGRFJIC01,LSGCHRTOT,2026,1.6016
GLOBAL,S2D2,LNDAGRFJIC01,LSGCHRTOT,2027,1.6067545
GLOBAL,S2D2,LNDAGRFJIC01,LSGCHRTOT,2028,1.6051035
GLOBAL,S2D2,LNDAGRFJIC01,LSGCHRTOT,2029,1.5879704
GLOBAL,S2D2,LNDAGRFJIC01,LSGCHRTOT,2030,1.5708368
GLOBAL,S2D2,LNDAGRFJIC01,LSGCHRTOT,2031,1.55914
GLOBAL,S2D2,LNDAGRFJIC01,LSGCHRTOT,2032,1.5474158
GLOBAL,S2D2,LNDAGRFJIC01,LSGCHRTOT,2033,1.6327909
GLOBAL,S2D2,LNDAGRFJIC01,LSGCHRTOT,2034,1.5239679
GLOBAL,S2D2,LNDAGRFJIC01,LSGCHRTOT,2035,1.5122707
GLOBAL,S2D2,LNDAGRFJIC01,LSGCHRTOT,2036,1.5070141
GLOBAL,S2D2,LNDAGRFJIC01,LSGCHRTOT,2037,1.5017571
GLOBAL,S2D2,LNDAGRFJIC01,LSGCHRTOT,2038,1.4965001
GLOBAL,S2D2,LNDAGRFJIC01,LSGCHRTOT,2039,1.5230603
GLOBAL,S2D2,LNDAGRFJIC01,LSGCHRTOT,2040,1.486013
GLOBAL,S2D2,LNDAGRFJIC01,LSGCHRTOT,2041,1.6474909
GLOBAL,S2D2,LNDAGRFJIC01,LSGCHRTOT,2042,1.4876441
GLOBAL,S2D2,LNDAGRFJIC01,LSGCHRTOT,2043,1.4884591
GLOBAL,S2D2,LNDAGRFJIC01,LSGCHRTOT,2044,1.4892474
GLOBAL,S2D2,LNDAGRFJIC01,LSGCHRTOT,2045,1.4900632
GLOBAL,S2D2,LNDAGRFJIC01,LSGCHRTOT,2046,1.6448455
GLOBAL,S2D2,LNDAGRFJIC01,LSGCHRTOT,2047,1.6431727
GLOBAL,S2D2,LNDAGRFJIC01,LSGCHRTOT,2048,1.5104508
GLOBAL,S2D2,LNDAGRFJIC01,LSGCHRTOT,2049,1.6416818
GLOBAL,S2D2,LNDAGRFJIC01,LSGCHRTOT,2050,1.5178337
GLOBAL,S2D2,LNDAGRFJIC01,WTRPRCFJI,2021,0.38164374180000005
GLOBAL,S2D2,LNDAGRFJIC01,WTRPRCFJI,2022,0.3833072145
GLOBAL,S2D2,LNDAGRFJIC01,WTRPRCFJI,2023,4.6584569934
GLOBAL,S2D2,LNDAGRFJIC01,WTRPRCFJI,2024,4.678579037700001
GLOBAL,S2D2,LNDAGRFJIC01,WTRPRCFJI,2025,4.698700785
GLOBAL,S2D2,LNDAGRFJIC01,WTRPRCFJI,2026,4.7138715153
GLOBAL,S2D2,LNDAGRFJIC01,WTRPRCFJI,2027,4.7290419486
GLOBAL,S2D2,LNDAGRFJIC01,WTRPRCFJI,2028,4.725837256500001
GLOBAL,S2D2,LNDAGRFJIC01,WTRPRCFJI,2029,4.6808311698
GLOBAL,S2D2,LNDAGRFJIC01,WTRPRCFJI,2030,4.6358240274
GLOBAL,S2D2,LNDAGRFJIC01,WTRPRCFJI,2031,4.605099952500001
GLOBAL,S2D2,LNDAGRFJIC01,WTRPRCFJI,2032,4.574302175700001
GLOBAL,S2D2,LNDAGRFJIC01,WTRPRCFJI,2033,4.8056725251
GLOBAL,S2D2,LNDAGRFJIC01,WTRPRCFJI,2034,4.5127077102
GLOBAL,S2D2,LNDAGRFJIC01,WTRPRCFJI,2035,4.4819828496000005
GLOBAL,S2D2,LNDAGRFJIC01,WTRPRCFJI,2036,4.4681738211
GLOBAL,S2D2,LNDAGRFJIC01,WTRPRCFJI,2037,4.454363988
GLOBAL,S2D2,LNDAGRFJIC01,WTRPRCFJI,2038,4.440554173800001
GLOBAL,S2D2,LNDAGRFJIC01,WTRPRCFJI,2039,4.5146983365
GLOBAL,S2D2,LNDAGRFJIC01,WTRPRCFJI,2040,4.413007156500001
GLOBAL,S2D2,LNDAGRFJIC01,WTRPRCFJI,2041,4.8489378678
GLOBAL,S2D2,LNDAGRFJIC01,WTRPRCFJI,2042,4.417292183400001
GLOBAL,S2D2,LNDAGRFJIC01,WTRPRCFJI,2043,4.4194336344
GLOBAL,S2D2,LNDAGRFJIC01,WTRPRCFJI,2044,4.421502719999999
GLOBAL,S2D2,LNDAGRFJIC01,WTRPRCFJI,2045,4.423645764000001
GLOBAL,S2D2,LNDAGRFJIC01,WTRPRCFJI,2046,4.8411514728
GLOBAL,S2D2,LNDAGRFJIC01,WTRPRCFJI,2047,4.8362286924
GLOBAL,S2D2,LNDAGRFJIC01,WTRPRCFJI,2048,4.4783752122000005
GLOBAL,S2D2,LNDAGRFJIC01,WTRPRCFJI,2049,4.8318416244
GLOBAL,S2D2,LNDAGRFJIC01,WTRPRCFJI,2050,4.496594174999999
GLOBAL,S2D2,LNDAGRFJIC02,LFORTOT,2036,34.416171
GLOBAL,S2D2,LNDAGRFJIC02,LSGCHRTOT,2028,0.0068055766
GLOBAL,S2D2,LNDAGRFJIC02,LSGCHRTOT,2029,0.029093259
GLOBAL,S2D2,LNDAGRFJIC02,LSGCHRTOT,2030,0.051381372
GLOBAL,S2D2,LNDAGRFJIC02,LSGCHRTOT,2031,0.066596347
GLOBAL,S2D2,LNDAGRFJIC02,LSGCHRTOT,2032,0.081847787
GLOBAL,S2D2,LNDAGRFJIC02,LSGCHRTOT,2034,0.11235029
GLOBAL,S2D2,LNDAGRFJIC02,LSGCHRTOT,2035,0.1275657
GLOBAL,S2D2,LNDAGRFJIC02,LSGCHRTOT,2036,0.13440411
GLOBAL,S2D2,LNDAGRFJIC02,LSGCHRTOT,2037,0.14124292
GLOBAL,S2D2,LNDAGRFJIC02,LSGCHRTOT,2038,0.14808176
GLOBAL,S2D2,LNDAGRFJIC02,LSGCHRTOT,2039,0.13151241
GLOBAL,S2D2,LNDAGRFJIC02,LSGCHRTOT,2040,0.16172336
GLOBAL,S2D2,LNDAGRFJIC02,LSGCHRTOT,2042,0.15960134
GLOBAL,S2D2,LNDAGRFJIC02,LSGCHRTOT,2043,0.15854094
GLOBAL,S2D2,LNDAGRFJIC02,LSGCHRTOT,2044,0.15751621
GLOBAL,S2D2,LNDAGRFJIC02,LSGCHRTOT,2045,0.15645498
GLOBAL,S2D2,LNDAGRFJIC02,LSGCHRTOT,2048,0.13475826
GLOBAL,S2D2,LNDAGRFJIC02,WTRPRCFJI,2028,0.0170139415
GLOBAL,S2D2,LNDAGRFJIC02,WTRPRCFJI,2029,0.0727331475
GLOBAL,S2D2,LNDAGRFJIC02,WTRPRCFJI,2030,0.12845343
GLOBAL,S2D2,LNDAGRFJIC02,WTRPRCFJI,2031,0.1664908675
GLOBAL,S2D2,LNDAGRFJIC02,WTRPRCFJI,2032,0.2046194675
GLOBAL,S2D2,LNDAGRFJIC02,WTRPRCFJI,2034,0.280875725
GLOBAL,S2D2,LNDAGRFJIC02,WTRPRCFJI,2035,0.31891425
GLOBAL,S2D2,LNDAGRFJIC02,WTRPRCFJI,2036,86.376437775
GLOBAL,S2D2,LNDAGRFJIC02,WTRPRCFJI,2037,0.3531073
GLOBAL,S2D2,LNDAGRFJIC02,WTRPRCFJI,2038,0.3702044
GLOBAL,S2D2,LNDAGRFJIC02,WTRPRCFJI,2039,0.328781025
GLOBAL,S2D2,LNDAGRFJIC02,WTRPRCFJI,2040,0.4043084
GLOBAL,S2D2,LNDAGRFJIC02,WTRPRCFJI,2042,0.39900335000000003
GLOBAL,S2D2,LNDAGRFJIC02,WTRPRCFJI,2043,0.39635234999999996
GLOBAL,S2D2,LNDAGRFJIC02,WTRPRCFJI,2044,0.393790525
GLOBAL,S2D2,LNDAGRFJIC02,WTRPRCFJI,2045,0.39113745
GLOBAL,S2D2,LNDAGRFJIC02,WTRPRCFJI,2048,0.33689565
GLOBAL,S2D2,LNDAGRFJIC03,LFORTOT,2021,24.357001
GLOBAL,S2D2,LNDAGRFJIC03,LFORTOT,2036,24.357001
GLOBAL,S2D2,LNDAGRFJIC03,LSGCHRTOT,2050,0.12032998
GLOBAL,S2D2,LNDAGRFJIC03,WTRPRCFJI,2021,65.7639027
GLOBAL,S2D2,LNDAGRFJIC03,WTRPRCFJI,2036,65.7639027
GLOBAL,S2D2,LNDAGRFJIC03,WTRPRCFJI,2050,0.324890946
GLOBAL,S2D2,LNDAGRFJIC04,LCONHRTOT,2021,0.044243878
GLOBAL,S2D2,LNDAGRFJIC04,LCONHRTOT,2022,0.044436735
GLOBAL,S2D2,LNDAGRFJIC04,LCONHRTOT,2023,0.044629592
GLOBAL,S2D2,LNDAGRFJIC04,LCONHRTOT,2024,0.044822449
GLOBAL,S2D2,LNDAGRFJIC04,LCONHRTOT,2025,0.045015306
GLOBAL,S2D2,LNDAGRFJIC04,LCONHRTOT,2026,0.045160612
GLOBAL,S2D2,LNDAGRFJIC04,LCONHRTOT,2027,0.045305918
GLOBAL,S2D2,LNDAGRFJIC04,LCONHRTOT,2028,0.045451224
GLOBAL,S2D2,LNDAGRFJIC04,LCONHRTOT,2029,0.045596531
GLOBAL,S2D2,LNDAGRFJIC04,LCONHRTOT,2030,0.045741837
GLOBAL,S2D2,LNDAGRFJIC04,LCONHRTOT,2031,0.045841224
GLOBAL,S2D2,LNDAGRFJIC04,LCONHRTOT,2032,0.045940612
GLOBAL,S2D2,LNDAGRFJIC04,LCONHRTOT,2033,0.04604
GLOBAL,S2D2,LNDAGRFJIC04,LCONHRTOT,2034,0.046139388
GLOBAL,S2D2,LNDAGRFJIC04,LCONHRTOT,2035,0.046238776
GLOBAL,S2D2,LNDAGRFJIC04,LCONHRTOT,2036,0.046283265
GLOBAL,S2D2,LNDAGRFJIC04,LCONHRTOT,2037,0.046327959
GLOBAL,S2D2,LNDAGRFJIC04,LCONHRTOT,2038,0.046372449
GLOBAL,S2D2,LNDAGRFJIC04,LCONHRTOT,2039,0.046654286
GLOBAL,S2D2,LNDAGRFJIC04,LCONHRTOT,2040,0.046461429
GLOBAL,S2D2,LNDAGRFJIC04,LCONHRTOT,2041,0.04645449
GLOBAL,S2D2,LNDAGRFJIC04,LCONHRTOT,2042,0.046447755
GLOBAL,S2D2,LNDAGRFJIC04,LCONHRTOT,2043,0.046440816
GLOBAL,S2D2,LNDAGRFJIC04,LCONHRTOT,2044,0.046433878
GLOBAL,S2D2,LNDAGRFJIC04,LCONHRTOT,2045,0.046426939
GLOBAL,S2D2,LNDAGRFJIC04,LCONHRTOT,2046,0.04638
GLOBAL,S2D2,LNDAGRFJIC04,LCONHRTOT,2047,0.046332857
GLOBAL,S2D2,LNDAGRFJIC04,LCONHRTOT,2048,0.046390204
GLOBAL,S2D2,LNDAGRFJIC04,LCONHRTOT,2049,0.046290816
GLOBAL,S2D2,LNDAGRFJIC04,LCONHRTOT,2050,0.046191429
GLOBAL,S2D2,LNDAGRFJIC04,LFORTOT,2036,6.1827167
GLOBAL,S2D2,LNDAGRFJIC04,LSGCHRTOT,2021,1.5690909
GLOBAL,S2D2,LNDAGRFJIC04,LSGCHRTOT,2022,1.5759273
GLOBAL,S2D2,LNDAGRFJIC04,LYAMHRTOT,2021,0.059223846
GLOBAL,S2D2,LNDAGRFJIC04,LYAMHRTOT,2022,0.059481978
GLOBAL,S2D2,LNDAGRFJIC04,LYAMHRTOT,2023,0.05974022
GLOBAL,S2D2,LNDAGRFJIC04,LYAMHRTOT,2024,0.059998352
GLOBAL,S2D2,LNDAGRFJIC04,LYAMHRTOT,2025,0.060256484
GLOBAL,S2D2,LNDAGRFJIC04,LYAMHRTOT,2026,0.060450989
GLOBAL,S2D2,LNDAGRFJIC04,LYAMHRTOT,2027,0.060645495
GLOBAL,S2D2,LNDAGRFJIC04,LYAMHRTOT,2028,0.06084
GLOBAL,S2D2,LNDAGRFJIC04,LYAMHRTOT,2029,0.061034396
GLOBAL,S2D2,LNDAGRFJIC04,LYAMHRTOT,2030,0.061228901
GLOBAL,S2D2,LNDAGRFJIC04,LYAMHRTOT,2031,0.061361978
GLOBAL,S2D2,LNDAGRFJIC04,LYAMHRTOT,2032,0.061495055
GLOBAL,S2D2,LNDAGRFJIC04,LYAMHRTOT,2033,0.061628132
GLOBAL,S2D2,LNDAGRFJIC04,LYAMHRTOT,2034,0.061761209
GLOBAL,S2D2,LNDAGRFJIC04,LYAMHRTOT,2035,0.061894176
GLOBAL,S2D2,LNDAGRFJIC04,LYAMHRTOT,2036,0.061953846
GLOBAL,S2D2,LNDAGRFJIC04,LYAMHRTOT,2037,0.062013407
GLOBAL,S2D2,LNDAGRFJIC04,LYAMHRTOT,2038,0.062072967
GLOBAL,S2D2,LNDAGRFJIC04,LYAMHRTOT,2039,0.06245033
GLOBAL,S2D2,LNDAGRFJIC04,LYAMHRTOT,2040,0.062192198
GLOBAL,S2D2,LNDAGRFJIC04,LYAMHRTOT,2041,0.062182967
GLOBAL,S2D2,LNDAGRFJIC04,LYAMHRTOT,2042,0.062173736
GLOBAL,S2D2,LNDAGRFJIC04,LYAMHRTOT,2043,0.062164615
GLOBAL,S2D2,LNDAGRFJIC04,LYAMHRTOT,2044,0.062155385
GLOBAL,S2D2,LNDAGRFJIC04,LYAMHRTOT,2045,0.062146154
GLOBAL,S2D2,LNDAGRFJIC04,LYAMHRTOT,2046,0.062083077
GLOBAL,S2D2,LNDAGRFJIC04,LYAMHRTOT,2047,0.06202
GLOBAL,S2D2,LNDAGRFJIC04,LYAMHRTOT,2048,0.062096813
GLOBAL,S2D2,LNDAGRFJIC04,LYAMHRTOT,2049,0.061963736
GLOBAL,S2D2,LNDAGRFJIC04,LYAMHRTOT,2050,0.061830769
GLOBAL,S2D2,LNDAGRFJIC04,WTRPRCFJI,2021,3.5123731104
GLOBAL,S2D2,LNDAGRFJIC04,WTRPRCFJI,2022,3.5276766273000004
GLOBAL,S2D2,LNDAGRFJIC04,WTRPRCFJI,2023,0.21917660519999999
GLOBAL,S2D2,LNDAGRFJIC04,WTRPRCFJI,2024,0.2201236821
GLOBAL,S2D2,LNDAGRFJIC04,WTRPRCFJI,2025,0.221070759
GLOBAL,S2D2,LNDAGRFJIC04,WTRPRCFJI,2026,0.22178436210000002
GLOBAL,S2D2,LNDAGRFJIC04,WTRPRCFJI,2027,0.2224979673
GLOBAL,S2D2,LNDAGRFJIC04,WTRPRCFJI,2028,0.2232115704
GLOBAL,S2D2,LNDAGRFJIC04,WTRPRCFJI,2029,0.22392494670000002
GLOBAL,S2D2,LNDAGRFJIC04,WTRPRCFJI,2030,0.2246385498
GLOBAL,S2D2,LNDAGRFJIC04,WTRPRCFJI,2031,0.2251267242
GLOBAL,S2D2,LNDAGRFJIC04,WTRPRCFJI,2032,0.2256149007
GLOBAL,S2D2,LNDAGRFJIC04,WTRPRCFJI,2033,0.2261030772
GLOBAL,S2D2,LNDAGRFJIC04,WTRPRCFJI,2034,0.2265912537
GLOBAL,S2D2,LNDAGRFJIC04,WTRPRCFJI,2035,0.22707919920000003
GLOBAL,S2D2,LNDAGRFJIC04,WTRPRCFJI,2036,13.2110030031
GLOBAL,S2D2,LNDAGRFJIC04,WTRPRCFJI,2037,0.22751686860000003
GLOBAL,S2D2,LNDAGRFJIC04,WTRPRCFJI,2038,0.2277353736
GLOBAL,S2D2,LNDAGRFJIC04,WTRPRCFJI,2039,0.2291196936
GLOBAL,S2D2,LNDAGRFJIC04,WTRPRCFJI,2040,0.2281726167
GLOBAL,S2D2,LNDAGRFJIC04,WTRPRCFJI,2041,0.22813865970000002
GLOBAL,S2D2,LNDAGRFJIC04,WTRPRCFJI,2042,0.22810513110000002
GLOBAL,S2D2,LNDAGRFJIC04,WTRPRCFJI,2043,0.2280714051
GLOBAL,S2D2,LNDAGRFJIC04,WTRPRCFJI,2044,0.2280374523
GLOBAL,S2D2,LNDAGRFJIC04,WTRPRCFJI,2045,0.22800349530000003
GLOBAL,S2D2,LNDAGRFJIC04,WTRPRCFJI,2046,0.22777246169999998
GLOBAL,S2D2,LNDAGRFJIC04,WTRPRCFJI,2047,0.2275409997
GLOBAL,S2D2,LNDAGRFJIC04,WTRPRCFJI,2048,0.2278227357
GLOBAL,S2D2,LNDAGRFJIC04,WTRPRCFJI,2049,0.2273345592
GLOBAL,S2D2,LNDAGRFJIC04,WTRPRCFJI,2050,0.2268466158
GLOBAL,S2D2,LNDCASHRTOT,LTOT,2021,0.073357143
GLOBAL,S2D2,LNDCASHRTOT,LTOT,2022,0.073676939
GLOBAL,S2D2,LNDCASHRTOT,LTOT,2023,0.073996633
GLOBAL,S2D2,LNDCASHRTOT,LTOT,2024,0.074316429
GLOBAL,S2D2,LNDCASHRTOT,LTOT,2025,0.074636224
GLOBAL,S2D2,LNDCASHRTOT,LTOT,2026,0.074877143
GLOBAL,S2D2,LNDCASHRTOT,LTOT,2027,0.075118061
GLOBAL,S2D2,LNDCASHRTOT,LTOT,2028,0.075358878
GLOBAL,S2D2,LNDCASHRTOT,LTOT,2029,0.075599796
GLOBAL,S2D2,LNDCASHRTOT,LTOT,2030,0.075840714
GLOBAL,S2D2,LNDCASHRTOT,LTOT,2031,0.07600551
GLOBAL,S2D2,LNDCASHRTOT,LTOT,2032,0.076170408
GLOBAL,S2D2,LNDCASHRTOT,LTOT,2033,0.076335204
GLOBAL,S2D2,LNDCASHRTOT,LTOT,2034,0.0765
GLOBAL,S2D2,LNDCASHRTOT,LTOT,2035,0.076664796
GLOBAL,S2D2,LNDCASHRTOT,LTOT,2036,0.076738571
GLOBAL,S2D2,LNDCASHRTOT,LTOT,2037,0.076812449
GLOBAL,S2D2,LNDCASHRTOT,LTOT,2038,0.076886224
GLOBAL,S2D2,LNDCASHRTOT,LTOT,2039,0.077353673
GLOBAL,S2D2,LNDCASHRTOT,LTOT,2040,0.077033878
GLOBAL,S2D2,LNDCASHRTOT,LTOT,2041,0.077022449
GLOBAL,S2D2,LNDCASHRTOT,LTOT,2042,0.07701102
GLOBAL,S2D2,LNDCASHRTOT,LTOT,2043,0.076999694
GLOBAL,S2D2,LNDCASHRTOT,LTOT,2044,0.076988265
GLOBAL,S2D2,LNDCASHRTOT,LTOT,2045,0.076976837
GLOBAL,S2D2,LNDCASHRTOT,LTOT,2046,0.076898673
GLOBAL,S2D2,LNDCASHRTOT,LTOT,2047,0.076820612
GLOBAL,S2D2,LNDCASHRTOT,LTOT,2048,0.076915816
GLOBAL,S2D2,LNDCASHRTOT,LTOT,2049,0.07675102
GLOBAL,S2D2,LNDCASHRTOT,LTOT,2050,0.076586224
GLOBAL,S2D2,LNDCONHRTOT,LTOT,2021,0.044243878
GLOBAL,S2D2,LNDCONHRTOT,LTOT,2022,0.044436735
GLOBAL,S2D2,LNDCONHRTOT,LTOT,2023,0.044629592
GLOBAL,S2D2,LNDCONHRTOT,LTOT,2024,0.044822449
GLOBAL,S2D2,LNDCONHRTOT,LTOT,2025,0.045015306
GLOBAL,S2D2,LNDCONHRTOT,LTOT,2026,0.045160612
GLOBAL,S2D2,LNDCONHRTOT,LTOT,2027,0.045305918
GLOBAL,S2D2,LNDCONHRTOT,LTOT,2028,0.045451224
GLOBAL,S2D2,LNDCONHRTOT,LTOT,2029,0.045596531
GLOBAL,S2D2,LNDCONHRTOT,LTOT,2030,0.045741837
GLOBAL,S2D2,LNDCONHRTOT,LTOT,2031,0.045841224
GLOBAL,S2D2,LNDCONHRTOT,LTOT,2032,0.045940612
GLOBAL,S2D2,LNDCONHRTOT,LTOT,2033,0.04604
GLOBAL,S2D2,LNDCONHRTOT,LTOT,2034,0.046139388
GLOBAL,S2D2,LNDCONHRTOT,LTOT,2035,0.046238776
GLOBAL,S2D2,LNDCONHRTOT,LTOT,2036,0.046283265
GLOBAL,S2D2,LNDCONHRTOT,LTOT,2037,0.046327959
GLOBAL,S2D2,LNDCONHRTOT,LTOT,2038,0.046372449
GLOBAL,S2D2,LNDCONHRTOT,LTOT,2039,0.046654286
GLOBAL,S2D2,LNDCONHRTOT,LTOT,2040,0.046461429
GLOBAL,S2D2,LNDCONHRTOT,LTOT,2041,0.04645449
GLOBAL,S2D2,LNDCONHRTOT,LTOT,2042,0.046447755
GLOBAL,S2D2,LNDCONHRTOT,LTOT,2043,0.046440816
GLOBAL,S2D2,LNDCONHRTOT,LTOT,2044,0.046433878
GLOBAL,S2D2,LNDCONHRTOT,LTOT,2045,0.046426939
GLOBAL,S2D2,LNDCONHRTOT,LTOT,2046,0.04638
GLOBAL,S2D2,LNDCONHRTOT,LTOT,2047,0.046332857
GLOBAL,S2D2,LNDCONHRTOT,LTOT,2048,0.046390204
GLOBAL,S2D2,LNDCONHRTOT,LTOT,2049,0.046290816
GLOBAL,S2D2,LNDCONHRTOT,LTOT,2050,0.046191429
GLOBAL,S2D2,LNDFORTOT,LTOT,2021,24.357001
GLOBAL,S2D2,LNDFORTOT,LTOT,2036,64.955889
GLOBAL,S2D2,LNDOTHHRTOT,LTOT,2021,0.067992391
GLOBAL,S2D2,LNDOTHHRTOT,LTOT,2022,0.068288696
GLOBAL,S2D2,LNDOTHHRTOT,LTOT,2023,0.068585109
GLOBAL,S2D2,LNDOTHHRTOT,LTOT,2024,0.068881522
GLOBAL,S2D2,LNDOTHHRTOT,LTOT,2025,0.069177826
GLOBAL,S2D2,LNDOTHHRTOT,LTOT,2026,0.069401196
GLOBAL,S2D2,LNDOTHHRTOT,LTOT,2027,0.069624457
GLOBAL,S2D2,LNDOTHHRTOT,LTOT,2028,0.069847717
GLOBAL,S2D2,LNDOTHHRTOT,LTOT,2029,0.070070978
GLOBAL,S2D2,LNDOTHHRTOT,LTOT,2030,0.070294348
GLOBAL,S2D2,LNDOTHHRTOT,LTOT,2031,0.070447065
GLOBAL,S2D2,LNDOTHHRTOT,LTOT,2032,0.070599783
GLOBAL,S2D2,LNDOTHHRTOT,LTOT,2033,0.070752609
GLOBAL,S2D2,LNDOTHHRTOT,LTOT,2034,0.070905326
GLOBAL,S2D2,LNDOTHHRTOT,LTOT,2035,0.071058152
GLOBAL,S2D2,LNDOTHHRTOT,LTOT,2036,0.071126522
GLOBAL,S2D2,LNDOTHHRTOT,LTOT,2037,0.071194891
GLOBAL,S2D2,LNDOTHHRTOT,LTOT,2038,0.07126337
GLOBAL,S2D2,LNDOTHHRTOT,LTOT,2039,0.071696522
GLOBAL,S2D2,LNDOTHHRTOT,LTOT,2040,0.071400217
GLOBAL,S2D2,LNDOTHHRTOT,LTOT,2041,0.071389565
GLOBAL,S2D2,LNDOTHHRTOT,LTOT,2042,0.071379022
GLOBAL,S2D2,LNDOTHHRTOT,LTOT,2043,0.071368478
GLOBAL,S2D2,LNDOTHHRTOT,LTOT,2044,0.071357935
GLOBAL,S2D2,LNDOTHHRTOT,LTOT,2045,0.071347283
GLOBAL,S2D2,LNDOTHHRTOT,LTOT,2046,0.071274891
GLOBAL,S2D2,LNDOTHHRTOT,LTOT,2047,0.0712025
GLOBAL,S2D2,LNDOTHHRTOT,LTOT,2048,0.07129087
GLOBAL,S2D2,LNDOTHHRTOT,LTOT,2049,0.071138152
GLOBAL,S2D2,LNDOTHHRTOT,LTOT,2050,0.070985326
GLOBAL,S2D2,LNDSGCHRTOT,LTOT,2021,1.5690909
GLOBAL,S2D2,LNDSGCHRTOT,LTOT,2022,1.5759273
GLOBAL,S2D2,LNDSGCHRTOT,LTOT,2023,1.5827727
GLOBAL,S2D2,LNDSGCHRTOT,LTOT,2024,1.5896091
GLOBAL,S2D2,LNDSGCHRTOT,LTOT,2025,1.5964455
GLOBAL,S2D2,LNDSGCHRTOT,LTOT,2026,1.6016
GLOBAL,S2D2,LNDSGCHRTOT,LTOT,2027,1.6067545
GLOBAL,S2D2,LNDSGCHRTOT,LTOT,2028,1.6119091
GLOBAL,S2D2,LNDSGCHRTOT,LTOT,2029,1.6170636
GLOBAL,S2D2,LNDSGCHRTOT,LTOT,2030,1.6222182
GLOBAL,S2D2,LNDSGCHRTOT,LTOT,2031,1.6257364
GLOBAL,S2D2,LNDSGCHRTOT,LTOT,2032,1.6292636
GLOBAL,S2D2,LNDSGCHRTOT,LTOT,2033,1.6327909
GLOBAL,S2D2,LNDSGCHRTOT,LTOT,2034,1.6363182
GLOBAL,S2D2,LNDSGCHRTOT,LTOT,2035,1.6398364
GLOBAL,S2D2,LNDSGCHRTOT,LTOT,2036,1.6414182
GLOBAL,S2D2,LNDSGCHRTOT,LTOT,2037,1.643
GLOBAL,S2D2,LNDSGCHRTOT,LTOT,2038,1.6445818
GLOBAL,S2D2,LNDSGCHRTOT,LTOT,2039,1.6545727
GLOBAL,S2D2,LNDSGCHRTOT,LTOT,2040,1.6477364
GLOBAL,S2D2,LNDSGCHRTOT,LTOT,2041,1.6474909
GLOBAL,S2D2,LNDSGCHRTOT,LTOT,2042,1.6472455
GLOBAL,S2D2,LNDSGCHRTOT,LTOT,2043,1.647
GLOBAL,S2D2,LNDSGCHRTOT,LTOT,2044,1.6467636
GLOBAL,S2D2,LNDSGCHRTOT,LTOT,2045,1.6465182
GLOBAL,S2D2,LNDSGCHRTOT,LTOT,2046,1.6448455
GLOBAL,S2D2,LNDSGCHRTOT,LTOT,2047,1.6431727
GLOBAL,S2D2,LNDSGCHRTOT,LTOT,2048,1.6452091
GLOBAL,S2D2,LNDSGCHRTOT,LTOT,2049,1.6416818
GLOBAL,S2D2,LNDSGCHRTOT,LTOT,2050,1.6381636
GLOBAL,S2D2,LNDYAMHRTOT,LTOT,2021,0.059223846
GLOBAL,S2D2,LNDYAMHRTOT,LTOT,2022,0.059481978
GLOBAL,S2D2,LNDYAMHRTOT,LTOT,2023,0.05974022
GLOBAL,S2D2,LNDYAMHRTOT,LTOT,2024,0.059998352
GLOBAL,S2D2,LNDYAMHRTOT,LTOT,2025,0.060256484
GLOBAL,S2D2,LNDYAMHRTOT,LTOT,2026,0.060450989
GLOBAL,S2D2,LNDYAMHRTOT,LTOT,2027,0.060645495
GLOBAL,S2D2,LNDYAMHRTOT,LTOT,2028,0.06084
GLOBAL,S2D2,LNDYAMHRTOT,LTOT,2029,0.061034396
GLOBAL,S2D2,LNDYAMHRTOT,LTOT,2030,0.061228901
GLOBAL,S2D2,LNDYAMHRTOT,LTOT,2031,0.061361978
GLOBAL,S2D2,LNDYAMHRTOT,LTOT,2032,0.061495055
GLOBAL,S2D2,LNDYAMHRTOT,LTOT,2033,0.061628132
GLOBAL,S2D2,LNDYAMHRTOT,LTOT,2034,0.061761209
GLOBAL,S2D2,LNDYAMHRTOT,LTOT,2035,0.061894176
GLOBAL,S2D2,LNDYAMHRTOT,LTOT,2036,0.061953846
GLOBAL,S2D2,LNDYAMHRTOT,LTOT,2037,0.062013407
GLOBAL,S2D2,LNDYAMHRTOT,LTOT,2038,0.062072967
GLOBAL,S2D2,LNDYAMHRTOT,LTOT,2039,0.06245033
GLOBAL,S2D2,LNDYAMHRTOT,LTOT,2040,0.062192198
GLOBAL,S2D2,LNDYAMHRTOT,LTOT,2041,0.062182967
GLOBAL,S2D2,LNDYAMHRTOT,LTOT,2042,0.062173736
GLOBAL,S2D2,LNDYAMHRTOT,LTOT,2043,0.062164615
GLOBAL,S2D2,LNDYAMHRTOT,LTOT,2044,0.062155385
GLOBAL,S2D2,LNDYAMHRTOT,LTOT,2045,0.062146154
GLOBAL,S2D2,LNDYAMHRTOT,LTOT,2046,0.062083077
GLOBAL,S2D2,LNDYAMHRTOT,LTOT,2047,0.06202
GLOBAL,S2D2,LNDYAMHRTOT,LTOT,2048,0.062096813
GLOBAL,S2D2,LNDYAMHRTOT,LTOT,2049,0.061963736
GLOBAL,S2D2,LNDYAMHRTOT,LTOT,2050,0.061830769
GLOBAL,S2D2,PWRBIOFJIXX01,BIOFJIXX,2022,8.396586143999999
GLOBAL,S2D2,PWRBIOFJIXX01,BIOFJIXX,2023,4.3526592719999995
GLOBAL,S2D2,PWRBIOFJIXX01,BIOFJIXX,2024,4.04960492
GLOBAL,S2D2,PWRBIOFJIXX01,BIOFJIXX,2025,3.784432362
GLOBAL,S2D2,PWRBIOFJIXX01,BIOFJIXX,2026,3.2162054902
GLOBAL,S2D2,PWRBIOFJIXX01,BIOFJIXX,2027,2.6479785801999998
GLOBAL,S2D2,PWRBIOFJIXX01,BIOFJIXX,2028,2.1361198576000002
GLOBAL,S2D2,PWRBIOFJIXX01,BIOFJIXX,2030,3.635313123
GLOBAL,S2D2,PWRBIOFJIXX01,BIOFJIXX,2031,4.168688835999999
GLOBAL,S2D2,PWRBIOFJIXX01,BIOFJIXX,2032,0.020069955682
GLOBAL,S2D2,PWRBIOFJIXX01,BIOFJIXX,2033,0.020069955682
GLOBAL,S2D2,PWRBIOFJIXX01,BIOFJIXX,2034,0.023546917772
GLOBAL,S2D2,PWRBIOFJIXX01,BIOFJIXX,2035,0.6929788273999999
GLOBAL,S2D2,PWRBIOFJIXX01,BIOFJIXX,2037,0.06667623201999999
GLOBAL,S2D2,PWRBIOFJIXX01,BIOFJIXX,2039,1.6899314807999999
GLOBAL,S2D2,PWRBIOFJIXX01,BIOFJIXX,2040,0.11332745867999999
GLOBAL,S2D2,PWRBIOFJIXX01,BIOFJIXX,2041,0.14507176946
GLOBAL,S2D2,PWRBIOFJIXX01,BIOFJIXX,2045,1.6052433032
GLOBAL,S2D2,PWRBIOFJIXX01,BIOFJIXX,2046,1.4188156140000001
GLOBAL,S2D2,PWRBIOFJIXX01,BIOFJIXX,2047,1.8017053302000001
GLOBAL,S2D2,PWRBIOFJIXX01,BIOFJIXX,2048,8.854491454
GLOBAL,S2D2,PWRBIOFJIXX01,BIOFJIXX,2049,4.681596034
GLOBAL,S2D2,PWRHYDFJIXX01,HYDFJIXX,2021,2.9234431
GLOBAL,S2D2,PWRHYDFJIXX01,HYDFJIXX,2022,0.79519744
GLOBAL,S2D2,PWRHYDFJIXX01,HYDFJIXX,2023,1.9149039
GLOBAL,S2D2,PWRHYDFJIXX01,HYDFJIXX,2024,2.0640511
GLOBAL,S2D2,PWRHYDFJIXX01,HYDFJIXX,2025,2.1945548
GLOBAL,S2D2,PWRHYDFJIXX01,HYDFJIXX,2026,2.4742058
GLOBAL,S2D2,PWRHYDFJIXX01,HYDFJIXX,2027,2.7538567
GLOBAL,S2D2,PWRHYDFJIXX01,HYDFJIXX,2028,3.0187516
GLOBAL,S2D2,PWRHYDFJIXX01,HYDFJIXX,2029,3.7088457
GLOBAL,S2D2,PWRHYDFJIXX01,HYDFJIXX,2030,2.8880935
GLOBAL,S2D2,PWRHYDFJIXX01,HYDFJIXX,2031,2.8880935
GLOBAL,S2D2,PWRHYDFJIXX01,HYDFJIXX,2032,4.0107184
GLOBAL,S2D2,PWRHYDFJIXX01,HYDFJIXX,2033,4.1590722
GLOBAL,S2D2,PWRHYDFJIXX01,HYDFJIXX,2034,2.8880935
GLOBAL,S2D2,PWRHYDFJIXX01,HYDFJIXX,2035,4.196505
GLOBAL,S2D2,PWRHYDFJIXX01,HYDFJIXX,2036,4.1501985
GLOBAL,S2D2,PWRHYDFJIXX01,HYDFJIXX,2037,4.196505
GLOBAL,S2D2,PWRHYDFJIXX01,HYDFJIXX,2038,4.196505
GLOBAL,S2D2,PWRHYDFJIXX01,HYDFJIXX,2039,4.196505
GLOBAL,S2D2,PWRHYDFJIXX01,HYDFJIXX,2040,4.1077031
GLOBAL,S2D2,PWRHYDFJIXX01,HYDFJIXX,2041,4.196505
GLOBAL,S2D2,PWRHYDFJIXX01,HYDFJIXX,2042,4.196505
GLOBAL,S2D2,PWRHYDFJIXX01,HYDFJIXX,2043,4.196505
GLOBAL,S2D2,PWRHYDFJIXX01,HYDFJIXX,2044,4.196505
GLOBAL,S2D2,PWRHYDFJIXX01,HYDFJIXX,2045,4.196505
GLOBAL,S2D2,PWRHYDFJIXX01,HYDFJIXX,2046,4.196505
GLOBAL,S2D2,PWRHYDFJIXX01,HYDFJIXX,2047,4.196505
GLOBAL,S2D2,PWRHYDFJIXX01,HYDFJIXX,2048,4.196505
GLOBAL,S2D2,PWRHYDFJIXX01,HYDFJIXX,2049,4.196505
GLOBAL,S2D2,PWRHYDFJIXX01,HYDFJIXX,2050,4.196505
GLOBAL,S2D2,PWROILFJIXX01,OILINT,2035,0.20291203115999998
GLOBAL,S2D2,PWROILFJIXX01,OILINT,2038,2.2735304124
GLOBAL,S2D2,PWROILFJIXX01,OILINT,2039,1.7372451225
GLOBAL,S2D2,PWROILFJIXX01,OILINT,2041,0.9673020666
GLOBAL,S2D2,PWRPETFJIXX01,PETINT,2034,4.313668536000001
GLOBAL,S2D2,PWRPETFJIXX01,PETINT,2036,1.4051187378
GLOBAL,S2D2,PWRPETFJIXX01,PETINT,2037,1.7173800792
GLOBAL,S2D2,PWRPETFJIXX01,PETINT,2040,2.9242218636
GLOBAL,S2D2,PWRPETFJIXX01,PETINT,2041,2.2566296502000003
GLOBAL,S2D2,PWRPETFJIXX01,PETINT,2042,3.891527154
GLOBAL,S2D2,PWRPETFJIXX01,PETINT,2043,4.452304590000001
GLOBAL,S2D2,PWRPETFJIXX01,PETINT,2044,5.039785728
GLOBAL,S2D2,PWRPETFJIXX01,PETINT,2045,4.314687822
GLOBAL,S2D2,PWRPETFJIXX01,PETINT,2046,5.131617246
GLOBAL,S2D2,PWRPETFJIXX01,PETINT,2047,4.982021802
GLOBAL,S2D2,PWRPETFJIXX01,PETINT,2049,4.010278104
GLOBAL,S2D2,PWRPETFJIXX01,PETINT,2050,8.42804937
GLOBAL,S2D2,PWRSPVFJIXX01,SPVFJIXX,2040,0.26519321
GLOBAL,S2D2,PWRSPVFJIXX01,SPVFJIXX,2041,0.26519321
GLOBAL,S2D2,PWRSPVFJIXX01,SPVFJIXX,2042,0.26519321
GLOBAL,S2D2,PWRSPVFJIXX01,SPVFJIXX,2043,0.26519321
GLOBAL,S2D2,PWRSPVFJIXX01,SPVFJIXX,2044,0.26519321
GLOBAL,S2D2,PWRSPVFJIXX01,SPVFJIXX,2045,0.26519321
GLOBAL,S2D2,PWRSPVFJIXX01,SPVFJIXX,2046,0.26519321
GLOBAL,S2D2,PWRSPVFJIXX01,SPVFJIXX,2047,0.44074184
GLOBAL,S2D2,PWRSPVFJIXX01,SPVFJIXX,2048,0.44074184
GLOBAL,S2D2,PWRSPVFJIXX01,SPVFJIXX,2049,0.44074184
GLOBAL,S2D2,PWRSPVFJIXX01,SPVFJIXX,2050,0.44074184
GLOBAL,S2D2,PWRTRNFJIXX,ELCFJIXX01,2021,2.9234431
GLOBAL,S2D2,PWRTRNFJIXX,ELCFJIXX01,2022,2.9932566
GLOBAL,S2D2,PWRTRNFJIXX,ELCFJIXX01,2023,3.0543435
GLOBAL,S2D2,PWRTRNFJIXX,ELCFJIXX01,2024,3.1241571
GLOBAL,S2D2,PWRTRNFJIXX,ELCFJIXX01,2025,3.185244
GLOBAL,S2D2,PWRTRNFJIXX,ELCFJIXX01,2026,3.3161444
GLOBAL,S2D2,PWRTRNFJIXX,ELCFJIXX01,2027,3.4470448
GLOBAL,S2D2,PWRTRNFJIXX,ELCFJIXX01,2028,3.5779453
GLOBAL,S2D2,PWRTRNFJIXX,ELCFJIXX01,2029,3.7088457
GLOBAL,S2D2,PWRTRNFJIXX,ELCFJIXX01,2030,3.8397461
GLOBAL,S2D2,PWRTRNFJIXX,ELCFJIXX01,2031,3.9793733
GLOBAL,S2D2,PWRTRNFJIXX,ELCFJIXX01,2032,4.1190004
GLOBAL,S2D2,PWRTRNFJIXX,ELCFJIXX01,2033,4.2673542
GLOBAL,S2D2,PWRTRNFJIXX,ELCFJIXX01,2034,4.4069814
GLOBAL,S2D2,PWRTRNFJIXX,ELCFJIXX01,2035,4.5466085
GLOBAL,S2D2,PWRTRNFJIXX,ELCFJIXX01,2036,4.7124157
GLOBAL,S2D2,PWRTRNFJIXX,ELCFJIXX01,2037,4.8782229
GLOBAL,S2D2,PWRTRNFJIXX,ELCFJIXX01,2038,5.0353035
GLOBAL,S2D2,PWRTRNFJIXX,ELCFJIXX01,2039,5.2011107
GLOBAL,S2D2,PWRTRNFJIXX,ELCFJIXX01,2040,5.3581912
GLOBAL,S2D2,PWRTRNFJIXX,ELCFJIXX01,2041,5.5501785
GLOBAL,S2D2,PWRTRNFJIXX,ELCFJIXX01,2042,5.7334391
GLOBAL,S2D2,PWRTRNFJIXX,ELCFJIXX01,2043,5.9166997
GLOBAL,S2D2,PWRTRNFJIXX,ELCFJIXX01,2044,6.108687
GLOBAL,S2D2,PWRTRNFJIXX,ELCFJIXX01,2045,6.2919476
GLOBAL,S2D2,PWRTRNFJIXX,ELCFJIXX01,2046,6.510115
GLOBAL,S2D2,PWRTRNFJIXX,ELCFJIXX01,2047,6.7370091
GLOBAL,S2D2,PWRTRNFJIXX,ELCFJIXX01,2048,6.9551765
GLOBAL,S2D2,PWRTRNFJIXX,ELCFJIXX01,2049,7.1733439
GLOBAL,S2D2,PWRTRNFJIXX,ELCFJIXX01,2050,7.3915113
GLOBAL,S2D2,PWRWONFJIXX01,WONFJIXX,2032,0.10302811
GLOBAL,S2D2,PWRWONFJIXX01,WONFJIXX,2033,0.10302811
GLOBAL,S2D2,PWRWONFJIXX01,WONFJIXX,2034,0.10302811
GLOBAL,S2D2,PWRWONFJIXX01,WONFJIXX,2035,0.10302811
GLOBAL,S2D2,PWRWONFJIXX01,WONFJIXX,2036,0.10302811
GLOBAL,S2D2,PWRWONFJIXX01,WONFJIXX,2037,0.10302811
GLOBAL,S2D2,PWRWONFJIXX01,WONFJIXX,2038,0.10302811
