REGION,TIMESLICE,TECHNOLOGY,FUEL,YEAR,VALUE
GLOBAL,S1D1,DEMCOMELCFJIXX02,ELCFJIXX02,2039,0.021223986760600003
GLOBAL,S1D1,LNDAGRFJIC01,LCASHRTOT,2021,0.0181852357497
GLOBAL,S1D1,LNDAGRFJIC01,LCASHRTOT,2022,0.0182645131781
GLOBAL,S1D1,LNDAGRFJIC01,LCASHRTOT,2023,0.018343765320700003
GLOBAL,S1D1,LNDAGRFJIC01,LCASHRTOT,2024,0.0184230427491
GLOBAL,S1D1,LNDAGRFJIC01,LCASHRTOT,2025,0.0185023199296
GLOBAL,S1D1,LNDAGRFJIC01,LCASHRTOT,2026,0.0185620437497
GLOBAL,S1D1,LNDAGRFJIC01,LCASHRTOT,2027,0.0186217673219
GLOBAL,S1D1,LNDAGRFJIC01,LCASHRTOT,2028,0.0186814658562
GLOBAL,S1D1,LNDAGRFJIC01,LCASHRTOT,2029,0.0187411894284
GLOBAL,S1D1,LNDAGRFJIC01,LCASHRTOT,2030,0.0188009130006
GLOBAL,S1D1,LNDAGRFJIC01,LCASHRTOT,2031,0.018841765929000002
GLOBAL,S1D1,LNDAGRFJIC01,LCASHRTOT,2032,0.0188826441432
GLOBAL,S1D1,LNDAGRFJIC01,LCASHRTOT,2033,0.0189234970716
GLOBAL,S1D1,LNDAGRFJIC01,LCASHRTOT,2034,0.01896435
GLOBAL,S1D1,LNDAGRFJIC01,LCASHRTOT,2035,0.019005202928399998
GLOBAL,S1D1,LNDAGRFJIC01,LCASHRTOT,2036,0.019023491750900002
GLOBAL,S1D1,LNDAGRFJIC01,LCASHRTOT,2037,0.0190418061071
GLOBAL,S1D1,LNDAGRFJIC01,LCASHRTOT,2038,0.0190600949296
GLOBAL,S1D1,LNDAGRFJIC01,LCASHRTOT,2039,0.019175975536700002
GLOBAL,S1D1,LNDAGRFJIC01,LCASHRTOT,2040,0.019096698356200002
GLOBAL,S1D1,LNDAGRFJIC01,LCASHRTOT,2041,0.019093865107100004
GLOBAL,S1D1,LNDAGRFJIC01,LCASHRTOT,2042,0.019091031858000002
GLOBAL,S1D1,LNDAGRFJIC01,LCASHRTOT,2043,0.0190882241426
GLOBAL,S1D1,LNDAGRFJIC01,LCASHRTOT,2044,0.0190853908935
GLOBAL,S1D1,LNDAGRFJIC01,LCASHRTOT,2045,0.0190825578923
GLOBAL,S1D1,LNDAGRFJIC01,LCASHRTOT,2046,0.0190631810367
GLOBAL,S1D1,LNDAGRFJIC01,LCASHRTOT,2047,0.0190438297148
GLOBAL,S1D1,LNDAGRFJIC01,LCASHRTOT,2048,0.0190674307864
GLOBAL,S1D1,LNDAGRFJIC01,LCASHRTOT,2049,0.019026577858
GLOBAL,S1D1,LNDAGRFJIC01,LCASHRTOT,2050,0.0189857249296
GLOBAL,S1D1,LNDAGRFJIC01,LOTHHRTOT,2021,0.0168553137289
GLOBAL,S1D1,LNDAGRFJIC01,LOTHHRTOT,2022,0.016928767738399998
GLOBAL,S1D1,LNDAGRFJIC01,LOTHHRTOT,2023,0.0170022485211
GLOBAL,S1D1,LNDAGRFJIC01,LOTHHRTOT,2024,0.0170757293038
GLOBAL,S1D1,LNDAGRFJIC01,LOTHHRTOT,2025,0.0171491830654
GLOBAL,S1D1,LNDAGRFJIC01,LOTHHRTOT,2026,0.0172045564884
GLOBAL,S1D1,LNDAGRFJIC01,LOTHHRTOT,2027,0.0172599028903
GLOBAL,S1D1,LNDAGRFJIC01,LOTHHRTOT,2028,0.017315249044300002
GLOBAL,S1D1,LNDAGRFJIC01,LOTHHRTOT,2029,0.017370595446200003
GLOBAL,S1D1,LNDAGRFJIC01,LOTHHRTOT,2030,0.017425968869200004
GLOBAL,S1D1,LNDAGRFJIC01,LOTHHRTOT,2031,0.017463827413500003
GLOBAL,S1D1,LNDAGRFJIC01,LOTHHRTOT,2032,0.0175016862057
GLOBAL,S1D1,LNDAGRFJIC01,LOTHHRTOT,2033,0.0175395717711
GLOBAL,S1D1,LNDAGRFJIC01,LOTHHRTOT,2034,0.017577430315400003
GLOBAL,S1D1,LNDAGRFJIC01,LOTHHRTOT,2035,0.017615315880800002
GLOBAL,S1D1,LNDAGRFJIC01,LOTHHRTOT,2036,0.0176322648038
GLOBAL,S1D1,LNDAGRFJIC01,LOTHHRTOT,2037,0.0176492134789
GLOBAL,S1D1,LNDAGRFJIC01,LOTHHRTOT,2038,0.017666189423000002
GLOBAL,S1D1,LNDAGRFJIC01,LOTHHRTOT,2039,0.0177735678038
GLOBAL,S1D1,LNDAGRFJIC01,LOTHHRTOT,2040,0.0177001137943
GLOBAL,S1D1,LNDAGRFJIC01,LOTHHRTOT,2041,0.0176974731635
GLOBAL,S1D1,LNDAGRFJIC01,LOTHHRTOT,2042,0.0176948595538
GLOBAL,S1D1,LNDAGRFJIC01,LOTHHRTOT,2043,0.0176922456962
GLOBAL,S1D1,LNDAGRFJIC01,LOTHHRTOT,2044,0.0176896320865
GLOBAL,S1D1,LNDAGRFJIC01,LOTHHRTOT,2045,0.0176869914557
GLOBAL,S1D1,LNDAGRFJIC01,LOTHHRTOT,2046,0.0176690454789
GLOBAL,S1D1,LNDAGRFJIC01,LOTHHRTOT,2047,0.01765109975
GLOBAL,S1D1,LNDAGRFJIC01,LOTHHRTOT,2048,0.017673006673
GLOBAL,S1D1,LNDAGRFJIC01,LOTHHRTOT,2049,0.0176351478808
GLOBAL,S1D1,LNDAGRFJIC01,LOTHHRTOT,2050,0.0175972623154
GLOBAL,S1D1,LNDAGRFJIC01,LSGCHRTOT,2021,0.38897763411
GLOBAL,S1D1,LNDAGRFJIC01,LSGCHRTOT,2022,0.39067237767
GLOBAL,S1D1,LNDAGRFJIC01,LSGCHRTOT,2023,0.39236935233000003
GLOBAL,S1D1,LNDAGRFJIC01,LSGCHRTOT,2024,0.39406409589
GLOBAL,S1D1,LNDAGRFJIC01,LSGCHRTOT,2025,0.39575883945
GLOBAL,S1D1,LNDAGRFJIC01,LSGCHRTOT,2026,0.39703664
GLOBAL,S1D1,LNDAGRFJIC01,LSGCHRTOT,2027,0.39831444055000004
GLOBAL,S1D1,LNDAGRFJIC01,LSGCHRTOT,2028,0.39959226589
GLOBAL,S1D1,LNDAGRFJIC01,LSGCHRTOT,2029,0.40087006644
GLOBAL,S1D1,LNDAGRFJIC01,LSGCHRTOT,2030,0.40214789178000004
GLOBAL,S1D1,LNDAGRFJIC01,LSGCHRTOT,2031,0.40302005356000004
GLOBAL,S1D1,LNDAGRFJIC01,LSGCHRTOT,2032,0.40389444644
GLOBAL,S1D1,LNDAGRFJIC01,LSGCHRTOT,2033,0.40476886411
GLOBAL,S1D1,LNDAGRFJIC01,LSGCHRTOT,2034,0.40564328178000003
GLOBAL,S1D1,LNDAGRFJIC01,LSGCHRTOT,2035,0.40651544356
GLOBAL,S1D1,LNDAGRFJIC01,LSGCHRTOT,2036,0.40690757178
GLOBAL,S1D1,LNDAGRFJIC01,LSGCHRTOT,2037,0.40729970000000004
GLOBAL,S1D1,LNDAGRFJIC01,LSGCHRTOT,2038,0.40769182822000005
GLOBAL,S1D1,LNDAGRFJIC01,LSGCHRTOT,2039,0.40175040892
GLOBAL,S1D1,LNDAGRFJIC01,LSGCHRTOT,2040,0.40847385356000004
GLOBAL,S1D1,LNDAGRFJIC01,LSGCHRTOT,2042,0.40835215945
GLOBAL,S1D1,LNDAGRFJIC01,LSGCHRTOT,2043,0.4082913
GLOBAL,S1D1,LNDAGRFJIC01,LSGCHRTOT,2044,0.40823269644000004
GLOBAL,S1D1,LNDAGRFJIC01,LSGCHRTOT,2045,0.40817186178000003
GLOBAL,S1D1,LNDAGRFJIC01,LSGCHRTOT,2046,0.40775719945
GLOBAL,S1D1,LNDAGRFJIC01,LSGCHRTOT,2047,0.40734251233
GLOBAL,S1D1,LNDAGRFJIC01,LSGCHRTOT,2048,0.40413823130000004
GLOBAL,S1D1,LNDAGRFJIC01,LSGCHRTOT,2049,0.40511837831999997
GLOBAL,S1D1,LNDAGRFJIC01,LSGCHRTOT,2050,0.40610075644
GLOBAL,S1D1,LNDAGRFJIC01,WTRPRCFJI,2021,1.1448490956892203
GLOBAL,S1D1,LNDAGRFJIC01,WTRPRCFJI,2022,1.1498372781835502
GLOBAL,S1D1,LNDAGRFJIC01,WTRPRCFJI,2023,1.1548314886638602
GLOBAL,S1D1,LNDAGRFJIC01,WTRPRCFJI,2024,1.1598197434458304
GLOBAL,S1D1,LNDAGRFJIC01,WTRPRCFJI,2025,1.1648079246015
GLOBAL,S1D1,LNDAGRFJIC01,WTRPRCFJI,2026,1.1685687486428702
GLOBAL,S1D1,LNDAGRFJIC01,WTRPRCFJI,2027,1.17232949905794
GLOBAL,S1D1,LNDAGRFJIC01,WTRPRCFJI,2028,1.17609024813435
GLOBAL,S1D1,LNDAGRFJIC01,WTRPRCFJI,2029,1.1798509985494203
GLOBAL,S1D1,LNDAGRFJIC01,WTRPRCFJI,2030,1.18361188885446
GLOBAL,S1D1,LNDAGRFJIC01,WTRPRCFJI,2031,1.18617924663675
GLOBAL,S1D1,LNDAGRFJIC01,WTRPRCFJI,2032,1.1887526973300302
GLOBAL,S1D1,LNDAGRFJIC01,WTRPRCFJI,2033,1.1913262189722902
GLOBAL,S1D1,LNDAGRFJIC01,WTRPRCFJI,2034,1.1938996676575802
GLOBAL,S1D1,LNDAGRFJIC01,WTRPRCFJI,2035,1.1964670983968402
GLOBAL,S1D1,LNDAGRFJIC01,WTRPRCFJI,2036,1.19762098650369
GLOBAL,S1D1,LNDAGRFJIC01,WTRPRCFJI,2037,1.1987749428822
GLOBAL,S1D1,LNDAGRFJIC01,WTRPRCFJI,2038,1.1999289039460201
GLOBAL,S1D1,LNDAGRFJIC01,WTRPRCFJI,2039,1.18448987110335
GLOBAL,S1D1,LNDAGRFJIC01,WTRPRCFJI,2040,1.2022307974183501
GLOBAL,S1D1,LNDAGRFJIC01,WTRPRCFJI,2041,0.09933661333062002
GLOBAL,S1D1,LNDAGRFJIC01,WTRPRCFJI,2042,1.20187273732686
GLOBAL,S1D1,LNDAGRFJIC01,WTRPRCFJI,2043,1.2016937785647601
GLOBAL,S1D1,LNDAGRFJIC01,WTRPRCFJI,2044,1.2015208424340003
GLOBAL,S1D1,LNDAGRFJIC01,WTRPRCFJI,2045,1.2013418100456001
GLOBAL,S1D1,LNDAGRFJIC01,WTRPRCFJI,2046,1.20012145010712
GLOBAL,S1D1,LNDAGRFJIC01,WTRPRCFJI,2047,1.19890109284596
GLOBAL,S1D1,LNDAGRFJIC01,WTRPRCFJI,2048,1.1903724056503802
GLOBAL,S1D1,LNDAGRFJIC01,WTRPRCFJI,2049,1.1928062809587598
GLOBAL,S1D1,LNDAGRFJIC01,WTRPRCFJI,2050,1.1952461079495
GLOBAL,S1D1,LNDAGRFJIC02,LFORTOT,2021,8.7102000218
GLOBAL,S1D1,LNDAGRFJIC02,LFORTOT,2034,8.6818764552
GLOBAL,S1D1,LNDAGRFJIC02,LFORTOT,2040,8.669429644100001
GLOBAL,S1D1,LNDAGRFJIC02,WTRPRCFJI,2021,21.7755000545
GLOBAL,S1D1,LNDAGRFJIC02,WTRPRCFJI,2034,21.704691137999998
GLOBAL,S1D1,LNDAGRFJIC02,WTRPRCFJI,2040,21.67357411025
GLOBAL,S1D1,LNDAGRFJIC03,LFORTOT,2034,6.1403999535
GLOBAL,S1D1,LNDAGRFJIC03,LFORTOT,2040,6.1403999535
GLOBAL,S1D1,LNDAGRFJIC03,WTRPRCFJI,2034,16.579079874450002
GLOBAL,S1D1,LNDAGRFJIC03,WTRPRCFJI,2040,16.579079874450002
GLOBAL,S1D1,LNDAGRFJIC04,LCONHRTOT,2021,0.0109680573562
GLOBAL,S1D1,LNDAGRFJIC04,LCONHRTOT,2022,0.0110158666065
GLOBAL,S1D1,LNDAGRFJIC04,LCONHRTOT,2023,0.011063675856800001
GLOBAL,S1D1,LNDAGRFJIC04,LCONHRTOT,2024,0.0111114851071
GLOBAL,S1D1,LNDAGRFJIC04,LCONHRTOT,2025,0.0111592943574
GLOBAL,S1D1,LNDAGRFJIC04,LCONHRTOT,2026,0.011195315714800001
GLOBAL,S1D1,LNDAGRFJIC04,LCONHRTOT,2027,0.0112313370722
GLOBAL,S1D1,LNDAGRFJIC04,LCONHRTOT,2028,0.0112673584296
GLOBAL,S1D1,LNDAGRFJIC04,LCONHRTOT,2029,0.011303380034900001
GLOBAL,S1D1,LNDAGRFJIC04,LCONHRTOT,2030,0.0113394013923
GLOBAL,S1D1,LNDAGRFJIC04,LCONHRTOT,2031,0.0113640394296
GLOBAL,S1D1,LNDAGRFJIC04,LCONHRTOT,2032,0.0113886777148
GLOBAL,S1D1,LNDAGRFJIC04,LCONHRTOT,2033,0.011413316
GLOBAL,S1D1,LNDAGRFJIC04,LCONHRTOT,2034,0.011437954285200001
GLOBAL,S1D1,LNDAGRFJIC04,LCONHRTOT,2035,0.0114625925704
GLOBAL,S1D1,LNDAGRFJIC04,LCONHRTOT,2036,0.0114736213935
GLOBAL,S1D1,LNDAGRFJIC04,LCONHRTOT,2037,0.011484701036100001
GLOBAL,S1D1,LNDAGRFJIC04,LCONHRTOT,2038,0.011495730107100002
GLOBAL,S1D1,LNDAGRFJIC04,LCONHRTOT,2039,0.011565597499400001
GLOBAL,S1D1,LNDAGRFJIC04,LCONHRTOT,2040,0.0115177882491
GLOBAL,S1D1,LNDAGRFJIC04,LCONHRTOT,2041,0.011516068071
GLOBAL,S1D1,LNDAGRFJIC04,LCONHRTOT,2042,0.011514398464500001
GLOBAL,S1D1,LNDAGRFJIC04,LCONHRTOT,2043,0.011512678286400001
GLOBAL,S1D1,LNDAGRFJIC04,LCONHRTOT,2044,0.0115109583562
GLOBAL,S1D1,LNDAGRFJIC04,LCONHRTOT,2045,0.0115092381781
GLOBAL,S1D1,LNDAGRFJIC04,LCONHRTOT,2046,0.011497601999999999
GLOBAL,S1D1,LNDAGRFJIC04,LCONHRTOT,2047,0.0114859152503
GLOBAL,S1D1,LNDAGRFJIC04,LCONHRTOT,2048,0.0115001315716
GLOBAL,S1D1,LNDAGRFJIC04,LCONHRTOT,2049,0.0114754932864
GLOBAL,S1D1,LNDAGRFJIC04,LCONHRTOT,2050,0.0114508552491
GLOBAL,S1D1,LNDAGRFJIC04,LFORTOT,2034,1.55899939523
GLOBAL,S1D1,LNDAGRFJIC04,LSGCHRTOT,2041,0.40841299411
GLOBAL,S1D1,LNDAGRFJIC04,LYAMHRTOT,2021,0.0146815914234
GLOBAL,S1D1,LNDAGRFJIC04,LYAMHRTOT,2022,0.0147455823462
GLOBAL,S1D1,LNDAGRFJIC04,LYAMHRTOT,2023,0.014809600538
GLOBAL,S1D1,LNDAGRFJIC04,LYAMHRTOT,2024,0.0148735914608
GLOBAL,S1D1,LNDAGRFJIC04,LYAMHRTOT,2025,0.0149375823836
GLOBAL,S1D1,LNDAGRFJIC04,LYAMHRTOT,2026,0.0149858001731
GLOBAL,S1D1,LNDAGRFJIC04,LYAMHRTOT,2027,0.0150340182105
GLOBAL,S1D1,LNDAGRFJIC04,LYAMHRTOT,2028,0.015082236
GLOBAL,S1D1,LNDAGRFJIC04,LYAMHRTOT,2029,0.0151304267684
GLOBAL,S1D1,LNDAGRFJIC04,LYAMHRTOT,2030,0.0151786445579
GLOBAL,S1D1,LNDAGRFJIC04,LYAMHRTOT,2031,0.0152116343462
GLOBAL,S1D1,LNDAGRFJIC04,LYAMHRTOT,2032,0.0152446241345
GLOBAL,S1D1,LNDAGRFJIC04,LYAMHRTOT,2033,0.0152776139228
GLOBAL,S1D1,LNDAGRFJIC04,LYAMHRTOT,2034,0.015310603711099999
GLOBAL,S1D1,LNDAGRFJIC04,LYAMHRTOT,2035,0.0153435662304
GLOBAL,S1D1,LNDAGRFJIC04,LYAMHRTOT,2036,0.0153583584234
GLOBAL,S1D1,LNDAGRFJIC04,LYAMHRTOT,2037,0.015373123595300001
GLOBAL,S1D1,LNDAGRFJIC04,LYAMHRTOT,2038,0.015387888519300001
GLOBAL,S1D1,LNDAGRFJIC04,LYAMHRTOT,2039,0.015481436807000001
GLOBAL,S1D1,LNDAGRFJIC04,LYAMHRTOT,2040,0.0154174458842
GLOBAL,S1D1,LNDAGRFJIC04,LYAMHRTOT,2041,0.015415157519300001
GLOBAL,S1D1,LNDAGRFJIC04,LYAMHRTOT,2042,0.0154128691544
GLOBAL,S1D1,LNDAGRFJIC04,LYAMHRTOT,2043,0.015410608058500001
GLOBAL,S1D1,LNDAGRFJIC04,LYAMHRTOT,2044,0.015408319941500001
GLOBAL,S1D1,LNDAGRFJIC04,LYAMHRTOT,2045,0.015406031576600001
GLOBAL,S1D1,LNDAGRFJIC04,LYAMHRTOT,2046,0.0153903947883
GLOBAL,S1D1,LNDAGRFJIC04,LYAMHRTOT,2047,0.015374758
GLOBAL,S1D1,LNDAGRFJIC04,LYAMHRTOT,2048,0.015393799942700001
GLOBAL,S1D1,LNDAGRFJIC04,LYAMHRTOT,2049,0.0153608101544
GLOBAL,S1D1,LNDAGRFJIC04,LYAMHRTOT,2050,0.0153278476351
GLOBAL,S1D1,LNDAGRFJIC04,WTRPRCFJI,2021,0.05386426243716
GLOBAL,S1D1,LNDAGRFJIC04,WTRPRCFJI,2022,0.05409904280067
GLOBAL,S1D1,LNDAGRFJIC04,WTRPRCFJI,2023,0.05433388042908
GLOBAL,S1D1,LNDAGRFJIC04,WTRPRCFJI,2024,0.054568660792590006
GLOBAL,S1D1,LNDAGRFJIC04,WTRPRCFJI,2025,0.0548034411561
GLOBAL,S1D1,LNDAGRFJIC04,WTRPRCFJI,2026,0.05498034336459001
GLOBAL,S1D1,LNDAGRFJIC04,WTRPRCFJI,2027,0.05515724609367001
GLOBAL,S1D1,LNDAGRFJIC04,WTRPRCFJI,2028,0.055334148302160005
GLOBAL,S1D1,LNDAGRFJIC04,WTRPRCFJI,2029,0.05551099428693
GLOBAL,S1D1,LNDAGRFJIC04,WTRPRCFJI,2030,0.05568789649542
GLOBAL,S1D1,LNDAGRFJIC04,WTRPRCFJI,2031,0.05580891492918
GLOBAL,S1D1,LNDAGRFJIC04,WTRPRCFJI,2032,0.05592993388353
GLOBAL,S1D1,LNDAGRFJIC04,WTRPRCFJI,2033,0.05605095283788
GLOBAL,S1D1,LNDAGRFJIC04,WTRPRCFJI,2034,3.3300707017752305
GLOBAL,S1D1,LNDAGRFJIC04,WTRPRCFJI,2035,0.056292933481680005
GLOBAL,S1D1,LNDAGRFJIC04,WTRPRCFJI,2036,0.05634715761549
GLOBAL,S1D1,LNDAGRFJIC04,WTRPRCFJI,2037,0.056401431725940004
GLOBAL,S1D1,LNDAGRFJIC04,WTRPRCFJI,2038,0.056455599115440014
GLOBAL,S1D1,LNDAGRFJIC04,WTRPRCFJI,2039,0.05679877204344001
GLOBAL,S1D1,LNDAGRFJIC04,WTRPRCFJI,2040,0.056563991679929995
GLOBAL,S1D1,LNDAGRFJIC04,WTRPRCFJI,2041,0.91422286137063
GLOBAL,S1D1,LNDAGRFJIC04,WTRPRCFJI,2042,0.056547261999690006
GLOBAL,S1D1,LNDAGRFJIC04,WTRPRCFJI,2043,0.05653890132429
GLOBAL,S1D1,LNDAGRFJIC04,WTRPRCFJI,2044,0.05653048442517
GLOBAL,S1D1,LNDAGRFJIC04,WTRPRCFJI,2045,0.05652206648487
GLOBAL,S1D1,LNDAGRFJIC04,WTRPRCFJI,2046,0.05646479325543
GLOBAL,S1D1,LNDAGRFJIC04,WTRPRCFJI,2047,0.05640741382563
GLOBAL,S1D1,LNDAGRFJIC04,WTRPRCFJI,2048,0.05647725618003
GLOBAL,S1D1,LNDAGRFJIC04,WTRPRCFJI,2049,0.056356237225680006
GLOBAL,S1D1,LNDAGRFJIC04,WTRPRCFJI,2050,0.05623527605682001
GLOBAL,S1D1,LNDCASHRTOT,LTOT,2021,0.0181852357497
GLOBAL,S1D1,LNDCASHRTOT,LTOT,2022,0.0182645131781
GLOBAL,S1D1,LNDCASHRTOT,LTOT,2023,0.018343765320700003
GLOBAL,S1D1,LNDCASHRTOT,LTOT,2024,0.0184230427491
GLOBAL,S1D1,LNDCASHRTOT,LTOT,2025,0.0185023199296
GLOBAL,S1D1,LNDCASHRTOT,LTOT,2026,0.0185620437497
GLOBAL,S1D1,LNDCASHRTOT,LTOT,2027,0.0186217673219
GLOBAL,S1D1,LNDCASHRTOT,LTOT,2028,0.0186814658562
GLOBAL,S1D1,LNDCASHRTOT,LTOT,2029,0.0187411894284
GLOBAL,S1D1,LNDCASHRTOT,LTOT,2030,0.0188009130006
GLOBAL,S1D1,LNDCASHRTOT,LTOT,2031,0.018841765929000002
GLOBAL,S1D1,LNDCASHRTOT,LTOT,2032,0.0188826441432
GLOBAL,S1D1,LNDCASHRTOT,LTOT,2033,0.0189234970716
GLOBAL,S1D1,LNDCASHRTOT,LTOT,2034,0.01896435
GLOBAL,S1D1,LNDCASHRTOT,LTOT,2035,0.019005202928399998
GLOBAL,S1D1,LNDCASHRTOT,LTOT,2036,0.019023491750900002
GLOBAL,S1D1,LNDCASHRTOT,LTOT,2037,0.0190418061071
GLOBAL,S1D1,LNDCASHRTOT,LTOT,2038,0.0190600949296
GLOBAL,S1D1,LNDCASHRTOT,LTOT,2039,0.019175975536700002
GLOBAL,S1D1,LNDCASHRTOT,LTOT,2040,0.019096698356200002
GLOBAL,S1D1,LNDCASHRTOT,LTOT,2041,0.019093865107100004
GLOBAL,S1D1,LNDCASHRTOT,LTOT,2042,0.019091031858000002
GLOBAL,S1D1,LNDCASHRTOT,LTOT,2043,0.0190882241426
GLOBAL,S1D1,LNDCASHRTOT,LTOT,2044,0.0190853908935
GLOBAL,S1D1,LNDCASHRTOT,LTOT,2045,0.0190825578923
GLOBAL,S1D1,LNDCASHRTOT,LTOT,2046,0.0190631810367
GLOBAL,S1D1,LNDCASHRTOT,LTOT,2047,0.0190438297148
GLOBAL,S1D1,LNDCASHRTOT,LTOT,2048,0.0190674307864
GLOBAL,S1D1,LNDCASHRTOT,LTOT,2049,0.019026577858
GLOBAL,S1D1,LNDCASHRTOT,LTOT,2050,0.0189857249296
GLOBAL,S1D1,LNDCONHRTOT,LTOT,2021,0.0109680573562
GLOBAL,S1D1,LNDCONHRTOT,LTOT,2022,0.0110158666065
GLOBAL,S1D1,LNDCONHRTOT,LTOT,2023,0.011063675856800001
GLOBAL,S1D1,LNDCONHRTOT,LTOT,2024,0.0111114851071
GLOBAL,S1D1,LNDCONHRTOT,LTOT,2025,0.0111592943574
GLOBAL,S1D1,LNDCONHRTOT,LTOT,2026,0.011195315714800001
GLOBAL,S1D1,LNDCONHRTOT,LTOT,2027,0.0112313370722
GLOBAL,S1D1,LNDCONHRTOT,LTOT,2028,0.0112673584296
GLOBAL,S1D1,LNDCONHRTOT,LTOT,2029,0.011303380034900001
GLOBAL,S1D1,LNDCONHRTOT,LTOT,2030,0.0113394013923
GLOBAL,S1D1,LNDCONHRTOT,LTOT,2031,0.0113640394296
GLOBAL,S1D1,LNDCONHRTOT,LTOT,2032,0.0113886777148
GLOBAL,S1D1,LNDCONHRTOT,LTOT,2033,0.011413316
GLOBAL,S1D1,LNDCONHRTOT,LTOT,2034,0.011437954285200001
GLOBAL,S1D1,LNDCONHRTOT,LTOT,2035,0.0114625925704
GLOBAL,S1D1,LNDCONHRTOT,LTOT,2036,0.0114736213935
GLOBAL,S1D1,LNDCONHRTOT,LTOT,2037,0.011484701036100001
GLOBAL,S1D1,LNDCONHRTOT,LTOT,2038,0.011495730107100002
GLOBAL,S1D1,LNDCONHRTOT,LTOT,2039,0.011565597499400001
GLOBAL,S1D1,LNDCONHRTOT,LTOT,2040,0.0115177882491
GLOBAL,S1D1,LNDCONHRTOT,LTOT,2041,0.011516068071
GLOBAL,S1D1,LNDCONHRTOT,LTOT,2042,0.011514398464500001
GLOBAL,S1D1,LNDCONHRTOT,LTOT,2043,0.011512678286400001
GLOBAL,S1D1,LNDCONHRTOT,LTOT,2044,0.0115109583562
GLOBAL,S1D1,LNDCONHRTOT,LTOT,2045,0.0115092381781
GLOBAL,S1D1,LNDCONHRTOT,LTOT,2046,0.011497601999999999
GLOBAL,S1D1,LNDCONHRTOT,LTOT,2047,0.0114859152503
GLOBAL,S1D1,LNDCONHRTOT,LTOT,2048,0.0115001315716
GLOBAL,S1D1,LNDCONHRTOT,LTOT,2049,0.0114754932864
GLOBAL,S1D1,LNDCONHRTOT,LTOT,2050,0.0114508552491
GLOBAL,S1D1,LNDFORTOT,LTOT,2021,8.7102000218
GLOBAL,S1D1,LNDFORTOT,LTOT,2034,16.381275878300002
GLOBAL,S1D1,LNDFORTOT,LTOT,2040,14.8098295976
GLOBAL,S1D1,LNDOTHHRTOT,LTOT,2021,0.0168553137289
GLOBAL,S1D1,LNDOTHHRTOT,LTOT,2022,0.016928767738399998
GLOBAL,S1D1,LNDOTHHRTOT,LTOT,2023,0.0170022485211
GLOBAL,S1D1,LNDOTHHRTOT,LTOT,2024,0.0170757293038
GLOBAL,S1D1,LNDOTHHRTOT,LTOT,2025,0.0171491830654
GLOBAL,S1D1,LNDOTHHRTOT,LTOT,2026,0.0172045564884
GLOBAL,S1D1,LNDOTHHRTOT,LTOT,2027,0.0172599028903
GLOBAL,S1D1,LNDOTHHRTOT,LTOT,2028,0.017315249044300002
GLOBAL,S1D1,LNDOTHHRTOT,LTOT,2029,0.017370595446200003
GLOBAL,S1D1,LNDOTHHRTOT,LTOT,2030,0.017425968869200004
GLOBAL,S1D1,LNDOTHHRTOT,LTOT,2031,0.017463827413500003
GLOBAL,S1D1,LNDOTHHRTOT,LTOT,2032,0.0175016862057
GLOBAL,S1D1,LNDOTHHRTOT,LTOT,2033,0.0175395717711
GLOBAL,S1D1,LNDOTHHRTOT,LTOT,2034,0.017577430315400003
GLOBAL,S1D1,LNDOTHHRTOT,LTOT,2035,0.017615315880800002
GLOBAL,S1D1,LNDOTHHRTOT,LTOT,2036,0.0176322648038
GLOBAL,S1D1,LNDOTHHRTOT,LTOT,2037,0.0176492134789
GLOBAL,S1D1,LNDOTHHRTOT,LTOT,2038,0.017666189423000002
GLOBAL,S1D1,LNDOTHHRTOT,LTOT,2039,0.0177735678038
GLOBAL,S1D1,LNDOTHHRTOT,LTOT,2040,0.0177001137943
GLOBAL,S1D1,LNDOTHHRTOT,LTOT,2041,0.0176974731635
GLOBAL,S1D1,LNDOTHHRTOT,LTOT,2042,0.0176948595538
GLOBAL,S1D1,LNDOTHHRTOT,LTOT,2043,0.0176922456962
GLOBAL,S1D1,LNDOTHHRTOT,LTOT,2044,0.0176896320865
GLOBAL,S1D1,LNDOTHHRTOT,LTOT,2045,0.0176869914557
GLOBAL,S1D1,LNDOTHHRTOT,LTOT,2046,0.0176690454789
GLOBAL,S1D1,LNDOTHHRTOT,LTOT,2047,0.01765109975
GLOBAL,S1D1,LNDOTHHRTOT,LTOT,2048,0.017673006673
GLOBAL,S1D1,LNDOTHHRTOT,LTOT,2049,0.0176351478808
GLOBAL,S1D1,LNDOTHHRTOT,LTOT,2050,0.0175972623154
GLOBAL,S1D1,LNDSGCHRTOT,LTOT,2021,0.38897763411
GLOBAL,S1D1,LNDSGCHRTOT,LTOT,2022,0.39067237767
GLOBAL,S1D1,LNDSGCHRTOT,LTOT,2023,0.39236935233000003
GLOBAL,S1D1,LNDSGCHRTOT,LTOT,2024,0.39406409589
GLOBAL,S1D1,LNDSGCHRTOT,LTOT,2025,0.39575883945
GLOBAL,S1D1,LNDSGCHRTOT,LTOT,2026,0.39703664
GLOBAL,S1D1,LNDSGCHRTOT,LTOT,2027,0.39831444055000004
GLOBAL,S1D1,LNDSGCHRTOT,LTOT,2028,0.39959226589
GLOBAL,S1D1,LNDSGCHRTOT,LTOT,2029,0.40087006644
GLOBAL,S1D1,LNDSGCHRTOT,LTOT,2030,0.40214789178000004
GLOBAL,S1D1,LNDSGCHRTOT,LTOT,2031,0.40302005356000004
GLOBAL,S1D1,LNDSGCHRTOT,LTOT,2032,0.40389444644
GLOBAL,S1D1,LNDSGCHRTOT,LTOT,2033,0.40476886411
GLOBAL,S1D1,LNDSGCHRTOT,LTOT,2034,0.40564328178000003
GLOBAL,S1D1,LNDSGCHRTOT,LTOT,2035,0.40651544356
GLOBAL,S1D1,LNDSGCHRTOT,LTOT,2036,0.40690757178
GLOBAL,S1D1,LNDSGCHRTOT,LTOT,2037,0.40729970000000004
GLOBAL,S1D1,LNDSGCHRTOT,LTOT,2038,0.40769182822000005
GLOBAL,S1D1,LNDSGCHRTOT,LTOT,2039,0.40175040892
GLOBAL,S1D1,LNDSGCHRTOT,LTOT,2040,0.40847385356000004
GLOBAL,S1D1,LNDSGCHRTOT,LTOT,2041,0.40841299411
GLOBAL,S1D1,LNDSGCHRTOT,LTOT,2042,0.40835215945
GLOBAL,S1D1,LNDSGCHRTOT,LTOT,2043,0.4082913
GLOBAL,S1D1,LNDSGCHRTOT,LTOT,2044,0.40823269644000004
GLOBAL,S1D1,LNDSGCHRTOT,LTOT,2045,0.40817186178000003
GLOBAL,S1D1,LNDSGCHRTOT,LTOT,2046,0.40775719945
GLOBAL,S1D1,LNDSGCHRTOT,LTOT,2047,0.40734251233
GLOBAL,S1D1,LNDSGCHRTOT,LTOT,2048,0.40413823130000004
GLOBAL,S1D1,LNDSGCHRTOT,LTOT,2049,0.40511837831999997
GLOBAL,S1D1,LNDSGCHRTOT,LTOT,2050,0.40610075644
GLOBAL,S1D1,LNDYAMHRTOT,LTOT,2021,0.0146815914234
GLOBAL,S1D1,LNDYAMHRTOT,LTOT,2022,0.0147455823462
GLOBAL,S1D1,LNDYAMHRTOT,LTOT,2023,0.014809600538
GLOBAL,S1D1,LNDYAMHRTOT,LTOT,2024,0.0148735914608
GLOBAL,S1D1,LNDYAMHRTOT,LTOT,2025,0.0149375823836
GLOBAL,S1D1,LNDYAMHRTOT,LTOT,2026,0.0149858001731
GLOBAL,S1D1,LNDYAMHRTOT,LTOT,2027,0.0150340182105
GLOBAL,S1D1,LNDYAMHRTOT,LTOT,2028,0.015082236
GLOBAL,S1D1,LNDYAMHRTOT,LTOT,2029,0.0151304267684
GLOBAL,S1D1,LNDYAMHRTOT,LTOT,2030,0.0151786445579
GLOBAL,S1D1,LNDYAMHRTOT,LTOT,2031,0.0152116343462
GLOBAL,S1D1,LNDYAMHRTOT,LTOT,2032,0.0152446241345
GLOBAL,S1D1,LNDYAMHRTOT,LTOT,2033,0.0152776139228
GLOBAL,S1D1,LNDYAMHRTOT,LTOT,2034,0.015310603711099999
GLOBAL,S1D1,LNDYAMHRTOT,LTOT,2035,0.0153435662304
GLOBAL,S1D1,LNDYAMHRTOT,LTOT,2036,0.0153583584234
GLOBAL,S1D1,LNDYAMHRTOT,LTOT,2037,0.015373123595300001
GLOBAL,S1D1,LNDYAMHRTOT,LTOT,2038,0.015387888519300001
GLOBAL,S1D1,LNDYAMHRTOT,LTOT,2039,0.015481436807000001
GLOBAL,S1D1,LNDYAMHRTOT,LTOT,2040,0.0154174458842
GLOBAL,S1D1,LNDYAMHRTOT,LTOT,2041,0.015415157519300001
GLOBAL,S1D1,LNDYAMHRTOT,LTOT,2042,0.0154128691544
GLOBAL,S1D1,LNDYAMHRTOT,LTOT,2043,0.015410608058500001
GLOBAL,S1D1,LNDYAMHRTOT,LTOT,2044,0.015408319941500001
GLOBAL,S1D1,LNDYAMHRTOT,LTOT,2045,0.015406031576600001
GLOBAL,S1D1,LNDYAMHRTOT,LTOT,2046,0.0153903947883
GLOBAL,S1D1,LNDYAMHRTOT,LTOT,2047,0.015374758
GLOBAL,S1D1,LNDYAMHRTOT,LTOT,2048,0.015393799942700001
GLOBAL,S1D1,LNDYAMHRTOT,LTOT,2049,0.0153608101544
GLOBAL,S1D1,LNDYAMHRTOT,LTOT,2050,0.0153278476351
GLOBAL,S1D1,PWRBIOFJIXX01,BIOFJIXX,2021,2.0815137050975996
GLOBAL,S1D1,PWRBIOFJIXX01,BIOFJIXX,2022,2.0815137050975996
GLOBAL,S1D1,PWRBIOFJIXX01,BIOFJIXX,2023,2.0815137050975996
GLOBAL,S1D1,PWRBIOFJIXX01,BIOFJIXX,2024,2.0815137050975996
GLOBAL,S1D1,PWRBIOFJIXX01,BIOFJIXX,2025,2.0815137050975996
GLOBAL,S1D1,PWRBIOFJIXX01,BIOFJIXX,2026,2.0815137050975996
GLOBAL,S1D1,PWRBIOFJIXX01,BIOFJIXX,2027,2.0815137050975996
GLOBAL,S1D1,PWRBIOFJIXX01,BIOFJIXX,2028,2.0815137050975996
GLOBAL,S1D1,PWRBIOFJIXX01,BIOFJIXX,2029,2.0815137050975996
GLOBAL,S1D1,PWRBIOFJIXX01,BIOFJIXX,2030,2.0815137050975996
GLOBAL,S1D1,PWRBIOFJIXX01,BIOFJIXX,2031,2.0815137050975996
GLOBAL,S1D1,PWRBIOFJIXX01,BIOFJIXX,2032,0.29863898207999995
GLOBAL,S1D1,PWRBIOFJIXX01,BIOFJIXX,2033,0.29863898207999995
GLOBAL,S1D1,PWRBIOFJIXX01,BIOFJIXX,2034,0.35037583721992
GLOBAL,S1D1,PWRBIOFJIXX01,BIOFJIXX,2035,0.54052695520788
GLOBAL,S1D1,PWRBIOFJIXX01,BIOFJIXX,2036,0.7663313971650799
GLOBAL,S1D1,PWRBIOFJIXX01,BIOFJIXX,2037,0.9921358770014
GLOBAL,S1D1,PWRBIOFJIXX01,BIOFJIXX,2038,1.2060558397563999
GLOBAL,S1D1,PWRBIOFJIXX01,BIOFJIXX,2039,1.5551264193198
GLOBAL,S1D1,PWRBIOFJIXX01,BIOFJIXX,2040,1.6863015277864
GLOBAL,S1D1,PWRBIOFJIXX01,BIOFJIXX,2041,2.1586537753952
GLOBAL,S1D1,PWRBIOFJIXX01,BIOFJIXX,2042,2.5862937938494
GLOBAL,S1D1,PWRBIOFJIXX01,BIOFJIXX,2043,3.1803828095944002
GLOBAL,S1D1,PWRBIOFJIXX01,BIOFJIXX,2044,3.7500736000540003
GLOBAL,S1D1,PWRBIOFJIXX01,BIOFJIXX,2045,4.3974622308532
GLOBAL,S1D1,PWRBIOFJIXX01,BIOFJIXX,2046,4.5391952917396
GLOBAL,S1D1,PWRBIOFJIXX01,BIOFJIXX,2047,4.849144789655999
GLOBAL,S1D1,PWRBIOFJIXX01,BIOFJIXX,2048,4.697359841393
GLOBAL,S1D1,PWRBIOFJIXX01,BIOFJIXX,2049,4.9639681449032
GLOBAL,S1D1,PWRBIOFJIXX01,BIOFJIXX,2050,4.9639681449032
GLOBAL,S1D1,PWRHYDFJIXX01,HYDFJIXX,2021,0.39310112834000005
GLOBAL,S1D1,PWRHYDFJIXX01,HYDFJIXX,2022,0.41550112444
GLOBAL,S1D1,PWRHYDFJIXX01,HYDFJIXX,2023,0.43510111483
GLOBAL,S1D1,PWRHYDFJIXX01,HYDFJIXX,2024,0.45750113572
GLOBAL,S1D1,PWRHYDFJIXX01,HYDFJIXX,2025,0.47710112611
GLOBAL,S1D1,PWRHYDFJIXX01,HYDFJIXX,2026,0.5191011126
GLOBAL,S1D1,PWRHYDFJIXX01,HYDFJIXX,2027,0.5611011238800001
GLOBAL,S1D1,PWRHYDFJIXX01,HYDFJIXX,2028,0.59131378764
GLOBAL,S1D1,PWRHYDFJIXX01,HYDFJIXX,2029,0.59131378764
GLOBAL,S1D1,PWRHYDFJIXX01,HYDFJIXX,2030,0.59131378764
GLOBAL,S1D1,PWRHYDFJIXX01,HYDFJIXX,2031,0.59131378764
GLOBAL,S1D1,PWRHYDFJIXX01,HYDFJIXX,2032,0.59131378764
GLOBAL,S1D1,PWRHYDFJIXX01,HYDFJIXX,2033,0.59131378764
GLOBAL,S1D1,PWRHYDFJIXX01,HYDFJIXX,2034,0.59131378764
GLOBAL,S1D1,PWRHYDFJIXX01,HYDFJIXX,2035,0.59131378764
GLOBAL,S1D1,PWRHYDFJIXX01,HYDFJIXX,2036,0.59131378764
GLOBAL,S1D1,PWRHYDFJIXX01,HYDFJIXX,2037,0.59131378764
GLOBAL,S1D1,PWRHYDFJIXX01,HYDFJIXX,2038,0.59131378764
GLOBAL,S1D1,PWRHYDFJIXX01,HYDFJIXX,2039,0.59131378764
GLOBAL,S1D1,PWRHYDFJIXX01,HYDFJIXX,2040,0.59131378764
GLOBAL,S1D1,PWRHYDFJIXX01,HYDFJIXX,2041,0.59131378764
GLOBAL,S1D1,PWRHYDFJIXX01,HYDFJIXX,2042,0.59131378764
GLOBAL,S1D1,PWRHYDFJIXX01,HYDFJIXX,2043,0.59131378764
GLOBAL,S1D1,PWRHYDFJIXX01,HYDFJIXX,2044,0.59131378764
GLOBAL,S1D1,PWRHYDFJIXX01,HYDFJIXX,2045,0.59131378764
GLOBAL,S1D1,PWRHYDFJIXX01,HYDFJIXX,2046,0.59131378764
GLOBAL,S1D1,PWRHYDFJIXX01,HYDFJIXX,2047,0.59131378764
GLOBAL,S1D1,PWRHYDFJIXX01,HYDFJIXX,2048,0.26146325354
GLOBAL,S1D1,PWRHYDFJIXX01,HYDFJIXX,2049,0.59131378764
GLOBAL,S1D1,PWRHYDFJIXX01,HYDFJIXX,2050,0.59131378764
GLOBAL,S1D1,PWROILFJIXX01,OILINT,2028,0.036422881622481
GLOBAL,S1D1,PWROILFJIXX01,OILINT,2029,0.16620288507123
GLOBAL,S1D1,PWROILFJIXX01,OILINT,2030,0.29598288162588
GLOBAL,S1D1,PWROILFJIXX01,OILINT,2031,0.43441488050421
GLOBAL,S1D1,PWROILFJIXX01,OILINT,2032,0.53020266400704
GLOBAL,S1D1,PWROILFJIXX01,OILINT,2033,1.159532299008
GLOBAL,S1D1,PWROILFJIXX01,OILINT,2034,0.49847866314699
GLOBAL,S1D1,PWROILFJIXX01,OILINT,2035,1.159532299008
GLOBAL,S1D1,PWROILFJIXX01,OILINT,2036,0.46483199765727
GLOBAL,S1D1,PWROILFJIXX01,OILINT,2037,1.159532299008
GLOBAL,S1D1,PWROILFJIXX01,OILINT,2038,1.159532299008
GLOBAL,S1D1,PWROILFJIXX01,OILINT,2039,1.159532299008
GLOBAL,S1D1,PWROILFJIXX01,OILINT,2040,0.35596823020191
GLOBAL,S1D1,PWROILFJIXX01,OILINT,2041,0.16422627028682998
GLOBAL,S1D1,PWRPETFJIXX01,PETINT,2032,1.4127678383130002
GLOBAL,S1D1,PWRPETFJIXX01,PETINT,2033,0.93520416303
GLOBAL,S1D1,PWRPETFJIXX01,PETINT,2034,1.6854841424862
GLOBAL,S1D1,PWRPETFJIXX01,PETINT,2035,1.0156164964704002
GLOBAL,S1D1,PWRPETFJIXX01,PETINT,2036,1.6854841424862
GLOBAL,S1D1,PWRPETFJIXX01,PETINT,2037,0.9794405575548
GLOBAL,S1D1,PWRPETFJIXX01,PETINT,2038,0.9623045226096001
GLOBAL,S1D1,PWRPETFJIXX01,PETINT,2039,0.9680489759394001
GLOBAL,S1D1,PWRPETFJIXX01,PETINT,2040,1.6854841424862
GLOBAL,S1D1,PWRPETFJIXX01,PETINT,2041,1.6854841424862
GLOBAL,S1D1,PWRPETFJIXX01,PETINT,2042,1.6854841424862
GLOBAL,S1D1,PWRPETFJIXX01,PETINT,2043,1.3895189106462003
GLOBAL,S1D1,PWRPETFJIXX01,PETINT,2044,1.1216656726722
GLOBAL,S1D1,PWRPETFJIXX01,PETINT,2045,0.7830048618161999
GLOBAL,S1D1,PWRPETFJIXX01,PETINT,2046,0.8836700590530001
GLOBAL,S1D1,PWRPETFJIXX01,PETINT,2047,0.8167622392476002
GLOBAL,S1D1,PWRPETFJIXX01,PETINT,2048,2.1618918268506
GLOBAL,S1D1,PWRPETFJIXX01,PETINT,2049,1.1531832845112
GLOBAL,S1D1,PWRPETFJIXX01,PETINT,2050,1.2559532211684001
GLOBAL,S1D1,PWRSPVFJIXX01,SPVFJIXX,2040,0.0204341359613
GLOBAL,S1D1,PWRSPVFJIXX01,SPVFJIXX,2041,0.0204341359613
GLOBAL,S1D1,PWRSPVFJIXX01,SPVFJIXX,2042,0.0204341359613
GLOBAL,S1D1,PWRSPVFJIXX01,SPVFJIXX,2043,0.0204341359613
GLOBAL,S1D1,PWRSPVFJIXX01,SPVFJIXX,2044,0.0204341359613
GLOBAL,S1D1,PWRSPVFJIXX01,SPVFJIXX,2045,0.0204341359613
GLOBAL,S1D1,PWRSPVFJIXX01,SPVFJIXX,2046,0.0204341359613
GLOBAL,S1D1,PWRSPVFJIXX01,SPVFJIXX,2047,0.033960820036999996
GLOBAL,S1D1,PWRSPVFJIXX01,SPVFJIXX,2048,0.033960820036999996
GLOBAL,S1D1,PWRSPVFJIXX01,SPVFJIXX,2049,0.033960820036999996
GLOBAL,S1D1,PWRSPVFJIXX01,SPVFJIXX,2050,0.070375877343
GLOBAL,S1D1,PWRTRNFJIXX,ELCFJIXX01,2021,0.93800000402
GLOBAL,S1D1,PWRTRNFJIXX,ELCFJIXX01,2022,0.96040000012
GLOBAL,S1D1,PWRTRNFJIXX,ELCFJIXX01,2023,0.9799999905100001
GLOBAL,S1D1,PWRTRNFJIXX,ELCFJIXX01,2024,1.0024000114
GLOBAL,S1D1,PWRTRNFJIXX,ELCFJIXX01,2025,1.0220000017900002
GLOBAL,S1D1,PWRTRNFJIXX,ELCFJIXX01,2026,1.06399998828
GLOBAL,S1D1,PWRTRNFJIXX,ELCFJIXX01,2027,1.1059999995599998
GLOBAL,S1D1,PWRTRNFJIXX,ELCFJIXX01,2028,1.1480000108400001
GLOBAL,S1D1,PWRTRNFJIXX,ELCFJIXX01,2029,1.18999999733
GLOBAL,S1D1,PWRTRNFJIXX,ELCFJIXX01,2030,1.23200000861
GLOBAL,S1D1,PWRTRNFJIXX,ELCFJIXX01,2031,1.27680000081
GLOBAL,S1D1,PWRTRNFJIXX,ELCFJIXX01,2032,1.32159999301
GLOBAL,S1D1,PWRTRNFJIXX,ELCFJIXX01,2033,1.3691999909199999
GLOBAL,S1D1,PWRTRNFJIXX,ELCFJIXX01,2034,1.41400000791
GLOBAL,S1D1,PWRTRNFJIXX,ELCFJIXX01,2035,1.45880000011
GLOBAL,S1D1,PWRTRNFJIXX,ELCFJIXX01,2036,1.51200000944
GLOBAL,S1D1,PWRTRNFJIXX,ELCFJIXX01,2037,1.56519999398
GLOBAL,S1D1,PWRTRNFJIXX,ELCFJIXX01,2038,1.6155999976000002
GLOBAL,S1D1,PWRTRNFJIXX,ELCFJIXX01,2039,1.69002399022
GLOBAL,S1D1,PWRTRNFJIXX,ELCFJIXX01,2040,1.71920001055
GLOBAL,S1D1,PWRTRNFJIXX,ELCFJIXX01,2041,1.78080001222
GLOBAL,S1D1,PWRTRNFJIXX,ELCFJIXX01,2042,1.8396000081800001
GLOBAL,S1D1,PWRTRNFJIXX,ELCFJIXX01,2043,1.89840000414
GLOBAL,S1D1,PWRTRNFJIXX,ELCFJIXX01,2044,1.9600000058100002
GLOBAL,S1D1,PWRTRNFJIXX,ELCFJIXX01,2045,2.0188000017700003
GLOBAL,S1D1,PWRTRNFJIXX,ELCFJIXX01,2046,2.08879999578
GLOBAL,S1D1,PWRTRNFJIXX,ELCFJIXX01,2047,2.1615999955
GLOBAL,S1D1,PWRTRNFJIXX,ELCFJIXX01,2048,2.23159998951
GLOBAL,S1D1,PWRTRNFJIXX,ELCFJIXX01,2049,2.30160000831
GLOBAL,S1D1,PWRTRNFJIXX,ELCFJIXX01,2050,2.37160000232
GLOBAL,S1D1,PWRWONFJIXX01,WONFJIXX,2032,0.018833018529600003
GLOBAL,S1D1,PWRWONFJIXX01,WONFJIXX,2033,0.018833018529600003
GLOBAL,S1D1,PWRWONFJIXX01,WONFJIXX,2034,0.018833018529600003
GLOBAL,S1D1,PWRWONFJIXX01,WONFJIXX,2035,0.018833018529600003
GLOBAL,S1D1,PWRWONFJIXX01,WONFJIXX,2036,0.018833018529600003
GLOBAL,S1D1,PWRWONFJIXX01,WONFJIXX,2037,0.018833018529600003
GLOBAL,S1D1,PWRWONFJIXX01,WONFJIXX,2038,0.018833018529600003
GLOBAL,S1D2,LNDAGRFJIC01,LCASHRTOT,2021,0.0181852357497
GLOBAL,S1D2,LNDAGRFJIC01,LCASHRTOT,2022,0.0182645131781
GLOBAL,S1D2,LNDAGRFJIC01,LCASHRTOT,2023,0.018343765320700003
GLOBAL,S1D2,LNDAGRFJIC01,LCASHRTOT,2024,0.0184230427491
GLOBAL,S1D2,LNDAGRFJIC01,LCASHRTOT,2025,0.0185023199296
GLOBAL,S1D2,LNDAGRFJIC01,LCASHRTOT,2026,0.0185620437497
GLOBAL,S1D2,LNDAGRFJIC01,LCASHRTOT,2027,0.0186217673219
GLOBAL,S1D2,LNDAGRFJIC01,LCASHRTOT,2028,0.0186814658562
GLOBAL,S1D2,LNDAGRFJIC01,LCASHRTOT,2029,0.0187411894284
GLOBAL,S1D2,LNDAGRFJIC01,LCASHRTOT,2030,0.0188009130006
GLOBAL,S1D2,LNDAGRFJIC01,LCASHRTOT,2031,0.018841765929000002
GLOBAL,S1D2,LNDAGRFJIC01,LCASHRTOT,2032,0.0188826441432
GLOBAL,S1D2,LNDAGRFJIC01,LCASHRTOT,2033,0.0189234970716
GLOBAL,S1D2,LNDAGRFJIC01,LCASHRTOT,2034,0.01896435
GLOBAL,S1D2,LNDAGRFJIC01,LCASHRTOT,2035,0.019005202928399998
GLOBAL,S1D2,LNDAGRFJIC01,LCASHRTOT,2036,0.019023491750900002
GLOBAL,S1D2,LNDAGRFJIC01,LCASHRTOT,2037,0.0190418061071
GLOBAL,S1D2,LNDAGRFJIC01,LCASHRTOT,2038,0.0190600949296
GLOBAL,S1D2,LNDAGRFJIC01,LCASHRTOT,2039,0.019175975536700002
GLOBAL,S1D2,LNDAGRFJIC01,LCASHRTOT,2040,0.019096698356200002
GLOBAL,S1D2,LNDAGRFJIC01,LCASHRTOT,2041,0.019093865107100004
GLOBAL,S1D2,LNDAGRFJIC01,LCASHRTOT,2042,0.019091031858000002
GLOBAL,S1D2,LNDAGRFJIC01,LCASHRTOT,2043,0.0190882241426
GLOBAL,S1D2,LNDAGRFJIC01,LCASHRTOT,2044,0.0190853908935
GLOBAL,S1D2,LNDAGRFJIC01,LCASHRTOT,2045,0.0190825578923
GLOBAL,S1D2,LNDAGRFJIC01,LCASHRTOT,2046,0.0190631810367
GLOBAL,S1D2,LNDAGRFJIC01,LCASHRTOT,2047,0.0190438297148
GLOBAL,S1D2,LNDAGRFJIC01,LCASHRTOT,2048,0.0190674307864
GLOBAL,S1D2,LNDAGRFJIC01,LCASHRTOT,2049,0.019026577858
GLOBAL,S1D2,LNDAGRFJIC01,LCASHRTOT,2050,0.0189857249296
GLOBAL,S1D2,LNDAGRFJIC01,LFORTOT,2023,0.030045532059000003
GLOBAL,S1D2,LNDAGRFJIC01,LFORTOT,2024,0.0225929587331
GLOBAL,S1D2,LNDAGRFJIC01,LFORTOT,2025,0.015140494979
GLOBAL,S1D2,LNDAGRFJIC01,LFORTOT,2026,0.009521661503600001
GLOBAL,S1D2,LNDAGRFJIC01,LFORTOT,2027,0.0039029368562999997
GLOBAL,S1D2,LNDAGRFJIC01,LOTHHRTOT,2021,0.0168553137289
GLOBAL,S1D2,LNDAGRFJIC01,LOTHHRTOT,2022,0.016928767738399998
GLOBAL,S1D2,LNDAGRFJIC01,LOTHHRTOT,2023,0.0170022485211
GLOBAL,S1D2,LNDAGRFJIC01,LOTHHRTOT,2024,0.0170757293038
GLOBAL,S1D2,LNDAGRFJIC01,LOTHHRTOT,2025,0.0171491830654
GLOBAL,S1D2,LNDAGRFJIC01,LOTHHRTOT,2026,0.0172045564884
GLOBAL,S1D2,LNDAGRFJIC01,LOTHHRTOT,2027,0.0172599028903
GLOBAL,S1D2,LNDAGRFJIC01,LOTHHRTOT,2028,0.017315249044300002
GLOBAL,S1D2,LNDAGRFJIC01,LOTHHRTOT,2029,0.017370595446200003
GLOBAL,S1D2,LNDAGRFJIC01,LOTHHRTOT,2030,0.017425968869200004
GLOBAL,S1D2,LNDAGRFJIC01,LOTHHRTOT,2031,0.017463827413500003
GLOBAL,S1D2,LNDAGRFJIC01,LOTHHRTOT,2032,0.0175016862057
GLOBAL,S1D2,LNDAGRFJIC01,LOTHHRTOT,2033,0.0175395717711
GLOBAL,S1D2,LNDAGRFJIC01,LOTHHRTOT,2034,0.017577430315400003
GLOBAL,S1D2,LNDAGRFJIC01,LOTHHRTOT,2035,0.017615315880800002
GLOBAL,S1D2,LNDAGRFJIC01,LOTHHRTOT,2036,0.0176322648038
GLOBAL,S1D2,LNDAGRFJIC01,LOTHHRTOT,2037,0.0176492134789
GLOBAL,S1D2,LNDAGRFJIC01,LOTHHRTOT,2038,0.017666189423000002
GLOBAL,S1D2,LNDAGRFJIC01,LOTHHRTOT,2039,0.0177735678038
GLOBAL,S1D2,LNDAGRFJIC01,LOTHHRTOT,2040,0.0177001137943
GLOBAL,S1D2,LNDAGRFJIC01,LOTHHRTOT,2041,0.0176974731635
GLOBAL,S1D2,LNDAGRFJIC01,LOTHHRTOT,2042,0.0176948595538
GLOBAL,S1D2,LNDAGRFJIC01,LOTHHRTOT,2043,0.0176922456962
GLOBAL,S1D2,LNDAGRFJIC01,LOTHHRTOT,2044,0.0176896320865
GLOBAL,S1D2,LNDAGRFJIC01,LOTHHRTOT,2045,0.0176869914557
GLOBAL,S1D2,LNDAGRFJIC01,LOTHHRTOT,2046,0.0176690454789
GLOBAL,S1D2,LNDAGRFJIC01,LOTHHRTOT,2047,0.01765109975
GLOBAL,S1D2,LNDAGRFJIC01,LOTHHRTOT,2048,0.017673006673
GLOBAL,S1D2,LNDAGRFJIC01,LOTHHRTOT,2049,0.0176351478808
GLOBAL,S1D2,LNDAGRFJIC01,LOTHHRTOT,2050,0.0175972623154
GLOBAL,S1D2,LNDAGRFJIC01,LSGCHRTOT,2021,0.38897763411
GLOBAL,S1D2,LNDAGRFJIC01,LSGCHRTOT,2022,0.39067237767
GLOBAL,S1D2,LNDAGRFJIC01,LSGCHRTOT,2023,0.39236935233000003
GLOBAL,S1D2,LNDAGRFJIC01,LSGCHRTOT,2024,0.39406409589
GLOBAL,S1D2,LNDAGRFJIC01,LSGCHRTOT,2025,0.39575883945
GLOBAL,S1D2,LNDAGRFJIC01,LSGCHRTOT,2026,0.39703664
GLOBAL,S1D2,LNDAGRFJIC01,LSGCHRTOT,2027,0.39831444055000004
GLOBAL,S1D2,LNDAGRFJIC01,LSGCHRTOT,2028,0.39959226589
GLOBAL,S1D2,LNDAGRFJIC01,LSGCHRTOT,2029,0.40087006644
GLOBAL,S1D2,LNDAGRFJIC01,LSGCHRTOT,2030,0.40214789178000004
GLOBAL,S1D2,LNDAGRFJIC01,LSGCHRTOT,2031,0.40302005356000004
GLOBAL,S1D2,LNDAGRFJIC01,LSGCHRTOT,2032,0.40389444644
GLOBAL,S1D2,LNDAGRFJIC01,LSGCHRTOT,2033,0.38029015214
GLOBAL,S1D2,LNDAGRFJIC01,LSGCHRTOT,2034,0.40564328178000003
GLOBAL,S1D2,LNDAGRFJIC01,LSGCHRTOT,2035,0.40651544356
GLOBAL,S1D2,LNDAGRFJIC01,LSGCHRTOT,2036,0.40690757178
GLOBAL,S1D2,LNDAGRFJIC01,LSGCHRTOT,2037,0.40729970000000004
GLOBAL,S1D2,LNDAGRFJIC01,LSGCHRTOT,2038,0.40769182822000005
GLOBAL,S1D2,LNDAGRFJIC01,LSGCHRTOT,2039,0.41016857233
GLOBAL,S1D2,LNDAGRFJIC01,LSGCHRTOT,2040,0.40847385356000004
GLOBAL,S1D2,LNDAGRFJIC01,LSGCHRTOT,2041,0.40841299411
GLOBAL,S1D2,LNDAGRFJIC01,LSGCHRTOT,2042,0.40835215945
GLOBAL,S1D2,LNDAGRFJIC01,LSGCHRTOT,2043,0.4082913
GLOBAL,S1D2,LNDAGRFJIC01,LSGCHRTOT,2044,0.40823269644000004
GLOBAL,S1D2,LNDAGRFJIC01,LSGCHRTOT,2045,0.40817186178000003
GLOBAL,S1D2,LNDAGRFJIC01,LSGCHRTOT,2046,0.37013817613000005
GLOBAL,S1D2,LNDAGRFJIC01,LSGCHRTOT,2047,0.37154666956
GLOBAL,S1D2,LNDAGRFJIC01,LSGCHRTOT,2048,0.40784733589
GLOBAL,S1D2,LNDAGRFJIC01,LSGCHRTOT,2049,0.37482353571
GLOBAL,S1D2,LNDAGRFJIC01,LSGCHRTOT,2050,0.40610075644
GLOBAL,S1D2,LNDAGRFJIC01,WTRPRCFJI,2021,1.1448490956892203
GLOBAL,S1D2,LNDAGRFJIC01,WTRPRCFJI,2022,1.1498372781835502
GLOBAL,S1D2,LNDAGRFJIC01,WTRPRCFJI,2023,1.2359544252231602
GLOBAL,S1D2,LNDAGRFJIC01,WTRPRCFJI,2024,1.2208207320252003
GLOBAL,S1D2,LNDAGRFJIC01,WTRPRCFJI,2025,1.2056872610448002
GLOBAL,S1D2,LNDAGRFJIC01,WTRPRCFJI,2026,1.19427723470259
GLOBAL,S1D2,LNDAGRFJIC01,WTRPRCFJI,2027,1.18286742856995
GLOBAL,S1D2,LNDAGRFJIC01,WTRPRCFJI,2028,1.17609024813435
GLOBAL,S1D2,LNDAGRFJIC01,WTRPRCFJI,2029,1.1798509985494203
GLOBAL,S1D2,LNDAGRFJIC01,WTRPRCFJI,2030,1.18361188885446
GLOBAL,S1D2,LNDAGRFJIC01,WTRPRCFJI,2031,1.18617924663675
GLOBAL,S1D2,LNDAGRFJIC01,WTRPRCFJI,2032,1.1887526973300302
GLOBAL,S1D2,LNDAGRFJIC01,WTRPRCFJI,2033,1.12523369665329
GLOBAL,S1D2,LNDAGRFJIC01,WTRPRCFJI,2034,1.1938996676575802
GLOBAL,S1D2,LNDAGRFJIC01,WTRPRCFJI,2035,1.1964670983968402
GLOBAL,S1D2,LNDAGRFJIC01,WTRPRCFJI,2036,1.19762098650369
GLOBAL,S1D2,LNDAGRFJIC01,WTRPRCFJI,2037,1.1987749428822
GLOBAL,S1D2,LNDAGRFJIC01,WTRPRCFJI,2038,1.1999289039460201
GLOBAL,S1D2,LNDAGRFJIC01,WTRPRCFJI,2039,1.2072189123103498
GLOBAL,S1D2,LNDAGRFJIC01,WTRPRCFJI,2040,1.2022307974183501
GLOBAL,S1D2,LNDAGRFJIC01,WTRPRCFJI,2041,1.20205169742762
GLOBAL,S1D2,LNDAGRFJIC01,WTRPRCFJI,2042,1.20187273732686
GLOBAL,S1D2,LNDAGRFJIC01,WTRPRCFJI,2043,1.2016937785647601
GLOBAL,S1D2,LNDAGRFJIC01,WTRPRCFJI,2044,1.2015208424340003
GLOBAL,S1D2,LNDAGRFJIC01,WTRPRCFJI,2045,1.2013418100456001
GLOBAL,S1D2,LNDAGRFJIC01,WTRPRCFJI,2046,1.0985500871431202
GLOBAL,S1D2,LNDAGRFJIC01,WTRPRCFJI,2047,1.10225231736696
GLOBAL,S1D2,LNDAGRFJIC01,WTRPRCFJI,2048,1.2003869880433802
GLOBAL,S1D2,LNDAGRFJIC01,WTRPRCFJI,2049,1.11101020591176
GLOBAL,S1D2,LNDAGRFJIC01,WTRPRCFJI,2050,1.1952461079495
GLOBAL,S1D2,LNDAGRFJIC02,LSGCHRTOT,2033,0.024478721886
GLOBAL,S1D2,LNDAGRFJIC02,LSGCHRTOT,2046,0.037619018362000003
GLOBAL,S1D2,LNDAGRFJIC02,LSGCHRTOT,2047,0.035795840291000004
GLOBAL,S1D2,LNDAGRFJIC02,LSGCHRTOT,2049,0.032149377552
GLOBAL,S1D2,LNDAGRFJIC02,WTRPRCFJI,2033,0.061196804715
GLOBAL,S1D2,LNDAGRFJIC02,WTRPRCFJI,2046,0.094047545905
GLOBAL,S1D2,LNDAGRFJIC02,WTRPRCFJI,2047,0.08948960072750001
GLOBAL,S1D2,LNDAGRFJIC02,WTRPRCFJI,2049,0.08037344387999999
GLOBAL,S1D2,LNDAGRFJIC04,LCONHRTOT,2021,0.0109680573562
GLOBAL,S1D2,LNDAGRFJIC04,LCONHRTOT,2022,0.0110158666065
GLOBAL,S1D2,LNDAGRFJIC04,LCONHRTOT,2023,0.011063675856800001
GLOBAL,S1D2,LNDAGRFJIC04,LCONHRTOT,2024,0.0111114851071
GLOBAL,S1D2,LNDAGRFJIC04,LCONHRTOT,2025,0.0111592943574
GLOBAL,S1D2,LNDAGRFJIC04,LCONHRTOT,2026,0.011195315714800001
GLOBAL,S1D2,LNDAGRFJIC04,LCONHRTOT,2027,0.0112313370722
GLOBAL,S1D2,LNDAGRFJIC04,LCONHRTOT,2028,0.0112673584296
GLOBAL,S1D2,LNDAGRFJIC04,LCONHRTOT,2029,0.011303380034900001
GLOBAL,S1D2,LNDAGRFJIC04,LCONHRTOT,2030,0.0113394013923
GLOBAL,S1D2,LNDAGRFJIC04,LCONHRTOT,2031,0.0113640394296
GLOBAL,S1D2,LNDAGRFJIC04,LCONHRTOT,2032,0.0113886777148
GLOBAL,S1D2,LNDAGRFJIC04,LCONHRTOT,2033,0.011413316
GLOBAL,S1D2,LNDAGRFJIC04,LCONHRTOT,2034,0.011437954285200001
GLOBAL,S1D2,LNDAGRFJIC04,LCONHRTOT,2035,0.0114625925704
GLOBAL,S1D2,LNDAGRFJIC04,LCONHRTOT,2036,0.0114736213935
GLOBAL,S1D2,LNDAGRFJIC04,LCONHRTOT,2037,0.011484701036100001
GLOBAL,S1D2,LNDAGRFJIC04,LCONHRTOT,2038,0.011495730107100002
GLOBAL,S1D2,LNDAGRFJIC04,LCONHRTOT,2039,0.011565597499400001
GLOBAL,S1D2,LNDAGRFJIC04,LCONHRTOT,2040,0.0115177882491
GLOBAL,S1D2,LNDAGRFJIC04,LCONHRTOT,2041,0.011516068071
GLOBAL,S1D2,LNDAGRFJIC04,LCONHRTOT,2042,0.011514398464500001
GLOBAL,S1D2,LNDAGRFJIC04,LCONHRTOT,2043,0.011512678286400001
GLOBAL,S1D2,LNDAGRFJIC04,LCONHRTOT,2044,0.0115109583562
GLOBAL,S1D2,LNDAGRFJIC04,LCONHRTOT,2045,0.0115092381781
GLOBAL,S1D2,LNDAGRFJIC04,LCONHRTOT,2046,0.011497601999999999
GLOBAL,S1D2,LNDAGRFJIC04,LCONHRTOT,2047,0.0114859152503
GLOBAL,S1D2,LNDAGRFJIC04,LCONHRTOT,2048,0.0115001315716
GLOBAL,S1D2,LNDAGRFJIC04,LCONHRTOT,2049,0.0114754932864
GLOBAL,S1D2,LNDAGRFJIC04,LCONHRTOT,2050,0.0114508552491
GLOBAL,S1D2,LNDAGRFJIC04,LFORTOT,2040,1.5582463741900001
GLOBAL,S1D2,LNDAGRFJIC04,LYAMHRTOT,2021,0.0146815914234
GLOBAL,S1D2,LNDAGRFJIC04,LYAMHRTOT,2022,0.0147455823462
GLOBAL,S1D2,LNDAGRFJIC04,LYAMHRTOT,2023,0.014809600538
GLOBAL,S1D2,LNDAGRFJIC04,LYAMHRTOT,2024,0.0148735914608
GLOBAL,S1D2,LNDAGRFJIC04,LYAMHRTOT,2025,0.0149375823836
GLOBAL,S1D2,LNDAGRFJIC04,LYAMHRTOT,2026,0.0149858001731
GLOBAL,S1D2,LNDAGRFJIC04,LYAMHRTOT,2027,0.0150340182105
GLOBAL,S1D2,LNDAGRFJIC04,LYAMHRTOT,2028,0.015082236
GLOBAL,S1D2,LNDAGRFJIC04,LYAMHRTOT,2029,0.0151304267684
GLOBAL,S1D2,LNDAGRFJIC04,LYAMHRTOT,2030,0.0151786445579
GLOBAL,S1D2,LNDAGRFJIC04,LYAMHRTOT,2031,0.0152116343462
GLOBAL,S1D2,LNDAGRFJIC04,LYAMHRTOT,2032,0.0152446241345
GLOBAL,S1D2,LNDAGRFJIC04,LYAMHRTOT,2033,0.0152776139228
GLOBAL,S1D2,LNDAGRFJIC04,LYAMHRTOT,2034,0.015310603711099999
GLOBAL,S1D2,LNDAGRFJIC04,LYAMHRTOT,2035,0.0153435662304
GLOBAL,S1D2,LNDAGRFJIC04,LYAMHRTOT,2036,0.0153583584234
GLOBAL,S1D2,LNDAGRFJIC04,LYAMHRTOT,2037,0.015373123595300001
GLOBAL,S1D2,LNDAGRFJIC04,LYAMHRTOT,2038,0.015387888519300001
GLOBAL,S1D2,LNDAGRFJIC04,LYAMHRTOT,2039,0.015481436807000001
GLOBAL,S1D2,LNDAGRFJIC04,LYAMHRTOT,2040,0.0154174458842
GLOBAL,S1D2,LNDAGRFJIC04,LYAMHRTOT,2041,0.015415157519300001
GLOBAL,S1D2,LNDAGRFJIC04,LYAMHRTOT,2042,0.0154128691544
GLOBAL,S1D2,LNDAGRFJIC04,LYAMHRTOT,2043,0.015410608058500001
GLOBAL,S1D2,LNDAGRFJIC04,LYAMHRTOT,2044,0.015408319941500001
GLOBAL,S1D2,LNDAGRFJIC04,LYAMHRTOT,2045,0.015406031576600001
GLOBAL,S1D2,LNDAGRFJIC04,LYAMHRTOT,2046,0.0153903947883
GLOBAL,S1D2,LNDAGRFJIC04,LYAMHRTOT,2047,0.015374758
GLOBAL,S1D2,LNDAGRFJIC04,LYAMHRTOT,2048,0.015393799942700001
GLOBAL,S1D2,LNDAGRFJIC04,LYAMHRTOT,2049,0.0153608101544
GLOBAL,S1D2,LNDAGRFJIC04,LYAMHRTOT,2050,0.0153278476351
GLOBAL,S1D2,LNDAGRFJIC04,WTRPRCFJI,2021,0.05386426243716
GLOBAL,S1D2,LNDAGRFJIC04,WTRPRCFJI,2022,0.05409904280067
GLOBAL,S1D2,LNDAGRFJIC04,WTRPRCFJI,2023,0.05433388042908
GLOBAL,S1D2,LNDAGRFJIC04,WTRPRCFJI,2024,0.054568660792590006
GLOBAL,S1D2,LNDAGRFJIC04,WTRPRCFJI,2025,0.0548034411561
GLOBAL,S1D2,LNDAGRFJIC04,WTRPRCFJI,2026,0.05498034336459001
GLOBAL,S1D2,LNDAGRFJIC04,WTRPRCFJI,2027,0.05515724609367001
GLOBAL,S1D2,LNDAGRFJIC04,WTRPRCFJI,2028,0.055334148302160005
GLOBAL,S1D2,LNDAGRFJIC04,WTRPRCFJI,2029,0.05551099428693
GLOBAL,S1D2,LNDAGRFJIC04,WTRPRCFJI,2030,0.05568789649542
GLOBAL,S1D2,LNDAGRFJIC04,WTRPRCFJI,2031,0.05580891492918
GLOBAL,S1D2,LNDAGRFJIC04,WTRPRCFJI,2032,0.05592993388353
GLOBAL,S1D2,LNDAGRFJIC04,WTRPRCFJI,2033,0.05605095283788
GLOBAL,S1D2,LNDAGRFJIC04,WTRPRCFJI,2034,0.056171971792230005
GLOBAL,S1D2,LNDAGRFJIC04,WTRPRCFJI,2035,0.056292933481680005
GLOBAL,S1D2,LNDAGRFJIC04,WTRPRCFJI,2036,0.05634715761549
GLOBAL,S1D2,LNDAGRFJIC04,WTRPRCFJI,2037,0.056401431725940004
GLOBAL,S1D2,LNDAGRFJIC04,WTRPRCFJI,2038,0.056455599115440014
GLOBAL,S1D2,LNDAGRFJIC04,WTRPRCFJI,2039,0.05679877204344001
GLOBAL,S1D2,LNDAGRFJIC04,WTRPRCFJI,2040,3.32888137747893
GLOBAL,S1D2,LNDAGRFJIC04,WTRPRCFJI,2041,0.05655557373963001
GLOBAL,S1D2,LNDAGRFJIC04,WTRPRCFJI,2042,0.056547261999690006
GLOBAL,S1D2,LNDAGRFJIC04,WTRPRCFJI,2043,0.05653890132429
GLOBAL,S1D2,LNDAGRFJIC04,WTRPRCFJI,2044,0.05653048442517
GLOBAL,S1D2,LNDAGRFJIC04,WTRPRCFJI,2045,0.05652206648487
GLOBAL,S1D2,LNDAGRFJIC04,WTRPRCFJI,2046,0.05646479325543
GLOBAL,S1D2,LNDAGRFJIC04,WTRPRCFJI,2047,0.05640741382563
GLOBAL,S1D2,LNDAGRFJIC04,WTRPRCFJI,2048,0.05647725618003
GLOBAL,S1D2,LNDAGRFJIC04,WTRPRCFJI,2049,0.056356237225680006
GLOBAL,S1D2,LNDAGRFJIC04,WTRPRCFJI,2050,0.05623527605682001
GLOBAL,S1D2,LNDCASHRTOT,LTOT,2021,0.0181852357497
GLOBAL,S1D2,LNDCASHRTOT,LTOT,2022,0.0182645131781
GLOBAL,S1D2,LNDCASHRTOT,LTOT,2023,0.018343765320700003
GLOBAL,S1D2,LNDCASHRTOT,LTOT,2024,0.0184230427491
GLOBAL,S1D2,LNDCASHRTOT,LTOT,2025,0.0185023199296
GLOBAL,S1D2,LNDCASHRTOT,LTOT,2026,0.0185620437497
GLOBAL,S1D2,LNDCASHRTOT,LTOT,2027,0.0186217673219
GLOBAL,S1D2,LNDCASHRTOT,LTOT,2028,0.0186814658562
GLOBAL,S1D2,LNDCASHRTOT,LTOT,2029,0.0187411894284
GLOBAL,S1D2,LNDCASHRTOT,LTOT,2030,0.0188009130006
GLOBAL,S1D2,LNDCASHRTOT,LTOT,2031,0.018841765929000002
GLOBAL,S1D2,LNDCASHRTOT,LTOT,2032,0.0188826441432
GLOBAL,S1D2,LNDCASHRTOT,LTOT,2033,0.0189234970716
GLOBAL,S1D2,LNDCASHRTOT,LTOT,2034,0.01896435
GLOBAL,S1D2,LNDCASHRTOT,LTOT,2035,0.019005202928399998
GLOBAL,S1D2,LNDCASHRTOT,LTOT,2036,0.019023491750900002
GLOBAL,S1D2,LNDCASHRTOT,LTOT,2037,0.0190418061071
GLOBAL,S1D2,LNDCASHRTOT,LTOT,2038,0.0190600949296
GLOBAL,S1D2,LNDCASHRTOT,LTOT,2039,0.019175975536700002
GLOBAL,S1D2,LNDCASHRTOT,LTOT,2040,0.019096698356200002
GLOBAL,S1D2,LNDCASHRTOT,LTOT,2041,0.019093865107100004
GLOBAL,S1D2,LNDCASHRTOT,LTOT,2042,0.019091031858000002
GLOBAL,S1D2,LNDCASHRTOT,LTOT,2043,0.0190882241426
GLOBAL,S1D2,LNDCASHRTOT,LTOT,2044,0.0190853908935
GLOBAL,S1D2,LNDCASHRTOT,LTOT,2045,0.0190825578923
GLOBAL,S1D2,LNDCASHRTOT,LTOT,2046,0.0190631810367
GLOBAL,S1D2,LNDCASHRTOT,LTOT,2047,0.0190438297148
GLOBAL,S1D2,LNDCASHRTOT,LTOT,2048,0.0190674307864
GLOBAL,S1D2,LNDCASHRTOT,LTOT,2049,0.019026577858
GLOBAL,S1D2,LNDCASHRTOT,LTOT,2050,0.0189857249296
GLOBAL,S1D2,LNDCONHRTOT,LTOT,2021,0.0109680573562
GLOBAL,S1D2,LNDCONHRTOT,LTOT,2022,0.0110158666065
GLOBAL,S1D2,LNDCONHRTOT,LTOT,2023,0.011063675856800001
GLOBAL,S1D2,LNDCONHRTOT,LTOT,2024,0.0111114851071
GLOBAL,S1D2,LNDCONHRTOT,LTOT,2025,0.0111592943574
GLOBAL,S1D2,LNDCONHRTOT,LTOT,2026,0.011195315714800001
GLOBAL,S1D2,LNDCONHRTOT,LTOT,2027,0.0112313370722
GLOBAL,S1D2,LNDCONHRTOT,LTOT,2028,0.0112673584296
GLOBAL,S1D2,LNDCONHRTOT,LTOT,2029,0.011303380034900001
GLOBAL,S1D2,LNDCONHRTOT,LTOT,2030,0.0113394013923
GLOBAL,S1D2,LNDCONHRTOT,LTOT,2031,0.0113640394296
GLOBAL,S1D2,LNDCONHRTOT,LTOT,2032,0.0113886777148
GLOBAL,S1D2,LNDCONHRTOT,LTOT,2033,0.011413316
GLOBAL,S1D2,LNDCONHRTOT,LTOT,2034,0.011437954285200001
GLOBAL,S1D2,LNDCONHRTOT,LTOT,2035,0.0114625925704
GLOBAL,S1D2,LNDCONHRTOT,LTOT,2036,0.0114736213935
GLOBAL,S1D2,LNDCONHRTOT,LTOT,2037,0.011484701036100001
GLOBAL,S1D2,LNDCONHRTOT,LTOT,2038,0.011495730107100002
GLOBAL,S1D2,LNDCONHRTOT,LTOT,2039,0.011565597499400001
GLOBAL,S1D2,LNDCONHRTOT,LTOT,2040,0.0115177882491
GLOBAL,S1D2,LNDCONHRTOT,LTOT,2041,0.011516068071
GLOBAL,S1D2,LNDCONHRTOT,LTOT,2042,0.011514398464500001
GLOBAL,S1D2,LNDCONHRTOT,LTOT,2043,0.011512678286400001
GLOBAL,S1D2,LNDCONHRTOT,LTOT,2044,0.0115109583562
GLOBAL,S1D2,LNDCONHRTOT,LTOT,2045,0.0115092381781
GLOBAL,S1D2,LNDCONHRTOT,LTOT,2046,0.011497601999999999
GLOBAL,S1D2,LNDCONHRTOT,LTOT,2047,0.0114859152503
GLOBAL,S1D2,LNDCONHRTOT,LTOT,2048,0.0115001315716
GLOBAL,S1D2,LNDCONHRTOT,LTOT,2049,0.0114754932864
GLOBAL,S1D2,LNDCONHRTOT,LTOT,2050,0.0114508552491
GLOBAL,S1D2,LNDFORTOT,LTOT,2023,0.030045532059000003
GLOBAL,S1D2,LNDFORTOT,LTOT,2024,0.0225929587331
GLOBAL,S1D2,LNDFORTOT,LTOT,2025,0.015140494979
GLOBAL,S1D2,LNDFORTOT,LTOT,2026,0.009521661503600001
GLOBAL,S1D2,LNDFORTOT,LTOT,2027,0.0039029368562999997
GLOBAL,S1D2,LNDFORTOT,LTOT,2040,1.5582463741900001
GLOBAL,S1D2,LNDOTHHRTOT,LTOT,2021,0.0168553137289
GLOBAL,S1D2,LNDOTHHRTOT,LTOT,2022,0.016928767738399998
GLOBAL,S1D2,LNDOTHHRTOT,LTOT,2023,0.0170022485211
GLOBAL,S1D2,LNDOTHHRTOT,LTOT,2024,0.0170757293038
GLOBAL,S1D2,LNDOTHHRTOT,LTOT,2025,0.0171491830654
GLOBAL,S1D2,LNDOTHHRTOT,LTOT,2026,0.0172045564884
GLOBAL,S1D2,LNDOTHHRTOT,LTOT,2027,0.0172599028903
GLOBAL,S1D2,LNDOTHHRTOT,LTOT,2028,0.017315249044300002
GLOBAL,S1D2,LNDOTHHRTOT,LTOT,2029,0.017370595446200003
GLOBAL,S1D2,LNDOTHHRTOT,LTOT,2030,0.017425968869200004
GLOBAL,S1D2,LNDOTHHRTOT,LTOT,2031,0.017463827413500003
GLOBAL,S1D2,LNDOTHHRTOT,LTOT,2032,0.0175016862057
GLOBAL,S1D2,LNDOTHHRTOT,LTOT,2033,0.0175395717711
GLOBAL,S1D2,LNDOTHHRTOT,LTOT,2034,0.017577430315400003
GLOBAL,S1D2,LNDOTHHRTOT,LTOT,2035,0.017615315880800002
GLOBAL,S1D2,LNDOTHHRTOT,LTOT,2036,0.0176322648038
GLOBAL,S1D2,LNDOTHHRTOT,LTOT,2037,0.0176492134789
GLOBAL,S1D2,LNDOTHHRTOT,LTOT,2038,0.017666189423000002
GLOBAL,S1D2,LNDOTHHRTOT,LTOT,2039,0.0177735678038
GLOBAL,S1D2,LNDOTHHRTOT,LTOT,2040,0.0177001137943
GLOBAL,S1D2,LNDOTHHRTOT,LTOT,2041,0.0176974731635
GLOBAL,S1D2,LNDOTHHRTOT,LTOT,2042,0.0176948595538
GLOBAL,S1D2,LNDOTHHRTOT,LTOT,2043,0.0176922456962
GLOBAL,S1D2,LNDOTHHRTOT,LTOT,2044,0.0176896320865
GLOBAL,S1D2,LNDOTHHRTOT,LTOT,2045,0.0176869914557
GLOBAL,S1D2,LNDOTHHRTOT,LTOT,2046,0.0176690454789
GLOBAL,S1D2,LNDOTHHRTOT,LTOT,2047,0.01765109975
GLOBAL,S1D2,LNDOTHHRTOT,LTOT,2048,0.017673006673
GLOBAL,S1D2,LNDOTHHRTOT,LTOT,2049,0.0176351478808
GLOBAL,S1D2,LNDOTHHRTOT,LTOT,2050,0.0175972623154
GLOBAL,S1D2,LNDSGCHRTOT,LTOT,2021,0.38897763411
GLOBAL,S1D2,LNDSGCHRTOT,LTOT,2022,0.39067237767
GLOBAL,S1D2,LNDSGCHRTOT,LTOT,2023,0.39236935233000003
GLOBAL,S1D2,LNDSGCHRTOT,LTOT,2024,0.39406409589
GLOBAL,S1D2,LNDSGCHRTOT,LTOT,2025,0.39575883945
GLOBAL,S1D2,LNDSGCHRTOT,LTOT,2026,0.39703664
GLOBAL,S1D2,LNDSGCHRTOT,LTOT,2027,0.39831444055000004
GLOBAL,S1D2,LNDSGCHRTOT,LTOT,2028,0.39959226589
GLOBAL,S1D2,LNDSGCHRTOT,LTOT,2029,0.40087006644
GLOBAL,S1D2,LNDSGCHRTOT,LTOT,2030,0.40214789178000004
GLOBAL,S1D2,LNDSGCHRTOT,LTOT,2031,0.40302005356000004
GLOBAL,S1D2,LNDSGCHRTOT,LTOT,2032,0.40389444644
GLOBAL,S1D2,LNDSGCHRTOT,LTOT,2033,0.40476886411
GLOBAL,S1D2,LNDSGCHRTOT,LTOT,2034,0.40564328178000003
GLOBAL,S1D2,LNDSGCHRTOT,LTOT,2035,0.40651544356
GLOBAL,S1D2,LNDSGCHRTOT,LTOT,2036,0.40690757178
GLOBAL,S1D2,LNDSGCHRTOT,LTOT,2037,0.40729970000000004
GLOBAL,S1D2,LNDSGCHRTOT,LTOT,2038,0.40769182822000005
GLOBAL,S1D2,LNDSGCHRTOT,LTOT,2039,0.41016857233
GLOBAL,S1D2,LNDSGCHRTOT,LTOT,2040,0.40847385356000004
GLOBAL,S1D2,LNDSGCHRTOT,LTOT,2041,0.40841299411
GLOBAL,S1D2,LNDSGCHRTOT,LTOT,2042,0.40835215945
GLOBAL,S1D2,LNDSGCHRTOT,LTOT,2043,0.4082913
GLOBAL,S1D2,LNDSGCHRTOT,LTOT,2044,0.40823269644000004
GLOBAL,S1D2,LNDSGCHRTOT,LTOT,2045,0.40817186178000003
GLOBAL,S1D2,LNDSGCHRTOT,LTOT,2046,0.40775719945
GLOBAL,S1D2,LNDSGCHRTOT,LTOT,2047,0.40734251233
GLOBAL,S1D2,LNDSGCHRTOT,LTOT,2048,0.40784733589
GLOBAL,S1D2,LNDSGCHRTOT,LTOT,2049,0.40697291822000004
GLOBAL,S1D2,LNDSGCHRTOT,LTOT,2050,0.40610075644
GLOBAL,S1D2,LNDYAMHRTOT,LTOT,2021,0.0146815914234
GLOBAL,S1D2,LNDYAMHRTOT,LTOT,2022,0.0147455823462
GLOBAL,S1D2,LNDYAMHRTOT,LTOT,2023,0.014809600538
GLOBAL,S1D2,LNDYAMHRTOT,LTOT,2024,0.0148735914608
GLOBAL,S1D2,LNDYAMHRTOT,LTOT,2025,0.0149375823836
GLOBAL,S1D2,LNDYAMHRTOT,LTOT,2026,0.0149858001731
GLOBAL,S1D2,LNDYAMHRTOT,LTOT,2027,0.0150340182105
GLOBAL,S1D2,LNDYAMHRTOT,LTOT,2028,0.015082236
GLOBAL,S1D2,LNDYAMHRTOT,LTOT,2029,0.0151304267684
GLOBAL,S1D2,LNDYAMHRTOT,LTOT,2030,0.0151786445579
GLOBAL,S1D2,LNDYAMHRTOT,LTOT,2031,0.0152116343462
GLOBAL,S1D2,LNDYAMHRTOT,LTOT,2032,0.0152446241345
GLOBAL,S1D2,LNDYAMHRTOT,LTOT,2033,0.0152776139228
GLOBAL,S1D2,LNDYAMHRTOT,LTOT,2034,0.015310603711099999
GLOBAL,S1D2,LNDYAMHRTOT,LTOT,2035,0.0153435662304
GLOBAL,S1D2,LNDYAMHRTOT,LTOT,2036,0.0153583584234
GLOBAL,S1D2,LNDYAMHRTOT,LTOT,2037,0.015373123595300001
GLOBAL,S1D2,LNDYAMHRTOT,LTOT,2038,0.015387888519300001
GLOBAL,S1D2,LNDYAMHRTOT,LTOT,2039,0.015481436807000001
GLOBAL,S1D2,LNDYAMHRTOT,LTOT,2040,0.0154174458842
GLOBAL,S1D2,LNDYAMHRTOT,LTOT,2041,0.015415157519300001
GLOBAL,S1D2,LNDYAMHRTOT,LTOT,2042,0.0154128691544
GLOBAL,S1D2,LNDYAMHRTOT,LTOT,2043,0.015410608058500001
GLOBAL,S1D2,LNDYAMHRTOT,LTOT,2044,0.015408319941500001
GLOBAL,S1D2,LNDYAMHRTOT,LTOT,2045,0.015406031576600001
GLOBAL,S1D2,LNDYAMHRTOT,LTOT,2046,0.0153903947883
GLOBAL,S1D2,LNDYAMHRTOT,LTOT,2047,0.015374758
GLOBAL,S1D2,LNDYAMHRTOT,LTOT,2048,0.015393799942700001
GLOBAL,S1D2,LNDYAMHRTOT,LTOT,2049,0.0153608101544
GLOBAL,S1D2,LNDYAMHRTOT,LTOT,2050,0.0153278476351
GLOBAL,S1D2,PWRBIOFJIXX01,BIOFJIXX,2021,2.0815137050975996
GLOBAL,S1D2,PWRBIOFJIXX01,BIOFJIXX,2023,1.0194739954877998
GLOBAL,S1D2,PWRBIOFJIXX01,BIOFJIXX,2024,1.0958740024784002
GLOBAL,S1D2,PWRBIOFJIXX01,BIOFJIXX,2025,1.1627239257345998
GLOBAL,S1D2,PWRBIOFJIXX01,BIOFJIXX,2026,1.3059739506791999
GLOBAL,S1D2,PWRBIOFJIXX01,BIOFJIXX,2027,1.4492239756238001
GLOBAL,S1D2,PWRBIOFJIXX01,BIOFJIXX,2028,1.5782635540026
GLOBAL,S1D2,PWRBIOFJIXX01,BIOFJIXX,2029,1.3089535222584
GLOBAL,S1D2,PWRBIOFJIXX01,BIOFJIXX,2030,1.2003169636808002
GLOBAL,S1D2,PWRBIOFJIXX01,BIOFJIXX,2031,0.75237955135152
GLOBAL,S1D2,PWRBIOFJIXX01,BIOFJIXX,2032,0.29863898207999995
GLOBAL,S1D2,PWRBIOFJIXX01,BIOFJIXX,2033,0.29863898207999995
GLOBAL,S1D2,PWRBIOFJIXX01,BIOFJIXX,2034,0.35037583721992
GLOBAL,S1D2,PWRBIOFJIXX01,BIOFJIXX,2035,0.37498476511032
GLOBAL,S1D2,PWRBIOFJIXX01,BIOFJIXX,2036,0.7663313971650799
GLOBAL,S1D2,PWRBIOFJIXX01,BIOFJIXX,2037,0.9921358770014
GLOBAL,S1D2,PWRBIOFJIXX01,BIOFJIXX,2038,0.90978476669562
GLOBAL,S1D2,PWRBIOFJIXX01,BIOFJIXX,2039,1.1554421384036
GLOBAL,S1D2,PWRBIOFJIXX01,BIOFJIXX,2040,1.6863015277864
GLOBAL,S1D2,PWRBIOFJIXX01,BIOFJIXX,2041,2.1586537753952
GLOBAL,S1D2,PWRBIOFJIXX01,BIOFJIXX,2042,2.0485654048458
GLOBAL,S1D2,PWRBIOFJIXX01,BIOFJIXX,2043,2.5116312073954
GLOBAL,S1D2,PWRBIOFJIXX01,BIOFJIXX,2044,3.0303647328838
GLOBAL,S1D2,PWRBIOFJIXX01,BIOFJIXX,2045,3.5235151742132
GLOBAL,S1D2,PWRBIOFJIXX01,BIOFJIXX,2046,3.6202842991926003
GLOBAL,S1D2,PWRBIOFJIXX01,BIOFJIXX,2047,3.6970399911200005
GLOBAL,S1D2,PWRBIOFJIXX01,BIOFJIXX,2048,2.2230107790664
GLOBAL,S1D2,PWRBIOFJIXX01,BIOFJIXX,2049,3.3989840633946002
GLOBAL,S1D2,PWRBIOFJIXX01,BIOFJIXX,2050,3.7768395544328
GLOBAL,S1D2,PWRHYDFJIXX01,HYDFJIXX,2021,0.29260112968
GLOBAL,S1D2,PWRHYDFJIXX01,HYDFJIXX,2022,0.59131378764
GLOBAL,S1D2,PWRHYDFJIXX01,HYDFJIXX,2023,0.59131378764
GLOBAL,S1D2,PWRHYDFJIXX01,HYDFJIXX,2024,0.59131378764
GLOBAL,S1D2,PWRHYDFJIXX01,HYDFJIXX,2025,0.59131378764
GLOBAL,S1D2,PWRHYDFJIXX01,HYDFJIXX,2026,0.59131378764
GLOBAL,S1D2,PWRHYDFJIXX01,HYDFJIXX,2027,0.59131378764
GLOBAL,S1D2,PWRHYDFJIXX01,HYDFJIXX,2028,0.59131378764
GLOBAL,S1D2,PWRHYDFJIXX01,HYDFJIXX,2029,0.59131378764
GLOBAL,S1D2,PWRHYDFJIXX01,HYDFJIXX,2030,0.59131378764
GLOBAL,S1D2,PWRHYDFJIXX01,HYDFJIXX,2031,0.59131378764
GLOBAL,S1D2,PWRHYDFJIXX01,HYDFJIXX,2032,0.59131378764
GLOBAL,S1D2,PWRHYDFJIXX01,HYDFJIXX,2033,0.27090006284
GLOBAL,S1D2,PWRHYDFJIXX01,HYDFJIXX,2034,0.59131378764
GLOBAL,S1D2,PWRHYDFJIXX01,HYDFJIXX,2035,0.26146325354
GLOBAL,S1D2,PWRHYDFJIXX01,HYDFJIXX,2036,0.56418733014
GLOBAL,S1D2,PWRHYDFJIXX01,HYDFJIXX,2037,0.26146325354
GLOBAL,S1D2,PWRHYDFJIXX01,HYDFJIXX,2038,0.26146325354
GLOBAL,S1D2,PWRHYDFJIXX01,HYDFJIXX,2039,0.26146325354
GLOBAL,S1D2,PWRHYDFJIXX01,HYDFJIXX,2040,0.2838502101
GLOBAL,S1D2,PWRHYDFJIXX01,HYDFJIXX,2041,0.26146325354
GLOBAL,S1D2,PWRHYDFJIXX01,HYDFJIXX,2042,0.26146325354
GLOBAL,S1D2,PWRHYDFJIXX01,HYDFJIXX,2043,0.26146325354
GLOBAL,S1D2,PWRHYDFJIXX01,HYDFJIXX,2044,0.26146325354
GLOBAL,S1D2,PWRHYDFJIXX01,HYDFJIXX,2045,0.26146325354
GLOBAL,S1D2,PWRHYDFJIXX01,HYDFJIXX,2046,0.26146325354
GLOBAL,S1D2,PWRHYDFJIXX01,HYDFJIXX,2047,0.26146325354
GLOBAL,S1D2,PWRHYDFJIXX01,HYDFJIXX,2048,0.59131378764
GLOBAL,S1D2,PWRHYDFJIXX01,HYDFJIXX,2049,0.26146325354
GLOBAL,S1D2,PWRHYDFJIXX01,HYDFJIXX,2050,0.26146325354
GLOBAL,S1D2,PWROILFJIXX01,OILINT,2022,0.8225154184094999
GLOBAL,S1D2,PWROILFJIXX01,OILINT,2028,0.011494810090704
GLOBAL,S1D2,PWROILFJIXX01,OILINT,2029,0.3452148069216
GLOBAL,S1D2,PWROILFJIXX01,OILINT,2030,0.54896602685094
GLOBAL,S1D2,PWROILFJIXX01,OILINT,2031,0.934631469408
GLOBAL,S1D2,PWROILFJIXX01,OILINT,2032,0.0989153068344
GLOBAL,S1D2,PWROILFJIXX01,OILINT,2033,1.0568921104839
GLOBAL,S1D2,PWROILFJIXX01,OILINT,2034,0.036600308920356
GLOBAL,S1D2,PWROILFJIXX01,OILINT,2035,1.159532299008
GLOBAL,S1D2,PWROILFJIXX01,OILINT,2036,0.054329417500253996
GLOBAL,S1D2,PWROILFJIXX01,OILINT,2037,0.9538684568532
GLOBAL,S1D2,PWROILFJIXX01,OILINT,2038,1.159532299008
GLOBAL,S1D2,PWROILFJIXX01,OILINT,2039,1.159532299008
GLOBAL,S1D2,PWROILFJIXX01,OILINT,2040,0.59037238377066
GLOBAL,S1D2,PWROILFJIXX01,OILINT,2041,0.44741214916637995
GLOBAL,S1D2,PWROILFJIXX01,OILINT,2042,0.69868766436969
GLOBAL,S1D2,PWROILFJIXX01,OILINT,2043,0.48633848419271997
GLOBAL,S1D2,PWROILFJIXX01,OILINT,2044,0.23668465257695998
GLOBAL,S1D2,PWRPETFJIXX01,PETINT,2031,0.09929782208736002
GLOBAL,S1D2,PWRPETFJIXX01,PETINT,2032,1.4127678383130002
GLOBAL,S1D2,PWRPETFJIXX01,PETINT,2033,1.5746078564928
GLOBAL,S1D2,PWRPETFJIXX01,PETINT,2034,1.6854841424862
GLOBAL,S1D2,PWRPETFJIXX01,PETINT,2035,1.6854841424862
GLOBAL,S1D2,PWRPETFJIXX01,PETINT,2036,1.6854841424862
GLOBAL,S1D2,PWRPETFJIXX01,PETINT,2037,1.6854841424862
GLOBAL,S1D2,PWRPETFJIXX01,PETINT,2038,1.6854841424862
GLOBAL,S1D2,PWRPETFJIXX01,PETINT,2039,1.6854841424862
GLOBAL,S1D2,PWRPETFJIXX01,PETINT,2040,1.6854841424862
GLOBAL,S1D2,PWRPETFJIXX01,PETINT,2041,1.6854841424862
GLOBAL,S1D2,PWRPETFJIXX01,PETINT,2042,1.6854841424862
GLOBAL,S1D2,PWRPETFJIXX01,PETINT,2043,1.6854841424862
GLOBAL,S1D2,PWRPETFJIXX01,PETINT,2044,1.6854841424862
GLOBAL,S1D2,PWRPETFJIXX01,PETINT,2045,1.6854841424862
GLOBAL,S1D2,PWRPETFJIXX01,PETINT,2046,1.7992175215932
GLOBAL,S1D2,PWRPETFJIXX01,PETINT,2047,1.7992175215932
GLOBAL,S1D2,PWRPETFJIXX01,PETINT,2048,2.1618918268506
GLOBAL,S1D2,PWRPETFJIXX01,PETINT,2049,2.4204744561132006
GLOBAL,S1D2,PWRPETFJIXX01,PETINT,2050,2.4204744561132006
GLOBAL,S1D2,PWRSPVFJIXX01,SPVFJIXX,2040,0.067838757188
GLOBAL,S1D2,PWRSPVFJIXX01,SPVFJIXX,2041,0.067838757188
GLOBAL,S1D2,PWRSPVFJIXX01,SPVFJIXX,2042,0.067838757188
GLOBAL,S1D2,PWRSPVFJIXX01,SPVFJIXX,2043,0.067838757188
GLOBAL,S1D2,PWRSPVFJIXX01,SPVFJIXX,2044,0.067838757188
GLOBAL,S1D2,PWRSPVFJIXX01,SPVFJIXX,2045,0.067838757188
GLOBAL,S1D2,PWRSPVFJIXX01,SPVFJIXX,2046,0.067838757188
GLOBAL,S1D2,PWRSPVFJIXX01,SPVFJIXX,2047,0.112745641389
GLOBAL,S1D2,PWRSPVFJIXX01,SPVFJIXX,2048,0.112745641389
GLOBAL,S1D2,PWRSPVFJIXX01,SPVFJIXX,2049,0.112745641389
GLOBAL,S1D2,PWRSPVFJIXX01,SPVFJIXX,2050,0.076330584083
GLOBAL,S1D2,PWRTRNFJIXX,ELCFJIXX01,2021,0.83750000536
GLOBAL,S1D2,PWRTRNFJIXX,ELCFJIXX01,2022,0.8575000071900001
GLOBAL,S1D2,PWRTRNFJIXX,ELCFJIXX01,2023,0.87500001189
GLOBAL,S1D2,PWRTRNFJIXX,ELCFJIXX01,2024,0.89499998893
GLOBAL,S1D2,PWRTRNFJIXX,ELCFJIXX01,2025,0.91249999363
GLOBAL,S1D2,PWRTRNFJIXX,ELCFJIXX01,2026,0.9500000001600001
GLOBAL,S1D2,PWRTRNFJIXX,ELCFJIXX01,2027,0.98750000669
GLOBAL,S1D2,PWRTRNFJIXX,ELCFJIXX01,2028,1.02499998843
GLOBAL,S1D2,PWRTRNFJIXX,ELCFJIXX01,2029,1.06249999496
GLOBAL,S1D2,PWRTRNFJIXX,ELCFJIXX01,2030,1.10000000149
GLOBAL,S1D2,PWRTRNFJIXX,ELCFJIXX01,2031,1.14000000515
GLOBAL,S1D2,PWRTRNFJIXX,ELCFJIXX01,2032,1.18000000881
GLOBAL,S1D2,PWRTRNFJIXX,ELCFJIXX01,2033,1.2225000096
GLOBAL,S1D2,PWRTRNFJIXX,ELCFJIXX01,2034,1.2624999884700001
GLOBAL,S1D2,PWRTRNFJIXX,ELCFJIXX01,2035,1.30249999213
GLOBAL,S1D2,PWRTRNFJIXX,ELCFJIXX01,2036,1.3500000119700002
GLOBAL,S1D2,PWRTRNFJIXX,ELCFJIXX01,2037,1.3975000070199999
GLOBAL,S1D2,PWRTRNFJIXX,ELCFJIXX01,2038,1.44250000494
GLOBAL,S1D2,PWRTRNFJIXX,ELCFJIXX01,2039,1.48999999999
GLOBAL,S1D2,PWRTRNFJIXX,ELCFJIXX01,2040,1.53499999791
GLOBAL,S1D2,PWRTRNFJIXX,ELCFJIXX01,2041,1.5900000091400002
GLOBAL,S1D2,PWRTRNFJIXX,ELCFJIXX01,2042,1.64249999845
GLOBAL,S1D2,PWRTRNFJIXX,ELCFJIXX01,2043,1.6949999877600002
GLOBAL,S1D2,PWRTRNFJIXX,ELCFJIXX01,2044,1.7499999989900001
GLOBAL,S1D2,PWRTRNFJIXX,ELCFJIXX01,2045,1.8024999883000001
GLOBAL,S1D2,PWRTRNFJIXX,ELCFJIXX01,2046,1.86499999092
GLOBAL,S1D2,PWRTRNFJIXX,ELCFJIXX01,2047,1.92999999067
GLOBAL,S1D2,PWRTRNFJIXX,ELCFJIXX01,2048,1.99249999329
GLOBAL,S1D2,PWRTRNFJIXX,ELCFJIXX01,2049,2.0549999959100003
GLOBAL,S1D2,PWRTRNFJIXX,ELCFJIXX01,2050,2.11749999853
GLOBAL,S1D2,PWRWONFJIXX01,WONFJIXX,2023,0.01680821496
GLOBAL,S1D2,PWRWONFJIXX01,WONFJIXX,2024,0.01680821496
GLOBAL,S1D2,PWRWONFJIXX01,WONFJIXX,2025,0.01680821496
GLOBAL,S1D2,PWRWONFJIXX01,WONFJIXX,2026,0.01680821496
GLOBAL,S1D2,PWRWONFJIXX01,WONFJIXX,2027,0.01680821496
GLOBAL,S1D2,PWRWONFJIXX01,WONFJIXX,2028,0.01680821496
GLOBAL,S1D2,PWRWONFJIXX01,WONFJIXX,2029,0.01680821496
GLOBAL,S1D2,PWRWONFJIXX01,WONFJIXX,2030,0.01680821496
GLOBAL,S1D2,PWRWONFJIXX01,WONFJIXX,2031,0.01680821496
GLOBAL,S1D2,PWRWONFJIXX01,WONFJIXX,2032,0.01680821496
GLOBAL,S1D2,PWRWONFJIXX01,WONFJIXX,2033,0.01680821496
GLOBAL,S1D2,PWRWONFJIXX01,WONFJIXX,2034,0.01680821496
GLOBAL,S1D2,PWRWONFJIXX01,WONFJIXX,2035,0.01680821496
GLOBAL,S1D2,PWRWONFJIXX01,WONFJIXX,2036,0.01680821496
GLOBAL,S1D2,PWRWONFJIXX01,WONFJIXX,2037,0.01680821496
GLOBAL,S1D2,PWRWONFJIXX01,WONFJIXX,2038,0.01680821496
GLOBAL,S2D1,LNDAGRFJIC01,LCASHRTOT,2021,0.0184933357503
GLOBAL,S2D1,LNDAGRFJIC01,LCASHRTOT,2022,0.0185739563219
GLOBAL,S2D1,LNDAGRFJIC01,LCASHRTOT,2023,0.0186545511793
GLOBAL,S2D1,LNDAGRFJIC01,LCASHRTOT,2024,0.0187351717509
GLOBAL,S2D1,LNDAGRFJIC01,LCASHRTOT,2025,0.0188157920704
GLOBAL,S2D1,LNDAGRFJIC01,LCASHRTOT,2026,0.018876527750299996
GLOBAL,S2D1,LNDAGRFJIC01,LCASHRTOT,2027,0.0189372631781
GLOBAL,S2D1,LNDAGRFJIC01,LCASHRTOT,2028,0.0189979731438
GLOBAL,S2D1,LNDAGRFJIC01,LCASHRTOT,2029,0.019058708571599997
GLOBAL,S2D1,LNDAGRFJIC01,LCASHRTOT,2030,0.0191194439994
GLOBAL,S2D1,LNDAGRFJIC01,LCASHRTOT,2031,0.019160989070999997
GLOBAL,S2D1,LNDAGRFJIC01,LCASHRTOT,2032,0.019202559856799997
GLOBAL,S2D1,LNDAGRFJIC01,LCASHRTOT,2033,0.0192441049284
GLOBAL,S2D1,LNDAGRFJIC01,LCASHRTOT,2034,0.019285649999999998
GLOBAL,S2D1,LNDAGRFJIC01,LCASHRTOT,2035,0.0193271950716
GLOBAL,S2D1,LNDAGRFJIC01,LCASHRTOT,2036,0.0193457937491
GLOBAL,S2D1,LNDAGRFJIC01,LCASHRTOT,2037,0.019364418392900002
GLOBAL,S2D1,LNDAGRFJIC01,LCASHRTOT,2038,0.0193830170704
GLOBAL,S2D1,LNDAGRFJIC01,LCASHRTOT,2039,0.0139908610107
GLOBAL,S2D1,LNDAGRFJIC01,LCASHRTOT,2040,0.019420240643799998
GLOBAL,S2D1,LNDAGRFJIC01,LCASHRTOT,2041,0.0194173593929
GLOBAL,S2D1,LNDAGRFJIC01,LCASHRTOT,2042,0.019414478141999997
GLOBAL,S2D1,LNDAGRFJIC01,LCASHRTOT,2043,0.019411622857399998
GLOBAL,S2D1,LNDAGRFJIC01,LCASHRTOT,2044,0.0194087416065
GLOBAL,S2D1,LNDAGRFJIC01,LCASHRTOT,2045,0.019405860607700002
GLOBAL,S2D1,LNDAGRFJIC01,LCASHRTOT,2046,0.0193861554633
GLOBAL,S2D1,LNDAGRFJIC01,LCASHRTOT,2047,0.0193664762852
GLOBAL,S2D1,LNDAGRFJIC01,LCASHRTOT,2048,0.019217110060399997
GLOBAL,S2D1,LNDAGRFJIC01,LCASHRTOT,2049,0.0192622994896
GLOBAL,S2D1,LNDAGRFJIC01,LCASHRTOT,2050,0.019307387070399997
GLOBAL,S2D1,LNDAGRFJIC01,LCONHRTOT,2039,0.00025787140093
GLOBAL,S2D1,LNDAGRFJIC01,LFORTOT,2021,0.44052738031
GLOBAL,S2D1,LNDAGRFJIC01,LFORTOT,2022,0.43479835739
GLOBAL,S2D1,LNDAGRFJIC01,LFORTOT,2041,0.36791007615
GLOBAL,S2D1,LNDAGRFJIC01,LOTHHRTOT,2021,0.0171408817711
GLOBAL,S2D1,LNDAGRFJIC01,LOTHHRTOT,2022,0.0172155802616
GLOBAL,S2D1,LNDAGRFJIC01,LOTHHRTOT,2023,0.0172903059789
GLOBAL,S2D1,LNDAGRFJIC01,LOTHHRTOT,2024,0.0173650316962
GLOBAL,S2D1,LNDAGRFJIC01,LOTHHRTOT,2025,0.0174397299346
GLOBAL,S2D1,LNDAGRFJIC01,LOTHHRTOT,2026,0.0174960415116
GLOBAL,S2D1,LNDAGRFJIC01,LOTHHRTOT,2027,0.0175523256097
GLOBAL,S2D1,LNDAGRFJIC01,LOTHHRTOT,2028,0.0176086094557
GLOBAL,S2D1,LNDAGRFJIC01,LOTHHRTOT,2029,0.0176648935538
GLOBAL,S2D1,LNDAGRFJIC01,LOTHHRTOT,2030,0.0177212051308
GLOBAL,S2D1,LNDAGRFJIC01,LOTHHRTOT,2031,0.0177597050865
GLOBAL,S2D1,LNDAGRFJIC01,LOTHHRTOT,2032,0.0177982052943
GLOBAL,S2D1,LNDAGRFJIC01,LOTHHRTOT,2033,0.017836732728899997
GLOBAL,S2D1,LNDAGRFJIC01,LOTHHRTOT,2034,0.0178752326846
GLOBAL,S2D1,LNDAGRFJIC01,LOTHHRTOT,2035,0.017913760119199998
GLOBAL,S2D1,LNDAGRFJIC01,LOTHHRTOT,2036,0.0179309961962
GLOBAL,S2D1,LNDAGRFJIC01,LOTHHRTOT,2037,0.017948232021099998
GLOBAL,S2D1,LNDAGRFJIC01,LOTHHRTOT,2038,0.017965495577
GLOBAL,S2D1,LNDAGRFJIC01,LOTHHRTOT,2039,0.0166763597901
GLOBAL,S2D1,LNDAGRFJIC01,LOTHHRTOT,2040,0.0179999947057
GLOBAL,S2D1,LNDAGRFJIC01,LOTHHRTOT,2041,0.0179973093365
GLOBAL,S2D1,LNDAGRFJIC01,LOTHHRTOT,2042,0.0179946514462
GLOBAL,S2D1,LNDAGRFJIC01,LOTHHRTOT,2043,0.0179919933038
GLOBAL,S2D1,LNDAGRFJIC01,LOTHHRTOT,2044,0.0179893354135
GLOBAL,S2D1,LNDAGRFJIC01,LOTHHRTOT,2045,0.017986650044299998
GLOBAL,S2D1,LNDAGRFJIC01,LOTHHRTOT,2046,0.017968400021100003
GLOBAL,S2D1,LNDAGRFJIC01,LOTHHRTOT,2047,0.01795015025
GLOBAL,S2D1,LNDAGRFJIC01,LOTHHRTOT,2048,0.0178116674343
GLOBAL,S2D1,LNDAGRFJIC01,LOTHHRTOT,2049,0.0178534933453
GLOBAL,S2D1,LNDAGRFJIC01,LOTHHRTOT,2050,0.0178954006846
GLOBAL,S2D1,LNDAGRFJIC01,LSGCHRTOT,2021,0.39556781588999995
GLOBAL,S2D1,LNDAGRFJIC01,LSGCHRTOT,2022,0.39729127233
GLOBAL,S2D1,LNDAGRFJIC01,LSGCHRTOT,2023,0.39901699767
GLOBAL,S2D1,LNDAGRFJIC01,LSGCHRTOT,2024,0.40074045411000003
GLOBAL,S2D1,LNDAGRFJIC01,LSGCHRTOT,2025,0.40246391054999997
GLOBAL,S2D1,LNDAGRFJIC01,LSGCHRTOT,2026,0.40376335999999996
GLOBAL,S2D1,LNDAGRFJIC01,LSGCHRTOT,2027,0.40506280945
GLOBAL,S2D1,LNDAGRFJIC01,LSGCHRTOT,2028,0.40636228411
GLOBAL,S2D1,LNDAGRFJIC01,LSGCHRTOT,2029,0.40766173356
GLOBAL,S2D1,LNDAGRFJIC01,LSGCHRTOT,2030,0.40896120822
GLOBAL,S2D1,LNDAGRFJIC01,LSGCHRTOT,2031,0.40984814644
GLOBAL,S2D1,LNDAGRFJIC01,LSGCHRTOT,2032,0.41073735356
GLOBAL,S2D1,LNDAGRFJIC01,LSGCHRTOT,2033,0.41162658589
GLOBAL,S2D1,LNDAGRFJIC01,LSGCHRTOT,2034,0.41251581822
GLOBAL,S2D1,LNDAGRFJIC01,LSGCHRTOT,2035,0.41340275644
GLOBAL,S2D1,LNDAGRFJIC01,LSGCHRTOT,2036,0.41380152822
GLOBAL,S2D1,LNDAGRFJIC01,LSGCHRTOT,2037,0.41420029999999997
GLOBAL,S2D1,LNDAGRFJIC01,LSGCHRTOT,2038,0.41459907178
GLOBAL,S2D1,LNDAGRFJIC01,LSGCHRTOT,2039,0.41711777766999997
GLOBAL,S2D1,LNDAGRFJIC01,LSGCHRTOT,2040,0.41539434644
GLOBAL,S2D1,LNDAGRFJIC01,LSGCHRTOT,2041,0.41533245589
GLOBAL,S2D1,LNDAGRFJIC01,LSGCHRTOT,2042,0.41527059055
GLOBAL,S2D1,LNDAGRFJIC01,LSGCHRTOT,2043,0.4152087
GLOBAL,S2D1,LNDAGRFJIC01,LSGCHRTOT,2044,0.41514910356
GLOBAL,S2D1,LNDAGRFJIC01,LSGCHRTOT,2045,0.41508723822
GLOBAL,S2D1,LNDAGRFJIC01,LSGCHRTOT,2046,0.41466555055
GLOBAL,S2D1,LNDAGRFJIC01,LSGCHRTOT,2047,0.41424383767
GLOBAL,S2D1,LNDAGRFJIC01,LSGCHRTOT,2048,0.41475721411
GLOBAL,S2D1,LNDAGRFJIC01,LSGCHRTOT,2049,0.41386798177999995
GLOBAL,S2D1,LNDAGRFJIC01,LSGCHRTOT,2050,0.41298104356
GLOBAL,S2D1,LNDAGRFJIC01,WTRPRCFJI,2021,2.3536694170477803
GLOBAL,S2D1,LNDAGRFJIC01,WTRPRCFJI,2022,2.34327374901945
GLOBAL,S2D1,LNDAGRFJIC01,WTRPRCFJI,2023,1.1743970080361399
GLOBAL,S2D1,LNDAGRFJIC01,WTRPRCFJI,2024,1.1794697754041703
GLOBAL,S2D1,LNDAGRFJIC01,WTRPRCFJI,2025,1.1845424678985
GLOBAL,S2D1,LNDAGRFJIC01,WTRPRCFJI,2026,1.1883670090071299
GLOBAL,S2D1,LNDAGRFJIC01,WTRPRCFJI,2027,1.19219147524206
GLOBAL,S2D1,LNDAGRFJIC01,WTRPRCFJI,2028,1.19601594011565
GLOBAL,S2D1,LNDAGRFJIC01,WTRPRCFJI,2029,1.1998404063505803
GLOBAL,S2D1,LNDAGRFJIC01,WTRPRCFJI,2030,1.2036650148455401
GLOBAL,S2D1,LNDAGRFJIC01,WTRPRCFJI,2031,1.2062758696132503
GLOBAL,S2D1,LNDAGRFJIC01,WTRPRCFJI,2032,1.20889292051997
GLOBAL,S2D1,LNDAGRFJIC01,WTRPRCFJI,2033,1.2115100435777102
GLOBAL,S2D1,LNDAGRFJIC01,WTRPRCFJI,2034,1.2141270924424201
GLOBAL,S2D1,LNDAGRFJIC01,WTRPRCFJI,2035,1.2167380214031602
GLOBAL,S2D1,LNDAGRFJIC01,WTRPRCFJI,2036,1.2179114590463103
GLOBAL,S2D1,LNDAGRFJIC01,WTRPRCFJI,2037,1.2190849661178
GLOBAL,S2D1,LNDAGRFJIC01,WTRPRCFJI,2038,1.22025847795398
GLOBAL,S2D1,LNDAGRFJIC01,WTRPRCFJI,2039,1.2097157486536712
GLOBAL,S2D1,LNDAGRFJIC01,WTRPRCFJI,2040,1.22259937083165
GLOBAL,S2D1,LNDAGRFJIC01,WTRPRCFJI,2041,2.21577444207738
GLOBAL,S2D1,LNDAGRFJIC01,WTRPRCFJI,2042,1.2222352443731397
GLOBAL,S2D1,LNDAGRFJIC01,WTRPRCFJI,2043,1.2220532536352402
GLOBAL,S2D1,LNDAGRFJIC01,WTRPRCFJI,2044,1.2218773875660003
GLOBAL,S2D1,LNDAGRFJIC01,WTRPRCFJI,2045,1.2216953219544
GLOBAL,S2D1,LNDAGRFJIC01,WTRPRCFJI,2046,1.22045428629288
GLOBAL,S2D1,LNDAGRFJIC01,WTRPRCFJI,2047,1.21921325335404
GLOBAL,S2D1,LNDAGRFJIC01,WTRPRCFJI,2048,1.21982217733269
GLOBAL,S2D1,LNDAGRFJIC01,WTRPRCFJI,2049,1.2176561914602302
GLOBAL,S2D1,LNDAGRFJIC01,WTRPRCFJI,2050,1.2154963445505003
GLOBAL,S2D1,LNDAGRFJIC02,LCASHRTOT,2039,0.0055099999525999995
GLOBAL,S2D1,LNDAGRFJIC02,LFORTOT,2022,8.7101999575
GLOBAL,S2D1,LNDAGRFJIC02,LFORTOT,2023,8.7101999575
GLOBAL,S2D1,LNDAGRFJIC02,LFORTOT,2024,8.7101999575
GLOBAL,S2D1,LNDAGRFJIC02,LFORTOT,2025,8.7101999575
GLOBAL,S2D1,LNDAGRFJIC02,LFORTOT,2026,8.7101999575
GLOBAL,S2D1,LNDAGRFJIC02,LFORTOT,2027,8.7101999575
GLOBAL,S2D1,LNDAGRFJIC02,LFORTOT,2028,8.708484417000001
GLOBAL,S2D1,LNDAGRFJIC02,LFORTOT,2029,8.7028656122
GLOBAL,S2D1,LNDAGRFJIC02,LFORTOT,2030,8.697246807400001
GLOBAL,S2D1,LNDAGRFJIC02,LFORTOT,2031,8.6934111059
GLOBAL,S2D1,LNDAGRFJIC02,LFORTOT,2032,8.6895660767
GLOBAL,S2D1,LNDAGRFJIC02,LFORTOT,2033,8.6857212996
GLOBAL,S2D1,LNDAGRFJIC02,LFORTOT,2035,8.6780405689
GLOBAL,S2D1,LNDAGRFJIC02,LFORTOT,2037,8.6745925972
GLOBAL,S2D1,LNDAGRFJIC02,LFORTOT,2038,8.6728684853
GLOBAL,S2D1,LNDAGRFJIC02,LFORTOT,2039,8.6715356326
GLOBAL,S2D1,LNDAGRFJIC02,LFORTOT,2041,8.7101999575
GLOBAL,S2D1,LNDAGRFJIC02,LFORTOT,2042,8.6699645454
GLOBAL,S2D1,LNDAGRFJIC02,LFORTOT,2043,8.670231771400001
GLOBAL,S2D1,LNDAGRFJIC02,LFORTOT,2044,8.6704901739
GLOBAL,S2D1,LNDAGRFJIC02,LFORTOT,2045,8.670757652
GLOBAL,S2D1,LNDAGRFJIC02,LFORTOT,2046,8.6725810913
GLOBAL,S2D1,LNDAGRFJIC02,LFORTOT,2047,8.6744042785
GLOBAL,S2D1,LNDAGRFJIC02,LFORTOT,2048,8.676227465699998
GLOBAL,S2D1,LNDAGRFJIC02,LFORTOT,2049,8.6780506529
GLOBAL,S2D1,LNDAGRFJIC02,LFORTOT,2050,8.7101999575
GLOBAL,S2D1,LNDAGRFJIC02,WTRPRCFJI,2022,21.775499893750002
GLOBAL,S2D1,LNDAGRFJIC02,WTRPRCFJI,2023,21.775499893750002
GLOBAL,S2D1,LNDAGRFJIC02,WTRPRCFJI,2024,21.775499893750002
GLOBAL,S2D1,LNDAGRFJIC02,WTRPRCFJI,2025,21.775499893750002
GLOBAL,S2D1,LNDAGRFJIC02,WTRPRCFJI,2026,21.775499893750002
GLOBAL,S2D1,LNDAGRFJIC02,WTRPRCFJI,2027,21.775499893750002
GLOBAL,S2D1,LNDAGRFJIC02,WTRPRCFJI,2028,21.7712110425
GLOBAL,S2D1,LNDAGRFJIC02,WTRPRCFJI,2029,21.757164030499997
GLOBAL,S2D1,LNDAGRFJIC02,WTRPRCFJI,2030,21.743117018499998
GLOBAL,S2D1,LNDAGRFJIC02,WTRPRCFJI,2031,21.733527764749997
GLOBAL,S2D1,LNDAGRFJIC02,WTRPRCFJI,2032,21.72391519175
GLOBAL,S2D1,LNDAGRFJIC02,WTRPRCFJI,2033,21.714303249
GLOBAL,S2D1,LNDAGRFJIC02,WTRPRCFJI,2035,21.69510142225
GLOBAL,S2D1,LNDAGRFJIC02,WTRPRCFJI,2037,21.686481493
GLOBAL,S2D1,LNDAGRFJIC02,WTRPRCFJI,2038,21.682171213249998
GLOBAL,S2D1,LNDAGRFJIC02,WTRPRCFJI,2039,21.692614081381496
GLOBAL,S2D1,LNDAGRFJIC02,WTRPRCFJI,2041,21.775499893750002
GLOBAL,S2D1,LNDAGRFJIC02,WTRPRCFJI,2042,21.674911363499998
GLOBAL,S2D1,LNDAGRFJIC02,WTRPRCFJI,2043,21.6755794285
GLOBAL,S2D1,LNDAGRFJIC02,WTRPRCFJI,2044,21.67622543475
GLOBAL,S2D1,LNDAGRFJIC02,WTRPRCFJI,2045,21.676894129999997
GLOBAL,S2D1,LNDAGRFJIC02,WTRPRCFJI,2046,21.68145272825
GLOBAL,S2D1,LNDAGRFJIC02,WTRPRCFJI,2047,21.68601069625
GLOBAL,S2D1,LNDAGRFJIC02,WTRPRCFJI,2048,21.690568664249998
GLOBAL,S2D1,LNDAGRFJIC02,WTRPRCFJI,2049,21.69512663225
GLOBAL,S2D1,LNDAGRFJIC02,WTRPRCFJI,2050,21.775499893750002
GLOBAL,S2D1,LNDAGRFJIC03,LFORTOT,2022,6.1403999521
GLOBAL,S2D1,LNDAGRFJIC03,LFORTOT,2023,6.1403999521
GLOBAL,S2D1,LNDAGRFJIC03,LFORTOT,2024,6.1403999521
GLOBAL,S2D1,LNDAGRFJIC03,LFORTOT,2025,6.1403999521
GLOBAL,S2D1,LNDAGRFJIC03,LFORTOT,2026,6.1403999521
GLOBAL,S2D1,LNDAGRFJIC03,LFORTOT,2027,6.1403999521
GLOBAL,S2D1,LNDAGRFJIC03,LFORTOT,2028,6.1403999521
GLOBAL,S2D1,LNDAGRFJIC03,LFORTOT,2029,6.1403999521
GLOBAL,S2D1,LNDAGRFJIC03,LFORTOT,2030,6.1403999521
GLOBAL,S2D1,LNDAGRFJIC03,LFORTOT,2031,6.1403999521
GLOBAL,S2D1,LNDAGRFJIC03,LFORTOT,2032,6.1403999521
GLOBAL,S2D1,LNDAGRFJIC03,LFORTOT,2033,6.1403999521
GLOBAL,S2D1,LNDAGRFJIC03,LFORTOT,2035,6.1403999521
GLOBAL,S2D1,LNDAGRFJIC03,LFORTOT,2037,6.1403999521
GLOBAL,S2D1,LNDAGRFJIC03,LFORTOT,2038,6.1403999521
GLOBAL,S2D1,LNDAGRFJIC03,LFORTOT,2039,6.1374801299
GLOBAL,S2D1,LNDAGRFJIC03,LFORTOT,2041,6.1403999521
GLOBAL,S2D1,LNDAGRFJIC03,LFORTOT,2042,6.1403999521
GLOBAL,S2D1,LNDAGRFJIC03,LFORTOT,2043,6.1403999521
GLOBAL,S2D1,LNDAGRFJIC03,LFORTOT,2044,6.1403999521
GLOBAL,S2D1,LNDAGRFJIC03,LFORTOT,2045,6.1403999521
GLOBAL,S2D1,LNDAGRFJIC03,LFORTOT,2046,6.1403999521
GLOBAL,S2D1,LNDAGRFJIC03,LFORTOT,2047,6.1403999521
GLOBAL,S2D1,LNDAGRFJIC03,LFORTOT,2048,6.1403999521
GLOBAL,S2D1,LNDAGRFJIC03,LFORTOT,2049,6.1403999521
GLOBAL,S2D1,LNDAGRFJIC03,LFORTOT,2050,6.1100647591
GLOBAL,S2D1,LNDAGRFJIC03,LOTHHRTOT,2039,0.00139833333047
GLOBAL,S2D1,LNDAGRFJIC03,LYAMHRTOT,2039,0.00152157894486
GLOBAL,S2D1,LNDAGRFJIC03,WTRPRCFJI,2022,16.57907987067
GLOBAL,S2D1,LNDAGRFJIC03,WTRPRCFJI,2023,16.57907987067
GLOBAL,S2D1,LNDAGRFJIC03,WTRPRCFJI,2024,16.57907987067
GLOBAL,S2D1,LNDAGRFJIC03,WTRPRCFJI,2025,16.57907987067
GLOBAL,S2D1,LNDAGRFJIC03,WTRPRCFJI,2026,16.57907987067
GLOBAL,S2D1,LNDAGRFJIC03,WTRPRCFJI,2027,16.57907987067
GLOBAL,S2D1,LNDAGRFJIC03,WTRPRCFJI,2028,16.57907987067
GLOBAL,S2D1,LNDAGRFJIC03,WTRPRCFJI,2029,16.57907987067
GLOBAL,S2D1,LNDAGRFJIC03,WTRPRCFJI,2030,16.57907987067
GLOBAL,S2D1,LNDAGRFJIC03,WTRPRCFJI,2031,16.57907987067
GLOBAL,S2D1,LNDAGRFJIC03,WTRPRCFJI,2032,16.57907987067
GLOBAL,S2D1,LNDAGRFJIC03,WTRPRCFJI,2033,16.57907987067
GLOBAL,S2D1,LNDAGRFJIC03,WTRPRCFJI,2035,16.57907987067
GLOBAL,S2D1,LNDAGRFJIC03,WTRPRCFJI,2037,16.57907987067
GLOBAL,S2D1,LNDAGRFJIC03,WTRPRCFJI,2038,16.57907987067
GLOBAL,S2D1,LNDAGRFJIC03,WTRPRCFJI,2039,16.579080113873392
GLOBAL,S2D1,LNDAGRFJIC03,WTRPRCFJI,2041,16.57907987067
GLOBAL,S2D1,LNDAGRFJIC03,WTRPRCFJI,2042,16.57907987067
GLOBAL,S2D1,LNDAGRFJIC03,WTRPRCFJI,2043,16.57907987067
GLOBAL,S2D1,LNDAGRFJIC03,WTRPRCFJI,2044,16.57907987067
GLOBAL,S2D1,LNDAGRFJIC03,WTRPRCFJI,2045,16.57907987067
GLOBAL,S2D1,LNDAGRFJIC03,WTRPRCFJI,2046,16.57907987067
GLOBAL,S2D1,LNDAGRFJIC03,WTRPRCFJI,2047,16.57907987067
GLOBAL,S2D1,LNDAGRFJIC03,WTRPRCFJI,2048,16.57907987067
GLOBAL,S2D1,LNDAGRFJIC03,WTRPRCFJI,2049,16.57907987067
GLOBAL,S2D1,LNDAGRFJIC03,WTRPRCFJI,2050,16.49717484957
GLOBAL,S2D1,LNDAGRFJIC04,LCONHRTOT,2021,0.0111538816438
GLOBAL,S2D1,LNDAGRFJIC04,LCONHRTOT,2022,0.011202500893499999
GLOBAL,S2D1,LNDAGRFJIC04,LCONHRTOT,2023,0.0112511201432
GLOBAL,S2D1,LNDAGRFJIC04,LCONHRTOT,2024,0.0112997393929
GLOBAL,S2D1,LNDAGRFJIC04,LCONHRTOT,2025,0.011348358642599999
GLOBAL,S2D1,LNDAGRFJIC04,LCONHRTOT,2026,0.0113849902852
GLOBAL,S2D1,LNDAGRFJIC04,LCONHRTOT,2027,0.0114216219278
GLOBAL,S2D1,LNDAGRFJIC04,LCONHRTOT,2028,0.0114582535704
GLOBAL,S2D1,LNDAGRFJIC04,LCONHRTOT,2029,0.0114948854651
GLOBAL,S2D1,LNDAGRFJIC04,LCONHRTOT,2030,0.0115315171077
GLOBAL,S2D1,LNDAGRFJIC04,LCONHRTOT,2031,0.0115565725704
GLOBAL,S2D1,LNDAGRFJIC04,LCONHRTOT,2032,0.011581628285199999
GLOBAL,S2D1,LNDAGRFJIC04,LCONHRTOT,2033,0.011606683999999999
GLOBAL,S2D1,LNDAGRFJIC04,LCONHRTOT,2034,0.0116317397148
GLOBAL,S2D1,LNDAGRFJIC04,LCONHRTOT,2035,0.0116567954296
GLOBAL,S2D1,LNDAGRFJIC04,LCONHRTOT,2036,0.011668011106499999
GLOBAL,S2D1,LNDAGRFJIC04,LCONHRTOT,2037,0.0116792784639
GLOBAL,S2D1,LNDAGRFJIC04,LCONHRTOT,2038,0.0116904943929
GLOBAL,S2D1,LNDAGRFJIC04,LCONHRTOT,2039,0.0115036739232
GLOBAL,S2D1,LNDAGRFJIC04,LCONHRTOT,2040,0.011712926250899999
GLOBAL,S2D1,LNDAGRFJIC04,LCONHRTOT,2041,0.011711176929
GLOBAL,S2D1,LNDAGRFJIC04,LCONHRTOT,2042,0.011709479035499999
GLOBAL,S2D1,LNDAGRFJIC04,LCONHRTOT,2043,0.0117077297136
GLOBAL,S2D1,LNDAGRFJIC04,LCONHRTOT,2044,0.011705980643799999
GLOBAL,S2D1,LNDAGRFJIC04,LCONHRTOT,2045,0.0117042313219
GLOBAL,S2D1,LNDAGRFJIC04,LCONHRTOT,2046,0.011692398
GLOBAL,S2D1,LNDAGRFJIC04,LCONHRTOT,2047,0.011680513249699999
GLOBAL,S2D1,LNDAGRFJIC04,LCONHRTOT,2048,0.0115904807767
GLOBAL,S2D1,LNDAGRFJIC04,LCONHRTOT,2049,0.0116176700138
GLOBAL,S2D1,LNDAGRFJIC04,LCONHRTOT,2050,0.0116448592509
GLOBAL,S2D1,LNDAGRFJIC04,LFORTOT,2021,1.16786446845
GLOBAL,S2D1,LNDAGRFJIC04,LFORTOT,2022,1.1656900303199997
GLOBAL,S2D1,LNDAGRFJIC04,LFORTOT,2023,1.56253019491
GLOBAL,S2D1,LNDAGRFJIC04,LFORTOT,2024,1.56207918801
GLOBAL,S2D1,LNDAGRFJIC04,LFORTOT,2025,1.56162820632
GLOBAL,S2D1,LNDAGRFJIC04,LFORTOT,2026,1.56128840073
GLOBAL,S2D1,LNDAGRFJIC04,LFORTOT,2027,1.56094859514
GLOBAL,S2D1,LNDAGRFJIC04,LFORTOT,2028,1.56060876434
GLOBAL,S2D1,LNDAGRFJIC04,LFORTOT,2029,1.5602690847999998
GLOBAL,S2D1,LNDAGRFJIC04,LFORTOT,2030,1.5599292539999998
GLOBAL,S2D1,LNDAGRFJIC04,LFORTOT,2031,1.55969679259
GLOBAL,S2D1,LNDAGRFJIC04,LFORTOT,2032,1.5594643311799998
GLOBAL,S2D1,LNDAGRFJIC04,LFORTOT,2033,1.5592318697699998
GLOBAL,S2D1,LNDAGRFJIC04,LFORTOT,2035,1.55876704779
GLOBAL,S2D1,LNDAGRFJIC04,LFORTOT,2037,1.55855863672
GLOBAL,S2D1,LNDAGRFJIC04,LFORTOT,2038,1.55845459505
GLOBAL,S2D1,LNDAGRFJIC04,LFORTOT,2039,1.5595748266099998
GLOBAL,S2D1,LNDAGRFJIC04,LFORTOT,2041,1.14984955371
GLOBAL,S2D1,LNDAGRFJIC04,LFORTOT,2042,1.5582785032
GLOBAL,S2D1,LNDAGRFJIC04,LFORTOT,2043,1.55829456197
GLOBAL,S2D1,LNDAGRFJIC04,LFORTOT,2044,1.55831074679
GLOBAL,S2D1,LNDAGRFJIC04,LFORTOT,2045,1.5583269064
GLOBAL,S2D1,LNDAGRFJIC04,LFORTOT,2046,1.5584369228400001
GLOBAL,S2D1,LNDAGRFJIC04,LFORTOT,2047,1.5585471409599998
GLOBAL,S2D1,LNDAGRFJIC04,LFORTOT,2048,1.55865735908
GLOBAL,S2D1,LNDAGRFJIC04,LFORTOT,2049,1.5587675771999998
GLOBAL,S2D1,LNDAGRFJIC04,LFORTOT,2050,1.55887779532
GLOBAL,S2D1,LNDAGRFJIC04,LYAMHRTOT,2021,0.014930331576599998
GLOBAL,S2D1,LNDAGRFJIC04,LYAMHRTOT,2022,0.0149954066538
GLOBAL,S2D1,LNDAGRFJIC04,LYAMHRTOT,2023,0.015060509461999999
GLOBAL,S2D1,LNDAGRFJIC04,LYAMHRTOT,2024,0.015125584539199998
GLOBAL,S2D1,LNDAGRFJIC04,LYAMHRTOT,2025,0.0151906596164
GLOBAL,S2D1,LNDAGRFJIC04,LYAMHRTOT,2026,0.015239694326899998
GLOBAL,S2D1,LNDAGRFJIC04,LYAMHRTOT,2027,0.0152887292895
GLOBAL,S2D1,LNDAGRFJIC04,LYAMHRTOT,2028,0.015337763999999999
GLOBAL,S2D1,LNDAGRFJIC04,LYAMHRTOT,2029,0.015386771231599998
GLOBAL,S2D1,LNDAGRFJIC04,LYAMHRTOT,2030,0.0154358059421
GLOBAL,S2D1,LNDAGRFJIC04,LYAMHRTOT,2031,0.0154693546538
GLOBAL,S2D1,LNDAGRFJIC04,LYAMHRTOT,2032,0.0155029033655
GLOBAL,S2D1,LNDAGRFJIC04,LYAMHRTOT,2033,0.0155364520772
GLOBAL,S2D1,LNDAGRFJIC04,LYAMHRTOT,2034,0.0155700007889
GLOBAL,S2D1,LNDAGRFJIC04,LYAMHRTOT,2035,0.0156035217696
GLOBAL,S2D1,LNDAGRFJIC04,LYAMHRTOT,2036,0.0156185645766
GLOBAL,S2D1,LNDAGRFJIC04,LYAMHRTOT,2037,0.0156335799047
GLOBAL,S2D1,LNDAGRFJIC04,LYAMHRTOT,2038,0.0156485949807
GLOBAL,S2D1,LNDAGRFJIC04,LYAMHRTOT,2039,0.014222149147299998
GLOBAL,S2D1,LNDAGRFJIC04,LYAMHRTOT,2040,0.0156786531158
GLOBAL,S2D1,LNDAGRFJIC04,LYAMHRTOT,2041,0.0156763259807
GLOBAL,S2D1,LNDAGRFJIC04,LYAMHRTOT,2042,0.0156739988456
GLOBAL,S2D1,LNDAGRFJIC04,LYAMHRTOT,2043,0.0156716994415
GLOBAL,S2D1,LNDAGRFJIC04,LYAMHRTOT,2044,0.0156693725585
GLOBAL,S2D1,LNDAGRFJIC04,LYAMHRTOT,2045,0.0156670454234
GLOBAL,S2D1,LNDAGRFJIC04,LYAMHRTOT,2046,0.0156511437117
GLOBAL,S2D1,LNDAGRFJIC04,LYAMHRTOT,2047,0.015635242
GLOBAL,S2D1,LNDAGRFJIC04,LYAMHRTOT,2048,0.0155147165194
GLOBAL,S2D1,LNDAGRFJIC04,LYAMHRTOT,2049,0.0155511679105
GLOBAL,S2D1,LNDAGRFJIC04,LYAMHRTOT,2050,0.0155875368649
GLOBAL,S2D1,LNDAGRFJIC04,WTRPRCFJI,2021,2.50729223150784
GLOBAL,S2D1,LNDAGRFJIC04,WTRPRCFJI,2022,2.5029646695213295
GLOBAL,S2D1,LNDAGRFJIC04,WTRPRCFJI,2023,3.3365678314819203
GLOBAL,S2D1,LNDAGRFJIC04,WTRPRCFJI,2024,3.33585947507841
GLOBAL,S2D1,LNDAGRFJIC04,WTRPRCFJI,2025,3.3351511716159004
GLOBAL,S2D1,LNDAGRFJIC04,WTRPRCFJI,2026,3.33461747921841
GLOBAL,S2D1,LNDAGRFJIC04,WTRPRCFJI,2027,3.3340837873503304
GLOBAL,S2D1,LNDAGRFJIC04,WTRPRCFJI,2028,3.33355004201184
GLOBAL,S2D1,LNDAGRFJIC04,WTRPRCFJI,2029,3.33301655714307
GLOBAL,S2D1,LNDAGRFJIC04,WTRPRCFJI,2030,3.3324828118045797
GLOBAL,S2D1,LNDAGRFJIC04,WTRPRCFJI,2031,3.33211771160982
GLOBAL,S2D1,LNDAGRFJIC04,WTRPRCFJI,2032,3.33175261194447
GLOBAL,S2D1,LNDAGRFJIC04,WTRPRCFJI,2033,3.33138751227912
GLOBAL,S2D1,LNDAGRFJIC04,WTRPRCFJI,2034,0.05712365505777
GLOBAL,S2D1,LNDAGRFJIC04,WTRPRCFJI,2035,3.33065746647732
GLOBAL,S2D1,LNDAGRFJIC04,WTRPRCFJI,2036,0.05730180893450999
GLOBAL,S2D1,LNDAGRFJIC04,WTRPRCFJI,2037,3.33033013968606
GLOBAL,S2D1,LNDAGRFJIC04,WTRPRCFJI,2038,3.3301667372895594
GLOBAL,S2D1,LNDAGRFJIC04,WTRPRCFJI,2039,3.32913136432905
GLOBAL,S2D1,LNDAGRFJIC04,WTRPRCFJI,2040,0.057522316670069996
GLOBAL,S2D1,LNDAGRFJIC04,WTRPRCFJI,2041,2.47219781890137
GLOBAL,S2D1,LNDAGRFJIC04,WTRPRCFJI,2042,3.32989016027031
GLOBAL,S2D1,LNDAGRFJIC04,WTRPRCFJI,2043,3.3299153813627105
GLOBAL,S2D1,LNDAGRFJIC04,WTRPRCFJI,2044,3.32994080998383
GLOBAL,S2D1,LNDAGRFJIC04,WTRPRCFJI,2045,3.3299661846051305
GLOBAL,S2D1,LNDAGRFJIC04,WTRPRCFJI,2046,3.33013897555857
GLOBAL,S2D1,LNDAGRFJIC04,WTRPRCFJI,2047,3.33031208204037
GLOBAL,S2D1,LNDAGRFJIC04,WTRPRCFJI,2048,3.33010136838981
GLOBAL,S2D1,LNDAGRFJIC04,WTRPRCFJI,2049,3.3304664717610297
GLOBAL,S2D1,LNDAGRFJIC04,WTRPRCFJI,2050,3.33083140201518
GLOBAL,S2D1,LNDCASHRTOT,LTOT,2021,0.0184933357503
GLOBAL,S2D1,LNDCASHRTOT,LTOT,2022,0.0185739563219
GLOBAL,S2D1,LNDCASHRTOT,LTOT,2023,0.0186545511793
GLOBAL,S2D1,LNDCASHRTOT,LTOT,2024,0.0187351717509
GLOBAL,S2D1,LNDCASHRTOT,LTOT,2025,0.0188157920704
GLOBAL,S2D1,LNDCASHRTOT,LTOT,2026,0.018876527750299996
GLOBAL,S2D1,LNDCASHRTOT,LTOT,2027,0.0189372631781
GLOBAL,S2D1,LNDCASHRTOT,LTOT,2028,0.0189979731438
GLOBAL,S2D1,LNDCASHRTOT,LTOT,2029,0.019058708571599997
GLOBAL,S2D1,LNDCASHRTOT,LTOT,2030,0.0191194439994
GLOBAL,S2D1,LNDCASHRTOT,LTOT,2031,0.019160989070999997
GLOBAL,S2D1,LNDCASHRTOT,LTOT,2032,0.019202559856799997
GLOBAL,S2D1,LNDCASHRTOT,LTOT,2033,0.0192441049284
GLOBAL,S2D1,LNDCASHRTOT,LTOT,2034,0.019285649999999998
GLOBAL,S2D1,LNDCASHRTOT,LTOT,2035,0.0193271950716
GLOBAL,S2D1,LNDCASHRTOT,LTOT,2036,0.0193457937491
GLOBAL,S2D1,LNDCASHRTOT,LTOT,2037,0.019364418392900002
GLOBAL,S2D1,LNDCASHRTOT,LTOT,2038,0.0193830170704
GLOBAL,S2D1,LNDCASHRTOT,LTOT,2039,0.019500860963299997
GLOBAL,S2D1,LNDCASHRTOT,LTOT,2040,0.019420240643799998
GLOBAL,S2D1,LNDCASHRTOT,LTOT,2041,0.0194173593929
GLOBAL,S2D1,LNDCASHRTOT,LTOT,2042,0.019414478141999997
GLOBAL,S2D1,LNDCASHRTOT,LTOT,2043,0.019411622857399998
GLOBAL,S2D1,LNDCASHRTOT,LTOT,2044,0.0194087416065
GLOBAL,S2D1,LNDCASHRTOT,LTOT,2045,0.019405860607700002
GLOBAL,S2D1,LNDCASHRTOT,LTOT,2046,0.0193861554633
GLOBAL,S2D1,LNDCASHRTOT,LTOT,2047,0.0193664762852
GLOBAL,S2D1,LNDCASHRTOT,LTOT,2048,0.019217110060399997
GLOBAL,S2D1,LNDCASHRTOT,LTOT,2049,0.0192622994896
GLOBAL,S2D1,LNDCASHRTOT,LTOT,2050,0.019307387070399997
GLOBAL,S2D1,LNDCONHRTOT,LTOT,2021,0.0111538816438
GLOBAL,S2D1,LNDCONHRTOT,LTOT,2022,0.011202500893499999
GLOBAL,S2D1,LNDCONHRTOT,LTOT,2023,0.0112511201432
GLOBAL,S2D1,LNDCONHRTOT,LTOT,2024,0.0112997393929
GLOBAL,S2D1,LNDCONHRTOT,LTOT,2025,0.011348358642599999
GLOBAL,S2D1,LNDCONHRTOT,LTOT,2026,0.0113849902852
GLOBAL,S2D1,LNDCONHRTOT,LTOT,2027,0.0114216219278
GLOBAL,S2D1,LNDCONHRTOT,LTOT,2028,0.0114582535704
GLOBAL,S2D1,LNDCONHRTOT,LTOT,2029,0.0114948854651
GLOBAL,S2D1,LNDCONHRTOT,LTOT,2030,0.0115315171077
GLOBAL,S2D1,LNDCONHRTOT,LTOT,2031,0.0115565725704
GLOBAL,S2D1,LNDCONHRTOT,LTOT,2032,0.011581628285199999
GLOBAL,S2D1,LNDCONHRTOT,LTOT,2033,0.011606683999999999
GLOBAL,S2D1,LNDCONHRTOT,LTOT,2034,0.0116317397148
GLOBAL,S2D1,LNDCONHRTOT,LTOT,2035,0.0116567954296
GLOBAL,S2D1,LNDCONHRTOT,LTOT,2036,0.011668011106499999
GLOBAL,S2D1,LNDCONHRTOT,LTOT,2037,0.0116792784639
GLOBAL,S2D1,LNDCONHRTOT,LTOT,2038,0.0116904943929
GLOBAL,S2D1,LNDCONHRTOT,LTOT,2039,0.0117615455006
GLOBAL,S2D1,LNDCONHRTOT,LTOT,2040,0.011712926250899999
GLOBAL,S2D1,LNDCONHRTOT,LTOT,2041,0.011711176929
GLOBAL,S2D1,LNDCONHRTOT,LTOT,2042,0.011709479035499999
GLOBAL,S2D1,LNDCONHRTOT,LTOT,2043,0.0117077297136
GLOBAL,S2D1,LNDCONHRTOT,LTOT,2044,0.011705980643799999
GLOBAL,S2D1,LNDCONHRTOT,LTOT,2045,0.0117042313219
GLOBAL,S2D1,LNDCONHRTOT,LTOT,2046,0.011692398
GLOBAL,S2D1,LNDCONHRTOT,LTOT,2047,0.011680513249699999
GLOBAL,S2D1,LNDCONHRTOT,LTOT,2048,0.0115904807767
GLOBAL,S2D1,LNDCONHRTOT,LTOT,2049,0.0116176700138
GLOBAL,S2D1,LNDCONHRTOT,LTOT,2050,0.0116448592509
GLOBAL,S2D1,LNDFORTOT,LTOT,2021,1.6083918235499999
GLOBAL,S2D1,LNDFORTOT,LTOT,2022,16.4510882721
GLOBAL,S2D1,LNDFORTOT,LTOT,2023,16.4131300793
GLOBAL,S2D1,LNDFORTOT,LTOT,2024,16.4126793245
GLOBAL,S2D1,LNDFORTOT,LTOT,2025,16.4122283176
GLOBAL,S2D1,LNDFORTOT,LTOT,2026,16.4118884868
GLOBAL,S2D1,LNDFORTOT,LTOT,2027,16.411548656
GLOBAL,S2D1,LNDFORTOT,LTOT,2028,16.4094930326
GLOBAL,S2D1,LNDFORTOT,LTOT,2029,16.4035346491
GLOBAL,S2D1,LNDFORTOT,LTOT,2030,16.3975760135
GLOBAL,S2D1,LNDFORTOT,LTOT,2031,16.3935078758
GLOBAL,S2D1,LNDFORTOT,LTOT,2032,16.3894304104
GLOBAL,S2D1,LNDFORTOT,LTOT,2033,16.3853531971
GLOBAL,S2D1,LNDFORTOT,LTOT,2035,16.3772078461
GLOBAL,S2D1,LNDFORTOT,LTOT,2037,16.3735513877
GLOBAL,S2D1,LNDFORTOT,LTOT,2038,16.3717231585
GLOBAL,S2D1,LNDFORTOT,LTOT,2039,16.3685905639
GLOBAL,S2D1,LNDFORTOT,LTOT,2041,16.3683596403
GLOBAL,S2D1,LNDFORTOT,LTOT,2042,16.3686430007
GLOBAL,S2D1,LNDFORTOT,LTOT,2043,16.368926361099998
GLOBAL,S2D1,LNDFORTOT,LTOT,2044,16.369200898
GLOBAL,S2D1,LNDFORTOT,LTOT,2045,16.3694845105
GLOBAL,S2D1,LNDFORTOT,LTOT,2046,16.371417865399998
GLOBAL,S2D1,LNDFORTOT,LTOT,2047,16.373351220300002
GLOBAL,S2D1,LNDFORTOT,LTOT,2048,16.3752848273
GLOBAL,S2D1,LNDFORTOT,LTOT,2049,16.3772181822
GLOBAL,S2D1,LNDFORTOT,LTOT,2050,16.3791427136
GLOBAL,S2D1,LNDOTHHRTOT,LTOT,2021,0.0171408817711
GLOBAL,S2D1,LNDOTHHRTOT,LTOT,2022,0.0172155802616
GLOBAL,S2D1,LNDOTHHRTOT,LTOT,2023,0.0172903059789
GLOBAL,S2D1,LNDOTHHRTOT,LTOT,2024,0.0173650316962
GLOBAL,S2D1,LNDOTHHRTOT,LTOT,2025,0.0174397299346
GLOBAL,S2D1,LNDOTHHRTOT,LTOT,2026,0.0174960415116
GLOBAL,S2D1,LNDOTHHRTOT,LTOT,2027,0.0175523256097
GLOBAL,S2D1,LNDOTHHRTOT,LTOT,2028,0.0176086094557
GLOBAL,S2D1,LNDOTHHRTOT,LTOT,2029,0.0176648935538
GLOBAL,S2D1,LNDOTHHRTOT,LTOT,2030,0.0177212051308
GLOBAL,S2D1,LNDOTHHRTOT,LTOT,2031,0.0177597050865
GLOBAL,S2D1,LNDOTHHRTOT,LTOT,2032,0.0177982052943
GLOBAL,S2D1,LNDOTHHRTOT,LTOT,2033,0.017836732728899997
GLOBAL,S2D1,LNDOTHHRTOT,LTOT,2034,0.0178752326846
GLOBAL,S2D1,LNDOTHHRTOT,LTOT,2035,0.017913760119199998
GLOBAL,S2D1,LNDOTHHRTOT,LTOT,2036,0.0179309961962
GLOBAL,S2D1,LNDOTHHRTOT,LTOT,2037,0.017948232021099998
GLOBAL,S2D1,LNDOTHHRTOT,LTOT,2038,0.017965495577
GLOBAL,S2D1,LNDOTHHRTOT,LTOT,2039,0.0180746931962
GLOBAL,S2D1,LNDOTHHRTOT,LTOT,2040,0.0179999947057
GLOBAL,S2D1,LNDOTHHRTOT,LTOT,2041,0.0179973093365
GLOBAL,S2D1,LNDOTHHRTOT,LTOT,2042,0.0179946514462
GLOBAL,S2D1,LNDOTHHRTOT,LTOT,2043,0.0179919933038
GLOBAL,S2D1,LNDOTHHRTOT,LTOT,2044,0.0179893354135
GLOBAL,S2D1,LNDOTHHRTOT,LTOT,2045,0.017986650044299998
GLOBAL,S2D1,LNDOTHHRTOT,LTOT,2046,0.017968400021100003
GLOBAL,S2D1,LNDOTHHRTOT,LTOT,2047,0.01795015025
GLOBAL,S2D1,LNDOTHHRTOT,LTOT,2048,0.0178116674343
GLOBAL,S2D1,LNDOTHHRTOT,LTOT,2049,0.0178534933453
GLOBAL,S2D1,LNDOTHHRTOT,LTOT,2050,0.0178954006846
GLOBAL,S2D1,LNDSGCHRTOT,LTOT,2021,0.39556781588999995
GLOBAL,S2D1,LNDSGCHRTOT,LTOT,2022,0.39729127233
GLOBAL,S2D1,LNDSGCHRTOT,LTOT,2023,0.39901699767
GLOBAL,S2D1,LNDSGCHRTOT,LTOT,2024,0.40074045411000003
GLOBAL,S2D1,LNDSGCHRTOT,LTOT,2025,0.40246391054999997
GLOBAL,S2D1,LNDSGCHRTOT,LTOT,2026,0.40376335999999996
GLOBAL,S2D1,LNDSGCHRTOT,LTOT,2027,0.40506280945
GLOBAL,S2D1,LNDSGCHRTOT,LTOT,2028,0.40636228411
GLOBAL,S2D1,LNDSGCHRTOT,LTOT,2029,0.40766173356
GLOBAL,S2D1,LNDSGCHRTOT,LTOT,2030,0.40896120822
GLOBAL,S2D1,LNDSGCHRTOT,LTOT,2031,0.40984814644
GLOBAL,S2D1,LNDSGCHRTOT,LTOT,2032,0.41073735356
GLOBAL,S2D1,LNDSGCHRTOT,LTOT,2033,0.41162658589
GLOBAL,S2D1,LNDSGCHRTOT,LTOT,2034,0.41251581822
GLOBAL,S2D1,LNDSGCHRTOT,LTOT,2035,0.41340275644
GLOBAL,S2D1,LNDSGCHRTOT,LTOT,2036,0.41380152822
GLOBAL,S2D1,LNDSGCHRTOT,LTOT,2037,0.41420029999999997
GLOBAL,S2D1,LNDSGCHRTOT,LTOT,2038,0.41459907178
GLOBAL,S2D1,LNDSGCHRTOT,LTOT,2039,0.41711777766999997
GLOBAL,S2D1,LNDSGCHRTOT,LTOT,2040,0.41539434644
GLOBAL,S2D1,LNDSGCHRTOT,LTOT,2041,0.41533245589
GLOBAL,S2D1,LNDSGCHRTOT,LTOT,2042,0.41527059055
GLOBAL,S2D1,LNDSGCHRTOT,LTOT,2043,0.4152087
GLOBAL,S2D1,LNDSGCHRTOT,LTOT,2044,0.41514910356
GLOBAL,S2D1,LNDSGCHRTOT,LTOT,2045,0.41508723822
GLOBAL,S2D1,LNDSGCHRTOT,LTOT,2046,0.41466555055
GLOBAL,S2D1,LNDSGCHRTOT,LTOT,2047,0.41424383767
GLOBAL,S2D1,LNDSGCHRTOT,LTOT,2048,0.41475721411
GLOBAL,S2D1,LNDSGCHRTOT,LTOT,2049,0.41386798177999995
GLOBAL,S2D1,LNDSGCHRTOT,LTOT,2050,0.41298104356
GLOBAL,S2D1,LNDYAMHRTOT,LTOT,2021,0.014930331576599998
GLOBAL,S2D1,LNDYAMHRTOT,LTOT,2022,0.0149954066538
GLOBAL,S2D1,LNDYAMHRTOT,LTOT,2023,0.015060509461999999
GLOBAL,S2D1,LNDYAMHRTOT,LTOT,2024,0.015125584539199998
GLOBAL,S2D1,LNDYAMHRTOT,LTOT,2025,0.0151906596164
GLOBAL,S2D1,LNDYAMHRTOT,LTOT,2026,0.015239694326899998
GLOBAL,S2D1,LNDYAMHRTOT,LTOT,2027,0.0152887292895
GLOBAL,S2D1,LNDYAMHRTOT,LTOT,2028,0.015337763999999999
GLOBAL,S2D1,LNDYAMHRTOT,LTOT,2029,0.015386771231599998
GLOBAL,S2D1,LNDYAMHRTOT,LTOT,2030,0.0154358059421
GLOBAL,S2D1,LNDYAMHRTOT,LTOT,2031,0.0154693546538
GLOBAL,S2D1,LNDYAMHRTOT,LTOT,2032,0.0155029033655
GLOBAL,S2D1,LNDYAMHRTOT,LTOT,2033,0.0155364520772
GLOBAL,S2D1,LNDYAMHRTOT,LTOT,2034,0.0155700007889
GLOBAL,S2D1,LNDYAMHRTOT,LTOT,2035,0.0156035217696
GLOBAL,S2D1,LNDYAMHRTOT,LTOT,2036,0.0156185645766
GLOBAL,S2D1,LNDYAMHRTOT,LTOT,2037,0.0156335799047
GLOBAL,S2D1,LNDYAMHRTOT,LTOT,2038,0.0156485949807
GLOBAL,S2D1,LNDYAMHRTOT,LTOT,2039,0.015743728193
GLOBAL,S2D1,LNDYAMHRTOT,LTOT,2040,0.0156786531158
GLOBAL,S2D1,LNDYAMHRTOT,LTOT,2041,0.0156763259807
GLOBAL,S2D1,LNDYAMHRTOT,LTOT,2042,0.0156739988456
GLOBAL,S2D1,LNDYAMHRTOT,LTOT,2043,0.0156716994415
GLOBAL,S2D1,LNDYAMHRTOT,LTOT,2044,0.0156693725585
GLOBAL,S2D1,LNDYAMHRTOT,LTOT,2045,0.0156670454234
GLOBAL,S2D1,LNDYAMHRTOT,LTOT,2046,0.0156511437117
GLOBAL,S2D1,LNDYAMHRTOT,LTOT,2047,0.015635242
GLOBAL,S2D1,LNDYAMHRTOT,LTOT,2048,0.0155147165194
GLOBAL,S2D1,LNDYAMHRTOT,LTOT,2049,0.0155511679105
GLOBAL,S2D1,LNDYAMHRTOT,LTOT,2050,0.0155875368649
GLOBAL,S2D1,PWRBIOFJIXX01,BIOFJIXX,2021,0.035265661479336
GLOBAL,S2D1,PWRBIOFJIXX01,BIOFJIXX,2029,0.8078258140114198
GLOBAL,S2D1,PWRBIOFJIXX01,BIOFJIXX,2031,0.31347337789197993
GLOBAL,S2D1,PWRBIOFJIXX01,BIOFJIXX,2036,0.012983427935207998
GLOBAL,S2D1,PWRBIOFJIXX01,BIOFJIXX,2038,0.31670445152506
GLOBAL,S2D1,PWRBIOFJIXX01,BIOFJIXX,2042,0.7150736405309
GLOBAL,S2D1,PWRBIOFJIXX01,BIOFJIXX,2043,0.7226346344199399
GLOBAL,S2D1,PWRBIOFJIXX01,BIOFJIXX,2044,0.7832438011113999
GLOBAL,S2D1,PWRBIOFJIXX01,BIOFJIXX,2045,0.5437683884746799
GLOBAL,S2D1,PWRBIOFJIXX01,BIOFJIXX,2046,0.63813202518868
GLOBAL,S2D1,PWRBIOFJIXX01,BIOFJIXX,2047,0.7800506031335799
GLOBAL,S2D1,PWRBIOFJIXX01,BIOFJIXX,2048,0.8594496483851799
GLOBAL,S2D1,PWRBIOFJIXX01,BIOFJIXX,2049,0.46885489746445996
GLOBAL,S2D1,PWRBIOFJIXX01,BIOFJIXX,2050,1.2712297758306
GLOBAL,S2D1,PWRHYDFJIXX01,HYDFJIXX,2021,0.82826814666
GLOBAL,S2D1,PWRHYDFJIXX01,HYDFJIXX,2022,0.8574999988
GLOBAL,S2D1,PWRHYDFJIXX01,HYDFJIXX,2023,0.8749999992899999
GLOBAL,S2D1,PWRHYDFJIXX01,HYDFJIXX,2024,0.8949999998499999
GLOBAL,S2D1,PWRHYDFJIXX01,HYDFJIXX,2025,0.91250000034
GLOBAL,S2D1,PWRHYDFJIXX01,HYDFJIXX,2026,0.95000000139
GLOBAL,S2D1,PWRHYDFJIXX01,HYDFJIXX,2027,0.98750000244
GLOBAL,S2D1,PWRHYDFJIXX01,HYDFJIXX,2028,1.02500000349
GLOBAL,S2D1,PWRHYDFJIXX01,HYDFJIXX,2029,0.8510272808799999
GLOBAL,S2D1,PWRHYDFJIXX01,HYDFJIXX,2030,1.0579389105
GLOBAL,S2D1,PWRHYDFJIXX01,HYDFJIXX,2031,1.0579389105
GLOBAL,S2D1,PWRHYDFJIXX01,HYDFJIXX,2032,0.7749251732099999
GLOBAL,S2D1,PWRHYDFJIXX01,HYDFJIXX,2033,1.0579389105
GLOBAL,S2D1,PWRHYDFJIXX01,HYDFJIXX,2034,1.0579389105
GLOBAL,S2D1,PWRHYDFJIXX01,HYDFJIXX,2035,1.0579389105
GLOBAL,S2D1,PWRHYDFJIXX01,HYDFJIXX,2036,0.7668887042
GLOBAL,S2D1,PWRHYDFJIXX01,HYDFJIXX,2037,1.0579389105
GLOBAL,S2D1,PWRHYDFJIXX01,HYDFJIXX,2038,1.0579389105
GLOBAL,S2D1,PWRHYDFJIXX01,HYDFJIXX,2039,1.0579389105
GLOBAL,S2D1,PWRHYDFJIXX01,HYDFJIXX,2040,1.0579389105
GLOBAL,S2D1,PWRHYDFJIXX01,HYDFJIXX,2041,1.0579389105
GLOBAL,S2D1,PWRHYDFJIXX01,HYDFJIXX,2042,1.0579389105
GLOBAL,S2D1,PWRHYDFJIXX01,HYDFJIXX,2043,1.0579389105
GLOBAL,S2D1,PWRHYDFJIXX01,HYDFJIXX,2044,1.0579389105
GLOBAL,S2D1,PWRHYDFJIXX01,HYDFJIXX,2045,1.0579389105
GLOBAL,S2D1,PWRHYDFJIXX01,HYDFJIXX,2046,1.0579389105
GLOBAL,S2D1,PWRHYDFJIXX01,HYDFJIXX,2047,1.0579389105
GLOBAL,S2D1,PWRHYDFJIXX01,HYDFJIXX,2048,1.0579389105
GLOBAL,S2D1,PWRHYDFJIXX01,HYDFJIXX,2049,1.0579389105
GLOBAL,S2D1,PWRHYDFJIXX01,HYDFJIXX,2050,1.0579389105
GLOBAL,S2D1,PWROILFJIXX01,OILINT,2030,0.12996878382809998
GLOBAL,S2D1,PWROILFJIXX01,OILINT,2035,0.69522665758689
GLOBAL,S2D1,PWROILFJIXX01,OILINT,2038,0.8497140345012
GLOBAL,S2D1,PWRPETFJIXX01,PETINT,2032,1.1796489021096002
GLOBAL,S2D1,PWRPETFJIXX01,PETINT,2033,0.44367688507212005
GLOBAL,S2D1,PWRPETFJIXX01,PETINT,2034,0.56607688849932
GLOBAL,S2D1,PWRPETFJIXX01,PETINT,2036,1.7140401465138
GLOBAL,S2D1,PWRPETFJIXX01,PETINT,2037,0.9791768846376001
GLOBAL,S2D1,PWRPETFJIXX01,PETINT,2038,0.021717343665756
GLOBAL,S2D1,PWRPETFJIXX01,PETINT,2039,1.3221069843906
GLOBAL,S2D1,PWRPETFJIXX01,PETINT,2040,1.3310742716423998
GLOBAL,S2D1,PWRPETFJIXX01,PETINT,2041,1.4993742763548
GLOBAL,S2D1,PWRPETFJIXX01,PETINT,2042,1.087216561647
GLOBAL,S2D1,PWRPETFJIXX01,PETINT,2043,1.2418098691914
GLOBAL,S2D1,PWRPETFJIXX01,PETINT,2044,1.3615590985974
GLOBAL,S2D1,PWRPETFJIXX01,PETINT,2045,1.7140401465138
GLOBAL,S2D1,PWRPETFJIXX01,PETINT,2046,1.8297004324067998
GLOBAL,S2D1,PWRPETFJIXX01,PETINT,2047,1.8297004324067998
GLOBAL,S2D1,PWRPETFJIXX01,PETINT,2048,1.957348061199
GLOBAL,S2D1,PWRPETFJIXX01,PETINT,2049,2.4614828978868
GLOBAL,S2D1,PWRPETFJIXX01,PETINT,2050,2.0099927942874
GLOBAL,S2D1,PWRSPVFJIXX01,SPVFJIXX,2040,0.042069505146
GLOBAL,S2D1,PWRSPVFJIXX01,SPVFJIXX,2041,0.042069505146
GLOBAL,S2D1,PWRSPVFJIXX01,SPVFJIXX,2042,0.042069505146
GLOBAL,S2D1,PWRSPVFJIXX01,SPVFJIXX,2043,0.042069505146
GLOBAL,S2D1,PWRSPVFJIXX01,SPVFJIXX,2044,0.042069505146
GLOBAL,S2D1,PWRSPVFJIXX01,SPVFJIXX,2045,0.042069505146
GLOBAL,S2D1,PWRSPVFJIXX01,SPVFJIXX,2046,0.042069505146
GLOBAL,S2D1,PWRSPVFJIXX01,SPVFJIXX,2047,0.06991804424999999
GLOBAL,S2D1,PWRSPVFJIXX01,SPVFJIXX,2048,0.06991804424999999
GLOBAL,S2D1,PWRSPVFJIXX01,SPVFJIXX,2049,0.06991804424999999
GLOBAL,S2D1,PWRSPVFJIXX01,SPVFJIXX,2050,0.06991804424999999
GLOBAL,S2D1,PWRTRNFJIXX,ELCFJIXX01,2021,0.83749999824
GLOBAL,S2D1,PWRTRNFJIXX,ELCFJIXX01,2022,0.8574999988
GLOBAL,S2D1,PWRTRNFJIXX,ELCFJIXX01,2023,0.8749999992899999
GLOBAL,S2D1,PWRTRNFJIXX,ELCFJIXX01,2024,0.8949999998499999
GLOBAL,S2D1,PWRTRNFJIXX,ELCFJIXX01,2025,0.91250000034
GLOBAL,S2D1,PWRTRNFJIXX,ELCFJIXX01,2026,0.95000000139
GLOBAL,S2D1,PWRTRNFJIXX,ELCFJIXX01,2027,0.98750000244
GLOBAL,S2D1,PWRTRNFJIXX,ELCFJIXX01,2028,1.02500000349
GLOBAL,S2D1,PWRTRNFJIXX,ELCFJIXX01,2029,1.06250000454
GLOBAL,S2D1,PWRTRNFJIXX,ELCFJIXX01,2030,1.1000000055899999
GLOBAL,S2D1,PWRTRNFJIXX,ELCFJIXX01,2031,1.14000000671
GLOBAL,S2D1,PWRTRNFJIXX,ELCFJIXX01,2032,1.18000000783
GLOBAL,S2D1,PWRTRNFJIXX,ELCFJIXX01,2033,1.22250000902
GLOBAL,S2D1,PWRTRNFJIXX,ELCFJIXX01,2034,1.26250001014
GLOBAL,S2D1,PWRTRNFJIXX,ELCFJIXX01,2035,1.3025000112599998
GLOBAL,S2D1,PWRTRNFJIXX,ELCFJIXX01,2036,1.35000001259
GLOBAL,S2D1,PWRTRNFJIXX,ELCFJIXX01,2037,1.39749998871
GLOBAL,S2D1,PWRTRNFJIXX,ELCFJIXX01,2038,1.44249998997
GLOBAL,S2D1,PWRTRNFJIXX,ELCFJIXX01,2039,1.4899999913
GLOBAL,S2D1,PWRTRNFJIXX,ELCFJIXX01,2040,1.53499999256
GLOBAL,S2D1,PWRTRNFJIXX,ELCFJIXX01,2041,1.5899999940999998
GLOBAL,S2D1,PWRTRNFJIXX,ELCFJIXX01,2042,1.6424999955700001
GLOBAL,S2D1,PWRTRNFJIXX,ELCFJIXX01,2043,1.69499999704
GLOBAL,S2D1,PWRTRNFJIXX,ELCFJIXX01,2044,1.7499999985799999
GLOBAL,S2D1,PWRTRNFJIXX,ELCFJIXX01,2045,1.8025000000499998
GLOBAL,S2D1,PWRTRNFJIXX,ELCFJIXX01,2046,1.8650000018
GLOBAL,S2D1,PWRTRNFJIXX,ELCFJIXX01,2047,1.9300000036199998
GLOBAL,S2D1,PWRTRNFJIXX,ELCFJIXX01,2048,1.99250000537
GLOBAL,S2D1,PWRTRNFJIXX,ELCFJIXX01,2049,2.05500000712
GLOBAL,S2D1,PWRTRNFJIXX,ELCFJIXX01,2050,2.11750000887
GLOBAL,S2D1,PWRWONFJIXX01,WONFJIXX,2032,0.019568648132300002
GLOBAL,S2D1,PWRWONFJIXX01,WONFJIXX,2033,0.019568648132300002
GLOBAL,S2D1,PWRWONFJIXX01,WONFJIXX,2034,0.019568648132300002
GLOBAL,S2D1,PWRWONFJIXX01,WONFJIXX,2035,0.019568648132300002
GLOBAL,S2D1,PWRWONFJIXX01,WONFJIXX,2036,0.019568648132300002
GLOBAL,S2D1,PWRWONFJIXX01,WONFJIXX,2037,0.019568648132300002
GLOBAL,S2D1,PWRWONFJIXX01,WONFJIXX,2038,0.019568648132300002
GLOBAL,S2D2,LNDAGRFJIC01,LCASHRTOT,2021,0.0184933357503
GLOBAL,S2D2,LNDAGRFJIC01,LCASHRTOT,2022,0.0185739563219
GLOBAL,S2D2,LNDAGRFJIC01,LCASHRTOT,2023,0.0186545511793
GLOBAL,S2D2,LNDAGRFJIC01,LCASHRTOT,2024,0.0187351717509
GLOBAL,S2D2,LNDAGRFJIC01,LCASHRTOT,2025,0.0188157920704
GLOBAL,S2D2,LNDAGRFJIC01,LCASHRTOT,2026,0.018876527750299996
GLOBAL,S2D2,LNDAGRFJIC01,LCASHRTOT,2027,0.0189372631781
GLOBAL,S2D2,LNDAGRFJIC01,LCASHRTOT,2028,0.0189979731438
GLOBAL,S2D2,LNDAGRFJIC01,LCASHRTOT,2029,0.019058708571599997
GLOBAL,S2D2,LNDAGRFJIC01,LCASHRTOT,2030,0.0191194439994
GLOBAL,S2D2,LNDAGRFJIC01,LCASHRTOT,2031,0.019160989070999997
GLOBAL,S2D2,LNDAGRFJIC01,LCASHRTOT,2032,0.019202559856799997
GLOBAL,S2D2,LNDAGRFJIC01,LCASHRTOT,2033,0.0192441049284
GLOBAL,S2D2,LNDAGRFJIC01,LCASHRTOT,2034,0.019285649999999998
GLOBAL,S2D2,LNDAGRFJIC01,LCASHRTOT,2035,0.0193271950716
GLOBAL,S2D2,LNDAGRFJIC01,LCASHRTOT,2036,0.0193457937491
GLOBAL,S2D2,LNDAGRFJIC01,LCASHRTOT,2037,0.019364418392900002
GLOBAL,S2D2,LNDAGRFJIC01,LCASHRTOT,2038,0.0193830170704
GLOBAL,S2D2,LNDAGRFJIC01,LCASHRTOT,2039,0.019500860963299997
GLOBAL,S2D2,LNDAGRFJIC01,LCASHRTOT,2040,0.019420240643799998
GLOBAL,S2D2,LNDAGRFJIC01,LCASHRTOT,2041,0.0194173593929
GLOBAL,S2D2,LNDAGRFJIC01,LCASHRTOT,2042,0.019414478141999997
GLOBAL,S2D2,LNDAGRFJIC01,LCASHRTOT,2043,0.019411622857399998
GLOBAL,S2D2,LNDAGRFJIC01,LCASHRTOT,2044,0.0194087416065
GLOBAL,S2D2,LNDAGRFJIC01,LCASHRTOT,2045,0.019405860607700002
GLOBAL,S2D2,LNDAGRFJIC01,LCASHRTOT,2046,0.0193861554633
GLOBAL,S2D2,LNDAGRFJIC01,LCASHRTOT,2047,0.0193664762852
GLOBAL,S2D2,LNDAGRFJIC01,LCASHRTOT,2048,0.0193904772136
GLOBAL,S2D2,LNDAGRFJIC01,LCASHRTOT,2049,0.019348932142
GLOBAL,S2D2,LNDAGRFJIC01,LCASHRTOT,2050,0.019307387070399997
GLOBAL,S2D2,LNDAGRFJIC01,LOTHHRTOT,2021,0.0171408817711
GLOBAL,S2D2,LNDAGRFJIC01,LOTHHRTOT,2022,0.0172155802616
GLOBAL,S2D2,LNDAGRFJIC01,LOTHHRTOT,2023,0.0172903059789
GLOBAL,S2D2,LNDAGRFJIC01,LOTHHRTOT,2024,0.0173650316962
GLOBAL,S2D2,LNDAGRFJIC01,LOTHHRTOT,2025,0.0174397299346
GLOBAL,S2D2,LNDAGRFJIC01,LOTHHRTOT,2026,0.0174960415116
GLOBAL,S2D2,LNDAGRFJIC01,LOTHHRTOT,2027,0.0175523256097
GLOBAL,S2D2,LNDAGRFJIC01,LOTHHRTOT,2028,0.0176086094557
GLOBAL,S2D2,LNDAGRFJIC01,LOTHHRTOT,2029,0.0176648935538
GLOBAL,S2D2,LNDAGRFJIC01,LOTHHRTOT,2030,0.0177212051308
GLOBAL,S2D2,LNDAGRFJIC01,LOTHHRTOT,2031,0.0177597050865
GLOBAL,S2D2,LNDAGRFJIC01,LOTHHRTOT,2032,0.0177982052943
GLOBAL,S2D2,LNDAGRFJIC01,LOTHHRTOT,2033,0.017836732728899997
GLOBAL,S2D2,LNDAGRFJIC01,LOTHHRTOT,2034,0.0178752326846
GLOBAL,S2D2,LNDAGRFJIC01,LOTHHRTOT,2035,0.017913760119199998
GLOBAL,S2D2,LNDAGRFJIC01,LOTHHRTOT,2036,0.0179309961962
GLOBAL,S2D2,LNDAGRFJIC01,LOTHHRTOT,2037,0.017948232021099998
GLOBAL,S2D2,LNDAGRFJIC01,LOTHHRTOT,2038,0.017965495577
GLOBAL,S2D2,LNDAGRFJIC01,LOTHHRTOT,2039,0.0180746931962
GLOBAL,S2D2,LNDAGRFJIC01,LOTHHRTOT,2040,0.0179999947057
GLOBAL,S2D2,LNDAGRFJIC01,LOTHHRTOT,2041,0.0179973093365
GLOBAL,S2D2,LNDAGRFJIC01,LOTHHRTOT,2042,0.0179946514462
GLOBAL,S2D2,LNDAGRFJIC01,LOTHHRTOT,2043,0.0179919933038
GLOBAL,S2D2,LNDAGRFJIC01,LOTHHRTOT,2044,0.0179893354135
GLOBAL,S2D2,LNDAGRFJIC01,LOTHHRTOT,2045,0.017986650044299998
GLOBAL,S2D2,LNDAGRFJIC01,LOTHHRTOT,2046,0.017968400021100003
GLOBAL,S2D2,LNDAGRFJIC01,LOTHHRTOT,2047,0.01795015025
GLOBAL,S2D2,LNDAGRFJIC01,LOTHHRTOT,2048,0.017972428327000002
GLOBAL,S2D2,LNDAGRFJIC01,LOTHHRTOT,2049,0.0179339281192
GLOBAL,S2D2,LNDAGRFJIC01,LOTHHRTOT,2050,0.0178954006846
GLOBAL,S2D2,LNDAGRFJIC01,LSGCHRTOT,2023,0.39901699767
GLOBAL,S2D2,LNDAGRFJIC01,LSGCHRTOT,2024,0.40074045411000003
GLOBAL,S2D2,LNDAGRFJIC01,LSGCHRTOT,2025,0.40246391054999997
GLOBAL,S2D2,LNDAGRFJIC01,LSGCHRTOT,2026,0.40376335999999996
GLOBAL,S2D2,LNDAGRFJIC01,LSGCHRTOT,2027,0.40506280945
GLOBAL,S2D2,LNDAGRFJIC01,LSGCHRTOT,2028,0.40464659235
GLOBAL,S2D2,LNDAGRFJIC01,LSGCHRTOT,2029,0.40032733783999996
GLOBAL,S2D2,LNDAGRFJIC01,LSGCHRTOT,2030,0.39600795728
GLOBAL,S2D2,LNDAGRFJIC01,LSGCHRTOT,2031,0.393059194
GLOBAL,S2D2,LNDAGRFJIC01,LSGCHRTOT,2032,0.39010352317999997
GLOBAL,S2D2,LNDAGRFJIC01,LSGCHRTOT,2033,0.41162658589
GLOBAL,S2D2,LNDAGRFJIC01,LSGCHRTOT,2034,0.38419230758999995
GLOBAL,S2D2,LNDAGRFJIC01,LSGCHRTOT,2035,0.38124344347
GLOBAL,S2D2,LNDAGRFJIC01,LSGCHRTOT,2036,0.37991825460999995
GLOBAL,S2D2,LNDAGRFJIC01,LSGCHRTOT,2037,0.37859296491
GLOBAL,S2D2,LNDAGRFJIC01,LSGCHRTOT,2038,0.37726767521
GLOBAL,S2D2,LNDAGRFJIC01,LSGCHRTOT,2039,0.38396350163
GLOBAL,S2D2,LNDAGRFJIC01,LSGCHRTOT,2040,0.3746238773
GLOBAL,S2D2,LNDAGRFJIC01,LSGCHRTOT,2041,0.41533245589
GLOBAL,S2D2,LNDAGRFJIC01,LSGCHRTOT,2042,0.37503507761
GLOBAL,S2D2,LNDAGRFJIC01,LSGCHRTOT,2043,0.37524053911
GLOBAL,S2D2,LNDAGRFJIC01,LSGCHRTOT,2044,0.37543926954
GLOBAL,S2D2,LNDAGRFJIC01,LSGCHRTOT,2045,0.37564493272
GLOBAL,S2D2,LNDAGRFJIC01,LSGCHRTOT,2046,0.41466555055
GLOBAL,S2D2,LNDAGRFJIC01,LSGCHRTOT,2047,0.41424383767
GLOBAL,S2D2,LNDAGRFJIC01,LSGCHRTOT,2048,0.38078464668
GLOBAL,S2D2,LNDAGRFJIC01,LSGCHRTOT,2049,0.41386798177999995
GLOBAL,S2D2,LNDAGRFJIC01,LSGCHRTOT,2050,0.38264587577
GLOBAL,S2D2,LNDAGRFJIC01,WTRPRCFJI,2021,0.09621238730778
GLOBAL,S2D2,LNDAGRFJIC01,WTRPRCFJI,2022,0.09663174877545
GLOBAL,S2D2,LNDAGRFJIC01,WTRPRCFJI,2023,1.1743970080361399
GLOBAL,S2D2,LNDAGRFJIC01,WTRPRCFJI,2024,1.1794697754041703
GLOBAL,S2D2,LNDAGRFJIC01,WTRPRCFJI,2025,1.1845424678985
GLOBAL,S2D2,LNDAGRFJIC01,WTRPRCFJI,2026,1.1883670090071299
GLOBAL,S2D2,LNDAGRFJIC01,WTRPRCFJI,2027,1.19219147524206
GLOBAL,S2D2,LNDAGRFJIC01,WTRPRCFJI,2028,1.19138357236365
GLOBAL,S2D2,LNDAGRFJIC01,WTRPRCFJI,2029,1.1800375379065802
GLOBAL,S2D2,LNDAGRFJIC01,WTRPRCFJI,2030,1.16869123730754
GLOBAL,S2D2,LNDAGRFJIC01,WTRPRCFJI,2031,1.1609456980252502
GLOBAL,S2D2,LNDAGRFJIC01,WTRPRCFJI,2032,1.1531815784939698
GLOBAL,S2D2,LNDAGRFJIC01,WTRPRCFJI,2033,1.2115100435777102
GLOBAL,S2D2,LNDAGRFJIC01,WTRPRCFJI,2034,1.13765361374142
GLOBAL,S2D2,LNDAGRFJIC01,WTRPRCFJI,2035,1.1299078763841603
GLOBAL,S2D2,LNDAGRFJIC01,WTRPRCFJI,2036,1.12642662029931
GLOBAL,S2D2,LNDAGRFJIC01,WTRPRCFJI,2037,1.1229451613748
GLOBAL,S2D2,LNDAGRFJIC01,WTRPRCFJI,2038,1.11946370721498
GLOBAL,S2D2,LNDAGRFJIC01,WTRPRCFJI,2039,1.13815545063165
GLOBAL,S2D2,LNDAGRFJIC01,WTRPRCFJI,2040,1.1125191041536502
GLOBAL,S2D2,LNDAGRFJIC01,WTRPRCFJI,2041,1.22241723647238
GLOBAL,S2D2,LNDAGRFJIC01,WTRPRCFJI,2042,1.1135993594351399
GLOBAL,S2D2,LNDAGRFJIC01,WTRPRCFJI,2043,1.1141392192322401
GLOBAL,S2D2,LNDAGRFJIC01,WTRPRCFJI,2044,1.114660835712
GLOBAL,S2D2,LNDAGRFJIC01,WTRPRCFJI,2045,1.1152010971044
GLOBAL,S2D2,LNDAGRFJIC01,WTRPRCFJI,2046,1.22045428629288
GLOBAL,S2D2,LNDAGRFJIC01,WTRPRCFJI,2047,1.21921325335404
GLOBAL,S2D2,LNDAGRFJIC01,WTRPRCFJI,2048,1.12899839099562
GLOBAL,S2D2,LNDAGRFJIC01,WTRPRCFJI,2049,1.2181072735112402
GLOBAL,S2D2,LNDAGRFJIC01,WTRPRCFJI,2050,1.1335913915175
GLOBAL,S2D2,LNDAGRFJIC02,LFORTOT,2036,8.6763167091
GLOBAL,S2D2,LNDAGRFJIC02,LSGCHRTOT,2028,0.00171568586086
GLOBAL,S2D2,LNDAGRFJIC02,LSGCHRTOT,2029,0.0073344105939
GLOBAL,S2D2,LNDAGRFJIC02,LSGCHRTOT,2030,0.0129532438812
GLOBAL,S2D2,LNDAGRFJIC02,LSGCHRTOT,2031,0.0167889390787
GLOBAL,S2D2,LNDAGRFJIC02,LSGCHRTOT,2032,0.0206338271027
GLOBAL,S2D2,LNDAGRFJIC02,LSGCHRTOT,2034,0.028323508109
GLOBAL,S2D2,LNDAGRFJIC02,LSGCHRTOT,2035,0.03215931297
GLOBAL,S2D2,LNDAGRFJIC02,LSGCHRTOT,2036,0.033883276131
GLOBAL,S2D2,LNDAGRFJIC02,LSGCHRTOT,2037,0.035607340131999995
GLOBAL,S2D2,LNDAGRFJIC02,LSGCHRTOT,2038,0.037331411696
GLOBAL,S2D2,LNDAGRFJIC02,LSGCHRTOT,2039,0.033154278561
GLOBAL,S2D2,LNDAGRFJIC02,LSGCHRTOT,2040,0.040770459056
GLOBAL,S2D2,LNDAGRFJIC02,LSGCHRTOT,2042,0.040235497814
GLOBAL,S2D2,LNDAGRFJIC02,LSGCHRTOT,2043,0.039968170973999996
GLOBAL,S2D2,LNDAGRFJIC02,LSGCHRTOT,2044,0.03970983654099999
GLOBAL,S2D2,LNDAGRFJIC02,LSGCHRTOT,2045,0.039442300458
GLOBAL,S2D2,LNDAGRFJIC02,LSGCHRTOT,2048,0.03397255734599999
GLOBAL,S2D2,LNDAGRFJIC02,WTRPRCFJI,2028,0.00428921465215
GLOBAL,S2D2,LNDAGRFJIC02,WTRPRCFJI,2029,0.01833602648475
GLOBAL,S2D2,LNDAGRFJIC02,WTRPRCFJI,2030,0.032383109703
GLOBAL,S2D2,LNDAGRFJIC02,WTRPRCFJI,2031,0.04197234769675
GLOBAL,S2D2,LNDAGRFJIC02,WTRPRCFJI,2032,0.05158456775675
GLOBAL,S2D2,LNDAGRFJIC02,WTRPRCFJI,2034,0.0708087702725
GLOBAL,S2D2,LNDAGRFJIC02,WTRPRCFJI,2035,0.080398282425
GLOBAL,S2D2,LNDAGRFJIC02,WTRPRCFJI,2036,21.775499963077497
GLOBAL,S2D2,LNDAGRFJIC02,WTRPRCFJI,2037,0.08901835033
GLOBAL,S2D2,LNDAGRFJIC02,WTRPRCFJI,2038,0.09332852924
GLOBAL,S2D2,LNDAGRFJIC02,WTRPRCFJI,2039,0.0828856964025
GLOBAL,S2D2,LNDAGRFJIC02,WTRPRCFJI,2040,0.10192614764
GLOBAL,S2D2,LNDAGRFJIC02,WTRPRCFJI,2042,0.10058874453500001
GLOBAL,S2D2,LNDAGRFJIC02,WTRPRCFJI,2043,0.09992042743499999
GLOBAL,S2D2,LNDAGRFJIC02,WTRPRCFJI,2044,0.0992745913525
GLOBAL,S2D2,LNDAGRFJIC02,WTRPRCFJI,2045,0.09860575114499999
GLOBAL,S2D2,LNDAGRFJIC02,WTRPRCFJI,2048,0.084931393365
GLOBAL,S2D2,LNDAGRFJIC03,LFORTOT,2021,6.1403999521
GLOBAL,S2D2,LNDAGRFJIC03,LFORTOT,2036,6.1403999521
GLOBAL,S2D2,LNDAGRFJIC03,LSGCHRTOT,2050,0.030335187958
GLOBAL,S2D2,LNDAGRFJIC03,WTRPRCFJI,2021,16.57907987067
GLOBAL,S2D2,LNDAGRFJIC03,WTRPRCFJI,2036,16.57907987067
GLOBAL,S2D2,LNDAGRFJIC03,WTRPRCFJI,2050,0.0819050074866
GLOBAL,S2D2,LNDAGRFJIC04,LCONHRTOT,2021,0.0111538816438
GLOBAL,S2D2,LNDAGRFJIC04,LCONHRTOT,2022,0.011202500893499999
GLOBAL,S2D2,LNDAGRFJIC04,LCONHRTOT,2023,0.0112511201432
GLOBAL,S2D2,LNDAGRFJIC04,LCONHRTOT,2024,0.0112997393929
GLOBAL,S2D2,LNDAGRFJIC04,LCONHRTOT,2025,0.011348358642599999
GLOBAL,S2D2,LNDAGRFJIC04,LCONHRTOT,2026,0.0113849902852
GLOBAL,S2D2,LNDAGRFJIC04,LCONHRTOT,2027,0.0114216219278
GLOBAL,S2D2,LNDAGRFJIC04,LCONHRTOT,2028,0.0114582535704
GLOBAL,S2D2,LNDAGRFJIC04,LCONHRTOT,2029,0.0114948854651
GLOBAL,S2D2,LNDAGRFJIC04,LCONHRTOT,2030,0.0115315171077
GLOBAL,S2D2,LNDAGRFJIC04,LCONHRTOT,2031,0.0115565725704
GLOBAL,S2D2,LNDAGRFJIC04,LCONHRTOT,2032,0.011581628285199999
GLOBAL,S2D2,LNDAGRFJIC04,LCONHRTOT,2033,0.011606683999999999
GLOBAL,S2D2,LNDAGRFJIC04,LCONHRTOT,2034,0.0116317397148
GLOBAL,S2D2,LNDAGRFJIC04,LCONHRTOT,2035,0.0116567954296
GLOBAL,S2D2,LNDAGRFJIC04,LCONHRTOT,2036,0.011668011106499999
GLOBAL,S2D2,LNDAGRFJIC04,LCONHRTOT,2037,0.0116792784639
GLOBAL,S2D2,LNDAGRFJIC04,LCONHRTOT,2038,0.0116904943929
GLOBAL,S2D2,LNDAGRFJIC04,LCONHRTOT,2039,0.0117615455006
GLOBAL,S2D2,LNDAGRFJIC04,LCONHRTOT,2040,0.011712926250899999
GLOBAL,S2D2,LNDAGRFJIC04,LCONHRTOT,2041,0.011711176929
GLOBAL,S2D2,LNDAGRFJIC04,LCONHRTOT,2042,0.011709479035499999
GLOBAL,S2D2,LNDAGRFJIC04,LCONHRTOT,2043,0.0117077297136
GLOBAL,S2D2,LNDAGRFJIC04,LCONHRTOT,2044,0.011705980643799999
GLOBAL,S2D2,LNDAGRFJIC04,LCONHRTOT,2045,0.0117042313219
GLOBAL,S2D2,LNDAGRFJIC04,LCONHRTOT,2046,0.011692398
GLOBAL,S2D2,LNDAGRFJIC04,LCONHRTOT,2047,0.011680513249699999
GLOBAL,S2D2,LNDAGRFJIC04,LCONHRTOT,2048,0.011694970428399998
GLOBAL,S2D2,LNDAGRFJIC04,LCONHRTOT,2049,0.011669914713599999
GLOBAL,S2D2,LNDAGRFJIC04,LCONHRTOT,2050,0.0116448592509
GLOBAL,S2D2,LNDAGRFJIC04,LFORTOT,2036,1.55866288007
GLOBAL,S2D2,LNDAGRFJIC04,LSGCHRTOT,2021,0.39556781588999995
GLOBAL,S2D2,LNDAGRFJIC04,LSGCHRTOT,2022,0.39729127233
GLOBAL,S2D2,LNDAGRFJIC04,LYAMHRTOT,2021,0.014930331576599998
GLOBAL,S2D2,LNDAGRFJIC04,LYAMHRTOT,2022,0.0149954066538
GLOBAL,S2D2,LNDAGRFJIC04,LYAMHRTOT,2023,0.015060509461999999
GLOBAL,S2D2,LNDAGRFJIC04,LYAMHRTOT,2024,0.015125584539199998
GLOBAL,S2D2,LNDAGRFJIC04,LYAMHRTOT,2025,0.0151906596164
GLOBAL,S2D2,LNDAGRFJIC04,LYAMHRTOT,2026,0.015239694326899998
GLOBAL,S2D2,LNDAGRFJIC04,LYAMHRTOT,2027,0.0152887292895
GLOBAL,S2D2,LNDAGRFJIC04,LYAMHRTOT,2028,0.015337763999999999
GLOBAL,S2D2,LNDAGRFJIC04,LYAMHRTOT,2029,0.015386771231599998
GLOBAL,S2D2,LNDAGRFJIC04,LYAMHRTOT,2030,0.0154358059421
GLOBAL,S2D2,LNDAGRFJIC04,LYAMHRTOT,2031,0.0154693546538
GLOBAL,S2D2,LNDAGRFJIC04,LYAMHRTOT,2032,0.0155029033655
GLOBAL,S2D2,LNDAGRFJIC04,LYAMHRTOT,2033,0.0155364520772
GLOBAL,S2D2,LNDAGRFJIC04,LYAMHRTOT,2034,0.0155700007889
GLOBAL,S2D2,LNDAGRFJIC04,LYAMHRTOT,2035,0.0156035217696
GLOBAL,S2D2,LNDAGRFJIC04,LYAMHRTOT,2036,0.0156185645766
GLOBAL,S2D2,LNDAGRFJIC04,LYAMHRTOT,2037,0.0156335799047
GLOBAL,S2D2,LNDAGRFJIC04,LYAMHRTOT,2038,0.0156485949807
GLOBAL,S2D2,LNDAGRFJIC04,LYAMHRTOT,2039,0.015743728193
GLOBAL,S2D2,LNDAGRFJIC04,LYAMHRTOT,2040,0.0156786531158
GLOBAL,S2D2,LNDAGRFJIC04,LYAMHRTOT,2041,0.0156763259807
GLOBAL,S2D2,LNDAGRFJIC04,LYAMHRTOT,2042,0.0156739988456
GLOBAL,S2D2,LNDAGRFJIC04,LYAMHRTOT,2043,0.0156716994415
GLOBAL,S2D2,LNDAGRFJIC04,LYAMHRTOT,2044,0.0156693725585
GLOBAL,S2D2,LNDAGRFJIC04,LYAMHRTOT,2045,0.0156670454234
GLOBAL,S2D2,LNDAGRFJIC04,LYAMHRTOT,2046,0.0156511437117
GLOBAL,S2D2,LNDAGRFJIC04,LYAMHRTOT,2047,0.015635242
GLOBAL,S2D2,LNDAGRFJIC04,LYAMHRTOT,2048,0.0156546065573
GLOBAL,S2D2,LNDAGRFJIC04,LYAMHRTOT,2049,0.015621057845599999
GLOBAL,S2D2,LNDAGRFJIC04,LYAMHRTOT,2050,0.0155875368649
GLOBAL,S2D2,LNDAGRFJIC04,WTRPRCFJI,2021,0.88546926113184
GLOBAL,S2D2,LNDAGRFJIC04,WTRPRCFJI,2022,0.88932727774233
GLOBAL,S2D2,LNDAGRFJIC04,WTRPRCFJI,2023,0.05525442217092
GLOBAL,S2D2,LNDAGRFJIC04,WTRPRCFJI,2024,0.05549318025741
GLOBAL,S2D2,LNDAGRFJIC04,WTRPRCFJI,2025,0.055731938343899994
GLOBAL,S2D2,LNDAGRFJIC04,WTRPRCFJI,2026,0.05591183768541
GLOBAL,S2D2,LNDAGRFJIC04,WTRPRCFJI,2027,0.05609173755633
GLOBAL,S2D2,LNDAGRFJIC04,WTRPRCFJI,2028,0.05627163689784
GLOBAL,S2D2,LNDAGRFJIC04,WTRPRCFJI,2029,0.05645147906307
GLOBAL,S2D2,LNDAGRFJIC04,WTRPRCFJI,2030,0.056631378404580004
GLOBAL,S2D2,LNDAGRFJIC04,WTRPRCFJI,2031,0.05675444717082
GLOBAL,S2D2,LNDAGRFJIC04,WTRPRCFJI,2032,0.05687751646647
GLOBAL,S2D2,LNDAGRFJIC04,WTRPRCFJI,2033,0.05700058576212
GLOBAL,S2D2,LNDAGRFJIC04,WTRPRCFJI,2034,0.05712365505777
GLOBAL,S2D2,LNDAGRFJIC04,WTRPRCFJI,2035,0.05724666611832001
GLOBAL,S2D2,LNDAGRFJIC04,WTRPRCFJI,2036,3.33049385708151
GLOBAL,S2D2,LNDAGRFJIC04,WTRPRCFJI,2037,0.05735700257406
GLOBAL,S2D2,LNDAGRFJIC04,WTRPRCFJI,2038,0.057412087684560006
GLOBAL,S2D2,LNDAGRFJIC04,WTRPRCFJI,2039,0.057761074756560005
GLOBAL,S2D2,LNDAGRFJIC04,WTRPRCFJI,2040,0.057522316670069996
GLOBAL,S2D2,LNDAGRFJIC04,WTRPRCFJI,2041,0.057513756110370004
GLOBAL,S2D2,LNDAGRFJIC04,WTRPRCFJI,2042,0.05750530355031
GLOBAL,S2D2,LNDAGRFJIC04,WTRPRCFJI,2043,0.057496801225710006
GLOBAL,S2D2,LNDAGRFJIC04,WTRPRCFJI,2044,0.05748824172483
GLOBAL,S2D2,LNDAGRFJIC04,WTRPRCFJI,2045,0.057479681165130005
GLOBAL,S2D2,LNDAGRFJIC04,WTRPRCFJI,2046,0.057421437594569996
GLOBAL,S2D2,LNDAGRFJIC04,WTRPRCFJI,2047,0.05736308602437
GLOBAL,S2D2,LNDAGRFJIC04,WTRPRCFJI,2048,0.05743411166996999
GLOBAL,S2D2,LNDAGRFJIC04,WTRPRCFJI,2049,0.05731104237432
GLOBAL,S2D2,LNDAGRFJIC04,WTRPRCFJI,2050,0.05718803184318
GLOBAL,S2D2,LNDCASHRTOT,LTOT,2021,0.0184933357503
GLOBAL,S2D2,LNDCASHRTOT,LTOT,2022,0.0185739563219
GLOBAL,S2D2,LNDCASHRTOT,LTOT,2023,0.0186545511793
GLOBAL,S2D2,LNDCASHRTOT,LTOT,2024,0.0187351717509
GLOBAL,S2D2,LNDCASHRTOT,LTOT,2025,0.0188157920704
GLOBAL,S2D2,LNDCASHRTOT,LTOT,2026,0.018876527750299996
GLOBAL,S2D2,LNDCASHRTOT,LTOT,2027,0.0189372631781
GLOBAL,S2D2,LNDCASHRTOT,LTOT,2028,0.0189979731438
GLOBAL,S2D2,LNDCASHRTOT,LTOT,2029,0.019058708571599997
GLOBAL,S2D2,LNDCASHRTOT,LTOT,2030,0.0191194439994
GLOBAL,S2D2,LNDCASHRTOT,LTOT,2031,0.019160989070999997
GLOBAL,S2D2,LNDCASHRTOT,LTOT,2032,0.019202559856799997
GLOBAL,S2D2,LNDCASHRTOT,LTOT,2033,0.0192441049284
GLOBAL,S2D2,LNDCASHRTOT,LTOT,2034,0.019285649999999998
GLOBAL,S2D2,LNDCASHRTOT,LTOT,2035,0.0193271950716
GLOBAL,S2D2,LNDCASHRTOT,LTOT,2036,0.0193457937491
GLOBAL,S2D2,LNDCASHRTOT,LTOT,2037,0.019364418392900002
GLOBAL,S2D2,LNDCASHRTOT,LTOT,2038,0.0193830170704
GLOBAL,S2D2,LNDCASHRTOT,LTOT,2039,0.019500860963299997
GLOBAL,S2D2,LNDCASHRTOT,LTOT,2040,0.019420240643799998
GLOBAL,S2D2,LNDCASHRTOT,LTOT,2041,0.0194173593929
GLOBAL,S2D2,LNDCASHRTOT,LTOT,2042,0.019414478141999997
GLOBAL,S2D2,LNDCASHRTOT,LTOT,2043,0.019411622857399998
GLOBAL,S2D2,LNDCASHRTOT,LTOT,2044,0.0194087416065
GLOBAL,S2D2,LNDCASHRTOT,LTOT,2045,0.019405860607700002
GLOBAL,S2D2,LNDCASHRTOT,LTOT,2046,0.0193861554633
GLOBAL,S2D2,LNDCASHRTOT,LTOT,2047,0.0193664762852
GLOBAL,S2D2,LNDCASHRTOT,LTOT,2048,0.0193904772136
GLOBAL,S2D2,LNDCASHRTOT,LTOT,2049,0.019348932142
GLOBAL,S2D2,LNDCASHRTOT,LTOT,2050,0.019307387070399997
GLOBAL,S2D2,LNDCONHRTOT,LTOT,2021,0.0111538816438
GLOBAL,S2D2,LNDCONHRTOT,LTOT,2022,0.011202500893499999
GLOBAL,S2D2,LNDCONHRTOT,LTOT,2023,0.0112511201432
GLOBAL,S2D2,LNDCONHRTOT,LTOT,2024,0.0112997393929
GLOBAL,S2D2,LNDCONHRTOT,LTOT,2025,0.011348358642599999
GLOBAL,S2D2,LNDCONHRTOT,LTOT,2026,0.0113849902852
GLOBAL,S2D2,LNDCONHRTOT,LTOT,2027,0.0114216219278
GLOBAL,S2D2,LNDCONHRTOT,LTOT,2028,0.0114582535704
GLOBAL,S2D2,LNDCONHRTOT,LTOT,2029,0.0114948854651
GLOBAL,S2D2,LNDCONHRTOT,LTOT,2030,0.0115315171077
GLOBAL,S2D2,LNDCONHRTOT,LTOT,2031,0.0115565725704
GLOBAL,S2D2,LNDCONHRTOT,LTOT,2032,0.011581628285199999
GLOBAL,S2D2,LNDCONHRTOT,LTOT,2033,0.011606683999999999
GLOBAL,S2D2,LNDCONHRTOT,LTOT,2034,0.0116317397148
GLOBAL,S2D2,LNDCONHRTOT,LTOT,2035,0.0116567954296
GLOBAL,S2D2,LNDCONHRTOT,LTOT,2036,0.011668011106499999
GLOBAL,S2D2,LNDCONHRTOT,LTOT,2037,0.0116792784639
GLOBAL,S2D2,LNDCONHRTOT,LTOT,2038,0.0116904943929
GLOBAL,S2D2,LNDCONHRTOT,LTOT,2039,0.0117615455006
GLOBAL,S2D2,LNDCONHRTOT,LTOT,2040,0.011712926250899999
GLOBAL,S2D2,LNDCONHRTOT,LTOT,2041,0.011711176929
GLOBAL,S2D2,LNDCONHRTOT,LTOT,2042,0.011709479035499999
GLOBAL,S2D2,LNDCONHRTOT,LTOT,2043,0.0117077297136
GLOBAL,S2D2,LNDCONHRTOT,LTOT,2044,0.011705980643799999
GLOBAL,S2D2,LNDCONHRTOT,LTOT,2045,0.0117042313219
GLOBAL,S2D2,LNDCONHRTOT,LTOT,2046,0.011692398
GLOBAL,S2D2,LNDCONHRTOT,LTOT,2047,0.011680513249699999
GLOBAL,S2D2,LNDCONHRTOT,LTOT,2048,0.011694970428399998
GLOBAL,S2D2,LNDCONHRTOT,LTOT,2049,0.011669914713599999
GLOBAL,S2D2,LNDCONHRTOT,LTOT,2050,0.0116448592509
GLOBAL,S2D2,LNDFORTOT,LTOT,2021,6.1403999521
GLOBAL,S2D2,LNDFORTOT,LTOT,2036,16.3753796169
GLOBAL,S2D2,LNDOTHHRTOT,LTOT,2021,0.0171408817711
GLOBAL,S2D2,LNDOTHHRTOT,LTOT,2022,0.0172155802616
GLOBAL,S2D2,LNDOTHHRTOT,LTOT,2023,0.0172903059789
GLOBAL,S2D2,LNDOTHHRTOT,LTOT,2024,0.0173650316962
GLOBAL,S2D2,LNDOTHHRTOT,LTOT,2025,0.0174397299346
GLOBAL,S2D2,LNDOTHHRTOT,LTOT,2026,0.0174960415116
GLOBAL,S2D2,LNDOTHHRTOT,LTOT,2027,0.0175523256097
GLOBAL,S2D2,LNDOTHHRTOT,LTOT,2028,0.0176086094557
GLOBAL,S2D2,LNDOTHHRTOT,LTOT,2029,0.0176648935538
GLOBAL,S2D2,LNDOTHHRTOT,LTOT,2030,0.0177212051308
GLOBAL,S2D2,LNDOTHHRTOT,LTOT,2031,0.0177597050865
GLOBAL,S2D2,LNDOTHHRTOT,LTOT,2032,0.0177982052943
GLOBAL,S2D2,LNDOTHHRTOT,LTOT,2033,0.017836732728899997
GLOBAL,S2D2,LNDOTHHRTOT,LTOT,2034,0.0178752326846
GLOBAL,S2D2,LNDOTHHRTOT,LTOT,2035,0.017913760119199998
GLOBAL,S2D2,LNDOTHHRTOT,LTOT,2036,0.0179309961962
GLOBAL,S2D2,LNDOTHHRTOT,LTOT,2037,0.017948232021099998
GLOBAL,S2D2,LNDOTHHRTOT,LTOT,2038,0.017965495577
GLOBAL,S2D2,LNDOTHHRTOT,LTOT,2039,0.0180746931962
GLOBAL,S2D2,LNDOTHHRTOT,LTOT,2040,0.0179999947057
GLOBAL,S2D2,LNDOTHHRTOT,LTOT,2041,0.0179973093365
GLOBAL,S2D2,LNDOTHHRTOT,LTOT,2042,0.0179946514462
GLOBAL,S2D2,LNDOTHHRTOT,LTOT,2043,0.0179919933038
GLOBAL,S2D2,LNDOTHHRTOT,LTOT,2044,0.0179893354135
GLOBAL,S2D2,LNDOTHHRTOT,LTOT,2045,0.017986650044299998
GLOBAL,S2D2,LNDOTHHRTOT,LTOT,2046,0.017968400021100003
GLOBAL,S2D2,LNDOTHHRTOT,LTOT,2047,0.01795015025
GLOBAL,S2D2,LNDOTHHRTOT,LTOT,2048,0.017972428327000002
GLOBAL,S2D2,LNDOTHHRTOT,LTOT,2049,0.0179339281192
GLOBAL,S2D2,LNDOTHHRTOT,LTOT,2050,0.0178954006846
GLOBAL,S2D2,LNDSGCHRTOT,LTOT,2021,0.39556781588999995
GLOBAL,S2D2,LNDSGCHRTOT,LTOT,2022,0.39729127233
GLOBAL,S2D2,LNDSGCHRTOT,LTOT,2023,0.39901699767
GLOBAL,S2D2,LNDSGCHRTOT,LTOT,2024,0.40074045411000003
GLOBAL,S2D2,LNDSGCHRTOT,LTOT,2025,0.40246391054999997
GLOBAL,S2D2,LNDSGCHRTOT,LTOT,2026,0.40376335999999996
GLOBAL,S2D2,LNDSGCHRTOT,LTOT,2027,0.40506280945
GLOBAL,S2D2,LNDSGCHRTOT,LTOT,2028,0.40636228411
GLOBAL,S2D2,LNDSGCHRTOT,LTOT,2029,0.40766173356
GLOBAL,S2D2,LNDSGCHRTOT,LTOT,2030,0.40896120822
GLOBAL,S2D2,LNDSGCHRTOT,LTOT,2031,0.40984814644
GLOBAL,S2D2,LNDSGCHRTOT,LTOT,2032,0.41073735356
GLOBAL,S2D2,LNDSGCHRTOT,LTOT,2033,0.41162658589
GLOBAL,S2D2,LNDSGCHRTOT,LTOT,2034,0.41251581822
GLOBAL,S2D2,LNDSGCHRTOT,LTOT,2035,0.41340275644
GLOBAL,S2D2,LNDSGCHRTOT,LTOT,2036,0.41380152822
GLOBAL,S2D2,LNDSGCHRTOT,LTOT,2037,0.41420029999999997
GLOBAL,S2D2,LNDSGCHRTOT,LTOT,2038,0.41459907178
GLOBAL,S2D2,LNDSGCHRTOT,LTOT,2039,0.41711777766999997
GLOBAL,S2D2,LNDSGCHRTOT,LTOT,2040,0.41539434644
GLOBAL,S2D2,LNDSGCHRTOT,LTOT,2041,0.41533245589
GLOBAL,S2D2,LNDSGCHRTOT,LTOT,2042,0.41527059055
GLOBAL,S2D2,LNDSGCHRTOT,LTOT,2043,0.4152087
GLOBAL,S2D2,LNDSGCHRTOT,LTOT,2044,0.41514910356
GLOBAL,S2D2,LNDSGCHRTOT,LTOT,2045,0.41508723822
GLOBAL,S2D2,LNDSGCHRTOT,LTOT,2046,0.41466555055
GLOBAL,S2D2,LNDSGCHRTOT,LTOT,2047,0.41424383767
GLOBAL,S2D2,LNDSGCHRTOT,LTOT,2048,0.41475721411
GLOBAL,S2D2,LNDSGCHRTOT,LTOT,2049,0.41386798177999995
GLOBAL,S2D2,LNDSGCHRTOT,LTOT,2050,0.41298104356
GLOBAL,S2D2,LNDYAMHRTOT,LTOT,2021,0.014930331576599998
GLOBAL,S2D2,LNDYAMHRTOT,LTOT,2022,0.0149954066538
GLOBAL,S2D2,LNDYAMHRTOT,LTOT,2023,0.015060509461999999
GLOBAL,S2D2,LNDYAMHRTOT,LTOT,2024,0.015125584539199998
GLOBAL,S2D2,LNDYAMHRTOT,LTOT,2025,0.0151906596164
GLOBAL,S2D2,LNDYAMHRTOT,LTOT,2026,0.015239694326899998
GLOBAL,S2D2,LNDYAMHRTOT,LTOT,2027,0.0152887292895
GLOBAL,S2D2,LNDYAMHRTOT,LTOT,2028,0.015337763999999999
GLOBAL,S2D2,LNDYAMHRTOT,LTOT,2029,0.015386771231599998
GLOBAL,S2D2,LNDYAMHRTOT,LTOT,2030,0.0154358059421
GLOBAL,S2D2,LNDYAMHRTOT,LTOT,2031,0.0154693546538
GLOBAL,S2D2,LNDYAMHRTOT,LTOT,2032,0.0155029033655
GLOBAL,S2D2,LNDYAMHRTOT,LTOT,2033,0.0155364520772
GLOBAL,S2D2,LNDYAMHRTOT,LTOT,2034,0.0155700007889
GLOBAL,S2D2,LNDYAMHRTOT,LTOT,2035,0.0156035217696
GLOBAL,S2D2,LNDYAMHRTOT,LTOT,2036,0.0156185645766
GLOBAL,S2D2,LNDYAMHRTOT,LTOT,2037,0.0156335799047
GLOBAL,S2D2,LNDYAMHRTOT,LTOT,2038,0.0156485949807
GLOBAL,S2D2,LNDYAMHRTOT,LTOT,2039,0.015743728193
GLOBAL,S2D2,LNDYAMHRTOT,LTOT,2040,0.0156786531158
GLOBAL,S2D2,LNDYAMHRTOT,LTOT,2041,0.0156763259807
GLOBAL,S2D2,LNDYAMHRTOT,LTOT,2042,0.0156739988456
GLOBAL,S2D2,LNDYAMHRTOT,LTOT,2043,0.0156716994415
GLOBAL,S2D2,LNDYAMHRTOT,LTOT,2044,0.0156693725585
GLOBAL,S2D2,LNDYAMHRTOT,LTOT,2045,0.0156670454234
GLOBAL,S2D2,LNDYAMHRTOT,LTOT,2046,0.0156511437117
GLOBAL,S2D2,LNDYAMHRTOT,LTOT,2047,0.015635242
GLOBAL,S2D2,LNDYAMHRTOT,LTOT,2048,0.0156546065573
GLOBAL,S2D2,LNDYAMHRTOT,LTOT,2049,0.015621057845599999
GLOBAL,S2D2,LNDYAMHRTOT,LTOT,2050,0.0155875368649
GLOBAL,S2D2,PWRBIOFJIXX01,BIOFJIXX,2022,2.1167793669023998
GLOBAL,S2D2,PWRBIOFJIXX01,BIOFJIXX,2023,1.0973054024712
GLOBAL,S2D2,PWRBIOFJIXX01,BIOFJIXX,2024,1.020905400332
GLOBAL,S2D2,PWRBIOFJIXX01,BIOFJIXX,2025,0.9540553984601999
GLOBAL,S2D2,PWRBIOFJIXX01,BIOFJIXX,2026,0.81080540407942
GLOBAL,S2D2,PWRBIOFJIXX01,BIOFJIXX,2027,0.66755540006842
GLOBAL,S2D2,PWRBIOFJIXX01,BIOFJIXX,2028,0.53851581610096
GLOBAL,S2D2,PWRBIOFJIXX01,BIOFJIXX,2030,0.9164624383083
GLOBAL,S2D2,PWRBIOFJIXX01,BIOFJIXX,2031,1.0509264555555997
GLOBAL,S2D2,PWRBIOFJIXX01,BIOFJIXX,2032,0.0050596358274322
GLOBAL,S2D2,PWRBIOFJIXX01,BIOFJIXX,2033,0.0050596358274322
GLOBAL,S2D2,PWRBIOFJIXX01,BIOFJIXX,2034,0.005936177970321199
GLOBAL,S2D2,PWRBIOFJIXX01,BIOFJIXX,2035,0.17469996238754
GLOBAL,S2D2,PWRBIOFJIXX01,BIOFJIXX,2037,0.016809078092241997
GLOBAL,S2D2,PWRBIOFJIXX01,BIOFJIXX,2039,0.42603172630967995
GLOBAL,S2D2,PWRBIOFJIXX01,BIOFJIXX,2040,0.028569852333227997
GLOBAL,S2D2,PWRBIOFJIXX01,BIOFJIXX,2041,0.036572593080866
GLOBAL,S2D2,PWRBIOFJIXX01,BIOFJIXX,2045,0.40468183673672
GLOBAL,S2D2,PWRBIOFJIXX01,BIOFJIXX,2046,0.35768341628940004
GLOBAL,S2D2,PWRBIOFJIXX01,BIOFJIXX,2047,0.45420991374342
GLOBAL,S2D2,PWRBIOFJIXX01,BIOFJIXX,2048,2.2322172955534
GLOBAL,S2D2,PWRBIOFJIXX01,BIOFJIXX,2049,1.1802303601714
GLOBAL,S2D2,PWRHYDFJIXX01,HYDFJIXX,2021,0.73700000551
GLOBAL,S2D2,PWRHYDFJIXX01,HYDFJIXX,2022,0.200469274624
GLOBAL,S2D2,PWRHYDFJIXX01,HYDFJIXX,2023,0.48274727319
GLOBAL,S2D2,PWRHYDFJIXX01,HYDFJIXX,2024,0.5203472823099999
GLOBAL,S2D2,PWRHYDFJIXX01,HYDFJIXX,2025,0.55324726508
GLOBAL,S2D2,PWRHYDFJIXX01,HYDFJIXX,2026,0.62374728218
GLOBAL,S2D2,PWRHYDFJIXX01,HYDFJIXX,2027,0.69424727407
GLOBAL,S2D2,PWRHYDFJIXX01,HYDFJIXX,2028,0.76102727836
GLOBAL,S2D2,PWRHYDFJIXX01,HYDFJIXX,2029,0.9350000009699999
GLOBAL,S2D2,PWRHYDFJIXX01,HYDFJIXX,2030,0.72808837135
GLOBAL,S2D2,PWRHYDFJIXX01,HYDFJIXX,2031,0.72808837135
GLOBAL,S2D2,PWRHYDFJIXX01,HYDFJIXX,2032,1.01110210864
GLOBAL,S2D2,PWRHYDFJIXX01,HYDFJIXX,2033,1.04850210162
GLOBAL,S2D2,PWRHYDFJIXX01,HYDFJIXX,2034,0.72808837135
GLOBAL,S2D2,PWRHYDFJIXX01,HYDFJIXX,2035,1.0579389105
GLOBAL,S2D2,PWRHYDFJIXX01,HYDFJIXX,2036,1.04626504185
GLOBAL,S2D2,PWRHYDFJIXX01,HYDFJIXX,2037,1.0579389105
GLOBAL,S2D2,PWRHYDFJIXX01,HYDFJIXX,2038,1.0579389105
GLOBAL,S2D2,PWRHYDFJIXX01,HYDFJIXX,2039,1.0579389105
GLOBAL,S2D2,PWRHYDFJIXX01,HYDFJIXX,2040,1.03555195151
GLOBAL,S2D2,PWRHYDFJIXX01,HYDFJIXX,2041,1.0579389105
GLOBAL,S2D2,PWRHYDFJIXX01,HYDFJIXX,2042,1.0579389105
GLOBAL,S2D2,PWRHYDFJIXX01,HYDFJIXX,2043,1.0579389105
GLOBAL,S2D2,PWRHYDFJIXX01,HYDFJIXX,2044,1.0579389105
GLOBAL,S2D2,PWRHYDFJIXX01,HYDFJIXX,2045,1.0579389105
GLOBAL,S2D2,PWRHYDFJIXX01,HYDFJIXX,2046,1.0579389105
GLOBAL,S2D2,PWRHYDFJIXX01,HYDFJIXX,2047,1.0579389105
GLOBAL,S2D2,PWRHYDFJIXX01,HYDFJIXX,2048,1.0579389105
GLOBAL,S2D2,PWRHYDFJIXX01,HYDFJIXX,2049,1.0579389105
GLOBAL,S2D2,PWRHYDFJIXX01,HYDFJIXX,2050,1.0579389105
GLOBAL,S2D2,PWROILFJIXX01,OILINT,2035,0.05115412305543599
GLOBAL,S2D2,PWROILFJIXX01,OILINT,2038,0.5731570169660399
GLOBAL,S2D2,PWROILFJIXX01,OILINT,2039,0.43795949538225
GLOBAL,S2D2,PWROILFJIXX01,OILINT,2041,0.24385685098985999
GLOBAL,S2D2,PWRPETFJIXX01,PETINT,2034,1.0874758379256002
GLOBAL,S2D2,PWRPETFJIXX01,PETINT,2036,0.35423043379938
GLOBAL,S2D2,PWRPETFJIXX01,PETINT,2037,0.43295151796632
GLOBAL,S2D2,PWRPETFJIXX01,PETINT,2040,0.73719633181356
GLOBAL,S2D2,PWRPETFJIXX01,PETINT,2041,0.56889633481542
GLOBAL,S2D2,PWRPETFJIXX01,PETINT,2042,0.9810539955233999
GLOBAL,S2D2,PWRPETFJIXX01,PETINT,2043,1.122425987139
GLOBAL,S2D2,PWRPETFJIXX01,PETINT,2044,1.2705299820287999
GLOBAL,S2D2,PWRPETFJIXX01,PETINT,2045,1.0877327999261999
GLOBAL,S2D2,PWRPETFJIXX01,PETINT,2046,1.2936807077166
GLOBAL,S2D2,PWRPETFJIXX01,PETINT,2047,1.2559676962842
GLOBAL,S2D2,PWRPETFJIXX01,PETINT,2049,1.0109911100184
GLOBAL,S2D2,PWRPETFJIXX01,PETINT,2050,2.124711246177
GLOBAL,S2D2,PWRSPVFJIXX01,SPVFJIXX,2040,0.066855208241
GLOBAL,S2D2,PWRSPVFJIXX01,SPVFJIXX,2041,0.066855208241
GLOBAL,S2D2,PWRSPVFJIXX01,SPVFJIXX,2042,0.066855208241
GLOBAL,S2D2,PWRSPVFJIXX01,SPVFJIXX,2043,0.066855208241
GLOBAL,S2D2,PWRSPVFJIXX01,SPVFJIXX,2044,0.066855208241
GLOBAL,S2D2,PWRSPVFJIXX01,SPVFJIXX,2045,0.066855208241
GLOBAL,S2D2,PWRSPVFJIXX01,SPVFJIXX,2046,0.066855208241
GLOBAL,S2D2,PWRSPVFJIXX01,SPVFJIXX,2047,0.11111101786399999
GLOBAL,S2D2,PWRSPVFJIXX01,SPVFJIXX,2048,0.11111101786399999
GLOBAL,S2D2,PWRSPVFJIXX01,SPVFJIXX,2049,0.11111101786399999
GLOBAL,S2D2,PWRSPVFJIXX01,SPVFJIXX,2050,0.11111101786399999
GLOBAL,S2D2,PWRTRNFJIXX,ELCFJIXX01,2021,0.73700000551
GLOBAL,S2D2,PWRTRNFJIXX,ELCFJIXX01,2022,0.75459998886
GLOBAL,S2D2,PWRTRNFJIXX,ELCFJIXX01,2023,0.7699999963499999
GLOBAL,S2D2,PWRTRNFJIXX,ELCFJIXX01,2024,0.78760000491
GLOBAL,S2D2,PWRTRNFJIXX,ELCFJIXX01,2025,0.8030000124
GLOBAL,S2D2,PWRTRNFJIXX,ELCFJIXX01,2026,0.83600000324
GLOBAL,S2D2,PWRTRNFJIXX,ELCFJIXX01,2027,0.86899999408
GLOBAL,S2D2,PWRTRNFJIXX,ELCFJIXX01,2028,0.90200001013
GLOBAL,S2D2,PWRTRNFJIXX,ELCFJIXX01,2029,0.9350000009699999
GLOBAL,S2D2,PWRTRNFJIXX,ELCFJIXX01,2030,0.96799999181
GLOBAL,S2D2,PWRTRNFJIXX,ELCFJIXX01,2031,1.00320000893
GLOBAL,S2D2,PWRTRNFJIXX,ELCFJIXX01,2032,1.03840000084
GLOBAL,S2D2,PWRTRNFJIXX,ELCFJIXX01,2033,1.0757999938199998
GLOBAL,S2D2,PWRTRNFJIXX,ELCFJIXX01,2034,1.11100001094
GLOBAL,S2D2,PWRTRNFJIXX,ELCFJIXX01,2035,1.14620000285
GLOBAL,S2D2,PWRTRNFJIXX,ELCFJIXX01,2036,1.18799999797
GLOBAL,S2D2,PWRTRNFJIXX,ELCFJIXX01,2037,1.2297999930899999
GLOBAL,S2D2,PWRTRNFJIXX,ELCFJIXX01,2038,1.26940001235
GLOBAL,S2D2,PWRTRNFJIXX,ELCFJIXX01,2039,1.3112000074699999
GLOBAL,S2D2,PWRTRNFJIXX,ELCFJIXX01,2040,1.3508000015200001
GLOBAL,S2D2,PWRTRNFJIXX,ELCFJIXX01,2041,1.39919999985
GLOBAL,S2D2,PWRTRNFJIXX,ELCFJIXX01,2042,1.44539999711
GLOBAL,S2D2,PWRTRNFJIXX,ELCFJIXX01,2043,1.4915999943699998
GLOBAL,S2D2,PWRTRNFJIXX,ELCFJIXX01,2044,1.5399999926999999
GLOBAL,S2D2,PWRTRNFJIXX,ELCFJIXX01,2045,1.5861999899600001
GLOBAL,S2D2,PWRTRNFJIXX,ELCFJIXX01,2046,1.6411999915
GLOBAL,S2D2,PWRTRNFJIXX,ELCFJIXX01,2047,1.6983999941099999
GLOBAL,S2D2,PWRTRNFJIXX,ELCFJIXX01,2048,1.75339999565
GLOBAL,S2D2,PWRTRNFJIXX,ELCFJIXX01,2049,1.80839999719
GLOBAL,S2D2,PWRTRNFJIXX,ELCFJIXX01,2050,1.86339999873
GLOBAL,S2D2,PWRWONFJIXX01,WONFJIXX,2032,0.025973386531000002
GLOBAL,S2D2,PWRWONFJIXX01,WONFJIXX,2033,0.025973386531000002
GLOBAL,S2D2,PWRWONFJIXX01,WONFJIXX,2034,0.025973386531000002
GLOBAL,S2D2,PWRWONFJIXX01,WONFJIXX,2035,0.025973386531000002
GLOBAL,S2D2,PWRWONFJIXX01,WONFJIXX,2036,0.025973386531000002
GLOBAL,S2D2,PWRWONFJIXX01,WONFJIXX,2037,0.025973386531000002
GLOBAL,S2D2,PWRWONFJIXX01,WONFJIXX,2038,0.025973386531000002
