,id,index_right,cluster,sqkm,precipitation prc_mean,SGC yld Irrigation High_mean,YAM yld Rain-fed Low_mean,CAS yld Rain-fed Low_mean,SGC yld Rain-fed High_mean,SGC evt Irrigation Low_mean,PTS evt Rain-fed Low_mean,RCP yld Irrigation Low_mean,YAM cwd Rain-fed High_mean,CON cwd Rain-fed High_mean,CON evt Irrigation Low_mean,CAS evt Rain-fed High_mean,PTS yld Rain-fed High_mean,PTS evt Irrigation High_mean,RCP yld Rain-fed High_mean,SGC yld Rain-fed Low_mean,RCP evt Rain-fed Low_mean,YAM yld Irrigation High_mean,SGC yld Irrigation Low_mean,CON yld Irrigation High_mean,CON yld Irrigation Low_mean,YAM evt Irrigation High_mean,CAS evt Irrigation Low_mean,RCP cwd Rain-fed Low_mean,SGC cwd Irrigation Low_mean,RCP yld Rain-fed Low_mean,CON cwd Rain-fed Low_mean,RCP evt Irrigation High_mean,PTS evt Rain-fed High_mean,YAM evt Rain-fed High_mean,PTS cwd Rain-fed High_mean,YAM evt Rain-fed Low_mean,PTS evt Irrigation Low_mean,CAS cwd Irrigation Low_mean,CAS yld Rain-fed High_mean,CON yld Rain-fed Low_mean,PTS cwd Irrigation High_mean,CAS evt Irrigation High_mean,CON cwd Irrigation Low_mean,PTS cwd Rain-fed Low_mean,SGC evt Rain-fed Low_mean,CON evt Rain-fed High_mean,SGC cwd Rain-fed Low_mean,RCP cwd Irrigation High_mean,SGC cwd Irrigation High_mean,CAS yld Irrigation Low_mean,CAS evt Rain-fed Low_mean,YAM yld Irrigation Low_mean,YAM cwd Rain-fed Low_mean,PTS yld Rain-fed Low_mean,PTS cwd Irrigation Low_mean,CON yld Rain-fed High_mean,PTS yld Irrigation High_mean,SGC evt Irrigation High_mean,CON evt Rain-fed Low_mean,RCP yld Irrigation High_mean,YAM cwd Irrigation High_mean,YAM evt Irrigation Low_mean,CON cwd Irrigation High_mean,PTS yld Irrigation Low_mean,CON evt Irrigation High_mean,RCP evt Irrigation Low_mean,YAM cwd Irrigation Low_mean,RCP cwd Irrigation Low_mean,CAS yld Irrigation High_mean,RCP evt Rain-fed High_mean,CAS cwd Irrigation High_mean,RCP cwd Rain-fed High_mean,CAS cwd Rain-fed High_mean,SGC cwd Rain-fed High_mean,SGC evt Rain-fed High_mean,CAS cwd Rain-fed Low_mean,YAM yld Rain-fed High_mean,LCType2,LCType5,LCType6,LCType10,geometry
0,0,0,FJI,87.11510635315709,2624.5,11494.0,2340.0,2183.0,11494.0,860.5,522.5,2077.0,1.0,1.0,0.0,973.5,7502.5,615.5,7618.0,3594.0,491.0,7911.0,3521.0,4052.0,0.0,919.5,585.0,1.0,1.0,1957.5,0.0,623.5,629.0,1053.5,1.0,835.0,522.5,1.0,9365.0,0.0,1.0,800.0,0.0,1.0,1011.5,964.0,1.0,1.0,1.0,2104.0,751.0,2337.5,1.0,2117.0,1.0,4052.0,7502.5,1172.5,0.0,7781.0,1.0,648.5,1.0,2117.0,805.5,527.5,1.0,1.0,9365.0,634.0,1.0,1.0,1.0,1.0,1287.0,1.0,7911.0,,,,2.0,"POLYGON ((178.04166000000012 -19.16418599999991, 178.04166000000015 -19.07418599999991, 177.95166000000015 -19.07418599999991, 177.9516600000001 -19.16418599999991, 178.04166000000012 -19.16418599999991))"
1,1,0,FJI,87.11510635318606,2303.0,11462.0,2765.5,2495.5,11462.0,902.0,537.5,2144.0,1.0,1.0,343.5,1008.5,8272.5,637.0,8744.0,3599.0,483.0,9419.5,3526.0,4667.5,605.5,965.0,613.5,1.0,1.0,1965.5,0.5,642.5,651.0,1078.0,1.0,857.5,537.5,1.0,9595.5,606.5,1.0,840.0,0.5,1.0,1049.0,1001.5,1.0,1.0,1.0,2408.0,775.5,2762.5,1.0,2613.0,1.0,4667.5,8272.5,1231.5,401.5,9086.0,1.0,679.5,1.0,2613.0,842.5,542.5,1.0,1.0,9595.5,650.0,1.0,2.0,1.0,1.0,1333.0,1.0,9419.5,,,1.0,1.0,"POLYGON ((178.13166000000015 -19.16418599999991, 178.1316600000001 -19.07418599999991, 178.04166000000015 -19.07418599999991, 178.04166000000012 -19.16418599999991, 178.13166000000015 -19.16418599999991))"
2,2,0,FJI,87.11510635313776,2303.0,11400.0,2759.0,2519.0,11400.0,912.5,541.5,2148.0,1.0,1.0,691.0,1017.5,8405.5,642.5,8722.0,3601.5,487.5,9368.0,3536.5,4735.0,1193.0,975.5,621.0,1.0,1.0,1976.0,1.0,648.0,656.5,1086.5,1.0,865.0,545.5,1.0,9601.0,1195.0,1.0,849.0,1.0,1.0,1059.0,1010.5,1.0,1.0,1.0,2437.0,782.5,2755.5,1.0,2605.0,1.0,4735.0,8405.5,1245.0,806.5,9103.0,1.0,687.0,1.0,2605.5,852.0,547.0,1.0,1.0,9601.0,653.5,1.0,4.5,1.0,1.0,1345.5,1.0,9368.0,,,2.0,,"POLYGON ((178.2216600000001 -19.16418599999991, 178.22166000000016 -19.07418599999991, 178.13166000000018 -19.07418599999991, 178.13166000000015 -19.16418599999991, 178.2216600000001 -19.16418599999991))"
3,3,0,FJI,87.1613022004791,2303.0,11370.0,2756.0,2536.0,11370.0,918.0,544.0,2152.0,1.0,1.0,695.0,1022.0,8498.0,645.0,8715.0,3599.0,490.0,9343.0,3542.0,4766.0,1175.0,981.0,625.0,1.0,1.0,1983.0,1.0,651.0,659.0,1091.0,1.0,869.0,552.0,1.0,9613.0,1177.0,1.0,854.0,1.0,1.0,1064.0,1015.0,1.0,1.0,1.0,2457.0,786.0,2752.0,1.0,2600.0,1.0,4766.0,8498.0,1252.0,810.0,9119.0,1.0,691.0,1.0,2601.0,857.0,549.0,1.0,1.0,9613.0,655.0,1.0,6.0,1.0,1.0,1352.0,1.0,9343.0,,,1.0,,"POLYGON ((178.22166000000016 -19.074185999999916, 178.22166000000013 -18.984185999999912, 178.13166000000015 -18.984185999999912, 178.13166000000018 -19.074185999999916, 178.22166000000016 -19.074185999999916))"
4,4,0,FJI,87.16130220048876,2731.6666666666665,11393.0,921.0,834.0,11393.0,302.3333333333333,179.66666666666666,2686.0,1.0,0.3333333333333333,229.33333333333334,1321.0,9411.0,820.6666666666666,9252.333333333334,1201.3333333333333,161.66666666666666,9362.0,1177.3333333333333,1568.3333333333333,403.6666666666667,1261.0,206.0,0.3333333333333333,0.3333333333333333,656.3333333333334,0.3333333333333333,828.3333333333334,834.0,1418.3333333333333,1.0,287.3333333333333,179.66666666666666,0.3333333333333333,9898.666666666666,404.0,1.0,1148.6666666666667,0.3333333333333333,0.3333333333333333,351.3333333333333,335.3333333333333,0.3333333333333333,1.0,81.0,806.0,259.6666666666667,919.6666666666666,0.3333333333333333,869.6666666666666,0.3333333333333333,1568.3333333333333,9411.0,1606.0,267.6666666666667,9381.666666666666,40.0,227.66666666666666,0.3333333333333333,869.6666666666666,282.6666666666667,683.3333333333334,0.3333333333333333,1.0,9898.666666666666,831.3333333333334,1.0,1.6666666666666667,1.0,1.0,1810.3333333333333,0.3333333333333333,9362.0,,,1.0,2.0,"POLYGON ((178.40166000000016 -19.074185999999916, 178.40166000000013 -18.984185999999912, 178.31166000000013 -18.984185999999912, 178.3116600000002 -19.074185999999916, 178.40166000000016 -19.074185999999916))"
5,5,0,FJI,87.2072863202362,2946.0,11373.0,0.0,0.0,11373.0,0.0,0.0,2957.0,1.0,0.0,0.0,1475.0,9961.0,911.5,9514.0,0.0,0.0,9345.0,0.0,0.0,0.0,1406.0,0.0,0.0,0.0,0.0,0.0,920.0,924.0,1586.5,1.0,0.0,0.0,0.0,10052.0,0.0,1.0,1300.5,0.0,0.0,0.0,0.0,0.0,1.0,121.0,0.0,0.0,0.0,0.0,0.0,0.0,0.0,9961.0,1789.5,0.0,9530.0,59.5,0.0,0.0,0.0,0.0,752.5,0.0,1.0,10052.0,921.0,1.0,1.0,1.0,1.0,2046.0,0.0,9345.0,,,1.0,1.0,"POLYGON ((178.40166000000013 -18.98418599999992, 178.40166000000016 -18.894185999999912, 178.3116600000002 -18.894185999999912, 178.31166000000013 -18.98418599999992, 178.40166000000013 -18.98418599999992))"
6,6,0,FJI,87.16130220045011,2624.5,11403.0,1381.5,1251.0,11403.0,453.5,269.5,2550.5,1.0,0.5,344.0,1243.0,9136.0,774.5,9121.5,1802.0,242.5,9370.5,1766.0,2352.5,605.5,1188.0,309.0,0.5,0.5,984.5,0.5,782.0,788.5,1333.0,1.0,431.0,269.5,0.5,9822.0,606.0,1.0,1071.5,0.5,0.5,527.0,503.0,0.5,1.0,60.0,1209.0,389.5,1379.5,0.5,1304.5,0.5,2352.5,9136.0,1513.5,401.5,9307.5,29.5,341.5,0.5,1304.5,424.0,648.5,0.5,1.0,9822.0,786.0,1.0,2.0,1.0,1.0,1691.0,0.5,9370.5,,,1.0,1.0,"POLYGON ((178.4916600000002 -19.074185999999916, 178.49166000000017 -18.984185999999912, 178.40166000000013 -18.984185999999912, 178.40166000000016 -19.074185999999916, 178.4916600000002 -19.074185999999916))"
7,7,0,FJI,87.48838104496237,2838.0,11164.0,1872.0,1851.0,11164.0,882.0,516.0,1968.0,1.0,1.0,667.0,926.0,6634.0,603.0,6562.0,3556.0,500.0,6473.0,3516.0,3870.0,1386.0,834.0,618.0,1.0,1.0,1911.0,1.0,606.0,618.0,1005.0,1.0,879.0,517.0,1.0,8903.0,1387.0,1.0,704.0,1.0,1.0,1036.0,900.0,1.0,1.0,1.0,1784.0,779.0,1870.0,1.0,1584.0,1.0,3870.0,6634.0,1069.0,766.0,6562.0,1.0,675.0,1.0,1584.0,707.0,524.0,1.0,1.0,8903.0,622.0,1.0,1.0,1.0,1.0,1230.0,1.0,6473.0,,,,1.0,"POLYGON ((178.17888200000002 -18.424722999999975, 178.17888199999996 -18.334722999999965, 178.08888199999998 -18.334722999999965, 178.088882 -18.424722999999975, 178.17888200000002 -18.424722999999975))"
8,8,0,FJI,87.23006773946399,,,,,,,,,,,,,,,,,,,,,,,,,,,,,,,,,,,,,,,,,,,,,,,,,,,,,,,,,,,,,,,,,,,,,,,,,,,,,,"POLYGON ((178.54388800000024 -18.939443999999863, 178.5438880000002 -18.849443999999863, 178.4538880000002 -18.849443999999863, 178.4538880000002 -18.939443999999863, 178.54388800000024 -18.939443999999863))"
9,9,0,FJI,87.69337198894087,1903.0,11116.5,2696.0,2844.0,11116.5,925.5,516.5,2288.5,1.0,3.5,695.5,882.0,9436.5,568.0,8191.0,3530.0,445.0,9131.5,3498.5,5029.0,1463.5,789.0,622.5,1.0,1.0,2080.0,1.0,536.5,586.5,1002.5,1.0,859.0,516.5,1.0,9865.0,1465.5,46.0,754.5,1.0,1.0,1044.0,891.5,1.0,81.0,131.0,2749.5,783.0,2693.0,1.0,2683.0,1.0,5002.5,9791.0,1002.5,786.0,9374.0,86.5,692.5,1.0,2683.0,773.5,513.0,1.0,1.0,9865.0,506.0,1.0,1.0,44.5,55.0,1192.0,1.0,9083.5,,,,2.0,"POLYGON ((177.33293500000016 -18.00604699999995, 177.33293500000016 -17.916046999999946, 177.2429350000002 -17.916046999999946, 177.2429350000002 -18.00604699999995, 177.33293500000016 -18.00604699999995))"
10,10,0,FJI,87.73683656236405,1903.0,11089.0,2689.0,2853.0,11089.0,930.0,518.0,2297.0,1.0,5.0,699.0,882.0,9412.0,567.0,8179.0,3521.0,441.0,9108.0,3490.0,5018.0,1474.0,790.0,626.0,1.0,1.0,2090.0,1.0,534.0,588.0,1005.0,1.0,862.0,518.0,1.0,9844.0,1476.0,49.0,758.0,1.0,1.0,1049.0,893.0,1.0,84.0,135.0,2758.0,786.0,2686.0,1.0,2692.0,1.0,4988.0,9773.0,1004.0,789.0,9357.0,90.0,696.0,1.0,2692.0,777.0,515.0,1.0,1.0,9844.0,508.0,1.0,1.0,47.0,58.0,1193.0,1.0,9054.0,,,,1.0,"POLYGON ((177.33293500000016 -17.916046999999946, 177.3329350000002 -17.82604699999995, 177.24293500000022 -17.82604699999995, 177.2429350000002 -17.916046999999946, 177.33293500000016 -17.916046999999946))"
11,11,0,FJI,87.64969465326188,2813.3333333333335,11170.0,2282.3333333333335,1946.0,11170.0,996.0,542.3333333333334,1968.6666666666667,1.0,1.0,735.3333333333334,981.6666666666666,6632.666666666667,646.3333333333334,7240.666666666667,3548.6666666666665,528.6666666666666,7580.333333333333,3515.0,4191.333333333333,1249.3333333333333,939.6666666666666,681.6666666666666,1.0,1.0,1890.0,1.0,637.3333333333334,661.6666666666666,1056.6666666666667,1.0,910.0,542.3333333333334,1.0,8912.666666666666,1251.3333333333333,1.0,818.3333333333334,1.0,1.0,1108.6666666666667,919.0,1.0,1.0,1.0,1880.0,824.3333333333334,2279.3333333333335,1.0,2064.3333333333335,1.0,4191.333333333333,6632.666666666667,1215.6666666666667,830.0,7371.333333333333,1.0,769.3333333333334,1.0,2064.0,822.3333333333334,539.0,1.0,1.0,8912.666666666666,627.6666666666666,1.0,1.0,1.0,1.0,1324.0,1.0,7580.333333333333,,,2.0,1.0,"POLYGON ((177.4229350000002 -18.096046999999952, 177.42293500000017 -18.006046999999942, 177.33293500000016 -18.006046999999942, 177.3329350000002 -18.096046999999952, 177.4229350000002 -18.096046999999952))"
12,12,0,FJI,87.69337198895055,2171.875,11196.25,2606.125,2502.625,11196.25,930.0,517.5,2142.375,1.0,1.625,696.25,914.75,8643.0,600.0,7944.625,3555.25,466.125,8791.0,3520.75,4789.375,1373.875,840.5,628.375,1.0,1.0,1974.75,1.0,580.0,613.0,1006.25,1.0,862.875,517.25,1.0,9598.5,1375.875,16.0,759.5,1.0,1.0,1047.0,891.375,1.0,36.875,70.0,2418.75,784.5,2603.125,1.0,2473.625,1.0,4780.75,8767.25,1068.375,788.375,8825.125,38.75,701.625,1.0,2473.5,774.5,514.25,1.0,1.0,9598.5,540.75,1.0,1.0,16.25,20.5,1231.75,1.0,8775.625,,,5.0,3.0,"POLYGON ((177.42293500000017 -18.00604699999995, 177.4229350000002 -17.916046999999946, 177.33293500000022 -17.916046999999946, 177.33293500000016 -18.00604699999995, 177.42293500000017 -18.00604699999995))"
13,13,0,FJI,87.73683656238343,1969.8,11092.2,2689.0,2706.0,11092.2,926.8,517.0,2201.2,1.0,1.8,696.8,904.6,9434.6,590.4,8186.6,3521.0,456.8,9110.6,3490.0,4994.6,1455.8,816.6,623.4,1.0,1.0,2017.2,1.0,563.0,602.6,1003.2,1.6,859.4,516.8,1.0,9800.2,1457.8,19.6,754.6,1.0,1.0,1044.6,894.0,1.0,54.4,102.8,2617.4,783.0,2686.0,1.0,2598.8,1.0,4982.4,9613.0,1031.4,786.8,9311.2,59.0,693.0,1.0,2598.8,773.4,513.6,1.0,1.0,9800.2,521.4,1.0,1.0,22.8,29.4,1218.6,1.0,9088.4,,1.0,1.0,3.0,"POLYGON ((177.4229350000002 -17.916046999999946, 177.4229350000002 -17.82604699999995, 177.33293500000022 -17.82604699999995, 177.33293500000022 -17.916046999999946, 177.4229350000002 -17.916046999999946))"
14,14,0,FJI,87.78008828928016,1998.0,11012.333333333334,2669.3333333333335,2684.0,11012.333333333334,940.0,522.3333333333334,2177.0,1.0,1.0,706.3333333333334,919.3333333333334,9520.0,600.3333333333334,8203.666666666666,3495.0,470.3333333333333,9044.333333333334,3464.6666666666665,4986.333333333333,1484.6666666666667,829.6666666666666,632.3333333333334,1.0,1.0,2013.3333333333333,1.0,571.3333333333334,609.6666666666666,1013.0,2.0,868.3333333333334,522.3333333333334,1.0,9775.0,1486.6666666666667,9.0,765.0,1.0,1.0,1056.3333333333333,904.0,1.0,51.333333333333336,103.0,2597.6666666666665,791.3333333333334,2666.3333333333335,1.0,2562.3333333333335,1.0,4980.0,9684.666666666666,1047.3333333333333,795.3333333333334,9299.666666666666,57.666666666666664,703.0,1.0,2562.3333333333335,784.0,519.0,1.0,1.0,9775.0,533.6666666666666,1.0,1.0,17.666666666666668,23.666666666666668,1238.3333333333333,1.0,9032.666666666666,,1.0,,2.0,"POLYGON ((177.4229350000002 -17.826046999999953, 177.42293500000014 -17.73604699999995, 177.33293500000013 -17.73604699999995, 177.33293500000022 -17.826046999999953, 177.4229350000002 -17.826046999999953))"
15,15,0,FJI,87.6058046400303,2828.5,11099.5,2283.5,1939.5,11099.5,983.5,550.5,1962.0,1.0,1.0,740.5,997.0,6608.5,655.5,7311.0,3528.0,550.5,7583.0,3493.5,4161.0,1218.0,928.5,676.0,1.0,1.0,1888.5,1.0,650.0,672.0,1075.0,1.0,931.0,555.0,1.0,8862.5,1219.5,1.0,807.0,1.0,1.0,1127.5,932.0,1.0,1.0,1.0,1872.5,838.5,2280.5,1.0,2074.0,1.0,4161.0,6608.5,1209.5,832.5,7382.5,1.0,753.0,1.0,2074.0,811.0,541.0,1.0,1.0,8862.5,639.0,1.0,1.0,1.0,1.0,1341.5,1.0,7583.0,,,,2.0,"POLYGON ((177.5129350000002 -18.186046999999952, 177.5129350000002 -18.096046999999942, 177.42293500000025 -18.096046999999942, 177.42293500000025 -18.186046999999952, 177.5129350000002 -18.186046999999952))"
16,16,0,FJI,87.6496946532134,2837.75,11147.75,2249.0,1936.25,11147.75,976.25,547.25,1966.0,1.0,1.0,735.25,990.0,6623.75,651.25,7224.75,3543.0,547.25,7466.5,3508.5,4138.25,1244.75,922.0,671.0,1.0,1.0,1899.25,1.0,645.75,667.75,1067.5,1.0,925.75,551.75,1.0,8897.5,1246.25,1.0,800.5,1.0,1.0,1119.75,933.75,1.0,1.0,1.0,1870.25,833.25,2246.0,1.0,2027.25,1.0,4138.25,6623.75,1200.25,828.5,7291.75,1.0,748.0,1.0,2027.0,804.75,538.0,1.0,1.0,8897.5,641.0,1.0,1.0,1.0,1.0,1331.5,1.0,7466.5,,,1.0,3.0,"POLYGON ((177.5129350000002 -18.096046999999952, 177.51293500000017 -18.006046999999942, 177.42293500000022 -18.006046999999942, 177.42293500000025 -18.096046999999952, 177.5129350000002 -18.096046999999952))"
17,17,0,FJI,87.69337198893118,2292.0,11300.333333333334,2569.3333333333335,2282.6666666666665,11300.333333333334,909.1666666666666,514.6666666666666,2061.5,1.0,1.0,577.6666666666666,923.0,8089.5,609.8333333333334,7782.0,3580.6666666666665,483.8333333333333,8667.833333333334,3536.1666666666665,4596.166666666667,1099.0,852.8333333333334,616.1666666666666,1.0,1.0,1919.5,0.8333333333333334,603.5,622.3333333333334,997.8333333333334,1.0,858.5,514.1666666666666,1.0,9458.166666666666,1100.5,1.0,736.1666666666666,0.8333333333333334,1.0,1036.3333333333333,893.3333333333334,1.0,8.166666666666666,30.166666666666668,2202.6666666666665,776.8333333333334,2566.0,1.0,2381.8333333333335,1.0,4596.166666666667,8089.666666666667,1080.0,655.6666666666666,8517.833333333334,7.333333333333333,692.1666666666666,1.0,2381.6666666666665,745.3333333333334,510.8333333333333,1.0,1.0,9458.166666666666,556.8333333333334,1.0,1.0,1.0,1.0,1238.1666666666667,1.0,8667.833333333334,,,4.0,2.0,"POLYGON ((177.51293500000017 -18.00604699999995, 177.51293500000017 -17.916046999999946, 177.42293500000022 -17.916046999999946, 177.42293500000022 -18.00604699999995, 177.51293500000017 -18.00604699999995))"
18,18,0,FJI,87.73683656235434,2014.5,11233.0,2717.5,2506.5,11233.0,900.75,508.75,2116.0,1.0,1.0,517.0,904.75,9096.5,598.0,8139.0,3553.25,464.0,9227.5,3509.0,4880.5,1073.5,826.75,605.75,1.0,1.0,1946.5,0.75,582.5,607.75,982.0,1.0,841.5,506.25,1.0,9747.0,1075.0,1.25,724.25,0.75,1.0,1018.75,888.0,1.0,23.25,63.5,2420.25,765.0,2714.0,1.0,2563.5,1.0,4880.0,9138.5,1031.5,585.25,9220.75,25.5,683.25,1.0,2563.5,736.0,508.0,1.0,1.0,9747.0,521.25,1.0,1.0,4.25,5.75,1214.0,1.0,9226.25,,1.0,2.0,1.0,"POLYGON ((177.51293500000017 -17.916046999999946, 177.51293500000017 -17.82604699999995, 177.42293500000025 -17.82604699999995, 177.42293500000022 -17.916046999999946, 177.51293500000017 -17.916046999999946))"
19,19,0,FJI,87.78008828924133,2017.75,11141.0,2699.0,2540.0,11141.0,917.75,512.25,2120.75,1.0,1.0,689.5,914.25,9289.75,602.75,8168.75,3535.5,471.75,9149.75,3495.0,4954.25,1406.5,832.5,617.25,1.0,1.0,1962.0,1.0,581.5,612.75,994.5,1.0,852.75,512.25,1.0,9763.25,1408.75,1.5,738.0,1.0,1.0,1034.5,900.25,1.0,31.5,78.5,2456.0,776.0,2695.5,1.0,2550.25,1.0,4953.5,9363.75,1037.5,780.0,9248.75,35.25,696.5,1.0,2550.25,750.0,510.25,1.0,1.0,9763.25,531.0,1.0,1.0,6.75,9.25,1228.75,1.0,9148.25,,1.0,1.0,2.0,"POLYGON ((177.51293500000017 -17.826046999999953, 177.51293500000017 -17.73604699999995, 177.42293500000025 -17.73604699999995, 177.42293500000025 -17.826046999999953, 177.51293500000017 -17.826046999999953))"
20,20,0,FJI,87.82312708570551,2028.25,11191.0,2710.75,2509.75,11191.0,912.0,509.25,2112.25,1.0,1.0,685.5,910.0,9131.25,598.5,8146.5,3550.75,466.75,9189.5,3510.5,4961.75,1387.5,830.0,613.25,1.0,1.0,1950.5,1.0,580.0,611.25,989.0,1.0,848.0,509.25,1.0,9745.0,1389.75,2.25,733.25,1.0,1.0,1028.0,894.5,1.0,29.0,74.75,2427.75,771.25,2707.25,1.0,2555.5,1.0,4961.5,9189.25,1034.25,775.25,9213.25,32.75,692.75,1.0,2555.75,745.75,507.0,1.0,1.0,9745.0,530.0,1.0,1.0,5.25,7.0,1223.25,1.0,9189.25,,,2.0,2.0,"POLYGON ((177.51293500000017 -17.73604699999995, 177.51293500000023 -17.646046999999946, 177.42293500000022 -17.646046999999946, 177.42293500000025 -17.73604699999995, 177.51293500000017 -17.73604699999995))"
21,21,0,FJI,87.86595286832252,2040.3333333333333,11162.333333333334,2704.6666666666665,2495.3333333333335,11162.333333333334,918.6666666666666,515.0,2105.3333333333335,1.0,1.0,690.0,913.6666666666666,9127.666666666666,599.6666666666666,8114.0,3541.3333333333335,471.0,9164.666666666666,3510.6666666666665,5029.333333333333,1428.3333333333333,830.0,617.6666666666666,1.0,1.0,1949.3333333333333,1.0,577.3333333333334,615.3333333333334,993.3333333333334,1.0,851.6666666666666,511.6666666666667,1.0,9731.333333333334,1430.3333333333333,2.3333333333333335,735.3333333333334,1.0,1.0,1033.3333333333333,895.3333333333334,1.0,34.333333333333336,85.33333333333333,2417.0,774.6666666666666,2701.6666666666665,1.0,2549.6666666666665,1.0,5027.333333333333,9187.666666666666,1029.3333333333333,778.6666666666666,9200.0,39.666666666666664,701.3333333333334,1.0,2550.0,746.3333333333334,509.3333333333333,1.0,1.0,9731.333333333334,522.6666666666666,1.0,1.0,6.0,7.666666666666667,1229.0,1.0,9161.0,,,1.0,2.0,"POLYGON ((177.51293500000023 -17.646046999999946, 177.5129350000002 -17.556046999999946, 177.42293500000025 -17.556046999999946, 177.42293500000022 -17.646046999999946, 177.51293500000023 -17.646046999999946))"
22,22,0,FJI,87.60580464007876,2862.5,11140.5,2204.5,1925.5,11140.5,952.5,550.5,1965.0,1.0,1.0,732.5,995.5,6623.0,654.5,7173.0,3542.0,552.5,7316.5,3506.0,4083.5,1256.0,900.5,657.5,1.0,1.0,1905.0,1.0,652.5,672.0,1075.5,1.0,938.5,559.5,1.0,8891.5,1257.0,1.0,779.5,1.0,1.0,1124.0,953.0,1.0,1.0,1.0,1858.5,840.0,2201.5,1.0,1976.0,1.0,4083.5,6623.0,1180.5,822.0,7185.5,1.0,723.5,1.0,1976.0,784.0,535.5,1.0,1.0,8891.5,647.0,1.0,1.0,1.0,1.0,1334.0,1.0,7316.5,,,1.0,1.0,"POLYGON ((177.60293500000017 -18.186046999999952, 177.60293500000014 -18.096046999999942, 177.5129350000002 -18.096046999999942, 177.5129350000002 -18.186046999999952, 177.60293500000017 -18.186046999999952))"
23,23,0,FJI,87.64969465327155,2872.5,11173.5,2178.0,1922.5,11173.5,948.25,548.5,1967.5,1.0,1.0,729.5,991.0,6632.0,651.75,7106.25,3552.0,550.5,7227.5,3516.25,4060.5,1271.0,896.75,654.75,1.0,1.0,1907.5,1.0,649.75,669.25,1070.75,1.0,935.25,557.5,1.0,8916.0,1272.0,1.0,775.5,1.0,1.0,1119.25,948.75,1.0,1.0,1.0,1856.5,836.5,2175.25,1.0,1940.5,1.0,4060.5,6632.0,1174.75,820.0,7114.75,1.0,720.75,1.0,1940.5,780.25,533.5,1.0,1.0,8916.0,650.5,1.0,1.0,1.0,1.0,1327.75,1.0,7227.5,,,1.0,3.0,"POLYGON ((177.60293500000014 -18.096046999999952, 177.60293500000017 -18.006046999999942, 177.51293500000017 -18.006046999999942, 177.5129350000002 -18.096046999999952, 177.60293500000014 -18.096046999999952))"
24,24,0,FJI,87.69337198895055,2322.8333333333335,11319.333333333334,2554.3333333333335,2187.5,11319.333333333334,890.3333333333334,512.8333333333334,2033.3333333333333,1.0,1.0,464.5,916.8333333333334,7767.166666666667,607.3333333333334,7678.333333333333,3578.3333333333335,485.5,8632.5,3527.5,4415.833333333333,883.8333333333334,840.3333333333334,604.6666666666666,1.0,1.0,1896.5,0.6666666666666666,605.1666666666666,622.5,991.0,1.0,855.0,512.1666666666666,1.0,9382.333333333334,884.8333333333334,1.0,714.3333333333334,0.6666666666666666,1.0,1029.6666666666667,897.0,1.0,3.6666666666666665,17.833333333333332,2108.6666666666665,771.1666666666666,2550.8333333333335,1.0,2358.5,1.0,4415.833333333333,7767.333333333333,1067.8333333333333,526.6666666666666,8385.833333333334,3.5,682.6666666666666,1.0,2358.5,719.0,508.5,1.0,1.0,9382.333333333334,546.1666666666666,1.0,1.0,1.0,1.0,1226.8333333333333,1.0,8632.5,,,2.0,4.0,"POLYGON ((177.60293500000017 -18.00604699999995, 177.6029350000002 -17.916046999999946, 177.51293500000023 -17.916046999999946, 177.51293500000017 -18.00604699999995, 177.60293500000017 -18.00604699999995))"
25,25,0,FJI,87.73683656235434,2043.0,11368.25,2757.5,2281.25,11368.25,851.75,493.25,2051.25,1.0,0.75,172.25,869.5,8108.5,579.25,7981.5,3571.0,449.25,9430.75,3501.0,3380.75,360.25,799.0,572.75,1.0,1.0,1878.0,0.25,571.0,595.0,941.5,1.0,806.75,485.25,1.0,9564.5,360.75,1.0,675.5,0.25,1.0,972.5,655.25,1.0,8.5,26.5,2193.75,731.25,2753.25,1.0,2586.5,1.0,3380.5,8118.75,1002.5,195.25,9010.0,9.5,656.5,0.75,2586.5,518.5,496.25,1.0,1.0,9564.5,489.75,1.0,1.75,1.75,2.0,1161.75,1.0,9430.25,,,3.0,1.0,"POLYGON ((177.6029350000002 -17.916046999999946, 177.60293500000017 -17.82604699999995, 177.51293500000023 -17.82604699999995, 177.51293500000023 -17.916046999999946, 177.6029350000002 -17.916046999999946))"
26,26,0,FJI,87.78008828922194,2045.5,11298.75,2668.5,2270.5,11298.75,847.5,487.5,2047.5,1.0,0.5,336.75,864.5,8024.0,573.5,7985.5,3560.75,434.5,9389.25,3493.75,2460.0,664.0,793.0,569.5,1.0,1.0,1873.75,0.5,563.0,588.5,936.75,1.0,802.75,482.0,1.0,9541.25,665.25,1.0,671.75,0.5,1.0,965.25,448.75,1.0,10.5,32.0,2186.5,727.5,2664.5,1.0,2531.5,1.0,2459.75,8034.25,991.5,382.75,8944.5,11.25,653.75,0.5,2531.5,358.5,489.0,1.0,1.0,9541.25,497.0,1.0,1.75,1.75,2.0,1155.25,1.0,9388.75,1.0,,2.0,1.0,"POLYGON ((177.60293500000017 -17.826046999999953, 177.6029350000002 -17.73604699999995, 177.51293500000023 -17.73604699999995, 177.51293500000023 -17.826046999999953, 177.60293500000017 -17.826046999999953))"
27,27,0,FJI,87.8231270856861,2053.75,11355.0,2674.25,2294.75,11355.0,857.5,485.5,2055.5,1.0,0.75,334.0,872.0,8120.75,573.0,7986.75,3584.5,438.5,9376.0,3518.75,3621.75,649.5,804.0,576.25,1.0,1.0,1879.5,0.5,571.0,588.25,944.0,1.0,809.0,482.75,1.0,9577.25,650.75,1.0,679.75,0.5,1.0,973.5,662.75,1.0,9.0,35.0,2211.25,733.25,2670.0,1.0,2532.5,1.0,3621.75,8123.0,1000.5,379.5,8961.0,9.75,661.75,0.75,2533.0,528.75,487.75,1.0,1.0,9577.25,499.25,1.0,1.0,1.0,1.0,1166.75,1.0,9376.0,1.0,,3.0,,"POLYGON ((177.6029350000002 -17.73604699999995, 177.60293500000014 -17.646046999999946, 177.51293500000023 -17.646046999999946, 177.51293500000023 -17.73604699999995, 177.6029350000002 -17.73604699999995))"
28,28,0,FJI,87.86595286830311,2065.5,11299.5,2733.5,2376.0,11299.5,896.75,504.0,2072.0,1.0,1.0,510.5,900.25,8607.25,587.25,8038.75,3578.25,469.5,9277.0,3535.25,4923.0,1037.25,828.0,602.75,1.0,1.0,1913.5,0.75,582.25,602.75,974.5,1.0,835.75,499.0,1.0,9648.0,1038.5,1.0,711.5,0.75,1.0,1010.75,888.75,1.0,19.5,60.75,2297.5,759.0,2730.25,1.0,2566.25,1.0,4921.5,8628.5,1022.75,577.25,9081.0,22.75,691.5,1.0,2566.75,718.0,499.5,1.0,1.0,9648.0,510.0,1.0,1.0,3.0,3.5,1208.25,1.0,9274.25,,,3.0,1.0,"POLYGON ((177.60293500000014 -17.646046999999946, 177.6029350000002 -17.556046999999946, 177.5129350000002 -17.556046999999946, 177.51293500000023 -17.646046999999946, 177.60293500000014 -17.646046999999946))"
29,29,0,FJI,87.9085655540987,2087.6666666666665,11184.0,2707.3333333333335,2406.6666666666665,11184.0,911.6666666666666,517.0,2075.0,1.0,1.0,681.0,918.3333333333334,8751.0,601.6666666666666,8055.333333333333,3545.6666666666665,474.3333333333333,9180.0,3514.6666666666665,5009.0,1412.3333333333333,838.3333333333334,609.3333333333334,1.0,1.0,1929.6666666666667,1.0,584.3333333333334,618.0,992.6666666666666,1.0,837.6666666666666,510.3333333333333,1.0,9629.0,1414.0,1.0,736.3333333333334,1.0,1.0,1028.0,884.0,1.0,25.333333333333332,77.66666666666667,2332.0,769.3333333333334,2705.0,1.0,2548.6666666666665,1.0,5007.0,8784.333333333334,1039.0,776.6666666666666,9085.333333333334,34.333333333333336,694.3333333333334,1.0,2548.6666666666665,748.3333333333334,504.0,1.0,1.0,9629.0,522.3333333333334,1.0,1.0,5.666666666666667,7.0,1233.6666666666667,1.0,9176.333333333334,,,1.0,2.0,"POLYGON ((177.6029350000002 -17.55604699999995, 177.6029350000002 -17.466046999999943, 177.51293500000023 -17.466046999999943, 177.5129350000002 -17.55604699999995, 177.6029350000002 -17.55604699999995))"
30,30,0,FJI,87.60580464003999,2908.0,11278.0,2068.3333333333335,1903.3333333333333,11278.0,921.3333333333334,540.0,1979.6666666666667,1.0,1.0,482.3333333333333,969.3333333333334,6684.666666666667,638.0,6847.0,3564.0,530.0,6881.666666666667,3515.6666666666665,3815.6666666666665,868.3333333333334,871.0,636.6666666666666,1.0,1.0,1902.6666666666667,0.6666666666666666,635.6666666666666,655.3333333333334,1047.6666666666667,1.0,905.0,543.0,1.0,8994.0,869.0,1.0,753.6666666666666,0.6666666666666666,1.0,1077.0,940.6666666666666,1.0,1.0,1.0,1837.0,808.0,2065.6666666666665,1.0,1804.6666666666667,1.0,3815.6666666666665,6684.666666666667,1141.6666666666667,536.3333333333334,6856.333333333333,1.0,699.6666666666666,1.0,1804.6666666666667,757.0,531.0,1.0,1.0,8994.0,637.0,1.0,1.0,1.0,1.0,1296.0,1.0,6881.666666666667,1.0,,1.0,1.0,"POLYGON ((177.69293500000015 -18.186046999999952, 177.6929350000002 -18.096046999999942, 177.60293500000023 -18.096046999999942, 177.60293500000023 -18.186046999999952, 177.69293500000015 -18.186046999999952))"
31,31,0,FJI,87.64969465323279,2919.0,11339.5,2024.5,1906.25,11339.5,908.5,530.75,1985.5,1.0,1.0,361.0,957.5,6715.25,632.75,6729.5,3580.25,531.75,6742.25,3519.0,3625.0,655.25,859.5,627.75,1.0,1.0,1916.5,0.5,628.25,651.0,1035.5,1.0,904.75,535.25,1.0,9054.25,655.75,1.0,742.5,0.5,1.0,1077.75,929.75,1.0,1.0,1.0,1833.25,807.25,2021.5,1.0,1744.5,1.0,3625.0,6715.25,1125.5,405.5,6742.0,1.0,690.75,1.0,1744.5,746.25,529.75,1.0,1.0,9054.25,630.0,1.0,1.0,1.0,1.0,1278.75,1.0,6742.25,1.0,,2.0,1.0,"POLYGON ((177.6929350000002 -18.096046999999952, 177.69293500000018 -18.006046999999942, 177.60293500000017 -18.006046999999942, 177.60293500000023 -18.096046999999952, 177.6929350000002 -18.096046999999952))"
32,32,0,FJI,87.69337198891178,2376.0,11273.833333333334,2487.3333333333335,2154.8333333333335,11273.833333333334,889.8333333333334,510.3333333333333,2024.8333333333333,1.0,1.0,458.1666666666667,916.6666666666666,7696.833333333333,608.6666666666666,7539.166666666667,3563.5,485.3333333333333,8405.333333333334,3512.1666666666665,4335.833333333333,918.6666666666666,842.6666666666666,604.6666666666666,1.0,1.0,1900.1666666666667,0.6666666666666666,608.1666666666666,626.5,990.3333333333334,1.0,854.1666666666666,510.0,1.0,9341.5,919.8333333333334,1.0,714.0,0.6666666666666666,1.0,1031.6666666666667,901.0,1.0,1.0,12.666666666666666,2078.0,770.3333333333334,2484.1666666666665,1.0,2284.0,1.0,4335.833333333333,7696.833333333333,1072.6666666666667,519.8333333333334,8212.0,1.0,681.8333333333334,1.0,2284.0,718.1666666666666,509.6666666666667,1.0,1.0,9341.5,546.3333333333334,1.0,1.0,1.0,1.0,1226.3333333333333,1.0,8405.333333333334,,,2.0,4.0,"POLYGON ((177.69293500000018 -18.00604699999995, 177.69293500000018 -17.916046999999946, 177.60293500000023 -17.916046999999946, 177.60293500000017 -18.00604699999995, 177.69293500000018 -18.00604699999995))"
33,33,0,FJI,87.73683656233496,2099.0,11336.75,2723.5,2162.5,11336.75,838.75,487.5,2014.25,1.0,0.5,170.25,861.0,7493.5,573.25,7931.0,3559.75,443.75,9461.5,3489.25,2249.0,352.25,795.75,564.25,1.0,1.0,1851.25,0.25,570.0,589.5,931.75,1.0,798.0,479.25,1.0,9383.25,352.75,1.0,665.0,0.25,1.0,964.25,437.75,1.0,1.0,6.5,2079.75,722.5,2719.25,1.0,2544.0,1.0,2249.0,7493.5,1007.5,193.5,8841.25,1.0,646.5,0.5,2544.0,346.25,490.25,1.0,1.0,9383.25,487.25,1.0,1.75,1.0,1.0,1149.0,1.0,9461.5,,,3.0,1.0,"POLYGON ((177.69293500000018 -17.916046999999946, 177.6929350000002 -17.82604699999995, 177.60293500000023 -17.82604699999995, 177.60293500000023 -17.916046999999946, 177.69293500000018 -17.916046999999946))"
34,34,0,FJI,87.78008828925104,2100.0,11371.75,2647.75,2090.25,11371.75,809.0,476.75,1997.75,1.0,0.0,0.0,835.25,7002.25,558.5,7896.75,3557.5,417.25,9543.5,3475.25,0.0,0.0,768.25,543.5,1.0,1.0,1823.25,0.0,548.25,574.5,905.75,1.0,775.75,465.75,1.0,9309.25,0.0,1.0,640.5,0.0,1.0,931.25,0.0,1.0,1.0,1.0,2006.75,701.0,2643.25,1.0,2490.0,1.0,0.0,7002.25,976.5,0.0,8707.75,1.0,624.75,0.0,2489.75,0.0,481.0,1.0,1.0,9309.25,481.75,1.0,2.5,1.0,1.0,1111.75,1.0,9543.5,1.0,,3.0,,"POLYGON ((177.6929350000002 -17.826046999999953, 177.6929350000002 -17.73604699999995, 177.60293500000023 -17.73604699999995, 177.60293500000023 -17.826046999999953, 177.6929350000002 -17.826046999999953))"
35,35,0,FJI,87.82312708571521,2103.5,11326.75,2660.0,2204.0,11326.75,851.25,486.0,2025.75,1.0,0.5,173.5,868.0,7597.5,574.5,7925.75,3561.75,437.75,9389.5,3493.0,2416.5,361.0,804.5,572.25,1.0,1.0,1860.5,0.25,572.25,590.25,939.0,1.0,805.0,480.5,1.0,9412.5,361.5,1.0,675.0,0.25,1.0,969.5,447.5,1.0,3.5,19.5,2122.25,729.0,2656.0,1.0,2514.5,1.0,2416.5,7597.5,1009.25,196.0,8815.25,4.25,657.0,0.5,2514.5,358.25,489.25,1.0,1.0,9412.5,497.0,1.0,1.75,1.0,1.0,1159.75,1.0,9389.5,1.0,,2.0,1.0,"POLYGON ((177.6929350000002 -17.73604699999995, 177.69293500000018 -17.646046999999946, 177.60293500000023 -17.646046999999946, 177.60293500000023 -17.73604699999995, 177.6929350000002 -17.73604699999995))"
36,36,0,FJI,87.86595286830311,2108.75,11238.75,2718.0,2335.5,11238.75,905.75,508.0,2055.0,1.0,1.0,517.25,910.5,8405.0,595.25,8014.0,3558.0,476.25,9227.0,3514.75,4910.5,1059.75,844.0,609.25,1.0,1.0,1908.75,0.75,595.25,607.0,982.5,1.0,842.5,503.0,1.0,9544.0,1060.75,1.0,719.5,0.75,1.0,1019.75,896.25,1.0,12.25,51.0,2258.75,765.25,2715.0,1.0,2556.0,1.0,4910.5,8405.25,1044.25,583.75,8996.0,15.75,698.25,1.0,2556.25,725.5,503.25,1.0,1.0,9544.0,518.0,1.0,1.0,1.0,1.0,1222.5,1.0,9227.0,,1.0,2.0,1.0,"POLYGON ((177.69293500000018 -17.646046999999946, 177.69293500000018 -17.556046999999946, 177.60293500000023 -17.556046999999946, 177.60293500000023 -17.646046999999946, 177.69293500000018 -17.646046999999946))"
37,37,0,FJI,87.90856555407929,2122.5,11133.5,2694.25,2377.5,11133.5,917.0,518.75,2062.0,1.0,1.0,683.0,930.25,8640.0,611.25,8046.25,3528.5,476.5,9138.0,3497.5,4999.5,1433.5,850.5,611.5,1.0,1.0,1924.5,1.0,594.25,623.5,1000.75,1.0,837.25,513.75,1.0,9558.0,1435.0,1.0,747.5,1.0,1.0,1034.25,883.25,1.0,19.5,73.25,2304.25,773.0,2691.75,1.0,2539.5,1.0,4999.5,8647.0,1057.75,782.25,9027.75,31.25,694.0,1.0,2539.5,761.75,508.5,1.0,1.0,9558.0,537.0,1.0,1.0,3.0,3.25,1250.25,1.0,9138.0,,1.0,1.0,2.0,"POLYGON ((177.69293500000018 -17.55604699999995, 177.6929350000002 -17.466046999999943, 177.6029350000002 -17.466046999999943, 177.60293500000023 -17.55604699999995, 177.69293500000018 -17.55604699999995))"
38,38,0,FJI,87.60580464004968,2924.75,11350.0,2021.5,1899.75,11350.0,907.25,535.25,1986.75,1.0,1.0,357.5,958.25,6711.5,630.75,6734.75,3579.25,525.25,6733.25,3519.75,3696.0,660.75,858.0,627.5,1.0,1.0,1909.0,0.5,628.5,648.25,1035.5,1.0,895.75,537.5,1.0,9042.5,661.25,1.0,742.25,0.5,1.0,1064.0,930.5,1.0,1.0,1.0,1830.25,800.0,2019.0,1.0,1744.5,1.0,3696.0,6711.5,1124.75,394.0,6739.5,1.0,689.0,1.0,1744.5,745.25,531.5,1.0,1.0,9042.5,630.0,1.0,1.0,1.0,1.0,1279.75,1.0,6733.25,2.0,,1.0,1.0,"POLYGON ((177.78293500000018 -18.186046999999952, 177.78293500000018 -18.096046999999942, 177.69293500000023 -18.096046999999942, 177.69293500000023 -18.186046999999952, 177.78293500000018 -18.186046999999952))"
39,39,0,FJI,87.6496946532231,2948.25,11416.25,1911.25,1899.5,11416.25,870.0,513.5,1998.25,1.0,0.75,0.0,925.25,6779.5,610.25,6517.75,3580.25,510.75,6488.75,3493.75,2491.5,0.0,824.0,601.5,1.0,1.0,1921.0,0.0,602.0,628.25,1001.75,1.0,875.0,518.0,1.0,9168.0,0.0,1.0,710.75,0.0,1.0,1037.5,682.25,1.0,1.0,1.0,1819.5,779.0,1907.75,1.0,1619.75,1.0,2491.5,6779.5,1078.0,0.0,6535.5,1.0,662.0,0.75,1619.75,543.0,528.75,1.0,1.0,9168.0,612.25,1.0,1.0,1.0,1.0,1232.25,1.0,6488.75,3.0,,1.0,,"POLYGON ((177.78293500000018 -18.096046999999952, 177.78293500000015 -18.006046999999942, 177.69293500000023 -18.006046999999942, 177.69293500000023 -18.096046999999952, 177.78293500000018 -18.096046999999952))"
40,40,0,FJI,87.69337198891176,2436.0,11242.333333333334,2420.3333333333335,2115.0,11242.333333333334,883.1666666666666,505.8333333333333,2014.5,1.0,0.8333333333333334,449.5,911.8333333333334,7517.833333333333,602.3333333333334,7454.5,3552.3333333333335,477.1666666666667,8274.5,3492.6666666666665,3812.1666666666665,910.5,836.5,600.1666666666666,1.0,1.0,1897.8333333333333,0.6666666666666666,601.8333333333334,619.6666666666666,985.1666666666666,1.0,849.3333333333334,505.1666666666667,1.0,9286.833333333334,911.8333333333334,1.0,708.5,0.6666666666666666,1.0,1024.5,751.8333333333334,1.0,1.0,8.833333333333334,2037.6666666666667,765.1666666666666,2417.1666666666665,1.0,2222.0,1.0,3812.1666666666665,7517.833333333333,1068.3333333333333,513.8333333333334,8061.0,1.0,676.6666666666666,0.8333333333333334,2221.8333333333335,598.6666666666666,508.5,1.0,1.0,9286.833333333334,555.8333333333334,1.0,1.1666666666666667,1.0,1.0,1218.6666666666667,1.0,8274.5,1.0,,1.0,4.0,"POLYGON ((177.78293500000015 -18.00604699999995, 177.7829350000002 -17.916046999999946, 177.69293500000023 -17.916046999999946, 177.69293500000023 -18.00604699999995, 177.78293500000015 -18.00604699999995))"
41,41,0,FJI,87.73683656236405,2166.5,11281.25,2685.0,2164.25,11281.25,870.75,498.75,2010.5,1.0,0.75,341.75,888.5,7498.75,587.75,7931.75,3553.0,453.5,9326.75,3495.5,3631.5,709.25,825.25,586.0,1.0,1.0,1864.25,0.5,590.75,604.25,959.75,1.0,822.25,493.25,1.0,9302.75,710.25,1.0,691.25,0.5,1.0,998.25,671.75,1.0,1.0,6.75,2086.25,744.5,2681.25,1.0,2512.5,1.0,3631.5,7498.75,1046.25,388.25,8779.25,1.0,670.0,0.75,2512.5,534.25,502.0,1.0,1.0,9302.75,511.0,1.0,1.0,1.0,1.0,1188.0,1.0,9326.75,,,2.0,2.0,"POLYGON ((177.7829350000002 -17.916046999999946, 177.78293500000018 -17.82604699999995, 177.69293500000023 -17.82604699999995, 177.69293500000023 -17.916046999999946, 177.7829350000002 -17.916046999999946))"
42,42,0,FJI,87.78008828928016,2161.5,11410.5,2707.5,2101.75,11410.5,844.75,489.75,1996.75,1.0,0.5,167.0,865.5,7126.75,577.5,7915.5,3579.75,443.5,9468.5,3511.0,2337.0,330.25,801.75,568.0,1.0,1.0,1838.75,0.25,573.5,594.75,936.5,1.0,802.5,481.25,1.0,9282.0,330.5,1.0,669.75,0.25,1.0,968.75,439.0,1.0,1.0,1.0,2022.75,725.5,2703.25,1.0,2516.5,1.0,2337.0,7126.75,1020.5,190.0,8723.0,1.0,651.25,0.5,2516.25,347.25,494.5,1.0,1.0,9282.0,501.5,1.0,1.75,1.0,1.0,1155.25,1.0,9468.5,,,3.0,1.0,"POLYGON ((177.78293500000018 -17.826046999999953, 177.7829350000002 -17.73604699999995, 177.6929350000002 -17.73604699999995, 177.69293500000023 -17.826046999999953, 177.78293500000018 -17.826046999999953))"
43,43,0,FJI,87.82312708573463,2158.0,11281.75,2724.0,2202.5,11281.75,884.75,500.75,2016.75,1.0,0.75,509.0,896.25,7739.25,594.75,7908.75,3564.0,466.5,9300.75,3519.75,3714.5,1028.25,836.25,595.25,1.0,1.0,1872.25,0.75,593.5,611.75,967.5,1.0,829.75,497.75,1.0,9375.0,1029.5,1.0,702.5,0.75,1.0,1003.0,677.0,1.0,3.5,17.0,2129.25,752.0,2720.75,1.0,2550.25,1.0,3714.5,7739.25,1053.25,577.25,8835.25,4.25,682.25,0.75,2550.0,542.25,499.5,1.0,1.0,9375.0,519.75,1.0,1.75,1.0,1.0,1200.25,1.0,9300.75,,,1.0,3.0,"POLYGON ((177.7829350000002 -17.73604699999995, 177.78293500000024 -17.646046999999946, 177.69293500000023 -17.646046999999946, 177.6929350000002 -17.73604699999995, 177.7829350000002 -17.73604699999995))"
44,44,0,FJI,87.86595286830311,2155.5,11217.0,2714.25,2274.0,11217.0,908.5,509.75,2034.0,1.0,1.0,682.5,914.0,8130.75,599.75,7942.5,3556.0,479.25,9209.25,3513.5,4931.5,1360.0,851.25,611.25,1.0,1.0,1894.5,1.0,601.0,611.75,986.25,1.0,845.0,507.25,1.0,9444.5,1362.0,1.0,722.25,1.0,1.0,1023.0,899.25,1.0,9.25,38.0,2200.75,767.25,2711.0,1.0,2552.0,1.0,4931.5,8131.0,1061.25,771.75,8906.5,12.0,700.75,1.0,2552.0,728.0,504.75,1.0,1.0,9444.5,525.0,1.0,1.0,1.0,1.0,1227.25,1.0,9209.25,,1.0,,3.0,"POLYGON ((177.78293500000024 -17.646046999999946, 177.78293500000018 -17.556046999999946, 177.69293500000023 -17.556046999999946, 177.69293500000023 -17.646046999999946, 177.78293500000024 -17.646046999999946))"
45,45,0,FJI,87.90856555405986,2161.0,11206.25,2710.0,2299.0,11206.25,905.25,511.25,2040.0,1.0,1.0,674.75,923.75,8173.25,605.5,7949.5,3550.75,475.25,9198.0,3508.75,4955.25,1374.5,853.5,603.75,1.0,1.0,1901.75,1.0,599.0,617.75,992.25,1.0,829.25,508.75,1.0,9453.75,1376.5,1.0,738.25,1.0,1.0,1022.75,882.75,1.0,10.75,51.25,2225.5,765.0,2706.5,1.0,2548.5,1.0,4955.25,8174.25,1065.75,774.25,8912.5,17.75,685.5,1.0,2548.5,752.0,506.75,1.0,1.0,9453.75,535.25,1.0,1.0,1.5,1.25,1240.0,1.0,9198.0,,1.0,,3.0,"POLYGON ((177.78293500000018 -17.55604699999995, 177.7829350000002 -17.466046999999943, 177.69293500000023 -17.466046999999943, 177.69293500000023 -17.55604699999995, 177.78293500000018 -17.55604699999995))"
46,46,0,FJI,87.56170203458939,2906.5,11272.5,2077.5,1908.5,11272.5,921.0,541.0,1978.5,1.0,1.0,709.5,971.0,6677.5,639.0,6862.0,3583.5,537.5,6893.0,3542.0,3925.5,1349.0,871.0,637.5,1.0,1.0,1917.0,1.0,637.0,656.0,1047.5,1.0,912.5,546.0,1.0,8980.0,1350.0,1.0,754.5,1.0,1.0,1087.0,943.5,1.0,1.0,1.0,1841.5,816.5,2076.0,1.0,1812.5,1.0,3925.5,6677.5,1143.0,791.0,6869.5,1.0,698.5,1.0,1812.5,757.5,521.5,1.0,1.0,8980.0,638.5,1.0,1.0,1.0,1.0,1297.5,1.0,6893.0,1.0,,1.0,,"POLYGON ((177.8729350000002 -18.276046999999945, 177.87293500000018 -18.186046999999945, 177.7829350000002 -18.186046999999945, 177.78293500000026 -18.276046999999945, 177.8729350000002 -18.276046999999945))"
47,47,0,FJI,87.60580464006908,2918.25,11336.75,2043.0,1907.25,11336.75,912.0,534.5,1984.25,1.0,1.0,531.5,962.75,6699.75,633.75,6776.5,3592.0,533.25,6789.5,3535.25,3794.25,1002.25,863.0,630.75,1.0,1.0,1918.25,0.75,631.75,651.0,1039.0,1.0,906.25,541.75,1.0,9027.0,1003.0,1.0,746.5,0.75,1.0,1079.5,935.5,1.0,1.0,1.0,1836.0,810.0,2040.5,1.0,1767.75,1.0,3794.25,6699.75,1131.25,594.5,6782.5,1.0,692.25,1.0,1767.75,749.75,526.25,1.0,1.0,9027.0,633.25,1.0,1.0,1.0,1.0,1285.5,1.0,6789.5,3.0,,1.0,,"POLYGON ((177.87293500000015 -18.186046999999952, 177.87293500000018 -18.096046999999942, 177.78293500000018 -18.096046999999942, 177.78293500000018 -18.186046999999952, 177.87293500000015 -18.186046999999952))"
48,48,0,FJI,87.64969465325218,2942.0,11362.5,1930.75,1900.75,11362.5,873.5,514.75,1994.0,1.0,0.5,176.75,928.5,6763.75,608.25,6580.0,3575.25,512.25,6575.25,3496.0,1831.5,327.75,827.75,603.75,1.0,1.0,1920.25,0.25,598.75,625.0,1004.5,1.0,877.25,523.75,1.0,9145.25,328.0,1.0,713.75,0.25,1.0,1040.75,463.75,1.0,1.0,1.0,1823.25,781.25,1927.5,1.0,1641.75,1.0,1831.5,6763.75,1082.75,199.0,6602.75,1.0,664.5,0.5,1641.75,371.0,523.0,1.0,1.0,9145.25,617.25,1.0,1.0,1.0,1.0,1236.5,1.0,6575.25,4.0,,,,"POLYGON ((177.87293500000018 -18.096046999999952, 177.87293500000018 -18.006046999999942, 177.78293500000024 -18.006046999999942, 177.78293500000018 -18.096046999999952, 177.87293500000018 -18.096046999999952))"
49,49,0,FJI,87.69337198894087,2504.3333333333335,11338.666666666666,2334.6666666666665,2014.6666666666667,11338.666666666666,862.5,497.8333333333333,1994.8333333333333,1.0,0.6666666666666666,330.3333333333333,896.3333333333334,6960.833333333333,589.3333333333334,7364.333333333333,3576.3333333333335,468.3333333333333,8153.5,3500.6666666666665,3105.0,636.3333333333334,817.6666666666666,586.0,1.0,1.0,1878.3333333333333,0.5,588.6666666666666,605.6666666666666,970.0,1.0,836.0,498.6666666666667,1.0,9176.333333333334,637.3333333333334,1.0,691.8333333333334,0.5,1.0,1004.3333333333334,589.3333333333334,1.0,1.0,1.1666666666666667,1936.3333333333333,751.1666666666666,2331.1666666666665,1.0,2109.6666666666665,1.0,3105.0,6960.833333333333,1051.6666666666667,379.6666666666667,7785.0,1.0,661.1666666666666,0.6666666666666666,2109.5,464.8333333333333,502.0,1.0,1.0,9176.333333333334,566.8333333333334,1.0,1.1666666666666667,1.0,1.0,1195.3333333333333,1.0,8153.5,2.0,,1.0,3.0,"POLYGON ((177.87293500000018 -18.00604699999995, 177.87293500000018 -17.916046999999946, 177.7829350000002 -17.916046999999946, 177.78293500000024 -18.00604699999995, 177.87293500000018 -18.00604699999995))"
50,50,0,FJI,87.73683656238343,2254.5,11322.75,2487.75,2070.5,11322.75,853.5,491.5,1996.5,1.0,0.75,334.0,879.5,7063.0,579.75,7670.75,3564.75,443.0,8870.5,3495.25,3524.25,655.75,809.75,574.5,1.0,1.0,1852.75,0.5,583.5,596.25,951.25,1.0,811.75,486.5,1.0,9211.5,656.75,1.0,677.75,0.5,1.0,981.75,664.5,1.0,1.0,1.25,1993.0,733.25,2484.0,1.0,2310.5,1.0,3524.25,7063.0,1031.75,381.25,8315.0,1.0,657.0,0.75,2310.5,525.5,495.5,1.0,1.0,9211.5,527.25,1.0,1.0,1.0,1.0,1172.25,1.0,8870.5,,,3.0,1.0,"POLYGON ((177.87293500000018 -17.916046999999946, 177.87293500000024 -17.82604699999995, 177.78293500000024 -17.82604699999995, 177.7829350000002 -17.916046999999946, 177.87293500000018 -17.916046999999946))"
51,51,0,FJI,87.78008828926075,2237.25,11403.75,2503.75,2064.75,11403.75,844.0,490.0,1997.5,1.0,0.75,167.0,870.25,7015.0,573.75,7686.75,3576.75,440.75,8981.25,3507.75,3428.5,330.25,801.75,567.75,1.0,1.0,1847.25,0.25,577.25,590.75,942.0,1.0,803.5,482.0,1.0,9248.25,330.5,1.0,669.5,0.25,1.0,969.0,655.25,1.0,1.0,1.0,1987.75,725.75,2500.0,1.0,2318.0,1.0,3428.5,7015.0,1020.5,190.0,8349.75,1.0,650.5,0.75,2318.0,517.75,497.25,1.0,1.0,9248.25,517.75,1.0,1.0,1.0,1.0,1159.75,1.0,8981.25,,,2.0,2.0,"POLYGON ((177.87293500000024 -17.826046999999953, 177.8729350000002 -17.73604699999995, 177.78293500000024 -17.73604699999995, 177.78293500000024 -17.826046999999953, 177.87293500000024 -17.826046999999953))"
52,52,0,FJI,87.82312708570551,2225.5,11343.0,2520.5,2102.75,11343.0,855.0,488.75,2003.75,1.0,0.75,335.5,874.75,7219.75,578.5,7689.5,3570.25,448.0,8952.0,3513.25,3550.75,667.25,813.0,575.0,1.0,1.0,1856.0,0.5,582.0,595.5,946.5,1.0,810.0,486.0,1.0,9288.75,668.0,1.0,678.5,0.5,1.0,975.0,663.5,1.0,1.0,3.75,2028.75,732.5,2517.25,1.0,2352.75,1.0,3550.75,7219.75,1031.25,381.25,8417.5,1.0,659.75,0.75,2352.75,527.5,494.5,1.0,1.0,9288.75,522.0,1.0,1.0,1.0,1.0,1168.25,1.0,8952.0,,,1.0,3.0,"POLYGON ((177.8729350000002 -17.73604699999995, 177.87293500000018 -17.646046999999946, 177.78293500000024 -17.646046999999946, 177.78293500000024 -17.73604699999995, 177.8729350000002 -17.73604699999995))"
53,53,0,FJI,87.8659528682934,2215.75,11340.5,2581.75,2122.25,11340.5,860.25,489.5,2004.25,1.0,0.75,500.0,877.25,7314.0,575.5,7645.0,3582.5,452.5,8984.25,3521.25,3630.75,943.75,819.0,578.25,1.0,1.0,1855.5,0.75,583.75,591.0,948.75,1.0,812.0,487.25,1.0,9321.0,945.5,1.0,683.0,0.75,1.0,976.75,666.5,1.0,1.0,6.25,2047.75,735.0,2578.0,1.0,2421.75,1.0,3630.75,7314.0,1035.0,567.75,8468.0,1.0,664.5,0.75,2421.75,532.25,489.5,1.0,1.0,9321.0,514.0,1.0,3.5,1.0,1.0,1172.5,1.0,8984.25,,,1.0,3.0,"POLYGON ((177.87293500000018 -17.646046999999946, 177.87293500000018 -17.556046999999946, 177.78293500000024 -17.556046999999946, 177.78293500000024 -17.646046999999946, 177.87293500000018 -17.646046999999946))"
54,54,0,FJI,87.90856555406955,2214.0,11302.75,2733.0,2197.0,11302.75,890.0,505.5,2012.0,1.0,1.0,664.25,914.25,7558.5,595.25,7835.25,3581.5,470.0,9277.25,3533.5,4916.0,1312.5,857.0,593.5,1.0,1.0,1875.5,1.0,603.25,611.25,982.0,1.0,820.25,503.0,1.0,9318.25,1314.75,1.0,726.0,1.0,1.0,1009.25,879.0,1.0,1.0,19.75,2125.5,755.5,2729.5,1.0,2562.0,1.0,4916.0,7558.5,1079.5,765.0,8762.25,1.5,674.25,1.0,2562.0,739.75,501.25,1.0,1.0,9318.25,534.5,1.0,8.0,1.0,1.0,1225.0,1.0,9277.25,,,,4.0,"POLYGON ((177.87293500000018 -17.55604699999995, 177.87293500000018 -17.466046999999943, 177.7829350000002 -17.466046999999943, 177.78293500000024 -17.55604699999995, 177.87293500000018 -17.55604699999995))"
55,55,0,FJI,87.56170203461845,2882.5,11265.5,2120.0,1920.0,11265.5,923.5,537.5,1977.0,1.0,1.0,711.0,973.0,6673.0,640.5,6961.5,3584.0,538.5,7033.5,3544.5,3988.0,1351.5,874.5,639.0,1.0,1.0,1899.0,1.0,638.5,657.5,1049.0,1.0,916.0,547.5,1.0,8975.0,1352.5,1.0,757.0,1.0,1.0,1093.5,946.0,1.0,1.0,1.0,1851.5,818.0,2118.0,1.0,1861.0,1.0,3988.0,6673.0,1147.0,801.0,6971.0,1.0,700.5,1.0,1861.0,760.0,522.5,1.0,1.0,8975.0,640.5,1.0,1.0,1.0,1.0,1300.5,1.0,7033.5,2.0,,,,"POLYGON ((177.96293500000024 -18.276046999999945, 177.9629350000002 -18.186046999999945, 177.87293500000018 -18.186046999999945, 177.8729350000002 -18.276046999999945, 177.96293500000024 -18.276046999999945))"
56,56,0,FJI,87.60580464006908,2894.25,11280.75,2101.25,1916.75,11280.75,923.0,537.0,1978.0,1.0,1.0,710.75,972.0,6676.0,640.0,6912.0,3588.5,538.25,6969.75,3544.75,3945.25,1338.75,874.0,638.25,1.0,1.0,1902.0,1.0,638.0,657.0,1048.0,1.0,915.25,546.5,1.0,8986.75,1340.0,1.0,756.0,1.0,1.0,1092.75,945.0,1.0,1.0,1.0,1848.0,817.5,2098.75,1.0,1837.0,1.0,3945.25,6676.0,1145.75,800.25,6920.25,1.0,700.5,1.0,1837.0,759.5,522.0,1.0,1.0,8986.75,639.75,1.0,1.0,1.0,1.0,1298.75,1.0,6969.75,4.0,,,,"POLYGON ((177.96293500000021 -18.186046999999952, 177.96293500000024 -18.096046999999942, 177.87293500000024 -18.096046999999942, 177.87293500000015 -18.186046999999952, 177.96293500000021 -18.186046999999952))"
57,57,0,FJI,87.64969465326188,2918.0,11338.75,1994.0,1904.75,11338.75,891.0,522.75,1988.5,1.0,0.75,355.25,943.75,6740.25,618.5,6664.5,3580.0,523.25,6674.25,3513.0,2685.0,663.0,844.75,615.75,1.0,1.0,1912.0,0.5,612.0,634.75,1020.0,1.0,890.5,529.5,1.0,9096.75,663.75,1.0,728.75,0.5,1.0,1059.0,696.0,1.0,1.0,1.0,1830.75,793.75,1990.75,1.0,1698.25,1.0,2685.0,6740.25,1105.5,399.75,6688.5,1.0,677.5,0.75,1698.25,557.25,521.75,1.0,1.0,9096.75,624.75,1.0,1.0,1.0,1.0,1258.5,1.0,6674.25,4.0,,,,"POLYGON ((177.96293500000024 -18.096046999999952, 177.96293500000021 -18.006046999999942, 177.87293500000018 -18.006046999999942, 177.87293500000024 -18.096046999999952, 177.96293500000024 -18.096046999999952))"
58,58,0,FJI,87.69337198896025,2568.8333333333335,11317.5,2015.8333333333333,1965.0,11317.5,822.3333333333334,482.3333333333333,2005.8333333333333,1.0,0.5,108.33333333333333,869.0,6793.5,570.0,6822.0,3552.5,467.8333333333333,7268.333333333333,3468.1666666666665,1971.5,199.16666666666666,783.8333333333334,558.8333333333334,1.0,1.0,1903.1666666666667,0.16666666666666666,564.0,585.6666666666666,924.3333333333334,1.0,809.3333333333334,485.6666666666667,1.0,9207.5,199.5,1.0,660.0,0.16666666666666666,1.0,963.3333333333334,440.6666666666667,1.0,1.0,1.0,1885.5,723.8333333333334,2012.3333333333333,1.0,1812.8333333333333,1.0,1971.5,6793.5,1003.8333333333334,124.33333333333333,7102.333333333333,1.0,630.8333333333334,0.5,1812.8333333333333,347.0,492.1666666666667,1.0,1.0,9207.5,557.1666666666666,1.0,1.0,1.0,1.0,1154.0,1.0,7268.333333333333,4.0,,1.0,1.0,"POLYGON ((177.96293500000021 -18.00604699999995, 177.96293500000016 -17.916046999999946, 177.87293500000018 -17.916046999999946, 177.87293500000018 -18.00604699999995, 177.96293500000021 -18.00604699999995))"
59,59,0,FJI,87.73683656237374,2348.5,11187.0,1927.75,2014.25,11187.0,779.0,461.25,2020.5,1.0,0.25,162.5,826.25,6825.5,542.25,6790.25,3508.0,429.0,7470.5,3424.75,1152.25,298.75,749.25,524.75,1.0,1.0,1892.25,0.25,535.5,558.25,841.75,1.0,761.0,459.25,1.0,9270.75,299.25,1.0,619.0,0.25,1.0,906.0,219.75,1.0,1.0,1.0,1934.5,682.25,1924.5,1.0,1848.5,1.0,1152.25,6825.5,942.5,186.5,7272.0,1.0,600.75,0.25,1848.75,172.75,469.75,1.0,1.0,9270.75,505.75,1.0,1.0,1.0,1.0,1092.75,1.0,7470.5,2.0,,2.0,,"POLYGON ((177.96293500000016 -17.916046999999946, 177.96293500000021 -17.82604699999995, 177.87293500000024 -17.82604699999995, 177.87293500000018 -17.916046999999946, 177.96293500000016 -17.916046999999946))"
60,60,0,FJI,87.78008828928984,2319.5,11230.0,1954.25,2014.25,11230.0,779.5,465.75,2019.25,1.0,0.25,0.0,826.0,6824.5,542.0,6841.75,3509.0,417.5,7528.5,3425.75,1091.5,0.0,752.75,524.5,1.0,1.0,1877.5,0.0,537.25,558.0,845.5,1.0,758.5,461.0,1.0,9289.75,0.0,1.0,618.75,0.0,1.0,907.75,216.25,1.0,1.0,1.0,1934.5,682.0,1951.0,1.0,1861.5,1.0,1091.5,6824.5,943.0,0.0,7352.75,1.0,601.75,0.25,1862.0,170.5,474.0,1.0,1.0,9289.75,496.75,1.0,1.0,1.0,1.0,1092.25,1.0,7528.5,1.0,,2.0,1.0,"POLYGON ((177.96293500000021 -17.826046999999953, 177.96293500000024 -17.73604699999995, 177.8729350000002 -17.73604699999995, 177.87293500000024 -17.826046999999953, 177.96293500000021 -17.826046999999953))"
61,61,0,FJI,87.82312708575402,2299.75,11244.0,1998.5,2025.5,11244.0,781.75,465.5,2019.25,1.0,0.25,0.0,824.0,6819.0,542.5,6906.25,3513.25,410.25,7546.75,3430.5,1091.5,0.0,758.25,525.5,1.0,1.0,1868.0,0.0,540.0,558.25,847.5,1.0,759.0,463.0,1.0,9296.5,0.0,1.0,620.25,0.0,1.0,907.25,216.25,1.0,1.0,1.0,1945.75,682.75,1995.25,1.0,1914.5,1.0,1091.5,6819.0,946.25,0.0,7428.0,1.0,604.25,0.25,1914.75,170.5,472.25,1.0,1.0,9296.5,492.75,1.0,1.0,1.0,1.0,1091.25,1.0,7546.75,1.0,,2.0,1.0,"POLYGON ((177.96293500000024 -17.73604699999995, 177.96293500000021 -17.646046999999946, 177.8729350000002 -17.646046999999946, 177.8729350000002 -17.73604699999995, 177.96293500000024 -17.73604699999995))"
62,62,0,FJI,87.86595286831282,2283.5,11289.25,2198.0,2038.5,11289.25,808.0,474.75,2007.75,1.0,0.25,166.5,840.0,6912.5,552.5,7128.5,3540.5,423.75,8013.5,3465.0,1205.25,310.75,777.0,543.0,1.0,1.0,1858.25,0.25,552.25,568.0,887.75,1.0,776.5,469.5,1.0,9290.0,311.25,1.0,641.0,0.25,1.0,928.0,222.25,1.0,1.0,1.0,1961.25,699.75,2194.5,1.0,2065.0,1.0,1205.25,6912.5,978.0,189.25,7735.0,1.0,624.75,0.25,2065.0,177.25,476.75,1.0,1.0,9290.0,504.75,1.0,3.5,1.0,1.0,1116.5,1.0,8013.5,1.0,,2.0,1.0,"POLYGON ((177.96293500000021 -17.646046999999946, 177.96293500000024 -17.556046999999946, 177.8729350000002 -17.556046999999946, 177.8729350000002 -17.646046999999946, 177.96293500000021 -17.646046999999946))"
63,63,0,FJI,87.90856555406955,2275.25,11284.5,2602.75,2116.5,11284.5,877.25,504.25,1996.25,1.0,0.75,500.75,905.75,7220.75,592.5,7792.5,3563.25,461.75,8995.5,3514.0,3729.75,1022.5,846.5,584.75,1.0,1.0,1865.75,0.75,595.25,608.75,974.5,1.0,813.5,498.75,1.0,9229.75,1023.75,1.0,715.75,0.75,1.0,998.0,661.5,1.0,1.0,8.0,2046.5,747.75,2599.5,1.0,2416.0,1.0,3729.75,7220.75,1076.75,580.0,8462.75,1.0,664.5,0.75,2416.0,566.25,501.75,1.0,1.0,9229.75,553.0,1.0,8.25,1.0,1.0,1212.0,1.0,8995.5,,1.0,1.0,2.0,"POLYGON ((177.96293500000024 -17.55604699999995, 177.96293500000021 -17.466046999999943, 177.87293500000024 -17.466046999999943, 177.8729350000002 -17.55604699999995, 177.96293500000024 -17.55604699999995))"
64,64,0,FJI,87.56170203460876,2828.0,11232.5,2030.5,1895.0,11232.5,902.0,526.0,1973.5,1.0,1.0,688.5,947.0,6656.5,620.5,6844.5,3575.0,518.5,6869.5,3535.5,3966.0,1362.0,853.5,627.5,1.0,1.0,1897.5,1.0,620.5,636.5,1024.5,1.0,896.0,531.5,1.0,8953.0,1363.5,1.0,729.5,1.0,1.0,1062.5,921.0,1.0,1.0,1.0,1827.5,797.0,2028.0,1.0,1760.0,1.0,3966.0,6656.5,1106.5,782.0,6849.0,1.0,687.5,1.0,1760.0,732.5,512.0,1.0,1.0,8953.0,629.0,1.0,1.0,1.0,1.0,1262.5,1.0,6869.5,2.0,,,,"POLYGON ((178.05293500000025 -18.276046999999945, 178.0529350000002 -18.186046999999945, 177.96293500000021 -18.186046999999945, 177.96293500000024 -18.276046999999945, 178.05293500000025 -18.276046999999945))"
65,65,0,FJI,87.60580464007876,2812.25,11242.0,2042.25,1898.5,11242.0,902.5,526.0,1973.75,1.0,1.0,689.0,946.75,6657.75,620.25,6844.0,3577.75,518.0,6874.0,3538.5,3956.75,1356.75,854.0,627.75,1.0,1.0,1900.0,1.0,620.0,636.25,1023.75,1.0,895.5,530.5,1.0,8961.0,1358.5,1.0,729.5,1.0,1.0,1062.75,920.75,1.0,1.0,1.0,1831.75,797.0,2039.5,1.0,1771.75,1.0,3956.75,6657.75,1107.0,784.25,6849.25,1.0,688.25,1.0,1771.75,733.0,511.75,1.0,1.0,8961.0,627.0,1.0,1.0,1.0,1.0,1261.75,1.0,6874.0,4.0,,,,"POLYGON ((178.0529350000002 -18.186046999999952, 178.0529350000002 -18.096046999999942, 177.96293500000024 -18.096046999999942, 177.96293500000021 -18.186046999999952, 178.0529350000002 -18.186046999999952))"
66,66,0,FJI,87.64969465326188,2784.5,11325.5,2015.5,1904.0,11325.5,881.75,516.75,1983.25,1.0,1.0,507.0,928.0,6705.75,606.75,6746.75,3587.5,511.75,6772.0,3525.5,3652.5,977.0,835.25,613.0,1.0,1.0,1911.75,0.75,605.25,622.25,1004.25,1.0,878.25,516.25,1.0,9051.0,978.5,1.0,711.75,0.75,1.0,1040.5,902.75,1.0,1.0,1.0,1832.25,781.0,2012.25,1.0,1730.0,1.0,3652.5,6705.75,1081.0,581.5,6761.0,1.0,673.5,1.0,1730.0,715.75,508.75,1.0,1.0,9051.0,613.25,1.0,1.0,1.0,1.0,1235.0,1.0,6772.0,4.0,,,,"POLYGON ((178.0529350000002 -18.096046999999952, 178.05293500000022 -18.006046999999942, 177.96293500000021 -18.006046999999942, 177.96293500000024 -18.096046999999952, 178.0529350000002 -18.096046999999952))"
67,67,0,FJI,87.69337198894087,2554.8333333333335,11260.666666666666,1809.0,1940.8333333333333,11260.666666666666,794.6666666666666,469.8333333333333,2011.1666666666667,1.0,0.3333333333333333,108.16666666666667,854.8333333333334,6806.0,555.1666666666666,6512.833333333333,3530.0,467.6666666666667,6658.833333333333,3444.6666666666665,1119.1666666666667,200.83333333333334,758.1666666666666,547.6666666666666,1.0,1.0,1928.3333333333333,0.16666666666666666,543.8333333333334,570.5,910.6666666666666,1.0,791.3333333333334,470.1666666666667,1.0,9246.166666666666,201.16666666666666,1.0,634.5,0.16666666666666666,1.0,935.0,295.0,1.0,1.0,1.0,1862.0,705.5,1805.8333333333333,1.0,1626.3333333333333,1.0,1119.1666666666667,6806.0,966.0,125.5,6685.333333333333,1.0,611.0,0.3333333333333333,1626.3333333333333,232.66666666666666,479.3333333333333,1.0,1.0,9246.166666666666,550.1666666666666,1.0,1.0,1.0,1.0,1128.0,1.0,6658.833333333333,6.0,,,,"POLYGON ((178.05293500000022 -18.00604699999995, 178.05293500000016 -17.916046999999946, 177.96293500000024 -17.916046999999946, 177.96293500000021 -18.00604699999995, 178.05293500000022 -18.00604699999995))"
68,68,0,FJI,87.73683656237374,2400.25,11056.0,1494.25,1987.0,11056.0,739.25,441.5,2039.5,1.0,0.0,0.0,806.5,6877.75,518.5,6233.0,3449.0,436.25,6531.0,3368.25,0.0,0.0,715.5,508.0,1.0,1.0,1943.75,0.0,507.0,533.25,789.5,1.0,697.25,441.75,1.0,9355.75,0.0,1.0,588.0,0.0,1.0,857.75,0.0,1.0,1.0,1.0,1910.25,652.75,1492.25,1.0,1592.75,1.0,0.0,6877.75,895.0,0.0,6654.75,1.0,572.25,0.0,1593.0,0.0,458.0,1.0,1.0,9355.75,491.5,1.0,1.0,1.0,1.0,1061.0,1.0,6531.0,4.0,,,,"POLYGON ((178.05293500000016 -17.916046999999946, 178.05293500000025 -17.82604699999995, 177.96293500000024 -17.82604699999995, 177.96293500000024 -17.916046999999946, 178.05293500000016 -17.916046999999946))"
69,69,0,FJI,87.78008828924133,2364.75,11043.0,1494.0,1999.25,11043.0,738.0,446.0,2042.25,1.0,0.0,0.0,804.75,6880.0,517.0,6204.25,3444.25,422.5,6484.5,3363.5,0.0,0.0,729.25,506.75,1.0,1.0,1929.25,0.0,510.5,531.75,769.0,1.0,693.5,446.0,1.0,9367.75,0.0,1.0,587.0,0.0,1.0,857.5,0.0,1.0,1.0,1.0,1922.5,651.0,1492.0,1.0,1610.75,1.0,0.0,6880.0,893.75,0.0,6707.5,1.0,572.0,0.0,1610.75,0.0,454.5,1.0,1.0,9367.75,469.75,1.0,1.0,1.0,1.0,1058.25,1.0,6484.5,3.0,,1.0,,"POLYGON ((178.05293500000025 -17.826046999999953, 178.05293500000016 -17.73604699999995, 177.96293500000024 -17.73604699999995, 177.96293500000024 -17.826046999999953, 178.05293500000025 -17.826046999999953))"
70,70,0,FJI,87.82312708569579,2338.5,11070.5,1529.5,2019.25,11070.5,742.75,451.0,2042.0,1.0,0.0,0.0,808.0,6875.0,521.5,6289.75,3457.25,408.0,6476.75,3372.75,0.0,0.0,738.75,509.25,1.0,1.0,1912.75,0.0,517.0,537.0,779.75,1.0,695.5,448.75,1.0,9369.0,0.0,1.0,590.5,0.0,1.0,873.25,0.0,1.0,1.0,1.0,1939.0,659.25,1527.25,1.0,1640.5,1.0,0.0,6875.0,899.75,0.0,6803.0,1.0,575.0,0.0,1640.25,0.0,455.0,1.0,1.0,9369.0,467.75,1.0,1.0,1.0,1.0,1061.25,1.0,6476.75,3.0,,1.0,,"POLYGON ((178.05293500000016 -17.73604699999995, 178.0529350000002 -17.646046999999946, 177.96293500000021 -17.646046999999946, 177.96293500000024 -17.73604699999995, 178.05293500000016 -17.73604699999995))"
71,71,0,FJI,87.86595286831282,2315.5,11194.5,1740.75,2006.0,11194.5,770.0,457.75,2023.75,1.0,0.0,0.0,823.5,6845.25,534.75,6719.75,3496.25,409.0,7218.75,3413.0,0.0,0.0,746.5,527.25,1.0,1.0,1884.0,0.0,529.75,550.5,841.5,1.0,714.25,452.5,1.0,9334.25,0.0,1.0,611.5,0.0,1.0,896.25,0.0,1.0,1.0,1.0,1927.0,677.75,1738.25,1.0,1766.25,1.0,0.0,6845.25,932.75,0.0,7215.5,1.0,596.25,0.0,1766.25,0.0,467.25,1.0,1.0,9334.25,500.5,1.0,1.0,1.0,1.0,1086.25,1.0,7218.75,3.0,,1.0,,"POLYGON ((178.0529350000002 -17.646046999999946, 178.05293500000022 -17.556046999999946, 177.96293500000024 -17.556046999999946, 177.96293500000021 -17.646046999999946, 178.0529350000002 -17.646046999999946))"
72,72,0,FJI,87.90856555407929,2307.0,11361.0,2339.0,2033.25,11361.0,845.5,485.5,1996.0,1.0,0.5,166.25,876.75,6885.5,572.75,7604.5,3561.75,444.25,8559.0,3493.25,2362.25,351.5,808.5,572.25,1.0,1.0,1858.25,0.25,570.0,588.0,938.0,1.0,800.0,482.75,1.0,9231.5,351.75,1.0,682.25,0.25,1.0,964.75,441.75,1.0,1.0,1.5,1959.0,727.25,2335.5,1.0,2148.0,1.0,2362.25,6885.5,1033.75,194.75,8040.0,1.0,648.5,0.5,2148.0,375.75,494.0,1.0,1.0,9231.5,553.75,1.0,1.25,1.0,1.0,1167.75,1.0,8559.0,1.0,1.0,1.0,1.0,"POLYGON ((178.05293500000022 -17.55604699999995, 178.05293500000022 -17.466046999999943, 177.96293500000027 -17.466046999999943, 177.96293500000024 -17.55604699999995, 178.05293500000022 -17.55604699999995))"
73,73,0,FJI,87.95096506044801,2303.0,11338.333333333334,2641.3333333333335,2082.6666666666665,11338.333333333334,906.0,508.6666666666667,1984.0,1.0,1.0,452.6666666666667,915.3333333333334,7086.666666666667,596.3333333333334,8097.333333333333,3576.0,471.0,9194.0,3529.3333333333335,4842.0,932.6666666666666,860.6666666666666,611.0,1.0,1.0,1861.6666666666667,0.6666666666666666,597.6666666666666,610.3333333333334,961.3333333333334,1.0,837.0,508.6666666666667,1.0,9190.0,933.3333333333334,1.0,737.0,0.6666666666666666,1.0,1018.3333333333334,886.0,1.0,1.0,3.0,2014.3333333333333,764.6666666666666,2638.0,1.0,2454.3333333333335,1.0,4842.0,7086.666666666667,1108.0,523.3333333333334,8549.666666666666,1.0,695.0,1.0,2454.3333333333335,759.0,509.3333333333333,1.0,1.0,9190.0,576.3333333333334,1.0,3.6666666666666665,1.0,1.0,1228.0,1.0,9194.0,,1.0,,2.0,"POLYGON ((178.05293500000022 -17.466046999999943, 178.05293500000022 -17.376046999999947, 177.96293500000024 -17.376046999999947, 177.96293500000027 -17.466046999999943, 178.05293500000022 -17.466046999999943))"
74,74,0,FJI,87.56170203456031,2795.5,11096.0,1942.5,1860.0,11096.0,897.0,522.0,1959.5,1.0,1.0,678.0,935.5,6602.0,609.5,6690.5,3533.0,506.0,6641.0,3494.0,3955.5,1412.0,847.5,627.5,1.0,1.0,1903.0,1.0,611.5,624.5,1014.5,1.0,888.5,523.0,1.0,8858.0,1414.0,1.0,715.5,1.0,1.0,1049.0,910.0,1.0,1.0,1.0,1794.0,787.5,1940.0,1.0,1672.5,1.0,3955.5,6602.0,1086.0,779.5,6690.5,1.0,686.0,1.0,1672.5,718.5,508.5,1.0,1.0,8858.0,626.5,1.0,1.0,1.0,1.0,1244.5,1.0,6641.0,1.0,,1.0,,"POLYGON ((178.14293500000016 -18.276046999999945, 178.14293500000016 -18.186046999999945, 178.05293500000022 -18.186046999999945, 178.05293500000028 -18.276046999999945, 178.14293500000016 -18.276046999999945))"
75,75,0,FJI,87.6058046400303,2758.75,11193.0,1948.25,1871.25,11193.0,883.75,515.5,1968.5,1.0,1.0,668.5,923.5,6635.75,601.75,6694.25,3563.0,499.0,6663.5,3516.75,3891.0,1365.25,835.5,618.25,1.0,1.0,1911.25,1.0,603.25,616.75,1001.75,1.0,877.25,516.0,1.0,8927.75,1367.25,1.0,704.25,1.0,1.0,1034.75,898.5,1.0,1.0,1.0,1804.0,777.75,1945.25,1.0,1668.5,1.0,3891.0,6635.75,1069.75,771.75,6695.0,1.0,676.75,1.0,1668.5,707.75,502.0,1.0,1.0,8927.75,617.0,1.0,1.0,1.0,1.0,1227.25,1.0,6663.5,3.0,,1.0,,"POLYGON ((178.14293500000016 -18.186046999999952, 178.1429350000002 -18.096046999999942, 178.0529350000002 -18.096046999999942, 178.05293500000022 -18.186046999999952, 178.14293500000016 -18.186046999999952))"
76,76,0,FJI,87.6496946532425,2690.5,11347.25,1955.0,1891.75,11347.25,853.0,501.5,1984.75,1.0,0.75,491.75,898.75,6710.25,587.75,6679.25,3594.0,491.75,6676.5,3524.75,2858.25,960.5,807.5,596.5,1.0,1.0,1924.75,0.75,586.75,603.5,975.25,1.0,851.5,501.0,1.0,9067.0,962.0,1.0,678.25,0.75,1.0,1001.75,662.0,1.0,1.0,1.0,1819.0,754.5,1951.75,1.0,1658.5,1.0,2858.25,6710.25,1031.75,570.25,6684.75,1.0,654.75,0.75,1658.5,519.75,494.0,1.0,1.0,9067.0,594.75,1.0,1.0,1.0,1.0,1190.5,1.0,6676.5,4.0,,,,"POLYGON ((178.1429350000002 -18.096046999999952, 178.1429350000002 -18.006046999999942, 178.05293500000022 -18.006046999999942, 178.0529350000002 -18.096046999999952, 178.1429350000002 -18.096046999999952))"
77,77,0,FJI,87.69337198894087,2547.3333333333335,11337.5,1853.3333333333333,1909.0,11337.5,803.3333333333334,472.1666666666667,1999.0,1.0,0.16666666666666666,108.16666666666667,868.5,6785.5,560.8333333333334,6663.5,3553.5,471.1666666666667,6735.666666666667,3468.5,630.0,200.83333333333334,763.8333333333334,561.0,1.0,1.0,1928.0,0.16666666666666666,552.0,576.6666666666666,944.0,1.0,799.1666666666666,472.1666666666667,1.0,9220.833333333334,201.16666666666666,1.0,638.0,0.16666666666666666,1.0,944.8333333333334,145.66666666666666,1.0,1.0,1.0,1831.5,712.6666666666666,1850.3333333333333,1.0,1597.0,1.0,630.0,6785.5,972.5,125.5,6722.0,1.0,618.6666666666666,0.16666666666666666,1597.0,114.16666666666667,481.8333333333333,1.0,1.0,9220.833333333334,564.6666666666666,1.0,1.0,1.0,1.0,1142.3333333333333,1.0,6735.666666666667,6.0,,,,"POLYGON ((178.1429350000002 -18.00604699999995, 178.14293500000022 -17.916046999999946, 178.05293500000025 -17.916046999999946, 178.05293500000022 -18.00604699999995, 178.1429350000002 -18.00604699999995))"
78,78,0,FJI,87.73683656236406,2446.5,11250.0,1689.75,1931.75,11250.0,787.0,460.25,2011.0,1.0,0.25,0.0,855.25,6809.0,547.0,6702.5,3513.0,462.75,6978.75,3433.5,1003.25,0.0,753.25,549.75,1.0,1.0,1925.0,0.0,540.75,562.0,896.0,1.0,737.75,460.25,1.0,9275.5,0.0,1.0,625.5,0.0,1.0,912.25,223.5,1.0,1.0,1.0,1858.0,691.25,1687.25,1.0,1637.25,1.0,1003.25,6809.0,953.75,0.0,6916.5,1.0,608.75,0.25,1637.25,172.25,476.5,1.0,1.0,9275.5,544.25,1.0,1.0,1.0,1.0,1125.75,1.0,6978.75,3.0,,1.0,,"POLYGON ((178.14293500000022 -17.916046999999946, 178.14293500000025 -17.82604699999995, 178.05293500000025 -17.82604699999995, 178.05293500000025 -17.916046999999946, 178.14293500000022 -17.916046999999946))"
79,79,0,FJI,87.78008828927045,2408.75,11260.5,1742.5,1958.25,11260.5,794.5,469.75,2016.0,1.0,0.5,0.0,858.0,6810.5,551.5,6775.0,3514.75,466.75,7186.25,3436.25,1907.0,0.0,772.75,555.0,1.0,1.0,1919.25,0.0,549.5,567.5,875.5,1.0,742.0,466.5,1.0,9274.0,0.0,1.0,632.0,0.0,1.0,916.75,444.5,1.0,1.0,1.0,1884.5,695.5,1739.75,1.0,1715.25,1.0,1907.0,6810.5,963.5,0.0,7101.25,1.0,615.25,0.5,1714.75,342.5,478.75,1.0,1.0,9274.0,530.5,1.0,1.0,1.0,1.0,1131.25,1.0,7186.25,3.0,,1.0,,"POLYGON ((178.14293500000025 -17.826046999999953, 178.14293500000022 -17.73604699999995, 178.05293500000022 -17.73604699999995, 178.05293500000025 -17.826046999999953, 178.14293500000025 -17.826046999999953))"
80,80,0,FJI,87.8231270857249,2377.25,11282.25,1771.75,1983.25,11282.25,795.75,473.75,2018.25,1.0,0.5,0.0,858.0,6816.5,554.0,6868.5,3522.5,454.0,7311.5,3439.75,1891.75,0.0,776.5,555.25,1.0,1.0,1910.5,0.0,551.75,571.0,878.5,1.0,741.0,465.75,1.0,9284.0,0.0,1.0,633.0,0.0,1.0,927.25,443.5,1.0,1.0,1.0,1905.75,701.5,1769.0,1.0,1745.5,1.0,1891.75,6816.5,965.0,0.0,7234.5,1.0,615.5,0.5,1745.0,342.25,481.5,1.0,1.0,9284.0,527.25,1.0,1.0,1.0,1.0,1129.5,1.0,7311.5,4.0,,,,"POLYGON ((178.14293500000022 -17.73604699999995, 178.14293500000022 -17.646046999999946, 178.0529350000002 -17.646046999999946, 178.05293500000022 -17.73604699999995, 178.14293500000022 -17.73604699999995))"
81,81,0,FJI,87.86595286831282,2347.5,11303.5,1902.0,1988.75,11303.5,814.0,476.5,2007.75,1.0,0.5,167.0,870.0,6784.75,562.75,7150.25,3543.0,442.0,7878.25,3464.5,2162.25,300.75,782.5,567.25,1.0,1.0,1887.5,0.25,560.25,580.0,912.0,1.0,753.0,469.25,1.0,9249.75,301.25,1.0,647.25,0.25,1.0,943.25,450.25,1.0,1.0,1.0,1913.25,713.75,1899.25,1.0,1860.5,1.0,2162.25,6784.75,987.25,192.75,7581.0,1.0,629.5,0.5,1860.5,349.75,485.0,1.0,1.0,9249.75,541.0,1.0,1.75,1.0,1.0,1147.5,1.0,7878.25,3.0,,1.0,,"POLYGON ((178.14293500000022 -17.646046999999946, 178.1429350000002 -17.556046999999946, 178.05293500000022 -17.556046999999946, 178.0529350000002 -17.646046999999946, 178.14293500000022 -17.646046999999946))"
82,82,0,FJI,87.9085655540987,2338.75,11447.5,2272.75,1998.0,11447.5,856.0,486.75,1994.0,1.0,0.75,167.0,882.75,6742.5,574.25,7565.5,3588.0,454.5,8582.75,3511.25,3241.25,300.75,810.25,589.25,1.0,1.0,1865.5,0.25,573.25,589.5,936.75,1.0,817.0,485.0,1.0,9207.5,301.25,1.0,683.25,0.25,1.0,973.5,664.5,1.0,1.0,1.0,1923.0,736.0,2269.0,1.0,2059.25,1.0,3241.25,6742.5,1036.5,192.75,7999.0,1.0,664.5,0.75,2059.25,540.5,495.25,1.0,1.0,9207.5,553.5,1.0,1.75,1.0,1.0,1174.0,1.0,8582.75,1.0,,2.0,1.0,"POLYGON ((178.1429350000002 -17.55604699999995, 178.14293500000022 -17.466046999999943, 178.05293500000022 -17.466046999999943, 178.05293500000022 -17.55604699999995, 178.1429350000002 -17.55604699999995))"
83,83,0,FJI,87.95096506046742,2330.0,11394.25,2559.75,2036.75,11394.25,908.75,507.25,1979.25,1.0,1.0,347.75,904.75,6976.5,589.0,7961.25,3583.25,473.25,9034.0,3529.0,4602.25,702.0,852.25,619.25,1.0,1.0,1860.0,0.5,591.25,602.0,942.0,1.0,847.0,507.25,1.0,9191.5,702.75,1.0,729.25,0.5,1.0,1015.25,884.25,1.0,1.0,2.0,1967.5,765.0,2556.25,1.0,2354.0,1.0,4602.25,6976.5,1098.0,397.0,8392.5,1.0,708.25,1.0,2354.0,751.25,508.5,1.0,1.0,9191.5,569.0,1.0,3.0,1.0,1.0,1214.5,1.0,9034.0,,,1.0,3.0,"POLYGON ((178.14293500000022 -17.466046999999943, 178.14293500000016 -17.376046999999947, 178.05293500000022 -17.376046999999947, 178.05293500000022 -17.466046999999943, 178.14293500000022 -17.466046999999943))"
84,84,0,FJI,87.60580464009813,2776.3333333333335,11217.666666666666,1920.6666666666667,1867.3333333333333,11217.666666666666,881.3333333333334,514.6666666666666,1970.3333333333333,1.0,1.0,667.0,922.3333333333334,6642.666666666667,601.0,6639.333333333333,3570.6666666666665,498.6666666666667,6595.0,3519.6666666666665,3819.0,1345.6666666666667,834.3333333333334,616.3333333333334,1.0,1.0,1913.3333333333333,1.0,602.6666666666666,616.3333333333334,1001.0,1.0,875.6666666666666,515.0,1.0,8945.333333333334,1347.6666666666667,1.0,702.6666666666666,1.0,1.0,1032.6666666666667,897.6666666666666,1.0,1.0,1.0,1799.0,776.0,1918.0,1.0,1634.0,1.0,3819.0,6642.666666666667,1067.6666666666667,772.6666666666666,6639.333333333333,1.0,675.3333333333334,1.0,1634.0,706.3333333333334,501.3333333333333,1.0,1.0,8945.333333333334,618.3333333333334,1.0,1.0,1.0,1.0,1225.3333333333333,1.0,6595.0,2.0,,1.0,,"POLYGON ((178.23293500000023 -18.186046999999952, 178.23293500000023 -18.096046999999942, 178.1429350000002 -18.096046999999942, 178.14293500000025 -18.186046999999952, 178.23293500000023 -18.186046999999952))"
85,85,0,FJI,87.64969465330064,2739.0,11363.25,1895.0,1879.0,11363.25,851.5,501.5,1986.0,1.0,0.75,490.75,898.75,6714.5,587.75,6578.75,3600.25,490.25,6543.0,3529.0,2786.5,950.0,807.25,595.25,1.0,1.0,1927.5,0.75,587.25,603.75,976.5,1.0,851.25,503.0,1.0,9078.25,951.5,1.0,677.75,0.75,1.0,1000.75,662.5,1.0,1.0,1.0,1806.25,754.0,1892.0,1.0,1587.0,1.0,2786.5,6714.5,1031.0,570.25,6582.5,1.0,654.0,0.75,1587.25,519.25,494.25,1.0,1.0,9078.25,598.75,1.0,1.0,1.0,1.0,1190.5,1.0,6543.0,3.0,,1.0,,"POLYGON ((178.23293500000023 -18.096046999999952, 178.23293500000023 -18.006046999999942, 178.1429350000002 -18.006046999999942, 178.1429350000002 -18.096046999999952, 178.23293500000023 -18.096046999999952))"
86,86,0,FJI,87.69337198896024,2614.3333333333335,11405.5,1895.5,1892.3333333333333,11405.5,831.5,485.5,1991.8333333333333,1.0,0.5,217.66666666666666,891.0,6756.0,579.1666666666666,6767.5,3584.8333333333335,480.3333333333333,6839.166666666667,3500.8333333333335,1865.5,402.1666666666667,791.5,580.5,1.0,1.0,1929.0,0.3333333333333333,575.6666666666666,595.8333333333334,967.3333333333334,1.0,821.6666666666666,488.5,1.0,9167.5,402.8333333333333,1.0,661.8333333333334,0.3333333333333333,1.0,973.1666666666666,445.1666666666667,1.0,1.0,1.0,1816.5,733.3333333333334,1892.1666666666667,1.0,1595.3333333333333,1.0,1865.5,6756.0,1008.3333333333334,253.16666666666666,6782.666666666667,1.0,640.0,0.5,1595.5,344.5,492.3333333333333,1.0,1.0,9167.5,587.8333333333334,1.0,1.0,1.0,1.0,1175.3333333333333,1.0,6839.166666666667,4.0,,2.0,,"POLYGON ((178.23293500000023 -18.00604699999995, 178.2329350000002 -17.916046999999946, 178.14293500000022 -17.916046999999946, 178.1429350000002 -18.00604699999995, 178.23293500000023 -18.00604699999995))"
87,87,0,FJI,87.73683656238343,2524.5,11416.0,2002.75,1913.0,11416.0,848.25,489.5,1987.25,1.0,0.75,167.75,905.0,6730.0,588.75,7141.75,3584.25,487.0,7405.25,3512.0,2966.5,324.5,809.0,591.5,1.0,1.0,1912.25,0.25,586.25,605.75,980.0,1.0,826.0,489.5,1.0,9149.75,324.75,1.0,675.0,0.25,1.0,984.0,675.5,1.0,1.0,1.0,1840.5,741.5,1999.25,1.0,1721.25,1.0,2966.5,6730.0,1029.5,194.0,7182.25,1.0,653.75,0.75,1721.25,521.25,499.75,1.0,1.0,9149.75,598.75,1.0,1.0,1.0,1.0,1195.25,1.0,7405.25,2.0,,2.0,,"POLYGON ((178.2329350000002 -17.916046999999946, 178.23293500000023 -17.82604699999995, 178.14293500000025 -17.82604699999995, 178.14293500000022 -17.916046999999946, 178.2329350000002 -17.916046999999946))"
88,88,0,FJI,87.78008828928016,2487.5,11401.75,2136.75,1933.0,11401.75,872.0,502.0,1980.5,1.0,1.0,336.75,921.25,6695.0,602.5,7466.25,3592.5,499.25,7912.0,3533.75,4084.25,650.0,832.0,608.0,1.0,1.0,1893.5,0.5,601.25,620.0,995.5,1.0,842.5,499.0,1.0,9096.0,650.75,1.0,694.25,0.5,1.0,1005.0,905.25,1.0,1.0,1.0,1864.5,757.5,2133.5,1.0,1862.75,1.0,4084.25,6695.0,1058.75,389.25,7546.25,1.0,672.5,1.0,1862.75,701.0,505.0,1.0,1.0,9096.0,606.5,1.0,1.0,1.0,1.0,1220.0,1.0,7912.0,3.0,,1.0,,"POLYGON ((178.23293500000023 -17.826046999999953, 178.23293500000023 -17.73604699999995, 178.14293500000025 -17.73604699999995, 178.14293500000025 -17.826046999999953, 178.23293500000023 -17.826046999999953))"
89,89,0,FJI,87.82312708573463,2451.5,11405.75,2203.0,1948.75,11405.75,874.25,507.0,1980.0,1.0,1.0,339.0,921.75,6695.75,602.5,7610.5,3589.75,495.0,8227.25,3533.25,4164.75,657.0,835.0,609.0,1.0,1.0,1882.25,0.5,601.5,620.5,995.5,1.0,842.5,499.0,1.0,9101.25,658.0,1.0,696.25,0.5,1.0,1004.25,905.75,1.0,1.0,1.0,1880.75,758.5,2199.75,1.0,1937.75,1.0,4164.75,6695.75,1061.75,391.25,7760.0,1.0,674.75,1.0,1937.75,703.25,507.0,1.0,1.0,9101.25,599.25,1.0,1.0,1.0,1.0,1221.25,1.0,8227.25,3.0,,1.0,,"POLYGON ((178.23293500000023 -17.73604699999995, 178.23293500000023 -17.646046999999946, 178.14293500000022 -17.646046999999946, 178.14293500000025 -17.73604699999995, 178.23293500000023 -17.73604699999995))"
90,90,0,FJI,87.86595286833223,2415.25,11366.25,2307.25,1968.0,11366.25,887.5,513.75,1974.5,1.0,1.0,509.0,931.5,6670.25,608.25,7849.5,3591.0,489.0,8734.25,3538.75,4562.0,975.75,847.75,617.75,1.0,1.0,1875.0,0.75,607.5,627.0,1004.75,1.0,850.75,504.0,1.0,9067.0,977.0,1.0,706.75,0.75,1.0,1016.5,915.5,1.0,1.0,1.0,1901.75,766.75,2304.0,1.0,2061.5,1.0,4562.0,6670.25,1078.0,586.5,8104.25,1.0,685.0,1.0,2061.5,714.25,507.75,1.0,1.0,9067.0,598.25,1.0,1.75,1.0,1.0,1235.5,1.0,8734.25,1.0,,2.0,1.0,"POLYGON ((178.23293500000023 -17.646046999999946, 178.2329350000002 -17.556046999999946, 178.1429350000002 -17.556046999999946, 178.14293500000022 -17.646046999999946, 178.23293500000023 -17.646046999999946))"
91,91,0,FJI,87.90856555410842,2400.0,11382.5,2366.25,1983.0,11382.5,897.5,510.25,1975.75,1.0,1.0,509.5,918.75,6676.0,599.25,7892.5,3594.0,486.75,8867.75,3542.25,4581.25,972.0,849.5,618.0,1.0,1.0,1875.0,0.75,600.0,615.25,974.25,1.0,849.5,505.5,1.0,9083.0,973.0,1.0,717.25,0.75,1.0,1015.75,906.75,1.0,1.0,1.0,1916.75,765.75,2363.25,1.0,2127.25,1.0,4581.25,6676.0,1088.0,586.25,8191.0,1.0,696.0,1.0,2127.25,732.25,505.0,1.0,1.0,9083.0,586.25,1.0,1.75,1.0,1.0,1225.25,1.0,8867.75,,,2.0,2.0,"POLYGON ((178.2329350000002 -17.55604699999995, 178.23293500000025 -17.466046999999943, 178.14293500000022 -17.466046999999943, 178.1429350000002 -17.55604699999995, 178.2329350000002 -17.55604699999995))"
92,92,0,FJI,87.95096506049657,2384.75,11354.5,2486.5,2005.5,11354.5,916.0,513.25,1972.0,1.0,1.0,516.75,912.75,6786.75,594.5,7986.5,3583.5,486.25,8963.0,3541.25,4685.25,1016.75,859.75,624.25,1.0,1.0,1870.0,0.75,597.25,607.5,951.0,1.0,854.0,512.75,1.0,9105.75,1017.75,1.0,735.5,0.75,1.0,1023.25,898.5,1.0,1.0,1.0,1941.25,771.0,2483.75,1.0,2269.5,1.0,4685.25,6786.75,1109.0,591.75,8294.75,1.0,713.75,1.0,2269.5,758.0,507.75,1.0,1.0,9105.75,581.5,1.0,1.25,1.0,1.0,1225.0,1.0,8963.0,,,1.0,3.0,"POLYGON ((178.23293500000025 -17.466046999999943, 178.23293500000023 -17.376046999999947, 178.14293500000016 -17.376046999999947, 178.14293500000022 -17.466046999999943, 178.23293500000025 -17.466046999999943))"
93,93,0,FJI,87.99315130538201,2366.5,11265.0,2608.5,2022.5,11265.0,934.5,523.0,1962.0,1.0,1.0,692.5,927.0,6871.0,603.5,8199.0,3569.5,490.0,9241.5,3540.0,5038.5,1378.0,877.5,637.0,1.0,1.0,1864.0,1.0,606.5,616.5,965.5,1.0,866.5,522.0,1.0,9080.0,1379.5,1.0,751.0,1.0,1.0,1041.0,906.5,1.0,1.0,1.0,1962.0,783.5,2606.0,1.0,2419.5,1.0,5038.5,6871.0,1132.0,792.0,8527.5,1.0,728.0,1.0,2419.5,774.0,511.0,1.0,1.0,9080.0,587.5,1.0,1.5,1.0,1.0,1246.0,1.0,9241.5,,,,2.0,"POLYGON ((178.23293500000023 -17.376046999999947, 178.23293500000023 -17.286046999999954, 178.14293500000022 -17.286046999999954, 178.14293500000016 -17.376046999999947, 178.23293500000023 -17.376046999999947))"
94,94,0,FJI,87.60580464004967,2786.0,11235.0,1904.0,1864.5,11235.0,881.5,515.0,1971.0,1.0,1.0,667.0,923.0,6645.5,601.5,6624.5,3576.5,499.0,6582.5,3534.0,3852.5,1350.5,836.0,616.0,1.0,1.0,1914.0,1.0,604.0,617.0,1002.5,1.0,876.0,514.5,1.0,8959.0,1352.5,1.0,703.5,1.0,1.0,1032.5,899.0,1.0,1.0,1.0,1799.0,776.0,1902.0,1.0,1611.0,1.0,3852.5,6645.5,1069.5,773.5,6624.5,1.0,676.0,1.0,1611.0,708.0,512.0,1.0,1.0,8959.0,619.5,1.0,1.0,1.0,1.0,1226.5,1.0,6582.5,1.0,,1.0,,"POLYGON ((178.32293500000017 -18.186046999999952, 178.3229350000002 -18.096046999999942, 178.23293500000023 -18.096046999999942, 178.23293500000023 -18.186046999999952, 178.32293500000017 -18.186046999999952))"
95,95,0,FJI,87.64969465323277,2769.5,11293.5,1912.0,1872.25,11293.5,874.5,512.0,1976.0,1.0,1.0,661.75,916.5,6664.25,597.5,6614.75,3592.75,497.25,6580.75,3538.5,3781.0,1305.75,829.75,611.0,1.0,1.0,1918.25,1.0,599.25,612.75,995.25,1.0,869.5,511.25,1.0,9001.25,1307.75,1.0,697.5,1.0,1.0,1024.5,892.75,1.0,1.0,1.0,1804.5,770.5,1909.75,1.0,1615.25,1.0,3781.0,6664.25,1060.5,768.25,6614.75,1.0,671.0,1.0,1615.5,702.0,503.25,1.0,1.0,9001.25,615.0,1.0,1.0,1.0,1.0,1217.0,1.0,6580.75,2.0,,2.0,,"POLYGON ((178.3229350000002 -18.096046999999952, 178.32293500000023 -18.006046999999942, 178.23293500000023 -18.006046999999942, 178.23293500000023 -18.096046999999952, 178.3229350000002 -18.096046999999952))"
96,96,0,FJI,87.69337198894085,2661.5,11331.666666666666,1963.0,1886.5,11331.666666666666,875.3333333333334,505.3333333333333,1977.0,1.0,1.0,555.1666666666666,924.8333333333334,6672.833333333333,603.8333333333334,6964.166666666667,3590.6666666666665,491.3333333333333,7075.166666666667,3529.3333333333335,3921.5,1080.5,833.6666666666666,611.0,1.0,1.0,1917.5,0.8333333333333334,603.6666666666666,620.6666666666666,1002.0,1.0,855.8333333333334,506.8333333333333,1.0,9033.666666666666,1082.1666666666667,1.0,698.8333333333334,0.8333333333333334,1.0,1017.0,905.6666666666666,1.0,1.0,1.0,1817.6666666666667,764.8333333333334,1960.1666666666667,1.0,1671.6666666666667,1.0,3921.5,6672.833333333333,1063.5,643.8333333333334,6965.833333333333,1.0,672.8333333333334,1.0,1671.8333333333333,704.1666666666666,502.0,1.0,1.0,9033.666666666666,616.5,1.0,1.0,1.0,1.0,1225.5,1.0,7075.166666666667,3.0,,3.0,,"POLYGON ((178.32293500000023 -18.00604699999995, 178.3229350000002 -17.916046999999946, 178.23293500000025 -17.916046999999946, 178.23293500000023 -18.00604699999995, 178.32293500000023 -18.00604699999995))"
97,97,0,FJI,87.73683656236405,2584.75,11289.0,2054.0,1901.75,11289.0,888.5,507.5,1970.25,1.0,1.0,511.5,938.75,6651.5,613.25,7336.25,3570.25,497.5,7599.5,3522.0,4185.75,1017.75,848.0,619.5,1.0,1.0,1910.0,0.75,612.5,630.75,1015.25,1.0,857.5,507.5,1.0,9008.5,1019.0,1.0,709.5,0.75,1.0,1021.75,921.75,1.0,1.0,1.0,1836.5,770.5,2051.25,1.0,1779.0,1.0,4185.75,6651.5,1080.5,590.5,7340.5,1.0,684.25,1.0,1779.0,716.0,509.5,1.0,1.0,9008.5,618.5,1.0,1.0,1.0,1.0,1244.25,1.0,7599.5,2.0,,2.0,,"POLYGON ((178.3229350000002 -17.916046999999946, 178.3229350000002 -17.82604699999995, 178.23293500000028 -17.82604699999995, 178.23293500000025 -17.916046999999946, 178.3229350000002 -17.916046999999946))"
98,98,0,FJI,87.78008828925104,2551.75,11303.25,2112.5,1917.0,11303.25,891.25,507.75,1970.5,1.0,1.0,674.25,939.5,6651.0,614.25,7495.0,3587.5,500.5,7832.25,3542.5,4310.75,1290.0,851.5,621.25,1.0,1.0,1902.5,1.0,613.0,631.5,1015.25,1.0,858.0,507.5,1.0,9019.25,1292.0,1.0,711.25,1.0,1.0,1023.25,923.25,1.0,1.0,1.0,1853.75,771.75,2110.0,1.0,1842.25,1.0,4310.75,6651.0,1083.5,779.25,7500.5,1.0,687.0,1.0,1842.25,718.25,505.5,1.0,1.0,9019.25,619.5,1.0,1.0,1.0,1.0,1245.5,1.0,7832.25,4.0,,,,"POLYGON ((178.3229350000002 -17.826046999999953, 178.3229350000002 -17.73604699999995, 178.23293500000023 -17.73604699999995, 178.23293500000028 -17.826046999999953, 178.3229350000002 -17.826046999999953))"
99,99,0,FJI,87.8231270856958,2513.75,11310.0,2178.75,1933.0,11310.0,894.0,512.75,1970.0,1.0,1.0,676.25,940.25,6650.0,614.25,7666.25,3589.0,500.25,8142.75,3546.25,4450.25,1292.25,854.75,622.75,1.0,1.0,1888.75,1.0,613.5,632.25,1015.5,1.0,858.5,508.25,1.0,9025.25,1294.25,1.0,713.0,1.0,1.0,1024.75,923.75,1.0,1.0,1.0,1870.5,773.0,2176.25,1.0,1917.5,1.0,4450.25,6650.0,1086.75,780.75,7711.25,1.0,689.75,1.0,1917.5,720.25,506.0,1.0,1.0,9025.25,616.75,1.0,1.0,1.0,1.0,1247.0,1.0,8142.75,2.0,,2.0,,"POLYGON ((178.3229350000002 -17.73604699999995, 178.32293500000023 -17.646046999999946, 178.23293500000025 -17.646046999999946, 178.23293500000023 -17.73604699999995, 178.3229350000002 -17.73604699999995))"
100,100,0,FJI,87.86595286828369,2472.5,11285.25,2263.0,1949.5,11285.25,901.5,519.75,1966.75,1.0,1.0,681.5,944.75,6638.0,616.75,7882.75,3580.75,498.5,8550.25,3545.75,4682.0,1326.0,861.75,627.5,1.0,1.0,1877.75,1.0,616.25,635.25,1019.75,1.0,862.75,510.75,1.0,9008.5,1327.25,1.0,718.75,1.0,1.0,1031.25,928.0,1.0,1.0,1.0,1888.5,777.0,2260.5,1.0,2015.75,1.0,4682.0,6638.0,1095.75,785.0,7989.25,1.0,695.75,1.0,2015.75,726.5,508.5,1.0,1.0,9008.5,615.0,1.0,1.0,1.0,1.0,1254.25,1.0,8550.25,,,3.0,1.0,"POLYGON ((178.32293500000023 -17.646046999999946, 178.3229350000002 -17.556046999999946, 178.23293500000023 -17.556046999999946, 178.23293500000025 -17.646046999999946, 178.32293500000023 -17.646046999999946))"
101,101,0,FJI,87.90856555405986,2451.5,11320.75,2335.75,1969.25,11320.75,910.0,518.25,1969.25,1.0,1.0,680.75,930.25,6648.0,606.75,7928.5,3590.0,497.0,8691.75,3554.0,4720.75,1304.75,861.75,626.5,1.0,1.0,1877.75,1.0,607.75,622.5,987.25,1.0,860.0,511.0,1.0,9034.5,1306.0,1.0,728.0,1.0,1.0,1028.75,918.0,1.0,1.0,1.0,1907.5,774.75,2333.5,1.0,2095.75,1.0,4720.75,6648.0,1103.75,783.0,8080.5,1.0,705.25,1.0,2095.75,743.5,506.5,1.0,1.0,9034.5,605.25,1.0,1.0,1.0,1.0,1241.5,1.0,8691.75,,,1.0,3.0,"POLYGON ((178.3229350000002 -17.55604699999995, 178.32293500000026 -17.466046999999943, 178.23293500000025 -17.466046999999943, 178.23293500000023 -17.55604699999995, 178.3229350000002 -17.55604699999995))"
102,102,0,FJI,87.64969465325218,2780.0,11219.0,1932.5,1869.25,11219.0,888.25,517.5,1967.75,1.0,1.0,672.0,929.0,6634.0,605.5,6665.75,3571.0,503.5,6642.75,3530.75,3887.5,1358.5,844.0,620.5,1.0,1.0,1910.0,1.0,608.0,620.5,1008.25,1.0,880.75,517.25,1.0,8948.5,1360.5,1.0,709.5,1.0,1.0,1037.25,905.25,1.0,1.0,1.0,1804.75,780.25,1930.25,1.0,1644.25,1.0,3887.5,6634.0,1078.5,778.25,6665.75,1.0,681.0,1.0,1644.25,714.75,519.75,1.0,1.0,8948.5,623.25,1.0,1.0,1.0,1.0,1234.75,1.0,6642.75,2.0,,1.0,1.0,"POLYGON ((178.4129350000002 -18.096046999999952, 178.41293500000023 -18.006046999999942, 178.32293500000023 -18.006046999999942, 178.3229350000002 -18.096046999999952, 178.4129350000002 -18.096046999999952))"
103,103,0,FJI,87.69337198891176,2681.8333333333335,11197.166666666666,2000.3333333333333,1881.5,11197.166666666666,898.6666666666666,515.6666666666666,1963.1666666666667,1.0,1.0,679.5,945.6666666666666,6620.5,617.1666666666666,7088.333333333333,3560.0,498.5,7231.666666666667,3522.1666666666665,4161.166666666667,1369.8333333333333,856.5,627.1666666666666,1.0,1.0,1904.3333333333333,1.0,617.3333333333334,633.8333333333334,1023.8333333333334,1.0,874.1666666666666,515.5,1.0,8938.0,1371.8333333333333,1.0,718.6666666666666,1.0,1.0,1038.3333333333333,925.8333333333334,1.0,1.0,1.0,1818.5,781.5,1998.3333333333333,1.0,1724.5,1.0,4161.166666666667,6620.5,1093.0,785.3333333333334,7090.333333333333,1.0,690.3333333333334,1.0,1724.5,724.5,513.0,1.0,1.0,8938.0,627.1666666666666,1.0,1.0,1.0,1.0,1255.3333333333333,1.0,7231.666666666667,3.0,,3.0,,"POLYGON ((178.41293500000023 -18.00604699999995, 178.41293500000018 -17.916046999999946, 178.32293500000026 -17.916046999999946, 178.32293500000023 -18.00604699999995, 178.41293500000023 -18.00604699999995))"
104,104,0,FJI,87.73683656233494,2615.75,11157.5,2076.75,1894.0,11157.5,911.25,517.75,1957.0,1.0,1.0,689.0,959.25,6600.25,626.25,7443.0,3544.0,502.75,7731.25,3509.75,4444.25,1390.75,870.5,635.25,1.0,1.0,1897.25,1.0,625.5,643.75,1037.0,1.0,875.5,517.75,1.0,8914.5,1392.75,1.0,729.0,1.0,1.0,1044.5,941.25,1.0,1.0,1.0,1833.25,787.0,2074.5,1.0,1816.0,1.0,4444.25,6600.25,1109.25,794.25,7448.0,1.0,701.5,1.0,1816.0,735.75,515.5,1.0,1.0,8914.5,626.0,1.0,1.0,1.0,1.0,1273.5,1.0,7731.25,2.0,,2.0,,"POLYGON ((178.41293500000018 -17.916046999999946, 178.4129350000002 -17.82604699999995, 178.32293500000026 -17.82604699999995, 178.32293500000026 -17.916046999999946, 178.41293500000018 -17.916046999999946))"
105,105,0,FJI,87.78008828925104,2589.0,11237.5,2090.0,1905.0,11237.5,902.25,513.25,1963.75,1.0,1.0,682.5,950.0,6626.5,620.75,7470.0,3567.75,503.25,7785.5,3524.5,4390.75,1333.25,862.5,628.75,1.0,1.0,1902.75,1.0,619.75,638.25,1027.0,1.0,867.25,513.0,1.0,8972.5,1335.5,1.0,720.75,1.0,1.0,1034.5,933.25,1.0,1.0,1.0,1842.75,780.0,2087.5,1.0,1823.0,1.0,4390.75,6626.5,1097.5,787.5,7474.75,1.0,695.25,1.0,1823.0,728.25,510.75,1.0,1.0,8972.5,623.25,1.0,1.0,1.0,1.0,1260.5,1.0,7785.5,4.0,,,,"POLYGON ((178.4129350000002 -17.826046999999953, 178.41293500000018 -17.73604699999995, 178.3229350000002 -17.73604699999995, 178.32293500000026 -17.826046999999953, 178.4129350000002 -17.826046999999953))"
106,106,0,FJI,87.8231270857152,2553.0,11336.75,2103.75,1918.0,11336.75,890.0,506.5,1972.5,1.0,1.0,509.75,937.75,6659.0,613.0,7495.75,3586.75,498.5,7853.75,3532.0,4288.0,981.25,851.0,619.75,1.0,1.0,1902.25,0.75,612.0,630.75,1013.75,1.0,856.25,507.5,1.0,9043.25,982.75,1.0,709.75,0.75,1.0,1021.0,921.75,1.0,1.0,1.0,1852.5,770.25,2101.25,1.0,1831.25,1.0,4288.0,6659.0,1082.0,588.25,7508.0,1.0,686.5,1.0,1831.25,717.5,507.0,1.0,1.0,9043.25,619.0,1.0,1.0,1.0,1.0,1243.0,1.0,7853.75,3.0,,1.0,,"POLYGON ((178.41293500000018 -17.73604699999995, 178.41293500000023 -17.646046999999946, 178.32293500000023 -17.646046999999946, 178.3229350000002 -17.73604699999995, 178.41293500000018 -17.73604699999995))"
107,107,0,FJI,87.86595286832252,2513.0,11376.0,2154.3333333333335,1933.3333333333333,11376.0,886.6666666666666,506.6666666666667,1976.0,1.0,1.0,452.6666666666667,933.3333333333334,6671.0,610.0,7597.333333333333,3594.6666666666665,495.3333333333333,8072.333333333333,3542.3333333333335,4341.333333333333,868.0,848.0,617.0,1.0,1.0,1891.0,0.6666666666666666,609.0,627.6666666666666,1008.6666666666666,1.0,852.3333333333334,505.3333333333333,1.0,9071.333333333334,868.6666666666666,1.0,706.6666666666666,0.6666666666666666,1.0,1016.6666666666666,917.0,1.0,1.0,1.0,1867.6666666666667,766.6666666666666,2151.6666666666665,1.0,1884.6666666666667,1.0,4341.333333333333,6671.0,1077.6666666666667,521.6666666666666,7653.0,1.0,684.3333333333334,1.0,1884.6666666666667,714.6666666666666,505.6666666666667,1.0,1.0,9071.333333333334,613.3333333333334,1.0,1.0,1.0,1.0,1237.0,1.0,8072.333333333333,1.0,,2.0,,"POLYGON ((178.41293500000023 -17.646046999999946, 178.41293500000018 -17.556046999999946, 178.3229350000002 -17.556046999999946, 178.32293500000023 -17.646046999999946, 178.41293500000023 -17.646046999999946))"
108,108,0,FJI,87.60580464007876,2708.3333333333335,11076.0,2202.6666666666665,1955.0,11076.0,932.0,535.6666666666666,1965.0,1.0,1.0,698.6666666666666,971.3333333333334,6776.0,628.0,7166.333333333333,3526.6666666666665,510.6666666666667,7544.0,3489.3333333333335,4242.333333333333,1318.3333333333333,900.0,640.3333333333334,1.0,1.0,1891.3333333333333,1.0,629.3333333333334,642.6666666666666,1039.0,1.0,906.3333333333334,535.3333333333334,1.0,8911.666666666666,1320.3333333333333,1.0,772.0,1.0,1.0,1078.6666666666667,947.6666666666666,1.0,1.0,1.0,1887.3333333333333,808.6666666666666,2200.3333333333335,1.0,1973.0,1.0,4242.333333333333,6776.0,1160.3333333333333,812.0,7375.333333333333,1.0,712.0,1.0,1972.6666666666667,780.3333333333334,542.6666666666666,1.0,1.0,8911.666666666666,633.3333333333334,1.0,3.6666666666666665,1.0,1.0,1297.0,1.0,7544.0,,,,3.0,"POLYGON ((178.50293500000024 -18.186046999999952, 178.50293500000024 -18.096046999999942, 178.4129350000002 -18.096046999999942, 178.41293500000023 -18.186046999999952, 178.50293500000024 -18.186046999999952))"
109,109,0,FJI,87.64969465328126,2704.1666666666665,11114.0,2202.1666666666665,1954.5,11114.0,927.6666666666666,533.6666666666666,1967.0,1.0,1.0,574.6666666666666,967.0,6771.833333333333,625.5,7168.0,3538.1666666666665,510.1666666666667,7543.0,3501.0,4210.333333333333,1113.1666666666667,896.3333333333334,637.1666666666666,1.0,1.0,1893.1666666666667,0.8333333333333334,626.6666666666666,640.0,1034.3333333333333,1.0,902.5,533.1666666666666,1.0,8934.166666666666,1114.8333333333333,1.0,767.8333333333334,0.8333333333333334,1.0,1073.8333333333333,943.5,1.0,1.0,1.0,1887.3333333333333,805.3333333333334,2199.8333333333335,1.0,1968.0,1.0,4210.333333333333,6771.833333333333,1154.6666666666667,666.6666666666666,7363.666666666667,1.0,709.1666666666666,1.0,1967.8333333333333,776.6666666666666,540.6666666666666,1.0,1.0,8934.166666666666,630.3333333333334,1.0,2.8333333333333335,1.0,1.0,1291.1666666666667,1.0,7543.0,1.0,,1.0,4.0,"POLYGON ((178.50293500000024 -18.096046999999952, 178.50293500000024 -18.006046999999942, 178.41293500000023 -18.006046999999942, 178.4129350000002 -18.096046999999952, 178.50293500000024 -18.096046999999952))"
110,110,0,FJI,87.69337198897965,2680.1111111111113,11121.0,2093.777777777778,1905.4444444444443,11121.0,915.0,526.7777777777778,1958.111111111111,1.0,1.0,606.1111111111111,962.8888888888889,6644.444444444444,626.2222222222222,7243.333333333333,3536.777777777778,506.6666666666667,7504.666666666667,3500.6666666666665,4295.777777777777,1244.2222222222222,882.1111111111111,628.0,1.0,1.0,1894.2222222222222,0.8888888888888888,622.8888888888889,642.2222222222222,1030.6666666666667,1.0,887.6666666666666,526.1111111111111,1.0,8901.777777777777,1245.888888888889,1.0,753.3333333333334,0.8888888888888888,1.0,1057.7777777777778,941.3333333333334,1.0,1.0,1.0,1841.7777777777778,795.4444444444445,2091.5555555555557,1.0,1840.3333333333333,1.0,4295.777777777777,6644.444444444444,1136.0,706.2222222222222,7305.888888888889,1.0,700.8888888888889,1.0,1840.3333333333333,760.3333333333334,528.7777777777778,1.0,1.0,8901.777777777777,631.5555555555555,1.0,1.3333333333333333,1.0,1.0,1282.5555555555557,1.0,7504.666666666667,3.0,,5.0,1.0,"POLYGON ((178.50293500000024 -18.00604699999995, 178.50293500000024 -17.916046999999946, 178.41293500000023 -17.916046999999946, 178.41293500000023 -18.00604699999995, 178.50293500000024 -18.00604699999995))"
111,111,0,FJI,87.73683656240283,2655.5,11122.5,2070.8333333333335,1889.5,11122.5,911.1666666666666,524.3333333333334,1953.3333333333333,1.0,1.0,684.1666666666666,962.1666666666666,6586.0,627.3333333333334,7333.666666666667,3534.3333333333335,506.5,7571.166666666667,3499.5,4391.833333333333,1408.8333333333333,878.0,624.8333333333334,1.0,1.0,1894.1666666666667,1.0,622.0,644.5,1029.5,1.0,881.3333333333334,523.6666666666666,1.0,8888.833333333334,1410.5,1.0,747.8333333333334,1.0,1.0,1051.8333333333333,941.6666666666666,1.0,1.0,1.0,1828.5,792.0,2068.5,1.0,1812.3333333333333,1.0,4391.833333333333,6586.0,1129.6666666666667,799.0,7337.833333333333,1.0,699.6666666666666,1.0,1812.3333333333333,754.3333333333334,522.1666666666666,1.0,1.0,8888.833333333334,629.0,1.0,1.0,1.0,1.0,1279.8333333333333,1.0,7571.166666666667,3.0,,3.0,,"POLYGON ((178.50293500000024 -17.916046999999946, 178.50293500000024 -17.82604699999995, 178.41293500000026 -17.82604699999995, 178.41293500000023 -17.916046999999946, 178.50293500000024 -17.916046999999946))"
112,112,0,FJI,87.78008828926075,2637.6666666666665,11188.166666666666,2068.1666666666665,1895.0,11188.166666666666,903.5,520.5,1958.6666666666667,1.0,1.0,678.8333333333334,954.1666666666666,6607.166666666667,622.6666666666666,7336.0,3553.8333333333335,506.0,7590.5,3516.5,4350.166666666667,1374.0,870.8333333333334,619.5,1.0,1.0,1899.0,1.0,617.0,639.5,1020.5,1.0,874.5,520.0,1.0,8936.666666666666,1375.8333333333333,1.0,740.6666666666666,1.0,1.0,1043.5,934.3333333333334,1.0,1.0,1.0,1833.8333333333333,785.8333333333334,2065.8333333333335,1.0,1801.6666666666667,1.0,4350.166666666667,6607.166666666667,1119.6666666666667,793.3333333333334,7341.0,1.0,694.5,1.0,1801.8333333333333,747.5,516.3333333333334,1.0,1.0,8936.666666666666,623.5,1.0,1.0,1.0,1.0,1268.5,1.0,7590.5,4.0,,2.0,,"POLYGON ((178.50293500000024 -17.826046999999953, 178.5029350000002 -17.73604699999995, 178.41293500000023 -17.73604699999995, 178.41293500000026 -17.826046999999953, 178.50293500000024 -17.826046999999953))"
113,113,0,FJI,87.82312708573463,2609.3333333333335,11316.666666666666,2052.0,1904.3333333333333,11316.666666666666,885.5,509.6666666666667,1970.3333333333333,1.0,1.0,556.5,936.6666666666666,6651.166666666667,612.0,7275.5,3585.6666666666665,501.0,7526.166666666667,3533.5,4189.333333333333,1096.1666666666667,853.3333333333334,606.5,1.0,1.0,1907.5,0.8333333333333334,606.0,628.6666666666666,1002.1666666666666,1.0,859.3333333333334,511.5,1.0,9027.833333333334,1098.0,1.0,724.8333333333334,0.8333333333333334,1.0,1023.6666666666666,918.0,1.0,1.0,1.0,1839.1666666666667,771.8333333333334,2049.3333333333335,1.0,1772.0,1.0,4189.333333333333,6651.166666666667,1096.5,652.8333333333334,7280.333333333333,1.0,681.0,1.0,1772.1666666666667,731.5,507.3333333333333,1.0,1.0,9027.833333333334,616.8333333333334,1.0,1.0,1.0,1.0,1243.8333333333333,1.0,7526.166666666667,4.0,,1.0,1.0,"POLYGON ((178.5029350000002 -17.73604699999995, 178.50293500000026 -17.646046999999946, 178.41293500000023 -17.646046999999946, 178.41293500000023 -17.73604699999995, 178.5029350000002 -17.73604699999995))"
114,114,0,FJI,87.86595286835166,2592.0,11375.333333333334,2051.6666666666665,1910.3333333333333,11375.333333333334,877.3333333333334,503.6666666666667,1975.6666666666667,1.0,1.0,441.3333333333333,928.6666666666666,6671.0,607.0,7260.666666666667,3596.0,499.0,7513.666666666667,3532.0,4100.333333333333,856.6666666666666,845.3333333333334,600.3333333333334,1.0,1.0,1910.0,0.6666666666666666,601.0,623.6666666666666,993.6666666666666,1.0,852.3333333333334,507.6666666666667,1.0,9069.333333333334,858.3333333333334,1.0,717.6666666666666,0.6666666666666666,1.0,1014.3333333333334,910.3333333333334,1.0,1.0,1.0,1842.0,765.3333333333334,2048.6666666666665,1.0,1768.3333333333333,1.0,4100.333333333333,6671.0,1086.0,519.6666666666666,7265.333333333333,1.0,675.0,1.0,1768.3333333333333,724.3333333333334,505.0,1.0,1.0,9069.333333333334,613.6666666666666,1.0,1.0,1.0,1.0,1232.3333333333333,1.0,7513.666666666667,2.0,,,1.0,"POLYGON ((178.50293500000026 -17.646046999999946, 178.50293500000024 -17.556046999999946, 178.41293500000026 -17.556046999999946, 178.41293500000023 -17.646046999999946, 178.50293500000026 -17.646046999999946))"
115,115,0,FJI,87.6496946532231,2527.3333333333335,11031.0,2679.6666666666665,2141.0,11031.0,983.0,555.3333333333334,1985.0,1.0,1.0,241.0,1021.3333333333334,7250.0,652.6666666666666,7951.333333333333,3511.6666666666665,513.0,9064.666666666666,3475.0,4613.666666666667,377.3333333333333,977.0,653.6666666666666,1.0,1.0,1878.6666666666667,0.3333333333333333,649.6666666666666,665.6666666666666,1063.3333333333333,1.0,927.0,554.3333333333334,1.0,9044.333333333334,378.0,1.0,864.0,0.3333333333333333,1.0,1125.3333333333333,997.6666666666666,1.0,1.0,1.0,2067.6666666666665,838.0,2677.0,1.0,2532.0,1.0,4613.666666666667,7250.0,1275.0,283.6666666666667,8590.0,1.0,747.0,1.0,2531.6666666666665,878.6666666666666,561.3333333333334,1.0,1.0,9044.333333333334,623.6666666666666,1.0,4.666666666666667,1.0,1.0,1373.3333333333333,1.0,9064.666666666666,,,1.0,2.0,"POLYGON ((178.59293500000015 -18.096046999999952, 178.59293500000024 -18.006046999999942, 178.50293500000024 -18.006046999999942, 178.50293500000026 -18.096046999999952, 178.59293500000015 -18.096046999999952))"
116,116,0,FJI,87.69337198893116,2615.5,11056.25,2361.25,2011.75,11056.25,943.25,544.25,1967.75,1.0,1.0,334.0,990.75,6935.25,638.75,7570.0,3517.25,514.75,8206.0,3481.25,4450.25,711.75,930.25,626.25,1.0,1.0,1885.5,0.5,629.5,653.0,1034.5,1.0,907.0,543.25,1.0,8959.0,712.5,1.0,821.0,0.5,1.0,1092.0,966.25,1.0,1.0,1.0,1944.25,817.25,2358.5,1.0,2157.75,1.0,4450.25,6935.25,1217.0,400.75,7893.75,1.0,718.25,1.0,2157.75,830.75,546.75,1.0,1.0,8959.0,624.25,1.0,1.75,1.0,1.0,1327.5,1.0,8206.0,1.0,,2.0,1.0,"POLYGON ((178.59293500000024 -18.00604699999995, 178.5929350000002 -17.916046999999946, 178.50293500000024 -17.916046999999946, 178.50293500000024 -18.00604699999995, 178.59293500000024 -18.00604699999995))"
117,117,0,FJI,87.73683656234465,2699.0,11061.5,2081.0,1886.0,11061.5,908.0,535.5,1947.0,1.0,1.0,672.0,963.0,6561.0,626.5,7273.5,3515.5,517.0,7480.5,3481.0,4350.0,1436.0,888.0,601.5,1.0,1.0,1888.0,1.0,611.5,642.5,1007.5,1.0,889.5,534.5,1.0,8845.0,1437.5,1.0,781.5,1.0,1.0,1063.0,937.5,1.0,1.0,1.0,1824.5,799.0,2078.5,1.0,1830.5,1.0,4350.0,6561.0,1164.5,806.0,7277.5,1.0,693.5,1.0,1830.5,786.5,534.0,1.0,1.0,8845.0,626.5,1.0,1.0,1.0,1.0,1285.5,1.0,7480.5,,,2.0,,"POLYGON ((178.5929350000002 -17.916046999999946, 178.59293500000024 -17.82604699999995, 178.5029350000003 -17.82604699999995, 178.50293500000024 -17.916046999999946, 178.5929350000002 -17.916046999999946))"
118,118,0,FJI,87.78008828924133,2687.0,11139.5,2052.0,1886.5,11139.5,897.5,530.5,1954.0,1.0,1.0,665.0,953.0,6587.0,620.5,7192.5,3539.0,512.0,7384.5,3505.0,4272.0,1399.0,878.0,594.5,1.0,1.0,1894.5,1.0,605.0,636.0,996.5,1.0,880.5,529.5,1.0,8902.0,1401.0,1.0,772.0,1.0,1.0,1051.5,927.5,1.0,1.0,1.0,1826.0,791.0,2050.0,1.0,1788.5,1.0,4272.0,6587.0,1151.0,798.5,7198.0,1.0,686.5,1.0,1788.5,777.0,523.0,1.0,1.0,8902.0,618.0,1.0,1.0,1.0,1.0,1271.0,1.0,7384.5,,,2.0,,"POLYGON ((178.59293500000024 -17.826046999999953, 178.5929350000002 -17.73604699999995, 178.50293500000026 -17.73604699999995, 178.5029350000003 -17.826046999999953, 178.59293500000024 -17.826046999999953))"
119,119,0,FJI,87.8231270857249,2664.5,11219.5,2045.5,1893.0,11219.5,886.0,524.5,1961.0,1.0,1.0,657.0,941.0,6614.5,613.5,7168.0,3563.5,509.5,7364.0,3530.0,4265.5,1366.5,866.5,586.5,1.0,1.0,1901.5,1.0,598.0,628.5,984.5,1.0,870.5,523.5,1.0,8959.5,1368.5,1.0,761.0,1.0,1.0,1038.0,916.0,1.0,1.0,1.0,1832.5,782.0,2043.5,1.0,1771.5,1.0,4265.5,6614.5,1135.5,789.0,7174.0,1.0,678.0,1.0,1771.5,766.0,511.5,1.0,1.0,8959.5,611.5,1.0,1.0,1.0,1.0,1254.5,1.0,7364.0,,,1.0,1.0,"POLYGON ((178.5929350000002 -17.73604699999995, 178.59293500000024 -17.646046999999946, 178.50293500000026 -17.646046999999946, 178.50293500000026 -17.73604699999995, 178.5929350000002 -17.73604699999995))"
120,120,0,FJI,87.64969465326188,2487.0,11034.0,2680.0,2178.0,11034.0,985.0,556.0,1996.0,1.0,1.0,0.0,1023.0,7552.0,654.0,7938.0,3512.0,514.0,9066.0,3476.0,4605.0,0.0,980.0,655.0,1.0,1.0,1890.0,0.0,651.0,667.0,1065.0,1.0,929.0,555.0,1.0,9144.0,0.0,1.0,866.0,0.0,1.0,1127.0,1000.0,1.0,1.0,1.0,2104.0,839.0,2677.0,1.0,2531.0,1.0,4605.0,7552.0,1277.0,0.0,8680.0,1.0,749.0,1.0,2531.0,880.0,562.0,1.0,1.0,9144.0,612.0,1.0,1.0,1.0,1.0,1376.0,1.0,9066.0,,,1.0,,"POLYGON ((178.68293500000024 -18.096046999999952, 178.68293500000024 -18.006046999999942, 178.59293500000024 -18.006046999999942, 178.59293500000024 -18.096046999999952, 178.68293500000024 -18.096046999999952))"
121,121,0,FJI,87.81660082443645,2753.0,11221.0,1941.0,1868.5,11221.0,885.0,525.0,1961.0,1.0,1.0,656.5,943.0,6615.0,614.5,6906.0,3566.0,509.0,7000.0,3531.5,4113.5,1369.0,866.5,585.5,1.0,1.0,1903.0,1.0,598.5,630.0,988.0,1.0,872.5,524.0,1.0,8957.5,1370.5,1.0,762.0,1.0,1.0,1038.0,921.0,1.0,1.0,1.0,1808.5,782.0,1939.0,1.0,1650.5,1.0,4113.5,6615.0,1136.0,789.0,6911.0,1.0,676.5,1.0,1650.5,767.5,523.5,1.0,1.0,8957.5,625.0,1.0,1.0,1.0,1.0,1256.5,1.0,7000.0,,,1.0,1.0,"POLYGON ((178.82666400000002 -17.749722999999957, 178.8266640000001 -17.65972299999996, 178.7366640000001 -17.65972299999996, 178.7366640000001 -17.749722999999957, 178.82666400000002 -17.749722999999957))"
122,122,0,FJI,87.09995696508278,,,,,,,,,,,,,,,,,,,,,,,,,,,,,,,,,,,,,,,,,,,,,,,,,,,,,,,,,,,,,,,,,,,,,,,,,,,,,,"POLYGON ((179.818333 -19.19361099999998, 179.818333 -19.10361099999997, 179.728333 -19.10361099999997, 179.728333 -19.19361099999998, 179.818333 -19.19361099999998))"
123,123,0,FJI,87.36885123692011,2871.0,11204.0,0.0,0.0,11204.0,0.0,0.0,2921.0,1.0,0.0,0.0,1454.0,9820.0,920.0,8917.0,0.0,0.0,9222.0,0.0,0.0,0.0,1397.0,0.0,0.0,0.0,0.0,0.0,902.0,932.0,1593.0,1.0,0.0,0.0,0.0,9929.0,0.0,1.0,1306.0,0.0,0.0,0.0,0.0,0.0,7.0,179.0,0.0,0.0,0.0,0.0,0.0,0.0,0.0,9820.0,1747.0,0.0,9405.0,75.0,0.0,0.0,0.0,0.0,761.0,0.0,1.0,9929.0,892.0,1.0,1.0,1.0,2.0,2030.0,0.0,9222.0,,,,1.0,"POLYGON ((179.91754500000008 -18.664620999999954, 179.91754500000005 -18.574620999999954, 179.82754500000001 -18.574620999999954, 179.82754500000013 -18.664620999999954, 179.91754500000008 -18.664620999999954))"
124,124,0,FJI,87.68244206068292,2512.5,11514.0,1387.5,1137.5,11514.0,474.0,268.5,2503.0,1.0,0.5,0.0,1202.0,9165.5,771.0,8665.5,1797.0,246.0,9473.0,1753.5,2257.0,0.0,1108.5,321.0,0.5,0.5,947.5,0.0,746.5,781.5,1318.5,1.0,445.0,268.5,0.5,9941.0,0.0,1.0,1045.0,0.0,0.5,539.5,471.0,0.5,5.0,118.5,1091.5,399.0,1385.0,0.5,1294.5,0.5,2257.0,9177.0,1433.0,0.0,9306.0,68.5,363.5,0.5,1294.5,425.0,633.0,0.5,1.0,9941.0,747.5,3.5,1.0,11.0,31.5,1641.5,0.5,9456.0,,,1.0,1.0,"POLYGON ((179.32500100100003 -18.028610000999976, 179.3250010010001 -17.93861000099998, 179.23500100100011 -17.93861000099998, 179.23500100100006 -18.028610000999976, 179.32500100100003 -18.028610000999976))"
125,125,0,FJI,87.98194356514294,2783.0,11022.0,0.0,0.0,11022.0,0.0,0.0,2870.0,1.0,0.0,0.0,1431.0,9593.0,907.0,8528.0,0.0,0.0,9050.0,0.0,0.0,0.0,1296.0,0.0,0.0,0.0,0.0,0.0,873.0,912.0,1572.0,1.0,0.0,0.0,0.0,9807.0,0.0,7.0,1285.0,0.0,0.0,0.0,0.0,0.0,25.0,283.0,0.0,0.0,0.0,0.0,0.0,0.0,0.0,9660.0,1668.0,0.0,9251.0,181.0,0.0,0.0,0.0,0.0,762.0,0.0,1.0,9807.0,888.0,29.0,1.0,40.0,74.0,1982.0,0.0,9001.0,,,,1.0,"POLYGON ((179.43666400000023 -17.400001999999976, 179.4366640000002 -17.31000199999997, 179.34666400000023 -17.31000199999997, 179.34666400000023 -17.400001999999976, 179.43666400000023 -17.400001999999976))"
126,126,0,FJI,88.02397325971022,2783.0,11022.0,0.0,0.0,11022.0,0.0,0.0,2870.0,1.0,0.0,0.0,1431.0,9593.0,907.0,8528.0,0.0,0.0,9050.0,0.0,0.0,0.0,1296.0,0.0,0.0,0.0,0.0,0.0,873.0,912.0,1572.0,1.0,0.0,0.0,0.0,9807.0,0.0,7.0,1285.0,0.0,0.0,0.0,0.0,0.0,25.0,283.0,0.0,0.0,0.0,0.0,0.0,0.0,0.0,9660.0,1668.0,0.0,9251.0,181.0,0.0,0.0,0.0,0.0,762.0,0.0,1.0,9807.0,888.0,29.0,1.0,40.0,74.0,1982.0,0.0,9001.0,,,,1.0,"POLYGON ((179.4366640000002 -17.310001999999976, 179.43666400000023 -17.220001999999965, 179.34666400000026 -17.220001999999965, 179.34666400000023 -17.310001999999976, 179.4366640000002 -17.310001999999976))"
127,127,0,FJI,88.16113198893719,2631.0,11285.0,2507.0,2008.0,11285.0,1023.0,557.0,1960.0,1.0,1.0,728.0,998.0,6689.0,667.0,8379.0,3590.0,550.0,9262.0,3558.0,4704.0,1151.0,915.0,701.0,1.0,1.0,1897.0,1.0,658.0,685.0,1110.0,1.0,937.0,557.0,1.0,9050.0,1152.0,1.0,799.0,1.0,1.0,1123.0,966.0,1.0,1.0,1.0,1947.0,836.0,2504.0,1.0,2281.0,1.0,4704.0,6689.0,1221.0,810.0,8438.0,1.0,795.0,1.0,2281.0,832.0,541.0,1.0,1.0,9050.0,647.0,1.0,1.0,1.0,1.0,1360.0,1.0,9262.0,,,1.0,,"POLYGON ((179.9767030000001 -17.013055999999892, 179.97670300000007 -16.923055999999892, 179.8867030000001 -16.923055999999892, 179.88670300000013 -17.013055999999892, 179.9767030000001 -17.013055999999892))"
128,128,0,FJI,88.24163116148488,2739.0,11070.0,2450.0,1967.0,11070.0,1076.0,572.0,1934.0,1.0,1.0,0.0,1027.0,6521.0,674.0,7832.0,3509.0,523.0,8926.0,3478.0,4504.0,0.0,1004.0,733.0,1.0,1.0,1841.0,0.0,666.0,689.0,1114.0,1.0,964.0,573.0,1.0,8870.0,0.0,1.0,872.0,0.0,1.0,1164.0,1031.0,1.0,1.0,30.0,1910.0,867.0,2447.0,1.0,2249.0,1.0,4504.0,6521.0,1282.0,0.0,8221.0,1.0,842.0,1.0,2249.0,907.0,559.0,1.0,1.0,8870.0,662.0,1.0,5.0,1.0,1.0,1414.0,1.0,8926.0,,,1.0,,"POLYGON ((178.56555500000005 -16.836387999999886, 178.56555500000005 -16.74638799999989, 178.4755550000001 -16.74638799999989, 178.4755550000001 -16.836387999999886, 178.56555500000005 -16.836387999999886))"
129,129,0,FJI,88.20072537460177,2694.0,10978.0,2566.0,1984.0,10978.0,1083.0,576.0,1926.0,1.0,1.0,0.0,1033.0,6683.0,679.0,7869.0,3481.0,526.0,9008.0,3449.0,4506.0,0.0,1007.0,737.0,1.0,1.0,1833.0,0.0,672.0,694.0,1120.0,1.0,969.0,578.0,1.0,8868.0,0.0,1.0,877.0,0.0,1.0,1172.0,1035.0,1.0,1.0,35.0,1925.0,873.0,2563.0,1.0,2397.0,1.0,4506.0,6683.0,1283.0,0.0,8350.0,1.0,845.0,1.0,2398.0,910.0,564.0,1.0,1.0,8868.0,662.0,1.0,9.0,1.0,1.0,1422.0,1.0,9008.0,,,,1.0,"POLYGON ((178.65555500000002 -16.926387999999893, 178.65555500000008 -16.836387999999886, 178.5655550000001 -16.836387999999886, 178.56555500000013 -16.926387999999893, 178.65555500000002 -16.926387999999893))"
130,130,0,FJI,88.24163116149461,2736.0,11074.5,2440.0,1965.75,11074.5,1075.0,571.75,1934.25,1.0,1.0,0.0,1021.75,6570.25,673.25,7766.5,3511.5,527.75,8811.5,3479.25,4469.75,0.0,1002.75,731.5,1.0,1.0,1840.75,0.0,665.75,688.25,1109.0,1.0,956.75,572.5,1.0,8889.75,0.0,1.0,871.0,0.0,1.0,1162.25,1023.0,1.0,1.0,29.25,1908.0,866.0,2437.25,1.0,2236.75,1.0,4469.75,6570.25,1280.5,0.0,8158.5,1.0,841.0,1.0,2237.0,906.0,558.5,1.0,1.0,8889.75,660.5,1.0,5.25,1.0,1.0,1408.25,1.0,8811.5,,,3.0,1.0,"POLYGON ((178.65555500000008 -16.836387999999886, 178.65555500000008 -16.74638799999989, 178.56555500000005 -16.74638799999989, 178.5655550000001 -16.836387999999886, 178.65555500000008 -16.836387999999886))"
131,131,0,FJI,88.28232312495675,2769.0,11206.0,2299.0,1948.0,11206.0,1059.0,564.0,1946.0,1.0,1.0,0.0,996.0,6567.0,664.0,7563.0,3553.0,526.0,8406.0,3520.0,4385.0,0.0,990.0,720.0,1.0,1.0,1852.0,0.0,656.0,679.0,1084.0,1.0,939.0,564.0,1.0,8969.0,0.0,1.0,858.0,0.0,1.0,1145.0,991.0,1.0,1.0,18.0,1891.0,854.0,2297.0,1.0,2056.0,1.0,4385.0,6567.0,1273.0,0.0,7855.0,1.0,830.0,1.0,2056.0,894.0,550.0,1.0,1.0,8969.0,654.0,1.0,1.0,1.0,1.0,1378.0,1.0,8406.0,,,1.0,,"POLYGON ((178.65555500000008 -16.74638799999989, 178.65555500000008 -16.65638799999989, 178.56555500000007 -16.65638799999989, 178.56555500000005 -16.74638799999989, 178.65555500000008 -16.74638799999989))"
132,132,0,FJI,88.15960584327864,2650.0,11202.0,2479.0,1989.0,11202.0,1034.0,558.0,1950.0,1.0,1.0,735.0,979.0,6577.0,657.0,7991.0,3552.0,505.0,9032.0,3519.0,4690.0,1194.0,960.0,704.0,1.0,1.0,1854.0,1.0,648.0,672.0,1064.0,1.0,934.0,557.0,1.0,8959.0,1196.0,1.0,837.0,1.0,1.0,1126.0,968.0,1.0,1.0,4.0,1929.0,841.0,2476.0,1.0,2268.0,1.0,4690.0,6577.0,1253.0,853.0,8289.0,1.0,807.0,1.0,2268.0,867.0,544.0,1.0,1.0,8959.0,654.0,1.0,1.0,1.0,1.0,1352.0,1.0,9032.0,,,1.0,,"POLYGON ((178.74555500000002 -17.016387999999885, 178.74555500000002 -16.926387999999893, 178.6555550000001 -16.926387999999893, 178.65555500000008 -17.016387999999885, 178.74555500000002 -17.016387999999885))"
133,133,0,FJI,88.20072537463095,2680.0,11135.666666666666,2479.6666666666665,1981.6666666666667,11135.666666666666,1051.6666666666667,563.6666666666666,1942.0,1.0,1.0,491.3333333333333,998.0,6613.333333333333,664.3333333333334,7889.666666666667,3531.0,512.6666666666666,8925.0,3498.3333333333335,4587.333333333333,792.0,978.0,716.0,1.0,1.0,1847.6666666666667,0.6666666666666666,656.3333333333334,679.3333333333334,1084.0,1.0,946.6666666666666,564.3333333333334,1.0,8935.333333333334,793.3333333333334,1.0,851.6666666666666,0.6666666666666666,1.0,1142.3333333333333,992.3333333333334,1.0,1.0,15.333333333333334,1922.6666666666667,852.3333333333334,2476.6666666666665,1.0,2276.6666666666665,1.0,4587.333333333333,6613.333333333333,1264.6666666666667,570.0,8240.0,1.0,821.3333333333334,1.0,2277.0,883.3333333333334,551.0,1.0,1.0,8935.333333333334,658.0,1.0,3.6666666666666665,1.0,1.0,1377.0,1.0,8925.0,1.0,,1.0,1.0,"POLYGON ((178.74555500000002 -16.926387999999893, 178.74555500000005 -16.836387999999886, 178.65555500000008 -16.836387999999886, 178.6555550000001 -16.926387999999893, 178.74555500000002 -16.926387999999893))"
134,134,0,FJI,88.24163116148488,2735.6666666666665,11170.5,2381.0,1962.8333333333333,11170.5,1057.6666666666667,564.5,1943.5,1.0,1.0,123.16666666666667,1004.5,6588.666666666667,664.8333333333334,7683.166666666667,3542.1666666666665,522.3333333333334,8637.166666666666,3504.8333333333335,4392.666666666667,197.0,987.1666666666666,719.6666666666666,1.0,1.0,1846.5,0.16666666666666666,657.1666666666666,679.8333333333334,1091.1666666666667,1.0,942.5,565.0,1.0,8952.0,197.33333333333334,1.0,857.0,0.16666666666666666,1.0,1145.6666666666667,1003.1666666666666,1.0,1.0,21.333333333333332,1904.0,854.5,2378.3333333333335,1.0,2157.3333333333335,1.0,4392.666666666667,6588.666666666667,1267.6666666666667,142.83333333333334,8026.0,1.0,828.0,1.0,2157.5,891.6666666666666,553.1666666666666,1.0,1.0,8952.0,657.3333333333334,1.0,3.8333333333333335,1.0,1.0,1385.1666666666667,1.0,8637.166666666666,2.0,,3.0,1.0,"POLYGON ((178.74555500000005 -16.836387999999886, 178.74555500000002 -16.74638799999989, 178.65555500000008 -16.74638799999989, 178.65555500000008 -16.836387999999886, 178.74555500000005 -16.836387999999886))"
135,135,0,FJI,88.28232312491785,2769.0,11143.0,2353.0,1953.5,11143.0,1070.0,569.0,1939.5,1.0,1.0,0.0,1013.5,6544.0,670.0,7654.0,3533.0,531.0,8591.5,3500.5,4413.5,0.0,1000.5,728.0,1.0,1.0,1846.0,0.0,662.0,684.5,1101.0,1.0,947.0,569.0,1.0,8924.5,0.0,1.0,867.5,0.0,1.0,1156.0,1013.5,1.0,1.0,25.5,1896.5,861.5,2351.0,1.0,2126.0,1.0,4413.5,6544.0,1279.0,0.0,7985.0,1.0,838.5,1.0,2126.0,904.0,555.0,1.0,1.0,8924.5,660.0,1.0,3.0,1.0,1.0,1398.5,1.0,8591.5,,,2.0,,"POLYGON ((178.74555500000002 -16.74638799999989, 178.74555500000005 -16.65638799999989, 178.65555500000008 -16.65638799999989, 178.65555500000008 -16.74638799999989, 178.74555500000002 -16.74638799999989))"
136,136,0,FJI,88.20072537461151,2672.75,11173.5,2461.5,1981.75,11173.5,1044.75,561.25,1945.75,1.0,1.0,552.0,987.0,6686.0,660.75,7878.5,3543.25,509.5,8849.5,3510.5,4586.0,898.5,971.75,711.5,1.0,1.0,1851.0,0.75,652.25,675.75,1073.0,1.0,941.75,561.0,1.0,8980.75,899.75,1.0,846.0,0.75,1.0,1135.5,978.0,1.0,1.0,11.75,1922.5,847.25,2459.0,1.0,2251.5,1.0,4586.0,6686.0,1260.0,640.25,8205.75,1.0,816.25,1.0,2251.5,877.75,547.75,1.0,1.0,8980.75,659.25,1.0,2.75,1.0,1.0,1364.25,1.0,8849.5,2.0,,1.0,1.0,"POLYGON ((178.83555500000008 -16.926387999999893, 178.8355550000001 -16.836387999999886, 178.7455550000001 -16.836387999999886, 178.74555500000002 -16.926387999999893, 178.83555500000008 -16.926387999999893))"
137,137,0,FJI,88.24163116145567,2732.75,11305.625,2306.75,1960.625,11305.625,1036.875,554.125,1956.875,1.0,1.0,370.625,984.625,6606.25,654.375,7596.5,3580.375,516.0,8460.375,3538.5,4316.0,593.75,969.875,705.5,1.0,1.0,1856.5,0.5,646.25,669.375,1071.375,1.0,928.25,554.375,1.0,9036.625,594.375,1.0,841.0,0.5,1.0,1125.5,981.75,1.0,1.0,13.25,1900.375,840.125,2304.25,1.0,2056.0,1.0,4316.0,6606.25,1252.375,428.75,7883.75,1.0,812.75,1.0,2056.0,876.0,546.25,1.0,1.0,9036.625,650.5,1.0,1.75,1.0,1.0,1358.75,1.0,8460.375,6.0,,2.0,,"POLYGON ((178.8355550000001 -16.836387999999886, 178.83555500000003 -16.74638799999989, 178.74555500000008 -16.74638799999989, 178.7455550000001 -16.836387999999886, 178.8355550000001 -16.836387999999886))"
138,138,0,FJI,88.28232312490809,2750.0,11117.0,2388.6,1959.4,11117.0,1076.8,571.4,1937.2,1.0,1.0,149.0,1025.6,6573.0,672.8,7760.4,3526.6,533.8,8805.6,3493.8,4464.0,236.4,1008.6,732.6,1.0,1.0,1843.2,0.2,665.8,687.6,1114.0,1.0,951.4,571.4,1.0,8919.0,236.6,1.0,874.6,0.2,1.0,1162.2,1028.8,1.0,1.0,33.8,1902.4,865.8,2386.6,1.0,2170.2,1.0,4464.0,6573.0,1281.4,172.0,8142.0,1.0,844.0,1.0,2170.2,911.8,557.4,1.0,1.0,8919.0,663.0,1.0,5.0,1.0,1.0,1412.2,1.0,8805.6,1.0,,3.0,1.0,"POLYGON ((178.83555500000003 -16.74638799999989, 178.83555500000008 -16.65638799999989, 178.7455550000001 -16.65638799999989, 178.74555500000008 -16.74638799999989, 178.83555500000003 -16.74638799999989))"
139,139,0,FJI,88.32280118633929,2742.5,11023.5,2440.5,1961.0,11023.5,1094.5,578.5,1927.5,1.0,1.0,0.0,1044.0,6595.5,680.5,7860.5,3497.5,541.0,9046.0,3465.0,4492.0,0.0,1024.5,744.5,1.0,1.0,1835.0,0.0,674.5,695.5,1133.5,1.0,963.5,578.5,1.0,8873.0,0.0,1.0,889.0,0.0,1.0,1178.5,1048.5,1.0,1.0,46.0,1904.5,877.5,2438.5,1.0,2242.0,1.0,4492.0,6595.5,1291.0,0.0,8327.5,1.0,857.5,1.0,2242.0,926.5,564.5,1.0,1.0,8873.0,669.5,1.0,8.0,1.0,1.0,1435.5,1.0,9046.0,,,1.0,1.0,"POLYGON ((178.83555500000006 -16.656387999999897, 178.83555500000006 -16.566387999999893, 178.7455550000001 -16.566387999999893, 178.74555500000008 -16.656387999999897, 178.83555500000006 -16.656387999999897))"
140,140,0,FJI,88.24163116147515,2714.6,11288.0,2336.4,1966.6,11288.0,1047.0,558.0,1956.6,1.0,1.0,448.0,995.6,6640.6,658.8,7740.2,3583.0,520.4,8688.6,3548.4,4461.6,703.6,982.4,712.2,1.0,1.0,1857.2,0.6,651.2,673.8,1083.8,1.0,931.6,558.0,1.0,9037.8,704.2,1.0,851.0,0.6,1.0,1134.4,996.0,1.0,1.0,20.0,1907.8,846.4,2334.0,1.0,2089.2,1.0,4461.6,6640.6,1260.2,517.2,8052.8,1.0,821.4,1.0,2089.2,887.8,544.6,1.0,1.0,9037.8,648.8,1.0,2.2,1.0,1.0,1373.8,1.0,8688.6,4.0,,1.0,,"POLYGON ((178.92555500000006 -16.836387999999886, 178.92555500000006 -16.74638799999989, 178.83555500000014 -16.74638799999989, 178.8355550000001 -16.836387999999886, 178.92555500000006 -16.836387999999886))"
141,141,0,FJI,88.28232312492757,2723.25,11249.25,2355.0,1966.5,11249.25,1056.5,561.5,1951.5,1.0,1.0,186.25,1005.0,6608.25,662.5,7764.5,3570.5,524.25,8752.0,3536.75,4440.25,295.5,992.25,718.75,1.0,1.0,1853.0,0.25,655.75,677.5,1094.25,1.0,937.5,561.5,1.0,9007.0,295.75,1.0,859.5,0.25,1.0,1142.5,1006.5,1.0,1.0,24.25,1908.5,852.0,2352.75,1.0,2114.5,1.0,4440.25,6608.25,1268.5,215.0,8089.75,1.0,828.75,1.0,2114.5,897.0,548.0,1.0,1.0,9007.0,654.0,1.0,2.75,1.0,1.0,1386.5,1.0,8752.0,3.0,,1.0,,"POLYGON ((178.92555500000006 -16.74638799999989, 178.9255550000001 -16.65638799999989, 178.8355550000001 -16.65638799999989, 178.83555500000014 -16.74638799999989, 178.92555500000006 -16.74638799999989))"
142,142,0,FJI,88.32280118637823,2710.3333333333335,11085.333333333334,2471.3333333333335,1975.3333333333333,11085.333333333334,1084.3333333333333,573.6666666666666,1935.0,1.0,1.0,0.0,1037.6666666666667,6685.0,676.3333333333334,7937.0,3519.6666666666665,540.0,9044.0,3486.6666666666665,4519.0,0.0,1018.3333333333334,738.0,1.0,1.0,1843.0,0.0,670.3333333333334,691.0,1128.3333333333333,1.0,957.0,573.6666666666666,1.0,8938.333333333334,0.0,1.0,883.3333333333334,0.0,1.0,1169.0,1035.3333333333333,1.0,1.0,39.333333333333336,1918.3333333333333,870.3333333333334,2468.6666666666665,1.0,2268.3333333333335,1.0,4519.0,6685.0,1288.3333333333333,0.0,8342.0,1.0,849.3333333333334,1.0,2268.3333333333335,921.0,560.0,1.0,1.0,8938.333333333334,667.3333333333334,1.0,5.333333333333333,1.0,1.0,1427.6666666666667,1.0,9044.0,2.0,,1.0,,"POLYGON ((178.92555500000012 -16.656387999999897, 178.92555500000006 -16.566387999999893, 178.83555500000014 -16.566387999999893, 178.8355550000001 -16.656387999999897, 178.92555500000012 -16.656387999999897))"
143,143,0,FJI,88.20072537460177,2683.0,11085.0,2502.0,1983.0,11085.0,1077.0,572.0,1938.0,1.0,1.0,0.0,1030.0,6726.0,675.0,7941.0,3520.0,533.0,9099.0,3486.0,4557.0,0.0,1008.0,733.0,1.0,1.0,1842.0,0.0,667.0,690.0,1118.0,1.0,954.0,572.0,1.0,8946.0,0.0,1.0,875.0,0.0,1.0,1165.0,1035.0,1.0,1.0,41.0,1923.0,868.0,2499.0,1.0,2307.0,1.0,4557.0,6726.0,1275.0,0.0,8400.0,1.0,843.0,1.0,2307.0,912.0,559.0,1.0,1.0,8946.0,661.0,1.0,7.0,1.0,1.0,1418.0,1.0,9099.0,,,1.0,,"POLYGON ((179.0155550000001 -16.926387999999893, 179.0155550000001 -16.836387999999886, 178.92555500000012 -16.836387999999886, 178.92555500000006 -16.926387999999893, 179.0155550000001 -16.926387999999893))"
144,144,0,FJI,88.24163116145569,2706.4,11244.8,2382.8,1973.2,11244.8,1057.2,562.0,1953.4,1.0,1.0,149.6,1010.0,6682.0,663.6,7824.6,3571.4,524.4,8781.0,3536.8,4459.6,233.6,984.2,719.2,1.0,1.0,1852.6,0.2,652.6,678.6,1096.0,1.0,934.6,562.0,1.0,9027.2,233.8,1.0,851.8,0.2,1.0,1140.0,1010.2,1.0,1.0,26.4,1914.2,849.0,2380.2,1.0,2147.6,1.0,4459.6,6682.0,1260.0,172.8,8134.4,1.2,829.2,1.0,2147.6,883.0,550.8,1.0,1.0,9027.2,653.8,1.0,2.2,1.0,1.0,1391.8,1.0,8781.0,3.0,,2.0,,"POLYGON ((179.0155550000001 -16.836387999999886, 179.01555500000006 -16.74638799999989, 178.92555500000012 -16.74638799999989, 178.92555500000012 -16.836387999999886, 179.0155550000001 -16.836387999999886))"
145,145,0,FJI,88.28232312490809,2709.5,11262.75,2382.75,1975.0,11262.75,1055.5,560.75,1954.25,1.0,1.0,0.0,1007.75,6660.75,662.5,7836.25,3577.5,523.5,8763.0,3543.25,4446.75,0.0,982.75,718.25,1.0,1.0,1853.5,0.0,650.75,677.5,1093.75,1.0,932.0,560.75,1.0,9033.25,0.0,1.0,849.75,0.0,1.0,1136.75,1006.25,1.0,1.0,21.25,1916.75,846.0,2380.0,1.0,2143.5,1.0,4446.75,6660.75,1262.75,0.0,8108.75,1.0,828.0,1.0,2143.5,879.5,550.0,1.0,1.0,9033.25,654.5,1.0,1.25,1.0,1.0,1389.75,1.0,8763.0,3.0,,1.0,,"POLYGON ((179.01555500000006 -16.74638799999989, 179.0155550000001 -16.65638799999989, 178.9255550000001 -16.65638799999989, 178.92555500000012 -16.74638799999989, 179.01555500000006 -16.74638799999989))"
146,146,0,FJI,88.32280118633929,2697.25,11078.0,2513.5,1984.75,11078.0,1085.0,573.75,1935.25,1.0,1.0,0.0,1037.75,6761.5,677.25,8048.25,3519.75,536.5,9051.5,3486.75,4518.0,0.0,1010.0,739.0,1.0,1.0,1843.5,0.0,666.5,692.0,1125.25,1.0,952.5,574.0,1.0,8961.0,0.0,1.0,875.25,0.0,1.0,1165.0,1031.0,1.0,1.0,34.5,1927.5,865.0,2510.75,1.0,2316.75,1.0,4518.0,6761.5,1286.25,0.0,8370.0,1.0,849.5,1.0,2316.75,904.75,560.0,1.0,1.0,8961.0,670.0,1.0,2.75,1.0,1.0,1429.5,1.0,9051.5,2.0,,1.0,1.0,"POLYGON ((179.01555500000006 -16.656387999999897, 179.01555500000003 -16.566387999999893, 178.92555500000006 -16.566387999999893, 178.92555500000012 -16.656387999999897, 179.01555500000006 -16.656387999999897))"
147,147,0,FJI,88.3630652676434,2681.6666666666665,11057.333333333334,2543.0,1989.0,11057.333333333334,1085.0,576.6666666666666,1932.6666666666667,1.0,1.0,0.0,1037.3333333333333,6829.333333333333,676.3333333333334,8092.333333333333,3513.0,539.0,9072.0,3481.0,4527.666666666667,0.0,1013.3333333333334,739.3333333333334,1.0,1.0,1847.0,0.0,665.0,691.0,1124.0,1.0,958.3333333333334,574.0,1.0,8974.666666666666,0.0,1.0,873.3333333333334,0.0,1.0,1163.3333333333333,1034.0,1.0,1.0,25.666666666666668,1932.0,862.6666666666666,2540.6666666666665,1.0,2353.3333333333335,1.0,4527.666666666667,6829.333333333333,1293.3333333333333,0.0,8405.0,1.0,848.3333333333334,1.0,2353.6666666666665,899.0,567.6666666666666,1.0,1.0,8974.666666666666,663.6666666666666,1.0,3.0,1.0,1.0,1429.3333333333333,1.0,9072.0,1.0,,,2.0,"POLYGON ((179.01555500000003 -16.566387999999893, 179.01555500000006 -16.47638799999989, 178.9255550000001 -16.47638799999989, 178.92555500000006 -16.566387999999893, 179.01555500000003 -16.566387999999893))"
148,148,0,FJI,88.24163116149461,2704.6666666666665,11161.333333333334,2446.0,1979.3333333333333,11161.333333333334,1076.6666666666667,570.0,1946.0,1.0,1.0,0.0,1029.3333333333333,6746.333333333333,672.6666666666666,7963.333333333333,3548.0,532.6666666666666,8895.666666666666,3513.6666666666665,4487.666666666667,0.0,991.3333333333334,732.6666666666666,1.0,1.0,1847.3333333333333,0.0,656.6666666666666,687.6666666666666,1113.0,1.0,941.3333333333334,570.0,1.0,9002.333333333334,0.0,1.0,857.0,0.0,1.0,1152.0,1020.6666666666666,1.0,1.0,37.0,1921.0,854.6666666666666,2443.0,1.0,2229.3333333333335,1.0,4487.666666666667,6746.333333333333,1264.0,0.0,8244.666666666666,1.3333333333333333,844.6666666666666,1.0,2229.3333333333335,880.0,559.6666666666666,1.0,1.0,9002.333333333334,663.6666666666666,1.0,1.0,1.0,1.0,1414.3333333333333,1.0,8895.666666666666,2.0,,1.0,,"POLYGON ((179.1055550000001 -16.836387999999886, 179.10555500000012 -16.74638799999989, 179.0155550000001 -16.74638799999989, 179.01555500000012 -16.836387999999886, 179.1055550000001 -16.836387999999886))"
149,149,0,FJI,88.2823231249081,2697.0,11175.75,2457.25,1983.5,11175.75,1072.5,568.25,1947.0,1.0,1.0,0.0,1026.5,6725.5,671.25,8018.0,3553.0,530.75,8973.25,3518.75,4530.5,0.0,989.25,730.0,1.0,1.0,1849.5,0.0,655.0,686.0,1110.0,1.0,938.5,568.25,1.0,9005.0,0.0,1.0,854.75,0.0,1.0,1148.0,1021.25,1.0,1.0,30.0,1925.25,851.5,2454.25,1.0,2239.25,1.0,4530.5,6725.5,1267.0,0.0,8285.0,1.0,841.25,1.0,2239.25,877.25,557.0,1.0,1.0,9005.0,663.0,1.0,1.0,1.0,1.0,1411.25,1.0,8973.25,3.0,,1.0,,"POLYGON ((179.10555500000012 -16.74638799999989, 179.1055550000001 -16.65638799999989, 179.01555500000015 -16.65638799999989, 179.0155550000001 -16.74638799999989, 179.10555500000012 -16.74638799999989))"
150,150,0,FJI,88.32280118633929,2684.75,11089.5,2529.5,1990.75,11089.5,1082.75,573.0,1937.75,1.0,1.0,0.0,1035.75,6788.5,676.75,8143.75,3525.75,533.5,9101.0,3492.5,4541.75,0.0,998.75,737.75,1.0,1.0,1847.0,0.0,661.0,691.5,1119.75,1.0,945.75,573.25,1.0,8977.5,0.0,1.0,864.5,0.0,1.0,1158.0,1028.25,1.0,1.0,28.5,1932.5,858.0,2526.75,1.0,2333.0,1.0,4541.75,6788.5,1281.75,0.0,8406.5,1.0,847.75,1.0,2333.0,885.75,559.0,1.0,1.0,8977.5,670.0,1.0,1.0,1.0,1.0,1427.5,1.0,9101.0,1.0,,1.0,2.0,"POLYGON ((179.10555500000012 -16.656387999999897, 179.1055550000001 -16.566387999999893, 179.01555500000012 -16.566387999999893, 179.01555500000012 -16.656387999999897, 179.10555500000012 -16.656387999999897))"
151,151,0,FJI,88.36306526766289,2667.0,11072.5,2547.75,1992.5,11072.5,1080.25,576.25,1935.0,1.0,1.0,0.0,1032.5,6873.5,673.75,8170.75,3519.0,536.25,9083.75,3487.25,4546.75,0.0,1006.5,736.5,1.0,1.0,1852.25,0.0,659.5,688.75,1117.0,1.0,955.5,572.0,1.0,8999.5,0.0,1.0,864.25,0.0,1.0,1155.75,1030.0,1.0,1.0,16.5,1934.75,856.0,2545.25,1.0,2356.5,1.0,4546.75,6873.5,1292.0,0.0,8421.0,1.0,844.5,1.0,2356.75,883.75,569.25,1.0,1.0,8999.5,659.75,1.0,1.0,1.0,1.0,1423.75,1.0,9083.75,,,,4.0,"POLYGON ((179.1055550000001 -16.566387999999893, 179.1055550000001 -16.47638799999989, 179.01555500000006 -16.47638799999989, 179.01555500000012 -16.566387999999893, 179.1055550000001 -16.566387999999893))"
152,152,0,FJI,88.40311529115263,2656.0,11086.0,2550.0,1994.0,11086.0,1075.0,578.5,1935.5,1.0,1.0,0.0,1027.0,6898.0,669.5,8188.0,3522.0,539.5,9092.5,3491.0,4569.5,0.0,1012.0,733.0,1.0,1.0,1857.0,0.0,656.5,684.5,1111.5,1.0,963.5,569.5,1.0,9018.0,0.0,1.0,861.0,0.0,1.0,1151.0,1030.5,1.0,1.0,7.0,1936.5,852.5,2547.5,1.0,2357.5,1.0,4569.5,6898.0,1296.0,0.0,8427.5,1.0,840.0,1.0,2358.0,879.5,578.0,1.0,1.0,9018.0,648.0,1.0,1.0,1.0,1.0,1416.5,1.0,9092.5,,,,2.0,"POLYGON ((179.1055550000001 -16.476387999999893, 179.1055550000001 -16.38638799999989, 179.01555500000012 -16.38638799999989, 179.01555500000006 -16.476387999999893, 179.1055550000001 -16.476387999999893))"
153,153,0,FJI,88.28232312494703,2680.0,11281.333333333334,2407.3333333333335,1983.6666666666667,11281.333333333334,1054.0,556.6666666666666,1957.6666666666667,1.0,1.0,0.0,1012.0,6723.333333333333,662.3333333333334,7950.0,3575.6666666666665,523.3333333333334,8935.666666666666,3528.3333333333335,4347.666666666667,0.0,973.3333333333334,717.6666666666666,1.0,1.0,1857.0,0.0,646.0,677.0,1090.0,1.0,925.6666666666666,556.6666666666666,1.0,9065.0,0.0,1.0,841.0,0.0,1.0,1130.3333333333333,1002.6666666666666,1.0,1.0,24.666666666666668,1921.0,839.0,2404.0,1.0,2172.3333333333335,1.0,4347.666666666667,6723.333333333333,1252.0,0.0,8236.333333333334,1.0,827.0,1.0,2172.3333333333335,863.3333333333334,551.6666666666666,1.0,1.0,9065.0,652.3333333333334,1.0,1.0,1.0,1.0,1385.6666666666667,1.0,8935.666666666666,3.0,,,,"POLYGON ((179.1955550000001 -16.74638799999989, 179.19555500000007 -16.65638799999989, 179.10555500000012 -16.65638799999989, 179.10555500000012 -16.74638799999989, 179.1955550000001 -16.74638799999989))"
154,154,0,FJI,88.32280118635877,2667.5,11265.25,2428.0,1987.0,11265.25,1051.75,557.0,1955.75,1.0,1.0,188.25,1010.25,6731.25,661.75,8015.25,3573.5,521.0,9001.75,3530.0,4437.5,286.0,971.5,716.75,1.0,1.0,1862.0,0.25,645.25,676.5,1089.25,1.0,924.25,557.0,1.0,9059.5,286.5,1.0,840.5,0.25,1.0,1128.5,1003.75,1.0,1.0,14.0,1925.25,837.5,2424.75,1.0,2196.5,1.0,4437.5,6731.25,1261.0,212.5,8284.75,1.0,824.25,1.0,2196.5,861.25,549.75,1.0,1.0,9059.5,652.75,1.0,1.0,1.0,1.0,1389.25,1.0,9001.75,3.0,,,1.0,"POLYGON ((179.19555500000007 -16.656387999999897, 179.19555500000004 -16.566387999999893, 179.10555500000012 -16.566387999999893, 179.10555500000012 -16.656387999999897, 179.19555500000007 -16.656387999999897))"
155,155,0,FJI,88.36306526766289,2651.75,11106.25,2533.25,1993.5,11106.25,1073.5,571.0,1939.25,1.0,1.0,188.25,1027.75,6911.25,670.75,8199.25,3531.25,533.0,9111.5,3498.75,4577.25,286.0,1001.25,732.25,1.0,1.0,1857.5,0.25,656.0,685.75,1112.5,1.0,951.25,568.75,1.0,9030.75,286.5,1.0,860.25,0.25,1.0,1149.25,1018.75,1.0,1.0,12.0,1935.25,851.25,2530.5,1.0,2335.25,1.0,4577.25,6911.25,1290.25,212.5,8443.75,1.0,839.75,1.0,2335.25,879.25,566.0,1.0,1.0,9030.75,661.25,1.0,1.0,1.0,1.0,1417.5,1.0,9111.5,1.0,,,3.0,"POLYGON ((179.19555500000004 -16.566387999999893, 179.19555500000013 -16.47638799999989, 179.10555500000012 -16.47638799999989, 179.10555500000012 -16.566387999999893, 179.19555500000004 -16.566387999999893))"
156,156,0,FJI,88.32280118635877,2656.25,11377.0,2358.75,1984.0,11377.0,1030.75,542.75,1967.0,1.0,1.0,188.25,993.75,6698.75,652.0,7904.25,3605.0,513.25,8890.75,3552.0,4334.0,286.0,952.5,702.5,1.0,1.0,1872.0,0.25,634.5,667.0,1072.75,1.0,910.0,542.5,1.0,9113.5,286.5,1.0,824.25,0.25,1.0,1109.0,993.75,1.0,1.0,3.25,1919.5,823.75,2355.25,1.0,2104.5,1.0,4334.0,6698.75,1248.0,212.5,8177.0,1.0,808.0,1.0,2104.5,844.5,543.5,1.0,1.0,9113.5,641.5,1.0,1.0,1.0,1.0,1366.5,1.0,8890.75,3.0,,1.0,,"POLYGON ((179.2855550000001 -16.656387999999897, 179.28555500000004 -16.566387999999893, 179.19555500000007 -16.566387999999893, 179.19555500000007 -16.656387999999897, 179.2855550000001 -16.656387999999897))"
157,157,0,FJI,88.3630652676434,2643.25,11099.0,2543.25,2000.25,11099.0,1074.0,571.5,1940.25,1.0,1.0,188.25,1024.0,6957.5,671.75,8214.75,3529.5,533.5,9105.25,3497.25,4570.75,286.0,1001.75,732.75,1.0,1.0,1859.75,0.25,656.25,686.75,1109.25,1.0,952.25,569.0,1.0,9041.25,286.5,1.0,861.0,0.25,1.0,1150.25,1019.25,1.0,1.0,9.0,1942.25,851.75,2540.75,1.0,2347.5,1.0,4570.75,6957.5,1295.0,212.5,8454.5,1.0,839.75,1.0,2347.75,880.0,566.25,1.0,1.0,9041.25,662.25,1.0,1.0,1.0,1.0,1416.0,1.0,9105.25,1.0,,1.0,2.0,"POLYGON ((179.28555500000004 -16.566387999999893, 179.28555500000013 -16.47638799999989, 179.19555500000013 -16.47638799999989, 179.19555500000007 -16.566387999999893, 179.28555500000004 -16.566387999999893))"
158,158,0,FJI,88.40311529113315,2635.0,10991.0,2621.0,2011.0,10991.0,1090.5,580.5,1930.5,1.0,1.0,0.0,1033.0,7206.5,678.5,8265.5,3494.5,544.5,9014.0,3462.5,4483.0,0.0,1027.0,744.5,1.0,1.0,1851.5,0.0,664.5,693.5,1119.5,1.0,976.0,576.0,1.0,9063.0,0.0,1.0,875.5,0.0,1.0,1166.0,1018.0,1.0,1.0,12.5,1953.0,862.5,2619.0,1.0,2452.5,1.0,4483.0,7206.5,1312.0,0.0,8491.5,1.0,851.5,1.0,2453.0,893.5,584.5,1.0,1.0,9063.0,667.0,1.0,1.0,1.0,1.0,1431.0,1.0,9014.0,,,,2.0,"POLYGON ((179.28555500000013 -16.476387999999893, 179.28555500000007 -16.38638799999989, 179.19555500000016 -16.38638799999989, 179.19555500000013 -16.476387999999893, 179.28555500000013 -16.476387999999893))"
159,159,0,FJI,88.24163116149462,2663.0,11205.0,2511.0,1999.0,11205.0,1067.5,567.0,1951.5,1.0,1.0,0.0,1026.0,6861.0,672.5,8085.5,3565.0,524.0,9037.0,3530.0,4472.5,0.0,986.5,727.5,1.0,1.0,1854.5,0.0,654.0,687.5,1103.0,1.0,938.0,567.0,1.0,9063.5,0.0,1.0,853.5,0.0,1.0,1145.5,1007.0,1.0,1.0,22.0,1939.0,850.0,2508.0,1.0,2297.5,1.0,4472.5,6861.0,1273.0,0.0,8365.0,1.0,836.0,1.0,2297.5,875.0,552.5,1.0,1.0,9063.5,661.5,1.0,1.0,1.0,1.0,1407.5,1.0,9037.0,1.0,,,1.0,"POLYGON ((179.3755550000001 -16.836387999999886, 179.37555500000013 -16.74638799999989, 179.2855550000001 -16.74638799999989, 179.28555500000016 -16.836387999999886, 179.3755550000001 -16.836387999999886))"
160,160,0,FJI,88.28232312496651,2658.6666666666665,11521.0,2285.3333333333335,1980.6666666666667,11521.0,1006.6666666666666,530.3333333333334,1979.0,1.0,1.0,0.0,976.3333333333334,6679.333333333333,641.6666666666666,7727.666666666667,3632.0,502.6666666666667,8698.0,3571.6666666666665,4137.0,0.0,930.3333333333334,686.3333333333334,1.0,1.0,1876.6666666666667,0.0,623.0,656.6666666666666,1048.3333333333333,1.0,894.6666666666666,530.3333333333334,1.0,9188.333333333334,0.0,1.0,805.3333333333334,0.0,1.0,1087.6666666666667,965.0,1.0,1.0,1.0,1913.3333333333333,809.3333333333334,2282.0,1.0,2005.6666666666667,1.0,4137.0,6679.333333333333,1222.0,0.0,8014.0,1.0,789.3333333333334,1.0,2005.6666666666667,824.6666666666666,539.0,1.0,1.0,9188.333333333334,632.3333333333334,1.0,1.0,1.0,1.0,1335.0,1.0,8698.0,3.0,,,,"POLYGON ((179.37555500000013 -16.74638799999989, 179.3755550000001 -16.65638799999989, 179.2855550000001 -16.65638799999989, 179.2855550000001 -16.74638799999989, 179.37555500000013 -16.74638799999989))"
161,161,0,FJI,88.32280118637823,2654.0,11354.25,2374.0,1983.25,11354.25,1031.75,544.5,1962.5,1.0,1.0,0.0,996.25,6787.25,654.0,7896.25,3587.0,518.75,8830.25,3534.5,4262.25,0.0,952.75,703.75,1.0,1.0,1870.25,0.0,636.0,669.0,1076.25,1.0,912.0,544.0,1.0,9130.25,0.0,1.0,826.0,0.0,1.0,1111.5,994.75,1.0,1.0,2.5,1918.75,825.25,2371.0,1.0,2126.25,1.0,4262.25,6787.25,1250.75,0.0,8169.5,1.0,808.0,1.0,2126.25,845.25,547.0,1.0,1.0,9130.25,646.5,1.0,1.0,1.0,1.0,1370.0,1.0,8830.25,2.0,,2.0,,"POLYGON ((179.3755550000001 -16.656387999999897, 179.37555500000013 -16.566387999999893, 179.2855550000001 -16.566387999999893, 179.2855550000001 -16.656387999999897, 179.3755550000001 -16.656387999999897))"
162,162,0,FJI,88.36306526768236,2644.5,11020.75,2582.75,2011.5,11020.75,1085.5,580.0,1935.75,1.0,1.0,0.0,1034.5,7125.0,678.75,8240.75,3504.25,543.0,9040.75,3472.75,4500.0,0.0,1012.0,741.0,1.0,1.0,1857.75,0.0,663.0,693.75,1121.25,1.0,961.5,575.0,1.0,9050.75,0.0,1.0,870.75,0.0,1.0,1162.75,1028.5,1.0,1.0,7.25,1953.25,860.5,2580.25,1.0,2403.75,1.0,4500.0,7125.0,1311.0,0.0,8480.75,1.0,847.75,1.0,2404.0,889.25,572.0,1.0,1.0,9050.75,669.75,1.0,1.0,1.0,1.0,1431.5,1.0,9040.75,,,2.0,2.0,"POLYGON ((179.37555500000013 -16.566387999999893, 179.37555500000013 -16.47638799999989, 179.28555500000013 -16.47638799999989, 179.2855550000001 -16.566387999999893, 179.37555500000013 -16.566387999999893))"
163,163,0,FJI,88.4031152911721,2637.6666666666665,10909.0,2647.6666666666665,2033.3333333333333,10909.0,1100.6666666666667,587.6666666666666,1930.0,1.0,1.0,0.0,1040.0,7388.666666666667,685.0,8292.0,3467.3333333333335,553.3333333333334,8945.333333333334,3437.0,4417.666666666667,0.0,1036.0,751.6666666666666,1.0,1.0,1854.6666666666667,0.0,671.0,700.0,1128.0,1.0,987.6666666666666,582.0,1.0,9073.666666666666,0.0,1.0,884.0,0.0,1.0,1177.6666666666667,1026.0,1.0,1.0,7.333333333333333,1975.3333333333333,870.3333333333334,2645.0,1.0,2494.6666666666665,1.0,4417.666666666667,7388.666666666667,1330.3333333333333,0.0,8519.0,1.0,858.0,1.0,2495.0,901.0,590.0,1.0,1.0,9073.666666666666,670.6666666666666,1.0,1.0,1.0,1.0,1443.6666666666667,1.0,8945.333333333334,,,,3.0,"POLYGON ((179.37555500000013 -16.476387999999893, 179.3755550000001 -16.38638799999989, 179.2855550000001 -16.38638799999989, 179.28555500000013 -16.476387999999893, 179.37555500000013 -16.476387999999893))"
164,164,0,FJI,88.4429511796266,2637.0,10895.0,2644.0,2038.0,10895.0,1098.0,581.0,1930.0,1.0,1.0,0.0,1033.0,7413.0,685.0,8292.0,3462.0,559.0,8932.0,3433.0,4423.0,0.0,1033.0,750.0,1.0,1.0,1857.0,0.0,671.0,700.0,1121.0,1.0,993.0,582.0,1.0,9074.0,0.0,1.0,882.0,0.0,1.0,1176.0,1023.0,1.0,1.0,1.0,1981.0,868.0,2641.0,1.0,2492.0,1.0,4423.0,7413.0,1335.0,0.0,8519.0,1.0,855.0,1.0,2492.0,898.0,590.0,1.0,1.0,9074.0,663.0,1.0,1.0,1.0,1.0,1438.0,1.0,8932.0,,,,1.0,"POLYGON ((179.3755550000001 -16.386387999999894, 179.3755550000001 -16.296387999999887, 179.28555500000013 -16.296387999999887, 179.2855550000001 -16.386387999999894, 179.3755550000001 -16.386387999999894))"
165,165,0,FJI,88.24163116149461,2661.25,11128.5,2563.25,2002.75,11128.5,1078.0,572.5,1944.0,1.0,1.0,0.0,1036.0,6955.5,678.75,8153.5,3540.75,530.5,9055.0,3506.5,4467.25,0.0,994.75,735.25,1.0,1.0,1853.5,0.0,660.5,693.75,1118.5,1.0,946.5,572.5,1.0,9051.0,0.0,1.0,862.5,0.0,1.0,1157.25,1022.25,1.0,1.0,17.5,1943.0,857.75,2560.5,1.0,2367.75,1.0,4467.25,6955.5,1289.75,0.0,8423.0,1.0,843.25,1.0,2367.75,883.0,558.25,1.0,1.0,9051.0,671.75,1.0,1.0,1.0,1.0,1425.0,1.0,9055.0,1.0,,1.0,2.0,"POLYGON ((179.4655550000001 -16.836387999999886, 179.4655550000001 -16.74638799999989, 179.37555500000013 -16.74638799999989, 179.37555500000013 -16.836387999999886, 179.4655550000001 -16.836387999999886))"
166,166,0,FJI,88.28232312492757,2659.0,11358.0,2400.5,1989.25,11358.0,1032.75,550.5,1963.75,1.0,1.0,183.5,998.75,6767.25,656.0,7925.0,3593.5,518.25,8876.0,3549.5,4356.75,301.0,953.0,704.75,1.0,1.0,1871.25,0.25,637.5,671.0,1075.25,1.0,914.5,550.25,1.0,9122.5,301.5,1.0,827.0,0.25,1.0,1114.0,983.75,1.0,1.0,4.0,1926.75,827.5,2398.0,1.0,2154.75,1.0,4356.75,6767.25,1250.25,208.5,8194.5,1.0,808.25,1.0,2154.75,845.5,545.25,1.0,1.0,9122.5,650.0,1.0,1.0,1.0,1.0,1369.25,1.0,8876.0,3.0,,1.0,,"POLYGON ((179.4655550000001 -16.74638799999989, 179.4655550000001 -16.65638799999989, 179.37555500000013 -16.65638799999989, 179.37555500000013 -16.74638799999989, 179.4655550000001 -16.74638799999989))"
167,167,0,FJI,88.32280118633929,2656.25,11340.0,2396.0,1986.25,11340.0,1030.25,550.5,1960.75,1.0,1.0,368.25,996.0,6732.5,655.25,7968.0,3587.0,523.5,8939.75,3544.0,4428.5,595.25,950.5,703.5,1.0,1.0,1874.25,0.5,637.0,670.25,1076.25,1.0,912.75,549.75,1.0,9103.0,596.25,1.0,825.75,0.5,1.0,1111.75,993.0,1.0,1.0,1.5,1924.75,825.5,2393.75,1.0,2151.0,1.0,4428.5,6732.5,1250.75,418.25,8227.0,1.0,805.75,1.0,2151.25,843.25,544.75,1.0,1.0,9103.0,650.0,1.0,1.0,1.0,1.0,1370.5,1.0,8939.75,3.0,,1.0,,"POLYGON ((179.4655550000001 -16.656387999999897, 179.46555500000005 -16.566387999999893, 179.37555500000013 -16.566387999999893, 179.37555500000013 -16.656387999999897, 179.4655550000001 -16.656387999999897))"
168,168,0,FJI,88.36306526764339,2650.25,11085.0,2551.0,2006.0,11085.0,1070.75,574.75,1940.25,1.0,1.0,184.75,1028.5,7001.25,673.0,8232.5,3524.75,539.0,9092.75,3492.5,4560.0,294.25,997.75,731.5,1.0,1.0,1863.75,0.25,657.0,688.0,1115.25,1.0,952.75,569.5,1.0,9046.75,294.75,1.0,859.75,0.25,1.0,1150.25,1023.25,1.0,1.0,2.75,1947.75,852.0,2548.75,1.0,2358.5,1.0,4560.0,7001.25,1298.75,209.75,8462.75,1.0,835.5,1.0,2358.75,876.75,566.75,1.0,1.0,9046.75,670.75,1.0,1.0,1.0,1.0,1420.25,1.0,9092.75,1.0,,2.0,1.0,"POLYGON ((179.46555500000005 -16.566387999999893, 179.4655550000001 -16.47638799999989, 179.37555500000013 -16.47638799999989, 179.37555500000013 -16.566387999999893, 179.46555500000005 -16.566387999999893))"
169,169,0,FJI,88.40311529115263,2644.0,10958.0,2624.5,2018.75,10958.0,1088.5,581.75,1930.25,1.0,1.0,0.0,1034.75,7241.75,680.0,8272.0,3483.0,549.75,8985.25,3452.5,4467.75,0.0,1024.25,743.75,1.0,1.0,1856.0,0.0,665.75,695.0,1122.75,1.0,981.75,577.25,1.0,9054.5,0.0,1.0,875.0,0.0,1.0,1167.25,1023.0,1.0,1.0,2.25,1961.25,863.0,2622.0,1.0,2461.0,1.0,4467.75,7241.75,1321.75,0.0,8489.75,1.0,848.0,1.0,2461.0,891.0,585.5,1.0,1.0,9054.5,673.5,1.0,1.0,1.0,1.0,1433.75,1.0,8985.25,,,1.0,3.0,"POLYGON ((179.4655550000001 -16.476387999999893, 179.4655550000001 -16.38638799999989, 179.3755550000001 -16.38638799999989, 179.37555500000013 -16.476387999999893, 179.4655550000001 -16.476387999999893))"
170,170,0,FJI,88.44295117958762,2644.0,10952.666666666666,2642.0,2014.3333333333333,10952.666666666666,1084.6666666666667,576.0,1926.3333333333333,1.0,1.0,0.0,1029.0,7169.666666666667,679.0,8273.666666666666,3480.3333333333335,554.6666666666666,8979.0,3451.3333333333335,4483.333333333333,0.0,1020.3333333333334,741.3333333333334,1.0,1.0,1855.0,0.0,664.3333333333334,694.0,1117.0,1.0,984.0,576.3333333333334,1.0,9029.666666666666,0.0,1.0,872.3333333333334,0.0,1.0,1163.6666666666667,1020.6666666666666,1.0,1.0,1.0,1958.0,859.6666666666666,2639.6666666666665,1.0,2481.6666666666665,1.0,4483.333333333333,7169.666666666667,1319.3333333333333,0.0,8463.0,1.0,844.3333333333334,1.0,2481.6666666666665,887.3333333333334,584.6666666666666,1.0,1.0,9029.666666666666,673.0,1.0,1.0,1.0,1.0,1427.6666666666667,1.0,8979.0,,,,3.0,"POLYGON ((179.46555500000005 -16.386387999999894, 179.4655550000001 -16.296387999999887, 179.3755550000001 -16.296387999999887, 179.3755550000001 -16.386387999999894, 179.46555500000005 -16.386387999999894))"
171,171,0,FJI,88.24163116147515,2659.5,11052.0,2615.5,2006.5,11052.0,1088.5,578.0,1936.5,1.0,1.0,0.0,1046.0,7050.0,685.0,8221.5,3516.5,537.0,9073.0,3483.0,4462.0,0.0,1003.0,743.0,1.0,1.0,1852.5,0.0,667.0,700.0,1134.0,1.0,955.0,578.0,1.0,9038.5,0.0,1.0,871.5,0.0,1.0,1169.0,1037.5,1.0,1.0,13.0,1947.0,865.5,2613.0,1.0,2438.0,1.0,4462.0,7050.0,1306.5,0.0,8481.0,1.0,850.5,1.0,2438.0,891.0,564.0,1.0,1.0,9038.5,682.0,1.0,1.0,1.0,1.0,1442.5,1.0,9073.0,,,1.0,1.0,"POLYGON ((179.5555550000001 -16.836387999999886, 179.55555500000008 -16.74638799999989, 179.4655550000001 -16.74638799999989, 179.4655550000001 -16.836387999999886, 179.5555550000001 -16.836387999999886))"
172,172,0,FJI,88.32280118631984,2652.25,11237.25,2483.0,1996.75,11237.25,1044.0,564.0,1952.75,1.0,1.0,550.5,1008.0,6741.25,662.25,8155.75,3574.25,537.75,9099.75,3542.0,4639.0,899.5,951.25,713.5,1.0,1.0,1877.75,0.75,650.5,677.25,1104.0,1.0,935.5,563.5,1.0,9045.75,900.75,1.0,826.5,0.75,1.0,1131.75,1002.5,1.0,1.0,1.0,1938.25,835.5,2481.0,1.0,2260.0,1.0,4639.0,6741.25,1258.25,625.5,8354.5,1.0,814.75,1.0,2260.5,853.5,545.25,1.0,1.0,9045.75,657.25,1.0,1.0,1.0,1.0,1388.25,1.0,9099.75,3.0,,,1.0,"POLYGON ((179.55555500000006 -16.656387999999897, 179.55555500000006 -16.566387999999893, 179.4655550000001 -16.566387999999893, 179.46555500000017 -16.656387999999897, 179.55555500000006 -16.656387999999897))"
173,173,0,FJI,88.36306526766289,2654.0,11232.5,2481.5,1995.75,11232.5,1041.0,562.25,1951.75,1.0,1.0,552.0,997.25,6684.5,660.5,8206.5,3572.0,536.0,9173.25,3540.0,4685.5,890.5,959.0,711.5,1.0,1.0,1878.5,0.75,648.5,676.0,1091.0,1.0,941.25,559.75,1.0,9028.0,891.5,1.0,825.5,0.75,1.0,1125.5,991.75,1.0,1.0,1.0,1937.75,832.75,2479.25,1.0,2257.75,1.0,4685.5,6684.5,1255.5,626.5,8381.75,1.0,811.5,1.0,2258.25,851.5,554.5,1.0,1.0,9028.0,660.0,1.0,1.0,1.0,1.0,1376.75,1.0,9173.25,3.0,,1.0,,"POLYGON ((179.55555500000006 -16.566387999999893, 179.5555550000001 -16.47638799999989, 179.4655550000001 -16.47638799999989, 179.4655550000001 -16.566387999999893, 179.55555500000006 -16.566387999999893))"
174,174,0,FJI,88.40311529115263,2656.0,11065.0,2581.5,1999.5,11065.0,1066.75,571.0,1934.5,1.0,1.0,185.0,1005.5,6909.5,673.0,8237.25,3518.5,546.5,9073.75,3487.75,4569.25,292.0,993.0,729.25,1.0,1.0,1860.0,0.25,661.0,689.25,1101.5,1.0,969.75,568.75,1.0,9009.0,292.25,1.0,847.25,0.25,1.0,1147.0,1004.5,1.0,1.0,1.0,1942.0,848.75,2579.0,1.0,2395.75,1.0,4569.25,6909.5,1287.25,209.5,8419.0,1.0,830.5,1.0,2395.75,873.0,576.0,1.0,1.0,9009.0,670.0,1.0,1.0,1.0,1.0,1398.75,1.0,9073.75,1.0,,2.0,1.0,"POLYGON ((179.5555550000001 -16.476387999999893, 179.55555500000008 -16.38638799999989, 179.46555500000014 -16.38638799999989, 179.4655550000001 -16.476387999999893, 179.5555550000001 -16.476387999999893))"
175,175,0,FJI,88.44295117960712,2656.75,10965.25,2638.5,2001.0,10965.25,1079.75,575.25,1923.25,1.0,1.0,0.0,1020.75,7038.75,680.5,8260.5,3486.0,557.0,8989.75,3457.0,4501.25,0.0,1005.25,738.5,1.0,1.0,1854.5,0.0,668.25,696.75,1117.25,1.0,981.5,575.25,1.0,8995.75,0.0,1.0,858.25,0.0,1.0,1159.5,1019.5,1.0,1.0,1.0,1944.5,856.75,2636.25,1.0,2475.25,1.0,4501.25,7038.75,1304.0,0.0,8424.0,1.0,840.0,1.0,2475.25,883.25,582.5,1.0,1.0,8995.75,679.75,1.0,1.0,1.0,1.0,1418.25,1.0,8989.75,,,1.0,3.0,"POLYGON ((179.5555550000001 -16.386387999999894, 179.55555500000014 -16.296387999999887, 179.46555500000014 -16.296387999999887, 179.46555500000014 -16.386387999999894, 179.5555550000001 -16.386387999999894))"
176,176,0,FJI,88.36306526766289,2660.0,11262.0,2469.6666666666665,1996.3333333333333,11262.0,1032.3333333333333,557.6666666666666,1955.0,1.0,1.0,735.6666666666666,977.0,6568.333333333333,658.0,8221.333333333334,3581.6666666666665,540.3333333333334,9183.666666666666,3550.6666666666665,4716.333333333333,1185.0,943.3333333333334,706.0,1.0,1.0,1887.3333333333333,1.0,650.0,674.6666666666666,1079.6666666666667,1.0,945.6666666666666,557.6666666666666,1.0,9007.666666666666,1186.0,1.0,808.6666666666666,1.0,1.0,1118.6666666666667,970.6666666666666,1.0,1.0,1.0,1938.6666666666667,826.6666666666666,2467.3333333333335,1.0,2240.0,1.0,4716.333333333333,6568.333333333333,1235.3333333333333,834.3333333333334,8341.0,1.0,804.0,1.0,2240.3333333333335,844.0,554.3333333333334,1.0,1.0,9007.666666666666,659.0,1.0,1.0,1.0,1.0,1354.6666666666667,1.0,9183.666666666666,3.0,,,,"POLYGON ((179.64555500000012 -16.566387999999893, 179.64555500000012 -16.47638799999989, 179.55555500000017 -16.47638799999989, 179.55555500000014 -16.566387999999893, 179.64555500000012 -16.566387999999893))"
177,177,0,FJI,88.4031152911721,2668.0,11157.25,2523.0,1997.0,11157.25,1048.0,561.75,1944.0,1.0,1.0,554.5,978.75,6647.5,667.0,8233.5,3549.0,547.75,9149.75,3518.25,4657.75,875.25,964.5,716.75,1.0,1.0,1876.75,0.75,657.75,684.5,1083.25,1.0,959.75,561.75,1.0,8976.0,876.25,1.0,822.0,0.75,1.0,1129.5,982.0,1.0,1.0,1.0,1939.5,836.25,2520.5,1.0,2315.25,1.0,4657.75,6647.5,1254.75,628.0,8363.0,1.0,815.5,1.0,2315.25,857.0,567.75,1.0,1.0,8976.0,666.5,1.0,1.0,1.0,1.0,1367.5,1.0,9149.75,2.0,,2.0,,"POLYGON ((179.64555500000012 -16.476387999999893, 179.64555500000012 -16.38638799999989, 179.55555500000008 -16.38638799999989, 179.55555500000017 -16.476387999999893, 179.64555500000012 -16.476387999999893))"
178,178,0,FJI,88.44295117966557,2672.0,11016.75,2582.5,1995.0,11016.75,1069.25,571.75,1928.75,1.0,1.0,185.0,1001.0,6884.5,679.0,8263.0,3504.0,558.0,9032.75,3474.75,4550.0,290.75,984.75,731.5,1.0,1.0,1866.5,0.25,671.0,696.25,1106.25,1.0,975.25,571.75,1.0,8975.25,291.25,1.0,839.5,0.25,1.0,1150.25,1004.25,1.0,1.0,1.0,1938.25,850.5,2580.25,1.0,2402.75,1.0,4550.0,6884.5,1281.75,209.5,8389.0,1.0,831.5,1.0,2402.75,874.5,577.75,1.0,1.0,8975.25,677.0,1.0,1.0,1.0,1.0,1397.0,1.0,9032.75,,,3.0,1.0,"POLYGON ((179.64555500000012 -16.386387999999894, 179.64555500000014 -16.296387999999887, 179.55555500000014 -16.296387999999887, 179.5555550000001 -16.386387999999894, 179.64555500000012 -16.386387999999894))"
179,179,0,FJI,88.4825728562518,2674.0,10945.5,2611.5,1993.5,10945.5,1080.0,577.0,1921.0,1.0,1.0,0.0,1014.5,7026.5,685.5,8308.0,3480.5,562.0,8973.0,3452.5,4494.5,0.0,995.0,739.0,1.0,1.0,1862.0,0.0,678.5,702.5,1120.5,1.0,983.5,577.0,1.0,8981.5,0.0,1.0,848.5,0.0,1.0,1161.0,1018.5,1.0,1.0,1.0,1937.5,858.0,2609.5,1.0,2446.0,1.0,4494.5,7026.5,1295.5,0.0,8408.5,1.0,839.5,1.0,2446.0,883.5,583.0,1.0,1.0,8981.5,685.0,1.0,1.0,1.0,1.0,1414.0,1.0,8973.0,,,1.0,1.0,"POLYGON ((179.64555500000014 -16.29638799999989, 179.64555500000012 -16.206387999999883, 179.5555550000001 -16.206387999999883, 179.55555500000014 -16.29638799999989, 179.64555500000014 -16.29638799999989))"
180,180,0,FJI,88.28232312494704,2642.0,11240.333333333334,2525.0,2006.3333333333333,11240.333333333334,1036.6666666666667,563.3333333333334,1953.3333333333333,1.0,1.0,0.0,1005.0,6796.333333333333,661.6666666666666,8242.333333333334,3574.6666666666665,548.3333333333334,9061.666666666666,3530.3333333333335,4554.666666666667,0.0,930.6666666666666,709.6666666666666,1.0,1.0,1890.0,0.0,655.0,676.6666666666666,1105.3333333333333,1.0,945.0,565.6666666666666,1.0,9066.333333333334,0.0,1.0,810.3333333333334,0.0,1.0,1134.0,976.3333333333334,1.0,1.0,1.0,1945.0,840.0,2521.6666666666665,1.0,2309.0,1.0,4554.666666666667,6796.333333333333,1238.6666666666667,0.0,8344.0,1.0,806.3333333333334,1.0,2309.0,845.0,544.6666666666666,1.0,1.0,9066.333333333334,661.0,1.0,1.0,1.0,1.0,1374.3333333333333,1.0,9061.666666666666,,,1.0,2.0,"POLYGON ((179.73555500000006 -16.74638799999989, 179.73555500000012 -16.65638799999989, 179.64555500000012 -16.65638799999989, 179.64555500000012 -16.74638799999989, 179.73555500000006 -16.74638799999989))"
181,181,0,FJI,88.40311529113315,2677.0,11172.0,2491.75,1991.5,11172.0,1043.25,561.0,1945.25,1.0,1.0,555.5,977.25,6603.25,666.0,8248.25,3553.5,547.25,9161.5,3523.0,4669.25,867.0,959.25,713.75,1.0,1.0,1886.25,0.75,657.0,683.25,1082.0,1.0,958.0,560.75,1.0,8970.5,868.25,1.0,818.75,0.75,1.0,1127.0,979.5,1.0,1.0,1.0,1934.5,834.75,2489.5,1.0,2276.75,1.0,4669.25,6603.25,1249.5,629.5,8352.5,1.0,811.25,1.0,2276.75,853.0,567.0,1.0,1.0,8970.5,668.5,1.0,1.0,1.0,1.0,1364.75,1.0,9161.5,2.0,,1.0,1.0,"POLYGON ((179.73555500000015 -16.476387999999893, 179.7355550000001 -16.38638799999989, 179.64555500000012 -16.38638799999989, 179.64555500000014 -16.476387999999893, 179.73555500000015 -16.476387999999893))"
182,182,0,FJI,88.44295117960712,2684.25,11083.5,2517.25,1987.75,11083.5,1056.5,566.75,1935.5,1.0,1.0,371.0,988.25,6714.25,673.5,8261.75,3525.0,552.75,9087.5,3495.5,4607.5,574.5,972.25,723.0,1.0,1.0,1878.0,0.5,665.75,690.5,1094.25,1.0,967.5,566.75,1.0,8957.5,575.5,1.0,829.75,0.5,1.0,1139.5,989.75,1.0,1.0,1.0,1931.25,843.5,2515.25,1.0,2318.0,1.0,4607.5,6714.25,1266.75,420.5,8356.75,1.0,821.25,1.0,2318.0,864.25,572.75,1.0,1.0,8957.5,672.75,1.0,1.0,1.0,1.0,1381.0,1.0,9087.5,2.0,,2.0,,"POLYGON ((179.73555500000012 -16.386387999999894, 179.73555500000012 -16.296387999999887, 179.64555500000014 -16.296387999999887, 179.64555500000012 -16.386387999999894, 179.73555500000012 -16.386387999999894))"
183,183,0,FJI,88.48257285621284,2692.0,10995.333333333334,2562.0,1988.0,10995.333333333334,1071.0,573.0,1926.3333333333333,1.0,1.0,0.0,1000.0,6850.0,681.0,8283.0,3496.6666666666665,556.6666666666666,9014.333333333334,3468.0,4539.0,0.0,986.0,733.0,1.0,1.0,1869.3333333333333,0.0,673.6666666666666,698.0,1107.6666666666667,1.0,977.6666666666666,573.0,1.0,8952.0,0.0,1.0,842.0,0.0,1.0,1152.6666666666667,1001.0,1.0,1.0,1.0,1932.0,852.3333333333334,2560.0,1.0,2381.6666666666665,1.0,4539.0,6850.0,1285.0,0.0,8370.0,1.0,832.0,1.0,2381.6666666666665,876.3333333333334,579.0,1.0,1.0,8952.0,677.3333333333334,1.0,1.0,1.0,1.0,1398.3333333333333,1.0,9014.333333333334,1.0,,1.0,1.0,"POLYGON ((179.73555500000012 -16.29638799999989, 179.73555500000012 -16.206387999999883, 179.64555500000012 -16.206387999999883, 179.64555500000014 -16.29638799999989, 179.73555500000012 -16.29638799999989))"
184,184,0,FJI,88.28232312492757,2642.0,11299.0,2483.5,2003.25,11299.0,1023.25,559.5,1959.0,1.0,1.0,179.0,996.5,6735.0,656.0,8226.0,3592.75,544.5,9028.0,3544.25,4576.0,294.25,917.5,700.75,1.0,1.0,1897.25,0.25,649.5,671.0,1099.5,1.0,936.0,559.5,1.0,9080.0,294.75,1.0,800.25,0.25,1.0,1122.0,965.75,1.0,1.0,1.0,1941.25,835.25,2480.25,1.0,2254.25,1.0,4576.0,6735.0,1222.75,199.25,8289.25,1.0,795.5,1.0,2254.25,833.25,539.75,1.0,1.0,9080.0,657.5,1.0,1.0,1.0,1.0,1360.5,1.0,9028.0,1.0,,2.0,1.0,"POLYGON ((179.8255550000001 -16.74638799999989, 179.8255550000001 -16.65638799999989, 179.73555500000012 -16.65638799999989, 179.7355550000001 -16.74638799999989, 179.8255550000001 -16.74638799999989))"
185,185,0,FJI,88.32280118633929,2650.6666666666665,11455.0,2349.0,1988.6666666666667,11455.0,995.3333333333334,540.3333333333334,1973.0,1.0,1.0,238.66666666666666,974.3333333333334,6643.333333333333,641.0,8007.666666666667,3623.3333333333335,530.6666666666666,8750.333333333334,3555.3333333333335,4393.666666666667,392.3333333333333,893.3333333333334,681.6666666666666,1.0,1.0,1912.0,0.3333333333333333,637.3333333333334,656.3333333333334,1081.0,1.0,914.6666666666666,540.3333333333334,1.0,9140.666666666666,393.0,1.0,778.3333333333334,0.3333333333333333,1.0,1093.6666666666667,943.3333333333334,1.0,1.0,1.0,1922.0,815.3333333333334,2345.3333333333335,1.0,2085.3333333333335,1.0,4393.666666666667,6643.333333333333,1190.0,265.6666666666667,8042.333333333333,1.0,774.6666666666666,1.0,2085.3333333333335,811.0,535.0,1.0,1.0,9140.666666666666,646.0,1.0,1.0,1.0,1.0,1327.0,1.0,8750.333333333334,1.0,,,2.0,"POLYGON ((179.8255550000001 -16.656387999999897, 179.8255550000001 -16.566387999999893, 179.7355550000001 -16.566387999999893, 179.73555500000015 -16.656387999999897, 179.8255550000001 -16.656387999999897))"
186,186,0,FJI,88.44295117960712,2694.6666666666665,11089.0,2491.6666666666665,1982.6666666666667,11089.0,1054.6666666666667,566.3333333333334,1936.0,1.0,1.0,497.3333333333333,987.6666666666666,6659.0,673.0,8265.0,3526.6666666666665,550.3333333333334,9091.666666666666,3497.0,4612.666666666667,754.3333333333334,970.6666666666666,722.0,1.0,1.0,1878.6666666666667,0.6666666666666666,664.0,690.0,1094.0,1.0,966.6666666666666,566.3333333333334,1.0,8942.0,755.3333333333334,1.0,828.6666666666666,0.6666666666666666,1.0,1138.3333333333333,989.0,1.0,1.0,1.0,1926.3333333333333,842.6666666666666,2489.6666666666665,1.0,2287.6666666666665,1.0,4612.666666666667,6659.0,1265.3333333333333,563.0,8341.333333333334,1.0,819.6666666666666,1.0,2287.6666666666665,863.0,572.3333333333334,1.0,1.0,8942.0,667.6666666666666,1.0,1.0,1.0,1.0,1380.0,1.0,9091.666666666666,2.0,,1.0,,"POLYGON ((179.8255550000001 -16.386387999999894, 179.82555500000015 -16.296387999999887, 179.73555500000015 -16.296387999999887, 179.73555500000012 -16.386387999999894, 179.8255550000001 -16.386387999999894))"
187,187,0,FJI,88.48257285619336,2699.3333333333335,11034.333333333334,2525.0,1984.0,11034.333333333334,1064.0,570.0,1930.3333333333333,1.0,1.0,249.33333333333334,994.6666666666666,6735.0,677.3333333333334,8276.0,3509.3333333333335,553.6666666666666,9046.333333333334,3480.0,4572.666666666667,376.0,979.6666666666666,728.3333333333334,1.0,1.0,1873.3333333333333,0.3333333333333333,668.3333333333334,694.3333333333334,1102.0,1.0,972.6666666666666,570.0,1.0,8935.666666666666,376.3333333333333,1.0,836.6666666666666,0.3333333333333333,1.0,1146.0,995.6666666666666,1.0,1.0,1.0,1928.0,847.6666666666666,2523.0,1.0,2333.6666666666665,1.0,4572.666666666667,6735.0,1277.0,281.6666666666667,8347.0,1.0,826.6666666666666,1.0,2333.6666666666665,870.6666666666666,576.0,1.0,1.0,8935.666666666666,670.3333333333334,1.0,1.0,1.0,1.0,1390.3333333333333,1.0,9046.333333333334,1.0,,1.0,1.0,"POLYGON ((179.82555500000015 -16.29638799999989, 179.82555500000012 -16.206387999999883, 179.73555500000015 -16.206387999999883, 179.73555500000015 -16.29638799999989, 179.82555500000015 -16.29638799999989))"
188,188,0,FJI,88.28232312494703,2639.6666666666665,11257.666666666666,2514.3333333333335,2005.6666666666667,11257.666666666666,1029.6666666666667,563.6666666666666,1955.0,1.0,1.0,238.66666666666666,1002.3333333333334,6769.0,659.6666666666666,8290.0,3580.0,549.0,9075.333333333334,3539.0,4599.0,392.3333333333333,922.6666666666666,705.0,1.0,1.0,1893.3333333333333,0.3333333333333333,653.3333333333334,674.6666666666666,1106.3333333333333,1.0,941.0,563.6666666666666,1.0,9067.333333333334,393.0,1.0,805.3333333333334,0.3333333333333333,1.0,1128.6666666666667,970.6666666666666,1.0,1.0,1.0,1945.0,840.0,2511.3333333333335,1.0,2293.6666666666665,1.0,4599.0,6769.0,1230.3333333333333,265.6666666666667,8340.0,1.0,800.3333333333334,1.0,2293.6666666666665,838.0,543.0,1.0,1.0,9067.333333333334,657.3333333333334,1.0,1.0,1.0,1.0,1368.3333333333333,1.0,9075.333333333334,1.0,,2.0,,"POLYGON ((179.91555500000013 -16.74638799999989, 179.9155550000001 -16.65638799999989, 179.82555500000018 -16.65638799999989, 179.8255550000001 -16.74638799999989, 179.91555500000013 -16.74638799999989))"
189,189,0,FJI,88.36306526770181,2658.0,11370.5,2376.5,1985.0,11370.5,1009.0,546.5,1964.0,1.0,1.0,369.0,983.5,6660.5,647.5,8093.5,3588.0,537.5,8842.5,3537.5,4386.0,569.0,906.0,691.0,1.0,1.0,1904.0,0.5,645.0,663.0,1089.0,1.0,923.5,546.5,1.0,9098.0,569.5,1.0,789.5,0.5,1.0,1105.5,952.5,1.0,1.0,1.0,1921.5,823.0,2374.0,1.0,2127.0,1.0,4386.0,6660.5,1207.0,419.0,8125.5,1.0,785.0,1.0,2127.0,822.5,544.0,1.0,1.0,9098.0,655.5,1.0,1.0,1.0,1.0,1341.5,1.0,8842.5,,,1.0,1.0,"POLYGON ((179.91555500000013 -16.566387999999893, 179.91555500000013 -16.47638799999989, 179.82555500000018 -16.47638799999989, 179.8255550000001 -16.566387999999893, 179.91555500000013 -16.566387999999893))"
190,190,0,FJI,88.48257285621284,2705.5,11088.5,2484.0,1981.0,11088.5,1054.5,565.5,1935.5,1.0,1.0,374.0,987.0,6593.5,672.0,8275.0,3526.5,549.5,9091.0,3497.0,4622.5,564.0,971.5,721.5,1.0,1.0,1878.5,0.5,663.0,689.5,1093.5,1.0,965.5,566.0,1.0,8920.0,564.5,1.0,829.0,0.5,1.0,1137.0,988.0,1.0,1.0,1.0,1925.0,841.5,2482.0,1.0,2278.5,1.0,4622.5,6593.5,1266.0,422.5,8319.5,1.0,820.0,1.0,2278.5,863.0,571.5,1.0,1.0,8920.0,653.5,1.0,1.0,1.0,1.0,1379.5,1.0,9091.0,,,1.0,1.0,"POLYGON ((179.91555500000013 -16.29638799999989, 179.91555500000015 -16.206387999999883, 179.82555500000015 -16.206387999999883, 179.82555500000015 -16.29638799999989, 179.91555500000013 -16.29638799999989))"
191,191,0,FJI,82.71819906022733,2631.0,11285.0,2507.0,2008.0,11285.0,1023.0,557.0,1960.0,1.0,1.0,728.0,998.0,6689.0,667.0,8379.0,3590.0,550.0,9262.0,3558.0,4704.0,1151.0,915.0,701.0,1.0,1.0,1897.0,1.0,658.0,685.0,1110.0,1.0,937.0,557.0,1.0,9050.0,1152.0,1.0,799.0,1.0,1.0,1123.0,966.0,1.0,1.0,1.0,1947.0,836.0,2504.0,1.0,2281.0,1.0,4704.0,6689.0,1221.0,810.0,8438.0,1.0,795.0,1.0,2281.0,832.0,541.0,1.0,1.0,9050.0,647.0,1.0,1.0,1.0,1.0,1360.0,1.0,9262.0,,,1.0,,"POLYGON ((179.99999999999997 -17.016387999999885, 179.99999999999994 -16.926387999999893, 179.91555500000015 -16.926387999999893, 179.91555500000013 -17.016387999999885, 179.99999999999997 -17.016387999999885))"
192,192,0,FJI,82.75678060272169,2631.0,11285.0,2507.0,2008.0,11285.0,1023.0,557.0,1960.0,1.0,1.0,728.0,998.0,6689.0,667.0,8379.0,3590.0,550.0,9262.0,3558.0,4704.0,1151.0,915.0,701.0,1.0,1.0,1897.0,1.0,658.0,685.0,1110.0,1.0,937.0,557.0,1.0,9050.0,1152.0,1.0,799.0,1.0,1.0,1123.0,966.0,1.0,1.0,1.0,1947.0,836.0,2504.0,1.0,2281.0,1.0,4704.0,6689.0,1221.0,810.0,8438.0,1.0,795.0,1.0,2281.0,832.0,541.0,1.0,1.0,9050.0,647.0,1.0,1.0,1.0,1.0,1360.0,1.0,9262.0,,,1.0,,"POLYGON ((179.99999999999994 -16.926387999999893, 180 -16.836387999999886, 179.91555500000015 -16.836387999999886, 179.91555500000015 -16.926387999999893, 179.99999999999994 -16.926387999999893))"
193,193,0,FJI,83.05820690822267,2708.0,11075.0,2504.0,1984.0,11075.0,1057.0,566.0,1934.0,1.0,1.0,0.0,989.0,6588.0,673.0,8263.0,3522.0,550.0,9080.0,3493.0,4615.0,0.0,974.0,723.0,1.0,1.0,1877.0,0.0,664.0,691.0,1096.0,1.0,967.0,567.0,1.0,8911.0,0.0,1.0,831.0,0.0,1.0,1139.0,990.0,1.0,1.0,1.0,1928.0,843.0,2502.0,1.0,2303.0,1.0,4615.0,6588.0,1269.0,0.0,8312.0,1.0,822.0,1.0,2303.0,865.0,572.0,1.0,1.0,8911.0,650.0,1.0,1.0,1.0,1.0,1383.0,1.0,9080.0,,,,1.0,"POLYGON ((180 -16.206387999999887, 179.99999999999997 -16.11638799999989, 179.91555500000015 -16.11638799999989, 179.91555500000015 -16.206387999999887, 180 -16.206387999999887))"
194,194,0,FJI,88.37391769450939,,,,,,,,,,,,,,,,,,,,,,,,,,,,,,,,,,,,,,,,,,,,,,,,,,,,,,,,,,,,,,,,,,,,,,,,,,,,,,"POLYGON ((178.85249700000006 -16.542047999999905, 178.85249700000003 -16.452047999999905, 178.76249700000002 -16.452047999999905, 178.76249700000005 -16.542047999999905, 178.85249700000006 -16.542047999999905))"
195,195,0,FJI,88.01755467727983,2354.0,10983.0,0.0,0.0,9777.0,0.0,0.0,2866.0,189.0,0.0,0.0,1325.0,9270.0,715.0,8281.0,0.0,0.0,9009.0,0.0,0.0,0.0,1044.0,0.0,0.0,0.0,0.0,0.0,690.0,893.0,1349.0,2.0,0.0,0.0,0.0,9772.0,0.0,196.0,1124.0,0.0,0.0,0.0,0.0,0.0,208.0,502.0,0.0,0.0,0.0,0.0,0.0,0.0,0.0,9680.0,1407.0,0.0,9268.0,408.0,0.0,0.0,0.0,0.0,737.0,0.0,1.0,9772.0,877.0,154.0,1.0,8.0,183.0,1705.0,0.0,8269.0,,,,1.0,"POLYGON ((177.18805300000002 -17.323775999999953, 177.18805299999997 -17.233775999999946, 177.098053 -17.233775999999946, 177.09805300000005 -17.323775999999953, 177.18805300000002 -17.323775999999953))"
196,196,0,FJI,88.31457136098153,2636.0,11139.0,2613.0,2015.0,11139.0,1050.0,575.0,1943.0,1.0,1.0,0.0,1018.0,6922.0,670.0,8401.0,3543.0,561.0,9140.0,3513.0,4573.0,0.0,941.0,719.0,1.0,1.0,1880.0,0.0,664.0,685.0,1119.0,1.0,956.0,575.0,1.0,9049.0,0.0,1.0,822.0,0.0,1.0,1149.0,987.0,1.0,1.0,1.0,1956.0,854.0,2610.0,1.0,2421.0,1.0,4573.0,6922.0,1255.0,0.0,8457.0,1.0,816.0,1.0,2421.0,855.0,552.0,1.0,1.0,9049.0,660.0,1.0,1.0,1.0,1.0,1393.0,1.0,9140.0,,,1.0,,"POLYGON ((179.96370300000007 -16.674724999999967, 179.96370300000007 -16.584724999999963, 179.87370300000006 -16.584724999999963, 179.87370300000012 -16.674724999999967, 179.96370300000007 -16.674724999999967))"
197,197,0,FJI,87.2026219592205,2833.0,7841.0,0.0,0.0,7841.0,0.0,0.0,2824.0,4.0,0.0,0.0,1550.0,9411.0,1048.0,9071.0,0.0,0.0,8581.0,0.0,0.0,0.0,1369.0,0.0,0.0,0.0,0.0,0.0,974.0,1069.0,1698.0,1.0,0.0,0.0,0.0,9326.0,0.0,1.0,1276.0,0.0,0.0,0.0,0.0,0.0,4.0,228.0,0.0,0.0,0.0,0.0,0.0,0.0,0.0,9411.0,1746.0,0.0,9085.0,91.0,0.0,0.0,0.0,0.0,817.0,0.0,1.0,9326.0,1004.0,33.0,1.0,4.0,2.0,2172.0,0.0,8581.0,,,,1.0,"POLYGON ((-178.89138399999996 -18.993333999999887, -178.89138399999993 -18.903333999999887, -178.981384 -18.903333999999887, -178.9813839999999 -18.993333999999887, -178.89138399999996 -18.993333999999887))"
198,198,0,FJI,87.57053563305242,2058.0,7931.0,2577.0,2869.0,7931.0,965.0,550.0,2359.0,1.0,1.0,714.0,1011.0,9470.0,680.0,9088.0,3365.0,551.0,8674.0,3356.0,5050.0,1440.0,856.0,674.0,1.0,1.0,2223.0,1.0,673.0,696.0,1132.0,1.0,884.0,560.0,1.0,9430.0,1441.0,1.0,786.0,1.0,1.0,1109.0,977.0,1.0,1.0,1.0,2801.0,823.0,2577.0,1.0,2759.0,1.0,5050.0,9470.0,1173.0,821.0,9108.0,1.0,719.0,1.0,2759.0,806.0,579.0,1.0,1.0,9430.0,679.0,1.0,1.0,1.0,1.0,1386.0,1.0,8674.0,,,,1.0,"POLYGON ((-178.74944699999995 -18.258054999999956, -178.749447 -18.168054999999956, -178.839447 -18.168054999999956, -178.8394469999999 -18.258054999999956, -178.74944699999995 -18.258054999999956))"
199,199,0,FJI,87.80268391418632,,,,,,,,,,,,,,,,,,,,,,,,,,,,,,,,,,,,,,,,,,,,,,,,,,,,,,,,,,,,,,,,,,,,,,,,,,,,,,"POLYGON ((-179.25668 -17.778851999999855, -179.25667999999993 -17.688851999999855, -179.34667999999996 -17.688851999999855, -179.34667999999994 -17.778851999999855, -179.25668 -17.778851999999855))"
200,200,0,FJI,88.01544170585284,2833.0,10857.0,0.0,0.0,10857.0,0.0,0.0,2858.0,2.0,0.0,0.0,1474.0,9587.0,957.0,9183.0,0.0,0.0,8918.0,0.0,0.0,0.0,1342.0,0.0,0.0,0.0,0.0,0.0,925.0,973.0,1606.0,1.0,0.0,0.0,0.0,9668.0,0.0,1.0,1237.0,0.0,0.0,0.0,0.0,0.0,4.0,193.0,0.0,0.0,0.0,0.0,0.0,0.0,0.0,9587.0,1698.0,0.0,9197.0,60.0,0.0,0.0,0.0,0.0,781.0,0.0,1.0,9668.0,941.0,19.0,1.0,3.0,1.0,2067.0,0.0,8918.0,,,,1.0,"POLYGON ((-178.9565089999999 -17.328307999999932, -178.95650899999998 -17.238307999999925, -179.04650899999996 -17.238307999999925, -179.0465089999999 -17.328307999999932, -178.9565089999999 -17.328307999999932))"
201,201,0,FJI,88.05730141035761,2833.0,10857.0,0.0,0.0,10857.0,0.0,0.0,2858.0,2.0,0.0,0.0,1474.0,9587.0,957.0,9183.0,0.0,0.0,8918.0,0.0,0.0,0.0,1342.0,0.0,0.0,0.0,0.0,0.0,925.0,973.0,1606.0,1.0,0.0,0.0,0.0,9668.0,0.0,1.0,1237.0,0.0,0.0,0.0,0.0,0.0,4.0,193.0,0.0,0.0,0.0,0.0,0.0,0.0,0.0,9587.0,1698.0,0.0,9197.0,60.0,0.0,0.0,0.0,0.0,781.0,0.0,1.0,9668.0,941.0,19.0,1.0,3.0,1.0,2067.0,0.0,8918.0,,,,1.0,"POLYGON ((-178.95650899999998 -17.238307999999936, -178.95650899999993 -17.148307999999933, -179.04650899999993 -17.148307999999933, -179.04650899999996 -17.238307999999936, -178.95650899999998 -17.238307999999936))"
202,202,0,FJI,88.22297146729373,2820.0,10894.0,0.0,0.0,10894.0,0.0,0.0,2854.3333333333335,1.0,0.0,0.0,1454.0,9544.333333333334,947.6666666666666,8878.666666666666,0.0,0.0,8930.333333333334,0.0,0.0,0.0,1288.6666666666667,0.0,0.0,0.0,0.0,0.0,925.3333333333334,965.3333333333334,1598.6666666666667,1.0,0.0,0.0,0.0,9707.666666666666,0.0,1.0,1207.3333333333333,0.0,0.0,0.0,0.0,0.0,8.333333333333334,251.33333333333334,0.0,0.0,0.0,0.0,0.0,0.0,0.0,9544.333333333334,1621.6666666666667,0.0,9140.666666666666,116.33333333333333,0.0,0.0,0.0,0.0,775.6666666666666,0.0,1.0,9707.666666666666,916.3333333333334,44.333333333333336,1.0,1.0,1.6666666666666667,2054.0,0.0,8930.333333333334,,,2.0,1.0,"POLYGON ((-179.90999999999994 -16.877500999999913, -179.90999999999994 -16.787500999999903, -179.99999999999991 -16.787500999999903, -179.99999999999991 -16.877500999999913, -179.90999999999994 -16.877500999999913))"
203,203,0,FJI,88.26376111742886,2820.0,10896.0,0.0,0.0,10896.0,0.0,0.0,2853.6666666666665,1.0,0.0,0.0,1467.0,9543.333333333334,955.0,8880.0,0.0,0.0,8931.666666666666,0.0,0.0,0.0,1293.0,0.0,0.0,0.0,0.0,0.0,932.3333333333334,972.3333333333334,1608.6666666666667,1.0,0.0,0.0,0.0,9710.0,0.0,1.0,1215.0,0.0,0.0,0.0,0.0,0.0,9.0,265.3333333333333,0.0,0.0,0.0,0.0,0.0,0.0,0.0,9543.333333333334,1629.3333333333333,0.0,9139.333333333334,128.0,0.0,0.0,0.0,0.0,779.0,0.0,1.0,9710.0,926.3333333333334,51.333333333333336,1.0,1.0,3.3333333333333335,2073.3333333333335,0.0,8930.333333333334,,,1.0,2.0,"POLYGON ((-179.81999999999996 -16.787500999999917, -179.81999999999996 -16.697500999999903, -179.9099999999999 -16.697500999999903, -179.90999999999994 -16.787500999999917, -179.81999999999996 -16.787500999999917))"
204,204,0,FJI,88.25586328589281,2820.0,10895.0,0.0,0.0,10895.0,0.0,0.0,2854.0,1.0,0.0,0.0,1469.0,9544.0,957.0,8881.0,0.0,0.0,8931.0,0.0,0.0,0.0,1294.0,0.0,0.0,0.0,0.0,0.0,934.0,974.0,1611.0,1.0,0.0,0.0,0.0,9709.0,0.0,1.0,1216.0,0.0,0.0,0.0,0.0,0.0,9.0,268.0,0.0,0.0,0.0,0.0,0.0,0.0,0.0,9544.0,1631.0,0.0,9140.0,130.0,0.0,0.0,0.0,0.0,780.0,0.0,1.0,9709.0,928.0,53.0,1.0,1.0,4.0,2076.0,0.0,8927.0,,,,1.0,"POLYGON ((-179.7116509999999 -16.80496399999981, -179.711651 -16.71496399999981, -179.80165099999994 -16.71496399999981, -179.80165099999996 -16.80496399999981, -179.7116509999999 -16.80496399999981))"
205,205,0,FJI,88.37482967249576,2583.0,10909.0,2291.0,1901.0,10909.0,950.0,512.0,1924.0,1.0,1.0,674.0,943.0,6438.0,624.0,7723.0,3451.0,496.0,8323.0,3450.0,4691.0,1479.0,825.0,657.0,1.0,1.0,1853.0,1.0,622.0,641.0,1060.0,1.0,858.0,536.0,1.0,8751.0,1479.0,1.0,741.0,1.0,1.0,1031.0,918.0,1.0,1.0,1.0,1865.0,742.0,2291.0,1.0,2081.0,1.0,4691.0,6438.0,1102.0,764.0,7807.0,1.0,726.0,1.0,2084.0,760.0,518.0,1.0,1.0,8751.0,572.0,1.0,1.0,1.0,1.0,1291.0,1.0,8323.0,,,,1.0,"POLYGON ((-179.90999999999994 -16.54000099999996, -179.91 -16.45000099999995, -179.99999999999994 -16.45000099999995, -179.99999999999994 -16.54000099999996, -179.90999999999994 -16.54000099999996))"
206,206,0,FJI,88.19756038288196,2364.0,11006.0,0.0,0.0,9865.0,0.0,0.0,2863.0,197.0,0.0,0.0,1333.0,9163.0,697.0,8276.0,0.0,0.0,9024.0,0.0,0.0,0.0,1054.0,0.0,0.0,0.0,0.0,0.0,687.0,881.0,1369.0,1.0,0.0,0.0,0.0,9795.0,0.0,207.0,1157.0,0.0,0.0,0.0,0.0,0.0,201.0,512.0,0.0,0.0,0.0,0.0,0.0,0.0,0.0,9676.0,1421.0,0.0,9265.0,424.0,0.0,0.0,0.0,0.0,737.0,0.0,1.0,9795.0,880.0,149.0,1.0,12.0,192.0,1715.0,0.0,8295.0,,,,1.0,"POLYGON ((177.4722170000002 -16.933331999999837, 177.47221700000011 -16.843331999999837, 177.38221700000014 -16.843331999999837, 177.38221700000025 -16.933331999999837, 177.4722170000002 -16.933331999999837))"
207,207,0,FJI,88.08957090747471,2354.0,10990.0,0.0,0.0,9782.0,0.0,0.0,2865.0,190.0,0.0,0.0,1326.0,9265.0,715.0,8283.0,0.0,0.0,9013.0,0.0,0.0,0.0,1044.0,0.0,0.0,0.0,0.0,0.0,690.0,893.0,1350.0,2.0,0.0,0.0,0.0,9779.0,0.0,196.0,1124.0,0.0,0.0,0.0,0.0,0.0,208.0,503.0,0.0,0.0,0.0,0.0,0.0,0.0,0.0,9676.0,1407.0,0.0,9263.0,409.0,0.0,0.0,0.0,0.0,737.0,0.0,1.0,9779.0,878.0,155.0,1.0,8.0,184.0,1705.0,0.0,8273.0,,,,1.0,"POLYGON ((177.27945300000016 -17.168611999999882, 177.2794530000002 -17.078611999999882, 177.1894530000002 -17.078611999999882, 177.18945300000019 -17.168611999999882, 177.27945300000016 -17.168611999999882))"
