REGION,TIMESLICE,TECHNOLOGY,FUEL,YEAR,VALUE
GLOBAL,S1D1,DEMCOMELCFJIXX02,COMELCFJIXX02,2039,0.021223986760600003
GLOBAL,S1D1,LNDAGRFJIC01,CRPCAS,2021,0.017821531034706
GLOBAL,S1D1,LNDAGRFJIC01,CRPCAS,2022,0.017899222914538
GLOBAL,S1D1,LNDAGRFJIC01,CRPCAS,2023,0.017976890014286002
GLOBAL,S1D1,LNDAGRFJIC01,CRPCAS,2024,0.018054581894118002
GLOBAL,S1D1,LNDAGRFJIC01,CRPCAS,2025,0.018132273531008
GLOBAL,S1D1,LNDAGRFJIC01,CRPCAS,2026,0.018190802874706
GLOBAL,S1D1,LNDAGRFJIC01,CRPCAS,2027,0.018249331975462
GLOBAL,S1D1,LNDAGRFJIC01,CRPCAS,2028,0.018307836539076
GLOBAL,S1D1,LNDAGRFJIC01,CRPCAS,2029,0.018366365639832002
GLOBAL,S1D1,LNDAGRFJIC01,CRPCAS,2030,0.018424894740588
GLOBAL,S1D1,LNDAGRFJIC01,CRPCAS,2031,0.01846493061042
GLOBAL,S1D1,LNDAGRFJIC01,CRPCAS,2032,0.018504991260336
GLOBAL,S1D1,LNDAGRFJIC01,CRPCAS,2033,0.018545027130168
GLOBAL,S1D1,LNDAGRFJIC01,CRPCAS,2034,0.018585063000000002
GLOBAL,S1D1,LNDAGRFJIC01,CRPCAS,2035,0.018625098869831998
GLOBAL,S1D1,LNDAGRFJIC01,CRPCAS,2036,0.018643021915882
GLOBAL,S1D1,LNDAGRFJIC01,CRPCAS,2037,0.018660969984958
GLOBAL,S1D1,LNDAGRFJIC01,CRPCAS,2038,0.018678893031008
GLOBAL,S1D1,LNDAGRFJIC01,CRPCAS,2039,0.018792456025966003
GLOBAL,S1D1,LNDAGRFJIC01,CRPCAS,2040,0.018714764389076002
GLOBAL,S1D1,LNDAGRFJIC01,CRPCAS,2041,0.018711987804958002
GLOBAL,S1D1,LNDAGRFJIC01,CRPCAS,2042,0.018709211220840002
GLOBAL,S1D1,LNDAGRFJIC01,CRPCAS,2043,0.018706459659747997
GLOBAL,S1D1,LNDAGRFJIC01,CRPCAS,2044,0.01870368307563
GLOBAL,S1D1,LNDAGRFJIC01,CRPCAS,2045,0.018700906734454
GLOBAL,S1D1,LNDAGRFJIC01,CRPCAS,2046,0.018681917415966
GLOBAL,S1D1,LNDAGRFJIC01,CRPCAS,2047,0.018662953120504
GLOBAL,S1D1,LNDAGRFJIC01,CRPCAS,2048,0.018686082170672
GLOBAL,S1D1,LNDAGRFJIC01,CRPCAS,2049,0.01864604630084
GLOBAL,S1D1,LNDAGRFJIC01,CRPCAS,2050,0.018606010431008
GLOBAL,S1D1,LNDAGRFJIC01,CRPOTH,2021,0.015506888630588
GLOBAL,S1D1,LNDAGRFJIC01,CRPOTH,2022,0.015574466319327998
GLOBAL,S1D1,LNDAGRFJIC01,CRPOTH,2023,0.015642068639412
GLOBAL,S1D1,LNDAGRFJIC01,CRPOTH,2024,0.015709670959496002
GLOBAL,S1D1,LNDAGRFJIC01,CRPOTH,2025,0.015777248420168002
GLOBAL,S1D1,LNDAGRFJIC01,CRPOTH,2026,0.015828191969328
GLOBAL,S1D1,LNDAGRFJIC01,CRPOTH,2027,0.015879110659076
GLOBAL,S1D1,LNDAGRFJIC01,CRPOTH,2028,0.015930029120756004
GLOBAL,S1D1,LNDAGRFJIC01,CRPOTH,2029,0.015980947810504003
GLOBAL,S1D1,LNDAGRFJIC01,CRPOTH,2030,0.016031891359664003
GLOBAL,S1D1,LNDAGRFJIC01,CRPOTH,2031,0.016066721220420004
GLOBAL,S1D1,LNDAGRFJIC01,CRPOTH,2032,0.016101551309244
GLOBAL,S1D1,LNDAGRFJIC01,CRPOTH,2033,0.016136406029412
GLOBAL,S1D1,LNDAGRFJIC01,CRPOTH,2034,0.016171235890168004
GLOBAL,S1D1,LNDAGRFJIC01,CRPOTH,2035,0.016206090610336003
GLOBAL,S1D1,LNDAGRFJIC01,CRPOTH,2036,0.016221683619496
GLOBAL,S1D1,LNDAGRFJIC01,CRPOTH,2037,0.016237276400588002
GLOBAL,S1D1,LNDAGRFJIC01,CRPOTH,2038,0.016252894269160004
GLOBAL,S1D1,LNDAGRFJIC01,CRPOTH,2039,0.016351682379496
GLOBAL,S1D1,LNDAGRFJIC01,CRPOTH,2040,0.016284104690756
GLOBAL,S1D1,LNDAGRFJIC01,CRPOTH,2041,0.01628167531042
GLOBAL,S1D1,LNDAGRFJIC01,CRPOTH,2042,0.016279270789496
GLOBAL,S1D1,LNDAGRFJIC01,CRPOTH,2043,0.016276866040504
GLOBAL,S1D1,LNDAGRFJIC01,CRPOTH,2044,0.016274461519579998
GLOBAL,S1D1,LNDAGRFJIC01,CRPOTH,2045,0.016272032139244
GLOBAL,S1D1,LNDAGRFJIC01,CRPOTH,2046,0.016255521840588
GLOBAL,S1D1,LNDAGRFJIC01,CRPOTH,2047,0.01623901177
GLOBAL,S1D1,LNDAGRFJIC01,CRPOTH,2048,0.01625916613916
GLOBAL,S1D1,LNDAGRFJIC01,CRPOTH,2049,0.016224336050336
GLOBAL,S1D1,LNDAGRFJIC01,CRPOTH,2050,0.016189481330168
GLOBAL,S1D1,LNDAGRFJIC01,CRPSGC,2021,0.42787539752100007
GLOBAL,S1D1,LNDAGRFJIC01,CRPSGC,2022,0.42973961543700007
GLOBAL,S1D1,LNDAGRFJIC01,CRPSGC,2023,0.43160628756300007
GLOBAL,S1D1,LNDAGRFJIC01,CRPSGC,2024,0.43347050547900007
GLOBAL,S1D1,LNDAGRFJIC01,CRPSGC,2025,0.43533472339500007
GLOBAL,S1D1,LNDAGRFJIC01,CRPSGC,2026,0.436740304
GLOBAL,S1D1,LNDAGRFJIC01,CRPSGC,2027,0.4381458846050001
GLOBAL,S1D1,LNDAGRFJIC01,CRPSGC,2028,0.43955149247900005
GLOBAL,S1D1,LNDAGRFJIC01,CRPSGC,2029,0.44095707308400006
GLOBAL,S1D1,LNDAGRFJIC01,CRPSGC,2030,0.4423626809580001
GLOBAL,S1D1,LNDAGRFJIC01,CRPSGC,2031,0.4433220589160001
GLOBAL,S1D1,LNDAGRFJIC01,CRPSGC,2032,0.444283891084
GLOBAL,S1D1,LNDAGRFJIC01,CRPSGC,2033,0.44524575052100007
GLOBAL,S1D1,LNDAGRFJIC01,CRPSGC,2034,0.4462076099580001
GLOBAL,S1D1,LNDAGRFJIC01,CRPSGC,2035,0.44716698791600007
GLOBAL,S1D1,LNDAGRFJIC01,CRPSGC,2036,0.447598328958
GLOBAL,S1D1,LNDAGRFJIC01,CRPSGC,2037,0.4480296700000001
GLOBAL,S1D1,LNDAGRFJIC01,CRPSGC,2038,0.4484610110420001
GLOBAL,S1D1,LNDAGRFJIC01,CRPSGC,2039,0.44192544981200005
GLOBAL,S1D1,LNDAGRFJIC01,CRPSGC,2040,0.44932123891600007
GLOBAL,S1D1,LNDAGRFJIC01,CRPSGC,2042,0.44918737539500003
GLOBAL,S1D1,LNDAGRFJIC01,CRPSGC,2043,0.44912043000000007
GLOBAL,S1D1,LNDAGRFJIC01,CRPSGC,2044,0.44905596608400006
GLOBAL,S1D1,LNDAGRFJIC01,CRPSGC,2045,0.4489890479580001
GLOBAL,S1D1,LNDAGRFJIC01,CRPSGC,2046,0.448532919395
GLOBAL,S1D1,LNDAGRFJIC01,CRPSGC,2047,0.4480767635630001
GLOBAL,S1D1,LNDAGRFJIC01,CRPSGC,2048,0.44455205443000007
GLOBAL,S1D1,LNDAGRFJIC01,CRPSGC,2049,0.445630216152
GLOBAL,S1D1,LNDAGRFJIC01,CRPSGC,2050,0.44671083208400003
GLOBAL,S1D1,LNDAGRFJIC01,WTREVTFJI,2021,0.77968661721459
GLOBAL,S1D1,LNDAGRFJIC01,WTREVTFJI,2022,0.7830837269869
GLOBAL,S1D1,LNDAGRFJIC01,WTREVTFJI,2023,0.78648506454497
GLOBAL,S1D1,LNDAGRFJIC01,WTREVTFJI,2024,0.7898821984131601
GLOBAL,S1D1,LNDAGRFJIC01,WTREVTFJI,2025,0.7932793076153001
GLOBAL,S1D1,LNDAGRFJIC01,WTREVTFJI,2026,0.79584057808914
GLOBAL,S1D1,LNDAGRFJIC01,WTREVTFJI,2027,0.79840182389693
GLOBAL,S1D1,LNDAGRFJIC01,WTREVTFJI,2028,0.80096308152955
GLOBAL,S1D1,LNDAGRFJIC01,WTREVTFJI,2029,0.80352432733734
GLOBAL,S1D1,LNDAGRFJIC01,WTREVTFJI,2030,0.80608564456512
GLOBAL,S1D1,LNDAGRFJIC01,WTREVTFJI,2031,0.80783401873675
GLOBAL,S1D1,LNDAGRFJIC01,WTREVTFJI,2032,0.80958666762161
GLOBAL,S1D1,LNDAGRFJIC01,WTREVTFJI,2033,0.81133935230323
GLOBAL,S1D1,LNDAGRFJIC01,WTREVTFJI,2034,0.81309201266586
GLOBAL,S1D1,LNDAGRFJIC01,WTREVTFJI,2035,0.81484041115648
GLOBAL,S1D1,LNDAGRFJIC01,WTREVTFJI,2036,0.8156263131566799
GLOBAL,S1D1,LNDAGRFJIC01,WTREVTFJI,2037,0.81641225068095
GLOBAL,S1D1,LNDAGRFJIC01,WTREVTFJI,2038,0.8171981770001401
GLOBAL,S1D1,LNDAGRFJIC01,WTREVTFJI,2039,0.8061683537227999
GLOBAL,S1D1,LNDAGRFJIC01,WTREVTFJI,2040,0.81876580187755
GLOBAL,S1D1,LNDAGRFJIC01,WTREVTFJI,2041,0.04265913699709001
GLOBAL,S1D1,LNDAGRFJIC01,WTREVTFJI,2042,0.81852192115462
GLOBAL,S1D1,LNDAGRFJIC01,WTREVTFJI,2043,0.81840000492622
GLOBAL,S1D1,LNDAGRFJIC01,WTREVTFJI,2044,0.81828233936475
GLOBAL,S1D1,LNDAGRFJIC01,WTREVTFJI,2045,0.81816041074135
GLOBAL,S1D1,LNDAGRFJIC01,WTREVTFJI,2046,0.81732927333739
GLOBAL,S1D1,LNDAGRFJIC01,WTREVTFJI,2047,0.81649812480272
GLOBAL,S1D1,LNDAGRFJIC01,WTREVTFJI,2048,0.81046274857666
GLOBAL,S1D1,LNDAGRFJIC01,WTREVTFJI,2049,0.8122337609019199
GLOBAL,S1D1,LNDAGRFJIC01,WTREVTFJI,2050,0.8140089882213
GLOBAL,S1D1,LNDAGRFJIC01,WTRGRCFJI,2021,0.018698997421049003
GLOBAL,S1D1,LNDAGRFJIC01,WTRGRCFJI,2022,0.018780471986157402
GLOBAL,S1D1,LNDAGRFJIC01,WTRGRCFJI,2023,0.018862038820637403
GLOBAL,S1D1,LNDAGRFJIC01,WTRGRCFJI,2024,0.0189435158488802
GLOBAL,S1D1,LNDAGRFJIC01,WTRGRCFJI,2025,0.019024990374820402
GLOBAL,S1D1,LNDAGRFJIC01,WTRGRCFJI,2026,0.019086416324413
GLOBAL,S1D1,LNDAGRFJIC01,WTRGRCFJI,2027,0.019147839771703003
GLOBAL,S1D1,LNDAGRFJIC01,WTRGRCFJI,2028,0.0192092625600748
GLOBAL,S1D1,LNDAGRFJIC01,WTRGRCFJI,2029,0.0192706860073648
GLOBAL,S1D1,LNDAGRFJIC01,WTRGRCFJI,2030,0.019332112956986003
GLOBAL,S1D1,LNDAGRFJIC01,WTRGRCFJI,2031,0.019374050869316005
GLOBAL,S1D1,LNDAGRFJIC01,WTRGRCFJI,2032,0.019416081948415598
GLOBAL,S1D1,LNDAGRFJIC01,WTRGRCFJI,2033,0.019458114838176804
GLOBAL,S1D1,LNDAGRFJIC01,WTRGRCFJI,2034,0.0195001452419968
GLOBAL,S1D1,LNDAGRFJIC01,WTRGRCFJI,2035,0.019542085640268003
GLOBAL,S1D1,LNDAGRFJIC01,WTRGRCFJI,2036,0.019560929260489
GLOBAL,S1D1,LNDAGRFJIC01,WTRGRCFJI,2037,0.019579774543127402
GLOBAL,S1D1,LNDAGRFJIC01,WTRGRCFJI,2038,0.019598620649289602
GLOBAL,S1D1,LNDAGRFJIC01,WTRGRCFJI,2039,0.0193725493890918
GLOBAL,S1D1,LNDAGRFJIC01,WTRGRCFJI,2040,0.019636220556544806
GLOBAL,S1D1,LNDAGRFJIC01,WTRGRCFJI,2041,0.0028883626281106
GLOBAL,S1D1,LNDAGRFJIC01,WTRGRCFJI,2042,0.0196303737190276
GLOBAL,S1D1,LNDAGRFJIC01,WTRGRCFJI,2043,0.019627452697462
GLOBAL,S1D1,LNDAGRFJIC01,WTRGRCFJI,2044,0.019624622504969002
GLOBAL,S1D1,LNDAGRFJIC01,WTRGRCFJI,2045,0.0196216983677962
GLOBAL,S1D1,LNDAGRFJIC01,WTRGRCFJI,2046,0.019601767309930997
GLOBAL,S1D1,LNDAGRFJIC01,WTRGRCFJI,2047,0.019581836943706802
GLOBAL,S1D1,LNDAGRFJIC01,WTRGRCFJI,2048,0.019454034529118404
GLOBAL,S1D1,LNDAGRFJIC01,WTRGRCFJI,2049,0.019488041254781596
GLOBAL,S1D1,LNDAGRFJIC01,WTRGRCFJI,2050,0.019522136992410403
GLOBAL,S1D1,LNDAGRFJIC01,WTRSURFJI,2021,0.34609931816237005
GLOBAL,S1D1,LNDAGRFJIC01,WTRSURFJI,2022,0.3476073279982
GLOBAL,S1D1,LNDAGRFJIC01,WTRSURFJI,2023,0.34911704864151
GLOBAL,S1D1,LNDAGRFJIC01,WTRSURFJI,2024,0.35062510399178
GLOBAL,S1D1,LNDAGRFJIC01,WTRSURFJI,2025,0.3521331131087
GLOBAL,S1D1,LNDAGRFJIC01,WTRSURFJI,2026,0.35327004492992004
GLOBAL,S1D1,LNDAGRFJIC01,WTRSURFJI,2027,0.35440693051779004
GLOBAL,S1D1,LNDAGRFJIC01,WTRSURFJI,2028,0.35554380447914996
GLOBAL,S1D1,LNDAGRFJIC01,WTRSURFJI,2029,0.35668069006702
GLOBAL,S1D1,LNDAGRFJIC01,WTRSURFJI,2030,0.35781764043116004
GLOBAL,S1D1,LNDAGRFJIC01,WTRSURFJI,2031,0.35859386642335006
GLOBAL,S1D1,LNDAGRFJIC01,WTRSURFJI,2032,0.35937181881593
GLOBAL,S1D1,LNDAGRFJIC01,WTRSURFJI,2033,0.36014980522039
GLOBAL,S1D1,LNDAGRFJIC01,WTRSURFJI,2034,0.36092774568898006
GLOBAL,S1D1,LNDAGRFJIC01,WTRSURFJI,2035,0.36170401761704
GLOBAL,S1D1,LNDAGRFJIC01,WTRSURFJI,2036,0.36205279482034
GLOBAL,S1D1,LNDAGRFJIC01,WTRSURFJI,2037,0.36240160224265006
GLOBAL,S1D1,LNDAGRFJIC01,WTRSURFJI,2038,0.36275042538182006
GLOBAL,S1D1,LNDAGRFJIC01,WTRSURFJI,2039,0.35855654668970005
GLOBAL,S1D1,LNDAGRFJIC01,WTRSURFJI,2040,0.3634463601833501
GLOBAL,S1D1,LNDAGRFJIC01,WTRSURFJI,2041,0.05299834250647
GLOBAL,S1D1,LNDAGRFJIC01,WTRSURFJI,2042,0.36333814065305997
GLOBAL,S1D1,LNDAGRFJIC01,WTRSURFJI,2043,0.36328407465466
GLOBAL,S1D1,LNDAGRFJIC01,WTRSURFJI,2044,0.36323169291365004
GLOBAL,S1D1,LNDAGRFJIC01,WTRSURFJI,2045,0.36317756989825006
GLOBAL,S1D1,LNDAGRFJIC01,WTRSURFJI,2046,0.36280866614016993
GLOBAL,S1D1,LNDAGRFJIC01,WTRSURFJI,2047,0.36243977460355997
GLOBAL,S1D1,LNDAGRFJIC01,WTRSURFJI,2048,0.36007008407578006
GLOBAL,S1D1,LNDAGRFJIC01,WTRSURFJI,2049,0.36070161235015996
GLOBAL,S1D1,LNDAGRFJIC01,WTRSURFJI,2050,0.3613347907461
GLOBAL,S1D1,LNDAGRFJIC02,WTREVTFJI,2021,14.80734003706
GLOBAL,S1D1,LNDAGRFJIC02,WTREVTFJI,2034,14.759189973839998
GLOBAL,S1D1,LNDAGRFJIC02,WTREVTFJI,2040,14.738030394970002
GLOBAL,S1D1,LNDAGRFJIC02,WTRGRCFJI,2021,0.5400324013516
GLOBAL,S1D1,LNDAGRFJIC02,WTRGRCFJI,2034,0.5382763402224
GLOBAL,S1D1,LNDAGRFJIC02,WTRGRCFJI,2040,0.5375046379342
GLOBAL,S1D1,LNDAGRFJIC02,WTRSURFJI,2021,6.445548016132
GLOBAL,S1D1,LNDAGRFJIC02,WTRSURFJI,2034,6.4245885768479996
GLOBAL,S1D1,LNDAGRFJIC02,WTRSURFJI,2040,6.415377936634001
GLOBAL,S1D1,LNDAGRFJIC03,WTREVTFJI,2034,11.66675991165
GLOBAL,S1D1,LNDAGRFJIC03,WTREVTFJI,2040,11.66675991165
GLOBAL,S1D1,LNDAGRFJIC03,WTRGRCFJI,2034,0.380704797117
GLOBAL,S1D1,LNDAGRFJIC03,WTRGRCFJI,2040,0.380704797117
GLOBAL,S1D1,LNDAGRFJIC03,WTRSURFJI,2034,4.54389596559
GLOBAL,S1D1,LNDAGRFJIC03,WTRSURFJI,2040,4.54389596559
GLOBAL,S1D1,LNDAGRFJIC04,CRPCON,2021,0.005374348104538
GLOBAL,S1D1,LNDAGRFJIC04,CRPCON,2022,0.005397774637185
GLOBAL,S1D1,LNDAGRFJIC04,CRPCON,2023,0.0054212011698320005
GLOBAL,S1D1,LNDAGRFJIC04,CRPCON,2024,0.005444627702479
GLOBAL,S1D1,LNDAGRFJIC04,CRPCON,2025,0.005468054235126
GLOBAL,S1D1,LNDAGRFJIC04,CRPCON,2026,0.005485704700252001
GLOBAL,S1D1,LNDAGRFJIC04,CRPCON,2027,0.005503355165378
GLOBAL,S1D1,LNDAGRFJIC04,CRPCON,2028,0.0055210056305039995
GLOBAL,S1D1,LNDAGRFJIC04,CRPCON,2029,0.005538656217101001
GLOBAL,S1D1,LNDAGRFJIC04,CRPCON,2030,0.005556306682227
GLOBAL,S1D1,LNDAGRFJIC04,CRPCON,2031,0.005568379320504
GLOBAL,S1D1,LNDAGRFJIC04,CRPCON,2032,0.005580452080252
GLOBAL,S1D1,LNDAGRFJIC04,CRPCON,2033,0.00559252484
GLOBAL,S1D1,LNDAGRFJIC04,CRPCON,2034,0.005604597599748001
GLOBAL,S1D1,LNDAGRFJIC04,CRPCON,2035,0.0056166703594960005
GLOBAL,S1D1,LNDAGRFJIC04,CRPCON,2036,0.005622074482815
GLOBAL,S1D1,LNDAGRFJIC04,CRPCON,2037,0.005627503507689001
GLOBAL,S1D1,LNDAGRFJIC04,CRPCON,2038,0.0056329077524790005
GLOBAL,S1D1,LNDAGRFJIC04,CRPCON,2039,0.005667142774706001
GLOBAL,S1D1,LNDAGRFJIC04,CRPCON,2040,0.0056437162420590005
GLOBAL,S1D1,LNDAGRFJIC04,CRPCON,2041,0.00564287335479
GLOBAL,S1D1,LNDAGRFJIC04,CRPCON,2042,0.005642055247605001
GLOBAL,S1D1,LNDAGRFJIC04,CRPCON,2043,0.005641212360336
GLOBAL,S1D1,LNDAGRFJIC04,CRPCON,2044,0.005640369594538
GLOBAL,S1D1,LNDAGRFJIC04,CRPCON,2045,0.005639526707269
GLOBAL,S1D1,LNDAGRFJIC04,CRPCON,2046,0.0056338249799999995
GLOBAL,S1D1,LNDAGRFJIC04,CRPCON,2047,0.005628098472647
GLOBAL,S1D1,LNDAGRFJIC04,CRPCON,2048,0.005635064470084
GLOBAL,S1D1,LNDAGRFJIC04,CRPCON,2049,0.005622991710336
GLOBAL,S1D1,LNDAGRFJIC04,CRPCON,2050,0.005610919072059
GLOBAL,S1D1,LNDAGRFJIC04,CRPSGC,2041,0.449254293521
GLOBAL,S1D1,LNDAGRFJIC04,CRPYAM,2021,0.013360248195294
GLOBAL,S1D1,LNDAGRFJIC04,CRPYAM,2022,0.013418479935042
GLOBAL,S1D1,LNDAGRFJIC04,CRPYAM,2023,0.01347673648958
GLOBAL,S1D1,LNDAGRFJIC04,CRPYAM,2024,0.013534968229328
GLOBAL,S1D1,LNDAGRFJIC04,CRPYAM,2025,0.013593199969076
GLOBAL,S1D1,LNDAGRFJIC04,CRPYAM,2026,0.013637078157521
GLOBAL,S1D1,LNDAGRFJIC04,CRPYAM,2027,0.013680956571555
GLOBAL,S1D1,LNDAGRFJIC04,CRPYAM,2028,0.01372483476
GLOBAL,S1D1,LNDAGRFJIC04,CRPYAM,2029,0.013768688359244
GLOBAL,S1D1,LNDAGRFJIC04,CRPYAM,2030,0.013812566547689
GLOBAL,S1D1,LNDAGRFJIC04,CRPYAM,2031,0.013842587255042
GLOBAL,S1D1,LNDAGRFJIC04,CRPYAM,2032,0.013872607962395
GLOBAL,S1D1,LNDAGRFJIC04,CRPYAM,2033,0.013902628669748
GLOBAL,S1D1,LNDAGRFJIC04,CRPYAM,2034,0.013932649377101
GLOBAL,S1D1,LNDAGRFJIC04,CRPYAM,2035,0.013962645269664
GLOBAL,S1D1,LNDAGRFJIC04,CRPYAM,2036,0.013976106165294001
GLOBAL,S1D1,LNDAGRFJIC04,CRPYAM,2037,0.013989542471723002
GLOBAL,S1D1,LNDAGRFJIC04,CRPYAM,2038,0.014002978552563002
GLOBAL,S1D1,LNDAGRFJIC04,CRPYAM,2039,0.01408810749437
GLOBAL,S1D1,LNDAGRFJIC04,CRPYAM,2040,0.014029875754622001
GLOBAL,S1D1,LNDAGRFJIC04,CRPYAM,2041,0.014027793342563
GLOBAL,S1D1,LNDAGRFJIC04,CRPYAM,2042,0.014025710930504
GLOBAL,S1D1,LNDAGRFJIC04,CRPYAM,2043,0.014023653333235
GLOBAL,S1D1,LNDAGRFJIC04,CRPYAM,2044,0.014021571146765001
GLOBAL,S1D1,LNDAGRFJIC04,CRPYAM,2045,0.014019488734706001
GLOBAL,S1D1,LNDAGRFJIC04,CRPYAM,2046,0.014005259257353
GLOBAL,S1D1,LNDAGRFJIC04,CRPYAM,2047,0.01399102978
GLOBAL,S1D1,LNDAGRFJIC04,CRPYAM,2048,0.014008357947857002
GLOBAL,S1D1,LNDAGRFJIC04,CRPYAM,2049,0.013978337240504
GLOBAL,S1D1,LNDAGRFJIC04,CRPYAM,2050,0.013948341347941002
GLOBAL,S1D1,LNDAGRFJIC04,WTREVTFJI,2021,0.024662523617542002
GLOBAL,S1D1,LNDAGRFJIC04,WTREVTFJI,2022,0.024770020958115
GLOBAL,S1D1,LNDAGRFJIC04,WTREVTFJI,2023,0.024877545567688
GLOBAL,S1D1,LNDAGRFJIC04,WTREVTFJI,2024,0.024985042908261
GLOBAL,S1D1,LNDAGRFJIC04,WTREVTFJI,2025,0.025092540248834
GLOBAL,S1D1,LNDAGRFJIC04,WTREVTFJI,2026,0.025173537473568
GLOBAL,S1D1,LNDAGRFJIC04,WTREVTFJI,2027,0.025254534946202
GLOBAL,S1D1,LNDAGRFJIC04,WTREVTFJI,2028,0.025335532170936002
GLOBAL,S1D1,LNDAGRFJIC04,WTREVTFJI,2029,0.025416502600159003
GLOBAL,S1D1,LNDAGRFJIC04,WTREVTFJI,2030,0.025497499824893
GLOBAL,S1D1,LNDAGRFJIC04,WTREVTFJI,2031,0.025552910227136003
GLOBAL,S1D1,LNDAGRFJIC04,WTREVTFJI,2032,0.025608320854968
GLOBAL,S1D1,LNDAGRFJIC04,WTREVTFJI,2033,0.0256637314828
GLOBAL,S1D1,LNDAGRFJIC04,WTREVTFJI,2034,2.3642182349556324
GLOBAL,S1D1,LNDAGRFJIC04,WTREVTFJI,2035,0.025774525469464002
GLOBAL,S1D1,LNDAGRFJIC04,WTREVTFJI,2036,0.025799353891485
GLOBAL,S1D1,LNDAGRFJIC04,WTREVTFJI,2037,0.025824201538151
GLOBAL,S1D1,LNDAGRFJIC04,WTREVTFJI,2038,0.025849002916761003
GLOBAL,S1D1,LNDAGRFJIC04,WTREVTFJI,2039,0.026006130531454
GLOBAL,S1D1,LNDAGRFJIC04,WTREVTFJI,2040,0.025898633190881003
GLOBAL,S1D1,LNDAGRFJIC04,WTREVTFJI,2041,0.51599037239591
GLOBAL,S1D1,LNDAGRFJIC04,WTREVTFJI,2042,0.025890971757095003
GLOBAL,S1D1,LNDAGRFJIC04,WTREVTFJI,2043,0.025887145299124004
GLOBAL,S1D1,LNDAGRFJIC04,WTREVTFJI,2044,0.025883292045642
GLOBAL,S1D1,LNDAGRFJIC04,WTREVTFJI,2045,0.025879438318671
GLOBAL,S1D1,LNDAGRFJIC04,WTREVTFJI,2046,0.0258532126083
GLOBAL,S1D1,LNDAGRFJIC04,WTREVTFJI,2047,0.025826940877773
GLOBAL,S1D1,LNDAGRFJIC04,WTREVTFJI,2048,0.025858919672856
GLOBAL,S1D1,LNDAGRFJIC04,WTREVTFJI,2049,0.025803509045024
GLOBAL,S1D1,LNDAGRFJIC04,WTREVTFJI,2050,0.025748125911781
GLOBAL,S1D1,LNDAGRFJIC04,WTRGRCFJI,2021,0.0014912206184386
GLOBAL,S1D1,LNDAGRFJIC04,WTRGRCFJI,2022,0.0014977204743837
GLOBAL,S1D1,LNDAGRFJIC04,WTRGRCFJI,2023,0.0015042218573928
GLOBAL,S1D1,LNDAGRFJIC04,WTRGRCFJI,2024,0.0015107217133379
GLOBAL,S1D1,LNDAGRFJIC04,WTRGRCFJI,2025,0.001517221569283
GLOBAL,S1D1,LNDAGRFJIC04,WTRGRCFJI,2026,0.0015221190682964
GLOBAL,S1D1,LNDAGRFJIC04,WTRGRCFJI,2027,0.0015270165811922
GLOBAL,S1D1,LNDAGRFJIC04,WTRGRCFJI,2028,0.0015319140802056
GLOBAL,S1D1,LNDAGRFJIC04,WTRGRCFJI,2029,0.0015368100811593002
GLOBAL,S1D1,LNDAGRFJIC04,WTRGRCFJI,2030,0.0015417075801727
GLOBAL,S1D1,LNDAGRFJIC04,WTRGRCFJI,2031,0.0015450579285928
GLOBAL,S1D1,LNDAGRFJIC04,WTRGRCFJI,2032,0.0015484082921348
GLOBAL,S1D1,LNDAGRFJIC04,WTRGRCFJI,2033,0.0015517586556768
GLOBAL,S1D1,LNDAGRFJIC04,WTRGRCFJI,2034,0.0732690811997988
GLOBAL,S1D1,LNDAGRFJIC04,WTRGRCFJI,2035,0.0015584578556968
GLOBAL,S1D1,LNDAGRFJIC04,WTRGRCFJI,2036,0.0015599589767139
GLOBAL,S1D1,LNDAGRFJIC04,WTRGRCFJI,2037,0.0015614616845389
GLOBAL,S1D1,LNDAGRFJIC04,WTRGRCFJI,2038,0.0015629612936139
GLOBAL,S1D1,LNDAGRFJIC04,WTRGRCFJI,2039,0.0015724619086554003
GLOBAL,S1D1,LNDAGRFJIC04,WTRGRCFJI,2040,0.0015659620527103
GLOBAL,S1D1,LNDAGRFJIC04,WTRGRCFJI,2041,0.0203527267024718
GLOBAL,S1D1,LNDAGRFJIC04,WTRGRCFJI,2042,0.0015654989789809
GLOBAL,S1D1,LNDAGRFJIC04,WTRGRCFJI,2043,0.0015652674267464001
GLOBAL,S1D1,LNDAGRFJIC04,WTRGRCFJI,2044,0.0015650343764522
GLOBAL,S1D1,LNDAGRFJIC04,WTRGRCFJI,2045,0.0015648012971536999
GLOBAL,S1D1,LNDAGRFJIC04,WTRGRCFJI,2046,0.0015632158301447999
GLOBAL,S1D1,LNDAGRFJIC04,WTRGRCFJI,2047,0.0015616272782683002
GLOBAL,S1D1,LNDAGRFJIC04,WTRGRCFJI,2048,0.0015635608226588
GLOBAL,S1D1,LNDAGRFJIC04,WTRGRCFJI,2049,0.0015602104591168
GLOBAL,S1D1,LNDAGRFJIC04,WTRGRCFJI,2050,0.0015568616377607
GLOBAL,S1D1,LNDAGRFJIC04,WTRSURFJI,2021,0.02674645451522
GLOBAL,S1D1,LNDAGRFJIC04,WTRSURFJI,2022,0.026863035613350003
GLOBAL,S1D1,LNDAGRFJIC04,WTRSURFJI,2023,0.02697964398048
GLOBAL,S1D1,LNDAGRFJIC04,WTRSURFJI,2024,0.027096225078610002
GLOBAL,S1D1,LNDAGRFJIC04,WTRSURFJI,2025,0.027212806176740004
GLOBAL,S1D1,LNDAGRFJIC04,WTRSURFJI,2026,0.027300647459380004
GLOBAL,S1D1,LNDAGRFJIC04,WTRSURFJI,2027,0.027388488989920003
GLOBAL,S1D1,LNDAGRFJIC04,WTRSURFJI,2028,0.027476330272560003
GLOBAL,S1D1,LNDAGRFJIC04,WTRSURFJI,2029,0.02756414480679
GLOBAL,S1D1,LNDAGRFJIC04,WTRSURFJI,2030,0.02765198608943
GLOBAL,S1D1,LNDAGRFJIC04,WTRSURFJI,2031,0.02771207771876
GLOBAL,S1D1,LNDAGRFJIC04,WTRSURFJI,2032,0.027772169620780003
GLOBAL,S1D1,LNDAGRFJIC04,WTRSURFJI,2033,0.0278322615228
GLOBAL,S1D1,LNDAGRFJIC04,WTRSURFJI,2034,0.8853420208013201
GLOBAL,S1D1,LNDAGRFJIC04,WTRSURFJI,2035,0.027952418057840003
GLOBAL,S1D1,LNDAGRFJIC04,WTRSURFJI,2036,0.02797934195625
GLOBAL,S1D1,LNDAGRFJIC04,WTRSURFJI,2037,0.028006294735010005
GLOBAL,S1D1,LNDAGRFJIC04,WTRSURFJI,2038,0.028033191637110003
GLOBAL,S1D1,LNDAGRFJIC04,WTRSURFJI,2039,0.02820359405634
GLOBAL,S1D1,LNDAGRFJIC04,WTRSURFJI,2040,0.02808701295821
GLOBAL,S1D1,LNDAGRFJIC04,WTRSURFJI,2041,0.3752338773909
GLOBAL,S1D1,LNDAGRFJIC04,WTRSURFJI,2042,0.028078707465350003
GLOBAL,S1D1,LNDAGRFJIC04,WTRSURFJI,2043,0.028074554173540003
GLOBAL,S1D1,LNDAGRFJIC04,WTRSURFJI,2044,0.028070374133320003
GLOBAL,S1D1,LNDAGRFJIC04,WTRSURFJI,2045,0.02806619357251
GLOBAL,S1D1,LNDAGRFJIC04,WTRSURFJI,2046,0.0280377569883
GLOBAL,S1D1,LNDAGRFJIC04,WTRSURFJI,2047,0.02800926477533
GLOBAL,S1D1,LNDAGRFJIC04,WTRSURFJI,2048,0.02804394467146
GLOBAL,S1D1,LNDAGRFJIC04,WTRSURFJI,2049,0.02798385276944
GLOBAL,S1D1,LNDAGRFJIC04,WTRSURFJI,2050,0.02792378840911
GLOBAL,S1D1,LNDCASHRTOT,LCASHRTOT,2021,0.0181852357497
GLOBAL,S1D1,LNDCASHRTOT,LCASHRTOT,2022,0.0182645131781
GLOBAL,S1D1,LNDCASHRTOT,LCASHRTOT,2023,0.018343765320700003
GLOBAL,S1D1,LNDCASHRTOT,LCASHRTOT,2024,0.0184230427491
GLOBAL,S1D1,LNDCASHRTOT,LCASHRTOT,2025,0.0185023199296
GLOBAL,S1D1,LNDCASHRTOT,LCASHRTOT,2026,0.0185620437497
GLOBAL,S1D1,LNDCASHRTOT,LCASHRTOT,2027,0.0186217673219
GLOBAL,S1D1,LNDCASHRTOT,LCASHRTOT,2028,0.0186814658562
GLOBAL,S1D1,LNDCASHRTOT,LCASHRTOT,2029,0.0187411894284
GLOBAL,S1D1,LNDCASHRTOT,LCASHRTOT,2030,0.0188009130006
GLOBAL,S1D1,LNDCASHRTOT,LCASHRTOT,2031,0.018841765929000002
GLOBAL,S1D1,LNDCASHRTOT,LCASHRTOT,2032,0.0188826441432
GLOBAL,S1D1,LNDCASHRTOT,LCASHRTOT,2033,0.0189234970716
GLOBAL,S1D1,LNDCASHRTOT,LCASHRTOT,2034,0.01896435
GLOBAL,S1D1,LNDCASHRTOT,LCASHRTOT,2035,0.019005202928399998
GLOBAL,S1D1,LNDCASHRTOT,LCASHRTOT,2036,0.019023491750900002
GLOBAL,S1D1,LNDCASHRTOT,LCASHRTOT,2037,0.0190418061071
GLOBAL,S1D1,LNDCASHRTOT,LCASHRTOT,2038,0.0190600949296
GLOBAL,S1D1,LNDCASHRTOT,LCASHRTOT,2039,0.019175975536700002
GLOBAL,S1D1,LNDCASHRTOT,LCASHRTOT,2040,0.019096698356200002
GLOBAL,S1D1,LNDCASHRTOT,LCASHRTOT,2041,0.019093865107100004
GLOBAL,S1D1,LNDCASHRTOT,LCASHRTOT,2042,0.019091031858000002
GLOBAL,S1D1,LNDCASHRTOT,LCASHRTOT,2043,0.0190882241426
GLOBAL,S1D1,LNDCASHRTOT,LCASHRTOT,2044,0.0190853908935
GLOBAL,S1D1,LNDCASHRTOT,LCASHRTOT,2045,0.0190825578923
GLOBAL,S1D1,LNDCASHRTOT,LCASHRTOT,2046,0.0190631810367
GLOBAL,S1D1,LNDCASHRTOT,LCASHRTOT,2047,0.0190438297148
GLOBAL,S1D1,LNDCASHRTOT,LCASHRTOT,2048,0.0190674307864
GLOBAL,S1D1,LNDCASHRTOT,LCASHRTOT,2049,0.019026577858
GLOBAL,S1D1,LNDCASHRTOT,LCASHRTOT,2050,0.0189857249296
GLOBAL,S1D1,LNDCONHRTOT,LCONHRTOT,2021,0.0109680573562
GLOBAL,S1D1,LNDCONHRTOT,LCONHRTOT,2022,0.0110158666065
GLOBAL,S1D1,LNDCONHRTOT,LCONHRTOT,2023,0.011063675856800001
GLOBAL,S1D1,LNDCONHRTOT,LCONHRTOT,2024,0.0111114851071
GLOBAL,S1D1,LNDCONHRTOT,LCONHRTOT,2025,0.0111592943574
GLOBAL,S1D1,LNDCONHRTOT,LCONHRTOT,2026,0.011195315714800001
GLOBAL,S1D1,LNDCONHRTOT,LCONHRTOT,2027,0.0112313370722
GLOBAL,S1D1,LNDCONHRTOT,LCONHRTOT,2028,0.0112673584296
GLOBAL,S1D1,LNDCONHRTOT,LCONHRTOT,2029,0.011303380034900001
GLOBAL,S1D1,LNDCONHRTOT,LCONHRTOT,2030,0.0113394013923
GLOBAL,S1D1,LNDCONHRTOT,LCONHRTOT,2031,0.0113640394296
GLOBAL,S1D1,LNDCONHRTOT,LCONHRTOT,2032,0.0113886777148
GLOBAL,S1D1,LNDCONHRTOT,LCONHRTOT,2033,0.011413316
GLOBAL,S1D1,LNDCONHRTOT,LCONHRTOT,2034,0.011437954285200001
GLOBAL,S1D1,LNDCONHRTOT,LCONHRTOT,2035,0.0114625925704
GLOBAL,S1D1,LNDCONHRTOT,LCONHRTOT,2036,0.0114736213935
GLOBAL,S1D1,LNDCONHRTOT,LCONHRTOT,2037,0.011484701036100001
GLOBAL,S1D1,LNDCONHRTOT,LCONHRTOT,2038,0.011495730107100002
GLOBAL,S1D1,LNDCONHRTOT,LCONHRTOT,2039,0.011565597499400001
GLOBAL,S1D1,LNDCONHRTOT,LCONHRTOT,2040,0.0115177882491
GLOBAL,S1D1,LNDCONHRTOT,LCONHRTOT,2041,0.011516068071
GLOBAL,S1D1,LNDCONHRTOT,LCONHRTOT,2042,0.011514398464500001
GLOBAL,S1D1,LNDCONHRTOT,LCONHRTOT,2043,0.011512678286400001
GLOBAL,S1D1,LNDCONHRTOT,LCONHRTOT,2044,0.0115109583562
GLOBAL,S1D1,LNDCONHRTOT,LCONHRTOT,2045,0.0115092381781
GLOBAL,S1D1,LNDCONHRTOT,LCONHRTOT,2046,0.011497601999999999
GLOBAL,S1D1,LNDCONHRTOT,LCONHRTOT,2047,0.0114859152503
GLOBAL,S1D1,LNDCONHRTOT,LCONHRTOT,2048,0.0115001315716
GLOBAL,S1D1,LNDCONHRTOT,LCONHRTOT,2049,0.0114754932864
GLOBAL,S1D1,LNDCONHRTOT,LCONHRTOT,2050,0.0114508552491
GLOBAL,S1D1,LNDFORTOT,LFORTOT,2021,8.7102000218
GLOBAL,S1D1,LNDFORTOT,LFORTOT,2034,16.381275878300002
GLOBAL,S1D1,LNDFORTOT,LFORTOT,2040,14.8098295976
GLOBAL,S1D1,LNDOTHHRTOT,LOTHHRTOT,2021,0.0168553137289
GLOBAL,S1D1,LNDOTHHRTOT,LOTHHRTOT,2022,0.016928767738399998
GLOBAL,S1D1,LNDOTHHRTOT,LOTHHRTOT,2023,0.0170022485211
GLOBAL,S1D1,LNDOTHHRTOT,LOTHHRTOT,2024,0.0170757293038
GLOBAL,S1D1,LNDOTHHRTOT,LOTHHRTOT,2025,0.0171491830654
GLOBAL,S1D1,LNDOTHHRTOT,LOTHHRTOT,2026,0.0172045564884
GLOBAL,S1D1,LNDOTHHRTOT,LOTHHRTOT,2027,0.0172599028903
GLOBAL,S1D1,LNDOTHHRTOT,LOTHHRTOT,2028,0.017315249044300002
GLOBAL,S1D1,LNDOTHHRTOT,LOTHHRTOT,2029,0.017370595446200003
GLOBAL,S1D1,LNDOTHHRTOT,LOTHHRTOT,2030,0.017425968869200004
GLOBAL,S1D1,LNDOTHHRTOT,LOTHHRTOT,2031,0.017463827413500003
GLOBAL,S1D1,LNDOTHHRTOT,LOTHHRTOT,2032,0.0175016862057
GLOBAL,S1D1,LNDOTHHRTOT,LOTHHRTOT,2033,0.0175395717711
GLOBAL,S1D1,LNDOTHHRTOT,LOTHHRTOT,2034,0.017577430315400003
GLOBAL,S1D1,LNDOTHHRTOT,LOTHHRTOT,2035,0.017615315880800002
GLOBAL,S1D1,LNDOTHHRTOT,LOTHHRTOT,2036,0.0176322648038
GLOBAL,S1D1,LNDOTHHRTOT,LOTHHRTOT,2037,0.0176492134789
GLOBAL,S1D1,LNDOTHHRTOT,LOTHHRTOT,2038,0.017666189423000002
GLOBAL,S1D1,LNDOTHHRTOT,LOTHHRTOT,2039,0.0177735678038
GLOBAL,S1D1,LNDOTHHRTOT,LOTHHRTOT,2040,0.0177001137943
GLOBAL,S1D1,LNDOTHHRTOT,LOTHHRTOT,2041,0.0176974731635
GLOBAL,S1D1,LNDOTHHRTOT,LOTHHRTOT,2042,0.0176948595538
GLOBAL,S1D1,LNDOTHHRTOT,LOTHHRTOT,2043,0.0176922456962
GLOBAL,S1D1,LNDOTHHRTOT,LOTHHRTOT,2044,0.0176896320865
GLOBAL,S1D1,LNDOTHHRTOT,LOTHHRTOT,2045,0.0176869914557
GLOBAL,S1D1,LNDOTHHRTOT,LOTHHRTOT,2046,0.0176690454789
GLOBAL,S1D1,LNDOTHHRTOT,LOTHHRTOT,2047,0.01765109975
GLOBAL,S1D1,LNDOTHHRTOT,LOTHHRTOT,2048,0.017673006673
GLOBAL,S1D1,LNDOTHHRTOT,LOTHHRTOT,2049,0.0176351478808
GLOBAL,S1D1,LNDOTHHRTOT,LOTHHRTOT,2050,0.0175972623154
GLOBAL,S1D1,LNDSGCHRTOT,LSGCHRTOT,2021,0.38897763411
GLOBAL,S1D1,LNDSGCHRTOT,LSGCHRTOT,2022,0.39067237767
GLOBAL,S1D1,LNDSGCHRTOT,LSGCHRTOT,2023,0.39236935233000003
GLOBAL,S1D1,LNDSGCHRTOT,LSGCHRTOT,2024,0.39406409589
GLOBAL,S1D1,LNDSGCHRTOT,LSGCHRTOT,2025,0.39575883945
GLOBAL,S1D1,LNDSGCHRTOT,LSGCHRTOT,2026,0.39703664
GLOBAL,S1D1,LNDSGCHRTOT,LSGCHRTOT,2027,0.39831444055000004
GLOBAL,S1D1,LNDSGCHRTOT,LSGCHRTOT,2028,0.39959226589
GLOBAL,S1D1,LNDSGCHRTOT,LSGCHRTOT,2029,0.40087006644
GLOBAL,S1D1,LNDSGCHRTOT,LSGCHRTOT,2030,0.40214789178000004
GLOBAL,S1D1,LNDSGCHRTOT,LSGCHRTOT,2031,0.40302005356000004
GLOBAL,S1D1,LNDSGCHRTOT,LSGCHRTOT,2032,0.40389444644
GLOBAL,S1D1,LNDSGCHRTOT,LSGCHRTOT,2033,0.40476886411
GLOBAL,S1D1,LNDSGCHRTOT,LSGCHRTOT,2034,0.40564328178000003
GLOBAL,S1D1,LNDSGCHRTOT,LSGCHRTOT,2035,0.40651544356
GLOBAL,S1D1,LNDSGCHRTOT,LSGCHRTOT,2036,0.40690757178
GLOBAL,S1D1,LNDSGCHRTOT,LSGCHRTOT,2037,0.40729970000000004
GLOBAL,S1D1,LNDSGCHRTOT,LSGCHRTOT,2038,0.40769182822000005
GLOBAL,S1D1,LNDSGCHRTOT,LSGCHRTOT,2039,0.40175040892
GLOBAL,S1D1,LNDSGCHRTOT,LSGCHRTOT,2040,0.40847385356000004
GLOBAL,S1D1,LNDSGCHRTOT,LSGCHRTOT,2041,0.40841299411
GLOBAL,S1D1,LNDSGCHRTOT,LSGCHRTOT,2042,0.40835215945
GLOBAL,S1D1,LNDSGCHRTOT,LSGCHRTOT,2043,0.4082913
GLOBAL,S1D1,LNDSGCHRTOT,LSGCHRTOT,2044,0.40823269644000004
GLOBAL,S1D1,LNDSGCHRTOT,LSGCHRTOT,2045,0.40817186178000003
GLOBAL,S1D1,LNDSGCHRTOT,LSGCHRTOT,2046,0.40775719945
GLOBAL,S1D1,LNDSGCHRTOT,LSGCHRTOT,2047,0.40734251233
GLOBAL,S1D1,LNDSGCHRTOT,LSGCHRTOT,2048,0.40413823130000004
GLOBAL,S1D1,LNDSGCHRTOT,LSGCHRTOT,2049,0.40511837831999997
GLOBAL,S1D1,LNDSGCHRTOT,LSGCHRTOT,2050,0.40610075644
GLOBAL,S1D1,LNDYAMHRTOT,LYAMHRTOT,2021,0.0146815914234
GLOBAL,S1D1,LNDYAMHRTOT,LYAMHRTOT,2022,0.0147455823462
GLOBAL,S1D1,LNDYAMHRTOT,LYAMHRTOT,2023,0.014809600538
GLOBAL,S1D1,LNDYAMHRTOT,LYAMHRTOT,2024,0.0148735914608
GLOBAL,S1D1,LNDYAMHRTOT,LYAMHRTOT,2025,0.0149375823836
GLOBAL,S1D1,LNDYAMHRTOT,LYAMHRTOT,2026,0.0149858001731
GLOBAL,S1D1,LNDYAMHRTOT,LYAMHRTOT,2027,0.0150340182105
GLOBAL,S1D1,LNDYAMHRTOT,LYAMHRTOT,2028,0.015082236
GLOBAL,S1D1,LNDYAMHRTOT,LYAMHRTOT,2029,0.0151304267684
GLOBAL,S1D1,LNDYAMHRTOT,LYAMHRTOT,2030,0.0151786445579
GLOBAL,S1D1,LNDYAMHRTOT,LYAMHRTOT,2031,0.0152116343462
GLOBAL,S1D1,LNDYAMHRTOT,LYAMHRTOT,2032,0.0152446241345
GLOBAL,S1D1,LNDYAMHRTOT,LYAMHRTOT,2033,0.0152776139228
GLOBAL,S1D1,LNDYAMHRTOT,LYAMHRTOT,2034,0.015310603711099999
GLOBAL,S1D1,LNDYAMHRTOT,LYAMHRTOT,2035,0.0153435662304
GLOBAL,S1D1,LNDYAMHRTOT,LYAMHRTOT,2036,0.0153583584234
GLOBAL,S1D1,LNDYAMHRTOT,LYAMHRTOT,2037,0.015373123595300001
GLOBAL,S1D1,LNDYAMHRTOT,LYAMHRTOT,2038,0.015387888519300001
GLOBAL,S1D1,LNDYAMHRTOT,LYAMHRTOT,2039,0.015481436807000001
GLOBAL,S1D1,LNDYAMHRTOT,LYAMHRTOT,2040,0.0154174458842
GLOBAL,S1D1,LNDYAMHRTOT,LYAMHRTOT,2041,0.015415157519300001
GLOBAL,S1D1,LNDYAMHRTOT,LYAMHRTOT,2042,0.0154128691544
GLOBAL,S1D1,LNDYAMHRTOT,LYAMHRTOT,2043,0.015410608058500001
GLOBAL,S1D1,LNDYAMHRTOT,LYAMHRTOT,2044,0.015408319941500001
GLOBAL,S1D1,LNDYAMHRTOT,LYAMHRTOT,2045,0.015406031576600001
GLOBAL,S1D1,LNDYAMHRTOT,LYAMHRTOT,2046,0.0153903947883
GLOBAL,S1D1,LNDYAMHRTOT,LYAMHRTOT,2047,0.015374758
GLOBAL,S1D1,LNDYAMHRTOT,LYAMHRTOT,2048,0.015393799942700001
GLOBAL,S1D1,LNDYAMHRTOT,LYAMHRTOT,2049,0.0153608101544
GLOBAL,S1D1,LNDYAMHRTOT,LYAMHRTOT,2050,0.0153278476351
GLOBAL,S1D1,MINCOGINT,COGINT,2026,11.8425013036
GLOBAL,S1D1,MINCOGINT,COGINT,2034,3.4032787886
GLOBAL,S1D1,MINGASINT,GASINT,2024,11.8513835606
GLOBAL,S1D1,MINLNDTOT,LTOT,2021,9.159867815
GLOBAL,S1D1,MINLNDTOT,LTOT,2022,0.45162709564000003
GLOBAL,S1D1,MINLNDTOT,LTOT,2023,0.45358865397000003
GLOBAL,S1D1,MINLNDTOT,LTOT,2024,0.45554793162
GLOBAL,S1D1,MINLNDTOT,LTOT,2025,0.45750720927
GLOBAL,S1D1,MINLNDTOT,LTOT,2026,0.45898434621
GLOBAL,S1D1,MINLNDTOT,LTOT,2027,0.46046148315
GLOBAL,S1D1,MINLNDTOT,LTOT,2028,0.46193857051000003
GLOBAL,S1D1,MINLNDTOT,LTOT,2029,0.46341565787
GLOBAL,S1D1,MINLNDTOT,LTOT,2030,0.4648928196
GLOBAL,S1D1,MINLNDTOT,LTOT,2031,0.46590130159000004
GLOBAL,S1D1,MINLNDTOT,LTOT,2032,0.46691208905
GLOBAL,S1D1,MINLNDTOT,LTOT,2033,0.46792287651000003
GLOBAL,S1D1,MINLNDTOT,LTOT,2034,16.8502094679
GLOBAL,S1D1,MINLNDTOT,LTOT,2035,0.46994212117000006
GLOBAL,S1D1,MINLNDTOT,LTOT,2036,0.47039530716000005
GLOBAL,S1D1,MINLNDTOT,LTOT,2037,0.47084854273000004
GLOBAL,S1D1,MINLNDTOT,LTOT,2038,0.47130172872000003
GLOBAL,S1D1,MINLNDTOT,LTOT,2039,0.46574698384
GLOBAL,S1D1,MINLNDTOT,LTOT,2040,15.282035467200002
GLOBAL,S1D1,MINLNDTOT,LTOT,2041,0.47213556516
GLOBAL,S1D1,MINLNDTOT,LTOT,2042,0.47206531030000004
GLOBAL,S1D1,MINLNDTOT,LTOT,2043,0.47199505544000003
GLOBAL,S1D1,MINLNDTOT,LTOT,2044,0.47192700689000006
GLOBAL,S1D1,MINLNDTOT,LTOT,2045,0.47185667766000006
GLOBAL,S1D1,MINLNDTOT,LTOT,2046,0.47137741259
GLOBAL,S1D1,MINLNDTOT,LTOT,2047,0.47089812273000003
GLOBAL,S1D1,MINLNDTOT,LTOT,2048,0.46777259953
GLOBAL,S1D1,MINLNDTOT,LTOT,2049,0.46861640155000006
GLOBAL,S1D1,MINLNDTOT,LTOT,2050,0.46946245946
GLOBAL,S1D1,MINOILINT,OILINT,2028,0.03642288103
GLOBAL,S1D1,MINOILINT,OILINT,2029,0.16620288167500002
GLOBAL,S1D1,MINOILINT,OILINT,2030,0.29598288232
GLOBAL,S1D1,MINOILINT,OILINT,2031,0.43441487805
GLOBAL,S1D1,MINOILINT,OILINT,2032,0.53020266956
GLOBAL,S1D1,MINOILINT,OILINT,2033,1.1595322940500001
GLOBAL,S1D1,MINOILINT,OILINT,2034,0.4984786586600001
GLOBAL,S1D1,MINOILINT,OILINT,2035,1.1595322940500001
GLOBAL,S1D1,MINOILINT,OILINT,2036,0.46483200973
GLOBAL,S1D1,MINOILINT,OILINT,2037,1.1595322940500001
GLOBAL,S1D1,MINOILINT,OILINT,2038,1.1595322940500001
GLOBAL,S1D1,MINOILINT,OILINT,2039,1.1595322940500001
GLOBAL,S1D1,MINOILINT,OILINT,2040,0.35596823692
GLOBAL,S1D1,MINOILINT,OILINT,2041,0.164226268378
GLOBAL,S1D1,MINPETINT,PETINT,2032,1.41276782096
GLOBAL,S1D1,MINPETINT,PETINT,2033,0.93520418782
GLOBAL,S1D1,MINPETINT,PETINT,2034,1.68548414794
GLOBAL,S1D1,MINPETINT,PETINT,2035,1.0156165272100002
GLOBAL,S1D1,MINPETINT,PETINT,2036,1.68548414794
GLOBAL,S1D1,MINPETINT,PETINT,2037,0.9794405297900001
GLOBAL,S1D1,MINPETINT,PETINT,2038,0.96230451666
GLOBAL,S1D1,MINPETINT,PETINT,2039,0.9680489794100001
GLOBAL,S1D1,MINPETINT,PETINT,2040,1.68548414794
GLOBAL,S1D1,MINPETINT,PETINT,2041,1.68548414794
GLOBAL,S1D1,MINPETINT,PETINT,2042,1.68548414794
GLOBAL,S1D1,MINPETINT,PETINT,2043,1.38951886652
GLOBAL,S1D1,MINPETINT,PETINT,2044,1.1216656682100001
GLOBAL,S1D1,MINPETINT,PETINT,2045,0.78300489206
GLOBAL,S1D1,MINPETINT,PETINT,2046,0.8836700417000001
GLOBAL,S1D1,MINPETINT,PETINT,2047,0.81676222834
GLOBAL,S1D1,MINPETINT,PETINT,2048,2.16189179859
GLOBAL,S1D1,MINPETINT,PETINT,2049,1.15318327757
GLOBAL,S1D1,MINPETINT,PETINT,2050,1.25595319737
GLOBAL,S1D1,MINPRCFJI,WTRPRCFJI,2021,22.9742133154
GLOBAL,S1D1,MINPRCFJI,WTRPRCFJI,2022,1.20393629079
GLOBAL,S1D1,MINPRCFJI,WTRPRCFJI,2023,1.20916539423
GLOBAL,S1D1,MINPRCFJI,WTRPRCFJI,2024,1.2143883993300002
GLOBAL,S1D1,MINPRCFJI,WTRPRCFJI,2025,1.21961133006
GLOBAL,S1D1,MINPRCFJI,WTRPRCFJI,2026,1.22354909761
GLOBAL,S1D1,MINPRCFJI,WTRPRCFJI,2027,1.227486766
GLOBAL,S1D1,MINPRCFJI,WTRPRCFJI,2028,1.23142438481
GLOBAL,S1D1,MINPRCFJI,WTRPRCFJI,2029,1.23536202841
GLOBAL,S1D1,MINPRCFJI,WTRPRCFJI,2030,1.23929977117
GLOBAL,S1D1,MINPRCFJI,WTRPRCFJI,2031,1.24198814751
GLOBAL,S1D1,MINPRCFJI,WTRPRCFJI,2032,1.24468264698
GLOBAL,S1D1,MINPRCFJI,WTRPRCFJI,2033,1.24737717124
GLOBAL,S1D1,MINPRCFJI,WTRPRCFJI,2034,42.807741371
GLOBAL,S1D1,MINPRCFJI,WTRPRCFJI,2035,1.25275999747
GLOBAL,S1D1,MINPRCFJI,WTRPRCFJI,2036,1.25396813812
GLOBAL,S1D1,MINPRCFJI,WTRPRCFJI,2037,1.25517637793
GLOBAL,S1D1,MINPRCFJI,WTRPRCFJI,2038,1.25638451858
GLOBAL,S1D1,MINPRCFJI,WTRPRCFJI,2039,1.24128862329
GLOBAL,S1D1,MINPRCFJI,WTRPRCFJI,2040,39.511449776999996
GLOBAL,S1D1,MINPRCFJI,WTRPRCFJI,2041,1.0135594777999999
GLOBAL,S1D1,MINPRCFJI,WTRPRCFJI,2042,1.2584199759
GLOBAL,S1D1,MINPRCFJI,WTRPRCFJI,2043,1.25823268745
GLOBAL,S1D1,MINPRCFJI,WTRPRCFJI,2044,1.2580513486
GLOBAL,S1D1,MINPRCFJI,WTRPRCFJI,2045,1.25786386183
GLOBAL,S1D1,MINPRCFJI,WTRPRCFJI,2046,1.25658621002
GLOBAL,S1D1,MINPRCFJI,WTRPRCFJI,2047,1.25530853342
GLOBAL,S1D1,MINPRCFJI,WTRPRCFJI,2048,1.24684968962
GLOBAL,S1D1,MINPRCFJI,WTRPRCFJI,2049,1.24916252225
GLOBAL,S1D1,MINPRCFJI,WTRPRCFJI,2050,1.2514814036400002
GLOBAL,S1D1,PWRBIOFJIXX01,ELCFJIXX01,2021,0.54489887568
GLOBAL,S1D1,PWRBIOFJIXX01,ELCFJIXX01,2022,0.54489887568
GLOBAL,S1D1,PWRBIOFJIXX01,ELCFJIXX01,2023,0.54489887568
GLOBAL,S1D1,PWRBIOFJIXX01,ELCFJIXX01,2024,0.54489887568
GLOBAL,S1D1,PWRBIOFJIXX01,ELCFJIXX01,2025,0.54489887568
GLOBAL,S1D1,PWRBIOFJIXX01,ELCFJIXX01,2026,0.54489887568
GLOBAL,S1D1,PWRBIOFJIXX01,ELCFJIXX01,2027,0.54489887568
GLOBAL,S1D1,PWRBIOFJIXX01,ELCFJIXX01,2028,0.54489887568
GLOBAL,S1D1,PWRBIOFJIXX01,ELCFJIXX01,2029,0.54489887568
GLOBAL,S1D1,PWRBIOFJIXX01,ELCFJIXX01,2030,0.54489887568
GLOBAL,S1D1,PWRBIOFJIXX01,ELCFJIXX01,2031,0.54489887568
GLOBAL,S1D1,PWRBIOFJIXX01,ELCFJIXX01,2032,0.078177744
GLOBAL,S1D1,PWRBIOFJIXX01,ELCFJIXX01,2033,0.078177744
GLOBAL,S1D1,PWRBIOFJIXX01,ELCFJIXX01,2034,0.091721423356
GLOBAL,S1D1,PWRBIOFJIXX01,ELCFJIXX01,2035,0.141499202934
GLOBAL,S1D1,PWRBIOFJIXX01,ELCFJIXX01,2036,0.200610313394
GLOBAL,S1D1,PWRBIOFJIXX01,ELCFJIXX01,2037,0.25972143377
GLOBAL,S1D1,PWRBIOFJIXX01,ELCFJIXX01,2038,0.31572142402
GLOBAL,S1D1,PWRBIOFJIXX01,ELCFJIXX01,2039,0.40710115689000004
GLOBAL,S1D1,PWRBIOFJIXX01,ELCFJIXX01,2040,0.44144019052000005
GLOBAL,S1D1,PWRBIOFJIXX01,ELCFJIXX01,2041,0.5650926113600001
GLOBAL,S1D1,PWRBIOFJIXX01,ELCFJIXX01,2042,0.67704026017
GLOBAL,S1D1,PWRBIOFJIXX01,ELCFJIXX01,2043,0.8325609449200001
GLOBAL,S1D1,PWRBIOFJIXX01,ELCFJIXX01,2044,0.9816946597000001
GLOBAL,S1D1,PWRBIOFJIXX01,ELCFJIXX01,2045,1.15116812326
GLOBAL,S1D1,PWRBIOFJIXX01,ELCFJIXX01,2046,1.1882710187799999
GLOBAL,S1D1,PWRBIOFJIXX01,ELCFJIXX01,2047,1.2694096308
GLOBAL,S1D1,PWRBIOFJIXX01,ELCFJIXX01,2048,1.22967535115
GLOBAL,S1D1,PWRBIOFJIXX01,ELCFJIXX01,2049,1.2994681007600002
GLOBAL,S1D1,PWRBIOFJIXX01,ELCFJIXX01,2050,1.2994681007600002
GLOBAL,S1D1,PWRHYDFJIXX01,ELCFJIXX01,2021,0.39310112834000005
GLOBAL,S1D1,PWRHYDFJIXX01,ELCFJIXX01,2022,0.41550112444
GLOBAL,S1D1,PWRHYDFJIXX01,ELCFJIXX01,2023,0.43510111483
GLOBAL,S1D1,PWRHYDFJIXX01,ELCFJIXX01,2024,0.45750113572
GLOBAL,S1D1,PWRHYDFJIXX01,ELCFJIXX01,2025,0.47710112611
GLOBAL,S1D1,PWRHYDFJIXX01,ELCFJIXX01,2026,0.5191011126
GLOBAL,S1D1,PWRHYDFJIXX01,ELCFJIXX01,2027,0.5611011238800001
GLOBAL,S1D1,PWRHYDFJIXX01,ELCFJIXX01,2028,0.59131378764
GLOBAL,S1D1,PWRHYDFJIXX01,ELCFJIXX01,2029,0.59131378764
GLOBAL,S1D1,PWRHYDFJIXX01,ELCFJIXX01,2030,0.59131378764
GLOBAL,S1D1,PWRHYDFJIXX01,ELCFJIXX01,2031,0.59131378764
GLOBAL,S1D1,PWRHYDFJIXX01,ELCFJIXX01,2032,0.59131378764
GLOBAL,S1D1,PWRHYDFJIXX01,ELCFJIXX01,2033,0.59131378764
GLOBAL,S1D1,PWRHYDFJIXX01,ELCFJIXX01,2034,0.59131378764
GLOBAL,S1D1,PWRHYDFJIXX01,ELCFJIXX01,2035,0.59131378764
GLOBAL,S1D1,PWRHYDFJIXX01,ELCFJIXX01,2036,0.59131378764
GLOBAL,S1D1,PWRHYDFJIXX01,ELCFJIXX01,2037,0.59131378764
GLOBAL,S1D1,PWRHYDFJIXX01,ELCFJIXX01,2038,0.59131378764
GLOBAL,S1D1,PWRHYDFJIXX01,ELCFJIXX01,2039,0.59131378764
GLOBAL,S1D1,PWRHYDFJIXX01,ELCFJIXX01,2040,0.59131378764
GLOBAL,S1D1,PWRHYDFJIXX01,ELCFJIXX01,2041,0.59131378764
GLOBAL,S1D1,PWRHYDFJIXX01,ELCFJIXX01,2042,0.59131378764
GLOBAL,S1D1,PWRHYDFJIXX01,ELCFJIXX01,2043,0.59131378764
GLOBAL,S1D1,PWRHYDFJIXX01,ELCFJIXX01,2044,0.59131378764
GLOBAL,S1D1,PWRHYDFJIXX01,ELCFJIXX01,2045,0.59131378764
GLOBAL,S1D1,PWRHYDFJIXX01,ELCFJIXX01,2046,0.59131378764
GLOBAL,S1D1,PWRHYDFJIXX01,ELCFJIXX01,2047,0.59131378764
GLOBAL,S1D1,PWRHYDFJIXX01,ELCFJIXX01,2048,0.26146325354
GLOBAL,S1D1,PWRHYDFJIXX01,ELCFJIXX01,2049,0.59131378764
GLOBAL,S1D1,PWRHYDFJIXX01,ELCFJIXX01,2050,0.59131378764
GLOBAL,S1D1,PWROILFJIXX01,ELCFJIXX01,2028,0.0117873403309
GLOBAL,S1D1,PWROILFJIXX01,ELCFJIXX01,2029,0.053787341447
GLOBAL,S1D1,PWROILFJIXX01,ELCFJIXX01,2030,0.09578734033200001
GLOBAL,S1D1,PWROILFJIXX01,ELCFJIXX01,2031,0.140587339969
GLOBAL,S1D1,PWROILFJIXX01,ELCFJIXX01,2032,0.171586622656
GLOBAL,S1D1,PWROILFJIXX01,ELCFJIXX01,2033,0.3752531712
GLOBAL,S1D1,PWROILFJIXX01,ELCFJIXX01,2034,0.16131995571100002
GLOBAL,S1D1,PWROILFJIXX01,ELCFJIXX01,2035,0.3752531712
GLOBAL,S1D1,PWROILFJIXX01,ELCFJIXX01,2036,0.150431067203
GLOBAL,S1D1,PWROILFJIXX01,ELCFJIXX01,2037,0.3752531712
GLOBAL,S1D1,PWROILFJIXX01,ELCFJIXX01,2038,0.3752531712
GLOBAL,S1D1,PWROILFJIXX01,ELCFJIXX01,2039,0.3752531712
GLOBAL,S1D1,PWROILFJIXX01,ELCFJIXX01,2040,0.11520007449900001
GLOBAL,S1D1,PWROILFJIXX01,ELCFJIXX01,2041,0.053147660287
GLOBAL,S1D1,PWRPETFJIXX01,ELCFJIXX01,2032,0.46168883605
GLOBAL,S1D1,PWRPETFJIXX01,ELCFJIXX01,2033,0.3056222755
GLOBAL,S1D1,PWRPETFJIXX01,ELCFJIXX01,2034,0.55081181127
GLOBAL,S1D1,PWRPETFJIXX01,ELCFJIXX01,2035,0.33190081584000003
GLOBAL,S1D1,PWRPETFJIXX01,ELCFJIXX01,2036,0.55081181127
GLOBAL,S1D1,PWRPETFJIXX01,ELCFJIXX01,2037,0.32007861358
GLOBAL,S1D1,PWRPETFJIXX01,ELCFJIXX01,2038,0.31447860216
GLOBAL,S1D1,PWRPETFJIXX01,ELCFJIXX01,2039,0.31635587449
GLOBAL,S1D1,PWRPETFJIXX01,ELCFJIXX01,2040,0.55081181127
GLOBAL,S1D1,PWRPETFJIXX01,ELCFJIXX01,2041,0.55081181127
GLOBAL,S1D1,PWRPETFJIXX01,ELCFJIXX01,2042,0.55081181127
GLOBAL,S1D1,PWRPETFJIXX01,ELCFJIXX01,2043,0.45409114727000005
GLOBAL,S1D1,PWRPETFJIXX01,ELCFJIXX01,2044,0.36655740937000003
GLOBAL,S1D1,PWRPETFJIXX01,ELCFJIXX01,2045,0.25588394177
GLOBAL,S1D1,PWRPETFJIXX01,ELCFJIXX01,2046,0.28878106505
GLOBAL,S1D1,PWRPETFJIXX01,ELCFJIXX01,2047,0.26691576446000004
GLOBAL,S1D1,PWRPETFJIXX01,ELCFJIXX01,2048,0.70650059701
GLOBAL,S1D1,PWRPETFJIXX01,ELCFJIXX01,2049,0.37685728252
GLOBAL,S1D1,PWRPETFJIXX01,ELCFJIXX01,2050,0.41044222914
GLOBAL,S1D1,PWRSPVFJIXX01,ELCFJIXX01,2040,0.0204341359613
GLOBAL,S1D1,PWRSPVFJIXX01,ELCFJIXX01,2041,0.0204341359613
GLOBAL,S1D1,PWRSPVFJIXX01,ELCFJIXX01,2042,0.0204341359613
GLOBAL,S1D1,PWRSPVFJIXX01,ELCFJIXX01,2043,0.0204341359613
GLOBAL,S1D1,PWRSPVFJIXX01,ELCFJIXX01,2044,0.0204341359613
GLOBAL,S1D1,PWRSPVFJIXX01,ELCFJIXX01,2045,0.0204341359613
GLOBAL,S1D1,PWRSPVFJIXX01,ELCFJIXX01,2046,0.0204341359613
GLOBAL,S1D1,PWRSPVFJIXX01,ELCFJIXX01,2047,0.033960820036999996
GLOBAL,S1D1,PWRSPVFJIXX01,ELCFJIXX01,2048,0.033960820036999996
GLOBAL,S1D1,PWRSPVFJIXX01,ELCFJIXX01,2049,0.033960820036999996
GLOBAL,S1D1,PWRSPVFJIXX01,ELCFJIXX01,2050,0.070375877343
GLOBAL,S1D1,PWRTRNFJIXX,ELCFJIXX02,2021,0.93800000402
GLOBAL,S1D1,PWRTRNFJIXX,ELCFJIXX02,2022,0.96040000012
GLOBAL,S1D1,PWRTRNFJIXX,ELCFJIXX02,2023,0.9799999905100001
GLOBAL,S1D1,PWRTRNFJIXX,ELCFJIXX02,2024,1.0024000114
GLOBAL,S1D1,PWRTRNFJIXX,ELCFJIXX02,2025,1.0220000017900002
GLOBAL,S1D1,PWRTRNFJIXX,ELCFJIXX02,2026,1.06399998828
GLOBAL,S1D1,PWRTRNFJIXX,ELCFJIXX02,2027,1.1059999995599998
GLOBAL,S1D1,PWRTRNFJIXX,ELCFJIXX02,2028,1.1480000108400001
GLOBAL,S1D1,PWRTRNFJIXX,ELCFJIXX02,2029,1.18999999733
GLOBAL,S1D1,PWRTRNFJIXX,ELCFJIXX02,2030,1.23200000861
GLOBAL,S1D1,PWRTRNFJIXX,ELCFJIXX02,2031,1.27680000081
GLOBAL,S1D1,PWRTRNFJIXX,ELCFJIXX02,2032,1.32159999301
GLOBAL,S1D1,PWRTRNFJIXX,ELCFJIXX02,2033,1.3691999909199999
GLOBAL,S1D1,PWRTRNFJIXX,ELCFJIXX02,2034,1.41400000791
GLOBAL,S1D1,PWRTRNFJIXX,ELCFJIXX02,2035,1.45880000011
GLOBAL,S1D1,PWRTRNFJIXX,ELCFJIXX02,2036,1.51200000944
GLOBAL,S1D1,PWRTRNFJIXX,ELCFJIXX02,2037,1.56519999398
GLOBAL,S1D1,PWRTRNFJIXX,ELCFJIXX02,2038,1.6155999976000002
GLOBAL,S1D1,PWRTRNFJIXX,ELCFJIXX02,2039,1.69002399022
GLOBAL,S1D1,PWRTRNFJIXX,ELCFJIXX02,2040,1.71920001055
GLOBAL,S1D1,PWRTRNFJIXX,ELCFJIXX02,2041,1.78080001222
GLOBAL,S1D1,PWRTRNFJIXX,ELCFJIXX02,2042,1.8396000081800001
GLOBAL,S1D1,PWRTRNFJIXX,ELCFJIXX02,2043,1.89840000414
GLOBAL,S1D1,PWRTRNFJIXX,ELCFJIXX02,2044,1.9600000058100002
GLOBAL,S1D1,PWRTRNFJIXX,ELCFJIXX02,2045,2.0188000017700003
GLOBAL,S1D1,PWRTRNFJIXX,ELCFJIXX02,2046,2.08879999578
GLOBAL,S1D1,PWRTRNFJIXX,ELCFJIXX02,2047,2.1615999955
GLOBAL,S1D1,PWRTRNFJIXX,ELCFJIXX02,2048,2.23159998951
GLOBAL,S1D1,PWRTRNFJIXX,ELCFJIXX02,2049,2.30160000831
GLOBAL,S1D1,PWRTRNFJIXX,ELCFJIXX02,2050,2.37160000232
GLOBAL,S1D1,PWRWONFJIXX01,ELCFJIXX01,2032,0.018833018529600003
GLOBAL,S1D1,PWRWONFJIXX01,ELCFJIXX01,2033,0.018833018529600003
GLOBAL,S1D1,PWRWONFJIXX01,ELCFJIXX01,2034,0.018833018529600003
GLOBAL,S1D1,PWRWONFJIXX01,ELCFJIXX01,2035,0.018833018529600003
GLOBAL,S1D1,PWRWONFJIXX01,ELCFJIXX01,2036,0.018833018529600003
GLOBAL,S1D1,PWRWONFJIXX01,ELCFJIXX01,2037,0.018833018529600003
GLOBAL,S1D1,PWRWONFJIXX01,ELCFJIXX01,2038,0.018833018529600003
GLOBAL,S1D1,RNWBIOFJIXX,BIOFJIXX,2021,2.0815136941900003
GLOBAL,S1D1,RNWBIOFJIXX,BIOFJIXX,2022,2.0815136941900003
GLOBAL,S1D1,RNWBIOFJIXX,BIOFJIXX,2023,2.0815136941900003
GLOBAL,S1D1,RNWBIOFJIXX,BIOFJIXX,2024,2.0815136941900003
GLOBAL,S1D1,RNWBIOFJIXX,BIOFJIXX,2025,2.0815136941900003
GLOBAL,S1D1,RNWBIOFJIXX,BIOFJIXX,2026,2.0815136941900003
GLOBAL,S1D1,RNWBIOFJIXX,BIOFJIXX,2027,2.0815136941900003
GLOBAL,S1D1,RNWBIOFJIXX,BIOFJIXX,2028,2.0815136941900003
GLOBAL,S1D1,RNWBIOFJIXX,BIOFJIXX,2029,2.0815136941900003
GLOBAL,S1D1,RNWBIOFJIXX,BIOFJIXX,2030,2.0815136941900003
GLOBAL,S1D1,RNWBIOFJIXX,BIOFJIXX,2031,2.0815136941900003
GLOBAL,S1D1,RNWBIOFJIXX,BIOFJIXX,2032,0.29863898208
GLOBAL,S1D1,RNWBIOFJIXX,BIOFJIXX,2033,0.29863898208
GLOBAL,S1D1,RNWBIOFJIXX,BIOFJIXX,2034,0.35037583603
GLOBAL,S1D1,RNWBIOFJIXX,BIOFJIXX,2035,0.5405269608600001
GLOBAL,S1D1,RNWBIOFJIXX,BIOFJIXX,2036,0.76633138596
GLOBAL,S1D1,RNWBIOFJIXX,BIOFJIXX,2037,0.99213583585
GLOBAL,S1D1,RNWBIOFJIXX,BIOFJIXX,2038,1.20605583579
GLOBAL,S1D1,RNWBIOFJIXX,BIOFJIXX,2039,1.55512642874
GLOBAL,S1D1,RNWBIOFJIXX,BIOFJIXX,2040,1.68630152382
GLOBAL,S1D1,RNWBIOFJIXX,BIOFJIXX,2041,2.15865375358
GLOBAL,S1D1,RNWBIOFJIXX,BIOFJIXX,2042,2.5862938469
GLOBAL,S1D1,RNWBIOFJIXX,BIOFJIXX,2043,3.1803827263000004
GLOBAL,S1D1,RNWBIOFJIXX,BIOFJIXX,2044,3.7500735356000003
GLOBAL,S1D1,RNWBIOFJIXX,BIOFJIXX,2045,4.3974621545
GLOBAL,S1D1,RNWBIOFJIXX,BIOFJIXX,2046,4.539195261000001
GLOBAL,S1D1,RNWBIOFJIXX,BIOFJIXX,2047,4.849144878900001
GLOBAL,S1D1,RNWBIOFJIXX,BIOFJIXX,2048,4.6973599232000005
GLOBAL,S1D1,RNWBIOFJIXX,BIOFJIXX,2049,4.9639681925
GLOBAL,S1D1,RNWBIOFJIXX,BIOFJIXX,2050,4.9639681925
GLOBAL,S1D1,RNWHYDFJIXX,HYDFJIXX,2021,0.39310112834000005
GLOBAL,S1D1,RNWHYDFJIXX,HYDFJIXX,2022,0.41550112444
GLOBAL,S1D1,RNWHYDFJIXX,HYDFJIXX,2023,0.43510111483
GLOBAL,S1D1,RNWHYDFJIXX,HYDFJIXX,2024,0.45750113572
GLOBAL,S1D1,RNWHYDFJIXX,HYDFJIXX,2025,0.47710112611
GLOBAL,S1D1,RNWHYDFJIXX,HYDFJIXX,2026,0.5191011126
GLOBAL,S1D1,RNWHYDFJIXX,HYDFJIXX,2027,0.5611011238800001
GLOBAL,S1D1,RNWHYDFJIXX,HYDFJIXX,2028,0.59131378764
GLOBAL,S1D1,RNWHYDFJIXX,HYDFJIXX,2029,0.59131378764
GLOBAL,S1D1,RNWHYDFJIXX,HYDFJIXX,2030,0.59131378764
GLOBAL,S1D1,RNWHYDFJIXX,HYDFJIXX,2031,0.59131378764
GLOBAL,S1D1,RNWHYDFJIXX,HYDFJIXX,2032,0.59131378764
GLOBAL,S1D1,RNWHYDFJIXX,HYDFJIXX,2033,0.59131378764
GLOBAL,S1D1,RNWHYDFJIXX,HYDFJIXX,2034,0.59131378764
GLOBAL,S1D1,RNWHYDFJIXX,HYDFJIXX,2035,0.59131378764
GLOBAL,S1D1,RNWHYDFJIXX,HYDFJIXX,2036,0.59131378764
GLOBAL,S1D1,RNWHYDFJIXX,HYDFJIXX,2037,0.59131378764
GLOBAL,S1D1,RNWHYDFJIXX,HYDFJIXX,2038,0.59131378764
GLOBAL,S1D1,RNWHYDFJIXX,HYDFJIXX,2039,0.59131378764
GLOBAL,S1D1,RNWHYDFJIXX,HYDFJIXX,2040,0.59131378764
GLOBAL,S1D1,RNWHYDFJIXX,HYDFJIXX,2041,0.59131378764
GLOBAL,S1D1,RNWHYDFJIXX,HYDFJIXX,2042,0.59131378764
GLOBAL,S1D1,RNWHYDFJIXX,HYDFJIXX,2043,0.59131378764
GLOBAL,S1D1,RNWHYDFJIXX,HYDFJIXX,2044,0.59131378764
GLOBAL,S1D1,RNWHYDFJIXX,HYDFJIXX,2045,0.59131378764
GLOBAL,S1D1,RNWHYDFJIXX,HYDFJIXX,2046,0.59131378764
GLOBAL,S1D1,RNWHYDFJIXX,HYDFJIXX,2047,0.59131378764
GLOBAL,S1D1,RNWHYDFJIXX,HYDFJIXX,2048,0.26146325354
GLOBAL,S1D1,RNWHYDFJIXX,HYDFJIXX,2049,0.59131378764
GLOBAL,S1D1,RNWHYDFJIXX,HYDFJIXX,2050,0.59131378764
GLOBAL,S1D1,RNWSPVFJIXX,SPVFJIXX,2040,0.0204341359613
GLOBAL,S1D1,RNWSPVFJIXX,SPVFJIXX,2041,0.0204341359613
GLOBAL,S1D1,RNWSPVFJIXX,SPVFJIXX,2042,0.0204341359613
GLOBAL,S1D1,RNWSPVFJIXX,SPVFJIXX,2043,0.0204341359613
GLOBAL,S1D1,RNWSPVFJIXX,SPVFJIXX,2044,0.0204341359613
GLOBAL,S1D1,RNWSPVFJIXX,SPVFJIXX,2045,0.0204341359613
GLOBAL,S1D1,RNWSPVFJIXX,SPVFJIXX,2046,0.0204341359613
GLOBAL,S1D1,RNWSPVFJIXX,SPVFJIXX,2047,0.033960820036999996
GLOBAL,S1D1,RNWSPVFJIXX,SPVFJIXX,2048,0.033960820036999996
GLOBAL,S1D1,RNWSPVFJIXX,SPVFJIXX,2049,0.033960820036999996
GLOBAL,S1D1,RNWSPVFJIXX,SPVFJIXX,2050,0.070375877343
GLOBAL,S1D1,RNWWONFJIXX,WONFJIXX,2032,0.018833018529600003
GLOBAL,S1D1,RNWWONFJIXX,WONFJIXX,2033,0.018833018529600003
GLOBAL,S1D1,RNWWONFJIXX,WONFJIXX,2034,0.018833018529600003
GLOBAL,S1D1,RNWWONFJIXX,WONFJIXX,2035,0.018833018529600003
GLOBAL,S1D1,RNWWONFJIXX,WONFJIXX,2036,0.018833018529600003
GLOBAL,S1D1,RNWWONFJIXX,WONFJIXX,2037,0.018833018529600003
GLOBAL,S1D1,RNWWONFJIXX,WONFJIXX,2038,0.018833018529600003
GLOBAL,S1D2,LNDAGRFJIC01,CRPCAS,2021,0.017821531034706
GLOBAL,S1D2,LNDAGRFJIC01,CRPCAS,2022,0.017899222914538
GLOBAL,S1D2,LNDAGRFJIC01,CRPCAS,2023,0.017976890014286002
GLOBAL,S1D2,LNDAGRFJIC01,CRPCAS,2024,0.018054581894118002
GLOBAL,S1D2,LNDAGRFJIC01,CRPCAS,2025,0.018132273531008
GLOBAL,S1D2,LNDAGRFJIC01,CRPCAS,2026,0.018190802874706
GLOBAL,S1D2,LNDAGRFJIC01,CRPCAS,2027,0.018249331975462
GLOBAL,S1D2,LNDAGRFJIC01,CRPCAS,2028,0.018307836539076
GLOBAL,S1D2,LNDAGRFJIC01,CRPCAS,2029,0.018366365639832002
GLOBAL,S1D2,LNDAGRFJIC01,CRPCAS,2030,0.018424894740588
GLOBAL,S1D2,LNDAGRFJIC01,CRPCAS,2031,0.01846493061042
GLOBAL,S1D2,LNDAGRFJIC01,CRPCAS,2032,0.018504991260336
GLOBAL,S1D2,LNDAGRFJIC01,CRPCAS,2033,0.018545027130168
GLOBAL,S1D2,LNDAGRFJIC01,CRPCAS,2034,0.018585063000000002
GLOBAL,S1D2,LNDAGRFJIC01,CRPCAS,2035,0.018625098869831998
GLOBAL,S1D2,LNDAGRFJIC01,CRPCAS,2036,0.018643021915882
GLOBAL,S1D2,LNDAGRFJIC01,CRPCAS,2037,0.018660969984958
GLOBAL,S1D2,LNDAGRFJIC01,CRPCAS,2038,0.018678893031008
GLOBAL,S1D2,LNDAGRFJIC01,CRPCAS,2039,0.018792456025966003
GLOBAL,S1D2,LNDAGRFJIC01,CRPCAS,2040,0.018714764389076002
GLOBAL,S1D2,LNDAGRFJIC01,CRPCAS,2041,0.018711987804958002
GLOBAL,S1D2,LNDAGRFJIC01,CRPCAS,2042,0.018709211220840002
GLOBAL,S1D2,LNDAGRFJIC01,CRPCAS,2043,0.018706459659747997
GLOBAL,S1D2,LNDAGRFJIC01,CRPCAS,2044,0.01870368307563
GLOBAL,S1D2,LNDAGRFJIC01,CRPCAS,2045,0.018700906734454
GLOBAL,S1D2,LNDAGRFJIC01,CRPCAS,2046,0.018681917415966
GLOBAL,S1D2,LNDAGRFJIC01,CRPCAS,2047,0.018662953120504
GLOBAL,S1D2,LNDAGRFJIC01,CRPCAS,2048,0.018686082170672
GLOBAL,S1D2,LNDAGRFJIC01,CRPCAS,2049,0.01864604630084
GLOBAL,S1D2,LNDAGRFJIC01,CRPCAS,2050,0.018606010431008
GLOBAL,S1D2,LNDAGRFJIC01,CRPOTH,2021,0.015506888630588
GLOBAL,S1D2,LNDAGRFJIC01,CRPOTH,2022,0.015574466319327998
GLOBAL,S1D2,LNDAGRFJIC01,CRPOTH,2023,0.015642068639412
GLOBAL,S1D2,LNDAGRFJIC01,CRPOTH,2024,0.015709670959496002
GLOBAL,S1D2,LNDAGRFJIC01,CRPOTH,2025,0.015777248420168002
GLOBAL,S1D2,LNDAGRFJIC01,CRPOTH,2026,0.015828191969328
GLOBAL,S1D2,LNDAGRFJIC01,CRPOTH,2027,0.015879110659076
GLOBAL,S1D2,LNDAGRFJIC01,CRPOTH,2028,0.015930029120756004
GLOBAL,S1D2,LNDAGRFJIC01,CRPOTH,2029,0.015980947810504003
GLOBAL,S1D2,LNDAGRFJIC01,CRPOTH,2030,0.016031891359664003
GLOBAL,S1D2,LNDAGRFJIC01,CRPOTH,2031,0.016066721220420004
GLOBAL,S1D2,LNDAGRFJIC01,CRPOTH,2032,0.016101551309244
GLOBAL,S1D2,LNDAGRFJIC01,CRPOTH,2033,0.016136406029412
GLOBAL,S1D2,LNDAGRFJIC01,CRPOTH,2034,0.016171235890168004
GLOBAL,S1D2,LNDAGRFJIC01,CRPOTH,2035,0.016206090610336003
GLOBAL,S1D2,LNDAGRFJIC01,CRPOTH,2036,0.016221683619496
GLOBAL,S1D2,LNDAGRFJIC01,CRPOTH,2037,0.016237276400588002
GLOBAL,S1D2,LNDAGRFJIC01,CRPOTH,2038,0.016252894269160004
GLOBAL,S1D2,LNDAGRFJIC01,CRPOTH,2039,0.016351682379496
GLOBAL,S1D2,LNDAGRFJIC01,CRPOTH,2040,0.016284104690756
GLOBAL,S1D2,LNDAGRFJIC01,CRPOTH,2041,0.01628167531042
GLOBAL,S1D2,LNDAGRFJIC01,CRPOTH,2042,0.016279270789496
GLOBAL,S1D2,LNDAGRFJIC01,CRPOTH,2043,0.016276866040504
GLOBAL,S1D2,LNDAGRFJIC01,CRPOTH,2044,0.016274461519579998
GLOBAL,S1D2,LNDAGRFJIC01,CRPOTH,2045,0.016272032139244
GLOBAL,S1D2,LNDAGRFJIC01,CRPOTH,2046,0.016255521840588
GLOBAL,S1D2,LNDAGRFJIC01,CRPOTH,2047,0.01623901177
GLOBAL,S1D2,LNDAGRFJIC01,CRPOTH,2048,0.01625916613916
GLOBAL,S1D2,LNDAGRFJIC01,CRPOTH,2049,0.016224336050336
GLOBAL,S1D2,LNDAGRFJIC01,CRPOTH,2050,0.016189481330168
GLOBAL,S1D2,LNDAGRFJIC01,CRPSGC,2021,0.42787539752100007
GLOBAL,S1D2,LNDAGRFJIC01,CRPSGC,2022,0.42973961543700007
GLOBAL,S1D2,LNDAGRFJIC01,CRPSGC,2023,0.43160628756300007
GLOBAL,S1D2,LNDAGRFJIC01,CRPSGC,2024,0.43347050547900007
GLOBAL,S1D2,LNDAGRFJIC01,CRPSGC,2025,0.43533472339500007
GLOBAL,S1D2,LNDAGRFJIC01,CRPSGC,2026,0.436740304
GLOBAL,S1D2,LNDAGRFJIC01,CRPSGC,2027,0.4381458846050001
GLOBAL,S1D2,LNDAGRFJIC01,CRPSGC,2028,0.43955149247900005
GLOBAL,S1D2,LNDAGRFJIC01,CRPSGC,2029,0.44095707308400006
GLOBAL,S1D2,LNDAGRFJIC01,CRPSGC,2030,0.4423626809580001
GLOBAL,S1D2,LNDAGRFJIC01,CRPSGC,2031,0.4433220589160001
GLOBAL,S1D2,LNDAGRFJIC01,CRPSGC,2032,0.444283891084
GLOBAL,S1D2,LNDAGRFJIC01,CRPSGC,2033,0.41831916735400004
GLOBAL,S1D2,LNDAGRFJIC01,CRPSGC,2034,0.4462076099580001
GLOBAL,S1D2,LNDAGRFJIC01,CRPSGC,2035,0.44716698791600007
GLOBAL,S1D2,LNDAGRFJIC01,CRPSGC,2036,0.447598328958
GLOBAL,S1D2,LNDAGRFJIC01,CRPSGC,2037,0.4480296700000001
GLOBAL,S1D2,LNDAGRFJIC01,CRPSGC,2038,0.4484610110420001
GLOBAL,S1D2,LNDAGRFJIC01,CRPSGC,2039,0.451185429563
GLOBAL,S1D2,LNDAGRFJIC01,CRPSGC,2040,0.44932123891600007
GLOBAL,S1D2,LNDAGRFJIC01,CRPSGC,2041,0.449254293521
GLOBAL,S1D2,LNDAGRFJIC01,CRPSGC,2042,0.44918737539500003
GLOBAL,S1D2,LNDAGRFJIC01,CRPSGC,2043,0.44912043000000007
GLOBAL,S1D2,LNDAGRFJIC01,CRPSGC,2044,0.44905596608400006
GLOBAL,S1D2,LNDAGRFJIC01,CRPSGC,2045,0.4489890479580001
GLOBAL,S1D2,LNDAGRFJIC01,CRPSGC,2046,0.4071519937430001
GLOBAL,S1D2,LNDAGRFJIC01,CRPSGC,2047,0.408701336516
GLOBAL,S1D2,LNDAGRFJIC01,CRPSGC,2048,0.44863206947900003
GLOBAL,S1D2,LNDAGRFJIC01,CRPSGC,2049,0.41230588928100004
GLOBAL,S1D2,LNDAGRFJIC01,CRPSGC,2050,0.44671083208400003
GLOBAL,S1D2,LNDAGRFJIC01,WTREVTFJI,2021,0.77968661721459
GLOBAL,S1D2,LNDAGRFJIC01,WTREVTFJI,2022,0.7830837269869
GLOBAL,S1D2,LNDAGRFJIC01,WTREVTFJI,2023,0.84357157545707
GLOBAL,S1D2,LNDAGRFJIC01,WTREVTFJI,2024,0.83280882000605
GLOBAL,S1D2,LNDAGRFJIC01,WTREVTFJI,2025,0.8220462480754
GLOBAL,S1D2,LNDAGRFJIC01,WTREVTFJI,2026,0.81393173494598
GLOBAL,S1D2,LNDAGRFJIC01,WTREVTFJI,2027,0.8058174039239
GLOBAL,S1D2,LNDAGRFJIC01,WTREVTFJI,2028,0.80096308152955
GLOBAL,S1D2,LNDAGRFJIC01,WTREVTFJI,2029,0.80352432733734
GLOBAL,S1D2,LNDAGRFJIC01,WTREVTFJI,2030,0.80608564456512
GLOBAL,S1D2,LNDAGRFJIC01,WTREVTFJI,2031,0.80783401873675
GLOBAL,S1D2,LNDAGRFJIC01,WTREVTFJI,2032,0.80958666762161
GLOBAL,S1D2,LNDAGRFJIC01,WTREVTFJI,2033,0.7648297995602299
GLOBAL,S1D2,LNDAGRFJIC01,WTREVTFJI,2034,0.81309201266586
GLOBAL,S1D2,LNDAGRFJIC01,WTREVTFJI,2035,0.81484041115648
GLOBAL,S1D2,LNDAGRFJIC01,WTREVTFJI,2036,0.8156263131566799
GLOBAL,S1D2,LNDAGRFJIC01,WTREVTFJI,2037,0.81641225068095
GLOBAL,S1D2,LNDAGRFJIC01,WTREVTFJI,2038,0.8171981770001401
GLOBAL,S1D2,LNDAGRFJIC01,WTREVTFJI,2039,0.8221628642017998
GLOBAL,S1D2,LNDAGRFJIC01,WTREVTFJI,2040,0.81876580187755
GLOBAL,S1D2,LNDAGRFJIC01,WTREVTFJI,2041,0.81864382580609
GLOBAL,S1D2,LNDAGRFJIC01,WTREVTFJI,2042,0.81852192115462
GLOBAL,S1D2,LNDAGRFJIC01,WTREVTFJI,2043,0.81840000492622
GLOBAL,S1D2,LNDAGRFJIC01,WTREVTFJI,2044,0.81828233936475
GLOBAL,S1D2,LNDAGRFJIC01,WTREVTFJI,2045,0.81816041074135
GLOBAL,S1D2,LNDAGRFJIC01,WTREVTFJI,2046,0.7458531290293902
GLOBAL,S1D2,LNDAGRFJIC01,WTREVTFJI,2047,0.7484860235397199
GLOBAL,S1D2,LNDAGRFJIC01,WTREVTFJI,2048,0.81751004729766
GLOBAL,S1D2,LNDAGRFJIC01,WTREVTFJI,2049,0.75467355994292
GLOBAL,S1D2,LNDAGRFJIC01,WTREVTFJI,2050,0.8140089882213
GLOBAL,S1D2,LNDAGRFJIC01,WTRGRCFJI,2021,0.018698997421049003
GLOBAL,S1D2,LNDAGRFJIC01,WTRGRCFJI,2022,0.018780471986157402
GLOBAL,S1D2,LNDAGRFJIC01,WTRGRCFJI,2023,0.020724861808295404
GLOBAL,S1D2,LNDAGRFJIC01,WTRGRCFJI,2024,0.0203442792903324
GLOBAL,S1D2,LNDAGRFJIC01,WTRGRCFJI,2025,0.019963701063518403
GLOBAL,S1D2,LNDAGRFJIC01,WTRGRCFJI,2026,0.0196767593376362
GLOBAL,S1D2,LNDAGRFJIC01,WTRGRCFJI,2027,0.019389821856793603
GLOBAL,S1D2,LNDAGRFJIC01,WTRGRCFJI,2028,0.0192092625600748
GLOBAL,S1D2,LNDAGRFJIC01,WTRGRCFJI,2029,0.0192706860073648
GLOBAL,S1D2,LNDAGRFJIC01,WTRGRCFJI,2030,0.019332112956986003
GLOBAL,S1D2,LNDAGRFJIC01,WTRGRCFJI,2031,0.019374050869316005
GLOBAL,S1D2,LNDAGRFJIC01,WTRGRCFJI,2032,0.019416081948415598
GLOBAL,S1D2,LNDAGRFJIC01,WTRGRCFJI,2033,0.0184544876474068
GLOBAL,S1D2,LNDAGRFJIC01,WTRGRCFJI,2034,0.0195001452419968
GLOBAL,S1D2,LNDAGRFJIC01,WTRGRCFJI,2035,0.019542085640268003
GLOBAL,S1D2,LNDAGRFJIC01,WTRGRCFJI,2036,0.019560929260489
GLOBAL,S1D2,LNDAGRFJIC01,WTRGRCFJI,2037,0.019579774543127402
GLOBAL,S1D2,LNDAGRFJIC01,WTRGRCFJI,2038,0.019598620649289602
GLOBAL,S1D2,LNDAGRFJIC01,WTRGRCFJI,2039,0.0197176940889018
GLOBAL,S1D2,LNDAGRFJIC01,WTRGRCFJI,2040,0.019636220556544806
GLOBAL,S1D2,LNDAGRFJIC01,WTRGRCFJI,2041,0.0196332953866206
GLOBAL,S1D2,LNDAGRFJIC01,WTRGRCFJI,2042,0.0196303737190276
GLOBAL,S1D2,LNDAGRFJIC01,WTRGRCFJI,2043,0.019627452697462
GLOBAL,S1D2,LNDAGRFJIC01,WTRGRCFJI,2044,0.019624622504969002
GLOBAL,S1D2,LNDAGRFJIC01,WTRGRCFJI,2045,0.0196216983677962
GLOBAL,S1D2,LNDAGRFJIC01,WTRGRCFJI,2046,0.018059387353811004
GLOBAL,S1D2,LNDAGRFJIC01,WTRGRCFJI,2047,0.018114207390136798
GLOBAL,S1D2,LNDAGRFJIC01,WTRGRCFJI,2048,0.0196061078173084
GLOBAL,S1D2,LNDAGRFJIC01,WTRGRCFJI,2049,0.0182459527077716
GLOBAL,S1D2,LNDAGRFJIC01,WTRGRCFJI,2050,0.019522136992410403
GLOBAL,S1D2,LNDAGRFJIC01,WTRSURFJI,2021,0.34609931816237005
GLOBAL,S1D2,LNDAGRFJIC01,WTRSURFJI,2022,0.3476073279982
GLOBAL,S1D2,LNDAGRFJIC01,WTRSURFJI,2023,0.37135074236517
GLOBAL,S1D2,LNDAGRFJIC01,WTRSURFJI,2024,0.367343893454274
GLOBAL,S1D2,LNDAGRFJIC01,WTRSURFJI,2025,0.36333707939316
GLOBAL,S1D2,LNDAGRFJIC01,WTRSURFJI,2026,0.360316074442584
GLOBAL,S1D2,LNDAGRFJIC01,WTRSURFJI,2027,0.357295103791452
GLOBAL,S1D2,LNDAGRFJIC01,WTRSURFJI,2028,0.35554380447914996
GLOBAL,S1D2,LNDAGRFJIC01,WTRSURFJI,2029,0.35668069006702
GLOBAL,S1D2,LNDAGRFJIC01,WTRSURFJI,2030,0.35781764043116004
GLOBAL,S1D2,LNDAGRFJIC01,WTRSURFJI,2031,0.35859386642335006
GLOBAL,S1D2,LNDAGRFJIC01,WTRSURFJI,2032,0.35937181881593
GLOBAL,S1D2,LNDAGRFJIC01,WTRSURFJI,2033,0.34154598412319
GLOBAL,S1D2,LNDAGRFJIC01,WTRSURFJI,2034,0.36092774568898006
GLOBAL,S1D2,LNDAGRFJIC01,WTRSURFJI,2035,0.36170401761704
GLOBAL,S1D2,LNDAGRFJIC01,WTRSURFJI,2036,0.36205279482034
GLOBAL,S1D2,LNDAGRFJIC01,WTRSURFJI,2037,0.36240160224265006
GLOBAL,S1D2,LNDAGRFJIC01,WTRSURFJI,2038,0.36275042538182006
GLOBAL,S1D2,LNDAGRFJIC01,WTRSURFJI,2039,0.3649543508813
GLOBAL,S1D2,LNDAGRFJIC01,WTRSURFJI,2040,0.3634463601833501
GLOBAL,S1D2,LNDAGRFJIC01,WTRSURFJI,2041,0.36339221803007
GLOBAL,S1D2,LNDAGRFJIC01,WTRSURFJI,2042,0.36333814065305997
GLOBAL,S1D2,LNDAGRFJIC01,WTRSURFJI,2043,0.36328407465466
GLOBAL,S1D2,LNDAGRFJIC01,WTRSURFJI,2044,0.36323169291365004
GLOBAL,S1D2,LNDAGRFJIC01,WTRSURFJI,2045,0.36317756989825006
GLOBAL,S1D2,LNDAGRFJIC01,WTRSURFJI,2046,0.33421820841697
GLOBAL,S1D2,LNDAGRFJIC01,WTRSURFJI,2047,0.33523493409835997
GLOBAL,S1D2,LNDAGRFJIC01,WTRSURFJI,2048,0.36288900356418
GLOBAL,S1D2,LNDAGRFJIC01,WTRSURFJI,2049,0.33767753196656
GLOBAL,S1D2,LNDAGRFJIC01,WTRSURFJI,2050,0.3613347907461
GLOBAL,S1D2,LNDAGRFJIC02,CRPSGC,2033,0.026926594074600005
GLOBAL,S1D2,LNDAGRFJIC02,CRPSGC,2046,0.04138092019820001
GLOBAL,S1D2,LNDAGRFJIC02,CRPSGC,2047,0.03937542432010001
GLOBAL,S1D2,LNDAGRFJIC02,CRPSGC,2049,0.0353643153072
GLOBAL,S1D2,LNDAGRFJIC02,WTREVTFJI,2033,0.031822338451800006
GLOBAL,S1D2,LNDAGRFJIC02,WTREVTFJI,2046,0.048904723870600006
GLOBAL,S1D2,LNDAGRFJIC02,WTREVTFJI,2047,0.04653459237830001
GLOBAL,S1D2,LNDAGRFJIC02,WTREVTFJI,2049,0.041794190817600003
GLOBAL,S1D2,LNDAGRFJIC02,WTRGRCFJI,2033,0.001493202035046
GLOBAL,S1D2,LNDAGRFJIC02,WTRGRCFJI,2046,0.002294760120082
GLOBAL,S1D2,LNDAGRFJIC02,WTRGRCFJI,2047,0.0021835462577510004
GLOBAL,S1D2,LNDAGRFJIC02,WTRGRCFJI,2049,0.001961112030672
GLOBAL,S1D2,LNDAGRFJIC02,WTRSURFJI,2033,0.026926594074600005
GLOBAL,S1D2,LNDAGRFJIC02,WTRSURFJI,2046,0.04138092019820001
GLOBAL,S1D2,LNDAGRFJIC02,WTRSURFJI,2047,0.03937542432010001
GLOBAL,S1D2,LNDAGRFJIC02,WTRSURFJI,2049,0.0353643153072
GLOBAL,S1D2,LNDAGRFJIC04,CRPCON,2021,0.005374348104538
GLOBAL,S1D2,LNDAGRFJIC04,CRPCON,2022,0.005397774637185
GLOBAL,S1D2,LNDAGRFJIC04,CRPCON,2023,0.0054212011698320005
GLOBAL,S1D2,LNDAGRFJIC04,CRPCON,2024,0.005444627702479
GLOBAL,S1D2,LNDAGRFJIC04,CRPCON,2025,0.005468054235126
GLOBAL,S1D2,LNDAGRFJIC04,CRPCON,2026,0.005485704700252001
GLOBAL,S1D2,LNDAGRFJIC04,CRPCON,2027,0.005503355165378
GLOBAL,S1D2,LNDAGRFJIC04,CRPCON,2028,0.0055210056305039995
GLOBAL,S1D2,LNDAGRFJIC04,CRPCON,2029,0.005538656217101001
GLOBAL,S1D2,LNDAGRFJIC04,CRPCON,2030,0.005556306682227
GLOBAL,S1D2,LNDAGRFJIC04,CRPCON,2031,0.005568379320504
GLOBAL,S1D2,LNDAGRFJIC04,CRPCON,2032,0.005580452080252
GLOBAL,S1D2,LNDAGRFJIC04,CRPCON,2033,0.00559252484
GLOBAL,S1D2,LNDAGRFJIC04,CRPCON,2034,0.005604597599748001
GLOBAL,S1D2,LNDAGRFJIC04,CRPCON,2035,0.0056166703594960005
GLOBAL,S1D2,LNDAGRFJIC04,CRPCON,2036,0.005622074482815
GLOBAL,S1D2,LNDAGRFJIC04,CRPCON,2037,0.005627503507689001
GLOBAL,S1D2,LNDAGRFJIC04,CRPCON,2038,0.0056329077524790005
GLOBAL,S1D2,LNDAGRFJIC04,CRPCON,2039,0.005667142774706001
GLOBAL,S1D2,LNDAGRFJIC04,CRPCON,2040,0.0056437162420590005
GLOBAL,S1D2,LNDAGRFJIC04,CRPCON,2041,0.00564287335479
GLOBAL,S1D2,LNDAGRFJIC04,CRPCON,2042,0.005642055247605001
GLOBAL,S1D2,LNDAGRFJIC04,CRPCON,2043,0.005641212360336
GLOBAL,S1D2,LNDAGRFJIC04,CRPCON,2044,0.005640369594538
GLOBAL,S1D2,LNDAGRFJIC04,CRPCON,2045,0.005639526707269
GLOBAL,S1D2,LNDAGRFJIC04,CRPCON,2046,0.0056338249799999995
GLOBAL,S1D2,LNDAGRFJIC04,CRPCON,2047,0.005628098472647
GLOBAL,S1D2,LNDAGRFJIC04,CRPCON,2048,0.005635064470084
GLOBAL,S1D2,LNDAGRFJIC04,CRPCON,2049,0.005622991710336
GLOBAL,S1D2,LNDAGRFJIC04,CRPCON,2050,0.005610919072059
GLOBAL,S1D2,LNDAGRFJIC04,CRPYAM,2021,0.013360248195294
GLOBAL,S1D2,LNDAGRFJIC04,CRPYAM,2022,0.013418479935042
GLOBAL,S1D2,LNDAGRFJIC04,CRPYAM,2023,0.01347673648958
GLOBAL,S1D2,LNDAGRFJIC04,CRPYAM,2024,0.013534968229328
GLOBAL,S1D2,LNDAGRFJIC04,CRPYAM,2025,0.013593199969076
GLOBAL,S1D2,LNDAGRFJIC04,CRPYAM,2026,0.013637078157521
GLOBAL,S1D2,LNDAGRFJIC04,CRPYAM,2027,0.013680956571555
GLOBAL,S1D2,LNDAGRFJIC04,CRPYAM,2028,0.01372483476
GLOBAL,S1D2,LNDAGRFJIC04,CRPYAM,2029,0.013768688359244
GLOBAL,S1D2,LNDAGRFJIC04,CRPYAM,2030,0.013812566547689
GLOBAL,S1D2,LNDAGRFJIC04,CRPYAM,2031,0.013842587255042
GLOBAL,S1D2,LNDAGRFJIC04,CRPYAM,2032,0.013872607962395
GLOBAL,S1D2,LNDAGRFJIC04,CRPYAM,2033,0.013902628669748
GLOBAL,S1D2,LNDAGRFJIC04,CRPYAM,2034,0.013932649377101
GLOBAL,S1D2,LNDAGRFJIC04,CRPYAM,2035,0.013962645269664
GLOBAL,S1D2,LNDAGRFJIC04,CRPYAM,2036,0.013976106165294001
GLOBAL,S1D2,LNDAGRFJIC04,CRPYAM,2037,0.013989542471723002
GLOBAL,S1D2,LNDAGRFJIC04,CRPYAM,2038,0.014002978552563002
GLOBAL,S1D2,LNDAGRFJIC04,CRPYAM,2039,0.01408810749437
GLOBAL,S1D2,LNDAGRFJIC04,CRPYAM,2040,0.014029875754622001
GLOBAL,S1D2,LNDAGRFJIC04,CRPYAM,2041,0.014027793342563
GLOBAL,S1D2,LNDAGRFJIC04,CRPYAM,2042,0.014025710930504
GLOBAL,S1D2,LNDAGRFJIC04,CRPYAM,2043,0.014023653333235
GLOBAL,S1D2,LNDAGRFJIC04,CRPYAM,2044,0.014021571146765001
GLOBAL,S1D2,LNDAGRFJIC04,CRPYAM,2045,0.014019488734706001
GLOBAL,S1D2,LNDAGRFJIC04,CRPYAM,2046,0.014005259257353
GLOBAL,S1D2,LNDAGRFJIC04,CRPYAM,2047,0.01399102978
GLOBAL,S1D2,LNDAGRFJIC04,CRPYAM,2048,0.014008357947857002
GLOBAL,S1D2,LNDAGRFJIC04,CRPYAM,2049,0.013978337240504
GLOBAL,S1D2,LNDAGRFJIC04,CRPYAM,2050,0.013948341347941002
GLOBAL,S1D2,LNDAGRFJIC04,WTREVTFJI,2021,0.024662523617542002
GLOBAL,S1D2,LNDAGRFJIC04,WTREVTFJI,2022,0.024770020958115
GLOBAL,S1D2,LNDAGRFJIC04,WTREVTFJI,2023,0.024877545567688
GLOBAL,S1D2,LNDAGRFJIC04,WTREVTFJI,2024,0.024985042908261
GLOBAL,S1D2,LNDAGRFJIC04,WTREVTFJI,2025,0.025092540248834
GLOBAL,S1D2,LNDAGRFJIC04,WTREVTFJI,2026,0.025173537473568
GLOBAL,S1D2,LNDAGRFJIC04,WTREVTFJI,2027,0.025254534946202
GLOBAL,S1D2,LNDAGRFJIC04,WTREVTFJI,2028,0.025335532170936002
GLOBAL,S1D2,LNDAGRFJIC04,WTREVTFJI,2029,0.025416502600159003
GLOBAL,S1D2,LNDAGRFJIC04,WTREVTFJI,2030,0.025497499824893
GLOBAL,S1D2,LNDAGRFJIC04,WTREVTFJI,2031,0.025552910227136003
GLOBAL,S1D2,LNDAGRFJIC04,WTREVTFJI,2032,0.025608320854968
GLOBAL,S1D2,LNDAGRFJIC04,WTREVTFJI,2033,0.0256637314828
GLOBAL,S1D2,LNDAGRFJIC04,WTREVTFJI,2034,0.025719142110632
GLOBAL,S1D2,LNDAGRFJIC04,WTREVTFJI,2035,0.025774525469464002
GLOBAL,S1D2,LNDAGRFJIC04,WTREVTFJI,2036,0.025799353891485
GLOBAL,S1D2,LNDAGRFJIC04,WTREVTFJI,2037,0.025824201538151
GLOBAL,S1D2,LNDAGRFJIC04,WTREVTFJI,2038,0.025849002916761003
GLOBAL,S1D2,LNDAGRFJIC04,WTREVTFJI,2039,0.026006130531454
GLOBAL,S1D2,LNDAGRFJIC04,WTREVTFJI,2040,2.363268194475881
GLOBAL,S1D2,LNDAGRFJIC04,WTREVTFJI,2041,0.02589477946391
GLOBAL,S1D2,LNDAGRFJIC04,WTREVTFJI,2042,0.025890971757095003
GLOBAL,S1D2,LNDAGRFJIC04,WTREVTFJI,2043,0.025887145299124004
GLOBAL,S1D2,LNDAGRFJIC04,WTREVTFJI,2044,0.025883292045642
GLOBAL,S1D2,LNDAGRFJIC04,WTREVTFJI,2045,0.025879438318671
GLOBAL,S1D2,LNDAGRFJIC04,WTREVTFJI,2046,0.0258532126083
GLOBAL,S1D2,LNDAGRFJIC04,WTREVTFJI,2047,0.025826940877773
GLOBAL,S1D2,LNDAGRFJIC04,WTREVTFJI,2048,0.025858919672856
GLOBAL,S1D2,LNDAGRFJIC04,WTREVTFJI,2049,0.025803509045024
GLOBAL,S1D2,LNDAGRFJIC04,WTREVTFJI,2050,0.025748125911781
GLOBAL,S1D2,LNDAGRFJIC04,WTRGRCFJI,2021,0.0014912206184386
GLOBAL,S1D2,LNDAGRFJIC04,WTRGRCFJI,2022,0.0014977204743837
GLOBAL,S1D2,LNDAGRFJIC04,WTRGRCFJI,2023,0.0015042218573928
GLOBAL,S1D2,LNDAGRFJIC04,WTRGRCFJI,2024,0.0015107217133379
GLOBAL,S1D2,LNDAGRFJIC04,WTRGRCFJI,2025,0.001517221569283
GLOBAL,S1D2,LNDAGRFJIC04,WTRGRCFJI,2026,0.0015221190682964
GLOBAL,S1D2,LNDAGRFJIC04,WTRGRCFJI,2027,0.0015270165811922
GLOBAL,S1D2,LNDAGRFJIC04,WTRGRCFJI,2028,0.0015319140802056
GLOBAL,S1D2,LNDAGRFJIC04,WTRGRCFJI,2029,0.0015368100811593002
GLOBAL,S1D2,LNDAGRFJIC04,WTRGRCFJI,2030,0.0015417075801727
GLOBAL,S1D2,LNDAGRFJIC04,WTRGRCFJI,2031,0.0015450579285928
GLOBAL,S1D2,LNDAGRFJIC04,WTRGRCFJI,2032,0.0015484082921348
GLOBAL,S1D2,LNDAGRFJIC04,WTRGRCFJI,2033,0.0015517586556768
GLOBAL,S1D2,LNDAGRFJIC04,WTRGRCFJI,2034,0.0015551090192188
GLOBAL,S1D2,LNDAGRFJIC04,WTRGRCFJI,2035,0.0015584578556968
GLOBAL,S1D2,LNDAGRFJIC04,WTRGRCFJI,2036,0.0015599589767139
GLOBAL,S1D2,LNDAGRFJIC04,WTRGRCFJI,2037,0.0015614616845389
GLOBAL,S1D2,LNDAGRFJIC04,WTRGRCFJI,2038,0.0015629612936139
GLOBAL,S1D2,LNDAGRFJIC04,WTRGRCFJI,2039,0.0015724619086554003
GLOBAL,S1D2,LNDAGRFJIC04,WTRGRCFJI,2040,0.0732452952654503
GLOBAL,S1D2,LNDAGRFJIC04,WTRGRCFJI,2041,0.0015657289734118001
GLOBAL,S1D2,LNDAGRFJIC04,WTRGRCFJI,2042,0.0015654989789809
GLOBAL,S1D2,LNDAGRFJIC04,WTRGRCFJI,2043,0.0015652674267464001
GLOBAL,S1D2,LNDAGRFJIC04,WTRGRCFJI,2044,0.0015650343764522
GLOBAL,S1D2,LNDAGRFJIC04,WTRGRCFJI,2045,0.0015648012971536999
GLOBAL,S1D2,LNDAGRFJIC04,WTRGRCFJI,2046,0.0015632158301447999
GLOBAL,S1D2,LNDAGRFJIC04,WTRGRCFJI,2047,0.0015616272782683002
GLOBAL,S1D2,LNDAGRFJIC04,WTRGRCFJI,2048,0.0015635608226588
GLOBAL,S1D2,LNDAGRFJIC04,WTRGRCFJI,2049,0.0015602104591168
GLOBAL,S1D2,LNDAGRFJIC04,WTRGRCFJI,2050,0.0015568616377607
GLOBAL,S1D2,LNDAGRFJIC04,WTRSURFJI,2021,0.02674645451522
GLOBAL,S1D2,LNDAGRFJIC04,WTRSURFJI,2022,0.026863035613350003
GLOBAL,S1D2,LNDAGRFJIC04,WTRSURFJI,2023,0.02697964398048
GLOBAL,S1D2,LNDAGRFJIC04,WTRSURFJI,2024,0.027096225078610002
GLOBAL,S1D2,LNDAGRFJIC04,WTRSURFJI,2025,0.027212806176740004
GLOBAL,S1D2,LNDAGRFJIC04,WTRSURFJI,2026,0.027300647459380004
GLOBAL,S1D2,LNDAGRFJIC04,WTRSURFJI,2027,0.027388488989920003
GLOBAL,S1D2,LNDAGRFJIC04,WTRSURFJI,2028,0.027476330272560003
GLOBAL,S1D2,LNDAGRFJIC04,WTRSURFJI,2029,0.02756414480679
GLOBAL,S1D2,LNDAGRFJIC04,WTRSURFJI,2030,0.02765198608943
GLOBAL,S1D2,LNDAGRFJIC04,WTRSURFJI,2031,0.02771207771876
GLOBAL,S1D2,LNDAGRFJIC04,WTRSURFJI,2032,0.027772169620780003
GLOBAL,S1D2,LNDAGRFJIC04,WTRSURFJI,2033,0.0278322615228
GLOBAL,S1D2,LNDAGRFJIC04,WTRSURFJI,2034,0.02789235342482
GLOBAL,S1D2,LNDAGRFJIC04,WTRSURFJI,2035,0.027952418057840003
GLOBAL,S1D2,LNDAGRFJIC04,WTRSURFJI,2036,0.02797934195625
GLOBAL,S1D2,LNDAGRFJIC04,WTRSURFJI,2037,0.028006294735010005
GLOBAL,S1D2,LNDAGRFJIC04,WTRSURFJI,2038,0.028033191637110003
GLOBAL,S1D2,LNDAGRFJIC04,WTRSURFJI,2039,0.02820359405634
GLOBAL,S1D2,LNDAGRFJIC04,WTRSURFJI,2040,0.8851225187627102
GLOBAL,S1D2,LNDAGRFJIC04,WTRSURFJI,2041,0.028082832397400004
GLOBAL,S1D2,LNDAGRFJIC04,WTRSURFJI,2042,0.028078707465350003
GLOBAL,S1D2,LNDAGRFJIC04,WTRSURFJI,2043,0.028074554173540003
GLOBAL,S1D2,LNDAGRFJIC04,WTRSURFJI,2044,0.028070374133320003
GLOBAL,S1D2,LNDAGRFJIC04,WTRSURFJI,2045,0.02806619357251
GLOBAL,S1D2,LNDAGRFJIC04,WTRSURFJI,2046,0.0280377569883
GLOBAL,S1D2,LNDAGRFJIC04,WTRSURFJI,2047,0.02800926477533
GLOBAL,S1D2,LNDAGRFJIC04,WTRSURFJI,2048,0.02804394467146
GLOBAL,S1D2,LNDAGRFJIC04,WTRSURFJI,2049,0.02798385276944
GLOBAL,S1D2,LNDAGRFJIC04,WTRSURFJI,2050,0.02792378840911
GLOBAL,S1D2,LNDCASHRTOT,LCASHRTOT,2021,0.0181852357497
GLOBAL,S1D2,LNDCASHRTOT,LCASHRTOT,2022,0.0182645131781
GLOBAL,S1D2,LNDCASHRTOT,LCASHRTOT,2023,0.018343765320700003
GLOBAL,S1D2,LNDCASHRTOT,LCASHRTOT,2024,0.0184230427491
GLOBAL,S1D2,LNDCASHRTOT,LCASHRTOT,2025,0.0185023199296
GLOBAL,S1D2,LNDCASHRTOT,LCASHRTOT,2026,0.0185620437497
GLOBAL,S1D2,LNDCASHRTOT,LCASHRTOT,2027,0.0186217673219
GLOBAL,S1D2,LNDCASHRTOT,LCASHRTOT,2028,0.0186814658562
GLOBAL,S1D2,LNDCASHRTOT,LCASHRTOT,2029,0.0187411894284
GLOBAL,S1D2,LNDCASHRTOT,LCASHRTOT,2030,0.0188009130006
GLOBAL,S1D2,LNDCASHRTOT,LCASHRTOT,2031,0.018841765929000002
GLOBAL,S1D2,LNDCASHRTOT,LCASHRTOT,2032,0.0188826441432
GLOBAL,S1D2,LNDCASHRTOT,LCASHRTOT,2033,0.0189234970716
GLOBAL,S1D2,LNDCASHRTOT,LCASHRTOT,2034,0.01896435
GLOBAL,S1D2,LNDCASHRTOT,LCASHRTOT,2035,0.019005202928399998
GLOBAL,S1D2,LNDCASHRTOT,LCASHRTOT,2036,0.019023491750900002
GLOBAL,S1D2,LNDCASHRTOT,LCASHRTOT,2037,0.0190418061071
GLOBAL,S1D2,LNDCASHRTOT,LCASHRTOT,2038,0.0190600949296
GLOBAL,S1D2,LNDCASHRTOT,LCASHRTOT,2039,0.019175975536700002
GLOBAL,S1D2,LNDCASHRTOT,LCASHRTOT,2040,0.019096698356200002
GLOBAL,S1D2,LNDCASHRTOT,LCASHRTOT,2041,0.019093865107100004
GLOBAL,S1D2,LNDCASHRTOT,LCASHRTOT,2042,0.019091031858000002
GLOBAL,S1D2,LNDCASHRTOT,LCASHRTOT,2043,0.0190882241426
GLOBAL,S1D2,LNDCASHRTOT,LCASHRTOT,2044,0.0190853908935
GLOBAL,S1D2,LNDCASHRTOT,LCASHRTOT,2045,0.0190825578923
GLOBAL,S1D2,LNDCASHRTOT,LCASHRTOT,2046,0.0190631810367
GLOBAL,S1D2,LNDCASHRTOT,LCASHRTOT,2047,0.0190438297148
GLOBAL,S1D2,LNDCASHRTOT,LCASHRTOT,2048,0.0190674307864
GLOBAL,S1D2,LNDCASHRTOT,LCASHRTOT,2049,0.019026577858
GLOBAL,S1D2,LNDCASHRTOT,LCASHRTOT,2050,0.0189857249296
GLOBAL,S1D2,LNDCONHRTOT,LCONHRTOT,2021,0.0109680573562
GLOBAL,S1D2,LNDCONHRTOT,LCONHRTOT,2022,0.0110158666065
GLOBAL,S1D2,LNDCONHRTOT,LCONHRTOT,2023,0.011063675856800001
GLOBAL,S1D2,LNDCONHRTOT,LCONHRTOT,2024,0.0111114851071
GLOBAL,S1D2,LNDCONHRTOT,LCONHRTOT,2025,0.0111592943574
GLOBAL,S1D2,LNDCONHRTOT,LCONHRTOT,2026,0.011195315714800001
GLOBAL,S1D2,LNDCONHRTOT,LCONHRTOT,2027,0.0112313370722
GLOBAL,S1D2,LNDCONHRTOT,LCONHRTOT,2028,0.0112673584296
GLOBAL,S1D2,LNDCONHRTOT,LCONHRTOT,2029,0.011303380034900001
GLOBAL,S1D2,LNDCONHRTOT,LCONHRTOT,2030,0.0113394013923
GLOBAL,S1D2,LNDCONHRTOT,LCONHRTOT,2031,0.0113640394296
GLOBAL,S1D2,LNDCONHRTOT,LCONHRTOT,2032,0.0113886777148
GLOBAL,S1D2,LNDCONHRTOT,LCONHRTOT,2033,0.011413316
GLOBAL,S1D2,LNDCONHRTOT,LCONHRTOT,2034,0.011437954285200001
GLOBAL,S1D2,LNDCONHRTOT,LCONHRTOT,2035,0.0114625925704
GLOBAL,S1D2,LNDCONHRTOT,LCONHRTOT,2036,0.0114736213935
GLOBAL,S1D2,LNDCONHRTOT,LCONHRTOT,2037,0.011484701036100001
GLOBAL,S1D2,LNDCONHRTOT,LCONHRTOT,2038,0.011495730107100002
GLOBAL,S1D2,LNDCONHRTOT,LCONHRTOT,2039,0.011565597499400001
GLOBAL,S1D2,LNDCONHRTOT,LCONHRTOT,2040,0.0115177882491
GLOBAL,S1D2,LNDCONHRTOT,LCONHRTOT,2041,0.011516068071
GLOBAL,S1D2,LNDCONHRTOT,LCONHRTOT,2042,0.011514398464500001
GLOBAL,S1D2,LNDCONHRTOT,LCONHRTOT,2043,0.011512678286400001
GLOBAL,S1D2,LNDCONHRTOT,LCONHRTOT,2044,0.0115109583562
GLOBAL,S1D2,LNDCONHRTOT,LCONHRTOT,2045,0.0115092381781
GLOBAL,S1D2,LNDCONHRTOT,LCONHRTOT,2046,0.011497601999999999
GLOBAL,S1D2,LNDCONHRTOT,LCONHRTOT,2047,0.0114859152503
GLOBAL,S1D2,LNDCONHRTOT,LCONHRTOT,2048,0.0115001315716
GLOBAL,S1D2,LNDCONHRTOT,LCONHRTOT,2049,0.0114754932864
GLOBAL,S1D2,LNDCONHRTOT,LCONHRTOT,2050,0.0114508552491
GLOBAL,S1D2,LNDFORTOT,LFORTOT,2023,0.030045532059000003
GLOBAL,S1D2,LNDFORTOT,LFORTOT,2024,0.0225929587331
GLOBAL,S1D2,LNDFORTOT,LFORTOT,2025,0.015140494979
GLOBAL,S1D2,LNDFORTOT,LFORTOT,2026,0.009521661503600001
GLOBAL,S1D2,LNDFORTOT,LFORTOT,2027,0.0039029368562999997
GLOBAL,S1D2,LNDFORTOT,LFORTOT,2040,1.5582463741900001
GLOBAL,S1D2,LNDOTHHRTOT,LOTHHRTOT,2021,0.0168553137289
GLOBAL,S1D2,LNDOTHHRTOT,LOTHHRTOT,2022,0.016928767738399998
GLOBAL,S1D2,LNDOTHHRTOT,LOTHHRTOT,2023,0.0170022485211
GLOBAL,S1D2,LNDOTHHRTOT,LOTHHRTOT,2024,0.0170757293038
GLOBAL,S1D2,LNDOTHHRTOT,LOTHHRTOT,2025,0.0171491830654
GLOBAL,S1D2,LNDOTHHRTOT,LOTHHRTOT,2026,0.0172045564884
GLOBAL,S1D2,LNDOTHHRTOT,LOTHHRTOT,2027,0.0172599028903
GLOBAL,S1D2,LNDOTHHRTOT,LOTHHRTOT,2028,0.017315249044300002
GLOBAL,S1D2,LNDOTHHRTOT,LOTHHRTOT,2029,0.017370595446200003
GLOBAL,S1D2,LNDOTHHRTOT,LOTHHRTOT,2030,0.017425968869200004
GLOBAL,S1D2,LNDOTHHRTOT,LOTHHRTOT,2031,0.017463827413500003
GLOBAL,S1D2,LNDOTHHRTOT,LOTHHRTOT,2032,0.0175016862057
GLOBAL,S1D2,LNDOTHHRTOT,LOTHHRTOT,2033,0.0175395717711
GLOBAL,S1D2,LNDOTHHRTOT,LOTHHRTOT,2034,0.017577430315400003
GLOBAL,S1D2,LNDOTHHRTOT,LOTHHRTOT,2035,0.017615315880800002
GLOBAL,S1D2,LNDOTHHRTOT,LOTHHRTOT,2036,0.0176322648038
GLOBAL,S1D2,LNDOTHHRTOT,LOTHHRTOT,2037,0.0176492134789
GLOBAL,S1D2,LNDOTHHRTOT,LOTHHRTOT,2038,0.017666189423000002
GLOBAL,S1D2,LNDOTHHRTOT,LOTHHRTOT,2039,0.0177735678038
GLOBAL,S1D2,LNDOTHHRTOT,LOTHHRTOT,2040,0.0177001137943
GLOBAL,S1D2,LNDOTHHRTOT,LOTHHRTOT,2041,0.0176974731635
GLOBAL,S1D2,LNDOTHHRTOT,LOTHHRTOT,2042,0.0176948595538
GLOBAL,S1D2,LNDOTHHRTOT,LOTHHRTOT,2043,0.0176922456962
GLOBAL,S1D2,LNDOTHHRTOT,LOTHHRTOT,2044,0.0176896320865
GLOBAL,S1D2,LNDOTHHRTOT,LOTHHRTOT,2045,0.0176869914557
GLOBAL,S1D2,LNDOTHHRTOT,LOTHHRTOT,2046,0.0176690454789
GLOBAL,S1D2,LNDOTHHRTOT,LOTHHRTOT,2047,0.01765109975
GLOBAL,S1D2,LNDOTHHRTOT,LOTHHRTOT,2048,0.017673006673
GLOBAL,S1D2,LNDOTHHRTOT,LOTHHRTOT,2049,0.0176351478808
GLOBAL,S1D2,LNDOTHHRTOT,LOTHHRTOT,2050,0.0175972623154
GLOBAL,S1D2,LNDSGCHRTOT,LSGCHRTOT,2021,0.38897763411
GLOBAL,S1D2,LNDSGCHRTOT,LSGCHRTOT,2022,0.39067237767
GLOBAL,S1D2,LNDSGCHRTOT,LSGCHRTOT,2023,0.39236935233000003
GLOBAL,S1D2,LNDSGCHRTOT,LSGCHRTOT,2024,0.39406409589
GLOBAL,S1D2,LNDSGCHRTOT,LSGCHRTOT,2025,0.39575883945
GLOBAL,S1D2,LNDSGCHRTOT,LSGCHRTOT,2026,0.39703664
GLOBAL,S1D2,LNDSGCHRTOT,LSGCHRTOT,2027,0.39831444055000004
GLOBAL,S1D2,LNDSGCHRTOT,LSGCHRTOT,2028,0.39959226589
GLOBAL,S1D2,LNDSGCHRTOT,LSGCHRTOT,2029,0.40087006644
GLOBAL,S1D2,LNDSGCHRTOT,LSGCHRTOT,2030,0.40214789178000004
GLOBAL,S1D2,LNDSGCHRTOT,LSGCHRTOT,2031,0.40302005356000004
GLOBAL,S1D2,LNDSGCHRTOT,LSGCHRTOT,2032,0.40389444644
GLOBAL,S1D2,LNDSGCHRTOT,LSGCHRTOT,2033,0.40476886411
GLOBAL,S1D2,LNDSGCHRTOT,LSGCHRTOT,2034,0.40564328178000003
GLOBAL,S1D2,LNDSGCHRTOT,LSGCHRTOT,2035,0.40651544356
GLOBAL,S1D2,LNDSGCHRTOT,LSGCHRTOT,2036,0.40690757178
GLOBAL,S1D2,LNDSGCHRTOT,LSGCHRTOT,2037,0.40729970000000004
GLOBAL,S1D2,LNDSGCHRTOT,LSGCHRTOT,2038,0.40769182822000005
GLOBAL,S1D2,LNDSGCHRTOT,LSGCHRTOT,2039,0.41016857233
GLOBAL,S1D2,LNDSGCHRTOT,LSGCHRTOT,2040,0.40847385356000004
GLOBAL,S1D2,LNDSGCHRTOT,LSGCHRTOT,2041,0.40841299411
GLOBAL,S1D2,LNDSGCHRTOT,LSGCHRTOT,2042,0.40835215945
GLOBAL,S1D2,LNDSGCHRTOT,LSGCHRTOT,2043,0.4082913
GLOBAL,S1D2,LNDSGCHRTOT,LSGCHRTOT,2044,0.40823269644000004
GLOBAL,S1D2,LNDSGCHRTOT,LSGCHRTOT,2045,0.40817186178000003
GLOBAL,S1D2,LNDSGCHRTOT,LSGCHRTOT,2046,0.40775719945
GLOBAL,S1D2,LNDSGCHRTOT,LSGCHRTOT,2047,0.40734251233
GLOBAL,S1D2,LNDSGCHRTOT,LSGCHRTOT,2048,0.40784733589
GLOBAL,S1D2,LNDSGCHRTOT,LSGCHRTOT,2049,0.40697291822000004
GLOBAL,S1D2,LNDSGCHRTOT,LSGCHRTOT,2050,0.40610075644
GLOBAL,S1D2,LNDYAMHRTOT,LYAMHRTOT,2021,0.0146815914234
GLOBAL,S1D2,LNDYAMHRTOT,LYAMHRTOT,2022,0.0147455823462
GLOBAL,S1D2,LNDYAMHRTOT,LYAMHRTOT,2023,0.014809600538
GLOBAL,S1D2,LNDYAMHRTOT,LYAMHRTOT,2024,0.0148735914608
GLOBAL,S1D2,LNDYAMHRTOT,LYAMHRTOT,2025,0.0149375823836
GLOBAL,S1D2,LNDYAMHRTOT,LYAMHRTOT,2026,0.0149858001731
GLOBAL,S1D2,LNDYAMHRTOT,LYAMHRTOT,2027,0.0150340182105
GLOBAL,S1D2,LNDYAMHRTOT,LYAMHRTOT,2028,0.015082236
GLOBAL,S1D2,LNDYAMHRTOT,LYAMHRTOT,2029,0.0151304267684
GLOBAL,S1D2,LNDYAMHRTOT,LYAMHRTOT,2030,0.0151786445579
GLOBAL,S1D2,LNDYAMHRTOT,LYAMHRTOT,2031,0.0152116343462
GLOBAL,S1D2,LNDYAMHRTOT,LYAMHRTOT,2032,0.0152446241345
GLOBAL,S1D2,LNDYAMHRTOT,LYAMHRTOT,2033,0.0152776139228
GLOBAL,S1D2,LNDYAMHRTOT,LYAMHRTOT,2034,0.015310603711099999
GLOBAL,S1D2,LNDYAMHRTOT,LYAMHRTOT,2035,0.0153435662304
GLOBAL,S1D2,LNDYAMHRTOT,LYAMHRTOT,2036,0.0153583584234
GLOBAL,S1D2,LNDYAMHRTOT,LYAMHRTOT,2037,0.015373123595300001
GLOBAL,S1D2,LNDYAMHRTOT,LYAMHRTOT,2038,0.015387888519300001
GLOBAL,S1D2,LNDYAMHRTOT,LYAMHRTOT,2039,0.015481436807000001
GLOBAL,S1D2,LNDYAMHRTOT,LYAMHRTOT,2040,0.0154174458842
GLOBAL,S1D2,LNDYAMHRTOT,LYAMHRTOT,2041,0.015415157519300001
GLOBAL,S1D2,LNDYAMHRTOT,LYAMHRTOT,2042,0.0154128691544
GLOBAL,S1D2,LNDYAMHRTOT,LYAMHRTOT,2043,0.015410608058500001
GLOBAL,S1D2,LNDYAMHRTOT,LYAMHRTOT,2044,0.015408319941500001
GLOBAL,S1D2,LNDYAMHRTOT,LYAMHRTOT,2045,0.015406031576600001
GLOBAL,S1D2,LNDYAMHRTOT,LYAMHRTOT,2046,0.0153903947883
GLOBAL,S1D2,LNDYAMHRTOT,LYAMHRTOT,2047,0.015374758
GLOBAL,S1D2,LNDYAMHRTOT,LYAMHRTOT,2048,0.015393799942700001
GLOBAL,S1D2,LNDYAMHRTOT,LYAMHRTOT,2049,0.0153608101544
GLOBAL,S1D2,LNDYAMHRTOT,LYAMHRTOT,2050,0.0153278476351
GLOBAL,S1D2,MINCOGINT,COGINT,2021,9.6721211859
GLOBAL,S1D2,MINCOGINT,COGINT,2027,11.847891393300001
GLOBAL,S1D2,MINGASINT,GASINT,2028,11.7748231162
GLOBAL,S1D2,MINGASINT,GASINT,2038,1.53190070253
GLOBAL,S1D2,MINLNDTOT,LTOT,2021,0.44966784278
GLOBAL,S1D2,MINLNDTOT,LTOT,2022,0.45162709564000003
GLOBAL,S1D2,MINLNDTOT,LTOT,2023,0.48363418355
GLOBAL,S1D2,MINLNDTOT,LTOT,2024,0.47814089308
GLOBAL,S1D2,MINLNDTOT,LTOT,2025,0.47264770177000004
GLOBAL,S1D2,MINLNDTOT,LTOT,2026,0.46850601168
GLOBAL,S1D2,MINLNDTOT,LTOT,2027,0.46436442075
GLOBAL,S1D2,MINLNDTOT,LTOT,2028,0.46193857051000003
GLOBAL,S1D2,MINLNDTOT,LTOT,2029,0.46341565787
GLOBAL,S1D2,MINLNDTOT,LTOT,2030,0.4648928196
GLOBAL,S1D2,MINLNDTOT,LTOT,2031,0.46590130159000004
GLOBAL,S1D2,MINLNDTOT,LTOT,2032,0.46691208905
GLOBAL,S1D2,MINLNDTOT,LTOT,2033,0.46792287651000003
GLOBAL,S1D2,MINLNDTOT,LTOT,2034,0.46893361439000003
GLOBAL,S1D2,MINLNDTOT,LTOT,2035,0.46994212117000006
GLOBAL,S1D2,MINLNDTOT,LTOT,2036,0.47039530716000005
GLOBAL,S1D2,MINLNDTOT,LTOT,2037,0.47084854273000004
GLOBAL,S1D2,MINLNDTOT,LTOT,2038,0.47130172872000003
GLOBAL,S1D2,MINLNDTOT,LTOT,2039,0.47416514725
GLOBAL,S1D2,MINLNDTOT,LTOT,2040,2.03045226858
GLOBAL,S1D2,MINLNDTOT,LTOT,2041,0.47213556516
GLOBAL,S1D2,MINLNDTOT,LTOT,2042,0.47206531030000004
GLOBAL,S1D2,MINLNDTOT,LTOT,2043,0.47199505544000003
GLOBAL,S1D2,MINLNDTOT,LTOT,2044,0.47192700689000006
GLOBAL,S1D2,MINLNDTOT,LTOT,2045,0.47185667766000006
GLOBAL,S1D2,MINLNDTOT,LTOT,2046,0.47137741259
GLOBAL,S1D2,MINLNDTOT,LTOT,2047,0.47089812273000003
GLOBAL,S1D2,MINLNDTOT,LTOT,2048,0.47148170412
GLOBAL,S1D2,MINLNDTOT,LTOT,2049,0.47047094145
GLOBAL,S1D2,MINLNDTOT,LTOT,2050,0.46946245946
GLOBAL,S1D2,MINOILINT,OILINT,2022,0.82251541717
GLOBAL,S1D2,MINOILINT,OILINT,2028,0.011494810150200001
GLOBAL,S1D2,MINOILINT,OILINT,2029,0.34521480593000003
GLOBAL,S1D2,MINOILINT,OILINT,2030,0.54896602224
GLOBAL,S1D2,MINOILINT,OILINT,2031,0.9346314892400001
GLOBAL,S1D2,MINOILINT,OILINT,2032,0.098915310305
GLOBAL,S1D2,MINOILINT,OILINT,2033,1.05689207553
GLOBAL,S1D2,MINOILINT,OILINT,2034,0.036600308018
GLOBAL,S1D2,MINOILINT,OILINT,2035,1.1595322940500001
GLOBAL,S1D2,MINOILINT,OILINT,2036,0.05432941694000001
GLOBAL,S1D2,MINOILINT,OILINT,2037,0.95386847966
GLOBAL,S1D2,MINOILINT,OILINT,2038,1.1595322940500001
GLOBAL,S1D2,MINOILINT,OILINT,2039,1.1595322940500001
GLOBAL,S1D2,MINOILINT,OILINT,2040,0.59037238739
GLOBAL,S1D2,MINOILINT,OILINT,2041,0.44741215110000004
GLOBAL,S1D2,MINOILINT,OILINT,2042,0.6986876566600001
GLOBAL,S1D2,MINOILINT,OILINT,2043,0.48633849986
GLOBAL,S1D2,MINOILINT,OILINT,2044,0.236684649503
GLOBAL,S1D2,MINPETINT,PETINT,2031,0.099297820005
GLOBAL,S1D2,MINPETINT,PETINT,2032,1.41276782096
GLOBAL,S1D2,MINPETINT,PETINT,2033,1.57460782377
GLOBAL,S1D2,MINPETINT,PETINT,2034,1.68548414794
GLOBAL,S1D2,MINPETINT,PETINT,2035,1.68548414794
GLOBAL,S1D2,MINPETINT,PETINT,2036,1.68548414794
GLOBAL,S1D2,MINPETINT,PETINT,2037,1.68548414794
GLOBAL,S1D2,MINPETINT,PETINT,2038,1.68548414794
GLOBAL,S1D2,MINPETINT,PETINT,2039,1.68548414794
GLOBAL,S1D2,MINPETINT,PETINT,2040,1.68548414794
GLOBAL,S1D2,MINPETINT,PETINT,2041,1.68548414794
GLOBAL,S1D2,MINPETINT,PETINT,2042,1.68548414794
GLOBAL,S1D2,MINPETINT,PETINT,2043,1.68548414794
GLOBAL,S1D2,MINPETINT,PETINT,2044,1.68548414794
GLOBAL,S1D2,MINPETINT,PETINT,2045,1.68548414794
GLOBAL,S1D2,MINPETINT,PETINT,2046,1.79921751961
GLOBAL,S1D2,MINPETINT,PETINT,2047,1.79921751961
GLOBAL,S1D2,MINPETINT,PETINT,2048,2.16189179859
GLOBAL,S1D2,MINPETINT,PETINT,2049,2.42047442934
GLOBAL,S1D2,MINPETINT,PETINT,2050,2.42047442934
GLOBAL,S1D2,MINPRCFJI,WTRPRCFJI,2021,1.1987133600600002
GLOBAL,S1D2,MINPRCFJI,WTRPRCFJI,2022,1.20393629079
GLOBAL,S1D2,MINPRCFJI,WTRPRCFJI,2023,1.2902883141800001
GLOBAL,S1D2,MINPRCFJI,WTRPRCFJI,2024,1.27538937544
GLOBAL,S1D2,MINPRCFJI,WTRPRCFJI,2025,1.26049065981
GLOBAL,S1D2,MINPRCFJI,WTRPRCFJI,2026,1.2492575671100001
GLOBAL,S1D2,MINPRCFJI,WTRPRCFJI,2027,1.23802469752
GLOBAL,S1D2,MINPRCFJI,WTRPRCFJI,2028,1.23142438481
GLOBAL,S1D2,MINPRCFJI,WTRPRCFJI,2029,1.23536202841
GLOBAL,S1D2,MINPRCFJI,WTRPRCFJI,2030,1.23929977117
GLOBAL,S1D2,MINPRCFJI,WTRPRCFJI,2031,1.24198814751
GLOBAL,S1D2,MINPRCFJI,WTRPRCFJI,2032,1.24468264698
GLOBAL,S1D2,MINPRCFJI,WTRPRCFJI,2033,1.24248144372
GLOBAL,S1D2,MINPRCFJI,WTRPRCFJI,2034,1.25007162113
GLOBAL,S1D2,MINPRCFJI,WTRPRCFJI,2035,1.25275999747
GLOBAL,S1D2,MINPRCFJI,WTRPRCFJI,2036,1.25396813812
GLOBAL,S1D2,MINPRCFJI,WTRPRCFJI,2037,1.25517637793
GLOBAL,S1D2,MINPRCFJI,WTRPRCFJI,2038,1.25638451858
GLOBAL,S1D2,MINPRCFJI,WTRPRCFJI,2039,1.26401770664
GLOBAL,S1D2,MINPRCFJI,WTRPRCFJI,2040,4.5311122336
GLOBAL,S1D2,MINPRCFJI,WTRPRCFJI,2041,1.25860728914
GLOBAL,S1D2,MINPRCFJI,WTRPRCFJI,2042,1.2584199759
GLOBAL,S1D2,MINPRCFJI,WTRPRCFJI,2043,1.25823268745
GLOBAL,S1D2,MINPRCFJI,WTRPRCFJI,2044,1.2580513486
GLOBAL,S1D2,MINPRCFJI,WTRPRCFJI,2045,1.25786386183
GLOBAL,S1D2,MINPRCFJI,WTRPRCFJI,2046,1.24906242023
GLOBAL,S1D2,MINPRCFJI,WTRPRCFJI,2047,1.2481493549500002
GLOBAL,S1D2,MINPRCFJI,WTRPRCFJI,2048,1.2568642298700001
GLOBAL,S1D2,MINPRCFJI,WTRPRCFJI,2049,1.24773992331
GLOBAL,S1D2,MINPRCFJI,WTRPRCFJI,2050,1.2514814036400002
GLOBAL,S1D2,PWRBIOFJIXX01,ELCFJIXX01,2021,0.54489887568
GLOBAL,S1D2,PWRBIOFJIXX01,ELCFJIXX01,2023,0.26687800929
GLOBAL,S1D2,PWRBIOFJIXX01,ELCFJIXX01,2024,0.28687801112
GLOBAL,S1D2,PWRBIOFJIXX01,ELCFJIXX01,2025,0.30437799102999996
GLOBAL,S1D2,PWRBIOFJIXX01,ELCFJIXX01,2026,0.34187799756
GLOBAL,S1D2,PWRBIOFJIXX01,ELCFJIXX01,2027,0.37937800409000005
GLOBAL,S1D2,PWRBIOFJIXX01,ELCFJIXX01,2028,0.41315799843
GLOBAL,S1D2,PWRBIOFJIXX01,ELCFJIXX01,2029,0.34265799012000003
GLOBAL,S1D2,PWRBIOFJIXX01,ELCFJIXX01,2030,0.31421910044
GLOBAL,S1D2,PWRBIOFJIXX01,ELCFJIXX01,2031,0.196957997736
GLOBAL,S1D2,PWRBIOFJIXX01,ELCFJIXX01,2032,0.078177744
GLOBAL,S1D2,PWRBIOFJIXX01,ELCFJIXX01,2033,0.078177744
GLOBAL,S1D2,PWRBIOFJIXX01,ELCFJIXX01,2034,0.091721423356
GLOBAL,S1D2,PWRBIOFJIXX01,ELCFJIXX01,2035,0.098163551076
GLOBAL,S1D2,PWRBIOFJIXX01,ELCFJIXX01,2036,0.200610313394
GLOBAL,S1D2,PWRBIOFJIXX01,ELCFJIXX01,2037,0.25972143377
GLOBAL,S1D2,PWRBIOFJIXX01,ELCFJIXX01,2038,0.23816355149100002
GLOBAL,S1D2,PWRBIOFJIXX01,ELCFJIXX01,2039,0.30247176398000003
GLOBAL,S1D2,PWRBIOFJIXX01,ELCFJIXX01,2040,0.44144019052000005
GLOBAL,S1D2,PWRBIOFJIXX01,ELCFJIXX01,2041,0.5650926113600001
GLOBAL,S1D2,PWRBIOFJIXX01,ELCFJIXX01,2042,0.53627366619
GLOBAL,S1D2,PWRBIOFJIXX01,ELCFJIXX01,2043,0.65749508047
GLOBAL,S1D2,PWRBIOFJIXX01,ELCFJIXX01,2044,0.79328919709
GLOBAL,S1D2,PWRBIOFJIXX01,ELCFJIXX01,2045,0.9223861712600001
GLOBAL,S1D2,PWRBIOFJIXX01,ELCFJIXX01,2046,0.94771840293
GLOBAL,S1D2,PWRBIOFJIXX01,ELCFJIXX01,2047,0.967811516
GLOBAL,S1D2,PWRBIOFJIXX01,ELCFJIXX01,2048,0.5819399945200001
GLOBAL,S1D2,PWRBIOFJIXX01,ELCFJIXX01,2049,0.8897864040300001
GLOBAL,S1D2,PWRBIOFJIXX01,ELCFJIXX01,2050,0.9887014540400001
GLOBAL,S1D2,PWRHYDFJIXX01,ELCFJIXX01,2021,0.29260112968
GLOBAL,S1D2,PWRHYDFJIXX01,ELCFJIXX01,2022,0.59131378764
GLOBAL,S1D2,PWRHYDFJIXX01,ELCFJIXX01,2023,0.59131378764
GLOBAL,S1D2,PWRHYDFJIXX01,ELCFJIXX01,2024,0.59131378764
GLOBAL,S1D2,PWRHYDFJIXX01,ELCFJIXX01,2025,0.59131378764
GLOBAL,S1D2,PWRHYDFJIXX01,ELCFJIXX01,2026,0.59131378764
GLOBAL,S1D2,PWRHYDFJIXX01,ELCFJIXX01,2027,0.59131378764
GLOBAL,S1D2,PWRHYDFJIXX01,ELCFJIXX01,2028,0.59131378764
GLOBAL,S1D2,PWRHYDFJIXX01,ELCFJIXX01,2029,0.59131378764
GLOBAL,S1D2,PWRHYDFJIXX01,ELCFJIXX01,2030,0.59131378764
GLOBAL,S1D2,PWRHYDFJIXX01,ELCFJIXX01,2031,0.59131378764
GLOBAL,S1D2,PWRHYDFJIXX01,ELCFJIXX01,2032,0.59131378764
GLOBAL,S1D2,PWRHYDFJIXX01,ELCFJIXX01,2033,0.27090006284
GLOBAL,S1D2,PWRHYDFJIXX01,ELCFJIXX01,2034,0.59131378764
GLOBAL,S1D2,PWRHYDFJIXX01,ELCFJIXX01,2035,0.26146325354
GLOBAL,S1D2,PWRHYDFJIXX01,ELCFJIXX01,2036,0.56418733014
GLOBAL,S1D2,PWRHYDFJIXX01,ELCFJIXX01,2037,0.26146325354
GLOBAL,S1D2,PWRHYDFJIXX01,ELCFJIXX01,2038,0.26146325354
GLOBAL,S1D2,PWRHYDFJIXX01,ELCFJIXX01,2039,0.26146325354
GLOBAL,S1D2,PWRHYDFJIXX01,ELCFJIXX01,2040,0.2838502101
GLOBAL,S1D2,PWRHYDFJIXX01,ELCFJIXX01,2041,0.26146325354
GLOBAL,S1D2,PWRHYDFJIXX01,ELCFJIXX01,2042,0.26146325354
GLOBAL,S1D2,PWRHYDFJIXX01,ELCFJIXX01,2043,0.26146325354
GLOBAL,S1D2,PWRHYDFJIXX01,ELCFJIXX01,2044,0.26146325354
GLOBAL,S1D2,PWRHYDFJIXX01,ELCFJIXX01,2045,0.26146325354
GLOBAL,S1D2,PWRHYDFJIXX01,ELCFJIXX01,2046,0.26146325354
GLOBAL,S1D2,PWRHYDFJIXX01,ELCFJIXX01,2047,0.26146325354
GLOBAL,S1D2,PWRHYDFJIXX01,ELCFJIXX01,2048,0.59131378764
GLOBAL,S1D2,PWRHYDFJIXX01,ELCFJIXX01,2049,0.26146325354
GLOBAL,S1D2,PWRHYDFJIXX01,ELCFJIXX01,2050,0.26146325354
GLOBAL,S1D2,PWROILFJIXX01,ELCFJIXX01,2022,0.26618621955
GLOBAL,S1D2,PWROILFJIXX01,ELCFJIXX01,2028,0.0037200032656
GLOBAL,S1D2,PWROILFJIXX01,ELCFJIXX01,2029,0.11172000224
GLOBAL,S1D2,PWROILFJIXX01,ELCFJIXX01,2030,0.177658908366
GLOBAL,S1D2,PWROILFJIXX01,ELCFJIXX01,2031,0.30246973120000004
GLOBAL,S1D2,PWROILFJIXX01,ELCFJIXX01,2032,0.03201142616
GLOBAL,S1D2,PWROILFJIXX01,ELCFJIXX01,2033,0.34203628171000006
GLOBAL,S1D2,PWROILFJIXX01,ELCFJIXX01,2034,0.011844760168400002
GLOBAL,S1D2,PWROILFJIXX01,ELCFJIXX01,2035,0.3752531712
GLOBAL,S1D2,PWROILFJIXX01,ELCFJIXX01,2036,0.0175823357606
GLOBAL,S1D2,PWROILFJIXX01,ELCFJIXX01,2037,0.30869529348
GLOBAL,S1D2,PWROILFJIXX01,ELCFJIXX01,2038,0.3752531712
GLOBAL,S1D2,PWROILFJIXX01,ELCFJIXX01,2039,0.3752531712
GLOBAL,S1D2,PWROILFJIXX01,ELCFJIXX01,2040,0.191059023874
GLOBAL,S1D2,PWROILFJIXX01,ELCFJIXX01,2041,0.144793575782
GLOBAL,S1D2,PWROILFJIXX01,ELCFJIXX01,2042,0.226112512741
GLOBAL,S1D2,PWROILFJIXX01,ELCFJIXX01,2043,0.15739109520800001
GLOBAL,S1D2,PWROILFJIXX01,ELCFJIXX01,2044,0.076596974944
GLOBAL,S1D2,PWRPETFJIXX01,ELCFJIXX01,2031,0.032450268656
GLOBAL,S1D2,PWRPETFJIXX01,ELCFJIXX01,2032,0.46168883605
GLOBAL,S1D2,PWRPETFJIXX01,ELCFJIXX01,2033,0.51457773088
GLOBAL,S1D2,PWRPETFJIXX01,ELCFJIXX01,2034,0.55081181127
GLOBAL,S1D2,PWRPETFJIXX01,ELCFJIXX01,2035,0.55081181127
GLOBAL,S1D2,PWRPETFJIXX01,ELCFJIXX01,2036,0.55081181127
GLOBAL,S1D2,PWRPETFJIXX01,ELCFJIXX01,2037,0.55081181127
GLOBAL,S1D2,PWRPETFJIXX01,ELCFJIXX01,2038,0.55081181127
GLOBAL,S1D2,PWRPETFJIXX01,ELCFJIXX01,2039,0.55081181127
GLOBAL,S1D2,PWRPETFJIXX01,ELCFJIXX01,2040,0.55081181127
GLOBAL,S1D2,PWRPETFJIXX01,ELCFJIXX01,2041,0.55081181127
GLOBAL,S1D2,PWRPETFJIXX01,ELCFJIXX01,2042,0.55081181127
GLOBAL,S1D2,PWRPETFJIXX01,ELCFJIXX01,2043,0.55081181127
GLOBAL,S1D2,PWRPETFJIXX01,ELCFJIXX01,2044,0.55081181127
GLOBAL,S1D2,PWRPETFJIXX01,ELCFJIXX01,2045,0.55081181127
GLOBAL,S1D2,PWRPETFJIXX01,ELCFJIXX01,2046,0.58797958222
GLOBAL,S1D2,PWRPETFJIXX01,ELCFJIXX01,2047,0.58797958222
GLOBAL,S1D2,PWRPETFJIXX01,ELCFJIXX01,2048,0.70650059701
GLOBAL,S1D2,PWRPETFJIXX01,ELCFJIXX01,2049,0.7910047242200001
GLOBAL,S1D2,PWRPETFJIXX01,ELCFJIXX01,2050,0.7910047242200001
GLOBAL,S1D2,PWRSPVFJIXX01,ELCFJIXX01,2040,0.067838757188
GLOBAL,S1D2,PWRSPVFJIXX01,ELCFJIXX01,2041,0.067838757188
GLOBAL,S1D2,PWRSPVFJIXX01,ELCFJIXX01,2042,0.067838757188
GLOBAL,S1D2,PWRSPVFJIXX01,ELCFJIXX01,2043,0.067838757188
GLOBAL,S1D2,PWRSPVFJIXX01,ELCFJIXX01,2044,0.067838757188
GLOBAL,S1D2,PWRSPVFJIXX01,ELCFJIXX01,2045,0.067838757188
GLOBAL,S1D2,PWRSPVFJIXX01,ELCFJIXX01,2046,0.067838757188
GLOBAL,S1D2,PWRSPVFJIXX01,ELCFJIXX01,2047,0.112745641389
GLOBAL,S1D2,PWRSPVFJIXX01,ELCFJIXX01,2048,0.112745641389
GLOBAL,S1D2,PWRSPVFJIXX01,ELCFJIXX01,2049,0.112745641389
GLOBAL,S1D2,PWRSPVFJIXX01,ELCFJIXX01,2050,0.076330584083
GLOBAL,S1D2,PWRTRNFJIXX,ELCFJIXX02,2021,0.83750000536
GLOBAL,S1D2,PWRTRNFJIXX,ELCFJIXX02,2022,0.8575000071900001
GLOBAL,S1D2,PWRTRNFJIXX,ELCFJIXX02,2023,0.87500001189
GLOBAL,S1D2,PWRTRNFJIXX,ELCFJIXX02,2024,0.89499998893
GLOBAL,S1D2,PWRTRNFJIXX,ELCFJIXX02,2025,0.91249999363
GLOBAL,S1D2,PWRTRNFJIXX,ELCFJIXX02,2026,0.9500000001600001
GLOBAL,S1D2,PWRTRNFJIXX,ELCFJIXX02,2027,0.98750000669
GLOBAL,S1D2,PWRTRNFJIXX,ELCFJIXX02,2028,1.02499998843
GLOBAL,S1D2,PWRTRNFJIXX,ELCFJIXX02,2029,1.06249999496
GLOBAL,S1D2,PWRTRNFJIXX,ELCFJIXX02,2030,1.10000000149
GLOBAL,S1D2,PWRTRNFJIXX,ELCFJIXX02,2031,1.14000000515
GLOBAL,S1D2,PWRTRNFJIXX,ELCFJIXX02,2032,1.18000000881
GLOBAL,S1D2,PWRTRNFJIXX,ELCFJIXX02,2033,1.2225000096
GLOBAL,S1D2,PWRTRNFJIXX,ELCFJIXX02,2034,1.2624999884700001
GLOBAL,S1D2,PWRTRNFJIXX,ELCFJIXX02,2035,1.30249999213
GLOBAL,S1D2,PWRTRNFJIXX,ELCFJIXX02,2036,1.3500000119700002
GLOBAL,S1D2,PWRTRNFJIXX,ELCFJIXX02,2037,1.3975000070199999
GLOBAL,S1D2,PWRTRNFJIXX,ELCFJIXX02,2038,1.44250000494
GLOBAL,S1D2,PWRTRNFJIXX,ELCFJIXX02,2039,1.48999999999
GLOBAL,S1D2,PWRTRNFJIXX,ELCFJIXX02,2040,1.53499999791
GLOBAL,S1D2,PWRTRNFJIXX,ELCFJIXX02,2041,1.5900000091400002
GLOBAL,S1D2,PWRTRNFJIXX,ELCFJIXX02,2042,1.64249999845
GLOBAL,S1D2,PWRTRNFJIXX,ELCFJIXX02,2043,1.6949999877600002
GLOBAL,S1D2,PWRTRNFJIXX,ELCFJIXX02,2044,1.7499999989900001
GLOBAL,S1D2,PWRTRNFJIXX,ELCFJIXX02,2045,1.8024999883000001
GLOBAL,S1D2,PWRTRNFJIXX,ELCFJIXX02,2046,1.86499999092
GLOBAL,S1D2,PWRTRNFJIXX,ELCFJIXX02,2047,1.92999999067
GLOBAL,S1D2,PWRTRNFJIXX,ELCFJIXX02,2048,1.99249999329
GLOBAL,S1D2,PWRTRNFJIXX,ELCFJIXX02,2049,2.0549999959100003
GLOBAL,S1D2,PWRTRNFJIXX,ELCFJIXX02,2050,2.11749999853
GLOBAL,S1D2,PWRWONFJIXX01,ELCFJIXX01,2023,0.01680821496
GLOBAL,S1D2,PWRWONFJIXX01,ELCFJIXX01,2024,0.01680821496
GLOBAL,S1D2,PWRWONFJIXX01,ELCFJIXX01,2025,0.01680821496
GLOBAL,S1D2,PWRWONFJIXX01,ELCFJIXX01,2026,0.01680821496
GLOBAL,S1D2,PWRWONFJIXX01,ELCFJIXX01,2027,0.01680821496
GLOBAL,S1D2,PWRWONFJIXX01,ELCFJIXX01,2028,0.01680821496
GLOBAL,S1D2,PWRWONFJIXX01,ELCFJIXX01,2029,0.01680821496
GLOBAL,S1D2,PWRWONFJIXX01,ELCFJIXX01,2030,0.01680821496
GLOBAL,S1D2,PWRWONFJIXX01,ELCFJIXX01,2031,0.01680821496
GLOBAL,S1D2,PWRWONFJIXX01,ELCFJIXX01,2032,0.01680821496
GLOBAL,S1D2,PWRWONFJIXX01,ELCFJIXX01,2033,0.01680821496
GLOBAL,S1D2,PWRWONFJIXX01,ELCFJIXX01,2034,0.01680821496
GLOBAL,S1D2,PWRWONFJIXX01,ELCFJIXX01,2035,0.01680821496
GLOBAL,S1D2,PWRWONFJIXX01,ELCFJIXX01,2036,0.01680821496
GLOBAL,S1D2,PWRWONFJIXX01,ELCFJIXX01,2037,0.01680821496
GLOBAL,S1D2,PWRWONFJIXX01,ELCFJIXX01,2038,0.01680821496
GLOBAL,S1D2,RNWBIOFJIXX,BIOFJIXX,2021,2.0815136941900003
GLOBAL,S1D2,RNWBIOFJIXX,BIOFJIXX,2023,1.01947397516
GLOBAL,S1D2,RNWBIOFJIXX,BIOFJIXX,2024,1.0958739538900002
GLOBAL,S1D2,RNWBIOFJIXX,BIOFJIXX,2025,1.1627239569699999
GLOBAL,S1D2,RNWBIOFJIXX,BIOFJIXX,2026,1.30597396357
GLOBAL,S1D2,RNWBIOFJIXX,BIOFJIXX,2027,1.44922397017
GLOBAL,S1D2,RNWBIOFJIXX,BIOFJIXX,2028,1.57826355549
GLOBAL,S1D2,RNWBIOFJIXX,BIOFJIXX,2029,1.30895354804
GLOBAL,S1D2,RNWBIOFJIXX,BIOFJIXX,2030,1.2003169260000002
GLOBAL,S1D2,RNWBIOFJIXX,BIOFJIXX,2031,0.75237954917
GLOBAL,S1D2,RNWBIOFJIXX,BIOFJIXX,2032,0.29863898208
GLOBAL,S1D2,RNWBIOFJIXX,BIOFJIXX,2033,0.29863898208
GLOBAL,S1D2,RNWBIOFJIXX,BIOFJIXX,2034,0.35037583603
GLOBAL,S1D2,RNWBIOFJIXX,BIOFJIXX,2035,0.37498476987
GLOBAL,S1D2,RNWBIOFJIXX,BIOFJIXX,2036,0.76633138596
GLOBAL,S1D2,RNWBIOFJIXX,BIOFJIXX,2037,0.99213583585
GLOBAL,S1D2,RNWBIOFJIXX,BIOFJIXX,2038,0.9097847697200001
GLOBAL,S1D2,RNWBIOFJIXX,BIOFJIXX,2039,1.15544214237
GLOBAL,S1D2,RNWBIOFJIXX,BIOFJIXX,2040,1.68630152382
GLOBAL,S1D2,RNWBIOFJIXX,BIOFJIXX,2041,2.15865375358
GLOBAL,S1D2,RNWBIOFJIXX,BIOFJIXX,2042,2.04856540435
GLOBAL,S1D2,RNWBIOFJIXX,BIOFJIXX,2043,2.5116313249
GLOBAL,S1D2,RNWBIOFJIXX,BIOFJIXX,2044,3.0303648018000002
GLOBAL,S1D2,RNWBIOFJIXX,BIOFJIXX,2045,3.5235152466
GLOBAL,S1D2,RNWBIOFJIXX,BIOFJIXX,2046,3.6202842511
GLOBAL,S1D2,RNWBIOFJIXX,BIOFJIXX,2047,3.6970400407
GLOBAL,S1D2,RNWBIOFJIXX,BIOFJIXX,2048,2.2230107503100003
GLOBAL,S1D2,RNWBIOFJIXX,BIOFJIXX,2049,3.3989839211
GLOBAL,S1D2,RNWBIOFJIXX,BIOFJIXX,2050,3.7768395464999998
GLOBAL,S1D2,RNWHYDFJIXX,HYDFJIXX,2021,0.29260112968
GLOBAL,S1D2,RNWHYDFJIXX,HYDFJIXX,2022,0.59131378764
GLOBAL,S1D2,RNWHYDFJIXX,HYDFJIXX,2023,0.59131378764
GLOBAL,S1D2,RNWHYDFJIXX,HYDFJIXX,2024,0.59131378764
GLOBAL,S1D2,RNWHYDFJIXX,HYDFJIXX,2025,0.59131378764
GLOBAL,S1D2,RNWHYDFJIXX,HYDFJIXX,2026,0.59131378764
GLOBAL,S1D2,RNWHYDFJIXX,HYDFJIXX,2027,0.59131378764
GLOBAL,S1D2,RNWHYDFJIXX,HYDFJIXX,2028,0.59131378764
GLOBAL,S1D2,RNWHYDFJIXX,HYDFJIXX,2029,0.59131378764
GLOBAL,S1D2,RNWHYDFJIXX,HYDFJIXX,2030,0.59131378764
GLOBAL,S1D2,RNWHYDFJIXX,HYDFJIXX,2031,0.59131378764
GLOBAL,S1D2,RNWHYDFJIXX,HYDFJIXX,2032,0.59131378764
GLOBAL,S1D2,RNWHYDFJIXX,HYDFJIXX,2033,0.27090006284
GLOBAL,S1D2,RNWHYDFJIXX,HYDFJIXX,2034,0.59131378764
GLOBAL,S1D2,RNWHYDFJIXX,HYDFJIXX,2035,0.26146325354
GLOBAL,S1D2,RNWHYDFJIXX,HYDFJIXX,2036,0.56418733014
GLOBAL,S1D2,RNWHYDFJIXX,HYDFJIXX,2037,0.26146325354
GLOBAL,S1D2,RNWHYDFJIXX,HYDFJIXX,2038,0.26146325354
GLOBAL,S1D2,RNWHYDFJIXX,HYDFJIXX,2039,0.26146325354
GLOBAL,S1D2,RNWHYDFJIXX,HYDFJIXX,2040,0.2838502101
GLOBAL,S1D2,RNWHYDFJIXX,HYDFJIXX,2041,0.26146325354
GLOBAL,S1D2,RNWHYDFJIXX,HYDFJIXX,2042,0.26146325354
GLOBAL,S1D2,RNWHYDFJIXX,HYDFJIXX,2043,0.26146325354
GLOBAL,S1D2,RNWHYDFJIXX,HYDFJIXX,2044,0.26146325354
GLOBAL,S1D2,RNWHYDFJIXX,HYDFJIXX,2045,0.26146325354
GLOBAL,S1D2,RNWHYDFJIXX,HYDFJIXX,2046,0.26146325354
GLOBAL,S1D2,RNWHYDFJIXX,HYDFJIXX,2047,0.26146325354
GLOBAL,S1D2,RNWHYDFJIXX,HYDFJIXX,2048,0.59131378764
GLOBAL,S1D2,RNWHYDFJIXX,HYDFJIXX,2049,0.26146325354
GLOBAL,S1D2,RNWHYDFJIXX,HYDFJIXX,2050,0.26146325354
GLOBAL,S1D2,RNWSPVFJIXX,SPVFJIXX,2040,0.067838757188
GLOBAL,S1D2,RNWSPVFJIXX,SPVFJIXX,2041,0.067838757188
GLOBAL,S1D2,RNWSPVFJIXX,SPVFJIXX,2042,0.067838757188
GLOBAL,S1D2,RNWSPVFJIXX,SPVFJIXX,2043,0.067838757188
GLOBAL,S1D2,RNWSPVFJIXX,SPVFJIXX,2044,0.067838757188
GLOBAL,S1D2,RNWSPVFJIXX,SPVFJIXX,2045,0.067838757188
GLOBAL,S1D2,RNWSPVFJIXX,SPVFJIXX,2046,0.067838757188
GLOBAL,S1D2,RNWSPVFJIXX,SPVFJIXX,2047,0.112745641389
GLOBAL,S1D2,RNWSPVFJIXX,SPVFJIXX,2048,0.112745641389
GLOBAL,S1D2,RNWSPVFJIXX,SPVFJIXX,2049,0.112745641389
GLOBAL,S1D2,RNWSPVFJIXX,SPVFJIXX,2050,0.076330584083
GLOBAL,S1D2,RNWWONFJIXX,WONFJIXX,2023,0.01680821496
GLOBAL,S1D2,RNWWONFJIXX,WONFJIXX,2024,0.01680821496
GLOBAL,S1D2,RNWWONFJIXX,WONFJIXX,2025,0.01680821496
GLOBAL,S1D2,RNWWONFJIXX,WONFJIXX,2026,0.01680821496
GLOBAL,S1D2,RNWWONFJIXX,WONFJIXX,2027,0.01680821496
GLOBAL,S1D2,RNWWONFJIXX,WONFJIXX,2028,0.01680821496
GLOBAL,S1D2,RNWWONFJIXX,WONFJIXX,2029,0.01680821496
GLOBAL,S1D2,RNWWONFJIXX,WONFJIXX,2030,0.01680821496
GLOBAL,S1D2,RNWWONFJIXX,WONFJIXX,2031,0.01680821496
GLOBAL,S1D2,RNWWONFJIXX,WONFJIXX,2032,0.01680821496
GLOBAL,S1D2,RNWWONFJIXX,WONFJIXX,2033,0.01680821496
GLOBAL,S1D2,RNWWONFJIXX,WONFJIXX,2034,0.01680821496
GLOBAL,S1D2,RNWWONFJIXX,WONFJIXX,2035,0.01680821496
GLOBAL,S1D2,RNWWONFJIXX,WONFJIXX,2036,0.01680821496
GLOBAL,S1D2,RNWWONFJIXX,WONFJIXX,2037,0.01680821496
GLOBAL,S1D2,RNWWONFJIXX,WONFJIXX,2038,0.01680821496
GLOBAL,S2D1,LNDAGRFJIC01,CRPCAS,2021,0.018123469035294
GLOBAL,S2D1,LNDAGRFJIC01,CRPCAS,2022,0.018202477195462
GLOBAL,S2D1,LNDAGRFJIC01,CRPCAS,2023,0.018281460155714
GLOBAL,S2D1,LNDAGRFJIC01,CRPCAS,2024,0.018360468315882
GLOBAL,S2D1,LNDAGRFJIC01,CRPCAS,2025,0.018439476228992
GLOBAL,S2D1,LNDAGRFJIC01,CRPCAS,2026,0.018498997195293996
GLOBAL,S2D1,LNDAGRFJIC01,CRPCAS,2027,0.018558517914537997
GLOBAL,S2D1,LNDAGRFJIC01,CRPCAS,2028,0.018618013680924
GLOBAL,S2D1,LNDAGRFJIC01,CRPCAS,2029,0.018677534400168
GLOBAL,S2D1,LNDAGRFJIC01,CRPCAS,2030,0.018737055119412
GLOBAL,S2D1,LNDAGRFJIC01,CRPCAS,2031,0.01877776928958
GLOBAL,S2D1,LNDAGRFJIC01,CRPCAS,2032,0.018818508659663995
GLOBAL,S2D1,LNDAGRFJIC01,CRPCAS,2033,0.018859222829832
GLOBAL,S2D1,LNDAGRFJIC01,CRPCAS,2034,0.018899937
GLOBAL,S2D1,LNDAGRFJIC01,CRPCAS,2035,0.018940651170167997
GLOBAL,S2D1,LNDAGRFJIC01,CRPCAS,2036,0.018958877874118
GLOBAL,S2D1,LNDAGRFJIC01,CRPCAS,2037,0.018977130025042
GLOBAL,S2D1,LNDAGRFJIC01,CRPCAS,2038,0.018995356728992
GLOBAL,S2D1,LNDAGRFJIC01,CRPCAS,2039,0.013711043790486
GLOBAL,S2D1,LNDAGRFJIC01,CRPCAS,2040,0.019031835830923997
GLOBAL,S2D1,LNDAGRFJIC01,CRPCAS,2041,0.019029012205042
GLOBAL,S2D1,LNDAGRFJIC01,CRPCAS,2042,0.019026188579159997
GLOBAL,S2D1,LNDAGRFJIC01,CRPCAS,2043,0.019023390400252
GLOBAL,S2D1,LNDAGRFJIC01,CRPCAS,2044,0.019020566774369998
GLOBAL,S2D1,LNDAGRFJIC01,CRPCAS,2045,0.019017743395546002
GLOBAL,S2D1,LNDAGRFJIC01,CRPCAS,2046,0.018998432354034
GLOBAL,S2D1,LNDAGRFJIC01,CRPCAS,2047,0.018979146759496
GLOBAL,S2D1,LNDAGRFJIC01,CRPCAS,2048,0.018832767859191996
GLOBAL,S2D1,LNDAGRFJIC01,CRPCAS,2049,0.018877053499808
GLOBAL,S2D1,LNDAGRFJIC01,CRPCAS,2050,0.018921239328991996
GLOBAL,S2D1,LNDAGRFJIC01,CRPCON,2039,1.005698463627e-05
GLOBAL,S2D1,LNDAGRFJIC01,CRPOTH,2021,0.015769611229412
GLOBAL,S2D1,LNDAGRFJIC01,CRPOTH,2022,0.015838333840672
GLOBAL,S2D1,LNDAGRFJIC01,CRPOTH,2023,0.015907081500588
GLOBAL,S2D1,LNDAGRFJIC01,CRPOTH,2024,0.015975829160504
GLOBAL,S2D1,LNDAGRFJIC01,CRPOTH,2025,0.016044551539832
GLOBAL,S2D1,LNDAGRFJIC01,CRPOTH,2026,0.016096358190672
GLOBAL,S2D1,LNDAGRFJIC01,CRPOTH,2027,0.016148139560924
GLOBAL,S2D1,LNDAGRFJIC01,CRPOTH,2028,0.016199920699244
GLOBAL,S2D1,LNDAGRFJIC01,CRPOTH,2029,0.016251702069496
GLOBAL,S2D1,LNDAGRFJIC01,CRPOTH,2030,0.016303508720336
GLOBAL,S2D1,LNDAGRFJIC01,CRPOTH,2031,0.01633892867958
GLOBAL,S2D1,LNDAGRFJIC01,CRPOTH,2032,0.016374348870756
GLOBAL,S2D1,LNDAGRFJIC01,CRPOTH,2033,0.016409794110588
GLOBAL,S2D1,LNDAGRFJIC01,CRPOTH,2034,0.016445214069832
GLOBAL,S2D1,LNDAGRFJIC01,CRPOTH,2035,0.016480659309663998
GLOBAL,S2D1,LNDAGRFJIC01,CRPOTH,2036,0.016496516500504
GLOBAL,S2D1,LNDAGRFJIC01,CRPOTH,2037,0.016512373459412
GLOBAL,S2D1,LNDAGRFJIC01,CRPOTH,2038,0.01652825593084
GLOBAL,S2D1,LNDAGRFJIC01,CRPOTH,2039,0.015342251006892002
GLOBAL,S2D1,LNDAGRFJIC01,CRPOTH,2040,0.016559995129244002
GLOBAL,S2D1,LNDAGRFJIC01,CRPOTH,2041,0.01655752458958
GLOBAL,S2D1,LNDAGRFJIC01,CRPOTH,2042,0.016555079330504003
GLOBAL,S2D1,LNDAGRFJIC01,CRPOTH,2043,0.016552633839496
GLOBAL,S2D1,LNDAGRFJIC01,CRPOTH,2044,0.01655018858042
GLOBAL,S2D1,LNDAGRFJIC01,CRPOTH,2045,0.016547718040756
GLOBAL,S2D1,LNDAGRFJIC01,CRPOTH,2046,0.016530928019412004
GLOBAL,S2D1,LNDAGRFJIC01,CRPOTH,2047,0.016514138230000003
GLOBAL,S2D1,LNDAGRFJIC01,CRPOTH,2048,0.016386734039556
GLOBAL,S2D1,LNDAGRFJIC01,CRPOTH,2049,0.016425213877676
GLOBAL,S2D1,LNDAGRFJIC01,CRPOTH,2050,0.016463768629832003
GLOBAL,S2D1,LNDAGRFJIC01,CRPSGC,2021,0.435124597479
GLOBAL,S2D1,LNDAGRFJIC01,CRPSGC,2022,0.43702039956300004
GLOBAL,S2D1,LNDAGRFJIC01,CRPSGC,2023,0.438918697437
GLOBAL,S2D1,LNDAGRFJIC01,CRPSGC,2024,0.44081449952100005
GLOBAL,S2D1,LNDAGRFJIC01,CRPSGC,2025,0.442710301605
GLOBAL,S2D1,LNDAGRFJIC01,CRPSGC,2026,0.444139696
GLOBAL,S2D1,LNDAGRFJIC01,CRPSGC,2027,0.44556909039500003
GLOBAL,S2D1,LNDAGRFJIC01,CRPSGC,2028,0.4469985125210001
GLOBAL,S2D1,LNDAGRFJIC01,CRPSGC,2029,0.44842790691600004
GLOBAL,S2D1,LNDAGRFJIC01,CRPSGC,2030,0.44985732904200004
GLOBAL,S2D1,LNDAGRFJIC01,CRPSGC,2031,0.45083296108400006
GLOBAL,S2D1,LNDAGRFJIC01,CRPSGC,2032,0.4518110889160001
GLOBAL,S2D1,LNDAGRFJIC01,CRPSGC,2033,0.45278924447900004
GLOBAL,S2D1,LNDAGRFJIC01,CRPSGC,2034,0.45376740004200006
GLOBAL,S2D1,LNDAGRFJIC01,CRPSGC,2035,0.4547430320840001
GLOBAL,S2D1,LNDAGRFJIC01,CRPSGC,2036,0.455181681042
GLOBAL,S2D1,LNDAGRFJIC01,CRPSGC,2037,0.45562033
GLOBAL,S2D1,LNDAGRFJIC01,CRPSGC,2038,0.456058978958
GLOBAL,S2D1,LNDAGRFJIC01,CRPSGC,2039,0.458829555437
GLOBAL,S2D1,LNDAGRFJIC01,CRPSGC,2040,0.45693378108400007
GLOBAL,S2D1,LNDAGRFJIC01,CRPSGC,2041,0.456865701479
GLOBAL,S2D1,LNDAGRFJIC01,CRPSGC,2042,0.456797649605
GLOBAL,S2D1,LNDAGRFJIC01,CRPSGC,2043,0.45672957000000003
GLOBAL,S2D1,LNDAGRFJIC01,CRPSGC,2044,0.45666401391600003
GLOBAL,S2D1,LNDAGRFJIC01,CRPSGC,2045,0.45659596204200004
GLOBAL,S2D1,LNDAGRFJIC01,CRPSGC,2046,0.456132105605
GLOBAL,S2D1,LNDAGRFJIC01,CRPSGC,2047,0.45566822143700003
GLOBAL,S2D1,LNDAGRFJIC01,CRPSGC,2048,0.456232935521
GLOBAL,S2D1,LNDAGRFJIC01,CRPSGC,2049,0.45525477995799996
GLOBAL,S2D1,LNDAGRFJIC01,CRPSGC,2050,0.454279147916
GLOBAL,S2D1,LNDAGRFJIC01,WTREVTFJI,2021,1.62989833642441
GLOBAL,S2D1,LNDAGRFJIC01,WTREVTFJI,2022,1.6224678575541
GLOBAL,S2D1,LNDAGRFJIC01,WTREVTFJI,2023,0.7998099426050299
GLOBAL,S2D1,LNDAGRFJIC01,WTREVTFJI,2024,0.80326463178684
GLOBAL,S2D1,LNDAGRFJIC01,WTREVTFJI,2025,0.8067192958846999
GLOBAL,S2D1,LNDAGRFJIC01,WTREVTFJI,2026,0.80932396021086
GLOBAL,S2D1,LNDAGRFJIC01,WTREVTFJI,2027,0.8119285994530699
GLOBAL,S2D1,LNDAGRFJIC01,WTREVTFJI,2028,0.8145332507204501
GLOBAL,S2D1,LNDAGRFJIC01,WTREVTFJI,2029,0.81713788996266
GLOBAL,S2D1,LNDAGRFJIC01,WTREVTFJI,2030,0.81974260183488
GLOBAL,S2D1,LNDAGRFJIC01,WTREVTFJI,2031,0.8215205975132499
GLOBAL,S2D1,LNDAGRFJIC01,WTREVTFJI,2032,0.8233029403283901
GLOBAL,S2D1,LNDAGRFJIC01,WTREVTFJI,2033,0.82508531954677
GLOBAL,S2D1,LNDAGRFJIC01,WTREVTFJI,2034,0.82686767403414
GLOBAL,S2D1,LNDAGRFJIC01,WTREVTFJI,2035,0.82864569444352
GLOBAL,S2D1,LNDAGRFJIC01,WTREVTFJI,2036,0.82944491144332
GLOBAL,S2D1,LNDAGRFJIC01,WTREVTFJI,2037,0.8302441645690498
GLOBAL,S2D1,LNDAGRFJIC01,WTREVTFJI,2038,0.8310434062998598
GLOBAL,S2D1,LNDAGRFJIC01,WTREVTFJI,2039,0.8271408522539461
GLOBAL,S2D1,LNDAGRFJIC01,WTREVTFJI,2040,0.83263759037245
GLOBAL,S2D1,LNDAGRFJIC01,WTREVTFJI,2041,1.53154269242891
GLOBAL,S2D1,LNDAGRFJIC01,WTREVTFJI,2042,0.83238957774538
GLOBAL,S2D1,LNDAGRFJIC01,WTREVTFJI,2043,0.8322655959737799
GLOBAL,S2D1,LNDAGRFJIC01,WTREVTFJI,2044,0.83214593688525
GLOBAL,S2D1,LNDAGRFJIC01,WTREVTFJI,2045,0.8320219425086499
GLOBAL,S2D1,LNDAGRFJIC01,WTREVTFJI,2046,0.8311767237126099
GLOBAL,S2D1,LNDAGRFJIC01,WTREVTFJI,2047,0.83033149359728
GLOBAL,S2D1,LNDAGRFJIC01,WTREVTFJI,2048,0.8309731615844299
GLOBAL,S2D1,LNDAGRFJIC01,WTREVTFJI,2049,0.8293845286782098
GLOBAL,S2D1,LNDAGRFJIC01,WTREVTFJI,2050,0.8278001852787
GLOBAL,S2D1,LNDAGRFJIC01,WTRGRCFJI,2021,0.046328499313171
GLOBAL,S2D1,LNDAGRFJIC01,WTRGRCFJI,2022,0.0460561548250226
GLOBAL,S2D1,LNDAGRFJIC01,WTRGRCFJI,2023,0.0191816054323626
GLOBAL,S2D1,LNDAGRFJIC01,WTRGRCFJI,2024,0.019264462870119802
GLOBAL,S2D1,LNDAGRFJIC01,WTRGRCFJI,2025,0.0193473177631796
GLOBAL,S2D1,LNDAGRFJIC01,WTRGRCFJI,2026,0.019409784410587
GLOBAL,S2D1,LNDAGRFJIC01,WTRGRCFJI,2027,0.019472248513297
GLOBAL,S2D1,LNDAGRFJIC01,WTRGRCFJI,2028,0.019534711945925202
GLOBAL,S2D1,LNDAGRFJIC01,WTRGRCFJI,2029,0.0195971760486352
GLOBAL,S2D1,LNDAGRFJIC01,WTRGRCFJI,2030,0.019659643713014
GLOBAL,S2D1,LNDAGRFJIC01,WTRGRCFJI,2031,0.019702292150684
GLOBAL,S2D1,LNDAGRFJIC01,WTRGRCFJI,2032,0.019745035333584404
GLOBAL,S2D1,LNDAGRFJIC01,WTRGRCFJI,2033,0.0197877803578232
GLOBAL,S2D1,LNDAGRFJIC01,WTRGRCFJI,2034,0.0198305228540032
GLOBAL,S2D1,LNDAGRFJIC01,WTRGRCFJI,2035,0.019873173819732
GLOBAL,S2D1,LNDAGRFJIC01,WTRGRCFJI,2036,0.019892336694511
GLOBAL,S2D1,LNDAGRFJIC01,WTRGRCFJI,2037,0.0199115012598726
GLOBAL,S2D1,LNDAGRFJIC01,WTRGRCFJI,2038,0.0199306666627104
GLOBAL,S2D1,LNDAGRFJIC01,WTRGRCFJI,2039,0.0195929740939863
GLOBAL,S2D1,LNDAGRFJIC01,WTRGRCFJI,2040,0.019968903599455197
GLOBAL,S2D1,LNDAGRFJIC01,WTRGRCFJI,2041,0.0427763535916794
GLOBAL,S2D1,LNDAGRFJIC01,WTRGRCFJI,2042,0.019962957702972402
GLOBAL,S2D1,LNDAGRFJIC01,WTRGRCFJI,2043,0.019959987192537998
GLOBAL,S2D1,LNDAGRFJIC01,WTRGRCFJI,2044,0.019957109050031
GLOBAL,S2D1,LNDAGRFJIC01,WTRGRCFJI,2045,0.0199541353712038
GLOBAL,S2D1,LNDAGRFJIC01,WTRGRCFJI,2046,0.019933866635069
GLOBAL,S2D1,LNDAGRFJIC01,WTRGRCFJI,2047,0.0199135986022932
GLOBAL,S2D1,LNDAGRFJIC01,WTRGRCFJI,2048,0.019912048446452
GLOBAL,S2D1,LNDAGRFJIC01,WTRGRCFJI,2049,0.0198824204070612
GLOBAL,S2D1,LNDAGRFJIC01,WTRGRCFJI,2050,0.0198528871955896
GLOBAL,S2D1,LNDAGRFJIC01,WTRSURFJI,2021,0.67795330341703
GLOBAL,S2D1,LNDAGRFJIC01,WTRSURFJI,2022,0.6752473854704
GLOBAL,S2D1,LNDAGRFJIC01,WTRSURFJI,2023,0.35503189980849
GLOBAL,S2D1,LNDAGRFJIC01,WTRSURFJI,2024,0.35656550510822005
GLOBAL,S2D1,LNDAGRFJIC01,WTRSURFJI,2025,0.3580990633913
GLOBAL,S2D1,LNDAGRFJIC01,WTRSURFJI,2026,0.3592552574700799
GLOBAL,S2D1,LNDAGRFJIC01,WTRSURFJI,2027,0.36041140453221
GLOBAL,S2D1,LNDAGRFJIC01,WTRSURFJI,2028,0.36156753977085
GLOBAL,S2D1,LNDAGRFJIC01,WTRSURFJI,2029,0.36272368683298
GLOBAL,S2D1,LNDAGRFJIC01,WTRSURFJI,2030,0.36387989976884005
GLOBAL,S2D1,LNDAGRFJIC01,WTRSURFJI,2031,0.36466927682665
GLOBAL,S2D1,LNDAGRFJIC01,WTRSURFJI,2032,0.36546040953407005
GLOBAL,S2D1,LNDAGRFJIC01,WTRSURFJI,2033,0.36625157682961
GLOBAL,S2D1,LNDAGRFJIC01,WTRSURFJI,2034,0.36704269741101997
GLOBAL,S2D1,LNDAGRFJIC01,WTRSURFJI,2035,0.36783212118296
GLOBAL,S2D1,LNDAGRFJIC01,WTRSURFJI,2036,0.36818680747966004
GLOBAL,S2D1,LNDAGRFJIC01,WTRSURFJI,2037,0.36854152450734995
GLOBAL,S2D1,LNDAGRFJIC01,WTRSURFJI,2038,0.36889625751818
GLOBAL,S2D1,LNDAGRFJIC01,WTRSURFJI,2039,0.362793034387535
GLOBAL,S2D1,LNDAGRFJIC01,WTRSURFJI,2040,0.36960398306665004
GLOBAL,S2D1,LNDAGRFJIC01,WTRSURFJI,2041,0.64180237997093
GLOBAL,S2D1,LNDAGRFJIC01,WTRSURFJI,2042,0.36949393004694
GLOBAL,S2D1,LNDAGRFJIC01,WTRSURFJI,2043,0.36943894804534005
GLOBAL,S2D1,LNDAGRFJIC01,WTRSURFJI,2044,0.36938567883635
GLOBAL,S2D1,LNDAGRFJIC01,WTRSURFJI,2045,0.36933063885174994
GLOBAL,S2D1,LNDAGRFJIC01,WTRSURFJI,2046,0.36895548500983
GLOBAL,S2D1,LNDAGRFJIC01,WTRSURFJI,2047,0.36858034359644
GLOBAL,S2D1,LNDAGRFJIC01,WTRSURFJI,2048,0.36855584943439
GLOBAL,S2D1,LNDAGRFJIC01,WTRSURFJI,2049,0.36800536422733
GLOBAL,S2D1,LNDAGRFJIC01,WTRSURFJI,2050,0.36745663875389994
GLOBAL,S2D1,LNDAGRFJIC02,CRPCAS,2039,0.005014099956866
GLOBAL,S2D1,LNDAGRFJIC02,WTREVTFJI,2022,14.80733992775
GLOBAL,S2D1,LNDAGRFJIC02,WTREVTFJI,2023,14.80733992775
GLOBAL,S2D1,LNDAGRFJIC02,WTREVTFJI,2024,14.80733992775
GLOBAL,S2D1,LNDAGRFJIC02,WTREVTFJI,2025,14.80733992775
GLOBAL,S2D1,LNDAGRFJIC02,WTREVTFJI,2026,14.80733992775
GLOBAL,S2D1,LNDAGRFJIC02,WTREVTFJI,2027,14.80733992775
GLOBAL,S2D1,LNDAGRFJIC02,WTREVTFJI,2028,14.804423508900001
GLOBAL,S2D1,LNDAGRFJIC02,WTREVTFJI,2029,14.794871540739999
GLOBAL,S2D1,LNDAGRFJIC02,WTREVTFJI,2030,14.78531957258
GLOBAL,S2D1,LNDAGRFJIC02,WTREVTFJI,2031,14.778798880029997
GLOBAL,S2D1,LNDAGRFJIC02,WTREVTFJI,2032,14.77226233039
GLOBAL,S2D1,LNDAGRFJIC02,WTREVTFJI,2033,14.76572620932
GLOBAL,S2D1,LNDAGRFJIC02,WTREVTFJI,2035,14.752668967129999
GLOBAL,S2D1,LNDAGRFJIC02,WTREVTFJI,2037,14.74680741524
GLOBAL,S2D1,LNDAGRFJIC02,WTREVTFJI,2038,14.74387642501
GLOBAL,S2D1,LNDAGRFJIC02,WTREVTFJI,2039,14.747010375373547
GLOBAL,S2D1,LNDAGRFJIC02,WTREVTFJI,2041,14.80733992775
GLOBAL,S2D1,LNDAGRFJIC02,WTREVTFJI,2042,14.738939727179998
GLOBAL,S2D1,LNDAGRFJIC02,WTREVTFJI,2043,14.739394011380002
GLOBAL,S2D1,LNDAGRFJIC02,WTREVTFJI,2044,14.739833295629998
GLOBAL,S2D1,LNDAGRFJIC02,WTREVTFJI,2045,14.7402880084
GLOBAL,S2D1,LNDAGRFJIC02,WTREVTFJI,2046,14.743387855209999
GLOBAL,S2D1,LNDAGRFJIC02,WTREVTFJI,2047,14.74648727345
GLOBAL,S2D1,LNDAGRFJIC02,WTREVTFJI,2048,14.749586691689997
GLOBAL,S2D1,LNDAGRFJIC02,WTREVTFJI,2049,14.752686109929998
GLOBAL,S2D1,LNDAGRFJIC02,WTREVTFJI,2050,14.80733992775
GLOBAL,S2D1,LNDAGRFJIC02,WTRGRCFJI,2022,0.540032397365
GLOBAL,S2D1,LNDAGRFJIC02,WTRGRCFJI,2023,0.540032397365
GLOBAL,S2D1,LNDAGRFJIC02,WTRGRCFJI,2024,0.540032397365
GLOBAL,S2D1,LNDAGRFJIC02,WTRGRCFJI,2025,0.540032397365
GLOBAL,S2D1,LNDAGRFJIC02,WTRGRCFJI,2026,0.540032397365
GLOBAL,S2D1,LNDAGRFJIC02,WTRGRCFJI,2027,0.540032397365
GLOBAL,S2D1,LNDAGRFJIC02,WTRGRCFJI,2028,0.5399260338540001
GLOBAL,S2D1,LNDAGRFJIC02,WTRGRCFJI,2029,0.5395776679564
GLOBAL,S2D1,LNDAGRFJIC02,WTRGRCFJI,2030,0.5392293020588
GLOBAL,S2D1,LNDAGRFJIC02,WTRGRCFJI,2031,0.5389914885657999
GLOBAL,S2D1,LNDAGRFJIC02,WTRGRCFJI,2032,0.5387530967554001
GLOBAL,S2D1,LNDAGRFJIC02,WTRGRCFJI,2033,0.5385147205752
GLOBAL,S2D1,LNDAGRFJIC02,WTRGRCFJI,2035,0.5380385152718
GLOBAL,S2D1,LNDAGRFJIC02,WTRGRCFJI,2037,0.5378247410264
GLOBAL,S2D1,LNDAGRFJIC02,WTRGRCFJI,2038,0.5377178460886001
GLOBAL,S2D1,LNDAGRFJIC02,WTRGRCFJI,2039,0.5380649892175028
GLOBAL,S2D1,LNDAGRFJIC02,WTRGRCFJI,2041,0.540032397365
GLOBAL,S2D1,LNDAGRFJIC02,WTRGRCFJI,2042,0.5375378018147999
GLOBAL,S2D1,LNDAGRFJIC02,WTRGRCFJI,2043,0.5375543698268
GLOBAL,S2D1,LNDAGRFJIC02,WTRGRCFJI,2044,0.5375703907817999
GLOBAL,S2D1,LNDAGRFJIC02,WTRGRCFJI,2045,0.537586974424
GLOBAL,S2D1,LNDAGRFJIC02,WTRGRCFJI,2046,0.5377000276606
GLOBAL,S2D1,LNDAGRFJIC02,WTRGRCFJI,2047,0.537813065267
GLOBAL,S2D1,LNDAGRFJIC02,WTRGRCFJI,2048,0.5379261028733999
GLOBAL,S2D1,LNDAGRFJIC02,WTRGRCFJI,2049,0.5380391404798
GLOBAL,S2D1,LNDAGRFJIC02,WTRGRCFJI,2050,0.540032397365
GLOBAL,S2D1,LNDAGRFJIC02,WTRSURFJI,2022,6.445547968550001
GLOBAL,S2D1,LNDAGRFJIC02,WTRSURFJI,2023,6.445547968550001
GLOBAL,S2D1,LNDAGRFJIC02,WTRSURFJI,2024,6.445547968550001
GLOBAL,S2D1,LNDAGRFJIC02,WTRSURFJI,2025,6.445547968550001
GLOBAL,S2D1,LNDAGRFJIC02,WTRSURFJI,2026,6.445547968550001
GLOBAL,S2D1,LNDAGRFJIC02,WTRSURFJI,2027,6.445547968550001
GLOBAL,S2D1,LNDAGRFJIC02,WTRSURFJI,2028,6.44427846858
GLOBAL,S2D1,LNDAGRFJIC02,WTRSURFJI,2029,6.440120553028
GLOBAL,S2D1,LNDAGRFJIC02,WTRSURFJI,2030,6.435962637476001
GLOBAL,S2D1,LNDAGRFJIC02,WTRSURFJI,2031,6.433124218365999
GLOBAL,S2D1,LNDAGRFJIC02,WTRSURFJI,2032,6.430278896758
GLOBAL,S2D1,LNDAGRFJIC02,WTRSURFJI,2033,6.427433761704001
GLOBAL,S2D1,LNDAGRFJIC02,WTRSURFJI,2035,6.421750020986
GLOBAL,S2D1,LNDAGRFJIC02,WTRSURFJI,2037,6.419198521928
GLOBAL,S2D1,LNDAGRFJIC02,WTRSURFJI,2038,6.417922679122
GLOBAL,S2D1,LNDAGRFJIC02,WTRSURFJI,2039,6.424650368057639
GLOBAL,S2D1,LNDAGRFJIC02,WTRSURFJI,2041,6.445547968550001
GLOBAL,S2D1,LNDAGRFJIC02,WTRSURFJI,2042,6.4157737635959995
GLOBAL,S2D1,LNDAGRFJIC02,WTRSURFJI,2043,6.415971510836001
GLOBAL,S2D1,LNDAGRFJIC02,WTRSURFJI,2044,6.4161627286859995
GLOBAL,S2D1,LNDAGRFJIC02,WTRSURFJI,2045,6.416360662480001
GLOBAL,S2D1,LNDAGRFJIC02,WTRSURFJI,2046,6.4177100075619995
GLOBAL,S2D1,LNDAGRFJIC02,WTRSURFJI,2047,6.41905916609
GLOBAL,S2D1,LNDAGRFJIC02,WTRSURFJI,2048,6.420408324617998
GLOBAL,S2D1,LNDAGRFJIC02,WTRSURFJI,2049,6.421757483146
GLOBAL,S2D1,LNDAGRFJIC02,WTRSURFJI,2050,6.445547968550001
GLOBAL,S2D1,LNDAGRFJIC03,CRPOTH,2039,0.0009508666647196001
GLOBAL,S2D1,LNDAGRFJIC03,CRPYAM,2039,0.0010955368402991998
GLOBAL,S2D1,LNDAGRFJIC03,WTREVTFJI,2022,11.66675990899
GLOBAL,S2D1,LNDAGRFJIC03,WTREVTFJI,2023,11.66675990899
GLOBAL,S2D1,LNDAGRFJIC03,WTREVTFJI,2024,11.66675990899
GLOBAL,S2D1,LNDAGRFJIC03,WTREVTFJI,2025,11.66675990899
GLOBAL,S2D1,LNDAGRFJIC03,WTREVTFJI,2026,11.66675990899
GLOBAL,S2D1,LNDAGRFJIC03,WTREVTFJI,2027,11.66675990899
GLOBAL,S2D1,LNDAGRFJIC03,WTREVTFJI,2028,11.66675990899
GLOBAL,S2D1,LNDAGRFJIC03,WTREVTFJI,2029,11.66675990899
GLOBAL,S2D1,LNDAGRFJIC03,WTREVTFJI,2030,11.66675990899
GLOBAL,S2D1,LNDAGRFJIC03,WTREVTFJI,2031,11.66675990899
GLOBAL,S2D1,LNDAGRFJIC03,WTREVTFJI,2032,11.66675990899
GLOBAL,S2D1,LNDAGRFJIC03,WTREVTFJI,2033,11.66675990899
GLOBAL,S2D1,LNDAGRFJIC03,WTREVTFJI,2035,11.66675990899
GLOBAL,S2D1,LNDAGRFJIC03,WTREVTFJI,2037,11.66675990899
GLOBAL,S2D1,LNDAGRFJIC03,WTREVTFJI,2038,11.66675990899
GLOBAL,S2D1,LNDAGRFJIC03,WTREVTFJI,2039,11.663571593296997
GLOBAL,S2D1,LNDAGRFJIC03,WTREVTFJI,2041,11.66675990899
GLOBAL,S2D1,LNDAGRFJIC03,WTREVTFJI,2042,11.66675990899
GLOBAL,S2D1,LNDAGRFJIC03,WTREVTFJI,2043,11.66675990899
GLOBAL,S2D1,LNDAGRFJIC03,WTREVTFJI,2044,11.66675990899
GLOBAL,S2D1,LNDAGRFJIC03,WTREVTFJI,2045,11.66675990899
GLOBAL,S2D1,LNDAGRFJIC03,WTREVTFJI,2046,11.66675990899
GLOBAL,S2D1,LNDAGRFJIC03,WTREVTFJI,2047,11.66675990899
GLOBAL,S2D1,LNDAGRFJIC03,WTREVTFJI,2048,11.66675990899
GLOBAL,S2D1,LNDAGRFJIC03,WTREVTFJI,2049,11.66675990899
GLOBAL,S2D1,LNDAGRFJIC03,WTREVTFJI,2050,11.60912304229
GLOBAL,S2D1,LNDAGRFJIC03,WTRGRCFJI,2022,0.3807047970302
GLOBAL,S2D1,LNDAGRFJIC03,WTRGRCFJI,2023,0.3807047970302
GLOBAL,S2D1,LNDAGRFJIC03,WTRGRCFJI,2024,0.3807047970302
GLOBAL,S2D1,LNDAGRFJIC03,WTRGRCFJI,2025,0.3807047970302
GLOBAL,S2D1,LNDAGRFJIC03,WTRGRCFJI,2026,0.3807047970302
GLOBAL,S2D1,LNDAGRFJIC03,WTRGRCFJI,2027,0.3807047970302
GLOBAL,S2D1,LNDAGRFJIC03,WTRGRCFJI,2028,0.3807047970302
GLOBAL,S2D1,LNDAGRFJIC03,WTRGRCFJI,2029,0.3807047970302
GLOBAL,S2D1,LNDAGRFJIC03,WTRGRCFJI,2030,0.3807047970302
GLOBAL,S2D1,LNDAGRFJIC03,WTRGRCFJI,2031,0.3807047970302
GLOBAL,S2D1,LNDAGRFJIC03,WTRGRCFJI,2032,0.3807047970302
GLOBAL,S2D1,LNDAGRFJIC03,WTRGRCFJI,2033,0.3807047970302
GLOBAL,S2D1,LNDAGRFJIC03,WTRGRCFJI,2035,0.3807047970302
GLOBAL,S2D1,LNDAGRFJIC03,WTRGRCFJI,2037,0.3807047970302
GLOBAL,S2D1,LNDAGRFJIC03,WTRGRCFJI,2038,0.3807047970302
GLOBAL,S2D1,LNDAGRFJIC03,WTRGRCFJI,2039,0.38080996208835455
GLOBAL,S2D1,LNDAGRFJIC03,WTRGRCFJI,2041,0.3807047970302
GLOBAL,S2D1,LNDAGRFJIC03,WTRGRCFJI,2042,0.3807047970302
GLOBAL,S2D1,LNDAGRFJIC03,WTRGRCFJI,2043,0.3807047970302
GLOBAL,S2D1,LNDAGRFJIC03,WTRGRCFJI,2044,0.3807047970302
GLOBAL,S2D1,LNDAGRFJIC03,WTRGRCFJI,2045,0.3807047970302
GLOBAL,S2D1,LNDAGRFJIC03,WTRGRCFJI,2046,0.3807047970302
GLOBAL,S2D1,LNDAGRFJIC03,WTRGRCFJI,2047,0.3807047970302
GLOBAL,S2D1,LNDAGRFJIC03,WTRGRCFJI,2048,0.3807047970302
GLOBAL,S2D1,LNDAGRFJIC03,WTRGRCFJI,2049,0.3807047970302
GLOBAL,S2D1,LNDAGRFJIC03,WTRGRCFJI,2050,0.3788240150642
GLOBAL,S2D1,LNDAGRFJIC03,WTRSURFJI,2022,4.543895964554
GLOBAL,S2D1,LNDAGRFJIC03,WTRSURFJI,2023,4.543895964554
GLOBAL,S2D1,LNDAGRFJIC03,WTRSURFJI,2024,4.543895964554
GLOBAL,S2D1,LNDAGRFJIC03,WTRSURFJI,2025,4.543895964554
GLOBAL,S2D1,LNDAGRFJIC03,WTRSURFJI,2026,4.543895964554
GLOBAL,S2D1,LNDAGRFJIC03,WTRSURFJI,2027,4.543895964554
GLOBAL,S2D1,LNDAGRFJIC03,WTRSURFJI,2028,4.543895964554
GLOBAL,S2D1,LNDAGRFJIC03,WTRSURFJI,2029,4.543895964554
GLOBAL,S2D1,LNDAGRFJIC03,WTRSURFJI,2030,4.543895964554
GLOBAL,S2D1,LNDAGRFJIC03,WTRSURFJI,2031,4.543895964554
GLOBAL,S2D1,LNDAGRFJIC03,WTRSURFJI,2032,4.543895964554
GLOBAL,S2D1,LNDAGRFJIC03,WTRSURFJI,2033,4.543895964554
GLOBAL,S2D1,LNDAGRFJIC03,WTRSURFJI,2035,4.543895964554
GLOBAL,S2D1,LNDAGRFJIC03,WTRSURFJI,2037,4.543895964554
GLOBAL,S2D1,LNDAGRFJIC03,WTRSURFJI,2038,4.543895964554
GLOBAL,S2D1,LNDAGRFJIC03,WTRSURFJI,2039,4.5469664890987165
GLOBAL,S2D1,LNDAGRFJIC03,WTRSURFJI,2041,4.543895964554
GLOBAL,S2D1,LNDAGRFJIC03,WTRSURFJI,2042,4.543895964554
GLOBAL,S2D1,LNDAGRFJIC03,WTRSURFJI,2043,4.543895964554
GLOBAL,S2D1,LNDAGRFJIC03,WTRSURFJI,2044,4.543895964554
GLOBAL,S2D1,LNDAGRFJIC03,WTRSURFJI,2045,4.543895964554
GLOBAL,S2D1,LNDAGRFJIC03,WTRSURFJI,2046,4.543895964554
GLOBAL,S2D1,LNDAGRFJIC03,WTRSURFJI,2047,4.543895964554
GLOBAL,S2D1,LNDAGRFJIC03,WTRSURFJI,2048,4.543895964554
GLOBAL,S2D1,LNDAGRFJIC03,WTRSURFJI,2049,4.543895964554
GLOBAL,S2D1,LNDAGRFJIC03,WTRSURFJI,2050,4.5214479217340005
GLOBAL,S2D1,LNDAGRFJIC04,CRPCON,2021,0.005465402005462
GLOBAL,S2D1,LNDAGRFJIC04,CRPCON,2022,0.005489225437814999
GLOBAL,S2D1,LNDAGRFJIC04,CRPCON,2023,0.005513048870168
GLOBAL,S2D1,LNDAGRFJIC04,CRPCON,2024,0.005536872302521
GLOBAL,S2D1,LNDAGRFJIC04,CRPCON,2025,0.005560695734873999
GLOBAL,S2D1,LNDAGRFJIC04,CRPCON,2026,0.005578645239748
GLOBAL,S2D1,LNDAGRFJIC04,CRPCON,2027,0.005596594744622
GLOBAL,S2D1,LNDAGRFJIC04,CRPCON,2028,0.005614544249495999
GLOBAL,S2D1,LNDAGRFJIC04,CRPCON,2029,0.005632493877899
GLOBAL,S2D1,LNDAGRFJIC04,CRPCON,2030,0.005650443382773
GLOBAL,S2D1,LNDAGRFJIC04,CRPCON,2031,0.0056627205594959994
GLOBAL,S2D1,LNDAGRFJIC04,CRPCON,2032,0.0056749978597479996
GLOBAL,S2D1,LNDAGRFJIC04,CRPCON,2033,0.00568727516
GLOBAL,S2D1,LNDAGRFJIC04,CRPCON,2034,0.005699552460252001
GLOBAL,S2D1,LNDAGRFJIC04,CRPCON,2035,0.005711829760504
GLOBAL,S2D1,LNDAGRFJIC04,CRPCON,2036,0.005717325442184999
GLOBAL,S2D1,LNDAGRFJIC04,CRPCON,2037,0.005722846447311
GLOBAL,S2D1,LNDAGRFJIC04,CRPCON,2038,0.005728342252521
GLOBAL,S2D1,LNDAGRFJIC04,CRPCON,2039,0.005636800222368
GLOBAL,S2D1,LNDAGRFJIC04,CRPCON,2040,0.005739333862940999
GLOBAL,S2D1,LNDAGRFJIC04,CRPCON,2041,0.00573847669521
GLOBAL,S2D1,LNDAGRFJIC04,CRPCON,2042,0.005737644727394999
GLOBAL,S2D1,LNDAGRFJIC04,CRPCON,2043,0.005736787559664
GLOBAL,S2D1,LNDAGRFJIC04,CRPCON,2044,0.005735930515462
GLOBAL,S2D1,LNDAGRFJIC04,CRPCON,2045,0.0057350733477310005
GLOBAL,S2D1,LNDAGRFJIC04,CRPCON,2046,0.00572927502
GLOBAL,S2D1,LNDAGRFJIC04,CRPCON,2047,0.005723451492353
GLOBAL,S2D1,LNDAGRFJIC04,CRPCON,2048,0.005679335580583
GLOBAL,S2D1,LNDAGRFJIC04,CRPCON,2049,0.005692658306761999
GLOBAL,S2D1,LNDAGRFJIC04,CRPCON,2050,0.0057059810329409995
GLOBAL,S2D1,LNDAGRFJIC04,CRPYAM,2021,0.013586601734706
GLOBAL,S2D1,LNDAGRFJIC04,CRPYAM,2022,0.013645820054958
GLOBAL,S2D1,LNDAGRFJIC04,CRPYAM,2023,0.01370506361042
GLOBAL,S2D1,LNDAGRFJIC04,CRPYAM,2024,0.013764281930672
GLOBAL,S2D1,LNDAGRFJIC04,CRPYAM,2025,0.013823500250924
GLOBAL,S2D1,LNDAGRFJIC04,CRPYAM,2026,0.013868121837478998
GLOBAL,S2D1,LNDAGRFJIC04,CRPYAM,2027,0.013912743653445
GLOBAL,S2D1,LNDAGRFJIC04,CRPYAM,2028,0.013957365239999998
GLOBAL,S2D1,LNDAGRFJIC04,CRPYAM,2029,0.014001961820755998
GLOBAL,S2D1,LNDAGRFJIC04,CRPYAM,2030,0.014046583407311
GLOBAL,S2D1,LNDAGRFJIC04,CRPYAM,2031,0.014077112734958
GLOBAL,S2D1,LNDAGRFJIC04,CRPYAM,2032,0.014107642062605001
GLOBAL,S2D1,LNDAGRFJIC04,CRPYAM,2033,0.014138171390252
GLOBAL,S2D1,LNDAGRFJIC04,CRPYAM,2034,0.014168700717899
GLOBAL,S2D1,LNDAGRFJIC04,CRPYAM,2035,0.014199204810336001
GLOBAL,S2D1,LNDAGRFJIC04,CRPYAM,2036,0.014212893764706
GLOBAL,S2D1,LNDAGRFJIC04,CRPYAM,2037,0.014226557713277
GLOBAL,S2D1,LNDAGRFJIC04,CRPYAM,2038,0.014240221432436998
GLOBAL,S2D1,LNDAGRFJIC04,CRPYAM,2039,0.012942155724043
GLOBAL,S2D1,LNDAGRFJIC04,CRPYAM,2040,0.014267574335378
GLOBAL,S2D1,LNDAGRFJIC04,CRPYAM,2041,0.014265456642436999
GLOBAL,S2D1,LNDAGRFJIC04,CRPYAM,2042,0.014263338949496001
GLOBAL,S2D1,LNDAGRFJIC04,CRPYAM,2043,0.014261246491765
GLOBAL,S2D1,LNDAGRFJIC04,CRPYAM,2044,0.014259129028235002
GLOBAL,S2D1,LNDAGRFJIC04,CRPYAM,2045,0.014257011335294001
GLOBAL,S2D1,LNDAGRFJIC04,CRPYAM,2046,0.014242540777647
GLOBAL,S2D1,LNDAGRFJIC04,CRPYAM,2047,0.014228070220000002
GLOBAL,S2D1,LNDAGRFJIC04,CRPYAM,2048,0.014118392032654
GLOBAL,S2D1,LNDAGRFJIC04,CRPYAM,2049,0.014151562798555
GLOBAL,S2D1,LNDAGRFJIC04,CRPYAM,2050,0.014184658547059
GLOBAL,S2D1,LNDAGRFJIC04,WTREVTFJI,2021,1.7768770665474578
GLOBAL,S2D1,LNDAGRFJIC04,WTREVTFJI,2022,1.7737247279468846
GLOBAL,S2D1,LNDAGRFJIC04,WTREVTFJI,2023,2.369094321157312
GLOBAL,S2D1,LNDAGRFJIC04,WTREVTFJI,2024,2.368527129401739
GLOBAL,S2D1,LNDAGRFJIC04,WTREVTFJI,2025,2.367959975461166
GLOBAL,S2D1,LNDAGRFJIC04,WTREVTFJI,2026,2.367532636581432
GLOBAL,S2D1,LNDAGRFJIC04,WTREVTFJI,2027,2.3671052979537976
GLOBAL,S2D1,LNDAGRFJIC04,WTREVTFJI,2028,2.3666779212590643
GLOBAL,S2D1,LNDAGRFJIC04,WTREVTFJI,2029,2.366250744204841
GLOBAL,S2D1,LNDAGRFJIC04,WTREVTFJI,2030,2.3658233675101066
GLOBAL,S2D1,LNDAGRFJIC04,WTREVTFJI,2031,2.3655310245778645
GLOBAL,S2D1,LNDAGRFJIC04,WTREVTFJI,2032,2.3652386818750317
GLOBAL,S2D1,LNDAGRFJIC04,WTREVTFJI,2033,2.3649463391722
GLOBAL,S2D1,LNDAGRFJIC04,WTREVTFJI,2034,0.026154883929368003
GLOBAL,S2D1,LNDAGRFJIC04,WTREVTFJI,2035,2.364361777295536
GLOBAL,S2D1,LNDAGRFJIC04,WTREVTFJI,2036,0.026236454683515
GLOBAL,S2D1,LNDAGRFJIC04,WTREVTFJI,2037,2.364099678386849
GLOBAL,S2D1,LNDAGRFJIC04,WTREVTFJI,2038,2.363968837453239
GLOBAL,S2D1,LNDAGRFJIC04,WTREVTFJI,2039,2.3640527323324116
GLOBAL,S2D1,LNDAGRFJIC04,WTREVTFJI,2040,0.026337416004119
GLOBAL,S2D1,LNDAGRFJIC04,WTREVTFJI,2041,1.7511078275510898
GLOBAL,S2D1,LNDAGRFJIC04,WTREVTFJI,2042,2.3637473795679047
GLOBAL,S2D1,LNDAGRFJIC04,WTREVTFJI,2043,2.363767576435876
GLOBAL,S2D1,LNDAGRFJIC04,WTREVTFJI,2044,2.363787935129358
GLOBAL,S2D1,LNDAGRFJIC04,WTREVTFJI,2045,2.363808255526329
GLOBAL,S2D1,LNDAGRFJIC04,WTREVTFJI,2046,2.3639466101517
GLOBAL,S2D1,LNDAGRFJIC04,WTREVTFJI,2047,2.3640852204972265
GLOBAL,S2D1,LNDAGRFJIC04,WTREVTFJI,2048,2.364048092646197
GLOBAL,S2D1,LNDAGRFJIC04,WTREVTFJI,2049,2.364274613423058
GLOBAL,S2D1,LNDAGRFJIC04,WTREVTFJI,2050,2.364501051763219
GLOBAL,S2D1,LNDAGRFJIC04,WTRGRCFJI,2021,0.05523825089726139
GLOBAL,S2D1,LNDAGRFJIC04,WTRGRCFJI,2022,0.05514483672183629
GLOBAL,S2D1,LNDAGRFJIC04,WTRGRCFJI,2023,0.0734060958244672
GLOBAL,S2D1,LNDAGRFJIC04,WTRGRCFJI,2024,0.0733919594856221
GLOBAL,S2D1,LNDAGRFJIC04,WTRGRCFJI,2025,0.073377824306437
GLOBAL,S2D1,LNDAGRFJIC04,WTRGRCFJI,2026,0.0733671737232836
GLOBAL,S2D1,LNDAGRFJIC04,WTRGRCFJI,2027,0.07335652315424779
GLOBAL,S2D1,LNDAGRFJIC04,WTRGRCFJI,2028,0.0733458714114344
GLOBAL,S2D1,LNDAGRFJIC04,WTRGRCFJI,2029,0.0733352251031407
GLOBAL,S2D1,LNDAGRFJIC04,WTRGRCFJI,2030,0.07332457336032729
GLOBAL,S2D1,LNDAGRFJIC04,WTRGRCFJI,2031,0.0733172872465472
GLOBAL,S2D1,LNDAGRFJIC04,WTRGRCFJI,2032,0.07331000114814519
GLOBAL,S2D1,LNDAGRFJIC04,WTRGRCFJI,2033,0.07330271504974319
GLOBAL,S2D1,LNDAGRFJIC04,WTRGRCFJI,2034,0.0015814561667812001
GLOBAL,S2D1,LNDAGRFJIC04,WTRGRCFJI,2035,0.0732881459386432
GLOBAL,S2D1,LNDAGRFJIC04,WTRGRCFJI,2036,0.0015863882937860998
GLOBAL,S2D1,LNDAGRFJIC04,WTRGRCFJI,2037,0.07328161375008109
GLOBAL,S2D1,LNDAGRFJIC04,WTRGRCFJI,2038,0.07327835284918609
GLOBAL,S2D1,LNDAGRFJIC04,WTRGRCFJI,2039,0.073238606485624
GLOBAL,S2D1,LNDAGRFJIC04,WTRGRCFJI,2040,0.0015924930757897
GLOBAL,S2D1,LNDAGRFJIC04,WTRGRCFJI,2041,0.0544853355182482
GLOBAL,S2D1,LNDAGRFJIC04,WTRGRCFJI,2042,0.0732728333037191
GLOBAL,S2D1,LNDAGRFJIC04,WTRGRCFJI,2043,0.0732733365318736
GLOBAL,S2D1,LNDAGRFJIC04,WTRGRCFJI,2044,0.07327384403488779
GLOBAL,S2D1,LNDAGRFJIC04,WTRGRCFJI,2045,0.0732743503487463
GLOBAL,S2D1,LNDAGRFJIC04,WTRGRCFJI,2046,0.0732777987764952
GLOBAL,S2D1,LNDAGRFJIC04,WTRGRCFJI,2047,0.07328125334439169
GLOBAL,S2D1,LNDAGRFJIC04,WTRGRCFJI,2048,0.0732740819701451
GLOBAL,S2D1,LNDAGRFJIC04,WTRGRCFJI,2049,0.07328285182502979
GLOBAL,S2D1,LNDAGRFJIC04,WTRGRCFJI,2050,0.0732916170634593
GLOBAL,S2D1,LNDAGRFJIC04,WTRSURFJI,2021,0.66952505903228
GLOBAL,S2D1,LNDAGRFJIC04,WTRSURFJI,2022,0.66844767431265
GLOBAL,S2D1,LNDAGRFJIC04,WTRSURFJI,2023,0.88682834882002
GLOBAL,S2D1,LNDAGRFJIC04,WTRSURFJI,2024,0.8866988512768901
GLOBAL,S2D1,LNDAGRFJIC04,WTRSURFJI,2025,0.88656936759926
GLOBAL,S2D1,LNDAGRFJIC04,WTRSURFJI,2026,0.8864718040421201
GLOBAL,S2D1,LNDAGRFJIC04,WTRSURFJI,2027,0.88637424073708
GLOBAL,S2D1,LNDAGRFJIC04,WTRSURFJI,2028,0.88627666331444
GLOBAL,S2D1,LNDAGRFJIC04,WTRSURFJI,2029,0.88617914188321
GLOBAL,S2D1,LNDAGRFJIC04,WTRSURFJI,2030,0.88608156446057
GLOBAL,S2D1,LNDAGRFJIC04,WTRSURFJI,2031,0.8860148204057401
GLOBAL,S2D1,LNDAGRFJIC04,WTRSURFJI,2032,0.88594807662822
GLOBAL,S2D1,LNDAGRFJIC04,WTRSURFJI,2033,0.8858813328507
GLOBAL,S2D1,LNDAGRFJIC04,WTRSURFJI,2034,0.02836491447518
GLOBAL,S2D1,LNDAGRFJIC04,WTRSURFJI,2035,0.88574787302666
GLOBAL,S2D1,LNDAGRFJIC04,WTRSURFJI,2036,0.02845337679375
GLOBAL,S2D1,LNDAGRFJIC04,WTRSURFJI,2037,0.88568803641099
GLOBAL,S2D1,LNDAGRFJIC04,WTRSURFJI,2038,0.88565816609039
GLOBAL,S2D1,LNDAGRFJIC04,WTRSURFJI,2039,0.88464234509832
GLOBAL,S2D1,LNDAGRFJIC04,WTRSURFJI,2040,0.02856287199179
GLOBAL,S2D1,LNDAGRFJIC04,WTRSURFJI,2041,0.6609758751431
GLOBAL,S2D1,LNDAGRFJIC04,WTRSURFJI,2042,0.88560760254465
GLOBAL,S2D1,LNDAGRFJIC04,WTRSURFJI,2043,0.88561221120996
GLOBAL,S2D1,LNDAGRFJIC04,WTRSURFJI,2044,0.8856168620011801
GLOBAL,S2D1,LNDAGRFJIC04,WTRSURFJI,2045,0.88562149839749
GLOBAL,S2D1,LNDAGRFJIC04,WTRSURFJI,2046,0.8856530890737001
GLOBAL,S2D1,LNDAGRFJIC04,WTRSURFJI,2047,0.8856847341026699
GLOBAL,S2D1,LNDAGRFJIC04,WTRSURFJI,2048,0.8855257928677701
GLOBAL,S2D1,LNDAGRFJIC04,WTRSURFJI,2049,0.88565277238568
GLOBAL,S2D1,LNDAGRFJIC04,WTRSURFJI,2050,0.88577966946689
GLOBAL,S2D1,LNDCASHRTOT,LCASHRTOT,2021,0.0184933357503
GLOBAL,S2D1,LNDCASHRTOT,LCASHRTOT,2022,0.0185739563219
GLOBAL,S2D1,LNDCASHRTOT,LCASHRTOT,2023,0.0186545511793
GLOBAL,S2D1,LNDCASHRTOT,LCASHRTOT,2024,0.0187351717509
GLOBAL,S2D1,LNDCASHRTOT,LCASHRTOT,2025,0.0188157920704
GLOBAL,S2D1,LNDCASHRTOT,LCASHRTOT,2026,0.018876527750299996
GLOBAL,S2D1,LNDCASHRTOT,LCASHRTOT,2027,0.0189372631781
GLOBAL,S2D1,LNDCASHRTOT,LCASHRTOT,2028,0.0189979731438
GLOBAL,S2D1,LNDCASHRTOT,LCASHRTOT,2029,0.019058708571599997
GLOBAL,S2D1,LNDCASHRTOT,LCASHRTOT,2030,0.0191194439994
GLOBAL,S2D1,LNDCASHRTOT,LCASHRTOT,2031,0.019160989070999997
GLOBAL,S2D1,LNDCASHRTOT,LCASHRTOT,2032,0.019202559856799997
GLOBAL,S2D1,LNDCASHRTOT,LCASHRTOT,2033,0.0192441049284
GLOBAL,S2D1,LNDCASHRTOT,LCASHRTOT,2034,0.019285649999999998
GLOBAL,S2D1,LNDCASHRTOT,LCASHRTOT,2035,0.0193271950716
GLOBAL,S2D1,LNDCASHRTOT,LCASHRTOT,2036,0.0193457937491
GLOBAL,S2D1,LNDCASHRTOT,LCASHRTOT,2037,0.019364418392900002
GLOBAL,S2D1,LNDCASHRTOT,LCASHRTOT,2038,0.0193830170704
GLOBAL,S2D1,LNDCASHRTOT,LCASHRTOT,2039,0.019500860963299997
GLOBAL,S2D1,LNDCASHRTOT,LCASHRTOT,2040,0.019420240643799998
GLOBAL,S2D1,LNDCASHRTOT,LCASHRTOT,2041,0.0194173593929
GLOBAL,S2D1,LNDCASHRTOT,LCASHRTOT,2042,0.019414478141999997
GLOBAL,S2D1,LNDCASHRTOT,LCASHRTOT,2043,0.019411622857399998
GLOBAL,S2D1,LNDCASHRTOT,LCASHRTOT,2044,0.0194087416065
GLOBAL,S2D1,LNDCASHRTOT,LCASHRTOT,2045,0.019405860607700002
GLOBAL,S2D1,LNDCASHRTOT,LCASHRTOT,2046,0.0193861554633
GLOBAL,S2D1,LNDCASHRTOT,LCASHRTOT,2047,0.0193664762852
GLOBAL,S2D1,LNDCASHRTOT,LCASHRTOT,2048,0.019217110060399997
GLOBAL,S2D1,LNDCASHRTOT,LCASHRTOT,2049,0.0192622994896
GLOBAL,S2D1,LNDCASHRTOT,LCASHRTOT,2050,0.019307387070399997
GLOBAL,S2D1,LNDCONHRTOT,LCONHRTOT,2021,0.0111538816438
GLOBAL,S2D1,LNDCONHRTOT,LCONHRTOT,2022,0.011202500893499999
GLOBAL,S2D1,LNDCONHRTOT,LCONHRTOT,2023,0.0112511201432
GLOBAL,S2D1,LNDCONHRTOT,LCONHRTOT,2024,0.0112997393929
GLOBAL,S2D1,LNDCONHRTOT,LCONHRTOT,2025,0.011348358642599999
GLOBAL,S2D1,LNDCONHRTOT,LCONHRTOT,2026,0.0113849902852
GLOBAL,S2D1,LNDCONHRTOT,LCONHRTOT,2027,0.0114216219278
GLOBAL,S2D1,LNDCONHRTOT,LCONHRTOT,2028,0.0114582535704
GLOBAL,S2D1,LNDCONHRTOT,LCONHRTOT,2029,0.0114948854651
GLOBAL,S2D1,LNDCONHRTOT,LCONHRTOT,2030,0.0115315171077
GLOBAL,S2D1,LNDCONHRTOT,LCONHRTOT,2031,0.0115565725704
GLOBAL,S2D1,LNDCONHRTOT,LCONHRTOT,2032,0.011581628285199999
GLOBAL,S2D1,LNDCONHRTOT,LCONHRTOT,2033,0.011606683999999999
GLOBAL,S2D1,LNDCONHRTOT,LCONHRTOT,2034,0.0116317397148
GLOBAL,S2D1,LNDCONHRTOT,LCONHRTOT,2035,0.0116567954296
GLOBAL,S2D1,LNDCONHRTOT,LCONHRTOT,2036,0.011668011106499999
GLOBAL,S2D1,LNDCONHRTOT,LCONHRTOT,2037,0.0116792784639
GLOBAL,S2D1,LNDCONHRTOT,LCONHRTOT,2038,0.0116904943929
GLOBAL,S2D1,LNDCONHRTOT,LCONHRTOT,2039,0.0117615455006
GLOBAL,S2D1,LNDCONHRTOT,LCONHRTOT,2040,0.011712926250899999
GLOBAL,S2D1,LNDCONHRTOT,LCONHRTOT,2041,0.011711176929
GLOBAL,S2D1,LNDCONHRTOT,LCONHRTOT,2042,0.011709479035499999
GLOBAL,S2D1,LNDCONHRTOT,LCONHRTOT,2043,0.0117077297136
GLOBAL,S2D1,LNDCONHRTOT,LCONHRTOT,2044,0.011705980643799999
GLOBAL,S2D1,LNDCONHRTOT,LCONHRTOT,2045,0.0117042313219
GLOBAL,S2D1,LNDCONHRTOT,LCONHRTOT,2046,0.011692398
GLOBAL,S2D1,LNDCONHRTOT,LCONHRTOT,2047,0.011680513249699999
GLOBAL,S2D1,LNDCONHRTOT,LCONHRTOT,2048,0.0115904807767
GLOBAL,S2D1,LNDCONHRTOT,LCONHRTOT,2049,0.0116176700138
GLOBAL,S2D1,LNDCONHRTOT,LCONHRTOT,2050,0.0116448592509
GLOBAL,S2D1,LNDFORTOT,LFORTOT,2021,1.6083918235499999
GLOBAL,S2D1,LNDFORTOT,LFORTOT,2022,16.4510882721
GLOBAL,S2D1,LNDFORTOT,LFORTOT,2023,16.4131300793
GLOBAL,S2D1,LNDFORTOT,LFORTOT,2024,16.4126793245
GLOBAL,S2D1,LNDFORTOT,LFORTOT,2025,16.4122283176
GLOBAL,S2D1,LNDFORTOT,LFORTOT,2026,16.4118884868
GLOBAL,S2D1,LNDFORTOT,LFORTOT,2027,16.411548656
GLOBAL,S2D1,LNDFORTOT,LFORTOT,2028,16.4094930326
GLOBAL,S2D1,LNDFORTOT,LFORTOT,2029,16.4035346491
GLOBAL,S2D1,LNDFORTOT,LFORTOT,2030,16.3975760135
GLOBAL,S2D1,LNDFORTOT,LFORTOT,2031,16.3935078758
GLOBAL,S2D1,LNDFORTOT,LFORTOT,2032,16.3894304104
GLOBAL,S2D1,LNDFORTOT,LFORTOT,2033,16.3853531971
GLOBAL,S2D1,LNDFORTOT,LFORTOT,2035,16.3772078461
GLOBAL,S2D1,LNDFORTOT,LFORTOT,2037,16.3735513877
GLOBAL,S2D1,LNDFORTOT,LFORTOT,2038,16.3717231585
GLOBAL,S2D1,LNDFORTOT,LFORTOT,2039,16.3685905639
GLOBAL,S2D1,LNDFORTOT,LFORTOT,2041,16.3683596403
GLOBAL,S2D1,LNDFORTOT,LFORTOT,2042,16.3686430007
GLOBAL,S2D1,LNDFORTOT,LFORTOT,2043,16.368926361099998
GLOBAL,S2D1,LNDFORTOT,LFORTOT,2044,16.369200898
GLOBAL,S2D1,LNDFORTOT,LFORTOT,2045,16.3694845105
GLOBAL,S2D1,LNDFORTOT,LFORTOT,2046,16.371417865399998
GLOBAL,S2D1,LNDFORTOT,LFORTOT,2047,16.373351220300002
GLOBAL,S2D1,LNDFORTOT,LFORTOT,2048,16.3752848273
GLOBAL,S2D1,LNDFORTOT,LFORTOT,2049,16.3772181822
GLOBAL,S2D1,LNDFORTOT,LFORTOT,2050,16.3791427136
GLOBAL,S2D1,LNDOTHHRTOT,LOTHHRTOT,2021,0.0171408817711
GLOBAL,S2D1,LNDOTHHRTOT,LOTHHRTOT,2022,0.0172155802616
GLOBAL,S2D1,LNDOTHHRTOT,LOTHHRTOT,2023,0.0172903059789
GLOBAL,S2D1,LNDOTHHRTOT,LOTHHRTOT,2024,0.0173650316962
GLOBAL,S2D1,LNDOTHHRTOT,LOTHHRTOT,2025,0.0174397299346
GLOBAL,S2D1,LNDOTHHRTOT,LOTHHRTOT,2026,0.0174960415116
GLOBAL,S2D1,LNDOTHHRTOT,LOTHHRTOT,2027,0.0175523256097
GLOBAL,S2D1,LNDOTHHRTOT,LOTHHRTOT,2028,0.0176086094557
GLOBAL,S2D1,LNDOTHHRTOT,LOTHHRTOT,2029,0.0176648935538
GLOBAL,S2D1,LNDOTHHRTOT,LOTHHRTOT,2030,0.0177212051308
GLOBAL,S2D1,LNDOTHHRTOT,LOTHHRTOT,2031,0.0177597050865
GLOBAL,S2D1,LNDOTHHRTOT,LOTHHRTOT,2032,0.0177982052943
GLOBAL,S2D1,LNDOTHHRTOT,LOTHHRTOT,2033,0.017836732728899997
GLOBAL,S2D1,LNDOTHHRTOT,LOTHHRTOT,2034,0.0178752326846
GLOBAL,S2D1,LNDOTHHRTOT,LOTHHRTOT,2035,0.017913760119199998
GLOBAL,S2D1,LNDOTHHRTOT,LOTHHRTOT,2036,0.0179309961962
GLOBAL,S2D1,LNDOTHHRTOT,LOTHHRTOT,2037,0.017948232021099998
GLOBAL,S2D1,LNDOTHHRTOT,LOTHHRTOT,2038,0.017965495577
GLOBAL,S2D1,LNDOTHHRTOT,LOTHHRTOT,2039,0.0180746931962
GLOBAL,S2D1,LNDOTHHRTOT,LOTHHRTOT,2040,0.0179999947057
GLOBAL,S2D1,LNDOTHHRTOT,LOTHHRTOT,2041,0.0179973093365
GLOBAL,S2D1,LNDOTHHRTOT,LOTHHRTOT,2042,0.0179946514462
GLOBAL,S2D1,LNDOTHHRTOT,LOTHHRTOT,2043,0.0179919933038
GLOBAL,S2D1,LNDOTHHRTOT,LOTHHRTOT,2044,0.0179893354135
GLOBAL,S2D1,LNDOTHHRTOT,LOTHHRTOT,2045,0.017986650044299998
GLOBAL,S2D1,LNDOTHHRTOT,LOTHHRTOT,2046,0.017968400021100003
GLOBAL,S2D1,LNDOTHHRTOT,LOTHHRTOT,2047,0.01795015025
GLOBAL,S2D1,LNDOTHHRTOT,LOTHHRTOT,2048,0.0178116674343
GLOBAL,S2D1,LNDOTHHRTOT,LOTHHRTOT,2049,0.0178534933453
GLOBAL,S2D1,LNDOTHHRTOT,LOTHHRTOT,2050,0.0178954006846
GLOBAL,S2D1,LNDSGCHRTOT,LSGCHRTOT,2021,0.39556781588999995
GLOBAL,S2D1,LNDSGCHRTOT,LSGCHRTOT,2022,0.39729127233
GLOBAL,S2D1,LNDSGCHRTOT,LSGCHRTOT,2023,0.39901699767
GLOBAL,S2D1,LNDSGCHRTOT,LSGCHRTOT,2024,0.40074045411000003
GLOBAL,S2D1,LNDSGCHRTOT,LSGCHRTOT,2025,0.40246391054999997
GLOBAL,S2D1,LNDSGCHRTOT,LSGCHRTOT,2026,0.40376335999999996
GLOBAL,S2D1,LNDSGCHRTOT,LSGCHRTOT,2027,0.40506280945
GLOBAL,S2D1,LNDSGCHRTOT,LSGCHRTOT,2028,0.40636228411
GLOBAL,S2D1,LNDSGCHRTOT,LSGCHRTOT,2029,0.40766173356
GLOBAL,S2D1,LNDSGCHRTOT,LSGCHRTOT,2030,0.40896120822
GLOBAL,S2D1,LNDSGCHRTOT,LSGCHRTOT,2031,0.40984814644
GLOBAL,S2D1,LNDSGCHRTOT,LSGCHRTOT,2032,0.41073735356
GLOBAL,S2D1,LNDSGCHRTOT,LSGCHRTOT,2033,0.41162658589
GLOBAL,S2D1,LNDSGCHRTOT,LSGCHRTOT,2034,0.41251581822
GLOBAL,S2D1,LNDSGCHRTOT,LSGCHRTOT,2035,0.41340275644
GLOBAL,S2D1,LNDSGCHRTOT,LSGCHRTOT,2036,0.41380152822
GLOBAL,S2D1,LNDSGCHRTOT,LSGCHRTOT,2037,0.41420029999999997
GLOBAL,S2D1,LNDSGCHRTOT,LSGCHRTOT,2038,0.41459907178
GLOBAL,S2D1,LNDSGCHRTOT,LSGCHRTOT,2039,0.41711777766999997
GLOBAL,S2D1,LNDSGCHRTOT,LSGCHRTOT,2040,0.41539434644
GLOBAL,S2D1,LNDSGCHRTOT,LSGCHRTOT,2041,0.41533245589
GLOBAL,S2D1,LNDSGCHRTOT,LSGCHRTOT,2042,0.41527059055
GLOBAL,S2D1,LNDSGCHRTOT,LSGCHRTOT,2043,0.4152087
GLOBAL,S2D1,LNDSGCHRTOT,LSGCHRTOT,2044,0.41514910356
GLOBAL,S2D1,LNDSGCHRTOT,LSGCHRTOT,2045,0.41508723822
GLOBAL,S2D1,LNDSGCHRTOT,LSGCHRTOT,2046,0.41466555055
GLOBAL,S2D1,LNDSGCHRTOT,LSGCHRTOT,2047,0.41424383767
GLOBAL,S2D1,LNDSGCHRTOT,LSGCHRTOT,2048,0.41475721411
GLOBAL,S2D1,LNDSGCHRTOT,LSGCHRTOT,2049,0.41386798177999995
GLOBAL,S2D1,LNDSGCHRTOT,LSGCHRTOT,2050,0.41298104356
GLOBAL,S2D1,LNDYAMHRTOT,LYAMHRTOT,2021,0.014930331576599998
GLOBAL,S2D1,LNDYAMHRTOT,LYAMHRTOT,2022,0.0149954066538
GLOBAL,S2D1,LNDYAMHRTOT,LYAMHRTOT,2023,0.015060509461999999
GLOBAL,S2D1,LNDYAMHRTOT,LYAMHRTOT,2024,0.015125584539199998
GLOBAL,S2D1,LNDYAMHRTOT,LYAMHRTOT,2025,0.0151906596164
GLOBAL,S2D1,LNDYAMHRTOT,LYAMHRTOT,2026,0.015239694326899998
GLOBAL,S2D1,LNDYAMHRTOT,LYAMHRTOT,2027,0.0152887292895
GLOBAL,S2D1,LNDYAMHRTOT,LYAMHRTOT,2028,0.015337763999999999
GLOBAL,S2D1,LNDYAMHRTOT,LYAMHRTOT,2029,0.015386771231599998
GLOBAL,S2D1,LNDYAMHRTOT,LYAMHRTOT,2030,0.0154358059421
GLOBAL,S2D1,LNDYAMHRTOT,LYAMHRTOT,2031,0.0154693546538
GLOBAL,S2D1,LNDYAMHRTOT,LYAMHRTOT,2032,0.0155029033655
GLOBAL,S2D1,LNDYAMHRTOT,LYAMHRTOT,2033,0.0155364520772
GLOBAL,S2D1,LNDYAMHRTOT,LYAMHRTOT,2034,0.0155700007889
GLOBAL,S2D1,LNDYAMHRTOT,LYAMHRTOT,2035,0.0156035217696
GLOBAL,S2D1,LNDYAMHRTOT,LYAMHRTOT,2036,0.0156185645766
GLOBAL,S2D1,LNDYAMHRTOT,LYAMHRTOT,2037,0.0156335799047
GLOBAL,S2D1,LNDYAMHRTOT,LYAMHRTOT,2038,0.0156485949807
GLOBAL,S2D1,LNDYAMHRTOT,LYAMHRTOT,2039,0.015743728193
GLOBAL,S2D1,LNDYAMHRTOT,LYAMHRTOT,2040,0.0156786531158
GLOBAL,S2D1,LNDYAMHRTOT,LYAMHRTOT,2041,0.0156763259807
GLOBAL,S2D1,LNDYAMHRTOT,LYAMHRTOT,2042,0.0156739988456
GLOBAL,S2D1,LNDYAMHRTOT,LYAMHRTOT,2043,0.0156716994415
GLOBAL,S2D1,LNDYAMHRTOT,LYAMHRTOT,2044,0.0156693725585
GLOBAL,S2D1,LNDYAMHRTOT,LYAMHRTOT,2045,0.0156670454234
GLOBAL,S2D1,LNDYAMHRTOT,LYAMHRTOT,2046,0.0156511437117
GLOBAL,S2D1,LNDYAMHRTOT,LYAMHRTOT,2047,0.015635242
GLOBAL,S2D1,LNDYAMHRTOT,LYAMHRTOT,2048,0.0155147165194
GLOBAL,S2D1,LNDYAMHRTOT,LYAMHRTOT,2049,0.0155511679105
GLOBAL,S2D1,LNDYAMHRTOT,LYAMHRTOT,2050,0.0155875368649
GLOBAL,S2D1,MINCOGINT,COGINT,2025,11.8449696763
GLOBAL,S2D1,MINCOGINT,COGINT,2030,10.4792285145
GLOBAL,S2D1,MINCOGINT,COGINT,2033,4.066304176699999
GLOBAL,S2D1,MINGASINT,GASINT,2023,11.8577866924
GLOBAL,S2D1,MINGASINT,GASINT,2029,11.1099834708
GLOBAL,S2D1,MINGASINT,GASINT,2031,9.3504464788
GLOBAL,S2D1,MINGASINT,GASINT,2037,1.8217544148599998
GLOBAL,S2D1,MINLNDTOT,LTOT,2021,2.06567808077
GLOBAL,S2D1,MINLNDTOT,LTOT,2022,16.9103670773
GLOBAL,S2D1,MINLNDTOT,LTOT,2023,16.8744037518
GLOBAL,S2D1,MINLNDTOT,LTOT,2024,16.875945091200002
GLOBAL,S2D1,MINLNDTOT,LTOT,2025,16.8774866827
GLOBAL,S2D1,MINLNDTOT,LTOT,2026,16.8786491158
GLOBAL,S2D1,MINLNDTOT,LTOT,2027,16.8798112968
GLOBAL,S2D1,MINLNDTOT,LTOT,2028,16.879257937299997
GLOBAL,S2D1,MINLNDTOT,LTOT,2029,16.8748015656
GLOBAL,S2D1,MINLNDTOT,LTOT,2030,16.870345193899997
GLOBAL,S2D1,MINLNDTOT,LTOT,2031,16.867302599
GLOBAL,S2D1,MINLNDTOT,LTOT,2032,16.8642531974
GLOBAL,S2D1,MINLNDTOT,LTOT,2033,16.861203795799998
GLOBAL,S2D1,MINLNDTOT,LTOT,2034,0.47687843561
GLOBAL,S2D1,MINLNDTOT,LTOT,2035,16.8551117993
GLOBAL,S2D1,MINLNDTOT,LTOT,2036,0.47836489284
GLOBAL,S2D1,MINLNDTOT,LTOT,2037,16.852377018499997
GLOBAL,S2D1,MINLNDTOT,LTOT,2038,16.8510098802
GLOBAL,S2D1,MINLNDTOT,LTOT,2039,16.850789292699996
GLOBAL,S2D1,MINLNDTOT,LTOT,2040,0.48020615560999996
GLOBAL,S2D1,MINLNDTOT,LTOT,2041,16.8484941743
GLOBAL,S2D1,MINLNDTOT,LTOT,2042,16.848706190399998
GLOBAL,S2D1,MINLNDTOT,LTOT,2043,16.8489182065
GLOBAL,S2D1,MINLNDTOT,LTOT,2044,16.8491234159
GLOBAL,S2D1,MINLNDTOT,LTOT,2045,16.849335684099998
GLOBAL,S2D1,MINLNDTOT,LTOT,2046,16.8507814776
GLOBAL,S2D1,MINLNDTOT,LTOT,2047,16.8522275232
GLOBAL,S2D1,MINLNDTOT,LTOT,2048,16.854176004099997
GLOBAL,S2D1,MINLNDTOT,LTOT,2049,16.855370706
GLOBAL,S2D1,MINLNDTOT,LTOT,2050,16.856558853299997
GLOBAL,S2D1,MINOILINT,OILINT,2030,0.12996878105499998
GLOBAL,S2D1,MINOILINT,OILINT,2035,0.69522665736
GLOBAL,S2D1,MINOILINT,OILINT,2038,0.8497139911399999
GLOBAL,S2D1,MINPETINT,PETINT,2032,1.17964890816
GLOBAL,S2D1,MINPETINT,PETINT,2033,0.44367689081999995
GLOBAL,S2D1,MINPETINT,PETINT,2034,0.5660768861800001
GLOBAL,S2D1,MINPETINT,PETINT,2036,1.71404015206
GLOBAL,S2D1,MINPETINT,PETINT,2037,0.97917689573
GLOBAL,S2D1,MINPETINT,PETINT,2038,0.0217173433229
GLOBAL,S2D1,MINPETINT,PETINT,2039,1.3221069374999999
GLOBAL,S2D1,MINPETINT,PETINT,2040,1.3310742605499999
GLOBAL,S2D1,MINPETINT,PETINT,2041,1.49937425417
GLOBAL,S2D1,MINPETINT,PETINT,2042,1.0872165944199998
GLOBAL,S2D1,MINPETINT,PETINT,2043,1.2418098606199999
GLOBAL,S2D1,MINPETINT,PETINT,2044,1.3615590749
GLOBAL,S2D1,MINPETINT,PETINT,2045,1.71404015206
GLOBAL,S2D1,MINPETINT,PETINT,2046,1.82970043039
GLOBAL,S2D1,MINPETINT,PETINT,2047,1.82970043039
GLOBAL,S2D1,MINPETINT,PETINT,2048,1.95734806372
GLOBAL,S2D1,MINPETINT,PETINT,2049,2.46148287066
GLOBAL,S2D1,MINPETINT,PETINT,2050,2.0099927957999997
GLOBAL,S2D1,MINPRCFJI,WTRPRCFJI,2021,4.8609616958999995
GLOBAL,S2D1,MINPRCFJI,WTRPRCFJI,2022,43.200819022
GLOBAL,S2D1,MINPRCFJI,WTRPRCFJI,2023,42.865543669000004
GLOBAL,S2D1,MINPRCFJI,WTRPRCFJI,2024,42.869910041
GLOBAL,S2D1,MINPRCFJI,WTRPRCFJI,2025,42.874273892
GLOBAL,S2D1,MINPRCFJI,WTRPRCFJI,2026,42.877563797
GLOBAL,S2D1,MINPRCFJI,WTRPRCFJI,2027,42.880856222999995
GLOBAL,S2D1,MINPRCFJI,WTRPRCFJI,2028,42.879857906999995
GLOBAL,S2D1,MINPRCFJI,WTRPRCFJI,2029,42.8691008
GLOBAL,S2D1,MINPRCFJI,WTRPRCFJI,2030,42.858343692999995
GLOBAL,S2D1,MINPRCFJI,WTRPRCFJI,2031,42.85100002
GLOBAL,S2D1,MINPRCFJI,WTRPRCFJI,2032,42.843641221
GLOBAL,S2D1,MINPRCFJI,WTRPRCFJI,2033,42.836279901
GLOBAL,S2D1,MINPRCFJI,WTRPRCFJI,2034,1.2712507288700001
GLOBAL,S2D1,MINPRCFJI,WTRPRCFJI,2035,42.821577428999994
GLOBAL,S2D1,MINPRCFJI,WTRPRCFJI,2036,1.27521326188
GLOBAL,S2D1,MINPRCFJI,WTRPRCFJI,2037,42.814977451000004
GLOBAL,S2D1,MINPRCFJI,WTRPRCFJI,2038,42.811677462
GLOBAL,S2D1,MINPRCFJI,WTRPRCFJI,2039,42.810540491
GLOBAL,S2D1,MINPRCFJI,WTRPRCFJI,2040,1.2801216740899999
GLOBAL,S2D1,MINPRCFJI,WTRPRCFJI,2041,43.042553163
GLOBAL,S2D1,MINPRCFJI,WTRPRCFJI,2042,42.806116136
GLOBAL,S2D1,MINPRCFJI,WTRPRCFJI,2043,42.80662789899999
GLOBAL,S2D1,MINPRCFJI,WTRPRCFJI,2044,42.807124535999996
GLOBAL,S2D1,MINPRCFJI,WTRPRCFJI,2045,42.807636299
GLOBAL,S2D1,MINPRCFJI,WTRPRCFJI,2046,42.811125362999995
GLOBAL,S2D1,MINPRCFJI,WTRPRCFJI,2047,42.814616948
GLOBAL,S2D1,MINPRCFJI,WTRPRCFJI,2048,42.819573233999996
GLOBAL,S2D1,MINPRCFJI,WTRPRCFJI,2049,42.822328687
GLOBAL,S2D1,MINPRCFJI,WTRPRCFJI,2050,42.819003488
GLOBAL,S2D1,PWRBIOFJIXX01,ELCFJIXX01,2021,0.0092318485548
GLOBAL,S2D1,PWRBIOFJIXX01,ELCFJIXX01,2029,0.211472726181
GLOBAL,S2D1,PWRBIOFJIXX01,ELCFJIXX01,2031,0.08206109368899998
GLOBAL,S2D1,PWRBIOFJIXX01,ELCFJIXX01,2036,0.0033988031244
GLOBAL,S2D1,PWRBIOFJIXX01,ELCFJIXX01,2038,0.082906924483
GLOBAL,S2D1,PWRBIOFJIXX01,ELCFJIXX01,2042,0.187192052495
GLOBAL,S2D1,PWRBIOFJIXX01,ELCFJIXX01,2043,0.189171370267
GLOBAL,S2D1,PWRBIOFJIXX01,ELCFJIXX01,2044,0.20503764426999999
GLOBAL,S2D1,PWRBIOFJIXX01,ELCFJIXX01,2045,0.142347745674
GLOBAL,S2D1,PWRBIOFJIXX01,ELCFJIXX01,2046,0.167050268374
GLOBAL,S2D1,PWRBIOFJIXX01,ELCFJIXX01,2047,0.204201728569
GLOBAL,S2D1,PWRBIOFJIXX01,ELCFJIXX01,2048,0.224986818949
GLOBAL,S2D1,PWRBIOFJIXX01,ELCFJIXX01,2049,0.12273688415299999
GLOBAL,S2D1,PWRBIOFJIXX01,ELCFJIXX01,2050,0.33278266382999994
GLOBAL,S2D1,PWRHYDFJIXX01,ELCFJIXX01,2021,0.82826814666
GLOBAL,S2D1,PWRHYDFJIXX01,ELCFJIXX01,2022,0.8574999988
GLOBAL,S2D1,PWRHYDFJIXX01,ELCFJIXX01,2023,0.8749999992899999
GLOBAL,S2D1,PWRHYDFJIXX01,ELCFJIXX01,2024,0.8949999998499999
GLOBAL,S2D1,PWRHYDFJIXX01,ELCFJIXX01,2025,0.91250000034
GLOBAL,S2D1,PWRHYDFJIXX01,ELCFJIXX01,2026,0.95000000139
GLOBAL,S2D1,PWRHYDFJIXX01,ELCFJIXX01,2027,0.98750000244
GLOBAL,S2D1,PWRHYDFJIXX01,ELCFJIXX01,2028,1.02500000349
GLOBAL,S2D1,PWRHYDFJIXX01,ELCFJIXX01,2029,0.8510272808799999
GLOBAL,S2D1,PWRHYDFJIXX01,ELCFJIXX01,2030,1.0579389105
GLOBAL,S2D1,PWRHYDFJIXX01,ELCFJIXX01,2031,1.0579389105
GLOBAL,S2D1,PWRHYDFJIXX01,ELCFJIXX01,2032,0.7749251732099999
GLOBAL,S2D1,PWRHYDFJIXX01,ELCFJIXX01,2033,1.0579389105
GLOBAL,S2D1,PWRHYDFJIXX01,ELCFJIXX01,2034,1.0579389105
GLOBAL,S2D1,PWRHYDFJIXX01,ELCFJIXX01,2035,1.0579389105
GLOBAL,S2D1,PWRHYDFJIXX01,ELCFJIXX01,2036,0.7668887042
GLOBAL,S2D1,PWRHYDFJIXX01,ELCFJIXX01,2037,1.0579389105
GLOBAL,S2D1,PWRHYDFJIXX01,ELCFJIXX01,2038,1.0579389105
GLOBAL,S2D1,PWRHYDFJIXX01,ELCFJIXX01,2039,1.0579389105
GLOBAL,S2D1,PWRHYDFJIXX01,ELCFJIXX01,2040,1.0579389105
GLOBAL,S2D1,PWRHYDFJIXX01,ELCFJIXX01,2041,1.0579389105
GLOBAL,S2D1,PWRHYDFJIXX01,ELCFJIXX01,2042,1.0579389105
GLOBAL,S2D1,PWRHYDFJIXX01,ELCFJIXX01,2043,1.0579389105
GLOBAL,S2D1,PWRHYDFJIXX01,ELCFJIXX01,2044,1.0579389105
GLOBAL,S2D1,PWRHYDFJIXX01,ELCFJIXX01,2045,1.0579389105
GLOBAL,S2D1,PWRHYDFJIXX01,ELCFJIXX01,2046,1.0579389105
GLOBAL,S2D1,PWRHYDFJIXX01,ELCFJIXX01,2047,1.0579389105
GLOBAL,S2D1,PWRHYDFJIXX01,ELCFJIXX01,2048,1.0579389105
GLOBAL,S2D1,PWRHYDFJIXX01,ELCFJIXX01,2049,1.0579389105
GLOBAL,S2D1,PWRHYDFJIXX01,ELCFJIXX01,2050,1.0579389105
GLOBAL,S2D1,PWROILFJIXX01,ELCFJIXX01,2030,0.04206109508999999
GLOBAL,S2D1,PWROILFJIXX01,ELCFJIXX01,2035,0.224992445821
GLOBAL,S2D1,PWROILFJIXX01,ELCFJIXX01,2038,0.27498836068
GLOBAL,S2D1,PWRPETFJIXX01,ELCFJIXX01,2032,0.38550617715999996
GLOBAL,S2D1,PWRPETFJIXX01,ELCFJIXX01,2033,0.14499244610200002
GLOBAL,S2D1,PWRPETFJIXX01,ELCFJIXX01,2034,0.184992447222
GLOBAL,S2D1,PWRPETFJIXX01,ELCFJIXX01,2036,0.56014383873
GLOBAL,S2D1,PWRPETFJIXX01,ELCFJIXX01,2037,0.31999244596000004
GLOBAL,S2D1,PWRPETFJIXX01,ELCFJIXX01,2038,0.0070971711326
GLOBAL,S2D1,PWRPETFJIXX01,ELCFJIXX01,2039,0.43206110601000003
GLOBAL,S2D1,PWRPETFJIXX01,ELCFJIXX01,2040,0.43499159204
GLOBAL,S2D1,PWRPETFJIXX01,ELCFJIXX01,2041,0.48999159357999994
GLOBAL,S2D1,PWRPETFJIXX01,ELCFJIXX01,2042,0.35529952995
GLOBAL,S2D1,PWRPETFJIXX01,ELCFJIXX01,2043,0.40582021869
GLOBAL,S2D1,PWRPETFJIXX01,ELCFJIXX01,2044,0.44495395378999997
GLOBAL,S2D1,PWRPETFJIXX01,ELCFJIXX01,2045,0.56014383873
GLOBAL,S2D1,PWRPETFJIXX01,ELCFJIXX01,2046,0.5979413177799999
GLOBAL,S2D1,PWRPETFJIXX01,ELCFJIXX01,2047,0.5979413177799999
GLOBAL,S2D1,PWRPETFJIXX01,ELCFJIXX01,2048,0.63965622915
GLOBAL,S2D1,PWRPETFJIXX01,ELCFJIXX01,2049,0.80440617578
GLOBAL,S2D1,PWRPETFJIXX01,ELCFJIXX01,2050,0.65686039029
GLOBAL,S2D1,PWRSPVFJIXX01,ELCFJIXX01,2040,0.042069505146
GLOBAL,S2D1,PWRSPVFJIXX01,ELCFJIXX01,2041,0.042069505146
GLOBAL,S2D1,PWRSPVFJIXX01,ELCFJIXX01,2042,0.042069505146
GLOBAL,S2D1,PWRSPVFJIXX01,ELCFJIXX01,2043,0.042069505146
GLOBAL,S2D1,PWRSPVFJIXX01,ELCFJIXX01,2044,0.042069505146
GLOBAL,S2D1,PWRSPVFJIXX01,ELCFJIXX01,2045,0.042069505146
GLOBAL,S2D1,PWRSPVFJIXX01,ELCFJIXX01,2046,0.042069505146
GLOBAL,S2D1,PWRSPVFJIXX01,ELCFJIXX01,2047,0.06991804424999999
GLOBAL,S2D1,PWRSPVFJIXX01,ELCFJIXX01,2048,0.06991804424999999
GLOBAL,S2D1,PWRSPVFJIXX01,ELCFJIXX01,2049,0.06991804424999999
GLOBAL,S2D1,PWRSPVFJIXX01,ELCFJIXX01,2050,0.06991804424999999
GLOBAL,S2D1,PWRTRNFJIXX,ELCFJIXX02,2021,0.83749999824
GLOBAL,S2D1,PWRTRNFJIXX,ELCFJIXX02,2022,0.8574999988
GLOBAL,S2D1,PWRTRNFJIXX,ELCFJIXX02,2023,0.8749999992899999
GLOBAL,S2D1,PWRTRNFJIXX,ELCFJIXX02,2024,0.8949999998499999
GLOBAL,S2D1,PWRTRNFJIXX,ELCFJIXX02,2025,0.91250000034
GLOBAL,S2D1,PWRTRNFJIXX,ELCFJIXX02,2026,0.95000000139
GLOBAL,S2D1,PWRTRNFJIXX,ELCFJIXX02,2027,0.98750000244
GLOBAL,S2D1,PWRTRNFJIXX,ELCFJIXX02,2028,1.02500000349
GLOBAL,S2D1,PWRTRNFJIXX,ELCFJIXX02,2029,1.06250000454
GLOBAL,S2D1,PWRTRNFJIXX,ELCFJIXX02,2030,1.1000000055899999
GLOBAL,S2D1,PWRTRNFJIXX,ELCFJIXX02,2031,1.14000000671
GLOBAL,S2D1,PWRTRNFJIXX,ELCFJIXX02,2032,1.18000000783
GLOBAL,S2D1,PWRTRNFJIXX,ELCFJIXX02,2033,1.22250000902
GLOBAL,S2D1,PWRTRNFJIXX,ELCFJIXX02,2034,1.26250001014
GLOBAL,S2D1,PWRTRNFJIXX,ELCFJIXX02,2035,1.3025000112599998
GLOBAL,S2D1,PWRTRNFJIXX,ELCFJIXX02,2036,1.35000001259
GLOBAL,S2D1,PWRTRNFJIXX,ELCFJIXX02,2037,1.39749998871
GLOBAL,S2D1,PWRTRNFJIXX,ELCFJIXX02,2038,1.44249998997
GLOBAL,S2D1,PWRTRNFJIXX,ELCFJIXX02,2039,1.4899999913
GLOBAL,S2D1,PWRTRNFJIXX,ELCFJIXX02,2040,1.53499999256
GLOBAL,S2D1,PWRTRNFJIXX,ELCFJIXX02,2041,1.5899999940999998
GLOBAL,S2D1,PWRTRNFJIXX,ELCFJIXX02,2042,1.6424999955700001
GLOBAL,S2D1,PWRTRNFJIXX,ELCFJIXX02,2043,1.69499999704
GLOBAL,S2D1,PWRTRNFJIXX,ELCFJIXX02,2044,1.7499999985799999
GLOBAL,S2D1,PWRTRNFJIXX,ELCFJIXX02,2045,1.8025000000499998
GLOBAL,S2D1,PWRTRNFJIXX,ELCFJIXX02,2046,1.8650000018
GLOBAL,S2D1,PWRTRNFJIXX,ELCFJIXX02,2047,1.9300000036199998
GLOBAL,S2D1,PWRTRNFJIXX,ELCFJIXX02,2048,1.99250000537
GLOBAL,S2D1,PWRTRNFJIXX,ELCFJIXX02,2049,2.05500000712
GLOBAL,S2D1,PWRTRNFJIXX,ELCFJIXX02,2050,2.11750000887
GLOBAL,S2D1,PWRWONFJIXX01,ELCFJIXX01,2032,0.019568648132300002
GLOBAL,S2D1,PWRWONFJIXX01,ELCFJIXX01,2033,0.019568648132300002
GLOBAL,S2D1,PWRWONFJIXX01,ELCFJIXX01,2034,0.019568648132300002
GLOBAL,S2D1,PWRWONFJIXX01,ELCFJIXX01,2035,0.019568648132300002
GLOBAL,S2D1,PWRWONFJIXX01,ELCFJIXX01,2036,0.019568648132300002
GLOBAL,S2D1,PWRWONFJIXX01,ELCFJIXX01,2037,0.019568648132300002
GLOBAL,S2D1,PWRWONFJIXX01,ELCFJIXX01,2038,0.019568648132300002
GLOBAL,S2D1,RNWBIOFJIXX,BIOFJIXX,2021,0.035265661439
GLOBAL,S2D1,RNWBIOFJIXX,BIOFJIXX,2029,0.80782581144
GLOBAL,S2D1,RNWBIOFJIXX,BIOFJIXX,2031,0.31347339205999997
GLOBAL,S2D1,RNWBIOFJIXX,BIOFJIXX,2036,0.012983428318399999
GLOBAL,S2D1,RNWBIOFJIXX,BIOFJIXX,2038,0.31670445692
GLOBAL,S2D1,RNWBIOFJIXX,BIOFJIXX,2042,0.71507363322
GLOBAL,S2D1,RNWBIOFJIXX,BIOFJIXX,2043,0.72263464163
GLOBAL,S2D1,RNWBIOFJIXX,BIOFJIXX,2044,0.78324379254
GLOBAL,S2D1,RNWBIOFJIXX,BIOFJIXX,2045,0.5437683807099999
GLOBAL,S2D1,RNWBIOFJIXX,BIOFJIXX,2046,0.63813203255
GLOBAL,S2D1,RNWBIOFJIXX,BIOFJIXX,2047,0.7800505931
GLOBAL,S2D1,RNWBIOFJIXX,BIOFJIXX,2048,0.85944963936
GLOBAL,S2D1,RNWBIOFJIXX,BIOFJIXX,2049,0.46885489933
GLOBAL,S2D1,RNWBIOFJIXX,BIOFJIXX,2050,1.27122975415
GLOBAL,S2D1,RNWHYDFJIXX,HYDFJIXX,2021,0.82826814666
GLOBAL,S2D1,RNWHYDFJIXX,HYDFJIXX,2022,0.8574999988
GLOBAL,S2D1,RNWHYDFJIXX,HYDFJIXX,2023,0.8749999992899999
GLOBAL,S2D1,RNWHYDFJIXX,HYDFJIXX,2024,0.8949999998499999
GLOBAL,S2D1,RNWHYDFJIXX,HYDFJIXX,2025,0.91250000034
GLOBAL,S2D1,RNWHYDFJIXX,HYDFJIXX,2026,0.95000000139
GLOBAL,S2D1,RNWHYDFJIXX,HYDFJIXX,2027,0.98750000244
GLOBAL,S2D1,RNWHYDFJIXX,HYDFJIXX,2028,1.02500000349
GLOBAL,S2D1,RNWHYDFJIXX,HYDFJIXX,2029,0.8510272808799999
GLOBAL,S2D1,RNWHYDFJIXX,HYDFJIXX,2030,1.0579389105
GLOBAL,S2D1,RNWHYDFJIXX,HYDFJIXX,2031,1.0579389105
GLOBAL,S2D1,RNWHYDFJIXX,HYDFJIXX,2032,0.7749251732099999
GLOBAL,S2D1,RNWHYDFJIXX,HYDFJIXX,2033,1.0579389105
GLOBAL,S2D1,RNWHYDFJIXX,HYDFJIXX,2034,1.0579389105
GLOBAL,S2D1,RNWHYDFJIXX,HYDFJIXX,2035,1.0579389105
GLOBAL,S2D1,RNWHYDFJIXX,HYDFJIXX,2036,0.7668887042
GLOBAL,S2D1,RNWHYDFJIXX,HYDFJIXX,2037,1.0579389105
GLOBAL,S2D1,RNWHYDFJIXX,HYDFJIXX,2038,1.0579389105
GLOBAL,S2D1,RNWHYDFJIXX,HYDFJIXX,2039,1.0579389105
GLOBAL,S2D1,RNWHYDFJIXX,HYDFJIXX,2040,1.0579389105
GLOBAL,S2D1,RNWHYDFJIXX,HYDFJIXX,2041,1.0579389105
GLOBAL,S2D1,RNWHYDFJIXX,HYDFJIXX,2042,1.0579389105
GLOBAL,S2D1,RNWHYDFJIXX,HYDFJIXX,2043,1.0579389105
GLOBAL,S2D1,RNWHYDFJIXX,HYDFJIXX,2044,1.0579389105
GLOBAL,S2D1,RNWHYDFJIXX,HYDFJIXX,2045,1.0579389105
GLOBAL,S2D1,RNWHYDFJIXX,HYDFJIXX,2046,1.0579389105
GLOBAL,S2D1,RNWHYDFJIXX,HYDFJIXX,2047,1.0579389105
GLOBAL,S2D1,RNWHYDFJIXX,HYDFJIXX,2048,1.0579389105
GLOBAL,S2D1,RNWHYDFJIXX,HYDFJIXX,2049,1.0579389105
GLOBAL,S2D1,RNWHYDFJIXX,HYDFJIXX,2050,1.0579389105
GLOBAL,S2D1,RNWSPVFJIXX,SPVFJIXX,2040,0.042069505146
GLOBAL,S2D1,RNWSPVFJIXX,SPVFJIXX,2041,0.042069505146
GLOBAL,S2D1,RNWSPVFJIXX,SPVFJIXX,2042,0.042069505146
GLOBAL,S2D1,RNWSPVFJIXX,SPVFJIXX,2043,0.042069505146
GLOBAL,S2D1,RNWSPVFJIXX,SPVFJIXX,2044,0.042069505146
GLOBAL,S2D1,RNWSPVFJIXX,SPVFJIXX,2045,0.042069505146
GLOBAL,S2D1,RNWSPVFJIXX,SPVFJIXX,2046,0.042069505146
GLOBAL,S2D1,RNWSPVFJIXX,SPVFJIXX,2047,0.06991804424999999
GLOBAL,S2D1,RNWSPVFJIXX,SPVFJIXX,2048,0.06991804424999999
GLOBAL,S2D1,RNWSPVFJIXX,SPVFJIXX,2049,0.06991804424999999
GLOBAL,S2D1,RNWSPVFJIXX,SPVFJIXX,2050,0.06991804424999999
GLOBAL,S2D1,RNWWONFJIXX,WONFJIXX,2032,0.019568648132300002
GLOBAL,S2D1,RNWWONFJIXX,WONFJIXX,2033,0.019568648132300002
GLOBAL,S2D1,RNWWONFJIXX,WONFJIXX,2034,0.019568648132300002
GLOBAL,S2D1,RNWWONFJIXX,WONFJIXX,2035,0.019568648132300002
GLOBAL,S2D1,RNWWONFJIXX,WONFJIXX,2036,0.019568648132300002
GLOBAL,S2D1,RNWWONFJIXX,WONFJIXX,2037,0.019568648132300002
GLOBAL,S2D1,RNWWONFJIXX,WONFJIXX,2038,0.019568648132300002
GLOBAL,S2D2,LNDAGRFJIC01,CRPCAS,2021,0.018123469035294
GLOBAL,S2D2,LNDAGRFJIC01,CRPCAS,2022,0.018202477195462
GLOBAL,S2D2,LNDAGRFJIC01,CRPCAS,2023,0.018281460155714
GLOBAL,S2D2,LNDAGRFJIC01,CRPCAS,2024,0.018360468315882
GLOBAL,S2D2,LNDAGRFJIC01,CRPCAS,2025,0.018439476228992
GLOBAL,S2D2,LNDAGRFJIC01,CRPCAS,2026,0.018498997195293996
GLOBAL,S2D2,LNDAGRFJIC01,CRPCAS,2027,0.018558517914537997
GLOBAL,S2D2,LNDAGRFJIC01,CRPCAS,2028,0.018618013680924
GLOBAL,S2D2,LNDAGRFJIC01,CRPCAS,2029,0.018677534400168
GLOBAL,S2D2,LNDAGRFJIC01,CRPCAS,2030,0.018737055119412
GLOBAL,S2D2,LNDAGRFJIC01,CRPCAS,2031,0.01877776928958
GLOBAL,S2D2,LNDAGRFJIC01,CRPCAS,2032,0.018818508659663995
GLOBAL,S2D2,LNDAGRFJIC01,CRPCAS,2033,0.018859222829832
GLOBAL,S2D2,LNDAGRFJIC01,CRPCAS,2034,0.018899937
GLOBAL,S2D2,LNDAGRFJIC01,CRPCAS,2035,0.018940651170167997
GLOBAL,S2D2,LNDAGRFJIC01,CRPCAS,2036,0.018958877874118
GLOBAL,S2D2,LNDAGRFJIC01,CRPCAS,2037,0.018977130025042
GLOBAL,S2D2,LNDAGRFJIC01,CRPCAS,2038,0.018995356728992
GLOBAL,S2D2,LNDAGRFJIC01,CRPCAS,2039,0.019110843744033996
GLOBAL,S2D2,LNDAGRFJIC01,CRPCAS,2040,0.019031835830923997
GLOBAL,S2D2,LNDAGRFJIC01,CRPCAS,2041,0.019029012205042
GLOBAL,S2D2,LNDAGRFJIC01,CRPCAS,2042,0.019026188579159997
GLOBAL,S2D2,LNDAGRFJIC01,CRPCAS,2043,0.019023390400252
GLOBAL,S2D2,LNDAGRFJIC01,CRPCAS,2044,0.019020566774369998
GLOBAL,S2D2,LNDAGRFJIC01,CRPCAS,2045,0.019017743395546002
GLOBAL,S2D2,LNDAGRFJIC01,CRPCAS,2046,0.018998432354034
GLOBAL,S2D2,LNDAGRFJIC01,CRPCAS,2047,0.018979146759496
GLOBAL,S2D2,LNDAGRFJIC01,CRPCAS,2048,0.019002667669327997
GLOBAL,S2D2,LNDAGRFJIC01,CRPCAS,2049,0.01896195349916
GLOBAL,S2D2,LNDAGRFJIC01,CRPCAS,2050,0.018921239328991996
GLOBAL,S2D2,LNDAGRFJIC01,CRPOTH,2021,0.015769611229412
GLOBAL,S2D2,LNDAGRFJIC01,CRPOTH,2022,0.015838333840672
GLOBAL,S2D2,LNDAGRFJIC01,CRPOTH,2023,0.015907081500588
GLOBAL,S2D2,LNDAGRFJIC01,CRPOTH,2024,0.015975829160504
GLOBAL,S2D2,LNDAGRFJIC01,CRPOTH,2025,0.016044551539832
GLOBAL,S2D2,LNDAGRFJIC01,CRPOTH,2026,0.016096358190672
GLOBAL,S2D2,LNDAGRFJIC01,CRPOTH,2027,0.016148139560924
GLOBAL,S2D2,LNDAGRFJIC01,CRPOTH,2028,0.016199920699244
GLOBAL,S2D2,LNDAGRFJIC01,CRPOTH,2029,0.016251702069496
GLOBAL,S2D2,LNDAGRFJIC01,CRPOTH,2030,0.016303508720336
GLOBAL,S2D2,LNDAGRFJIC01,CRPOTH,2031,0.01633892867958
GLOBAL,S2D2,LNDAGRFJIC01,CRPOTH,2032,0.016374348870756
GLOBAL,S2D2,LNDAGRFJIC01,CRPOTH,2033,0.016409794110588
GLOBAL,S2D2,LNDAGRFJIC01,CRPOTH,2034,0.016445214069832
GLOBAL,S2D2,LNDAGRFJIC01,CRPOTH,2035,0.016480659309663998
GLOBAL,S2D2,LNDAGRFJIC01,CRPOTH,2036,0.016496516500504
GLOBAL,S2D2,LNDAGRFJIC01,CRPOTH,2037,0.016512373459412
GLOBAL,S2D2,LNDAGRFJIC01,CRPOTH,2038,0.01652825593084
GLOBAL,S2D2,LNDAGRFJIC01,CRPOTH,2039,0.016628717740504
GLOBAL,S2D2,LNDAGRFJIC01,CRPOTH,2040,0.016559995129244002
GLOBAL,S2D2,LNDAGRFJIC01,CRPOTH,2041,0.01655752458958
GLOBAL,S2D2,LNDAGRFJIC01,CRPOTH,2042,0.016555079330504003
GLOBAL,S2D2,LNDAGRFJIC01,CRPOTH,2043,0.016552633839496
GLOBAL,S2D2,LNDAGRFJIC01,CRPOTH,2044,0.01655018858042
GLOBAL,S2D2,LNDAGRFJIC01,CRPOTH,2045,0.016547718040756
GLOBAL,S2D2,LNDAGRFJIC01,CRPOTH,2046,0.016530928019412004
GLOBAL,S2D2,LNDAGRFJIC01,CRPOTH,2047,0.016514138230000003
GLOBAL,S2D2,LNDAGRFJIC01,CRPOTH,2048,0.016534634060840003
GLOBAL,S2D2,LNDAGRFJIC01,CRPOTH,2049,0.016499213869664
GLOBAL,S2D2,LNDAGRFJIC01,CRPOTH,2050,0.016463768629832003
GLOBAL,S2D2,LNDAGRFJIC01,CRPSGC,2023,0.438918697437
GLOBAL,S2D2,LNDAGRFJIC01,CRPSGC,2024,0.44081449952100005
GLOBAL,S2D2,LNDAGRFJIC01,CRPSGC,2025,0.442710301605
GLOBAL,S2D2,LNDAGRFJIC01,CRPSGC,2026,0.444139696
GLOBAL,S2D2,LNDAGRFJIC01,CRPSGC,2027,0.44556909039500003
GLOBAL,S2D2,LNDAGRFJIC01,CRPSGC,2028,0.44511125158500003
GLOBAL,S2D2,LNDAGRFJIC01,CRPSGC,2029,0.440360071624
GLOBAL,S2D2,LNDAGRFJIC01,CRPSGC,2030,0.435608753008
GLOBAL,S2D2,LNDAGRFJIC01,CRPSGC,2031,0.43236511340000006
GLOBAL,S2D2,LNDAGRFJIC01,CRPSGC,2032,0.429113875498
GLOBAL,S2D2,LNDAGRFJIC01,CRPSGC,2033,0.45278924447900004
GLOBAL,S2D2,LNDAGRFJIC01,CRPSGC,2034,0.422611538349
GLOBAL,S2D2,LNDAGRFJIC01,CRPSGC,2035,0.419367787817
GLOBAL,S2D2,LNDAGRFJIC01,CRPSGC,2036,0.417910080071
GLOBAL,S2D2,LNDAGRFJIC01,CRPSGC,2037,0.41645226140100006
GLOBAL,S2D2,LNDAGRFJIC01,CRPSGC,2038,0.414994442731
GLOBAL,S2D2,LNDAGRFJIC01,CRPSGC,2039,0.422359851793
GLOBAL,S2D2,LNDAGRFJIC01,CRPSGC,2040,0.41208626503000007
GLOBAL,S2D2,LNDAGRFJIC01,CRPSGC,2041,0.456865701479
GLOBAL,S2D2,LNDAGRFJIC01,CRPSGC,2042,0.412538585371
GLOBAL,S2D2,LNDAGRFJIC01,CRPSGC,2043,0.41276459302100005
GLOBAL,S2D2,LNDAGRFJIC01,CRPSGC,2044,0.41298319649400006
GLOBAL,S2D2,LNDAGRFJIC01,CRPSGC,2045,0.413209425992
GLOBAL,S2D2,LNDAGRFJIC01,CRPSGC,2046,0.456132105605
GLOBAL,S2D2,LNDAGRFJIC01,CRPSGC,2047,0.45566822143700003
GLOBAL,S2D2,LNDAGRFJIC01,CRPSGC,2048,0.41886311134800003
GLOBAL,S2D2,LNDAGRFJIC01,CRPSGC,2049,0.45525477995799996
GLOBAL,S2D2,LNDAGRFJIC01,CRPSGC,2050,0.420910463347
GLOBAL,S2D2,LNDAGRFJIC01,WTREVTFJI,2021,0.041317463644409996
GLOBAL,S2D2,LNDAGRFJIC01,WTREVTFJI,2022,0.0414975610861
GLOBAL,S2D2,LNDAGRFJIC01,WTREVTFJI,2023,0.7998099426050299
GLOBAL,S2D2,LNDAGRFJIC01,WTREVTFJI,2024,0.80326463178684
GLOBAL,S2D2,LNDAGRFJIC01,WTREVTFJI,2025,0.8067192958846999
GLOBAL,S2D2,LNDAGRFJIC01,WTREVTFJI,2026,0.80932396021086
GLOBAL,S2D2,LNDAGRFJIC01,WTREVTFJI,2027,0.8119285994530699
GLOBAL,S2D2,LNDAGRFJIC01,WTREVTFJI,2028,0.81127343637645
GLOBAL,S2D2,LNDAGRFJIC01,WTREVTFJI,2029,0.8032025380946599
GLOBAL,S2D2,LNDAGRFJIC01,WTREVTFJI,2030,0.79513142504888
GLOBAL,S2D2,LNDAGRFJIC01,WTREVTFJI,2031,0.7896215878772499
GLOBAL,S2D2,LNDAGRFJIC01,WTREVTFJI,2032,0.78409866260639
GLOBAL,S2D2,LNDAGRFJIC01,WTREVTFJI,2033,0.82508531954677
GLOBAL,S2D2,LNDAGRFJIC01,WTREVTFJI,2034,0.7730530038371399
GLOBAL,S2D2,LNDAGRFJIC01,WTREVTFJI,2035,0.7675429998005199
GLOBAL,S2D2,LNDAGRFJIC01,WTREVTFJI,2036,0.76506669158432
GLOBAL,S2D2,LNDAGRFJIC01,WTREVTFJI,2037,0.7625902278980499
GLOBAL,S2D2,LNDAGRFJIC01,WTREVTFJI,2038,0.7601137528168599
GLOBAL,S2D2,LNDAGRFJIC01,WTREVTFJI,2039,0.7730990823221999
GLOBAL,S2D2,LNDAGRFJIC01,WTREVTFJI,2040,0.75517369900645
GLOBAL,S2D2,LNDAGRFJIC01,WTREVTFJI,2041,0.83251354774391
GLOBAL,S2D2,LNDAGRFJIC01,WTREVTFJI,2042,0.7559421031593799
GLOBAL,S2D2,LNDAGRFJIC01,WTREVTFJI,2043,0.75632609028278
GLOBAL,S2D2,LNDAGRFJIC01,WTREVTFJI,2044,0.75669725224725
GLOBAL,S2D2,LNDAGRFJIC01,WTREVTFJI,2045,0.7570815620586498
GLOBAL,S2D2,LNDAGRFJIC01,WTREVTFJI,2046,0.8311767237126099
GLOBAL,S2D2,LNDAGRFJIC01,WTREVTFJI,2047,0.83033149359728
GLOBAL,S2D2,LNDAGRFJIC01,WTREVTFJI,2048,0.7668126822853399
GLOBAL,S2D2,LNDAGRFJIC01,WTREVTFJI,2049,0.8295782056880798
GLOBAL,S2D2,LNDAGRFJIC01,WTREVTFJI,2050,0.7701633664776999
GLOBAL,S2D2,LNDAGRFJIC01,WTRGRCFJI,2021,0.0027975212824609998
GLOBAL,S2D2,LNDAGRFJIC01,WTRGRCFJI,2022,0.0028097145013126
GLOBAL,S2D2,LNDAGRFJIC01,WTRGRCFJI,2023,0.0191816054323626
GLOBAL,S2D2,LNDAGRFJIC01,WTRGRCFJI,2024,0.019264462870119802
GLOBAL,S2D2,LNDAGRFJIC01,WTRGRCFJI,2025,0.0193473177631796
GLOBAL,S2D2,LNDAGRFJIC01,WTRGRCFJI,2026,0.019409784410587
GLOBAL,S2D2,LNDAGRFJIC01,WTRGRCFJI,2027,0.019472248513297
GLOBAL,S2D2,LNDAGRFJIC01,WTRGRCFJI,2028,0.019464368583765202
GLOBAL,S2D2,LNDAGRFJIC01,WTRGRCFJI,2029,0.0192964658241152
GLOBAL,S2D2,LNDAGRFJIC01,WTRGRCFJI,2030,0.019128560424474
GLOBAL,S2D2,LNDAGRFJIC01,WTRGRCFJI,2031,0.019013945100643997
GLOBAL,S2D2,LNDAGRFJIC01,WTRGRCFJI,2032,0.0188990482880044
GLOBAL,S2D2,LNDAGRFJIC01,WTRGRCFJI,2033,0.0197877803578232
GLOBAL,S2D2,LNDAGRFJIC01,WTRGRCFJI,2034,0.0186692589181732
GLOBAL,S2D2,LNDAGRFJIC01,WTRGRCFJI,2035,0.018554641987961997
GLOBAL,S2D2,LNDAGRFJIC01,WTRGRCFJI,2036,0.018503122476501
GLOBAL,S2D2,LNDAGRFJIC01,WTRGRCFJI,2037,0.018451600521182603
GLOBAL,S2D2,LNDAGRFJIC01,WTRGRCFJI,2038,0.0184000794033404
GLOBAL,S2D2,LNDAGRFJIC01,WTRGRCFJI,2039,0.018692432164458202
GLOBAL,S2D2,LNDAGRFJIC01,WTRGRCFJI,2040,0.0182973143647152
GLOBAL,S2D2,LNDAGRFJIC01,WTRGRCFJI,2041,0.0199659288703794
GLOBAL,S2D2,LNDAGRFJIC01,WTRGRCFJI,2042,0.018313301672432402
GLOBAL,S2D2,LNDAGRFJIC01,WTRGRCFJI,2043,0.018321292596048
GLOBAL,S2D2,LNDAGRFJIC01,WTRGRCFJI,2044,0.018329005855211
GLOBAL,S2D2,LNDAGRFJIC01,WTRGRCFJI,2045,0.0183370008457038
GLOBAL,S2D2,LNDAGRFJIC01,WTRGRCFJI,2046,0.019933866635069
GLOBAL,S2D2,LNDAGRFJIC01,WTRGRCFJI,2047,0.0199135986022932
GLOBAL,S2D2,LNDAGRFJIC01,WTRGRCFJI,2048,0.0185454054160616
GLOBAL,S2D2,LNDAGRFJIC01,WTRGRCFJI,2049,0.019895538161318397
GLOBAL,S2D2,LNDAGRFJIC01,WTRGRCFJI,2050,0.018609145316199602
GLOBAL,S2D2,LNDAGRFJIC01,WTRSURFJI,2021,0.051331501911229996
GLOBAL,S2D2,LNDAGRFJIC01,WTRSURFJI,2022,0.051555234031
GLOBAL,S2D2,LNDAGRFJIC01,WTRSURFJI,2023,0.35503189980849
GLOBAL,S2D2,LNDAGRFJIC01,WTRSURFJI,2024,0.35656550510822005
GLOBAL,S2D2,LNDAGRFJIC01,WTRSURFJI,2025,0.3580990633913
GLOBAL,S2D2,LNDAGRFJIC01,WTRSURFJI,2026,0.3592552574700799
GLOBAL,S2D2,LNDAGRFJIC01,WTRSURFJI,2027,0.36041140453221
GLOBAL,S2D2,LNDAGRFJIC01,WTRSURFJI,2028,0.36026361403324997
GLOBAL,S2D2,LNDAGRFJIC01,WTRSURFJI,2029,0.3571495460857799
GLOBAL,S2D2,LNDAGRFJIC01,WTRSURFJI,2030,0.35403542905444
GLOBAL,S2D2,LNDAGRFJIC01,WTRSURFJI,2031,0.35190967297225
GLOBAL,S2D2,LNDAGRFJIC01,WTRSURFJI,2032,0.34977869844527
GLOBAL,S2D2,LNDAGRFJIC01,WTRSURFJI,2033,0.36625157682961
GLOBAL,S2D2,LNDAGRFJIC01,WTRSURFJI,2034,0.34551682933221994
GLOBAL,S2D2,LNDAGRFJIC01,WTRSURFJI,2035,0.34339104332576
GLOBAL,S2D2,LNDAGRFJIC01,WTRSURFJI,2036,0.34243551953606
GLOBAL,S2D2,LNDAGRFJIC01,WTRSURFJI,2037,0.34147994983895
GLOBAL,S2D2,LNDAGRFJIC01,WTRSURFJI,2038,0.34052439612498
GLOBAL,S2D2,LNDAGRFJIC01,WTRSURFJI,2039,0.3459402728283
GLOBAL,S2D2,LNDAGRFJIC01,WTRSURFJI,2040,0.33861842652025004
GLOBAL,S2D2,LNDAGRFJIC01,WTRSURFJI,2041,0.36954892361992997
GLOBAL,S2D2,LNDAGRFJIC01,WTRSURFJI,2042,0.33891494021254
GLOBAL,S2D2,LNDAGRFJIC01,WTRSURFJI,2043,0.33906314576894003
GLOBAL,S2D2,LNDAGRFJIC01,WTRSURFJI,2044,0.33920620498115
GLOBAL,S2D2,LNDAGRFJIC01,WTRSURFJI,2045,0.33935448667174994
GLOBAL,S2D2,LNDAGRFJIC01,WTRSURFJI,2046,0.36895548500983
GLOBAL,S2D2,LNDAGRFJIC01,WTRSURFJI,2047,0.36858034359644
GLOBAL,S2D2,LNDAGRFJIC01,WTRSURFJI,2048,0.34321803228902
GLOBAL,S2D2,LNDAGRFJIC01,WTRSURFJI,2049,0.36824606252583997
GLOBAL,S2D2,LNDAGRFJIC01,WTRSURFJI,2050,0.34440191123349995
GLOBAL,S2D2,LNDAGRFJIC02,CRPSGC,2028,0.0018872544469460003
GLOBAL,S2D2,LNDAGRFJIC02,CRPSGC,2029,0.008067851653290001
GLOBAL,S2D2,LNDAGRFJIC02,CRPSGC,2030,0.014248568269320002
GLOBAL,S2D2,LNDAGRFJIC02,CRPSGC,2031,0.018467832986570003
GLOBAL,S2D2,LNDAGRFJIC02,CRPSGC,2032,0.022697209812970003
GLOBAL,S2D2,LNDAGRFJIC02,CRPSGC,2034,0.031155858919900005
GLOBAL,S2D2,LNDAGRFJIC02,CRPSGC,2035,0.035375244267000006
GLOBAL,S2D2,LNDAGRFJIC02,CRPSGC,2036,0.037271603744100004
GLOBAL,S2D2,LNDAGRFJIC02,CRPSGC,2037,0.039168074145199995
GLOBAL,S2D2,LNDAGRFJIC02,CRPSGC,2038,0.041064552865600006
GLOBAL,S2D2,LNDAGRFJIC02,CRPSGC,2039,0.036469706417100005
GLOBAL,S2D2,LNDAGRFJIC02,CRPSGC,2040,0.044847504961600004
GLOBAL,S2D2,LNDAGRFJIC02,CRPSGC,2042,0.0442590475954
GLOBAL,S2D2,LNDAGRFJIC02,CRPSGC,2043,0.0439649880714
GLOBAL,S2D2,LNDAGRFJIC02,CRPSGC,2044,0.043680820195099994
GLOBAL,S2D2,LNDAGRFJIC02,CRPSGC,2045,0.0433865305038
GLOBAL,S2D2,LNDAGRFJIC02,CRPSGC,2048,0.037369813080599994
GLOBAL,S2D2,LNDAGRFJIC02,WTREVTFJI,2028,0.0022303916191180003
GLOBAL,S2D2,LNDAGRFJIC02,WTREVTFJI,2029,0.00953473377207
GLOBAL,S2D2,LNDAGRFJIC02,WTREVTFJI,2030,0.01683921704556
GLOBAL,S2D2,LNDAGRFJIC02,WTREVTFJI,2031,0.02182562080231
GLOBAL,S2D2,LNDAGRFJIC02,WTREVTFJI,2032,0.026823975233510003
GLOBAL,S2D2,LNDAGRFJIC02,WTREVTFJI,2034,0.0368205605417
GLOBAL,S2D2,LNDAGRFJIC02,WTREVTFJI,2035,0.041807106861000004
GLOBAL,S2D2,LNDAGRFJIC02,WTREVTFJI,2036,14.793786664440299
GLOBAL,S2D2,LNDAGRFJIC02,WTREVTFJI,2037,0.046289542171599994
GLOBAL,S2D2,LNDAGRFJIC02,WTREVTFJI,2038,0.048530835204800005
GLOBAL,S2D2,LNDAGRFJIC02,WTREVTFJI,2039,0.0431005621293
GLOBAL,S2D2,LNDAGRFJIC02,WTREVTFJI,2040,0.0530015967728
GLOBAL,S2D2,LNDAGRFJIC02,WTREVTFJI,2042,0.052306147158200006
GLOBAL,S2D2,LNDAGRFJIC02,WTREVTFJI,2043,0.051958622266199996
GLOBAL,S2D2,LNDAGRFJIC02,WTREVTFJI,2044,0.051622787503299995
GLOBAL,S2D2,LNDAGRFJIC02,WTREVTFJI,2045,0.0512749905954
GLOBAL,S2D2,LNDAGRFJIC02,WTREVTFJI,2048,0.044164324549799995
GLOBAL,S2D2,LNDAGRFJIC02,WTRGRCFJI,2028,0.00010465683751246
GLOBAL,S2D2,LNDAGRFJIC02,WTRGRCFJI,2029,0.0004473990462279
GLOBAL,S2D2,LNDAGRFJIC02,WTRGRCFJI,2030,0.0007901478767531999
GLOBAL,S2D2,LNDAGRFJIC02,WTRGRCFJI,2031,0.0010241252838007
GLOBAL,S2D2,LNDAGRFJIC02,WTRGRCFJI,2032,0.0012586634532647
GLOBAL,S2D2,LNDAGRFJIC02,WTRGRCFJI,2034,0.001727733994649
GLOBAL,S2D2,LNDAGRFJIC02,WTRGRCFJI,2035,0.00196171809117
GLOBAL,S2D2,LNDAGRFJIC02,WTRGRCFJI,2036,0.539998515808191
GLOBAL,S2D2,LNDAGRFJIC02,WTRGRCFJI,2037,0.0021720477480519996
GLOBAL,S2D2,LNDAGRFJIC02,WTRGRCFJI,2038,0.002277216113456
GLOBAL,S2D2,LNDAGRFJIC02,WTRGRCFJI,2039,0.002022410992221
GLOBAL,S2D2,LNDAGRFJIC02,WTRGRCFJI,2040,0.002486998002416
GLOBAL,S2D2,LNDAGRFJIC02,WTRGRCFJI,2042,0.002454365366654
GLOBAL,S2D2,LNDAGRFJIC02,WTRGRCFJI,2043,0.002438058429414
GLOBAL,S2D2,LNDAGRFJIC02,WTRGRCFJI,2044,0.0024223000290009996
GLOBAL,S2D2,LNDAGRFJIC02,WTRGRCFJI,2045,0.002405980327938
GLOBAL,S2D2,LNDAGRFJIC02,WTRGRCFJI,2048,0.0020723259981059996
GLOBAL,S2D2,LNDAGRFJIC02,WTRSURFJI,2028,0.0018872544469460003
GLOBAL,S2D2,LNDAGRFJIC02,WTRSURFJI,2029,0.008067851653290001
GLOBAL,S2D2,LNDAGRFJIC02,WTRSURFJI,2030,0.014248568269320002
GLOBAL,S2D2,LNDAGRFJIC02,WTRSURFJI,2031,0.018467832986570003
GLOBAL,S2D2,LNDAGRFJIC02,WTRSURFJI,2032,0.022697209812970003
GLOBAL,S2D2,LNDAGRFJIC02,WTRSURFJI,2034,0.031155858919900005
GLOBAL,S2D2,LNDAGRFJIC02,WTRSURFJI,2035,0.035375244267000006
GLOBAL,S2D2,LNDAGRFJIC02,WTRSURFJI,2036,6.4577459684781
GLOBAL,S2D2,LNDAGRFJIC02,WTRSURFJI,2037,0.039168074145199995
GLOBAL,S2D2,LNDAGRFJIC02,WTRSURFJI,2038,0.041064552865600006
GLOBAL,S2D2,LNDAGRFJIC02,WTRSURFJI,2039,0.036469706417100005
GLOBAL,S2D2,LNDAGRFJIC02,WTRSURFJI,2040,0.044847504961600004
GLOBAL,S2D2,LNDAGRFJIC02,WTRSURFJI,2042,0.0442590475954
GLOBAL,S2D2,LNDAGRFJIC02,WTRSURFJI,2043,0.0439649880714
GLOBAL,S2D2,LNDAGRFJIC02,WTRSURFJI,2044,0.043680820195099994
GLOBAL,S2D2,LNDAGRFJIC02,WTRSURFJI,2045,0.0433865305038
GLOBAL,S2D2,LNDAGRFJIC02,WTRSURFJI,2048,0.037369813080599994
GLOBAL,S2D2,LNDAGRFJIC03,CRPSGC,2050,0.0333687067538
GLOBAL,S2D2,LNDAGRFJIC03,WTREVTFJI,2021,11.66675990899
GLOBAL,S2D2,LNDAGRFJIC03,WTREVTFJI,2036,11.66675990899
GLOBAL,S2D2,LNDAGRFJIC03,WTREVTFJI,2050,0.036402225549599994
GLOBAL,S2D2,LNDAGRFJIC03,WTRGRCFJI,2021,0.3807047970302
GLOBAL,S2D2,LNDAGRFJIC03,WTRGRCFJI,2036,0.3807047970302
GLOBAL,S2D2,LNDAGRFJIC03,WTRGRCFJI,2050,0.002335809472766
GLOBAL,S2D2,LNDAGRFJIC03,WTRSURFJI,2021,4.543895964554
GLOBAL,S2D2,LNDAGRFJIC03,WTRSURFJI,2036,4.543895964554
GLOBAL,S2D2,LNDAGRFJIC03,WTRSURFJI,2050,0.042469263141199996
GLOBAL,S2D2,LNDAGRFJIC04,CRPCON,2021,0.005465402005462
GLOBAL,S2D2,LNDAGRFJIC04,CRPCON,2022,0.005489225437814999
GLOBAL,S2D2,LNDAGRFJIC04,CRPCON,2023,0.005513048870168
GLOBAL,S2D2,LNDAGRFJIC04,CRPCON,2024,0.005536872302521
GLOBAL,S2D2,LNDAGRFJIC04,CRPCON,2025,0.005560695734873999
GLOBAL,S2D2,LNDAGRFJIC04,CRPCON,2026,0.005578645239748
GLOBAL,S2D2,LNDAGRFJIC04,CRPCON,2027,0.005596594744622
GLOBAL,S2D2,LNDAGRFJIC04,CRPCON,2028,0.005614544249495999
GLOBAL,S2D2,LNDAGRFJIC04,CRPCON,2029,0.005632493877899
GLOBAL,S2D2,LNDAGRFJIC04,CRPCON,2030,0.005650443382773
GLOBAL,S2D2,LNDAGRFJIC04,CRPCON,2031,0.0056627205594959994
GLOBAL,S2D2,LNDAGRFJIC04,CRPCON,2032,0.0056749978597479996
GLOBAL,S2D2,LNDAGRFJIC04,CRPCON,2033,0.00568727516
GLOBAL,S2D2,LNDAGRFJIC04,CRPCON,2034,0.005699552460252001
GLOBAL,S2D2,LNDAGRFJIC04,CRPCON,2035,0.005711829760504
GLOBAL,S2D2,LNDAGRFJIC04,CRPCON,2036,0.005717325442184999
GLOBAL,S2D2,LNDAGRFJIC04,CRPCON,2037,0.005722846447311
GLOBAL,S2D2,LNDAGRFJIC04,CRPCON,2038,0.005728342252521
GLOBAL,S2D2,LNDAGRFJIC04,CRPCON,2039,0.005763157295294
GLOBAL,S2D2,LNDAGRFJIC04,CRPCON,2040,0.005739333862940999
GLOBAL,S2D2,LNDAGRFJIC04,CRPCON,2041,0.00573847669521
GLOBAL,S2D2,LNDAGRFJIC04,CRPCON,2042,0.005737644727394999
GLOBAL,S2D2,LNDAGRFJIC04,CRPCON,2043,0.005736787559664
GLOBAL,S2D2,LNDAGRFJIC04,CRPCON,2044,0.005735930515462
GLOBAL,S2D2,LNDAGRFJIC04,CRPCON,2045,0.0057350733477310005
GLOBAL,S2D2,LNDAGRFJIC04,CRPCON,2046,0.00572927502
GLOBAL,S2D2,LNDAGRFJIC04,CRPCON,2047,0.005723451492353
GLOBAL,S2D2,LNDAGRFJIC04,CRPCON,2048,0.005730535509915999
GLOBAL,S2D2,LNDAGRFJIC04,CRPCON,2049,0.005718258209663999
GLOBAL,S2D2,LNDAGRFJIC04,CRPCON,2050,0.0057059810329409995
GLOBAL,S2D2,LNDAGRFJIC04,CRPSGC,2021,0.435124597479
GLOBAL,S2D2,LNDAGRFJIC04,CRPSGC,2022,0.43702039956300004
GLOBAL,S2D2,LNDAGRFJIC04,CRPYAM,2021,0.013586601734706
GLOBAL,S2D2,LNDAGRFJIC04,CRPYAM,2022,0.013645820054958
GLOBAL,S2D2,LNDAGRFJIC04,CRPYAM,2023,0.01370506361042
GLOBAL,S2D2,LNDAGRFJIC04,CRPYAM,2024,0.013764281930672
GLOBAL,S2D2,LNDAGRFJIC04,CRPYAM,2025,0.013823500250924
GLOBAL,S2D2,LNDAGRFJIC04,CRPYAM,2026,0.013868121837478998
GLOBAL,S2D2,LNDAGRFJIC04,CRPYAM,2027,0.013912743653445
GLOBAL,S2D2,LNDAGRFJIC04,CRPYAM,2028,0.013957365239999998
GLOBAL,S2D2,LNDAGRFJIC04,CRPYAM,2029,0.014001961820755998
GLOBAL,S2D2,LNDAGRFJIC04,CRPYAM,2030,0.014046583407311
GLOBAL,S2D2,LNDAGRFJIC04,CRPYAM,2031,0.014077112734958
GLOBAL,S2D2,LNDAGRFJIC04,CRPYAM,2032,0.014107642062605001
GLOBAL,S2D2,LNDAGRFJIC04,CRPYAM,2033,0.014138171390252
GLOBAL,S2D2,LNDAGRFJIC04,CRPYAM,2034,0.014168700717899
GLOBAL,S2D2,LNDAGRFJIC04,CRPYAM,2035,0.014199204810336001
GLOBAL,S2D2,LNDAGRFJIC04,CRPYAM,2036,0.014212893764706
GLOBAL,S2D2,LNDAGRFJIC04,CRPYAM,2037,0.014226557713277
GLOBAL,S2D2,LNDAGRFJIC04,CRPYAM,2038,0.014240221432436998
GLOBAL,S2D2,LNDAGRFJIC04,CRPYAM,2039,0.01432679265563
GLOBAL,S2D2,LNDAGRFJIC04,CRPYAM,2040,0.014267574335378
GLOBAL,S2D2,LNDAGRFJIC04,CRPYAM,2041,0.014265456642436999
GLOBAL,S2D2,LNDAGRFJIC04,CRPYAM,2042,0.014263338949496001
GLOBAL,S2D2,LNDAGRFJIC04,CRPYAM,2043,0.014261246491765
GLOBAL,S2D2,LNDAGRFJIC04,CRPYAM,2044,0.014259129028235002
GLOBAL,S2D2,LNDAGRFJIC04,CRPYAM,2045,0.014257011335294001
GLOBAL,S2D2,LNDAGRFJIC04,CRPYAM,2046,0.014242540777647
GLOBAL,S2D2,LNDAGRFJIC04,CRPYAM,2047,0.014228070220000002
GLOBAL,S2D2,LNDAGRFJIC04,CRPYAM,2048,0.014245691967143
GLOBAL,S2D2,LNDAGRFJIC04,CRPYAM,2049,0.014215162639496
GLOBAL,S2D2,LNDAGRFJIC04,CRPYAM,2050,0.014184658547059
GLOBAL,S2D2,LNDAGRFJIC04,WTREVTFJI,2021,0.4997617429404579
GLOBAL,S2D2,LNDAGRFJIC04,WTREVTFJI,2022,0.5019392092628849
GLOBAL,S2D2,LNDAGRFJIC04,WTREVTFJI,2023,0.025299028792312002
GLOBAL,S2D2,LNDAGRFJIC04,WTREVTFJI,2024,0.025408347386739
GLOBAL,S2D2,LNDAGRFJIC04,WTREVTFJI,2025,0.025517665981165998
GLOBAL,S2D2,LNDAGRFJIC04,WTREVTFJI,2026,0.025600035486432
GLOBAL,S2D2,LNDAGRFJIC04,WTREVTFJI,2027,0.025682405243798
GLOBAL,S2D2,LNDAGRFJIC04,WTREVTFJI,2028,0.025764774749064
GLOBAL,S2D2,LNDAGRFJIC04,WTREVTFJI,2029,0.025847117004841
GLOBAL,S2D2,LNDAGRFJIC04,WTREVTFJI,2030,0.025929486510107
GLOBAL,S2D2,LNDAGRFJIC04,WTREVTFJI,2031,0.025985835692864
GLOBAL,S2D2,LNDAGRFJIC04,WTREVTFJI,2032,0.026042185105032
GLOBAL,S2D2,LNDAGRFJIC04,WTREVTFJI,2033,0.026098534517199998
GLOBAL,S2D2,LNDAGRFJIC04,WTREVTFJI,2034,0.026154883929368003
GLOBAL,S2D2,LNDAGRFJIC04,WTREVTFJI,2035,0.026211205610536
GLOBAL,S2D2,LNDAGRFJIC04,WTREVTFJI,2036,2.364230774788515
GLOBAL,S2D2,LNDAGRFJIC04,WTREVTFJI,2037,0.026261723306849
GLOBAL,S2D2,LNDAGRFJIC04,WTREVTFJI,2038,0.026286944878239
GLOBAL,S2D2,LNDAGRFJIC04,WTREVTFJI,2039,0.026446734598546
GLOBAL,S2D2,LNDAGRFJIC04,WTREVTFJI,2040,0.026337416004119
GLOBAL,S2D2,LNDAGRFJIC04,WTREVTFJI,2041,0.02633349698609
GLOBAL,S2D2,LNDAGRFJIC04,WTREVTFJI,2042,0.026329624767905
GLOBAL,S2D2,LNDAGRFJIC04,WTREVTFJI,2043,0.026325733480876003
GLOBAL,S2D2,LNDAGRFJIC04,WTREVTFJI,2044,0.026321814944358
GLOBAL,S2D2,LNDAGRFJIC04,WTREVTFJI,2045,0.026317895926329
GLOBAL,S2D2,LNDAGRFJIC04,WTREVTFJI,2046,0.0262912258917
GLOBAL,S2D2,LNDAGRFJIC04,WTREVTFJI,2047,0.026264509057227
GLOBAL,S2D2,LNDAGRFJIC04,WTREVTFJI,2048,0.026297029647143998
GLOBAL,S2D2,LNDAGRFJIC04,WTREVTFJI,2049,0.026240680234976
GLOBAL,S2D2,LNDAGRFJIC04,WTREVTFJI,2050,0.026184358783219
GLOBAL,S2D2,LNDAGRFJIC04,WTRGRCFJI,2021,0.019712604879501397
GLOBAL,S2D2,LNDAGRFJIC04,WTRGRCFJI,2022,0.0197984938542963
GLOBAL,S2D2,LNDAGRFJIC04,WTRGRCFJI,2023,0.0015297068586072
GLOBAL,S2D2,LNDAGRFJIC04,WTRGRCFJI,2024,0.0015363168371620999
GLOBAL,S2D2,LNDAGRFJIC04,WTRGRCFJI,2025,0.001542926815717
GLOBAL,S2D2,LNDAGRFJIC04,WTRGRCFJI,2026,0.0015479072897036
GLOBAL,S2D2,LNDAGRFJIC04,WTRGRCFJI,2027,0.0015528877778078
GLOBAL,S2D2,LNDAGRFJIC04,WTRGRCFJI,2028,0.0015578682517944
GLOBAL,S2D2,LNDAGRFJIC04,WTRGRCFJI,2029,0.0015628472023406998
GLOBAL,S2D2,LNDAGRFJIC04,WTRGRCFJI,2030,0.0015678276763273
GLOBAL,S2D2,LNDAGRFJIC04,WTRGRCFJI,2031,0.0015712347874072
GLOBAL,S2D2,LNDAGRFJIC04,WTRGRCFJI,2032,0.0015746419138652
GLOBAL,S2D2,LNDAGRFJIC04,WTRGRCFJI,2033,0.0015780490403231998
GLOBAL,S2D2,LNDAGRFJIC04,WTRGRCFJI,2034,0.0015814561667812001
GLOBAL,S2D2,LNDAGRFJIC04,WTRGRCFJI,2035,0.0015848617403032002
GLOBAL,S2D2,LNDAGRFJIC04,WTRGRCFJI,2036,0.0732848807770061
GLOBAL,S2D2,LNDAGRFJIC04,WTRGRCFJI,2037,0.0015879164609611
GLOBAL,S2D2,LNDAGRFJIC04,WTRGRCFJI,2038,0.0015894414768861
GLOBAL,S2D2,LNDAGRFJIC04,WTRGRCFJI,2039,0.0015991030543446002
GLOBAL,S2D2,LNDAGRFJIC04,WTRGRCFJI,2040,0.0015924930757897
GLOBAL,S2D2,LNDAGRFJIC04,WTRGRCFJI,2041,0.0015922560475882
GLOBAL,S2D2,LNDAGRFJIC04,WTRGRCFJI,2042,0.0015920221565191
GLOBAL,S2D2,LNDAGRFJIC04,WTRGRCFJI,2043,0.0015917866812536
GLOBAL,S2D2,LNDAGRFJIC04,WTRGRCFJI,2044,0.0015915496825478
GLOBAL,S2D2,LNDAGRFJIC04,WTRGRCFJI,2045,0.0015913126543463
GLOBAL,S2D2,LNDAGRFJIC04,WTRGRCFJI,2046,0.0015897003258552
GLOBAL,S2D2,LNDAGRFJIC04,WTRGRCFJI,2047,0.0015880848602317
GLOBAL,S2D2,LNDAGRFJIC04,WTRGRCFJI,2048,0.0015900511633411998
GLOBAL,S2D2,LNDAGRFJIC04,WTRGRCFJI,2049,0.0015866440368832
GLOBAL,S2D2,LNDAGRFJIC04,WTRGRCFJI,2050,0.0015832384787393
GLOBAL,S2D2,LNDAGRFJIC04,WTRSURFJI,2021,0.36343224489127995
GLOBAL,S2D2,LNDAGRFJIC04,WTRSURFJI,2022,0.36501573911715
GLOBAL,S2D2,LNDAGRFJIC04,WTRSURFJI,2023,0.02743674161952
GLOBAL,S2D2,LNDAGRFJIC04,WTRSURFJI,2024,0.02755529787139
GLOBAL,S2D2,LNDAGRFJIC04,WTRSURFJI,2025,0.027673854123259997
GLOBAL,S2D2,LNDAGRFJIC04,WTRSURFJI,2026,0.02776318364062
GLOBAL,S2D2,LNDAGRFJIC04,WTRSURFJI,2027,0.02785251341008
GLOBAL,S2D2,LNDAGRFJIC04,WTRSURFJI,2028,0.02794184292744
GLOBAL,S2D2,LNDAGRFJIC04,WTRSURFJI,2029,0.02803114524321
GLOBAL,S2D2,LNDAGRFJIC04,WTRSURFJI,2030,0.028120474760570002
GLOBAL,S2D2,LNDAGRFJIC04,WTRSURFJI,2031,0.028181584481240002
GLOBAL,S2D2,LNDAGRFJIC04,WTRSURFJI,2032,0.028242694479220003
GLOBAL,S2D2,LNDAGRFJIC04,WTRSURFJI,2033,0.0283038044772
GLOBAL,S2D2,LNDAGRFJIC04,WTRSURFJI,2034,0.02836491447518
GLOBAL,S2D2,LNDAGRFJIC04,WTRSURFJI,2035,0.028425996742160002
GLOBAL,S2D2,LNDAGRFJIC04,WTRSURFJI,2036,0.8857179608322501
GLOBAL,S2D2,LNDAGRFJIC04,WTRSURFJI,2037,0.02848078621499
GLOBAL,S2D2,LNDAGRFJIC04,WTRSURFJI,2038,0.02850813881289
GLOBAL,S2D2,LNDAGRFJIC04,WTRSURFJI,2039,0.028681428243660004
GLOBAL,S2D2,LNDAGRFJIC04,WTRSURFJI,2040,0.02856287199179
GLOBAL,S2D2,LNDAGRFJIC04,WTRSURFJI,2041,0.028558620602599998
GLOBAL,S2D2,LNDAGRFJIC04,WTRSURFJI,2042,0.02855442578465
GLOBAL,S2D2,LNDAGRFJIC04,WTRSURFJI,2043,0.028550202126460002
GLOBAL,S2D2,LNDAGRFJIC04,WTRSURFJI,2044,0.02854595126668
GLOBAL,S2D2,LNDAGRFJIC04,WTRSURFJI,2045,0.02854169987749
GLOBAL,S2D2,LNDAGRFJIC04,WTRSURFJI,2046,0.028512781511700003
GLOBAL,S2D2,LNDAGRFJIC04,WTRSURFJI,2047,0.02848380657467
GLOBAL,S2D2,LNDAGRFJIC04,WTRSURFJI,2048,0.02851907402854
GLOBAL,S2D2,LNDAGRFJIC04,WTRSURFJI,2049,0.028457964030559998
GLOBAL,S2D2,LNDAGRFJIC04,WTRSURFJI,2050,0.028396882040889998
GLOBAL,S2D2,LNDCASHRTOT,LCASHRTOT,2021,0.0184933357503
GLOBAL,S2D2,LNDCASHRTOT,LCASHRTOT,2022,0.0185739563219
GLOBAL,S2D2,LNDCASHRTOT,LCASHRTOT,2023,0.0186545511793
GLOBAL,S2D2,LNDCASHRTOT,LCASHRTOT,2024,0.0187351717509
GLOBAL,S2D2,LNDCASHRTOT,LCASHRTOT,2025,0.0188157920704
GLOBAL,S2D2,LNDCASHRTOT,LCASHRTOT,2026,0.018876527750299996
GLOBAL,S2D2,LNDCASHRTOT,LCASHRTOT,2027,0.0189372631781
GLOBAL,S2D2,LNDCASHRTOT,LCASHRTOT,2028,0.0189979731438
GLOBAL,S2D2,LNDCASHRTOT,LCASHRTOT,2029,0.019058708571599997
GLOBAL,S2D2,LNDCASHRTOT,LCASHRTOT,2030,0.0191194439994
GLOBAL,S2D2,LNDCASHRTOT,LCASHRTOT,2031,0.019160989070999997
GLOBAL,S2D2,LNDCASHRTOT,LCASHRTOT,2032,0.019202559856799997
GLOBAL,S2D2,LNDCASHRTOT,LCASHRTOT,2033,0.0192441049284
GLOBAL,S2D2,LNDCASHRTOT,LCASHRTOT,2034,0.019285649999999998
GLOBAL,S2D2,LNDCASHRTOT,LCASHRTOT,2035,0.0193271950716
GLOBAL,S2D2,LNDCASHRTOT,LCASHRTOT,2036,0.0193457937491
GLOBAL,S2D2,LNDCASHRTOT,LCASHRTOT,2037,0.019364418392900002
GLOBAL,S2D2,LNDCASHRTOT,LCASHRTOT,2038,0.0193830170704
GLOBAL,S2D2,LNDCASHRTOT,LCASHRTOT,2039,0.019500860963299997
GLOBAL,S2D2,LNDCASHRTOT,LCASHRTOT,2040,0.019420240643799998
GLOBAL,S2D2,LNDCASHRTOT,LCASHRTOT,2041,0.0194173593929
GLOBAL,S2D2,LNDCASHRTOT,LCASHRTOT,2042,0.019414478141999997
GLOBAL,S2D2,LNDCASHRTOT,LCASHRTOT,2043,0.019411622857399998
GLOBAL,S2D2,LNDCASHRTOT,LCASHRTOT,2044,0.0194087416065
GLOBAL,S2D2,LNDCASHRTOT,LCASHRTOT,2045,0.019405860607700002
GLOBAL,S2D2,LNDCASHRTOT,LCASHRTOT,2046,0.0193861554633
GLOBAL,S2D2,LNDCASHRTOT,LCASHRTOT,2047,0.0193664762852
GLOBAL,S2D2,LNDCASHRTOT,LCASHRTOT,2048,0.0193904772136
GLOBAL,S2D2,LNDCASHRTOT,LCASHRTOT,2049,0.019348932142
GLOBAL,S2D2,LNDCASHRTOT,LCASHRTOT,2050,0.019307387070399997
GLOBAL,S2D2,LNDCONHRTOT,LCONHRTOT,2021,0.0111538816438
GLOBAL,S2D2,LNDCONHRTOT,LCONHRTOT,2022,0.011202500893499999
GLOBAL,S2D2,LNDCONHRTOT,LCONHRTOT,2023,0.0112511201432
GLOBAL,S2D2,LNDCONHRTOT,LCONHRTOT,2024,0.0112997393929
GLOBAL,S2D2,LNDCONHRTOT,LCONHRTOT,2025,0.011348358642599999
GLOBAL,S2D2,LNDCONHRTOT,LCONHRTOT,2026,0.0113849902852
GLOBAL,S2D2,LNDCONHRTOT,LCONHRTOT,2027,0.0114216219278
GLOBAL,S2D2,LNDCONHRTOT,LCONHRTOT,2028,0.0114582535704
GLOBAL,S2D2,LNDCONHRTOT,LCONHRTOT,2029,0.0114948854651
GLOBAL,S2D2,LNDCONHRTOT,LCONHRTOT,2030,0.0115315171077
GLOBAL,S2D2,LNDCONHRTOT,LCONHRTOT,2031,0.0115565725704
GLOBAL,S2D2,LNDCONHRTOT,LCONHRTOT,2032,0.011581628285199999
GLOBAL,S2D2,LNDCONHRTOT,LCONHRTOT,2033,0.011606683999999999
GLOBAL,S2D2,LNDCONHRTOT,LCONHRTOT,2034,0.0116317397148
GLOBAL,S2D2,LNDCONHRTOT,LCONHRTOT,2035,0.0116567954296
GLOBAL,S2D2,LNDCONHRTOT,LCONHRTOT,2036,0.011668011106499999
GLOBAL,S2D2,LNDCONHRTOT,LCONHRTOT,2037,0.0116792784639
GLOBAL,S2D2,LNDCONHRTOT,LCONHRTOT,2038,0.0116904943929
GLOBAL,S2D2,LNDCONHRTOT,LCONHRTOT,2039,0.0117615455006
GLOBAL,S2D2,LNDCONHRTOT,LCONHRTOT,2040,0.011712926250899999
GLOBAL,S2D2,LNDCONHRTOT,LCONHRTOT,2041,0.011711176929
GLOBAL,S2D2,LNDCONHRTOT,LCONHRTOT,2042,0.011709479035499999
GLOBAL,S2D2,LNDCONHRTOT,LCONHRTOT,2043,0.0117077297136
GLOBAL,S2D2,LNDCONHRTOT,LCONHRTOT,2044,0.011705980643799999
GLOBAL,S2D2,LNDCONHRTOT,LCONHRTOT,2045,0.0117042313219
GLOBAL,S2D2,LNDCONHRTOT,LCONHRTOT,2046,0.011692398
GLOBAL,S2D2,LNDCONHRTOT,LCONHRTOT,2047,0.011680513249699999
GLOBAL,S2D2,LNDCONHRTOT,LCONHRTOT,2048,0.011694970428399998
GLOBAL,S2D2,LNDCONHRTOT,LCONHRTOT,2049,0.011669914713599999
GLOBAL,S2D2,LNDCONHRTOT,LCONHRTOT,2050,0.0116448592509
GLOBAL,S2D2,LNDFORTOT,LFORTOT,2021,6.1403999521
GLOBAL,S2D2,LNDFORTOT,LFORTOT,2036,16.3753796169
GLOBAL,S2D2,LNDOTHHRTOT,LOTHHRTOT,2021,0.0171408817711
GLOBAL,S2D2,LNDOTHHRTOT,LOTHHRTOT,2022,0.0172155802616
GLOBAL,S2D2,LNDOTHHRTOT,LOTHHRTOT,2023,0.0172903059789
GLOBAL,S2D2,LNDOTHHRTOT,LOTHHRTOT,2024,0.0173650316962
GLOBAL,S2D2,LNDOTHHRTOT,LOTHHRTOT,2025,0.0174397299346
GLOBAL,S2D2,LNDOTHHRTOT,LOTHHRTOT,2026,0.0174960415116
GLOBAL,S2D2,LNDOTHHRTOT,LOTHHRTOT,2027,0.0175523256097
GLOBAL,S2D2,LNDOTHHRTOT,LOTHHRTOT,2028,0.0176086094557
GLOBAL,S2D2,LNDOTHHRTOT,LOTHHRTOT,2029,0.0176648935538
GLOBAL,S2D2,LNDOTHHRTOT,LOTHHRTOT,2030,0.0177212051308
GLOBAL,S2D2,LNDOTHHRTOT,LOTHHRTOT,2031,0.0177597050865
GLOBAL,S2D2,LNDOTHHRTOT,LOTHHRTOT,2032,0.0177982052943
GLOBAL,S2D2,LNDOTHHRTOT,LOTHHRTOT,2033,0.017836732728899997
GLOBAL,S2D2,LNDOTHHRTOT,LOTHHRTOT,2034,0.0178752326846
GLOBAL,S2D2,LNDOTHHRTOT,LOTHHRTOT,2035,0.017913760119199998
GLOBAL,S2D2,LNDOTHHRTOT,LOTHHRTOT,2036,0.0179309961962
GLOBAL,S2D2,LNDOTHHRTOT,LOTHHRTOT,2037,0.017948232021099998
GLOBAL,S2D2,LNDOTHHRTOT,LOTHHRTOT,2038,0.017965495577
GLOBAL,S2D2,LNDOTHHRTOT,LOTHHRTOT,2039,0.0180746931962
GLOBAL,S2D2,LNDOTHHRTOT,LOTHHRTOT,2040,0.0179999947057
GLOBAL,S2D2,LNDOTHHRTOT,LOTHHRTOT,2041,0.0179973093365
GLOBAL,S2D2,LNDOTHHRTOT,LOTHHRTOT,2042,0.0179946514462
GLOBAL,S2D2,LNDOTHHRTOT,LOTHHRTOT,2043,0.0179919933038
GLOBAL,S2D2,LNDOTHHRTOT,LOTHHRTOT,2044,0.0179893354135
GLOBAL,S2D2,LNDOTHHRTOT,LOTHHRTOT,2045,0.017986650044299998
GLOBAL,S2D2,LNDOTHHRTOT,LOTHHRTOT,2046,0.017968400021100003
GLOBAL,S2D2,LNDOTHHRTOT,LOTHHRTOT,2047,0.01795015025
GLOBAL,S2D2,LNDOTHHRTOT,LOTHHRTOT,2048,0.017972428327000002
GLOBAL,S2D2,LNDOTHHRTOT,LOTHHRTOT,2049,0.0179339281192
GLOBAL,S2D2,LNDOTHHRTOT,LOTHHRTOT,2050,0.0178954006846
GLOBAL,S2D2,LNDSGCHRTOT,LSGCHRTOT,2021,0.39556781588999995
GLOBAL,S2D2,LNDSGCHRTOT,LSGCHRTOT,2022,0.39729127233
GLOBAL,S2D2,LNDSGCHRTOT,LSGCHRTOT,2023,0.39901699767
GLOBAL,S2D2,LNDSGCHRTOT,LSGCHRTOT,2024,0.40074045411000003
GLOBAL,S2D2,LNDSGCHRTOT,LSGCHRTOT,2025,0.40246391054999997
GLOBAL,S2D2,LNDSGCHRTOT,LSGCHRTOT,2026,0.40376335999999996
GLOBAL,S2D2,LNDSGCHRTOT,LSGCHRTOT,2027,0.40506280945
GLOBAL,S2D2,LNDSGCHRTOT,LSGCHRTOT,2028,0.40636228411
GLOBAL,S2D2,LNDSGCHRTOT,LSGCHRTOT,2029,0.40766173356
GLOBAL,S2D2,LNDSGCHRTOT,LSGCHRTOT,2030,0.40896120822
GLOBAL,S2D2,LNDSGCHRTOT,LSGCHRTOT,2031,0.40984814644
GLOBAL,S2D2,LNDSGCHRTOT,LSGCHRTOT,2032,0.41073735356
GLOBAL,S2D2,LNDSGCHRTOT,LSGCHRTOT,2033,0.41162658589
GLOBAL,S2D2,LNDSGCHRTOT,LSGCHRTOT,2034,0.41251581822
GLOBAL,S2D2,LNDSGCHRTOT,LSGCHRTOT,2035,0.41340275644
GLOBAL,S2D2,LNDSGCHRTOT,LSGCHRTOT,2036,0.41380152822
GLOBAL,S2D2,LNDSGCHRTOT,LSGCHRTOT,2037,0.41420029999999997
GLOBAL,S2D2,LNDSGCHRTOT,LSGCHRTOT,2038,0.41459907178
GLOBAL,S2D2,LNDSGCHRTOT,LSGCHRTOT,2039,0.41711777766999997
GLOBAL,S2D2,LNDSGCHRTOT,LSGCHRTOT,2040,0.41539434644
GLOBAL,S2D2,LNDSGCHRTOT,LSGCHRTOT,2041,0.41533245589
GLOBAL,S2D2,LNDSGCHRTOT,LSGCHRTOT,2042,0.41527059055
GLOBAL,S2D2,LNDSGCHRTOT,LSGCHRTOT,2043,0.4152087
GLOBAL,S2D2,LNDSGCHRTOT,LSGCHRTOT,2044,0.41514910356
GLOBAL,S2D2,LNDSGCHRTOT,LSGCHRTOT,2045,0.41508723822
GLOBAL,S2D2,LNDSGCHRTOT,LSGCHRTOT,2046,0.41466555055
GLOBAL,S2D2,LNDSGCHRTOT,LSGCHRTOT,2047,0.41424383767
GLOBAL,S2D2,LNDSGCHRTOT,LSGCHRTOT,2048,0.41475721411
GLOBAL,S2D2,LNDSGCHRTOT,LSGCHRTOT,2049,0.41386798177999995
GLOBAL,S2D2,LNDSGCHRTOT,LSGCHRTOT,2050,0.41298104356
GLOBAL,S2D2,LNDYAMHRTOT,LYAMHRTOT,2021,0.014930331576599998
GLOBAL,S2D2,LNDYAMHRTOT,LYAMHRTOT,2022,0.0149954066538
GLOBAL,S2D2,LNDYAMHRTOT,LYAMHRTOT,2023,0.015060509461999999
GLOBAL,S2D2,LNDYAMHRTOT,LYAMHRTOT,2024,0.015125584539199998
GLOBAL,S2D2,LNDYAMHRTOT,LYAMHRTOT,2025,0.0151906596164
GLOBAL,S2D2,LNDYAMHRTOT,LYAMHRTOT,2026,0.015239694326899998
GLOBAL,S2D2,LNDYAMHRTOT,LYAMHRTOT,2027,0.0152887292895
GLOBAL,S2D2,LNDYAMHRTOT,LYAMHRTOT,2028,0.015337763999999999
GLOBAL,S2D2,LNDYAMHRTOT,LYAMHRTOT,2029,0.015386771231599998
GLOBAL,S2D2,LNDYAMHRTOT,LYAMHRTOT,2030,0.0154358059421
GLOBAL,S2D2,LNDYAMHRTOT,LYAMHRTOT,2031,0.0154693546538
GLOBAL,S2D2,LNDYAMHRTOT,LYAMHRTOT,2032,0.0155029033655
GLOBAL,S2D2,LNDYAMHRTOT,LYAMHRTOT,2033,0.0155364520772
GLOBAL,S2D2,LNDYAMHRTOT,LYAMHRTOT,2034,0.0155700007889
GLOBAL,S2D2,LNDYAMHRTOT,LYAMHRTOT,2035,0.0156035217696
GLOBAL,S2D2,LNDYAMHRTOT,LYAMHRTOT,2036,0.0156185645766
GLOBAL,S2D2,LNDYAMHRTOT,LYAMHRTOT,2037,0.0156335799047
GLOBAL,S2D2,LNDYAMHRTOT,LYAMHRTOT,2038,0.0156485949807
GLOBAL,S2D2,LNDYAMHRTOT,LYAMHRTOT,2039,0.015743728193
GLOBAL,S2D2,LNDYAMHRTOT,LYAMHRTOT,2040,0.0156786531158
GLOBAL,S2D2,LNDYAMHRTOT,LYAMHRTOT,2041,0.0156763259807
GLOBAL,S2D2,LNDYAMHRTOT,LYAMHRTOT,2042,0.0156739988456
GLOBAL,S2D2,LNDYAMHRTOT,LYAMHRTOT,2043,0.0156716994415
GLOBAL,S2D2,LNDYAMHRTOT,LYAMHRTOT,2044,0.0156693725585
GLOBAL,S2D2,LNDYAMHRTOT,LYAMHRTOT,2045,0.0156670454234
GLOBAL,S2D2,LNDYAMHRTOT,LYAMHRTOT,2046,0.0156511437117
GLOBAL,S2D2,LNDYAMHRTOT,LYAMHRTOT,2047,0.015635242
GLOBAL,S2D2,LNDYAMHRTOT,LYAMHRTOT,2048,0.0156546065573
GLOBAL,S2D2,LNDYAMHRTOT,LYAMHRTOT,2049,0.015621057845599999
GLOBAL,S2D2,LNDYAMHRTOT,LYAMHRTOT,2050,0.0155875368649
GLOBAL,S2D2,MINCOGINT,COGINT,2022,10.6929926759
GLOBAL,S2D2,MINCOGINT,COGINT,2035,2.7312761057999997
GLOBAL,S2D2,MINCOGINT,COGINT,2039,0.242382447518
GLOBAL,S2D2,MINLNDTOT,LTOT,2021,6.5976861589
GLOBAL,S2D2,MINLNDTOT,LTOT,2022,0.45927870435999996
GLOBAL,S2D2,MINLNDTOT,LTOT,2023,0.46127349603
GLOBAL,S2D2,MINLNDTOT,LTOT,2024,0.46326596837999995
GLOBAL,S2D2,MINLNDTOT,LTOT,2025,0.46525844073
GLOBAL,S2D2,MINLNDTOT,LTOT,2026,0.46676060379
GLOBAL,S2D2,MINLNDTOT,LTOT,2027,0.46826276685
GLOBAL,S2D2,MINLNDTOT,LTOT,2028,0.46976487948999995
GLOBAL,S2D2,MINLNDTOT,LTOT,2029,0.47126699212999995
GLOBAL,S2D2,MINLNDTOT,LTOT,2030,0.4727691804
GLOBAL,S2D2,MINLNDTOT,LTOT,2031,0.47379474840999997
GLOBAL,S2D2,MINLNDTOT,LTOT,2032,0.47482266095
GLOBAL,S2D2,MINLNDTOT,LTOT,2033,0.47585057349
GLOBAL,S2D2,MINLNDTOT,LTOT,2034,0.47687843561
GLOBAL,S2D2,MINLNDTOT,LTOT,2035,0.47790402883
GLOBAL,S2D2,MINLNDTOT,LTOT,2036,16.8537444089
GLOBAL,S2D2,MINLNDTOT,LTOT,2037,0.47882580726999996
GLOBAL,S2D2,MINLNDTOT,LTOT,2038,0.47928667127999997
GLOBAL,S2D2,MINLNDTOT,LTOT,2039,0.48219860275
GLOBAL,S2D2,MINLNDTOT,LTOT,2040,0.48020615560999996
GLOBAL,S2D2,MINLNDTOT,LTOT,2041,0.48013463483999996
GLOBAL,S2D2,MINLNDTOT,LTOT,2042,0.4800631897
GLOBAL,S2D2,MINLNDTOT,LTOT,2043,0.47999174456
GLOBAL,S2D2,MINLNDTOT,LTOT,2044,0.47992254311
GLOBAL,S2D2,MINLNDTOT,LTOT,2045,0.47985102234
GLOBAL,S2D2,MINLNDTOT,LTOT,2046,0.47936363741
GLOBAL,S2D2,MINLNDTOT,LTOT,2047,0.47887622726999995
GLOBAL,S2D2,MINLNDTOT,LTOT,2048,0.47946969588
GLOBAL,S2D2,MINLNDTOT,LTOT,2049,0.47844180854999996
GLOBAL,S2D2,MINLNDTOT,LTOT,2050,0.47741624054
GLOBAL,S2D2,MINOILINT,OILINT,2035,0.051154122763
GLOBAL,S2D2,MINOILINT,OILINT,2038,0.57315701384
GLOBAL,S2D2,MINOILINT,OILINT,2039,0.43795948971
GLOBAL,S2D2,MINOILINT,OILINT,2041,0.24385685184699998
GLOBAL,S2D2,MINPETINT,PETINT,2034,1.08747587927
GLOBAL,S2D2,MINPETINT,PETINT,2036,0.35423042427
GLOBAL,S2D2,MINPETINT,PETINT,2037,0.43295152320999997
GLOBAL,S2D2,MINPETINT,PETINT,2040,0.73719634099
GLOBAL,S2D2,MINPETINT,PETINT,2041,0.56889632216
GLOBAL,S2D2,MINPETINT,PETINT,2042,0.98105400712
GLOBAL,S2D2,MINPETINT,PETINT,2043,1.12242601487
GLOBAL,S2D2,MINPETINT,PETINT,2044,1.27053000018
GLOBAL,S2D2,MINPETINT,PETINT,2045,1.08773279438
GLOBAL,S2D2,MINPETINT,PETINT,2046,1.2936807465399998
GLOBAL,S2D2,MINPETINT,PETINT,2047,1.25596769578
GLOBAL,S2D2,MINPETINT,PETINT,2049,1.0109910837999998
GLOBAL,S2D2,MINPETINT,PETINT,2050,2.12471122853
GLOBAL,S2D2,MINPRCFJI,WTRPRCFJI,2021,17.560761632000002
GLOBAL,S2D2,MINPRCFJI,WTRPRCFJI,2022,0.9859590159799999
GLOBAL,S2D2,MINPRCFJI,WTRPRCFJI,2023,1.2296514557699998
GLOBAL,S2D2,MINPRCFJI,WTRPRCFJI,2024,1.23496295067
GLOBAL,S2D2,MINPRCFJI,WTRPRCFJI,2025,1.24027436994
GLOBAL,S2D2,MINPRCFJI,WTRPRCFJI,2026,1.2442788523900001
GLOBAL,S2D2,MINPRCFJI,WTRPRCFJI,2027,1.2482832339999999
GLOBAL,S2D2,MINPRCFJI,WTRPRCFJI,2028,1.2519444318800002
GLOBAL,S2D2,MINPRCFJI,WTRPRCFJI,2029,1.25482502732
GLOBAL,S2D2,MINPRCFJI,WTRPRCFJI,2030,1.2577057235999998
GLOBAL,S2D2,MINPRCFJI,WTRPRCFJI,2031,1.25967250696
GLOBAL,S2D2,MINPRCFJI,WTRPRCFJI,2032,1.26164370207
GLOBAL,S2D2,MINPRCFJI,WTRPRCFJI,2033,1.2685106287599999
GLOBAL,S2D2,MINPRCFJI,WTRPRCFJI,2034,1.26558604187
GLOBAL,S2D2,MINPRCFJI,WTRPRCFJI,2035,1.26755280002
GLOBAL,S2D2,MINPRCFJI,WTRPRCFJI,2036,42.811500992
GLOBAL,S2D2,MINPRCFJI,WTRPRCFJI,2037,1.2693205000099999
GLOBAL,S2D2,MINPRCFJI,WTRPRCFJI,2038,1.27020428698
GLOBAL,S2D2,MINPRCFJI,WTRPRCFJI,2039,1.27880223311
GLOBAL,S2D2,MINPRCFJI,WTRPRCFJI,2040,1.27196757522
GLOBAL,S2D2,MINPRCFJI,WTRPRCFJI,2041,1.27993101086
GLOBAL,S2D2,MINPRCFJI,WTRPRCFJI,2042,1.2716934164699998
GLOBAL,S2D2,MINPRCFJI,WTRPRCFJI,2043,1.27155642533
GLOBAL,S2D2,MINPRCFJI,WTRPRCFJI,2044,1.27142369468
GLOBAL,S2D2,MINPRCFJI,WTRPRCFJI,2045,1.2712865270699998
GLOBAL,S2D2,MINPRCFJI,WTRPRCFJI,2046,1.2778756899800001
GLOBAL,S2D2,MINPRCFJI,WTRPRCFJI,2047,1.27657636658
GLOBAL,S2D2,MINPRCFJI,WTRPRCFJI,2048,1.27136392177
GLOBAL,S2D2,MINPRCFJI,WTRPRCFJI,2049,1.2754183200199998
GLOBAL,S2D2,MINPRCFJI,WTRPRCFJI,2050,1.2726843963599999
GLOBAL,S2D2,PWRBIOFJIXX01,ELCFJIXX01,2022,0.55413072432
GLOBAL,S2D2,PWRBIOFJIXX01,ELCFJIXX01,2023,0.28725272316
GLOBAL,S2D2,PWRBIOFJIXX01,ELCFJIXX01,2024,0.2672527226
GLOBAL,S2D2,PWRBIOFJIXX01,ELCFJIXX01,2025,0.24975272211
GLOBAL,S2D2,PWRBIOFJIXX01,ELCFJIXX01,2026,0.212252723581
GLOBAL,S2D2,PWRBIOFJIXX01,ELCFJIXX01,2027,0.174752722531
GLOBAL,S2D2,PWRBIOFJIXX01,ELCFJIXX01,2028,0.14097272672800001
GLOBAL,S2D2,PWRBIOFJIXX01,ELCFJIXX01,2030,0.239911633065
GLOBAL,S2D2,PWRBIOFJIXX01,ELCFJIXX01,2031,0.27511163757999996
GLOBAL,S2D2,PWRBIOFJIXX01,ELCFJIXX01,2032,0.00132451199671
GLOBAL,S2D2,PWRBIOFJIXX01,ELCFJIXX01,2033,0.00132451199671
GLOBAL,S2D2,PWRBIOFJIXX01,ELCFJIXX01,2034,0.00155397329066
GLOBAL,S2D2,PWRBIOFJIXX01,ELCFJIXX01,2035,0.045732974447
GLOBAL,S2D2,PWRBIOFJIXX01,ELCFJIXX01,2037,0.0044002822230999996
GLOBAL,S2D2,PWRBIOFJIXX01,ELCFJIXX01,2039,0.11152662992399999
GLOBAL,S2D2,PWRBIOFJIXX01,ELCFJIXX01,2040,0.007479018935399999
GLOBAL,S2D2,PWRBIOFJIXX01,ELCFJIXX01,2041,0.009573977246299999
GLOBAL,S2D2,PWRBIOFJIXX01,ELCFJIXX01,2045,0.105937653596
GLOBAL,S2D2,PWRBIOFJIXX01,ELCFJIXX01,2046,0.09363440217
GLOBAL,S2D2,PWRBIOFJIXX01,ELCFJIXX01,2047,0.118903118781
GLOBAL,S2D2,PWRBIOFJIXX01,ELCFJIXX01,2048,0.58435007737
GLOBAL,S2D2,PWRBIOFJIXX01,ELCFJIXX01,2049,0.30896082727
GLOBAL,S2D2,PWRHYDFJIXX01,ELCFJIXX01,2021,0.73700000551
GLOBAL,S2D2,PWRHYDFJIXX01,ELCFJIXX01,2022,0.200469274624
GLOBAL,S2D2,PWRHYDFJIXX01,ELCFJIXX01,2023,0.48274727319
GLOBAL,S2D2,PWRHYDFJIXX01,ELCFJIXX01,2024,0.5203472823099999
GLOBAL,S2D2,PWRHYDFJIXX01,ELCFJIXX01,2025,0.55324726508
GLOBAL,S2D2,PWRHYDFJIXX01,ELCFJIXX01,2026,0.62374728218
GLOBAL,S2D2,PWRHYDFJIXX01,ELCFJIXX01,2027,0.69424727407
GLOBAL,S2D2,PWRHYDFJIXX01,ELCFJIXX01,2028,0.76102727836
GLOBAL,S2D2,PWRHYDFJIXX01,ELCFJIXX01,2029,0.9350000009699999
GLOBAL,S2D2,PWRHYDFJIXX01,ELCFJIXX01,2030,0.72808837135
GLOBAL,S2D2,PWRHYDFJIXX01,ELCFJIXX01,2031,0.72808837135
GLOBAL,S2D2,PWRHYDFJIXX01,ELCFJIXX01,2032,1.01110210864
GLOBAL,S2D2,PWRHYDFJIXX01,ELCFJIXX01,2033,1.04850210162
GLOBAL,S2D2,PWRHYDFJIXX01,ELCFJIXX01,2034,0.72808837135
GLOBAL,S2D2,PWRHYDFJIXX01,ELCFJIXX01,2035,1.0579389105
GLOBAL,S2D2,PWRHYDFJIXX01,ELCFJIXX01,2036,1.04626504185
GLOBAL,S2D2,PWRHYDFJIXX01,ELCFJIXX01,2037,1.0579389105
GLOBAL,S2D2,PWRHYDFJIXX01,ELCFJIXX01,2038,1.0579389105
GLOBAL,S2D2,PWRHYDFJIXX01,ELCFJIXX01,2039,1.0579389105
GLOBAL,S2D2,PWRHYDFJIXX01,ELCFJIXX01,2040,1.03555195151
GLOBAL,S2D2,PWRHYDFJIXX01,ELCFJIXX01,2041,1.0579389105
GLOBAL,S2D2,PWRHYDFJIXX01,ELCFJIXX01,2042,1.0579389105
GLOBAL,S2D2,PWRHYDFJIXX01,ELCFJIXX01,2043,1.0579389105
GLOBAL,S2D2,PWRHYDFJIXX01,ELCFJIXX01,2044,1.0579389105
GLOBAL,S2D2,PWRHYDFJIXX01,ELCFJIXX01,2045,1.0579389105
GLOBAL,S2D2,PWRHYDFJIXX01,ELCFJIXX01,2046,1.0579389105
GLOBAL,S2D2,PWRHYDFJIXX01,ELCFJIXX01,2047,1.0579389105
GLOBAL,S2D2,PWRHYDFJIXX01,ELCFJIXX01,2048,1.0579389105
GLOBAL,S2D2,PWRHYDFJIXX01,ELCFJIXX01,2049,1.0579389105
GLOBAL,S2D2,PWRHYDFJIXX01,ELCFJIXX01,2050,1.0579389105
GLOBAL,S2D2,PWROILFJIXX01,ELCFJIXX01,2035,0.0165547323804
GLOBAL,S2D2,PWROILFJIXX01,ELCFJIXX01,2038,0.185487707756
GLOBAL,S2D2,PWROILFJIXX01,ELCFJIXX01,2039,0.14173446452500002
GLOBAL,S2D2,PWROILFJIXX01,ELCFJIXX01,2041,0.07891807475399999
GLOBAL,S2D2,PWRPETFJIXX01,ELCFJIXX01,2034,0.35538426076
GLOBAL,S2D2,PWRPETFJIXX01,ELCFJIXX01,2036,0.11576157967299999
GLOBAL,S2D2,PWRPETFJIXX01,ELCFJIXX01,2037,0.141487424172
GLOBAL,S2D2,PWRPETFJIXX01,ELCFJIXX01,2040,0.240913833926
GLOBAL,S2D2,PWRPETFJIXX01,ELCFJIXX01,2041,0.185913834907
GLOBAL,S2D2,PWRPETFJIXX01,ELCFJIXX01,2042,0.32060588089
GLOBAL,S2D2,PWRPETFJIXX01,ELCFJIXX01,2043,0.36680587815
GLOBAL,S2D2,PWRPETFJIXX01,ELCFJIXX01,2044,0.41520587647999996
GLOBAL,S2D2,PWRPETFJIXX01,ELCFJIXX01,2045,0.35546823527
GLOBAL,S2D2,PWRPETFJIXX01,ELCFJIXX01,2046,0.42277147310999996
GLOBAL,S2D2,PWRPETFJIXX01,ELCFJIXX01,2047,0.41044695957
GLOBAL,S2D2,PWRPETFJIXX01,ELCFJIXX01,2049,0.33038925164
GLOBAL,S2D2,PWRPETFJIXX01,ELCFJIXX01,2050,0.69435008045
GLOBAL,S2D2,PWRSPVFJIXX01,ELCFJIXX01,2040,0.066855208241
GLOBAL,S2D2,PWRSPVFJIXX01,ELCFJIXX01,2041,0.066855208241
GLOBAL,S2D2,PWRSPVFJIXX01,ELCFJIXX01,2042,0.066855208241
GLOBAL,S2D2,PWRSPVFJIXX01,ELCFJIXX01,2043,0.066855208241
GLOBAL,S2D2,PWRSPVFJIXX01,ELCFJIXX01,2044,0.066855208241
GLOBAL,S2D2,PWRSPVFJIXX01,ELCFJIXX01,2045,0.066855208241
GLOBAL,S2D2,PWRSPVFJIXX01,ELCFJIXX01,2046,0.066855208241
GLOBAL,S2D2,PWRSPVFJIXX01,ELCFJIXX01,2047,0.11111101786399999
GLOBAL,S2D2,PWRSPVFJIXX01,ELCFJIXX01,2048,0.11111101786399999
GLOBAL,S2D2,PWRSPVFJIXX01,ELCFJIXX01,2049,0.11111101786399999
GLOBAL,S2D2,PWRSPVFJIXX01,ELCFJIXX01,2050,0.11111101786399999
GLOBAL,S2D2,PWRTRNFJIXX,ELCFJIXX02,2021,0.73700000551
GLOBAL,S2D2,PWRTRNFJIXX,ELCFJIXX02,2022,0.75459998886
GLOBAL,S2D2,PWRTRNFJIXX,ELCFJIXX02,2023,0.7699999963499999
GLOBAL,S2D2,PWRTRNFJIXX,ELCFJIXX02,2024,0.78760000491
GLOBAL,S2D2,PWRTRNFJIXX,ELCFJIXX02,2025,0.8030000124
GLOBAL,S2D2,PWRTRNFJIXX,ELCFJIXX02,2026,0.83600000324
GLOBAL,S2D2,PWRTRNFJIXX,ELCFJIXX02,2027,0.86899999408
GLOBAL,S2D2,PWRTRNFJIXX,ELCFJIXX02,2028,0.90200001013
GLOBAL,S2D2,PWRTRNFJIXX,ELCFJIXX02,2029,0.9350000009699999
GLOBAL,S2D2,PWRTRNFJIXX,ELCFJIXX02,2030,0.96799999181
GLOBAL,S2D2,PWRTRNFJIXX,ELCFJIXX02,2031,1.00320000893
GLOBAL,S2D2,PWRTRNFJIXX,ELCFJIXX02,2032,1.03840000084
GLOBAL,S2D2,PWRTRNFJIXX,ELCFJIXX02,2033,1.0757999938199998
GLOBAL,S2D2,PWRTRNFJIXX,ELCFJIXX02,2034,1.11100001094
GLOBAL,S2D2,PWRTRNFJIXX,ELCFJIXX02,2035,1.14620000285
GLOBAL,S2D2,PWRTRNFJIXX,ELCFJIXX02,2036,1.18799999797
GLOBAL,S2D2,PWRTRNFJIXX,ELCFJIXX02,2037,1.2297999930899999
GLOBAL,S2D2,PWRTRNFJIXX,ELCFJIXX02,2038,1.26940001235
GLOBAL,S2D2,PWRTRNFJIXX,ELCFJIXX02,2039,1.3112000074699999
GLOBAL,S2D2,PWRTRNFJIXX,ELCFJIXX02,2040,1.3508000015200001
GLOBAL,S2D2,PWRTRNFJIXX,ELCFJIXX02,2041,1.39919999985
GLOBAL,S2D2,PWRTRNFJIXX,ELCFJIXX02,2042,1.44539999711
GLOBAL,S2D2,PWRTRNFJIXX,ELCFJIXX02,2043,1.4915999943699998
GLOBAL,S2D2,PWRTRNFJIXX,ELCFJIXX02,2044,1.5399999926999999
GLOBAL,S2D2,PWRTRNFJIXX,ELCFJIXX02,2045,1.5861999899600001
GLOBAL,S2D2,PWRTRNFJIXX,ELCFJIXX02,2046,1.6411999915
GLOBAL,S2D2,PWRTRNFJIXX,ELCFJIXX02,2047,1.6983999941099999
GLOBAL,S2D2,PWRTRNFJIXX,ELCFJIXX02,2048,1.75339999565
GLOBAL,S2D2,PWRTRNFJIXX,ELCFJIXX02,2049,1.80839999719
GLOBAL,S2D2,PWRTRNFJIXX,ELCFJIXX02,2050,1.86339999873
GLOBAL,S2D2,PWRWONFJIXX01,ELCFJIXX01,2032,0.025973386531000002
GLOBAL,S2D2,PWRWONFJIXX01,ELCFJIXX01,2033,0.025973386531000002
GLOBAL,S2D2,PWRWONFJIXX01,ELCFJIXX01,2034,0.025973386531000002
GLOBAL,S2D2,PWRWONFJIXX01,ELCFJIXX01,2035,0.025973386531000002
GLOBAL,S2D2,PWRWONFJIXX01,ELCFJIXX01,2036,0.025973386531000002
GLOBAL,S2D2,PWRWONFJIXX01,ELCFJIXX01,2037,0.025973386531000002
GLOBAL,S2D2,PWRWONFJIXX01,ELCFJIXX01,2038,0.025973386531000002
GLOBAL,S2D2,RNWBIOFJIXX,BIOFJIXX,2022,2.11677935581
GLOBAL,S2D2,RNWBIOFJIXX,BIOFJIXX,2023,1.0973054095299999
GLOBAL,S2D2,RNWBIOFJIXX,BIOFJIXX,2024,1.02090539529
GLOBAL,S2D2,RNWBIOFJIXX,BIOFJIXX,2025,0.95405540804
GLOBAL,S2D2,RNWBIOFJIXX,BIOFJIXX,2026,0.81080540655
GLOBAL,S2D2,RNWBIOFJIXX,BIOFJIXX,2027,0.66755540506
GLOBAL,S2D2,RNWBIOFJIXX,BIOFJIXX,2028,0.53851582679
GLOBAL,S2D2,RNWBIOFJIXX,BIOFJIXX,2030,0.9164624325099999
GLOBAL,S2D2,RNWBIOFJIXX,BIOFJIXX,2031,1.0509264464799999
GLOBAL,S2D2,RNWBIOFJIXX,BIOFJIXX,2032,0.0050596359076
GLOBAL,S2D2,RNWBIOFJIXX,BIOFJIXX,2033,0.0050596359076
GLOBAL,S2D2,RNWBIOFJIXX,BIOFJIXX,2034,0.0059361780278
GLOBAL,S2D2,RNWBIOFJIXX,BIOFJIXX,2035,0.174699963043
GLOBAL,S2D2,RNWBIOFJIXX,BIOFJIXX,2037,0.0168090783393
GLOBAL,S2D2,RNWBIOFJIXX,BIOFJIXX,2039,0.42603173115
GLOBAL,S2D2,RNWBIOFJIXX,BIOFJIXX,2040,0.028569852666
GLOBAL,S2D2,RNWBIOFJIXX,BIOFJIXX,2041,0.036572593216999995
GLOBAL,S2D2,RNWBIOFJIXX,BIOFJIXX,2045,0.40468183592999996
GLOBAL,S2D2,RNWBIOFJIXX,BIOFJIXX,2046,0.35768341276
GLOBAL,S2D2,RNWBIOFJIXX,BIOFJIXX,2047,0.45420990613
GLOBAL,S2D2,RNWBIOFJIXX,BIOFJIXX,2048,2.23221728194
GLOBAL,S2D2,RNWBIOFJIXX,BIOFJIXX,2049,1.18023037681
GLOBAL,S2D2,RNWHYDFJIXX,HYDFJIXX,2021,0.73700000551
GLOBAL,S2D2,RNWHYDFJIXX,HYDFJIXX,2022,0.200469274624
GLOBAL,S2D2,RNWHYDFJIXX,HYDFJIXX,2023,0.48274727319
GLOBAL,S2D2,RNWHYDFJIXX,HYDFJIXX,2024,0.5203472823099999
GLOBAL,S2D2,RNWHYDFJIXX,HYDFJIXX,2025,0.55324726508
GLOBAL,S2D2,RNWHYDFJIXX,HYDFJIXX,2026,0.62374728218
GLOBAL,S2D2,RNWHYDFJIXX,HYDFJIXX,2027,0.69424727407
GLOBAL,S2D2,RNWHYDFJIXX,HYDFJIXX,2028,0.76102727836
GLOBAL,S2D2,RNWHYDFJIXX,HYDFJIXX,2029,0.9350000009699999
GLOBAL,S2D2,RNWHYDFJIXX,HYDFJIXX,2030,0.72808837135
GLOBAL,S2D2,RNWHYDFJIXX,HYDFJIXX,2031,0.72808837135
GLOBAL,S2D2,RNWHYDFJIXX,HYDFJIXX,2032,1.01110210864
GLOBAL,S2D2,RNWHYDFJIXX,HYDFJIXX,2033,1.04850210162
GLOBAL,S2D2,RNWHYDFJIXX,HYDFJIXX,2034,0.72808837135
GLOBAL,S2D2,RNWHYDFJIXX,HYDFJIXX,2035,1.0579389105
GLOBAL,S2D2,RNWHYDFJIXX,HYDFJIXX,2036,1.04626504185
GLOBAL,S2D2,RNWHYDFJIXX,HYDFJIXX,2037,1.0579389105
GLOBAL,S2D2,RNWHYDFJIXX,HYDFJIXX,2038,1.0579389105
GLOBAL,S2D2,RNWHYDFJIXX,HYDFJIXX,2039,1.0579389105
GLOBAL,S2D2,RNWHYDFJIXX,HYDFJIXX,2040,1.03555195151
GLOBAL,S2D2,RNWHYDFJIXX,HYDFJIXX,2041,1.0579389105
GLOBAL,S2D2,RNWHYDFJIXX,HYDFJIXX,2042,1.0579389105
GLOBAL,S2D2,RNWHYDFJIXX,HYDFJIXX,2043,1.0579389105
GLOBAL,S2D2,RNWHYDFJIXX,HYDFJIXX,2044,1.0579389105
GLOBAL,S2D2,RNWHYDFJIXX,HYDFJIXX,2045,1.0579389105
GLOBAL,S2D2,RNWHYDFJIXX,HYDFJIXX,2046,1.0579389105
GLOBAL,S2D2,RNWHYDFJIXX,HYDFJIXX,2047,1.0579389105
GLOBAL,S2D2,RNWHYDFJIXX,HYDFJIXX,2048,1.0579389105
GLOBAL,S2D2,RNWHYDFJIXX,HYDFJIXX,2049,1.0579389105
GLOBAL,S2D2,RNWHYDFJIXX,HYDFJIXX,2050,1.0579389105
GLOBAL,S2D2,RNWSPVFJIXX,SPVFJIXX,2040,0.066855208241
GLOBAL,S2D2,RNWSPVFJIXX,SPVFJIXX,2041,0.066855208241
GLOBAL,S2D2,RNWSPVFJIXX,SPVFJIXX,2042,0.066855208241
GLOBAL,S2D2,RNWSPVFJIXX,SPVFJIXX,2043,0.066855208241
GLOBAL,S2D2,RNWSPVFJIXX,SPVFJIXX,2044,0.066855208241
GLOBAL,S2D2,RNWSPVFJIXX,SPVFJIXX,2045,0.066855208241
GLOBAL,S2D2,RNWSPVFJIXX,SPVFJIXX,2046,0.066855208241
GLOBAL,S2D2,RNWSPVFJIXX,SPVFJIXX,2047,0.11111101786399999
GLOBAL,S2D2,RNWSPVFJIXX,SPVFJIXX,2048,0.11111101786399999
GLOBAL,S2D2,RNWSPVFJIXX,SPVFJIXX,2049,0.11111101786399999
GLOBAL,S2D2,RNWSPVFJIXX,SPVFJIXX,2050,0.11111101786399999
GLOBAL,S2D2,RNWWONFJIXX,WONFJIXX,2032,0.025973386531000002
GLOBAL,S2D2,RNWWONFJIXX,WONFJIXX,2033,0.025973386531000002
GLOBAL,S2D2,RNWWONFJIXX,WONFJIXX,2034,0.025973386531000002
GLOBAL,S2D2,RNWWONFJIXX,WONFJIXX,2035,0.025973386531000002
GLOBAL,S2D2,RNWWONFJIXX,WONFJIXX,2036,0.025973386531000002
GLOBAL,S2D2,RNWWONFJIXX,WONFJIXX,2037,0.025973386531000002
GLOBAL,S2D2,RNWWONFJIXX,WONFJIXX,2038,0.025973386531000002
