REGION,TIMESLICE,TECHNOLOGY,MODE_OF_OPERATION,YEAR,VALUE
GLOBAL,S1D2,MINCOGINT,1,2021,39.016221
GLOBAL,S2D2,MINCOGINT,1,2022,42.415679
GLOBAL,S2D1,MINCOGINT,1,2025,46.985203
GLOBAL,S1D1,MINCOGINT,1,2026,47.771284
GLOBAL,S1D2,MINCOGINT,1,2027,47.793027
GLOBAL,S2D1,MINCOGINT,1,2030,41.567745
GLOBAL,S2D1,MINCOGINT,1,2033,16.129727
GLOBAL,S1D1,MINCOGINT,1,2034,13.728434
GLOBAL,S2D2,MINCOGINT,1,2035,10.834098
GLOBAL,S2D2,MINCOGINT,1,2039,0.96145358
GLOBAL,S2D1,MINGASINT,1,2023,47.036044
GLOBAL,S1D1,MINGASINT,1,2024,47.807114
GLOBAL,S1D2,MINGASINT,1,2028,47.498278
GLOBAL,S2D1,MINGASINT,1,2029,44.069748
GLOBAL,S2D1,MINGASINT,1,2031,37.090228
GLOBAL,S2D1,MINGASINT,1,2037,7.2263166
GLOBAL,S1D2,MINGASINT,1,2038,6.1795107
GLOBAL,S1D2,MINOILINT,1,2022,3.3179323
GLOBAL,S1D2,MINOILINT,1,2028,0.046368738
GLOBAL,S1D1,MINOILINT,1,2028,0.1469257
GLOBAL,S1D2,MINOILINT,1,2029,1.3925567
GLOBAL,S1D1,MINOILINT,1,2029,0.67044325
GLOBAL,S1D2,MINOILINT,1,2030,2.2144656
GLOBAL,S1D1,MINOILINT,1,2030,1.1939608
GLOBAL,S2D1,MINOILINT,1,2030,0.51554455
GLOBAL,S1D2,MINOILINT,1,2031,3.7701956
GLOBAL,S1D1,MINOILINT,1,2031,1.7523795
GLOBAL,S1D2,MINOILINT,1,2032,0.39901295
GLOBAL,S1D1,MINOILINT,1,2032,2.1387764
GLOBAL,S1D2,MINOILINT,1,2033,4.2633807
GLOBAL,S1D1,MINOILINT,1,2033,4.6774195
GLOBAL,S1D2,MINOILINT,1,2034,0.14764142
GLOBAL,S1D1,MINOILINT,1,2034,2.0108054
GLOBAL,S1D2,MINOILINT,1,2035,4.6774195
GLOBAL,S1D1,MINOILINT,1,2035,4.6774195
GLOBAL,S2D2,MINOILINT,1,2035,0.20291203
GLOBAL,S2D1,MINOILINT,1,2035,2.7577416
GLOBAL,S1D2,MINOILINT,1,2036,0.2191586
GLOBAL,S1D1,MINOILINT,1,2036,1.8750787
GLOBAL,S1D2,MINOILINT,1,2037,3.8477954
GLOBAL,S1D1,MINOILINT,1,2037,4.6774195
GLOBAL,S1D2,MINOILINT,1,2038,4.6774195
GLOBAL,S1D1,MINOILINT,1,2038,4.6774195
GLOBAL,S2D2,MINOILINT,1,2038,2.2735304
GLOBAL,S2D1,MINOILINT,1,2038,3.3705434
GLOBAL,S1D2,MINOILINT,1,2039,4.6774195
GLOBAL,S1D1,MINOILINT,1,2039,4.6774195
GLOBAL,S2D2,MINOILINT,1,2039,1.7372451
GLOBAL,S1D2,MINOILINT,1,2040,2.3814941
GLOBAL,S1D1,MINOILINT,1,2040,1.4359348
GLOBAL,S1D2,MINOILINT,1,2041,1.804809
GLOBAL,S1D1,MINOILINT,1,2041,0.66246982
GLOBAL,S2D2,MINOILINT,1,2041,0.96730207
GLOBAL,S1D2,MINOILINT,1,2042,2.8184254
GLOBAL,S1D2,MINOILINT,1,2043,1.9618334
GLOBAL,S1D2,MINOILINT,1,2044,0.95475857
GLOBAL,S1D2,MINPETINT,1,2031,0.40055595
GLOBAL,S1D2,MINPETINT,1,2032,5.6989424
GLOBAL,S1D1,MINPETINT,1,2032,5.6989424
GLOBAL,S2D1,MINPETINT,1,2032,4.6792896
GLOBAL,S1D2,MINPETINT,1,2033,6.3517863
GLOBAL,S1D1,MINPETINT,1,2033,3.7725058
GLOBAL,S2D1,MINPETINT,1,2033,1.7599242
GLOBAL,S1D2,MINPETINT,1,2034,6.7990486
GLOBAL,S1D1,MINPETINT,1,2034,6.7990486
GLOBAL,S2D2,MINPETINT,1,2034,4.3136687
GLOBAL,S2D1,MINPETINT,1,2034,2.2454458
GLOBAL,S1D2,MINPETINT,1,2035,6.7990486
GLOBAL,S1D1,MINPETINT,1,2035,4.0968799
GLOBAL,S1D2,MINPETINT,1,2036,6.7990486
GLOBAL,S1D1,MINPETINT,1,2036,6.7990486
GLOBAL,S2D2,MINPETINT,1,2036,1.4051187
GLOBAL,S2D1,MINPETINT,1,2036,6.7990486
GLOBAL,S1D2,MINPETINT,1,2037,6.7990486
GLOBAL,S1D1,MINPETINT,1,2037,3.9509501
GLOBAL,S2D2,MINPETINT,1,2037,1.7173801
GLOBAL,S2D1,MINPETINT,1,2037,3.8840813
GLOBAL,S1D2,MINPETINT,1,2038,6.7990486
GLOBAL,S1D1,MINPETINT,1,2038,3.8818254
GLOBAL,S2D1,MINPETINT,1,2038,0.086145749
GLOBAL,S1D2,MINPETINT,1,2039,6.7990486
GLOBAL,S1D1,MINPETINT,1,2039,3.9049979
GLOBAL,S2D1,MINPETINT,1,2039,5.244375
GLOBAL,S1D2,MINPETINT,1,2040,6.7990486
GLOBAL,S1D1,MINPETINT,1,2040,6.7990486
GLOBAL,S2D2,MINPETINT,1,2040,2.9242219
GLOBAL,S2D1,MINPETINT,1,2040,5.2799455
GLOBAL,S1D2,MINPETINT,1,2041,6.7990486
GLOBAL,S1D1,MINPETINT,1,2041,6.7990486
GLOBAL,S2D2,MINPETINT,1,2041,2.2566296
GLOBAL,S2D1,MINPETINT,1,2041,5.9475377
GLOBAL,S1D2,MINPETINT,1,2042,6.7990486
GLOBAL,S1D1,MINPETINT,1,2042,6.7990486
GLOBAL,S2D2,MINPETINT,1,2042,3.8915272
GLOBAL,S2D1,MINPETINT,1,2042,4.3126402
GLOBAL,S1D2,MINPETINT,1,2043,6.7990486
GLOBAL,S1D1,MINPETINT,1,2043,5.6051588
GLOBAL,S2D2,MINPETINT,1,2043,4.4523047
GLOBAL,S2D1,MINPETINT,1,2043,4.9258622
GLOBAL,S1D2,MINPETINT,1,2044,6.7990486
GLOBAL,S1D1,MINPETINT,1,2044,4.5246699
GLOBAL,S2D2,MINPETINT,1,2044,5.0397858
GLOBAL,S2D1,MINPETINT,1,2044,5.400869
GLOBAL,S1D2,MINPETINT,1,2045,6.7990486
GLOBAL,S1D1,MINPETINT,1,2045,3.1585514
GLOBAL,S2D2,MINPETINT,1,2045,4.3146878
GLOBAL,S2D1,MINPETINT,1,2045,6.7990486
GLOBAL,S1D2,MINPETINT,1,2046,7.2578359
GLOBAL,S1D1,MINPETINT,1,2046,3.564623
GLOBAL,S2D2,MINPETINT,1,2046,5.1316174
GLOBAL,S2D1,MINPETINT,1,2046,7.2578359
GLOBAL,S1D2,MINPETINT,1,2047,7.2578359
GLOBAL,S1D1,MINPETINT,1,2047,3.2947246
GLOBAL,S2D2,MINPETINT,1,2047,4.9820218
GLOBAL,S2D1,MINPETINT,1,2047,7.2578359
GLOBAL,S1D2,MINPETINT,1,2048,8.7208221
GLOBAL,S1D1,MINPETINT,1,2048,8.7208221
GLOBAL,S2D1,MINPETINT,1,2048,7.7641732
GLOBAL,S1D2,MINPETINT,1,2049,9.7639146
GLOBAL,S1D1,MINPETINT,1,2049,4.6518083
GLOBAL,S2D2,MINPETINT,1,2049,4.010278
GLOBAL,S2D1,MINPETINT,1,2049,9.7639146
GLOBAL,S1D2,MINPETINT,1,2050,9.7639146
GLOBAL,S1D1,MINPETINT,1,2050,5.0663703
GLOBAL,S2D2,MINPETINT,1,2050,8.4280493
GLOBAL,S2D1,MINPETINT,1,2050,7.972998
GLOBAL,S2D1,LNDAGRFJIC01,23,2021,1.7474311
GLOBAL,S2D1,LNDAGRFJIC01,23,2022,1.7247059
GLOBAL,S1D2,LNDAGRFJIC01,23,2023,0.12120021
GLOBAL,S1D2,LNDAGRFJIC01,23,2024,0.091137389
GLOBAL,S1D2,LNDAGRFJIC01,23,2025,0.06107501
GLOBAL,S1D2,LNDAGRFJIC01,23,2026,0.038409284
GLOBAL,S1D2,LNDAGRFJIC01,23,2027,0.015743997
GLOBAL,S2D1,LNDAGRFJIC01,23,2041,1.4593815
GLOBAL,S1D1,LNDAGRFJIC02,23,2021,35.135942
GLOBAL,S2D1,LNDAGRFJIC02,23,2022,34.550575
GLOBAL,S2D1,LNDAGRFJIC02,23,2023,34.550575
GLOBAL,S2D1,LNDAGRFJIC02,23,2024,34.550575
GLOBAL,S2D1,LNDAGRFJIC02,23,2025,34.550575
GLOBAL,S2D1,LNDAGRFJIC02,23,2026,34.550575
GLOBAL,S2D1,LNDAGRFJIC02,23,2027,34.550575
GLOBAL,S2D1,LNDAGRFJIC02,23,2028,34.54377
GLOBAL,S2D1,LNDAGRFJIC02,23,2029,34.521482
GLOBAL,S2D1,LNDAGRFJIC02,23,2030,34.499194
GLOBAL,S2D1,LNDAGRFJIC02,23,2031,34.483979
GLOBAL,S2D1,LNDAGRFJIC02,23,2032,34.468727
GLOBAL,S2D1,LNDAGRFJIC02,23,2033,34.453476
GLOBAL,S1D1,LNDAGRFJIC02,23,2034,35.021688
GLOBAL,S2D1,LNDAGRFJIC02,23,2035,34.423009
GLOBAL,S2D2,LNDAGRFJIC02,23,2036,34.416171
GLOBAL,S2D1,LNDAGRFJIC02,23,2037,34.409332
GLOBAL,S2D1,LNDAGRFJIC02,23,2038,34.402493
GLOBAL,S2D1,LNDAGRFJIC02,23,2039,34.397206
GLOBAL,S1D1,LNDAGRFJIC02,23,2040,34.971479
GLOBAL,S2D1,LNDAGRFJIC02,23,2041,34.550575
GLOBAL,S2D1,LNDAGRFJIC02,23,2042,34.390974
GLOBAL,S2D1,LNDAGRFJIC02,23,2043,34.392034
GLOBAL,S2D1,LNDAGRFJIC02,23,2044,34.393059
GLOBAL,S2D1,LNDAGRFJIC02,23,2045,34.39412
GLOBAL,S2D1,LNDAGRFJIC02,23,2046,34.401353
GLOBAL,S2D1,LNDAGRFJIC02,23,2047,34.408585
GLOBAL,S2D1,LNDAGRFJIC02,23,2048,34.415817
GLOBAL,S2D1,LNDAGRFJIC02,23,2049,34.423049
GLOBAL,S2D1,LNDAGRFJIC02,23,2050,34.550575
GLOBAL,S2D2,LNDAGRFJIC03,23,2021,24.357001
GLOBAL,S2D1,LNDAGRFJIC03,23,2022,24.357001
GLOBAL,S2D1,LNDAGRFJIC03,23,2023,24.357001
GLOBAL,S2D1,LNDAGRFJIC03,23,2024,24.357001
GLOBAL,S2D1,LNDAGRFJIC03,23,2025,24.357001
GLOBAL,S2D1,LNDAGRFJIC03,23,2026,24.357001
GLOBAL,S2D1,LNDAGRFJIC03,23,2027,24.357001
GLOBAL,S2D1,LNDAGRFJIC03,23,2028,24.357001
GLOBAL,S2D1,LNDAGRFJIC03,23,2029,24.357001
GLOBAL,S2D1,LNDAGRFJIC03,23,2030,24.357001
GLOBAL,S2D1,LNDAGRFJIC03,23,2031,24.357001
GLOBAL,S2D1,LNDAGRFJIC03,23,2032,24.357001
GLOBAL,S2D1,LNDAGRFJIC03,23,2033,24.357001
GLOBAL,S1D1,LNDAGRFJIC03,23,2034,24.769665
GLOBAL,S2D1,LNDAGRFJIC03,23,2035,24.357001
GLOBAL,S2D2,LNDAGRFJIC03,23,2036,24.357001
GLOBAL,S2D1,LNDAGRFJIC03,23,2037,24.357001
GLOBAL,S2D1,LNDAGRFJIC03,23,2038,24.357001
GLOBAL,S2D1,LNDAGRFJIC03,23,2039,24.345419
GLOBAL,S1D1,LNDAGRFJIC03,23,2040,24.769665
GLOBAL,S2D1,LNDAGRFJIC03,23,2041,24.357001
GLOBAL,S2D1,LNDAGRFJIC03,23,2042,24.357001
GLOBAL,S2D1,LNDAGRFJIC03,23,2043,24.357001
GLOBAL,S2D1,LNDAGRFJIC03,23,2044,24.357001
GLOBAL,S2D1,LNDAGRFJIC03,23,2045,24.357001
GLOBAL,S2D1,LNDAGRFJIC03,23,2046,24.357001
GLOBAL,S2D1,LNDAGRFJIC03,23,2047,24.357001
GLOBAL,S2D1,LNDAGRFJIC03,23,2048,24.357001
GLOBAL,S2D1,LNDAGRFJIC03,23,2049,24.357001
GLOBAL,S2D1,LNDAGRFJIC03,23,2050,24.236671
GLOBAL,S2D1,LNDAGRFJIC04,23,2021,4.6325445
GLOBAL,S2D1,LNDAGRFJIC04,23,2022,4.6239192
GLOBAL,S2D1,LNDAGRFJIC04,23,2023,6.1980571
GLOBAL,S2D1,LNDAGRFJIC04,23,2024,6.1962681
GLOBAL,S2D1,LNDAGRFJIC04,23,2025,6.1944792
GLOBAL,S2D1,LNDAGRFJIC04,23,2026,6.1931313
GLOBAL,S2D1,LNDAGRFJIC04,23,2027,6.1917834
GLOBAL,S2D1,LNDAGRFJIC04,23,2028,6.1904354
GLOBAL,S2D1,LNDAGRFJIC04,23,2029,6.189088
GLOBAL,S2D1,LNDAGRFJIC04,23,2030,6.18774
GLOBAL,S2D1,LNDAGRFJIC04,23,2031,6.1868179
GLOBAL,S2D1,LNDAGRFJIC04,23,2032,6.1858958
GLOBAL,S2D1,LNDAGRFJIC04,23,2033,6.1849737
GLOBAL,S1D1,LNDAGRFJIC04,23,2034,6.2888237
GLOBAL,S2D1,LNDAGRFJIC04,23,2035,6.1831299
GLOBAL,S2D2,LNDAGRFJIC04,23,2036,6.1827167
GLOBAL,S2D1,LNDAGRFJIC04,23,2037,6.1823032
GLOBAL,S2D1,LNDAGRFJIC04,23,2038,6.1818905
GLOBAL,S2D1,LNDAGRFJIC04,23,2039,6.1863341
GLOBAL,S1D2,LNDAGRFJIC04,23,2040,6.2857861
GLOBAL,S2D1,LNDAGRFJIC04,23,2041,4.5610851
GLOBAL,S2D1,LNDAGRFJIC04,23,2042,6.181192
GLOBAL,S2D1,LNDAGRFJIC04,23,2043,6.1812557
GLOBAL,S2D1,LNDAGRFJIC04,23,2044,6.1813199
GLOBAL,S2D1,LNDAGRFJIC04,23,2045,6.181384
GLOBAL,S2D1,LNDAGRFJIC04,23,2046,6.1818204
GLOBAL,S2D1,LNDAGRFJIC04,23,2047,6.1822576
GLOBAL,S2D1,LNDAGRFJIC04,23,2048,6.1826948
GLOBAL,S2D1,LNDAGRFJIC04,23,2049,6.183132
GLOBAL,S2D1,LNDAGRFJIC04,23,2050,6.1835692
GLOBAL,S1D2,PWRBIOFJIXX01,1,2021,2.1980592
GLOBAL,S1D2,PWRBIOFJIXX01,1,2023,1.0765551
GLOBAL,S1D2,PWRBIOFJIXX01,1,2024,1.1572328
GLOBAL,S1D2,PWRBIOFJIXX01,1,2025,1.2278257
GLOBAL,S1D2,PWRBIOFJIXX01,1,2026,1.3790964
GLOBAL,S1D2,PWRBIOFJIXX01,1,2027,1.5303671
GLOBAL,S1D2,PWRBIOFJIXX01,1,2028,1.6666317
GLOBAL,S1D2,PWRBIOFJIXX01,1,2029,1.3822428
GLOBAL,S1D2,PWRBIOFJIXX01,1,2030,1.2675236
GLOBAL,S1D2,PWRBIOFJIXX01,1,2031,0.79450584
GLOBAL,S1D2,PWRBIOFJIXX01,1,2032,0.31536
GLOBAL,S1D2,PWRBIOFJIXX01,1,2033,0.31536
GLOBAL,S1D2,PWRBIOFJIXX01,1,2034,0.36999364
GLOBAL,S1D2,PWRBIOFJIXX01,1,2035,0.39598044
GLOBAL,S1D2,PWRBIOFJIXX01,1,2036,0.80923886
GLOBAL,S1D2,PWRBIOFJIXX01,1,2037,1.0476863
GLOBAL,S1D2,PWRBIOFJIXX01,1,2038,0.96072429
GLOBAL,S1D2,PWRBIOFJIXX01,1,2039,1.2201362
GLOBAL,S1D2,PWRBIOFJIXX01,1,2040,1.7807188
GLOBAL,S1D2,PWRBIOFJIXX01,1,2041,2.2795184
GLOBAL,S1D2,PWRBIOFJIXX01,1,2042,2.1632661
GLOBAL,S1D2,PWRBIOFJIXX01,1,2043,2.6522593
GLOBAL,S1D2,PWRBIOFJIXX01,1,2044,3.2000371
GLOBAL,S1D2,PWRBIOFJIXX01,1,2045,3.7207994
GLOBAL,S1D2,PWRBIOFJIXX01,1,2046,3.8229867
GLOBAL,S1D2,PWRBIOFJIXX01,1,2047,3.90404
GLOBAL,S1D2,PWRBIOFJIXX01,1,2048,2.3474788
GLOBAL,S1D2,PWRBIOFJIXX01,1,2049,3.5892957
GLOBAL,S1D2,PWRBIOFJIXX01,1,2050,3.9883076
GLOBAL,S1D2,PWRHYDFJIXX01,1,2021,1.1803192
GLOBAL,S1D2,PWRHYDFJIXX01,1,2022,2.3852916
GLOBAL,S1D2,PWRHYDFJIXX01,1,2023,2.3852916
GLOBAL,S1D2,PWRHYDFJIXX01,1,2024,2.3852916
GLOBAL,S1D2,PWRHYDFJIXX01,1,2025,2.3852916
GLOBAL,S1D2,PWRHYDFJIXX01,1,2026,2.3852916
GLOBAL,S1D2,PWRHYDFJIXX01,1,2027,2.3852916
GLOBAL,S1D2,PWRHYDFJIXX01,1,2028,2.3852916
GLOBAL,S1D2,PWRHYDFJIXX01,1,2029,2.3852916
GLOBAL,S1D2,PWRHYDFJIXX01,1,2030,2.3852916
GLOBAL,S1D2,PWRHYDFJIXX01,1,2031,2.3852916
GLOBAL,S1D2,PWRHYDFJIXX01,1,2032,2.3852916
GLOBAL,S1D2,PWRHYDFJIXX01,1,2033,1.0927796
GLOBAL,S1D2,PWRHYDFJIXX01,1,2034,2.3852916
GLOBAL,S1D2,PWRHYDFJIXX01,1,2035,1.0547126
GLOBAL,S1D2,PWRHYDFJIXX01,1,2036,2.2758666
GLOBAL,S1D2,PWRHYDFJIXX01,1,2037,1.0547126
GLOBAL,S1D2,PWRHYDFJIXX01,1,2038,1.0547126
GLOBAL,S1D2,PWRHYDFJIXX01,1,2039,1.0547126
GLOBAL,S1D2,PWRHYDFJIXX01,1,2040,1.145019
GLOBAL,S1D2,PWRHYDFJIXX01,1,2041,1.0547126
GLOBAL,S1D2,PWRHYDFJIXX01,1,2042,1.0547126
GLOBAL,S1D2,PWRHYDFJIXX01,1,2043,1.0547126
GLOBAL,S1D2,PWRHYDFJIXX01,1,2044,1.0547126
GLOBAL,S1D2,PWRHYDFJIXX01,1,2045,1.0547126
GLOBAL,S1D2,PWRHYDFJIXX01,1,2046,1.0547126
GLOBAL,S1D2,PWRHYDFJIXX01,1,2047,1.0547126
GLOBAL,S1D2,PWRHYDFJIXX01,1,2048,2.3852916
GLOBAL,S1D2,PWRHYDFJIXX01,1,2049,1.0547126
GLOBAL,S1D2,PWRHYDFJIXX01,1,2050,1.0547126
GLOBAL,S1D2,PWROILFJIXX01,2,2022,1.0737645
GLOBAL,S1D2,PWROILFJIXX01,2,2028,0.015006064
GLOBAL,S1D2,PWROILFJIXX01,2,2029,0.4506656
GLOBAL,S1D2,PWROILFJIXX01,2,2030,0.71665554
GLOBAL,S1D2,PWROILFJIXX01,2,2031,1.220128
GLOBAL,S1D2,PWROILFJIXX01,2,2032,0.1291304
GLOBAL,S1D2,PWROILFJIXX01,2,2033,1.3797349
GLOBAL,S1D2,PWROILFJIXX01,2,2034,0.047780396
GLOBAL,S1D2,PWROILFJIXX01,2,2035,1.513728
GLOBAL,S1D2,PWROILFJIXX01,2,2036,0.070925114
GLOBAL,S1D2,PWROILFJIXX01,2,2037,1.2452412
GLOBAL,S1D2,PWROILFJIXX01,2,2038,1.513728
GLOBAL,S1D2,PWROILFJIXX01,2,2039,1.513728
GLOBAL,S1D2,PWROILFJIXX01,2,2040,0.77071006
GLOBAL,S1D2,PWROILFJIXX01,2,2041,0.58408058
GLOBAL,S1D2,PWROILFJIXX01,2,2042,0.91211179
GLOBAL,S1D2,PWROILFJIXX01,2,2043,0.63489752
GLOBAL,S1D2,PWROILFJIXX01,2,2044,0.30898336
GLOBAL,S1D2,PWRPETFJIXX01,2,2031,0.13090064
GLOBAL,S1D2,PWRPETFJIXX01,2,2032,1.8623995
GLOBAL,S1D2,PWRPETFJIXX01,2,2033,2.0757472
GLOBAL,S1D2,PWRPETFJIXX01,2,2034,2.2219113
GLOBAL,S1D2,PWRPETFJIXX01,2,2035,2.2219113
GLOBAL,S1D2,PWRPETFJIXX01,2,2036,2.2219113
GLOBAL,S1D2,PWRPETFJIXX01,2,2037,2.2219113
GLOBAL,S1D2,PWRPETFJIXX01,2,2038,2.2219113
GLOBAL,S1D2,PWRPETFJIXX01,2,2039,2.2219113
GLOBAL,S1D2,PWRPETFJIXX01,2,2040,2.2219113
GLOBAL,S1D2,PWRPETFJIXX01,2,2041,2.2219113
GLOBAL,S1D2,PWRPETFJIXX01,2,2042,2.2219113
GLOBAL,S1D2,PWRPETFJIXX01,2,2043,2.2219113
GLOBAL,S1D2,PWRPETFJIXX01,2,2044,2.2219113
GLOBAL,S1D2,PWRPETFJIXX01,2,2045,2.2219113
GLOBAL,S1D2,PWRPETFJIXX01,2,2046,2.3718418
GLOBAL,S1D2,PWRPETFJIXX01,2,2047,2.3718418
GLOBAL,S1D2,PWRPETFJIXX01,2,2048,2.8499419
GLOBAL,S1D2,PWRPETFJIXX01,2,2049,3.1908218
GLOBAL,S1D2,PWRPETFJIXX01,2,2050,3.1908218
GLOBAL,S1D2,PWRSPVFJIXX01,1,2040,0.27365372
GLOBAL,S1D2,PWRSPVFJIXX01,1,2041,0.27365372
GLOBAL,S1D2,PWRSPVFJIXX01,1,2042,0.27365372
GLOBAL,S1D2,PWRSPVFJIXX01,1,2043,0.27365372
GLOBAL,S1D2,PWRSPVFJIXX01,1,2044,0.27365372
GLOBAL,S1D2,PWRSPVFJIXX01,1,2045,0.27365372
GLOBAL,S1D2,PWRSPVFJIXX01,1,2046,0.27365372
GLOBAL,S1D2,PWRSPVFJIXX01,1,2047,0.45480291
GLOBAL,S1D2,PWRSPVFJIXX01,1,2048,0.45480291
GLOBAL,S1D2,PWRSPVFJIXX01,1,2049,0.45480291
GLOBAL,S1D2,PWRSPVFJIXX01,1,2050,0.30790877
GLOBAL,S1D2,PWRTRNFJIXX,1,2021,3.3783784
GLOBAL,S1D2,PWRTRNFJIXX,1,2022,3.4590561
GLOBAL,S1D2,PWRTRNFJIXX,1,2023,3.5296491
GLOBAL,S1D2,PWRTRNFJIXX,1,2024,3.6103267
GLOBAL,S1D2,PWRTRNFJIXX,1,2025,3.6809197
GLOBAL,S1D2,PWRTRNFJIXX,1,2026,3.8321904
GLOBAL,S1D2,PWRTRNFJIXX,1,2027,3.9834611
GLOBAL,S1D2,PWRTRNFJIXX,1,2028,4.1347317
GLOBAL,S1D2,PWRTRNFJIXX,1,2029,4.2860024
GLOBAL,S1D2,PWRTRNFJIXX,1,2030,4.4372731
GLOBAL,S1D2,PWRTRNFJIXX,1,2031,4.5986285
GLOBAL,S1D2,PWRTRNFJIXX,1,2032,4.7599839
GLOBAL,S1D2,PWRTRNFJIXX,1,2033,4.931424
GLOBAL,S1D2,PWRTRNFJIXX,1,2034,5.0927793
GLOBAL,S1D2,PWRTRNFJIXX,1,2035,5.2541347
GLOBAL,S1D2,PWRTRNFJIXX,1,2036,5.4457443
GLOBAL,S1D2,PWRTRNFJIXX,1,2037,5.6373538
GLOBAL,S1D2,PWRTRNFJIXX,1,2038,5.8188786
GLOBAL,S1D2,PWRTRNFJIXX,1,2039,6.0104881
GLOBAL,S1D2,PWRTRNFJIXX,1,2040,6.1920129
GLOBAL,S1D2,PWRTRNFJIXX,1,2041,6.4138766
GLOBAL,S1D2,PWRTRNFJIXX,1,2042,6.6256555
GLOBAL,S1D2,PWRTRNFJIXX,1,2043,6.8374344
GLOBAL,S1D2,PWRTRNFJIXX,1,2044,7.0592981
GLOBAL,S1D2,PWRTRNFJIXX,1,2045,7.271077
GLOBAL,S1D2,PWRTRNFJIXX,1,2046,7.5231948
GLOBAL,S1D2,PWRTRNFJIXX,1,2047,7.7853973
GLOBAL,S1D2,PWRTRNFJIXX,1,2048,8.0375151
GLOBAL,S1D2,PWRTRNFJIXX,1,2049,8.2896329
GLOBAL,S1D2,PWRTRNFJIXX,1,2050,8.5417507
GLOBAL,S1D2,PWRWONFJIXX01,1,2023,0.0678024
GLOBAL,S1D2,PWRWONFJIXX01,1,2024,0.0678024
GLOBAL,S1D2,PWRWONFJIXX01,1,2025,0.0678024
GLOBAL,S1D2,PWRWONFJIXX01,1,2026,0.0678024
GLOBAL,S1D2,PWRWONFJIXX01,1,2027,0.0678024
GLOBAL,S1D2,PWRWONFJIXX01,1,2028,0.0678024
GLOBAL,S1D2,PWRWONFJIXX01,1,2029,0.0678024
GLOBAL,S1D2,PWRWONFJIXX01,1,2030,0.0678024
GLOBAL,S1D2,PWRWONFJIXX01,1,2031,0.0678024
GLOBAL,S1D2,PWRWONFJIXX01,1,2032,0.0678024
GLOBAL,S1D2,PWRWONFJIXX01,1,2033,0.0678024
GLOBAL,S1D2,PWRWONFJIXX01,1,2034,0.0678024
GLOBAL,S1D2,PWRWONFJIXX01,1,2035,0.0678024
GLOBAL,S1D2,PWRWONFJIXX01,1,2036,0.0678024
GLOBAL,S1D2,PWRWONFJIXX01,1,2037,0.0678024
GLOBAL,S1D2,PWRWONFJIXX01,1,2038,0.0678024
GLOBAL,S1D2,RNWBIOFJIXX,1,2021,8.3965861
GLOBAL,S1D2,RNWBIOFJIXX,1,2023,4.1124404
GLOBAL,S1D2,RNWBIOFJIXX,1,2024,4.4206291
GLOBAL,S1D2,RNWBIOFJIXX,1,2025,4.6902943
GLOBAL,S1D2,RNWBIOFJIXX,1,2026,5.2681483
GLOBAL,S1D2,RNWBIOFJIXX,1,2027,5.8460023
GLOBAL,S1D2,RNWBIOFJIXX,1,2028,6.3665331
GLOBAL,S1D2,RNWBIOFJIXX,1,2029,5.2801676
GLOBAL,S1D2,RNWBIOFJIXX,1,2030,4.84194
GLOBAL,S1D2,RNWBIOFJIXX,1,2031,3.0350123
GLOBAL,S1D2,RNWBIOFJIXX,1,2032,1.2046752
GLOBAL,S1D2,RNWBIOFJIXX,1,2033,1.2046752
GLOBAL,S1D2,RNWBIOFJIXX,1,2034,1.4133757
GLOBAL,S1D2,RNWBIOFJIXX,1,2035,1.5126453
GLOBAL,S1D2,RNWBIOFJIXX,1,2036,3.0912924
GLOBAL,S1D2,RNWBIOFJIXX,1,2037,4.0021615
GLOBAL,S1D2,RNWBIOFJIXX,1,2038,3.6699668
GLOBAL,S1D2,RNWBIOFJIXX,1,2039,4.6609203
GLOBAL,S1D2,RNWBIOFJIXX,1,2040,6.8023458
GLOBAL,S1D2,RNWBIOFJIXX,1,2041,8.7077602
GLOBAL,S1D2,RNWBIOFJIXX,1,2042,8.2636765
GLOBAL,S1D2,RNWBIOFJIXX,1,2043,10.131631
GLOBAL,S1D2,RNWBIOFJIXX,1,2044,12.224142
GLOBAL,S1D2,RNWBIOFJIXX,1,2045,14.213454
GLOBAL,S1D2,RNWBIOFJIXX,1,2046,14.603809
GLOBAL,S1D2,RNWBIOFJIXX,1,2047,14.913433
GLOBAL,S1D2,RNWBIOFJIXX,1,2048,8.9673689
GLOBAL,S1D2,RNWBIOFJIXX,1,2049,13.711109
GLOBAL,S1D2,RNWBIOFJIXX,1,2050,15.235335
GLOBAL,S1D2,RNWHYDFJIXX,1,2021,1.1803192
GLOBAL,S1D2,RNWHYDFJIXX,1,2022,2.3852916
GLOBAL,S1D2,RNWHYDFJIXX,1,2023,2.3852916
GLOBAL,S1D2,RNWHYDFJIXX,1,2024,2.3852916
GLOBAL,S1D2,RNWHYDFJIXX,1,2025,2.3852916
GLOBAL,S1D2,RNWHYDFJIXX,1,2026,2.3852916
GLOBAL,S1D2,RNWHYDFJIXX,1,2027,2.3852916
GLOBAL,S1D2,RNWHYDFJIXX,1,2028,2.3852916
GLOBAL,S1D2,RNWHYDFJIXX,1,2029,2.3852916
GLOBAL,S1D2,RNWHYDFJIXX,1,2030,2.3852916
GLOBAL,S1D2,RNWHYDFJIXX,1,2031,2.3852916
GLOBAL,S1D2,RNWHYDFJIXX,1,2032,2.3852916
GLOBAL,S1D2,RNWHYDFJIXX,1,2033,1.0927796
GLOBAL,S1D2,RNWHYDFJIXX,1,2034,2.3852916
GLOBAL,S1D2,RNWHYDFJIXX,1,2035,1.0547126
GLOBAL,S1D2,RNWHYDFJIXX,1,2036,2.2758666
GLOBAL,S1D2,RNWHYDFJIXX,1,2037,1.0547126
GLOBAL,S1D2,RNWHYDFJIXX,1,2038,1.0547126
GLOBAL,S1D2,RNWHYDFJIXX,1,2039,1.0547126
GLOBAL,S1D2,RNWHYDFJIXX,1,2040,1.145019
GLOBAL,S1D2,RNWHYDFJIXX,1,2041,1.0547126
GLOBAL,S1D2,RNWHYDFJIXX,1,2042,1.0547126
GLOBAL,S1D2,RNWHYDFJIXX,1,2043,1.0547126
GLOBAL,S1D2,RNWHYDFJIXX,1,2044,1.0547126
GLOBAL,S1D2,RNWHYDFJIXX,1,2045,1.0547126
GLOBAL,S1D2,RNWHYDFJIXX,1,2046,1.0547126
GLOBAL,S1D2,RNWHYDFJIXX,1,2047,1.0547126
GLOBAL,S1D2,RNWHYDFJIXX,1,2048,2.3852916
GLOBAL,S1D2,RNWHYDFJIXX,1,2049,1.0547126
GLOBAL,S1D2,RNWHYDFJIXX,1,2050,1.0547126
GLOBAL,S1D2,RNWSPVFJIXX,1,2040,0.27365372
GLOBAL,S1D2,RNWSPVFJIXX,1,2041,0.27365372
GLOBAL,S1D2,RNWSPVFJIXX,1,2042,0.27365372
GLOBAL,S1D2,RNWSPVFJIXX,1,2043,0.27365372
GLOBAL,S1D2,RNWSPVFJIXX,1,2044,0.27365372
GLOBAL,S1D2,RNWSPVFJIXX,1,2045,0.27365372
GLOBAL,S1D2,RNWSPVFJIXX,1,2046,0.27365372
GLOBAL,S1D2,RNWSPVFJIXX,1,2047,0.45480291
GLOBAL,S1D2,RNWSPVFJIXX,1,2048,0.45480291
GLOBAL,S1D2,RNWSPVFJIXX,1,2049,0.45480291
GLOBAL,S1D2,RNWSPVFJIXX,1,2050,0.30790877
GLOBAL,S1D2,RNWWONFJIXX,1,2023,0.0678024
GLOBAL,S1D2,RNWWONFJIXX,1,2024,0.0678024
GLOBAL,S1D2,RNWWONFJIXX,1,2025,0.0678024
GLOBAL,S1D2,RNWWONFJIXX,1,2026,0.0678024
GLOBAL,S1D2,RNWWONFJIXX,1,2027,0.0678024
GLOBAL,S1D2,RNWWONFJIXX,1,2028,0.0678024
GLOBAL,S1D2,RNWWONFJIXX,1,2029,0.0678024
GLOBAL,S1D2,RNWWONFJIXX,1,2030,0.0678024
GLOBAL,S1D2,RNWWONFJIXX,1,2031,0.0678024
GLOBAL,S1D2,RNWWONFJIXX,1,2032,0.0678024
GLOBAL,S1D2,RNWWONFJIXX,1,2033,0.0678024
GLOBAL,S1D2,RNWWONFJIXX,1,2034,0.0678024
GLOBAL,S1D2,RNWWONFJIXX,1,2035,0.0678024
GLOBAL,S1D2,RNWWONFJIXX,1,2036,0.0678024
GLOBAL,S1D2,RNWWONFJIXX,1,2037,0.0678024
GLOBAL,S1D2,RNWWONFJIXX,1,2038,0.0678024
GLOBAL,S1D2,MINLNDTOT,1,2021,1.8139082
GLOBAL,S1D2,MINLNDTOT,1,2022,1.8218116
GLOBAL,S1D2,MINLNDTOT,1,2023,1.9509245
GLOBAL,S1D2,MINLNDTOT,1,2024,1.9287652
GLOBAL,S1D2,MINLNDTOT,1,2025,1.9066063
GLOBAL,S1D2,MINLNDTOT,1,2026,1.8898992
GLOBAL,S1D2,MINLNDTOT,1,2027,1.8731925
GLOBAL,S1D2,MINLNDTOT,1,2028,1.8634069
GLOBAL,S1D2,MINLNDTOT,1,2029,1.8693653
GLOBAL,S1D2,MINLNDTOT,1,2030,1.875324
GLOBAL,S1D2,MINLNDTOT,1,2031,1.8793921
GLOBAL,S1D2,MINLNDTOT,1,2032,1.8834695
GLOBAL,S1D2,MINLNDTOT,1,2033,1.8875469
GLOBAL,S1D2,MINLNDTOT,1,2034,1.8916241
GLOBAL,S1D2,MINLNDTOT,1,2035,1.8956923
GLOBAL,S1D2,MINLNDTOT,1,2036,1.8975204
GLOBAL,S1D2,MINLNDTOT,1,2037,1.8993487
GLOBAL,S1D2,MINLNDTOT,1,2038,1.9011768
GLOBAL,S1D2,MINLNDTOT,1,2039,1.9127275
GLOBAL,S1D2,MINLNDTOT,1,2040,8.1906102
GLOBAL,S1D2,MINLNDTOT,1,2041,1.9045404
GLOBAL,S1D2,MINLNDTOT,1,2042,1.904257
GLOBAL,S1D2,MINLNDTOT,1,2043,1.9039736
GLOBAL,S1D2,MINLNDTOT,1,2044,1.9036991
GLOBAL,S1D2,MINLNDTOT,1,2045,1.9034154
GLOBAL,S1D2,MINLNDTOT,1,2046,1.9014821
GLOBAL,S1D2,MINLNDTOT,1,2047,1.8995487
GLOBAL,S1D2,MINLNDTOT,1,2048,1.9019028
GLOBAL,S1D2,MINLNDTOT,1,2049,1.8978255
GLOBAL,S1D2,MINLNDTOT,1,2050,1.8937574
GLOBAL,S1D2,MINPRCFJI,1,2021,4.8354714
GLOBAL,S1D2,MINPRCFJI,1,2022,4.8565401
GLOBAL,S1D2,MINPRCFJI,1,2023,5.2048742
GLOBAL,S1D2,MINPRCFJI,1,2024,5.1447736
GLOBAL,S1D2,MINPRCFJI,1,2025,5.0846739
GLOBAL,S1D2,MINPRCFJI,1,2026,5.0393609
GLOBAL,S1D2,MINPRCFJI,1,2027,4.9940488
GLOBAL,S1D2,MINPRCFJI,1,2028,4.9674239
GLOBAL,S1D2,MINPRCFJI,1,2029,4.9833079
GLOBAL,S1D2,MINPRCFJI,1,2030,4.9991923
GLOBAL,S1D2,MINPRCFJI,1,2031,5.0100369
GLOBAL,S1D2,MINPRCFJI,1,2032,5.0209062
GLOBAL,S1D2,MINPRCFJI,1,2033,5.0120268
GLOBAL,S1D2,MINPRCFJI,1,2034,5.0426447
GLOBAL,S1D2,MINPRCFJI,1,2035,5.0534893
GLOBAL,S1D2,MINPRCFJI,1,2036,5.0583628
GLOBAL,S1D2,MINPRCFJI,1,2037,5.0632367
GLOBAL,S1D2,MINPRCFJI,1,2038,5.0681102
GLOBAL,S1D2,MINPRCFJI,1,2039,5.0989016
GLOBAL,S1D2,MINPRCFJI,1,2040,18.277984
GLOBAL,S1D2,MINPRCFJI,1,2041,5.0770766
GLOBAL,S1D2,MINPRCFJI,1,2042,5.076321
GLOBAL,S1D2,MINPRCFJI,1,2043,5.0755655
GLOBAL,S1D2,MINPRCFJI,1,2044,5.074834
GLOBAL,S1D2,MINPRCFJI,1,2045,5.0740777
GLOBAL,S1D2,MINPRCFJI,1,2046,5.0385737
GLOBAL,S1D2,MINPRCFJI,1,2047,5.0348905
GLOBAL,S1D2,MINPRCFJI,1,2048,5.0700453
GLOBAL,S1D2,MINPRCFJI,1,2049,5.0332389
GLOBAL,S1D2,MINPRCFJI,1,2050,5.0483316
GLOBAL,S1D2,LNDCONHRTOT,1,2021,0.044243878
GLOBAL,S1D2,LNDCONHRTOT,1,2022,0.044436735
GLOBAL,S1D2,LNDCONHRTOT,1,2023,0.044629592
GLOBAL,S1D2,LNDCONHRTOT,1,2024,0.044822449
GLOBAL,S1D2,LNDCONHRTOT,1,2025,0.045015306
GLOBAL,S1D2,LNDCONHRTOT,1,2026,0.045160612
GLOBAL,S1D2,LNDCONHRTOT,1,2027,0.045305918
GLOBAL,S1D2,LNDCONHRTOT,1,2028,0.045451224
GLOBAL,S1D2,LNDCONHRTOT,1,2029,0.045596531
GLOBAL,S1D2,LNDCONHRTOT,1,2030,0.045741837
GLOBAL,S1D2,LNDCONHRTOT,1,2031,0.045841224
GLOBAL,S1D2,LNDCONHRTOT,1,2032,0.045940612
GLOBAL,S1D2,LNDCONHRTOT,1,2033,0.04604
GLOBAL,S1D2,LNDCONHRTOT,1,2034,0.046139388
GLOBAL,S1D2,LNDCONHRTOT,1,2035,0.046238776
GLOBAL,S1D2,LNDCONHRTOT,1,2036,0.046283265
GLOBAL,S1D2,LNDCONHRTOT,1,2037,0.046327959
GLOBAL,S1D2,LNDCONHRTOT,1,2038,0.046372449
GLOBAL,S1D2,LNDCONHRTOT,1,2039,0.046654286
GLOBAL,S1D2,LNDCONHRTOT,1,2040,0.046461429
GLOBAL,S1D2,LNDCONHRTOT,1,2041,0.04645449
GLOBAL,S1D2,LNDCONHRTOT,1,2042,0.046447755
GLOBAL,S1D2,LNDCONHRTOT,1,2043,0.046440816
GLOBAL,S1D2,LNDCONHRTOT,1,2044,0.046433878
GLOBAL,S1D2,LNDCONHRTOT,1,2045,0.046426939
GLOBAL,S1D2,LNDCONHRTOT,1,2046,0.04638
GLOBAL,S1D2,LNDCONHRTOT,1,2047,0.046332857
GLOBAL,S1D2,LNDCONHRTOT,1,2048,0.046390204
GLOBAL,S1D2,LNDCONHRTOT,1,2049,0.046290816
GLOBAL,S1D2,LNDCONHRTOT,1,2050,0.046191429
GLOBAL,S1D2,LNDCASHRTOT,1,2021,0.073357143
GLOBAL,S1D2,LNDCASHRTOT,1,2022,0.073676939
GLOBAL,S1D2,LNDCASHRTOT,1,2023,0.073996633
GLOBAL,S1D2,LNDCASHRTOT,1,2024,0.074316429
GLOBAL,S1D2,LNDCASHRTOT,1,2025,0.074636224
GLOBAL,S1D2,LNDCASHRTOT,1,2026,0.074877143
GLOBAL,S1D2,LNDCASHRTOT,1,2027,0.075118061
GLOBAL,S1D2,LNDCASHRTOT,1,2028,0.075358878
GLOBAL,S1D2,LNDCASHRTOT,1,2029,0.075599796
GLOBAL,S1D2,LNDCASHRTOT,1,2030,0.075840714
GLOBAL,S1D2,LNDCASHRTOT,1,2031,0.07600551
GLOBAL,S1D2,LNDCASHRTOT,1,2032,0.076170408
GLOBAL,S1D2,LNDCASHRTOT,1,2033,0.076335204
GLOBAL,S1D2,LNDCASHRTOT,1,2034,0.0765
GLOBAL,S1D2,LNDCASHRTOT,1,2035,0.076664796
GLOBAL,S1D2,LNDCASHRTOT,1,2036,0.076738571
GLOBAL,S1D2,LNDCASHRTOT,1,2037,0.076812449
GLOBAL,S1D2,LNDCASHRTOT,1,2038,0.076886224
GLOBAL,S1D2,LNDCASHRTOT,1,2039,0.077353673
GLOBAL,S1D2,LNDCASHRTOT,1,2040,0.077033878
GLOBAL,S1D2,LNDCASHRTOT,1,2041,0.077022449
GLOBAL,S1D2,LNDCASHRTOT,1,2042,0.07701102
GLOBAL,S1D2,LNDCASHRTOT,1,2043,0.076999694
GLOBAL,S1D2,LNDCASHRTOT,1,2044,0.076988265
GLOBAL,S1D2,LNDCASHRTOT,1,2045,0.076976837
GLOBAL,S1D2,LNDCASHRTOT,1,2046,0.076898673
GLOBAL,S1D2,LNDCASHRTOT,1,2047,0.076820612
GLOBAL,S1D2,LNDCASHRTOT,1,2048,0.076915816
GLOBAL,S1D2,LNDCASHRTOT,1,2049,0.07675102
GLOBAL,S1D2,LNDCASHRTOT,1,2050,0.076586224
GLOBAL,S1D2,LNDYAMHRTOT,1,2021,0.059223846
GLOBAL,S1D2,LNDYAMHRTOT,1,2022,0.059481978
GLOBAL,S1D2,LNDYAMHRTOT,1,2023,0.05974022
GLOBAL,S1D2,LNDYAMHRTOT,1,2024,0.059998352
GLOBAL,S1D2,LNDYAMHRTOT,1,2025,0.060256484
GLOBAL,S1D2,LNDYAMHRTOT,1,2026,0.060450989
GLOBAL,S1D2,LNDYAMHRTOT,1,2027,0.060645495
GLOBAL,S1D2,LNDYAMHRTOT,1,2028,0.06084
GLOBAL,S1D2,LNDYAMHRTOT,1,2029,0.061034396
GLOBAL,S1D2,LNDYAMHRTOT,1,2030,0.061228901
GLOBAL,S1D2,LNDYAMHRTOT,1,2031,0.061361978
GLOBAL,S1D2,LNDYAMHRTOT,1,2032,0.061495055
GLOBAL,S1D2,LNDYAMHRTOT,1,2033,0.061628132
GLOBAL,S1D2,LNDYAMHRTOT,1,2034,0.061761209
GLOBAL,S1D2,LNDYAMHRTOT,1,2035,0.061894176
GLOBAL,S1D2,LNDYAMHRTOT,1,2036,0.061953846
GLOBAL,S1D2,LNDYAMHRTOT,1,2037,0.062013407
GLOBAL,S1D2,LNDYAMHRTOT,1,2038,0.062072967
GLOBAL,S1D2,LNDYAMHRTOT,1,2039,0.06245033
GLOBAL,S1D2,LNDYAMHRTOT,1,2040,0.062192198
GLOBAL,S1D2,LNDYAMHRTOT,1,2041,0.062182967
GLOBAL,S1D2,LNDYAMHRTOT,1,2042,0.062173736
GLOBAL,S1D2,LNDYAMHRTOT,1,2043,0.062164615
GLOBAL,S1D2,LNDYAMHRTOT,1,2044,0.062155385
GLOBAL,S1D2,LNDYAMHRTOT,1,2045,0.062146154
GLOBAL,S1D2,LNDYAMHRTOT,1,2046,0.062083077
GLOBAL,S1D2,LNDYAMHRTOT,1,2047,0.06202
GLOBAL,S1D2,LNDYAMHRTOT,1,2048,0.062096813
GLOBAL,S1D2,LNDYAMHRTOT,1,2049,0.061963736
GLOBAL,S1D2,LNDYAMHRTOT,1,2050,0.061830769
GLOBAL,S1D2,LNDSGCHRTOT,1,2021,1.5690909
GLOBAL,S1D2,LNDSGCHRTOT,1,2022,1.5759273
GLOBAL,S1D2,LNDSGCHRTOT,1,2023,1.5827727
GLOBAL,S1D2,LNDSGCHRTOT,1,2024,1.5896091
GLOBAL,S1D2,LNDSGCHRTOT,1,2025,1.5964455
GLOBAL,S1D2,LNDSGCHRTOT,1,2026,1.6016
GLOBAL,S1D2,LNDSGCHRTOT,1,2027,1.6067545
GLOBAL,S1D2,LNDSGCHRTOT,1,2028,1.6119091
GLOBAL,S1D2,LNDSGCHRTOT,1,2029,1.6170636
GLOBAL,S1D2,LNDSGCHRTOT,1,2030,1.6222182
GLOBAL,S1D2,LNDSGCHRTOT,1,2031,1.6257364
GLOBAL,S1D2,LNDSGCHRTOT,1,2032,1.6292636
GLOBAL,S1D2,LNDSGCHRTOT,1,2033,1.6327909
GLOBAL,S1D2,LNDSGCHRTOT,1,2034,1.6363182
GLOBAL,S1D2,LNDSGCHRTOT,1,2035,1.6398364
GLOBAL,S1D2,LNDSGCHRTOT,1,2036,1.6414182
GLOBAL,S1D2,LNDSGCHRTOT,1,2037,1.643
GLOBAL,S1D2,LNDSGCHRTOT,1,2038,1.6445818
GLOBAL,S1D2,LNDSGCHRTOT,1,2039,1.6545727
GLOBAL,S1D2,LNDSGCHRTOT,1,2040,1.6477364
GLOBAL,S1D2,LNDSGCHRTOT,1,2041,1.6474909
GLOBAL,S1D2,LNDSGCHRTOT,1,2042,1.6472455
GLOBAL,S1D2,LNDSGCHRTOT,1,2043,1.647
GLOBAL,S1D2,LNDSGCHRTOT,1,2044,1.6467636
GLOBAL,S1D2,LNDSGCHRTOT,1,2045,1.6465182
GLOBAL,S1D2,LNDSGCHRTOT,1,2046,1.6448455
GLOBAL,S1D2,LNDSGCHRTOT,1,2047,1.6431727
GLOBAL,S1D2,LNDSGCHRTOT,1,2048,1.6452091
GLOBAL,S1D2,LNDSGCHRTOT,1,2049,1.6416818
GLOBAL,S1D2,LNDSGCHRTOT,1,2050,1.6381636
GLOBAL,S1D2,LNDOTHHRTOT,1,2021,0.067992391
GLOBAL,S1D2,LNDOTHHRTOT,1,2022,0.068288696
GLOBAL,S1D2,LNDOTHHRTOT,1,2023,0.068585109
GLOBAL,S1D2,LNDOTHHRTOT,1,2024,0.068881522
GLOBAL,S1D2,LNDOTHHRTOT,1,2025,0.069177826
GLOBAL,S1D2,LNDOTHHRTOT,1,2026,0.069401196
GLOBAL,S1D2,LNDOTHHRTOT,1,2027,0.069624457
GLOBAL,S1D2,LNDOTHHRTOT,1,2028,0.069847717
GLOBAL,S1D2,LNDOTHHRTOT,1,2029,0.070070978
GLOBAL,S1D2,LNDOTHHRTOT,1,2030,0.070294348
GLOBAL,S1D2,LNDOTHHRTOT,1,2031,0.070447065
GLOBAL,S1D2,LNDOTHHRTOT,1,2032,0.070599783
GLOBAL,S1D2,LNDOTHHRTOT,1,2033,0.070752609
GLOBAL,S1D2,LNDOTHHRTOT,1,2034,0.070905326
GLOBAL,S1D2,LNDOTHHRTOT,1,2035,0.071058152
GLOBAL,S1D2,LNDOTHHRTOT,1,2036,0.071126522
GLOBAL,S1D2,LNDOTHHRTOT,1,2037,0.071194891
GLOBAL,S1D2,LNDOTHHRTOT,1,2038,0.07126337
GLOBAL,S1D2,LNDOTHHRTOT,1,2039,0.071696522
GLOBAL,S1D2,LNDOTHHRTOT,1,2040,0.071400217
GLOBAL,S1D2,LNDOTHHRTOT,1,2041,0.071389565
GLOBAL,S1D2,LNDOTHHRTOT,1,2042,0.071379022
GLOBAL,S1D2,LNDOTHHRTOT,1,2043,0.071368478
GLOBAL,S1D2,LNDOTHHRTOT,1,2044,0.071357935
GLOBAL,S1D2,LNDOTHHRTOT,1,2045,0.071347283
GLOBAL,S1D2,LNDOTHHRTOT,1,2046,0.071274891
GLOBAL,S1D2,LNDOTHHRTOT,1,2047,0.0712025
GLOBAL,S1D2,LNDOTHHRTOT,1,2048,0.07129087
GLOBAL,S1D2,LNDOTHHRTOT,1,2049,0.071138152
GLOBAL,S1D2,LNDOTHHRTOT,1,2050,0.070985326
GLOBAL,S1D2,LNDAGRFJIC01,15,2021,1.5690909
GLOBAL,S1D2,LNDAGRFJIC01,20,2021,0.067992391
GLOBAL,S1D2,LNDAGRFJIC01,11,2021,0.073357143
GLOBAL,S1D2,LNDAGRFJIC01,15,2022,1.5759273
GLOBAL,S1D2,LNDAGRFJIC01,20,2022,0.068288696
GLOBAL,S1D2,LNDAGRFJIC01,11,2022,0.073676939
GLOBAL,S1D2,LNDAGRFJIC01,15,2023,1.5827727
GLOBAL,S1D2,LNDAGRFJIC01,20,2023,0.068585109
GLOBAL,S1D2,LNDAGRFJIC01,11,2023,0.073996633
GLOBAL,S1D2,LNDAGRFJIC01,15,2024,1.5896091
GLOBAL,S1D2,LNDAGRFJIC01,20,2024,0.068881522
GLOBAL,S1D2,LNDAGRFJIC01,11,2024,0.074316429
GLOBAL,S1D2,LNDAGRFJIC01,15,2025,1.5964455
GLOBAL,S1D2,LNDAGRFJIC01,20,2025,0.069177826
GLOBAL,S1D2,LNDAGRFJIC01,11,2025,0.074636224
GLOBAL,S1D2,LNDAGRFJIC01,15,2026,1.6016
GLOBAL,S1D2,LNDAGRFJIC01,20,2026,0.069401196
GLOBAL,S1D2,LNDAGRFJIC01,11,2026,0.074877143
GLOBAL,S1D2,LNDAGRFJIC01,15,2027,1.6067545
GLOBAL,S1D2,LNDAGRFJIC01,20,2027,0.069624457
GLOBAL,S1D2,LNDAGRFJIC01,11,2027,0.075118061
GLOBAL,S1D2,LNDAGRFJIC01,15,2028,1.6119091
GLOBAL,S1D2,LNDAGRFJIC01,20,2028,0.069847717
GLOBAL,S1D2,LNDAGRFJIC01,11,2028,0.075358878
GLOBAL,S1D2,LNDAGRFJIC01,15,2029,1.6170636
GLOBAL,S1D2,LNDAGRFJIC01,20,2029,0.070070978
GLOBAL,S1D2,LNDAGRFJIC01,11,2029,0.075599796
GLOBAL,S1D2,LNDAGRFJIC01,15,2030,1.6222182
GLOBAL,S1D2,LNDAGRFJIC01,20,2030,0.070294348
GLOBAL,S1D2,LNDAGRFJIC01,11,2030,0.075840714
GLOBAL,S1D2,LNDAGRFJIC01,15,2031,1.6257364
GLOBAL,S1D2,LNDAGRFJIC01,20,2031,0.070447065
GLOBAL,S1D2,LNDAGRFJIC01,11,2031,0.07600551
GLOBAL,S1D2,LNDAGRFJIC01,15,2032,1.6292636
GLOBAL,S1D2,LNDAGRFJIC01,20,2032,0.070599783
GLOBAL,S1D2,LNDAGRFJIC01,11,2032,0.076170408
GLOBAL,S1D2,LNDAGRFJIC01,15,2033,1.5340466
GLOBAL,S1D2,LNDAGRFJIC01,20,2033,0.070752609
GLOBAL,S1D2,LNDAGRFJIC01,11,2033,0.076335204
GLOBAL,S1D2,LNDAGRFJIC01,15,2034,1.6363182
GLOBAL,S1D2,LNDAGRFJIC01,20,2034,0.070905326
GLOBAL,S1D2,LNDAGRFJIC01,11,2034,0.0765
GLOBAL,S1D2,LNDAGRFJIC01,15,2035,1.6398364
GLOBAL,S1D2,LNDAGRFJIC01,20,2035,0.071058152
GLOBAL,S1D2,LNDAGRFJIC01,11,2035,0.076664796
GLOBAL,S1D2,LNDAGRFJIC01,15,2036,1.6414182
GLOBAL,S1D2,LNDAGRFJIC01,20,2036,0.071126522
GLOBAL,S1D2,LNDAGRFJIC01,11,2036,0.076738571
GLOBAL,S1D2,LNDAGRFJIC01,15,2037,1.643
GLOBAL,S1D2,LNDAGRFJIC01,20,2037,0.071194891
GLOBAL,S1D2,LNDAGRFJIC01,11,2037,0.076812449
GLOBAL,S1D2,LNDAGRFJIC01,15,2038,1.6445818
GLOBAL,S1D2,LNDAGRFJIC01,20,2038,0.07126337
GLOBAL,S1D2,LNDAGRFJIC01,11,2038,0.076886224
GLOBAL,S1D2,LNDAGRFJIC01,15,2039,1.6545727
GLOBAL,S1D2,LNDAGRFJIC01,20,2039,0.071696522
GLOBAL,S1D2,LNDAGRFJIC01,11,2039,0.077353673
GLOBAL,S1D2,LNDAGRFJIC01,15,2040,1.6477364
GLOBAL,S1D2,LNDAGRFJIC01,20,2040,0.071400217
GLOBAL,S1D2,LNDAGRFJIC01,11,2040,0.077033878
GLOBAL,S1D2,LNDAGRFJIC01,15,2041,1.6474909
GLOBAL,S1D2,LNDAGRFJIC01,20,2041,0.071389565
GLOBAL,S1D2,LNDAGRFJIC01,11,2041,0.077022449
GLOBAL,S1D2,LNDAGRFJIC01,15,2042,1.6472455
GLOBAL,S1D2,LNDAGRFJIC01,20,2042,0.071379022
GLOBAL,S1D2,LNDAGRFJIC01,11,2042,0.07701102
GLOBAL,S1D2,LNDAGRFJIC01,15,2043,1.647
GLOBAL,S1D2,LNDAGRFJIC01,20,2043,0.071368478
GLOBAL,S1D2,LNDAGRFJIC01,11,2043,0.076999694
GLOBAL,S1D2,LNDAGRFJIC01,15,2044,1.6467636
GLOBAL,S1D2,LNDAGRFJIC01,20,2044,0.071357935
GLOBAL,S1D2,LNDAGRFJIC01,11,2044,0.076988265
GLOBAL,S1D2,LNDAGRFJIC01,15,2045,1.6465182
GLOBAL,S1D2,LNDAGRFJIC01,20,2045,0.071347283
GLOBAL,S1D2,LNDAGRFJIC01,11,2045,0.076976837
GLOBAL,S1D2,LNDAGRFJIC01,15,2046,1.4930947
GLOBAL,S1D2,LNDAGRFJIC01,20,2046,0.071274891
GLOBAL,S1D2,LNDAGRFJIC01,11,2046,0.076898673
GLOBAL,S1D2,LNDAGRFJIC01,15,2047,1.4987764
GLOBAL,S1D2,LNDAGRFJIC01,20,2047,0.0712025
GLOBAL,S1D2,LNDAGRFJIC01,11,2047,0.076820612
GLOBAL,S1D2,LNDAGRFJIC01,15,2048,1.6452091
GLOBAL,S1D2,LNDAGRFJIC01,20,2048,0.07129087
GLOBAL,S1D2,LNDAGRFJIC01,11,2048,0.076915816
GLOBAL,S1D2,LNDAGRFJIC01,15,2049,1.5119949
GLOBAL,S1D2,LNDAGRFJIC01,20,2049,0.071138152
GLOBAL,S1D2,LNDAGRFJIC01,11,2049,0.07675102
GLOBAL,S1D2,LNDAGRFJIC01,15,2050,1.6381636
GLOBAL,S1D2,LNDAGRFJIC01,20,2050,0.070985326
GLOBAL,S1D2,LNDAGRFJIC01,11,2050,0.076586224
GLOBAL,S1D2,LNDAGRFJIC02,15,2033,0.09874434
GLOBAL,S1D2,LNDAGRFJIC02,15,2046,0.15175078
GLOBAL,S1D2,LNDAGRFJIC02,15,2047,0.14439629
GLOBAL,S1D2,LNDAGRFJIC02,15,2049,0.12968688
GLOBAL,S1D2,LNDAGRFJIC04,8,2021,0.044243878
GLOBAL,S1D2,LNDAGRFJIC04,14,2021,0.059223846
GLOBAL,S1D2,LNDAGRFJIC04,8,2022,0.044436735
GLOBAL,S1D2,LNDAGRFJIC04,14,2022,0.059481978
GLOBAL,S1D2,LNDAGRFJIC04,8,2023,0.044629592
GLOBAL,S1D2,LNDAGRFJIC04,14,2023,0.05974022
GLOBAL,S1D2,LNDAGRFJIC04,8,2024,0.044822449
GLOBAL,S1D2,LNDAGRFJIC04,14,2024,0.059998352
GLOBAL,S1D2,LNDAGRFJIC04,8,2025,0.045015306
GLOBAL,S1D2,LNDAGRFJIC04,14,2025,0.060256484
GLOBAL,S1D2,LNDAGRFJIC04,8,2026,0.045160612
GLOBAL,S1D2,LNDAGRFJIC04,14,2026,0.060450989
GLOBAL,S1D2,LNDAGRFJIC04,8,2027,0.045305918
GLOBAL,S1D2,LNDAGRFJIC04,14,2027,0.060645495
GLOBAL,S1D2,LNDAGRFJIC04,8,2028,0.045451224
GLOBAL,S1D2,LNDAGRFJIC04,14,2028,0.06084
GLOBAL,S1D2,LNDAGRFJIC04,8,2029,0.045596531
GLOBAL,S1D2,LNDAGRFJIC04,14,2029,0.061034396
GLOBAL,S1D2,LNDAGRFJIC04,8,2030,0.045741837
GLOBAL,S1D2,LNDAGRFJIC04,14,2030,0.061228901
GLOBAL,S1D2,LNDAGRFJIC04,8,2031,0.045841224
GLOBAL,S1D2,LNDAGRFJIC04,14,2031,0.061361978
GLOBAL,S1D2,LNDAGRFJIC04,8,2032,0.045940612
GLOBAL,S1D2,LNDAGRFJIC04,14,2032,0.061495055
GLOBAL,S1D2,LNDAGRFJIC04,8,2033,0.04604
GLOBAL,S1D2,LNDAGRFJIC04,14,2033,0.061628132
GLOBAL,S1D2,LNDAGRFJIC04,8,2034,0.046139388
GLOBAL,S1D2,LNDAGRFJIC04,14,2034,0.061761209
GLOBAL,S1D2,LNDAGRFJIC04,8,2035,0.046238776
GLOBAL,S1D2,LNDAGRFJIC04,14,2035,0.061894176
GLOBAL,S1D2,LNDAGRFJIC04,8,2036,0.046283265
GLOBAL,S1D2,LNDAGRFJIC04,14,2036,0.061953846
GLOBAL,S1D2,LNDAGRFJIC04,8,2037,0.046327959
GLOBAL,S1D2,LNDAGRFJIC04,14,2037,0.062013407
GLOBAL,S1D2,LNDAGRFJIC04,8,2038,0.046372449
GLOBAL,S1D2,LNDAGRFJIC04,14,2038,0.062072967
GLOBAL,S1D2,LNDAGRFJIC04,8,2039,0.046654286
GLOBAL,S1D2,LNDAGRFJIC04,14,2039,0.06245033
GLOBAL,S1D2,LNDAGRFJIC04,8,2040,0.046461429
GLOBAL,S1D2,LNDAGRFJIC04,14,2040,0.062192198
GLOBAL,S1D2,LNDAGRFJIC04,8,2041,0.04645449
GLOBAL,S1D2,LNDAGRFJIC04,14,2041,0.062182967
GLOBAL,S1D2,LNDAGRFJIC04,8,2042,0.046447755
GLOBAL,S1D2,LNDAGRFJIC04,14,2042,0.062173736
GLOBAL,S1D2,LNDAGRFJIC04,8,2043,0.046440816
GLOBAL,S1D2,LNDAGRFJIC04,14,2043,0.062164615
GLOBAL,S1D2,LNDAGRFJIC04,8,2044,0.046433878
GLOBAL,S1D2,LNDAGRFJIC04,14,2044,0.062155385
GLOBAL,S1D2,LNDAGRFJIC04,8,2045,0.046426939
GLOBAL,S1D2,LNDAGRFJIC04,14,2045,0.062146154
GLOBAL,S1D2,LNDAGRFJIC04,8,2046,0.04638
GLOBAL,S1D2,LNDAGRFJIC04,14,2046,0.062083077
GLOBAL,S1D2,LNDAGRFJIC04,8,2047,0.046332857
GLOBAL,S1D2,LNDAGRFJIC04,14,2047,0.06202
GLOBAL,S1D2,LNDAGRFJIC04,8,2048,0.046390204
GLOBAL,S1D2,LNDAGRFJIC04,14,2048,0.062096813
GLOBAL,S1D2,LNDAGRFJIC04,8,2049,0.046290816
GLOBAL,S1D2,LNDAGRFJIC04,14,2049,0.061963736
GLOBAL,S1D2,LNDAGRFJIC04,8,2050,0.046191429
GLOBAL,S1D2,LNDAGRFJIC04,14,2050,0.061830769
GLOBAL,S1D2,LNDFORTOT,1,2023,0.12120021
GLOBAL,S1D2,LNDFORTOT,1,2024,0.091137389
GLOBAL,S1D2,LNDFORTOT,1,2025,0.06107501
GLOBAL,S1D2,LNDFORTOT,1,2026,0.038409284
GLOBAL,S1D2,LNDFORTOT,1,2027,0.015743997
GLOBAL,S1D2,LNDFORTOT,1,2040,6.2857861
GLOBAL,S1D1,PWRBIOFJIXX01,1,2021,2.1980592
GLOBAL,S1D1,PWRBIOFJIXX01,1,2022,2.1980592
GLOBAL,S1D1,PWRBIOFJIXX01,1,2023,2.1980592
GLOBAL,S1D1,PWRBIOFJIXX01,1,2024,2.1980592
GLOBAL,S1D1,PWRBIOFJIXX01,1,2025,2.1980592
GLOBAL,S1D1,PWRBIOFJIXX01,1,2026,2.1980592
GLOBAL,S1D1,PWRBIOFJIXX01,1,2027,2.1980592
GLOBAL,S1D1,PWRBIOFJIXX01,1,2028,2.1980592
GLOBAL,S1D1,PWRBIOFJIXX01,1,2029,2.1980592
GLOBAL,S1D1,PWRBIOFJIXX01,1,2030,2.1980592
GLOBAL,S1D1,PWRBIOFJIXX01,1,2031,2.1980592
GLOBAL,S1D1,PWRBIOFJIXX01,1,2032,0.31536
GLOBAL,S1D1,PWRBIOFJIXX01,1,2033,0.31536
GLOBAL,S1D1,PWRBIOFJIXX01,1,2034,0.36999364
GLOBAL,S1D1,PWRBIOFJIXX01,1,2035,0.57079146
GLOBAL,S1D1,PWRBIOFJIXX01,1,2036,0.80923886
GLOBAL,S1D1,PWRBIOFJIXX01,1,2037,1.0476863
GLOBAL,S1D1,PWRBIOFJIXX01,1,2038,1.2735838
GLOBAL,S1D1,PWRBIOFJIXX01,1,2039,1.6421991
GLOBAL,S1D1,PWRBIOFJIXX01,1,2040,1.7807188
GLOBAL,S1D1,PWRBIOFJIXX01,1,2041,2.2795184
GLOBAL,S1D1,PWRBIOFJIXX01,1,2042,2.7311023
GLOBAL,S1D1,PWRBIOFJIXX01,1,2043,3.3584548
GLOBAL,S1D1,PWRBIOFJIXX01,1,2044,3.960043
GLOBAL,S1D1,PWRBIOFJIXX01,1,2045,4.6436794
GLOBAL,S1D1,PWRBIOFJIXX01,1,2046,4.7933482
GLOBAL,S1D1,PWRBIOFJIXX01,1,2047,5.120652
GLOBAL,S1D1,PWRBIOFJIXX01,1,2048,4.9603685
GLOBAL,S1D1,PWRBIOFJIXX01,1,2049,5.2419044
GLOBAL,S1D1,PWRBIOFJIXX01,1,2050,5.2419044
GLOBAL,S1D1,PWRHYDFJIXX01,1,2021,1.5857246
GLOBAL,S1D1,PWRHYDFJIXX01,1,2022,1.6760836
GLOBAL,S1D1,PWRHYDFJIXX01,1,2023,1.7551477
GLOBAL,S1D1,PWRHYDFJIXX01,1,2024,1.8455068
GLOBAL,S1D1,PWRHYDFJIXX01,1,2025,1.9245709
GLOBAL,S1D1,PWRHYDFJIXX01,1,2026,2.093994
GLOBAL,S1D1,PWRHYDFJIXX01,1,2027,2.2634172
GLOBAL,S1D1,PWRHYDFJIXX01,1,2028,2.3852916
GLOBAL,S1D1,PWRHYDFJIXX01,1,2029,2.3852916
GLOBAL,S1D1,PWRHYDFJIXX01,1,2030,2.3852916
GLOBAL,S1D1,PWRHYDFJIXX01,1,2031,2.3852916
GLOBAL,S1D1,PWRHYDFJIXX01,1,2032,2.3852916
GLOBAL,S1D1,PWRHYDFJIXX01,1,2033,2.3852916
GLOBAL,S1D1,PWRHYDFJIXX01,1,2034,2.3852916
GLOBAL,S1D1,PWRHYDFJIXX01,1,2035,2.3852916
GLOBAL,S1D1,PWRHYDFJIXX01,1,2036,2.3852916
GLOBAL,S1D1,PWRHYDFJIXX01,1,2037,2.3852916
GLOBAL,S1D1,PWRHYDFJIXX01,1,2038,2.3852916
GLOBAL,S1D1,PWRHYDFJIXX01,1,2039,2.3852916
GLOBAL,S1D1,PWRHYDFJIXX01,1,2040,2.3852916
GLOBAL,S1D1,PWRHYDFJIXX01,1,2041,2.3852916
GLOBAL,S1D1,PWRHYDFJIXX01,1,2042,2.3852916
GLOBAL,S1D1,PWRHYDFJIXX01,1,2043,2.3852916
GLOBAL,S1D1,PWRHYDFJIXX01,1,2044,2.3852916
GLOBAL,S1D1,PWRHYDFJIXX01,1,2045,2.3852916
GLOBAL,S1D1,PWRHYDFJIXX01,1,2046,2.3852916
GLOBAL,S1D1,PWRHYDFJIXX01,1,2047,2.3852916
GLOBAL,S1D1,PWRHYDFJIXX01,1,2048,1.0547126
GLOBAL,S1D1,PWRHYDFJIXX01,1,2049,2.3852916
GLOBAL,S1D1,PWRHYDFJIXX01,1,2050,2.3852916
GLOBAL,S1D1,PWROILFJIXX01,2,2028,0.047548771
GLOBAL,S1D1,PWROILFJIXX01,2,2029,0.21697193
GLOBAL,S1D1,PWROILFJIXX01,2,2030,0.38639508
GLOBAL,S1D1,PWROILFJIXX01,2,2031,0.56711311
GLOBAL,S1D1,PWROILFJIXX01,2,2032,0.69216064
GLOBAL,S1D1,PWROILFJIXX01,2,2033,1.513728
GLOBAL,S1D1,PWROILFJIXX01,2,2034,0.65074609
GLOBAL,S1D1,PWROILFJIXX01,2,2035,1.513728
GLOBAL,S1D1,PWROILFJIXX01,2,2036,0.60682157
GLOBAL,S1D1,PWROILFJIXX01,2,2037,1.513728
GLOBAL,S1D1,PWROILFJIXX01,2,2038,1.513728
GLOBAL,S1D1,PWROILFJIXX01,2,2039,1.513728
GLOBAL,S1D1,PWROILFJIXX01,2,2040,0.46470381
GLOBAL,S1D1,PWROILFJIXX01,2,2041,0.21439153
GLOBAL,S1D1,PWRPETFJIXX01,2,2032,1.8623995
GLOBAL,S1D1,PWRPETFJIXX01,2,2033,1.232845
GLOBAL,S1D1,PWRPETFJIXX01,2,2034,2.2219113
GLOBAL,S1D1,PWRPETFJIXX01,2,2035,1.3388496
GLOBAL,S1D1,PWRPETFJIXX01,2,2036,2.2219113
GLOBAL,S1D1,PWRPETFJIXX01,2,2037,1.2911602
GLOBAL,S1D1,PWRPETFJIXX01,2,2038,1.2685704
GLOBAL,S1D1,PWRPETFJIXX01,2,2039,1.2761431
GLOBAL,S1D1,PWRPETFJIXX01,2,2040,2.2219113
GLOBAL,S1D1,PWRPETFJIXX01,2,2041,2.2219113
GLOBAL,S1D1,PWRPETFJIXX01,2,2042,2.2219113
GLOBAL,S1D1,PWRPETFJIXX01,2,2043,1.8317513
GLOBAL,S1D1,PWRPETFJIXX01,2,2044,1.4786503
GLOBAL,S1D1,PWRPETFJIXX01,2,2045,1.0322063
GLOBAL,S1D1,PWRPETFJIXX01,2,2046,1.1649095
GLOBAL,S1D1,PWRPETFJIXX01,2,2047,1.0767074
GLOBAL,S1D1,PWRPETFJIXX01,2,2048,2.8499419
GLOBAL,S1D1,PWRPETFJIXX01,2,2049,1.5201988
GLOBAL,S1D1,PWRPETFJIXX01,2,2050,1.6556766
GLOBAL,S1D1,PWRSPVFJIXX01,1,2040,0.082428947
GLOBAL,S1D1,PWRSPVFJIXX01,1,2041,0.082428947
GLOBAL,S1D1,PWRSPVFJIXX01,1,2042,0.082428947
GLOBAL,S1D1,PWRSPVFJIXX01,1,2043,0.082428947
GLOBAL,S1D1,PWRSPVFJIXX01,1,2044,0.082428947
GLOBAL,S1D1,PWRSPVFJIXX01,1,2045,0.082428947
GLOBAL,S1D1,PWRSPVFJIXX01,1,2046,0.082428947
GLOBAL,S1D1,PWRSPVFJIXX01,1,2047,0.13699403
GLOBAL,S1D1,PWRSPVFJIXX01,1,2048,0.13699403
GLOBAL,S1D1,PWRSPVFJIXX01,1,2049,0.13699403
GLOBAL,S1D1,PWRSPVFJIXX01,1,2050,0.28388817
GLOBAL,S1D1,PWRTRNFJIXX,1,2021,3.7837838
GLOBAL,S1D1,PWRTRNFJIXX,1,2022,3.8741428
GLOBAL,S1D1,PWRTRNFJIXX,1,2023,3.9532069
GLOBAL,S1D1,PWRTRNFJIXX,1,2024,4.043566
GLOBAL,S1D1,PWRTRNFJIXX,1,2025,4.1226301
GLOBAL,S1D1,PWRTRNFJIXX,1,2026,4.2920532
GLOBAL,S1D1,PWRTRNFJIXX,1,2027,4.4614764
GLOBAL,S1D1,PWRTRNFJIXX,1,2028,4.6308996
GLOBAL,S1D1,PWRTRNFJIXX,1,2029,4.8003227
GLOBAL,S1D1,PWRTRNFJIXX,1,2030,4.9697459
GLOBAL,S1D1,PWRTRNFJIXX,1,2031,5.1504639
GLOBAL,S1D1,PWRTRNFJIXX,1,2032,5.3311819
GLOBAL,S1D1,PWRTRNFJIXX,1,2033,5.5231948
GLOBAL,S1D1,PWRTRNFJIXX,1,2034,5.7039129
GLOBAL,S1D1,PWRTRNFJIXX,1,2035,5.8846309
GLOBAL,S1D1,PWRTRNFJIXX,1,2036,6.0992336
GLOBAL,S1D1,PWRTRNFJIXX,1,2037,6.3138362
GLOBAL,S1D1,PWRTRNFJIXX,1,2038,6.517144
GLOBAL,S1D1,PWRTRNFJIXX,1,2039,6.8173618
GLOBAL,S1D1,PWRTRNFJIXX,1,2040,6.9350545
GLOBAL,S1D1,PWRTRNFJIXX,1,2041,7.1835418
GLOBAL,S1D1,PWRTRNFJIXX,1,2042,7.4207342
GLOBAL,S1D1,PWRTRNFJIXX,1,2043,7.6579266
GLOBAL,S1D1,PWRTRNFJIXX,1,2044,7.9064139
GLOBAL,S1D1,PWRTRNFJIXX,1,2045,8.1436063
GLOBAL,S1D1,PWRTRNFJIXX,1,2046,8.4259782
GLOBAL,S1D1,PWRTRNFJIXX,1,2047,8.719645
GLOBAL,S1D1,PWRTRNFJIXX,1,2048,9.0020169
GLOBAL,S1D1,PWRTRNFJIXX,1,2049,9.2843889
GLOBAL,S1D1,PWRTRNFJIXX,1,2050,9.5667608
GLOBAL,S1D1,PWRWONFJIXX01,1,2032,0.075970224
GLOBAL,S1D1,PWRWONFJIXX01,1,2033,0.075970224
GLOBAL,S1D1,PWRWONFJIXX01,1,2034,0.075970224
GLOBAL,S1D1,PWRWONFJIXX01,1,2035,0.075970224
GLOBAL,S1D1,PWRWONFJIXX01,1,2036,0.075970224
GLOBAL,S1D1,PWRWONFJIXX01,1,2037,0.075970224
GLOBAL,S1D1,PWRWONFJIXX01,1,2038,0.075970224
GLOBAL,S1D1,RNWBIOFJIXX,1,2021,8.3965861
GLOBAL,S1D1,RNWBIOFJIXX,1,2022,8.3965861
GLOBAL,S1D1,RNWBIOFJIXX,1,2023,8.3965861
GLOBAL,S1D1,RNWBIOFJIXX,1,2024,8.3965861
GLOBAL,S1D1,RNWBIOFJIXX,1,2025,8.3965861
GLOBAL,S1D1,RNWBIOFJIXX,1,2026,8.3965861
GLOBAL,S1D1,RNWBIOFJIXX,1,2027,8.3965861
GLOBAL,S1D1,RNWBIOFJIXX,1,2028,8.3965861
GLOBAL,S1D1,RNWBIOFJIXX,1,2029,8.3965861
GLOBAL,S1D1,RNWBIOFJIXX,1,2030,8.3965861
GLOBAL,S1D1,RNWBIOFJIXX,1,2031,8.3965861
GLOBAL,S1D1,RNWBIOFJIXX,1,2032,1.2046752
GLOBAL,S1D1,RNWBIOFJIXX,1,2033,1.2046752
GLOBAL,S1D1,RNWBIOFJIXX,1,2034,1.4133757
GLOBAL,S1D1,RNWBIOFJIXX,1,2035,2.1804234
GLOBAL,S1D1,RNWBIOFJIXX,1,2036,3.0912924
GLOBAL,S1D1,RNWBIOFJIXX,1,2037,4.0021615
GLOBAL,S1D1,RNWBIOFJIXX,1,2038,4.8650901
GLOBAL,S1D1,RNWBIOFJIXX,1,2039,6.2732006
GLOBAL,S1D1,RNWBIOFJIXX,1,2040,6.8023458
GLOBAL,S1D1,RNWBIOFJIXX,1,2041,8.7077602
GLOBAL,S1D1,RNWBIOFJIXX,1,2042,10.432811
GLOBAL,S1D1,RNWBIOFJIXX,1,2043,12.829297
GLOBAL,S1D1,RNWBIOFJIXX,1,2044,15.127364
GLOBAL,S1D1,RNWBIOFJIXX,1,2045,17.738855
GLOBAL,S1D1,RNWBIOFJIXX,1,2046,18.31059
GLOBAL,S1D1,RNWBIOFJIXX,1,2047,19.560891
GLOBAL,S1D1,RNWBIOFJIXX,1,2048,18.948608
GLOBAL,S1D1,RNWBIOFJIXX,1,2049,20.024075
GLOBAL,S1D1,RNWBIOFJIXX,1,2050,20.024075
GLOBAL,S1D1,RNWHYDFJIXX,1,2021,1.5857246
GLOBAL,S1D1,RNWHYDFJIXX,1,2022,1.6760836
GLOBAL,S1D1,RNWHYDFJIXX,1,2023,1.7551477
GLOBAL,S1D1,RNWHYDFJIXX,1,2024,1.8455068
GLOBAL,S1D1,RNWHYDFJIXX,1,2025,1.9245709
GLOBAL,S1D1,RNWHYDFJIXX,1,2026,2.093994
GLOBAL,S1D1,RNWHYDFJIXX,1,2027,2.2634172
GLOBAL,S1D1,RNWHYDFJIXX,1,2028,2.3852916
GLOBAL,S1D1,RNWHYDFJIXX,1,2029,2.3852916
GLOBAL,S1D1,RNWHYDFJIXX,1,2030,2.3852916
GLOBAL,S1D1,RNWHYDFJIXX,1,2031,2.3852916
GLOBAL,S1D1,RNWHYDFJIXX,1,2032,2.3852916
GLOBAL,S1D1,RNWHYDFJIXX,1,2033,2.3852916
GLOBAL,S1D1,RNWHYDFJIXX,1,2034,2.3852916
GLOBAL,S1D1,RNWHYDFJIXX,1,2035,2.3852916
GLOBAL,S1D1,RNWHYDFJIXX,1,2036,2.3852916
GLOBAL,S1D1,RNWHYDFJIXX,1,2037,2.3852916
GLOBAL,S1D1,RNWHYDFJIXX,1,2038,2.3852916
GLOBAL,S1D1,RNWHYDFJIXX,1,2039,2.3852916
GLOBAL,S1D1,RNWHYDFJIXX,1,2040,2.3852916
GLOBAL,S1D1,RNWHYDFJIXX,1,2041,2.3852916
GLOBAL,S1D1,RNWHYDFJIXX,1,2042,2.3852916
GLOBAL,S1D1,RNWHYDFJIXX,1,2043,2.3852916
GLOBAL,S1D1,RNWHYDFJIXX,1,2044,2.3852916
GLOBAL,S1D1,RNWHYDFJIXX,1,2045,2.3852916
GLOBAL,S1D1,RNWHYDFJIXX,1,2046,2.3852916
GLOBAL,S1D1,RNWHYDFJIXX,1,2047,2.3852916
GLOBAL,S1D1,RNWHYDFJIXX,1,2048,1.0547126
GLOBAL,S1D1,RNWHYDFJIXX,1,2049,2.3852916
GLOBAL,S1D1,RNWHYDFJIXX,1,2050,2.3852916
GLOBAL,S1D1,RNWSPVFJIXX,1,2040,0.082428947
GLOBAL,S1D1,RNWSPVFJIXX,1,2041,0.082428947
GLOBAL,S1D1,RNWSPVFJIXX,1,2042,0.082428947
GLOBAL,S1D1,RNWSPVFJIXX,1,2043,0.082428947
GLOBAL,S1D1,RNWSPVFJIXX,1,2044,0.082428947
GLOBAL,S1D1,RNWSPVFJIXX,1,2045,0.082428947
GLOBAL,S1D1,RNWSPVFJIXX,1,2046,0.082428947
GLOBAL,S1D1,RNWSPVFJIXX,1,2047,0.13699403
GLOBAL,S1D1,RNWSPVFJIXX,1,2048,0.13699403
GLOBAL,S1D1,RNWSPVFJIXX,1,2049,0.13699403
GLOBAL,S1D1,RNWSPVFJIXX,1,2050,0.28388817
GLOBAL,S1D1,RNWWONFJIXX,1,2032,0.075970224
GLOBAL,S1D1,RNWWONFJIXX,1,2033,0.075970224
GLOBAL,S1D1,RNWWONFJIXX,1,2034,0.075970224
GLOBAL,S1D1,RNWWONFJIXX,1,2035,0.075970224
GLOBAL,S1D1,RNWWONFJIXX,1,2036,0.075970224
GLOBAL,S1D1,RNWWONFJIXX,1,2037,0.075970224
GLOBAL,S1D1,RNWWONFJIXX,1,2038,0.075970224
GLOBAL,S1D1,DEMCOMELCFJIXX02,1,2039,0.085615114
GLOBAL,S1D1,MINLNDTOT,1,2021,36.94985
GLOBAL,S1D1,MINLNDTOT,1,2022,1.8218116
GLOBAL,S1D1,MINLNDTOT,1,2023,1.8297243
GLOBAL,S1D1,MINLNDTOT,1,2024,1.8376278
GLOBAL,S1D1,MINLNDTOT,1,2025,1.8455313
GLOBAL,S1D1,MINLNDTOT,1,2026,1.8514899
GLOBAL,S1D1,MINLNDTOT,1,2027,1.8574485
GLOBAL,S1D1,MINLNDTOT,1,2028,1.8634069
GLOBAL,S1D1,MINLNDTOT,1,2029,1.8693653
GLOBAL,S1D1,MINLNDTOT,1,2030,1.875324
GLOBAL,S1D1,MINLNDTOT,1,2031,1.8793921
GLOBAL,S1D1,MINLNDTOT,1,2032,1.8834695
GLOBAL,S1D1,MINLNDTOT,1,2033,1.8875469
GLOBAL,S1D1,MINLNDTOT,1,2034,67.971801
GLOBAL,S1D1,MINLNDTOT,1,2035,1.8956923
GLOBAL,S1D1,MINLNDTOT,1,2036,1.8975204
GLOBAL,S1D1,MINLNDTOT,1,2037,1.8993487
GLOBAL,S1D1,MINLNDTOT,1,2038,1.9011768
GLOBAL,S1D1,MINLNDTOT,1,2039,1.8787696
GLOBAL,S1D1,MINLNDTOT,1,2040,61.645968
GLOBAL,S1D1,MINLNDTOT,1,2041,1.9045404
GLOBAL,S1D1,MINLNDTOT,1,2042,1.904257
GLOBAL,S1D1,MINLNDTOT,1,2043,1.9039736
GLOBAL,S1D1,MINLNDTOT,1,2044,1.9036991
GLOBAL,S1D1,MINLNDTOT,1,2045,1.9034154
GLOBAL,S1D1,MINLNDTOT,1,2046,1.9014821
GLOBAL,S1D1,MINLNDTOT,1,2047,1.8995487
GLOBAL,S1D1,MINLNDTOT,1,2048,1.8869407
GLOBAL,S1D1,MINLNDTOT,1,2049,1.8903445
GLOBAL,S1D1,MINLNDTOT,1,2050,1.8937574
GLOBAL,S1D1,MINPRCFJI,1,2021,92.675326
GLOBAL,S1D1,MINPRCFJI,1,2022,4.8565401
GLOBAL,S1D1,MINPRCFJI,1,2023,4.8776337
GLOBAL,S1D1,MINPRCFJI,1,2024,4.8987027
GLOBAL,S1D1,MINPRCFJI,1,2025,4.9197714
GLOBAL,S1D1,MINPRCFJI,1,2026,4.9356559
GLOBAL,S1D1,MINPRCFJI,1,2027,4.95154
GLOBAL,S1D1,MINPRCFJI,1,2028,4.9674239
GLOBAL,S1D1,MINPRCFJI,1,2029,4.9833079
GLOBAL,S1D1,MINPRCFJI,1,2030,4.9991923
GLOBAL,S1D1,MINPRCFJI,1,2031,5.0100369
GLOBAL,S1D1,MINPRCFJI,1,2032,5.0209062
GLOBAL,S1D1,MINPRCFJI,1,2033,5.0317756
GLOBAL,S1D1,MINPRCFJI,1,2034,172.68149
GLOBAL,S1D1,MINPRCFJI,1,2035,5.0534893
GLOBAL,S1D1,MINPRCFJI,1,2036,5.0583628
GLOBAL,S1D1,MINPRCFJI,1,2037,5.0632367
GLOBAL,S1D1,MINPRCFJI,1,2038,5.0681102
GLOBAL,S1D1,MINPRCFJI,1,2039,5.0072151
GLOBAL,S1D1,MINPRCFJI,1,2040,159.38463
GLOBAL,S1D1,MINPRCFJI,1,2041,4.088582
GLOBAL,S1D1,MINPRCFJI,1,2042,5.076321
GLOBAL,S1D1,MINPRCFJI,1,2043,5.0755655
GLOBAL,S1D1,MINPRCFJI,1,2044,5.074834
GLOBAL,S1D1,MINPRCFJI,1,2045,5.0740777
GLOBAL,S1D1,MINPRCFJI,1,2046,5.0689238
GLOBAL,S1D1,MINPRCFJI,1,2047,5.0637698
GLOBAL,S1D1,MINPRCFJI,1,2048,5.0296478
GLOBAL,S1D1,MINPRCFJI,1,2049,5.0389775
GLOBAL,S1D1,MINPRCFJI,1,2050,5.0483316
GLOBAL,S1D1,LNDCONHRTOT,1,2021,0.044243878
GLOBAL,S1D1,LNDCONHRTOT,1,2022,0.044436735
GLOBAL,S1D1,LNDCONHRTOT,1,2023,0.044629592
GLOBAL,S1D1,LNDCONHRTOT,1,2024,0.044822449
GLOBAL,S1D1,LNDCONHRTOT,1,2025,0.045015306
GLOBAL,S1D1,LNDCONHRTOT,1,2026,0.045160612
GLOBAL,S1D1,LNDCONHRTOT,1,2027,0.045305918
GLOBAL,S1D1,LNDCONHRTOT,1,2028,0.045451224
GLOBAL,S1D1,LNDCONHRTOT,1,2029,0.045596531
GLOBAL,S1D1,LNDCONHRTOT,1,2030,0.045741837
GLOBAL,S1D1,LNDCONHRTOT,1,2031,0.045841224
GLOBAL,S1D1,LNDCONHRTOT,1,2032,0.045940612
GLOBAL,S1D1,LNDCONHRTOT,1,2033,0.04604
GLOBAL,S1D1,LNDCONHRTOT,1,2034,0.046139388
GLOBAL,S1D1,LNDCONHRTOT,1,2035,0.046238776
GLOBAL,S1D1,LNDCONHRTOT,1,2036,0.046283265
GLOBAL,S1D1,LNDCONHRTOT,1,2037,0.046327959
GLOBAL,S1D1,LNDCONHRTOT,1,2038,0.046372449
GLOBAL,S1D1,LNDCONHRTOT,1,2039,0.046654286
GLOBAL,S1D1,LNDCONHRTOT,1,2040,0.046461429
GLOBAL,S1D1,LNDCONHRTOT,1,2041,0.04645449
GLOBAL,S1D1,LNDCONHRTOT,1,2042,0.046447755
GLOBAL,S1D1,LNDCONHRTOT,1,2043,0.046440816
GLOBAL,S1D1,LNDCONHRTOT,1,2044,0.046433878
GLOBAL,S1D1,LNDCONHRTOT,1,2045,0.046426939
GLOBAL,S1D1,LNDCONHRTOT,1,2046,0.04638
GLOBAL,S1D1,LNDCONHRTOT,1,2047,0.046332857
GLOBAL,S1D1,LNDCONHRTOT,1,2048,0.046390204
GLOBAL,S1D1,LNDCONHRTOT,1,2049,0.046290816
GLOBAL,S1D1,LNDCONHRTOT,1,2050,0.046191429
GLOBAL,S1D1,LNDCASHRTOT,1,2021,0.073357143
GLOBAL,S1D1,LNDCASHRTOT,1,2022,0.073676939
GLOBAL,S1D1,LNDCASHRTOT,1,2023,0.073996633
GLOBAL,S1D1,LNDCASHRTOT,1,2024,0.074316429
GLOBAL,S1D1,LNDCASHRTOT,1,2025,0.074636224
GLOBAL,S1D1,LNDCASHRTOT,1,2026,0.074877143
GLOBAL,S1D1,LNDCASHRTOT,1,2027,0.075118061
GLOBAL,S1D1,LNDCASHRTOT,1,2028,0.075358878
GLOBAL,S1D1,LNDCASHRTOT,1,2029,0.075599796
GLOBAL,S1D1,LNDCASHRTOT,1,2030,0.075840714
GLOBAL,S1D1,LNDCASHRTOT,1,2031,0.07600551
GLOBAL,S1D1,LNDCASHRTOT,1,2032,0.076170408
GLOBAL,S1D1,LNDCASHRTOT,1,2033,0.076335204
GLOBAL,S1D1,LNDCASHRTOT,1,2034,0.0765
GLOBAL,S1D1,LNDCASHRTOT,1,2035,0.076664796
GLOBAL,S1D1,LNDCASHRTOT,1,2036,0.076738571
GLOBAL,S1D1,LNDCASHRTOT,1,2037,0.076812449
GLOBAL,S1D1,LNDCASHRTOT,1,2038,0.076886224
GLOBAL,S1D1,LNDCASHRTOT,1,2039,0.077353673
GLOBAL,S1D1,LNDCASHRTOT,1,2040,0.077033878
GLOBAL,S1D1,LNDCASHRTOT,1,2041,0.077022449
GLOBAL,S1D1,LNDCASHRTOT,1,2042,0.07701102
GLOBAL,S1D1,LNDCASHRTOT,1,2043,0.076999694
GLOBAL,S1D1,LNDCASHRTOT,1,2044,0.076988265
GLOBAL,S1D1,LNDCASHRTOT,1,2045,0.076976837
GLOBAL,S1D1,LNDCASHRTOT,1,2046,0.076898673
GLOBAL,S1D1,LNDCASHRTOT,1,2047,0.076820612
GLOBAL,S1D1,LNDCASHRTOT,1,2048,0.076915816
GLOBAL,S1D1,LNDCASHRTOT,1,2049,0.07675102
GLOBAL,S1D1,LNDCASHRTOT,1,2050,0.076586224
GLOBAL,S1D1,LNDYAMHRTOT,1,2021,0.059223846
GLOBAL,S1D1,LNDYAMHRTOT,1,2022,0.059481978
GLOBAL,S1D1,LNDYAMHRTOT,1,2023,0.05974022
GLOBAL,S1D1,LNDYAMHRTOT,1,2024,0.059998352
GLOBAL,S1D1,LNDYAMHRTOT,1,2025,0.060256484
GLOBAL,S1D1,LNDYAMHRTOT,1,2026,0.060450989
GLOBAL,S1D1,LNDYAMHRTOT,1,2027,0.060645495
GLOBAL,S1D1,LNDYAMHRTOT,1,2028,0.06084
GLOBAL,S1D1,LNDYAMHRTOT,1,2029,0.061034396
GLOBAL,S1D1,LNDYAMHRTOT,1,2030,0.061228901
GLOBAL,S1D1,LNDYAMHRTOT,1,2031,0.061361978
GLOBAL,S1D1,LNDYAMHRTOT,1,2032,0.061495055
GLOBAL,S1D1,LNDYAMHRTOT,1,2033,0.061628132
GLOBAL,S1D1,LNDYAMHRTOT,1,2034,0.061761209
GLOBAL,S1D1,LNDYAMHRTOT,1,2035,0.061894176
GLOBAL,S1D1,LNDYAMHRTOT,1,2036,0.061953846
GLOBAL,S1D1,LNDYAMHRTOT,1,2037,0.062013407
GLOBAL,S1D1,LNDYAMHRTOT,1,2038,0.062072967
GLOBAL,S1D1,LNDYAMHRTOT,1,2039,0.06245033
GLOBAL,S1D1,LNDYAMHRTOT,1,2040,0.062192198
GLOBAL,S1D1,LNDYAMHRTOT,1,2041,0.062182967
GLOBAL,S1D1,LNDYAMHRTOT,1,2042,0.062173736
GLOBAL,S1D1,LNDYAMHRTOT,1,2043,0.062164615
GLOBAL,S1D1,LNDYAMHRTOT,1,2044,0.062155385
GLOBAL,S1D1,LNDYAMHRTOT,1,2045,0.062146154
GLOBAL,S1D1,LNDYAMHRTOT,1,2046,0.062083077
GLOBAL,S1D1,LNDYAMHRTOT,1,2047,0.06202
GLOBAL,S1D1,LNDYAMHRTOT,1,2048,0.062096813
GLOBAL,S1D1,LNDYAMHRTOT,1,2049,0.061963736
GLOBAL,S1D1,LNDYAMHRTOT,1,2050,0.061830769
GLOBAL,S1D1,LNDSGCHRTOT,1,2021,1.5690909
GLOBAL,S1D1,LNDSGCHRTOT,1,2022,1.5759273
GLOBAL,S1D1,LNDSGCHRTOT,1,2023,1.5827727
GLOBAL,S1D1,LNDSGCHRTOT,1,2024,1.5896091
GLOBAL,S1D1,LNDSGCHRTOT,1,2025,1.5964455
GLOBAL,S1D1,LNDSGCHRTOT,1,2026,1.6016
GLOBAL,S1D1,LNDSGCHRTOT,1,2027,1.6067545
GLOBAL,S1D1,LNDSGCHRTOT,1,2028,1.6119091
GLOBAL,S1D1,LNDSGCHRTOT,1,2029,1.6170636
GLOBAL,S1D1,LNDSGCHRTOT,1,2030,1.6222182
GLOBAL,S1D1,LNDSGCHRTOT,1,2031,1.6257364
GLOBAL,S1D1,LNDSGCHRTOT,1,2032,1.6292636
GLOBAL,S1D1,LNDSGCHRTOT,1,2033,1.6327909
GLOBAL,S1D1,LNDSGCHRTOT,1,2034,1.6363182
GLOBAL,S1D1,LNDSGCHRTOT,1,2035,1.6398364
GLOBAL,S1D1,LNDSGCHRTOT,1,2036,1.6414182
GLOBAL,S1D1,LNDSGCHRTOT,1,2037,1.643
GLOBAL,S1D1,LNDSGCHRTOT,1,2038,1.6445818
GLOBAL,S1D1,LNDSGCHRTOT,1,2039,1.6206148
GLOBAL,S1D1,LNDSGCHRTOT,1,2040,1.6477364
GLOBAL,S1D1,LNDSGCHRTOT,1,2041,1.6474909
GLOBAL,S1D1,LNDSGCHRTOT,1,2042,1.6472455
GLOBAL,S1D1,LNDSGCHRTOT,1,2043,1.647
GLOBAL,S1D1,LNDSGCHRTOT,1,2044,1.6467636
GLOBAL,S1D1,LNDSGCHRTOT,1,2045,1.6465182
GLOBAL,S1D1,LNDSGCHRTOT,1,2046,1.6448455
GLOBAL,S1D1,LNDSGCHRTOT,1,2047,1.6431727
GLOBAL,S1D1,LNDSGCHRTOT,1,2048,1.630247
GLOBAL,S1D1,LNDSGCHRTOT,1,2049,1.6342008
GLOBAL,S1D1,LNDSGCHRTOT,1,2050,1.6381636
GLOBAL,S1D1,LNDOTHHRTOT,1,2021,0.067992391
GLOBAL,S1D1,LNDOTHHRTOT,1,2022,0.068288696
GLOBAL,S1D1,LNDOTHHRTOT,1,2023,0.068585109
GLOBAL,S1D1,LNDOTHHRTOT,1,2024,0.068881522
GLOBAL,S1D1,LNDOTHHRTOT,1,2025,0.069177826
GLOBAL,S1D1,LNDOTHHRTOT,1,2026,0.069401196
GLOBAL,S1D1,LNDOTHHRTOT,1,2027,0.069624457
GLOBAL,S1D1,LNDOTHHRTOT,1,2028,0.069847717
GLOBAL,S1D1,LNDOTHHRTOT,1,2029,0.070070978
GLOBAL,S1D1,LNDOTHHRTOT,1,2030,0.070294348
GLOBAL,S1D1,LNDOTHHRTOT,1,2031,0.070447065
GLOBAL,S1D1,LNDOTHHRTOT,1,2032,0.070599783
GLOBAL,S1D1,LNDOTHHRTOT,1,2033,0.070752609
GLOBAL,S1D1,LNDOTHHRTOT,1,2034,0.070905326
GLOBAL,S1D1,LNDOTHHRTOT,1,2035,0.071058152
GLOBAL,S1D1,LNDOTHHRTOT,1,2036,0.071126522
GLOBAL,S1D1,LNDOTHHRTOT,1,2037,0.071194891
GLOBAL,S1D1,LNDOTHHRTOT,1,2038,0.07126337
GLOBAL,S1D1,LNDOTHHRTOT,1,2039,0.071696522
GLOBAL,S1D1,LNDOTHHRTOT,1,2040,0.071400217
GLOBAL,S1D1,LNDOTHHRTOT,1,2041,0.071389565
GLOBAL,S1D1,LNDOTHHRTOT,1,2042,0.071379022
GLOBAL,S1D1,LNDOTHHRTOT,1,2043,0.071368478
GLOBAL,S1D1,LNDOTHHRTOT,1,2044,0.071357935
GLOBAL,S1D1,LNDOTHHRTOT,1,2045,0.071347283
GLOBAL,S1D1,LNDOTHHRTOT,1,2046,0.071274891
GLOBAL,S1D1,LNDOTHHRTOT,1,2047,0.0712025
GLOBAL,S1D1,LNDOTHHRTOT,1,2048,0.07129087
GLOBAL,S1D1,LNDOTHHRTOT,1,2049,0.071138152
GLOBAL,S1D1,LNDOTHHRTOT,1,2050,0.070985326
GLOBAL,S1D1,LNDAGRFJIC01,15,2021,1.5690909
GLOBAL,S1D1,LNDAGRFJIC01,20,2021,0.067992391
GLOBAL,S1D1,LNDAGRFJIC01,11,2021,0.073357143
GLOBAL,S1D1,LNDAGRFJIC01,15,2022,1.5759273
GLOBAL,S1D1,LNDAGRFJIC01,20,2022,0.068288696
GLOBAL,S1D1,LNDAGRFJIC01,11,2022,0.073676939
GLOBAL,S1D1,LNDAGRFJIC01,15,2023,1.5827727
GLOBAL,S1D1,LNDAGRFJIC01,20,2023,0.068585109
GLOBAL,S1D1,LNDAGRFJIC01,11,2023,0.073996633
GLOBAL,S1D1,LNDAGRFJIC01,15,2024,1.5896091
GLOBAL,S1D1,LNDAGRFJIC01,20,2024,0.068881522
GLOBAL,S1D1,LNDAGRFJIC01,11,2024,0.074316429
GLOBAL,S1D1,LNDAGRFJIC01,15,2025,1.5964455
GLOBAL,S1D1,LNDAGRFJIC01,20,2025,0.069177826
GLOBAL,S1D1,LNDAGRFJIC01,11,2025,0.074636224
GLOBAL,S1D1,LNDAGRFJIC01,15,2026,1.6016
GLOBAL,S1D1,LNDAGRFJIC01,20,2026,0.069401196
GLOBAL,S1D1,LNDAGRFJIC01,11,2026,0.074877143
GLOBAL,S1D1,LNDAGRFJIC01,15,2027,1.6067545
GLOBAL,S1D1,LNDAGRFJIC01,20,2027,0.069624457
GLOBAL,S1D1,LNDAGRFJIC01,11,2027,0.075118061
GLOBAL,S1D1,LNDAGRFJIC01,15,2028,1.6119091
GLOBAL,S1D1,LNDAGRFJIC01,20,2028,0.069847717
GLOBAL,S1D1,LNDAGRFJIC01,11,2028,0.075358878
GLOBAL,S1D1,LNDAGRFJIC01,15,2029,1.6170636
GLOBAL,S1D1,LNDAGRFJIC01,20,2029,0.070070978
GLOBAL,S1D1,LNDAGRFJIC01,11,2029,0.075599796
GLOBAL,S1D1,LNDAGRFJIC01,15,2030,1.6222182
GLOBAL,S1D1,LNDAGRFJIC01,20,2030,0.070294348
GLOBAL,S1D1,LNDAGRFJIC01,11,2030,0.075840714
GLOBAL,S1D1,LNDAGRFJIC01,15,2031,1.6257364
GLOBAL,S1D1,LNDAGRFJIC01,20,2031,0.070447065
GLOBAL,S1D1,LNDAGRFJIC01,11,2031,0.07600551
GLOBAL,S1D1,LNDAGRFJIC01,15,2032,1.6292636
GLOBAL,S1D1,LNDAGRFJIC01,20,2032,0.070599783
GLOBAL,S1D1,LNDAGRFJIC01,11,2032,0.076170408
GLOBAL,S1D1,LNDAGRFJIC01,15,2033,1.6327909
GLOBAL,S1D1,LNDAGRFJIC01,20,2033,0.070752609
GLOBAL,S1D1,LNDAGRFJIC01,11,2033,0.076335204
GLOBAL,S1D1,LNDAGRFJIC01,15,2034,1.6363182
GLOBAL,S1D1,LNDAGRFJIC01,20,2034,0.070905326
GLOBAL,S1D1,LNDAGRFJIC01,11,2034,0.0765
GLOBAL,S1D1,LNDAGRFJIC01,15,2035,1.6398364
GLOBAL,S1D1,LNDAGRFJIC01,20,2035,0.071058152
GLOBAL,S1D1,LNDAGRFJIC01,11,2035,0.076664796
GLOBAL,S1D1,LNDAGRFJIC01,15,2036,1.6414182
GLOBAL,S1D1,LNDAGRFJIC01,20,2036,0.071126522
GLOBAL,S1D1,LNDAGRFJIC01,11,2036,0.076738571
GLOBAL,S1D1,LNDAGRFJIC01,15,2037,1.643
GLOBAL,S1D1,LNDAGRFJIC01,20,2037,0.071194891
GLOBAL,S1D1,LNDAGRFJIC01,11,2037,0.076812449
GLOBAL,S1D1,LNDAGRFJIC01,15,2038,1.6445818
GLOBAL,S1D1,LNDAGRFJIC01,20,2038,0.07126337
GLOBAL,S1D1,LNDAGRFJIC01,11,2038,0.076886224
GLOBAL,S1D1,LNDAGRFJIC01,15,2039,1.6206148
GLOBAL,S1D1,LNDAGRFJIC01,20,2039,0.071696522
GLOBAL,S1D1,LNDAGRFJIC01,11,2039,0.077353673
GLOBAL,S1D1,LNDAGRFJIC01,15,2040,1.6477364
GLOBAL,S1D1,LNDAGRFJIC01,20,2040,0.071400217
GLOBAL,S1D1,LNDAGRFJIC01,11,2040,0.077033878
GLOBAL,S1D1,LNDAGRFJIC01,20,2041,0.071389565
GLOBAL,S1D1,LNDAGRFJIC01,11,2041,0.077022449
GLOBAL,S1D1,LNDAGRFJIC01,15,2042,1.6472455
GLOBAL,S1D1,LNDAGRFJIC01,20,2042,0.071379022
GLOBAL,S1D1,LNDAGRFJIC01,11,2042,0.07701102
GLOBAL,S1D1,LNDAGRFJIC01,15,2043,1.647
GLOBAL,S1D1,LNDAGRFJIC01,20,2043,0.071368478
GLOBAL,S1D1,LNDAGRFJIC01,11,2043,0.076999694
GLOBAL,S1D1,LNDAGRFJIC01,15,2044,1.6467636
GLOBAL,S1D1,LNDAGRFJIC01,20,2044,0.071357935
GLOBAL,S1D1,LNDAGRFJIC01,11,2044,0.076988265
GLOBAL,S1D1,LNDAGRFJIC01,15,2045,1.6465182
GLOBAL,S1D1,LNDAGRFJIC01,20,2045,0.071347283
GLOBAL,S1D1,LNDAGRFJIC01,11,2045,0.076976837
GLOBAL,S1D1,LNDAGRFJIC01,15,2046,1.6448455
GLOBAL,S1D1,LNDAGRFJIC01,20,2046,0.071274891
GLOBAL,S1D1,LNDAGRFJIC01,11,2046,0.076898673
GLOBAL,S1D1,LNDAGRFJIC01,15,2047,1.6431727
GLOBAL,S1D1,LNDAGRFJIC01,20,2047,0.0712025
GLOBAL,S1D1,LNDAGRFJIC01,11,2047,0.076820612
GLOBAL,S1D1,LNDAGRFJIC01,15,2048,1.630247
GLOBAL,S1D1,LNDAGRFJIC01,20,2048,0.07129087
GLOBAL,S1D1,LNDAGRFJIC01,11,2048,0.076915816
GLOBAL,S1D1,LNDAGRFJIC01,15,2049,1.6342008
GLOBAL,S1D1,LNDAGRFJIC01,20,2049,0.071138152
GLOBAL,S1D1,LNDAGRFJIC01,11,2049,0.07675102
GLOBAL,S1D1,LNDAGRFJIC01,15,2050,1.6381636
GLOBAL,S1D1,LNDAGRFJIC01,20,2050,0.070985326
GLOBAL,S1D1,LNDAGRFJIC01,11,2050,0.076586224
GLOBAL,S1D1,LNDAGRFJIC04,8,2021,0.044243878
GLOBAL,S1D1,LNDAGRFJIC04,14,2021,0.059223846
GLOBAL,S1D1,LNDAGRFJIC04,8,2022,0.044436735
GLOBAL,S1D1,LNDAGRFJIC04,14,2022,0.059481978
GLOBAL,S1D1,LNDAGRFJIC04,8,2023,0.044629592
GLOBAL,S1D1,LNDAGRFJIC04,14,2023,0.05974022
GLOBAL,S1D1,LNDAGRFJIC04,8,2024,0.044822449
GLOBAL,S1D1,LNDAGRFJIC04,14,2024,0.059998352
GLOBAL,S1D1,LNDAGRFJIC04,8,2025,0.045015306
GLOBAL,S1D1,LNDAGRFJIC04,14,2025,0.060256484
GLOBAL,S1D1,LNDAGRFJIC04,8,2026,0.045160612
GLOBAL,S1D1,LNDAGRFJIC04,14,2026,0.060450989
GLOBAL,S1D1,LNDAGRFJIC04,8,2027,0.045305918
GLOBAL,S1D1,LNDAGRFJIC04,14,2027,0.060645495
GLOBAL,S1D1,LNDAGRFJIC04,8,2028,0.045451224
GLOBAL,S1D1,LNDAGRFJIC04,14,2028,0.06084
GLOBAL,S1D1,LNDAGRFJIC04,8,2029,0.045596531
GLOBAL,S1D1,LNDAGRFJIC04,14,2029,0.061034396
GLOBAL,S1D1,LNDAGRFJIC04,8,2030,0.045741837
GLOBAL,S1D1,LNDAGRFJIC04,14,2030,0.061228901
GLOBAL,S1D1,LNDAGRFJIC04,8,2031,0.045841224
GLOBAL,S1D1,LNDAGRFJIC04,14,2031,0.061361978
GLOBAL,S1D1,LNDAGRFJIC04,8,2032,0.045940612
GLOBAL,S1D1,LNDAGRFJIC04,14,2032,0.061495055
GLOBAL,S1D1,LNDAGRFJIC04,8,2033,0.04604
GLOBAL,S1D1,LNDAGRFJIC04,14,2033,0.061628132
GLOBAL,S1D1,LNDAGRFJIC04,8,2034,0.046139388
GLOBAL,S1D1,LNDAGRFJIC04,14,2034,0.061761209
GLOBAL,S1D1,LNDAGRFJIC04,8,2035,0.046238776
GLOBAL,S1D1,LNDAGRFJIC04,14,2035,0.061894176
GLOBAL,S1D1,LNDAGRFJIC04,8,2036,0.046283265
GLOBAL,S1D1,LNDAGRFJIC04,14,2036,0.061953846
GLOBAL,S1D1,LNDAGRFJIC04,8,2037,0.046327959
GLOBAL,S1D1,LNDAGRFJIC04,14,2037,0.062013407
GLOBAL,S1D1,LNDAGRFJIC04,8,2038,0.046372449
GLOBAL,S1D1,LNDAGRFJIC04,14,2038,0.062072967
GLOBAL,S1D1,LNDAGRFJIC04,8,2039,0.046654286
GLOBAL,S1D1,LNDAGRFJIC04,14,2039,0.06245033
GLOBAL,S1D1,LNDAGRFJIC04,8,2040,0.046461429
GLOBAL,S1D1,LNDAGRFJIC04,14,2040,0.062192198
GLOBAL,S1D1,LNDAGRFJIC04,15,2041,1.6474909
GLOBAL,S1D1,LNDAGRFJIC04,8,2041,0.04645449
GLOBAL,S1D1,LNDAGRFJIC04,14,2041,0.062182967
GLOBAL,S1D1,LNDAGRFJIC04,8,2042,0.046447755
GLOBAL,S1D1,LNDAGRFJIC04,14,2042,0.062173736
GLOBAL,S1D1,LNDAGRFJIC04,8,2043,0.046440816
GLOBAL,S1D1,LNDAGRFJIC04,14,2043,0.062164615
GLOBAL,S1D1,LNDAGRFJIC04,8,2044,0.046433878
GLOBAL,S1D1,LNDAGRFJIC04,14,2044,0.062155385
GLOBAL,S1D1,LNDAGRFJIC04,8,2045,0.046426939
GLOBAL,S1D1,LNDAGRFJIC04,14,2045,0.062146154
GLOBAL,S1D1,LNDAGRFJIC04,8,2046,0.04638
GLOBAL,S1D1,LNDAGRFJIC04,14,2046,0.062083077
GLOBAL,S1D1,LNDAGRFJIC04,8,2047,0.046332857
GLOBAL,S1D1,LNDAGRFJIC04,14,2047,0.06202
GLOBAL,S1D1,LNDAGRFJIC04,8,2048,0.046390204
GLOBAL,S1D1,LNDAGRFJIC04,14,2048,0.062096813
GLOBAL,S1D1,LNDAGRFJIC04,8,2049,0.046290816
GLOBAL,S1D1,LNDAGRFJIC04,14,2049,0.061963736
GLOBAL,S1D1,LNDAGRFJIC04,8,2050,0.046191429
GLOBAL,S1D1,LNDAGRFJIC04,14,2050,0.061830769
GLOBAL,S1D1,LNDFORTOT,1,2021,35.135942
GLOBAL,S1D1,LNDFORTOT,1,2034,66.080177
GLOBAL,S1D1,LNDFORTOT,1,2040,59.741144
GLOBAL,S2D2,PWRBIOFJIXX01,1,2022,2.1980592
GLOBAL,S2D2,PWRBIOFJIXX01,1,2023,1.1394396
GLOBAL,S2D2,PWRBIOFJIXX01,1,2024,1.060106
GLOBAL,S2D2,PWRBIOFJIXX01,1,2025,0.9906891
GLOBAL,S2D2,PWRBIOFJIXX01,1,2026,0.84193861
GLOBAL,S2D2,PWRBIOFJIXX01,1,2027,0.69318811
GLOBAL,S2D2,PWRBIOFJIXX01,1,2028,0.55919368
GLOBAL,S2D2,PWRBIOFJIXX01,1,2030,0.95165265
GLOBAL,S2D2,PWRBIOFJIXX01,1,2031,1.0912798
GLOBAL,S2D2,PWRBIOFJIXX01,1,2032,0.0052539151
GLOBAL,S2D2,PWRBIOFJIXX01,1,2033,0.0052539151
GLOBAL,S2D2,PWRBIOFJIXX01,1,2034,0.0061641146
GLOBAL,S2D2,PWRBIOFJIXX01,1,2035,0.18140807
GLOBAL,S2D2,PWRBIOFJIXX01,1,2037,0.017454511
GLOBAL,S2D2,PWRBIOFJIXX01,1,2039,0.44239044
GLOBAL,S2D2,PWRBIOFJIXX01,1,2040,0.029666874
GLOBAL,S2D2,PWRBIOFJIXX01,1,2041,0.037976903
GLOBAL,S2D2,PWRBIOFJIXX01,1,2045,0.42022076
GLOBAL,S2D2,PWRBIOFJIXX01,1,2046,0.3714177
GLOBAL,S2D2,PWRBIOFJIXX01,1,2047,0.47165061
GLOBAL,S2D2,PWRBIOFJIXX01,1,2048,2.3179297
GLOBAL,S2D2,PWRBIOFJIXX01,1,2049,1.2255487
GLOBAL,S2D2,PWRHYDFJIXX01,1,2021,2.9234431
GLOBAL,S2D2,PWRHYDFJIXX01,1,2022,0.79519744
GLOBAL,S2D2,PWRHYDFJIXX01,1,2023,1.9149039
GLOBAL,S2D2,PWRHYDFJIXX01,1,2024,2.0640511
GLOBAL,S2D2,PWRHYDFJIXX01,1,2025,2.1945548
GLOBAL,S2D2,PWRHYDFJIXX01,1,2026,2.4742058
GLOBAL,S2D2,PWRHYDFJIXX01,1,2027,2.7538567
GLOBAL,S2D2,PWRHYDFJIXX01,1,2028,3.0187516
GLOBAL,S2D2,PWRHYDFJIXX01,1,2029,3.7088457
GLOBAL,S2D2,PWRHYDFJIXX01,1,2030,2.8880935
GLOBAL,S2D2,PWRHYDFJIXX01,1,2031,2.8880935
GLOBAL,S2D2,PWRHYDFJIXX01,1,2032,4.0107184
GLOBAL,S2D2,PWRHYDFJIXX01,1,2033,4.1590722
GLOBAL,S2D2,PWRHYDFJIXX01,1,2034,2.8880935
GLOBAL,S2D2,PWRHYDFJIXX01,1,2035,4.196505
GLOBAL,S2D2,PWRHYDFJIXX01,1,2036,4.1501985
GLOBAL,S2D2,PWRHYDFJIXX01,1,2037,4.196505
GLOBAL,S2D2,PWRHYDFJIXX01,1,2038,4.196505
GLOBAL,S2D2,PWRHYDFJIXX01,1,2039,4.196505
GLOBAL,S2D2,PWRHYDFJIXX01,1,2040,4.1077031
GLOBAL,S2D2,PWRHYDFJIXX01,1,2041,4.196505
GLOBAL,S2D2,PWRHYDFJIXX01,1,2042,4.196505
GLOBAL,S2D2,PWRHYDFJIXX01,1,2043,4.196505
GLOBAL,S2D2,PWRHYDFJIXX01,1,2044,4.196505
GLOBAL,S2D2,PWRHYDFJIXX01,1,2045,4.196505
GLOBAL,S2D2,PWRHYDFJIXX01,1,2046,4.196505
GLOBAL,S2D2,PWRHYDFJIXX01,1,2047,4.196505
GLOBAL,S2D2,PWRHYDFJIXX01,1,2048,4.196505
GLOBAL,S2D2,PWRHYDFJIXX01,1,2049,4.196505
GLOBAL,S2D2,PWRHYDFJIXX01,1,2050,4.196505
GLOBAL,S2D2,PWROILFJIXX01,2,2035,0.065667324
GLOBAL,S2D2,PWROILFJIXX01,2,2038,0.73577036
GLOBAL,S2D2,PWROILFJIXX01,2,2039,0.56221525
GLOBAL,S2D2,PWROILFJIXX01,2,2041,0.31304274
GLOBAL,S2D2,PWRPETFJIXX01,2,2034,1.4096956
GLOBAL,S2D2,PWRPETFJIXX01,2,2036,0.45918913
GLOBAL,S2D2,PWRPETFJIXX01,2,2037,0.56123532
GLOBAL,S2D2,PWRPETFJIXX01,2,2040,0.95562806
GLOBAL,S2D2,PWRPETFJIXX01,2,2041,0.73746067
GLOBAL,S2D2,PWRPETFJIXX01,2,2042,1.2717409
GLOBAL,S2D2,PWRPETFJIXX01,2,2043,1.4550015
GLOBAL,S2D2,PWRPETFJIXX01,2,2044,1.6469888
GLOBAL,S2D2,PWRPETFJIXX01,2,2045,1.4100287
GLOBAL,S2D2,PWRPETFJIXX01,2,2046,1.6769991
GLOBAL,S2D2,PWRPETFJIXX01,2,2047,1.6281117
GLOBAL,S2D2,PWRPETFJIXX01,2,2049,1.3105484
GLOBAL,S2D2,PWRPETFJIXX01,2,2050,2.7542645
GLOBAL,S2D2,PWRSPVFJIXX01,1,2040,0.26519321
GLOBAL,S2D2,PWRSPVFJIXX01,1,2041,0.26519321
GLOBAL,S2D2,PWRSPVFJIXX01,1,2042,0.26519321
GLOBAL,S2D2,PWRSPVFJIXX01,1,2043,0.26519321
GLOBAL,S2D2,PWRSPVFJIXX01,1,2044,0.26519321
GLOBAL,S2D2,PWRSPVFJIXX01,1,2045,0.26519321
GLOBAL,S2D2,PWRSPVFJIXX01,1,2046,0.26519321
GLOBAL,S2D2,PWRSPVFJIXX01,1,2047,0.44074184
GLOBAL,S2D2,PWRSPVFJIXX01,1,2048,0.44074184
GLOBAL,S2D2,PWRSPVFJIXX01,1,2049,0.44074184
GLOBAL,S2D2,PWRSPVFJIXX01,1,2050,0.44074184
GLOBAL,S2D2,PWRTRNFJIXX,1,2021,2.9234431
GLOBAL,S2D2,PWRTRNFJIXX,1,2022,2.9932566
GLOBAL,S2D2,PWRTRNFJIXX,1,2023,3.0543435
GLOBAL,S2D2,PWRTRNFJIXX,1,2024,3.1241571
GLOBAL,S2D2,PWRTRNFJIXX,1,2025,3.185244
GLOBAL,S2D2,PWRTRNFJIXX,1,2026,3.3161444
GLOBAL,S2D2,PWRTRNFJIXX,1,2027,3.4470448
GLOBAL,S2D2,PWRTRNFJIXX,1,2028,3.5779453
GLOBAL,S2D2,PWRTRNFJIXX,1,2029,3.7088457
GLOBAL,S2D2,PWRTRNFJIXX,1,2030,3.8397461
GLOBAL,S2D2,PWRTRNFJIXX,1,2031,3.9793733
GLOBAL,S2D2,PWRTRNFJIXX,1,2032,4.1190004
GLOBAL,S2D2,PWRTRNFJIXX,1,2033,4.2673542
GLOBAL,S2D2,PWRTRNFJIXX,1,2034,4.4069814
GLOBAL,S2D2,PWRTRNFJIXX,1,2035,4.5466085
GLOBAL,S2D2,PWRTRNFJIXX,1,2036,4.7124157
GLOBAL,S2D2,PWRTRNFJIXX,1,2037,4.8782229
GLOBAL,S2D2,PWRTRNFJIXX,1,2038,5.0353035
GLOBAL,S2D2,PWRTRNFJIXX,1,2039,5.2011107
GLOBAL,S2D2,PWRTRNFJIXX,1,2040,5.3581912
GLOBAL,S2D2,PWRTRNFJIXX,1,2041,5.5501785
GLOBAL,S2D2,PWRTRNFJIXX,1,2042,5.7334391
GLOBAL,S2D2,PWRTRNFJIXX,1,2043,5.9166997
GLOBAL,S2D2,PWRTRNFJIXX,1,2044,6.108687
GLOBAL,S2D2,PWRTRNFJIXX,1,2045,6.2919476
GLOBAL,S2D2,PWRTRNFJIXX,1,2046,6.510115
GLOBAL,S2D2,PWRTRNFJIXX,1,2047,6.7370091
GLOBAL,S2D2,PWRTRNFJIXX,1,2048,6.9551765
GLOBAL,S2D2,PWRTRNFJIXX,1,2049,7.1733439
GLOBAL,S2D2,PWRTRNFJIXX,1,2050,7.3915113
GLOBAL,S2D2,PWRWONFJIXX01,1,2032,0.10302811
GLOBAL,S2D2,PWRWONFJIXX01,1,2033,0.10302811
GLOBAL,S2D2,PWRWONFJIXX01,1,2034,0.10302811
GLOBAL,S2D2,PWRWONFJIXX01,1,2035,0.10302811
GLOBAL,S2D2,PWRWONFJIXX01,1,2036,0.10302811
GLOBAL,S2D2,PWRWONFJIXX01,1,2037,0.10302811
GLOBAL,S2D2,PWRWONFJIXX01,1,2038,0.10302811
GLOBAL,S2D2,RNWBIOFJIXX,1,2022,8.3965861
GLOBAL,S2D2,RNWBIOFJIXX,1,2023,4.3526593
GLOBAL,S2D2,RNWBIOFJIXX,1,2024,4.0496049
GLOBAL,S2D2,RNWBIOFJIXX,1,2025,3.7844324
GLOBAL,S2D2,RNWBIOFJIXX,1,2026,3.2162055
GLOBAL,S2D2,RNWBIOFJIXX,1,2027,2.6479786
GLOBAL,S2D2,RNWBIOFJIXX,1,2028,2.1361199
GLOBAL,S2D2,RNWBIOFJIXX,1,2030,3.6353131
GLOBAL,S2D2,RNWBIOFJIXX,1,2031,4.1686888
GLOBAL,S2D2,RNWBIOFJIXX,1,2032,0.020069956
GLOBAL,S2D2,RNWBIOFJIXX,1,2033,0.020069956
GLOBAL,S2D2,RNWBIOFJIXX,1,2034,0.023546918
GLOBAL,S2D2,RNWBIOFJIXX,1,2035,0.69297883
GLOBAL,S2D2,RNWBIOFJIXX,1,2037,0.066676233
GLOBAL,S2D2,RNWBIOFJIXX,1,2039,1.6899315
GLOBAL,S2D2,RNWBIOFJIXX,1,2040,0.11332746
GLOBAL,S2D2,RNWBIOFJIXX,1,2041,0.14507177
GLOBAL,S2D2,RNWBIOFJIXX,1,2045,1.6052433
GLOBAL,S2D2,RNWBIOFJIXX,1,2046,1.4188156
GLOBAL,S2D2,RNWBIOFJIXX,1,2047,1.8017053
GLOBAL,S2D2,RNWBIOFJIXX,1,2048,8.8544914
GLOBAL,S2D2,RNWBIOFJIXX,1,2049,4.6815961
GLOBAL,S2D2,RNWHYDFJIXX,1,2021,2.9234431
GLOBAL,S2D2,RNWHYDFJIXX,1,2022,0.79519744
GLOBAL,S2D2,RNWHYDFJIXX,1,2023,1.9149039
GLOBAL,S2D2,RNWHYDFJIXX,1,2024,2.0640511
GLOBAL,S2D2,RNWHYDFJIXX,1,2025,2.1945548
GLOBAL,S2D2,RNWHYDFJIXX,1,2026,2.4742058
GLOBAL,S2D2,RNWHYDFJIXX,1,2027,2.7538567
GLOBAL,S2D2,RNWHYDFJIXX,1,2028,3.0187516
GLOBAL,S2D2,RNWHYDFJIXX,1,2029,3.7088457
GLOBAL,S2D2,RNWHYDFJIXX,1,2030,2.8880935
GLOBAL,S2D2,RNWHYDFJIXX,1,2031,2.8880935
GLOBAL,S2D2,RNWHYDFJIXX,1,2032,4.0107184
GLOBAL,S2D2,RNWHYDFJIXX,1,2033,4.1590722
GLOBAL,S2D2,RNWHYDFJIXX,1,2034,2.8880935
GLOBAL,S2D2,RNWHYDFJIXX,1,2035,4.196505
GLOBAL,S2D2,RNWHYDFJIXX,1,2036,4.1501985
GLOBAL,S2D2,RNWHYDFJIXX,1,2037,4.196505
GLOBAL,S2D2,RNWHYDFJIXX,1,2038,4.196505
GLOBAL,S2D2,RNWHYDFJIXX,1,2039,4.196505
GLOBAL,S2D2,RNWHYDFJIXX,1,2040,4.1077031
GLOBAL,S2D2,RNWHYDFJIXX,1,2041,4.196505
GLOBAL,S2D2,RNWHYDFJIXX,1,2042,4.196505
GLOBAL,S2D2,RNWHYDFJIXX,1,2043,4.196505
GLOBAL,S2D2,RNWHYDFJIXX,1,2044,4.196505
GLOBAL,S2D2,RNWHYDFJIXX,1,2045,4.196505
GLOBAL,S2D2,RNWHYDFJIXX,1,2046,4.196505
GLOBAL,S2D2,RNWHYDFJIXX,1,2047,4.196505
GLOBAL,S2D2,RNWHYDFJIXX,1,2048,4.196505
GLOBAL,S2D2,RNWHYDFJIXX,1,2049,4.196505
GLOBAL,S2D2,RNWHYDFJIXX,1,2050,4.196505
GLOBAL,S2D2,RNWSPVFJIXX,1,2040,0.26519321
GLOBAL,S2D2,RNWSPVFJIXX,1,2041,0.26519321
GLOBAL,S2D2,RNWSPVFJIXX,1,2042,0.26519321
GLOBAL,S2D2,RNWSPVFJIXX,1,2043,0.26519321
GLOBAL,S2D2,RNWSPVFJIXX,1,2044,0.26519321
GLOBAL,S2D2,RNWSPVFJIXX,1,2045,0.26519321
GLOBAL,S2D2,RNWSPVFJIXX,1,2046,0.26519321
GLOBAL,S2D2,RNWSPVFJIXX,1,2047,0.44074184
GLOBAL,S2D2,RNWSPVFJIXX,1,2048,0.44074184
GLOBAL,S2D2,RNWSPVFJIXX,1,2049,0.44074184
GLOBAL,S2D2,RNWSPVFJIXX,1,2050,0.44074184
GLOBAL,S2D2,RNWWONFJIXX,1,2032,0.10302811
GLOBAL,S2D2,RNWWONFJIXX,1,2033,0.10302811
GLOBAL,S2D2,RNWWONFJIXX,1,2034,0.10302811
GLOBAL,S2D2,RNWWONFJIXX,1,2035,0.10302811
GLOBAL,S2D2,RNWWONFJIXX,1,2036,0.10302811
GLOBAL,S2D2,RNWWONFJIXX,1,2037,0.10302811
GLOBAL,S2D2,RNWWONFJIXX,1,2038,0.10302811
GLOBAL,S2D2,MINLNDTOT,1,2021,26.170909
GLOBAL,S2D2,MINLNDTOT,1,2022,1.8218116
GLOBAL,S2D2,MINLNDTOT,1,2023,1.8297243
GLOBAL,S2D2,MINLNDTOT,1,2024,1.8376278
GLOBAL,S2D2,MINLNDTOT,1,2025,1.8455313
GLOBAL,S2D2,MINLNDTOT,1,2026,1.8514899
GLOBAL,S2D2,MINLNDTOT,1,2027,1.8574485
GLOBAL,S2D2,MINLNDTOT,1,2028,1.8634069
GLOBAL,S2D2,MINLNDTOT,1,2029,1.8693653
GLOBAL,S2D2,MINLNDTOT,1,2030,1.875324
GLOBAL,S2D2,MINLNDTOT,1,2031,1.8793921
GLOBAL,S2D2,MINLNDTOT,1,2032,1.8834695
GLOBAL,S2D2,MINLNDTOT,1,2033,1.8875469
GLOBAL,S2D2,MINLNDTOT,1,2034,1.8916241
GLOBAL,S2D2,MINLNDTOT,1,2035,1.8956923
GLOBAL,S2D2,MINLNDTOT,1,2036,66.853409
GLOBAL,S2D2,MINLNDTOT,1,2037,1.8993487
GLOBAL,S2D2,MINLNDTOT,1,2038,1.9011768
GLOBAL,S2D2,MINLNDTOT,1,2039,1.9127275
GLOBAL,S2D2,MINLNDTOT,1,2040,1.9048241
GLOBAL,S2D2,MINLNDTOT,1,2041,1.9045404
GLOBAL,S2D2,MINLNDTOT,1,2042,1.904257
GLOBAL,S2D2,MINLNDTOT,1,2043,1.9039736
GLOBAL,S2D2,MINLNDTOT,1,2044,1.9036991
GLOBAL,S2D2,MINLNDTOT,1,2045,1.9034154
GLOBAL,S2D2,MINLNDTOT,1,2046,1.9014821
GLOBAL,S2D2,MINLNDTOT,1,2047,1.8995487
GLOBAL,S2D2,MINLNDTOT,1,2048,1.9019028
GLOBAL,S2D2,MINLNDTOT,1,2049,1.8978255
GLOBAL,S2D2,MINLNDTOT,1,2050,1.8937574
GLOBAL,S2D2,MINPRCFJI,1,2021,69.65792
GLOBAL,S2D2,MINPRCFJI,1,2022,3.9109838
GLOBAL,S2D2,MINPRCFJI,1,2023,4.8776337
GLOBAL,S2D2,MINPRCFJI,1,2024,4.8987027
GLOBAL,S2D2,MINPRCFJI,1,2025,4.9197714
GLOBAL,S2D2,MINPRCFJI,1,2026,4.9356559
GLOBAL,S2D2,MINPRCFJI,1,2027,4.95154
GLOBAL,S2D2,MINPRCFJI,1,2028,4.9660628
GLOBAL,S2D2,MINPRCFJI,1,2029,4.9774892
GLOBAL,S2D2,MINPRCFJI,1,2030,4.988916
GLOBAL,S2D2,MINPRCFJI,1,2031,4.9967176
GLOBAL,S2D2,MINPRCFJI,1,2032,5.0045367
GLOBAL,S2D2,MINPRCFJI,1,2033,5.0317756
GLOBAL,S2D2,MINPRCFJI,1,2034,5.0201747
GLOBAL,S2D2,MINPRCFJI,1,2035,5.0279762
GLOBAL,S2D2,MINPRCFJI,1,2036,169.81952
GLOBAL,S2D2,MINPRCFJI,1,2037,5.0349881
GLOBAL,S2D2,MINPRCFJI,1,2038,5.0384938
GLOBAL,S2D2,MINPRCFJI,1,2039,5.0725991
GLOBAL,S2D2,MINPRCFJI,1,2040,5.0454882
GLOBAL,S2D2,MINPRCFJI,1,2041,5.0770766
GLOBAL,S2D2,MINPRCFJI,1,2042,5.0444007
GLOBAL,S2D2,MINPRCFJI,1,2043,5.0438573
GLOBAL,S2D2,MINPRCFJI,1,2044,5.0433308
GLOBAL,S2D2,MINPRCFJI,1,2045,5.0427867
GLOBAL,S2D2,MINPRCFJI,1,2046,5.0689238
GLOBAL,S2D2,MINPRCFJI,1,2047,5.0637698
GLOBAL,S2D2,MINPRCFJI,1,2048,5.0430937
GLOBAL,S2D2,MINPRCFJI,1,2049,5.0591762
GLOBAL,S2D2,MINPRCFJI,1,2050,5.0483316
GLOBAL,S2D2,LNDCONHRTOT,1,2021,0.044243878
GLOBAL,S2D2,LNDCONHRTOT,1,2022,0.044436735
GLOBAL,S2D2,LNDCONHRTOT,1,2023,0.044629592
GLOBAL,S2D2,LNDCONHRTOT,1,2024,0.044822449
GLOBAL,S2D2,LNDCONHRTOT,1,2025,0.045015306
GLOBAL,S2D2,LNDCONHRTOT,1,2026,0.045160612
GLOBAL,S2D2,LNDCONHRTOT,1,2027,0.045305918
GLOBAL,S2D2,LNDCONHRTOT,1,2028,0.045451224
GLOBAL,S2D2,LNDCONHRTOT,1,2029,0.045596531
GLOBAL,S2D2,LNDCONHRTOT,1,2030,0.045741837
GLOBAL,S2D2,LNDCONHRTOT,1,2031,0.045841224
GLOBAL,S2D2,LNDCONHRTOT,1,2032,0.045940612
GLOBAL,S2D2,LNDCONHRTOT,1,2033,0.04604
GLOBAL,S2D2,LNDCONHRTOT,1,2034,0.046139388
GLOBAL,S2D2,LNDCONHRTOT,1,2035,0.046238776
GLOBAL,S2D2,LNDCONHRTOT,1,2036,0.046283265
GLOBAL,S2D2,LNDCONHRTOT,1,2037,0.046327959
GLOBAL,S2D2,LNDCONHRTOT,1,2038,0.046372449
GLOBAL,S2D2,LNDCONHRTOT,1,2039,0.046654286
GLOBAL,S2D2,LNDCONHRTOT,1,2040,0.046461429
GLOBAL,S2D2,LNDCONHRTOT,1,2041,0.04645449
GLOBAL,S2D2,LNDCONHRTOT,1,2042,0.046447755
GLOBAL,S2D2,LNDCONHRTOT,1,2043,0.046440816
GLOBAL,S2D2,LNDCONHRTOT,1,2044,0.046433878
GLOBAL,S2D2,LNDCONHRTOT,1,2045,0.046426939
GLOBAL,S2D2,LNDCONHRTOT,1,2046,0.04638
GLOBAL,S2D2,LNDCONHRTOT,1,2047,0.046332857
GLOBAL,S2D2,LNDCONHRTOT,1,2048,0.046390204
GLOBAL,S2D2,LNDCONHRTOT,1,2049,0.046290816
GLOBAL,S2D2,LNDCONHRTOT,1,2050,0.046191429
GLOBAL,S2D2,LNDCASHRTOT,1,2021,0.073357143
GLOBAL,S2D2,LNDCASHRTOT,1,2022,0.073676939
GLOBAL,S2D2,LNDCASHRTOT,1,2023,0.073996633
GLOBAL,S2D2,LNDCASHRTOT,1,2024,0.074316429
GLOBAL,S2D2,LNDCASHRTOT,1,2025,0.074636224
GLOBAL,S2D2,LNDCASHRTOT,1,2026,0.074877143
GLOBAL,S2D2,LNDCASHRTOT,1,2027,0.075118061
GLOBAL,S2D2,LNDCASHRTOT,1,2028,0.075358878
GLOBAL,S2D2,LNDCASHRTOT,1,2029,0.075599796
GLOBAL,S2D2,LNDCASHRTOT,1,2030,0.075840714
GLOBAL,S2D2,LNDCASHRTOT,1,2031,0.07600551
GLOBAL,S2D2,LNDCASHRTOT,1,2032,0.076170408
GLOBAL,S2D2,LNDCASHRTOT,1,2033,0.076335204
GLOBAL,S2D2,LNDCASHRTOT,1,2034,0.0765
GLOBAL,S2D2,LNDCASHRTOT,1,2035,0.076664796
GLOBAL,S2D2,LNDCASHRTOT,1,2036,0.076738571
GLOBAL,S2D2,LNDCASHRTOT,1,2037,0.076812449
GLOBAL,S2D2,LNDCASHRTOT,1,2038,0.076886224
GLOBAL,S2D2,LNDCASHRTOT,1,2039,0.077353673
GLOBAL,S2D2,LNDCASHRTOT,1,2040,0.077033878
GLOBAL,S2D2,LNDCASHRTOT,1,2041,0.077022449
GLOBAL,S2D2,LNDCASHRTOT,1,2042,0.07701102
GLOBAL,S2D2,LNDCASHRTOT,1,2043,0.076999694
GLOBAL,S2D2,LNDCASHRTOT,1,2044,0.076988265
GLOBAL,S2D2,LNDCASHRTOT,1,2045,0.076976837
GLOBAL,S2D2,LNDCASHRTOT,1,2046,0.076898673
GLOBAL,S2D2,LNDCASHRTOT,1,2047,0.076820612
GLOBAL,S2D2,LNDCASHRTOT,1,2048,0.076915816
GLOBAL,S2D2,LNDCASHRTOT,1,2049,0.07675102
GLOBAL,S2D2,LNDCASHRTOT,1,2050,0.076586224
GLOBAL,S2D2,LNDYAMHRTOT,1,2021,0.059223846
GLOBAL,S2D2,LNDYAMHRTOT,1,2022,0.059481978
GLOBAL,S2D2,LNDYAMHRTOT,1,2023,0.05974022
GLOBAL,S2D2,LNDYAMHRTOT,1,2024,0.059998352
GLOBAL,S2D2,LNDYAMHRTOT,1,2025,0.060256484
GLOBAL,S2D2,LNDYAMHRTOT,1,2026,0.060450989
GLOBAL,S2D2,LNDYAMHRTOT,1,2027,0.060645495
GLOBAL,S2D2,LNDYAMHRTOT,1,2028,0.06084
GLOBAL,S2D2,LNDYAMHRTOT,1,2029,0.061034396
GLOBAL,S2D2,LNDYAMHRTOT,1,2030,0.061228901
GLOBAL,S2D2,LNDYAMHRTOT,1,2031,0.061361978
GLOBAL,S2D2,LNDYAMHRTOT,1,2032,0.061495055
GLOBAL,S2D2,LNDYAMHRTOT,1,2033,0.061628132
GLOBAL,S2D2,LNDYAMHRTOT,1,2034,0.061761209
GLOBAL,S2D2,LNDYAMHRTOT,1,2035,0.061894176
GLOBAL,S2D2,LNDYAMHRTOT,1,2036,0.061953846
GLOBAL,S2D2,LNDYAMHRTOT,1,2037,0.062013407
GLOBAL,S2D2,LNDYAMHRTOT,1,2038,0.062072967
GLOBAL,S2D2,LNDYAMHRTOT,1,2039,0.06245033
GLOBAL,S2D2,LNDYAMHRTOT,1,2040,0.062192198
GLOBAL,S2D2,LNDYAMHRTOT,1,2041,0.062182967
GLOBAL,S2D2,LNDYAMHRTOT,1,2042,0.062173736
GLOBAL,S2D2,LNDYAMHRTOT,1,2043,0.062164615
GLOBAL,S2D2,LNDYAMHRTOT,1,2044,0.062155385
GLOBAL,S2D2,LNDYAMHRTOT,1,2045,0.062146154
GLOBAL,S2D2,LNDYAMHRTOT,1,2046,0.062083077
GLOBAL,S2D2,LNDYAMHRTOT,1,2047,0.06202
GLOBAL,S2D2,LNDYAMHRTOT,1,2048,0.062096813
GLOBAL,S2D2,LNDYAMHRTOT,1,2049,0.061963736
GLOBAL,S2D2,LNDYAMHRTOT,1,2050,0.061830769
GLOBAL,S2D2,LNDSGCHRTOT,1,2021,1.5690909
GLOBAL,S2D2,LNDSGCHRTOT,1,2022,1.5759273
GLOBAL,S2D2,LNDSGCHRTOT,1,2023,1.5827727
GLOBAL,S2D2,LNDSGCHRTOT,1,2024,1.5896091
GLOBAL,S2D2,LNDSGCHRTOT,1,2025,1.5964455
GLOBAL,S2D2,LNDSGCHRTOT,1,2026,1.6016
GLOBAL,S2D2,LNDSGCHRTOT,1,2027,1.6067545
GLOBAL,S2D2,LNDSGCHRTOT,1,2028,1.6119091
GLOBAL,S2D2,LNDSGCHRTOT,1,2029,1.6170636
GLOBAL,S2D2,LNDSGCHRTOT,1,2030,1.6222182
GLOBAL,S2D2,LNDSGCHRTOT,1,2031,1.6257364
GLOBAL,S2D2,LNDSGCHRTOT,1,2032,1.6292636
GLOBAL,S2D2,LNDSGCHRTOT,1,2033,1.6327909
GLOBAL,S2D2,LNDSGCHRTOT,1,2034,1.6363182
GLOBAL,S2D2,LNDSGCHRTOT,1,2035,1.6398364
GLOBAL,S2D2,LNDSGCHRTOT,1,2036,1.6414182
GLOBAL,S2D2,LNDSGCHRTOT,1,2037,1.643
GLOBAL,S2D2,LNDSGCHRTOT,1,2038,1.6445818
GLOBAL,S2D2,LNDSGCHRTOT,1,2039,1.6545727
GLOBAL,S2D2,LNDSGCHRTOT,1,2040,1.6477364
GLOBAL,S2D2,LNDSGCHRTOT,1,2041,1.6474909
GLOBAL,S2D2,LNDSGCHRTOT,1,2042,1.6472455
GLOBAL,S2D2,LNDSGCHRTOT,1,2043,1.647
GLOBAL,S2D2,LNDSGCHRTOT,1,2044,1.6467636
GLOBAL,S2D2,LNDSGCHRTOT,1,2045,1.6465182
GLOBAL,S2D2,LNDSGCHRTOT,1,2046,1.6448455
GLOBAL,S2D2,LNDSGCHRTOT,1,2047,1.6431727
GLOBAL,S2D2,LNDSGCHRTOT,1,2048,1.6452091
GLOBAL,S2D2,LNDSGCHRTOT,1,2049,1.6416818
GLOBAL,S2D2,LNDSGCHRTOT,1,2050,1.6381636
GLOBAL,S2D2,LNDOTHHRTOT,1,2021,0.067992391
GLOBAL,S2D2,LNDOTHHRTOT,1,2022,0.068288696
GLOBAL,S2D2,LNDOTHHRTOT,1,2023,0.068585109
GLOBAL,S2D2,LNDOTHHRTOT,1,2024,0.068881522
GLOBAL,S2D2,LNDOTHHRTOT,1,2025,0.069177826
GLOBAL,S2D2,LNDOTHHRTOT,1,2026,0.069401196
GLOBAL,S2D2,LNDOTHHRTOT,1,2027,0.069624457
GLOBAL,S2D2,LNDOTHHRTOT,1,2028,0.069847717
GLOBAL,S2D2,LNDOTHHRTOT,1,2029,0.070070978
GLOBAL,S2D2,LNDOTHHRTOT,1,2030,0.070294348
GLOBAL,S2D2,LNDOTHHRTOT,1,2031,0.070447065
GLOBAL,S2D2,LNDOTHHRTOT,1,2032,0.070599783
GLOBAL,S2D2,LNDOTHHRTOT,1,2033,0.070752609
GLOBAL,S2D2,LNDOTHHRTOT,1,2034,0.070905326
GLOBAL,S2D2,LNDOTHHRTOT,1,2035,0.071058152
GLOBAL,S2D2,LNDOTHHRTOT,1,2036,0.071126522
GLOBAL,S2D2,LNDOTHHRTOT,1,2037,0.071194891
GLOBAL,S2D2,LNDOTHHRTOT,1,2038,0.07126337
GLOBAL,S2D2,LNDOTHHRTOT,1,2039,0.071696522
GLOBAL,S2D2,LNDOTHHRTOT,1,2040,0.071400217
GLOBAL,S2D2,LNDOTHHRTOT,1,2041,0.071389565
GLOBAL,S2D2,LNDOTHHRTOT,1,2042,0.071379022
GLOBAL,S2D2,LNDOTHHRTOT,1,2043,0.071368478
GLOBAL,S2D2,LNDOTHHRTOT,1,2044,0.071357935
GLOBAL,S2D2,LNDOTHHRTOT,1,2045,0.071347283
GLOBAL,S2D2,LNDOTHHRTOT,1,2046,0.071274891
GLOBAL,S2D2,LNDOTHHRTOT,1,2047,0.0712025
GLOBAL,S2D2,LNDOTHHRTOT,1,2048,0.07129087
GLOBAL,S2D2,LNDOTHHRTOT,1,2049,0.071138152
GLOBAL,S2D2,LNDOTHHRTOT,1,2050,0.070985326
GLOBAL,S2D2,LNDAGRFJIC01,20,2021,0.067992391
GLOBAL,S2D2,LNDAGRFJIC01,11,2021,0.073357143
GLOBAL,S2D2,LNDAGRFJIC01,20,2022,0.068288696
GLOBAL,S2D2,LNDAGRFJIC01,11,2022,0.073676939
GLOBAL,S2D2,LNDAGRFJIC01,15,2023,1.5827727
GLOBAL,S2D2,LNDAGRFJIC01,20,2023,0.068585109
GLOBAL,S2D2,LNDAGRFJIC01,11,2023,0.073996633
GLOBAL,S2D2,LNDAGRFJIC01,15,2024,1.5896091
GLOBAL,S2D2,LNDAGRFJIC01,20,2024,0.068881522
GLOBAL,S2D2,LNDAGRFJIC01,11,2024,0.074316429
GLOBAL,S2D2,LNDAGRFJIC01,15,2025,1.5964455
GLOBAL,S2D2,LNDAGRFJIC01,20,2025,0.069177826
GLOBAL,S2D2,LNDAGRFJIC01,11,2025,0.074636224
GLOBAL,S2D2,LNDAGRFJIC01,15,2026,1.6016
GLOBAL,S2D2,LNDAGRFJIC01,20,2026,0.069401196
GLOBAL,S2D2,LNDAGRFJIC01,11,2026,0.074877143
GLOBAL,S2D2,LNDAGRFJIC01,15,2027,1.6067545
GLOBAL,S2D2,LNDAGRFJIC01,20,2027,0.069624457
GLOBAL,S2D2,LNDAGRFJIC01,11,2027,0.075118061
GLOBAL,S2D2,LNDAGRFJIC01,15,2028,1.6051035
GLOBAL,S2D2,LNDAGRFJIC01,20,2028,0.069847717
GLOBAL,S2D2,LNDAGRFJIC01,11,2028,0.075358878
GLOBAL,S2D2,LNDAGRFJIC01,15,2029,1.5879704
GLOBAL,S2D2,LNDAGRFJIC01,20,2029,0.070070978
GLOBAL,S2D2,LNDAGRFJIC01,11,2029,0.075599796
GLOBAL,S2D2,LNDAGRFJIC01,15,2030,1.5708368
GLOBAL,S2D2,LNDAGRFJIC01,20,2030,0.070294348
GLOBAL,S2D2,LNDAGRFJIC01,11,2030,0.075840714
GLOBAL,S2D2,LNDAGRFJIC01,15,2031,1.55914
GLOBAL,S2D2,LNDAGRFJIC01,20,2031,0.070447065
GLOBAL,S2D2,LNDAGRFJIC01,11,2031,0.07600551
GLOBAL,S2D2,LNDAGRFJIC01,15,2032,1.5474158
GLOBAL,S2D2,LNDAGRFJIC01,20,2032,0.070599783
GLOBAL,S2D2,LNDAGRFJIC01,11,2032,0.076170408
GLOBAL,S2D2,LNDAGRFJIC01,15,2033,1.6327909
GLOBAL,S2D2,LNDAGRFJIC01,20,2033,0.070752609
GLOBAL,S2D2,LNDAGRFJIC01,11,2033,0.076335204
GLOBAL,S2D2,LNDAGRFJIC01,15,2034,1.5239679
GLOBAL,S2D2,LNDAGRFJIC01,20,2034,0.070905326
GLOBAL,S2D2,LNDAGRFJIC01,11,2034,0.0765
GLOBAL,S2D2,LNDAGRFJIC01,15,2035,1.5122707
GLOBAL,S2D2,LNDAGRFJIC01,20,2035,0.071058152
GLOBAL,S2D2,LNDAGRFJIC01,11,2035,0.076664796
GLOBAL,S2D2,LNDAGRFJIC01,15,2036,1.5070141
GLOBAL,S2D2,LNDAGRFJIC01,20,2036,0.071126522
GLOBAL,S2D2,LNDAGRFJIC01,11,2036,0.076738571
GLOBAL,S2D2,LNDAGRFJIC01,15,2037,1.5017571
GLOBAL,S2D2,LNDAGRFJIC01,20,2037,0.071194891
GLOBAL,S2D2,LNDAGRFJIC01,11,2037,0.076812449
GLOBAL,S2D2,LNDAGRFJIC01,15,2038,1.4965001
GLOBAL,S2D2,LNDAGRFJIC01,20,2038,0.07126337
GLOBAL,S2D2,LNDAGRFJIC01,11,2038,0.076886224
GLOBAL,S2D2,LNDAGRFJIC01,15,2039,1.5230603
GLOBAL,S2D2,LNDAGRFJIC01,20,2039,0.071696522
GLOBAL,S2D2,LNDAGRFJIC01,11,2039,0.077353673
GLOBAL,S2D2,LNDAGRFJIC01,15,2040,1.486013
GLOBAL,S2D2,LNDAGRFJIC01,20,2040,0.071400217
GLOBAL,S2D2,LNDAGRFJIC01,11,2040,0.077033878
GLOBAL,S2D2,LNDAGRFJIC01,15,2041,1.6474909
GLOBAL,S2D2,LNDAGRFJIC01,20,2041,0.071389565
GLOBAL,S2D2,LNDAGRFJIC01,11,2041,0.077022449
GLOBAL,S2D2,LNDAGRFJIC01,15,2042,1.4876441
GLOBAL,S2D2,LNDAGRFJIC01,20,2042,0.071379022
GLOBAL,S2D2,LNDAGRFJIC01,11,2042,0.07701102
GLOBAL,S2D2,LNDAGRFJIC01,15,2043,1.4884591
GLOBAL,S2D2,LNDAGRFJIC01,20,2043,0.071368478
GLOBAL,S2D2,LNDAGRFJIC01,11,2043,0.076999694
GLOBAL,S2D2,LNDAGRFJIC01,15,2044,1.4892474
GLOBAL,S2D2,LNDAGRFJIC01,20,2044,0.071357935
GLOBAL,S2D2,LNDAGRFJIC01,11,2044,0.076988265
GLOBAL,S2D2,LNDAGRFJIC01,15,2045,1.4900632
GLOBAL,S2D2,LNDAGRFJIC01,20,2045,0.071347283
GLOBAL,S2D2,LNDAGRFJIC01,11,2045,0.076976837
GLOBAL,S2D2,LNDAGRFJIC01,15,2046,1.6448455
GLOBAL,S2D2,LNDAGRFJIC01,20,2046,0.071274891
GLOBAL,S2D2,LNDAGRFJIC01,11,2046,0.076898673
GLOBAL,S2D2,LNDAGRFJIC01,15,2047,1.6431727
GLOBAL,S2D2,LNDAGRFJIC01,20,2047,0.0712025
GLOBAL,S2D2,LNDAGRFJIC01,11,2047,0.076820612
GLOBAL,S2D2,LNDAGRFJIC01,15,2048,1.5104508
GLOBAL,S2D2,LNDAGRFJIC01,20,2048,0.07129087
GLOBAL,S2D2,LNDAGRFJIC01,11,2048,0.076915816
GLOBAL,S2D2,LNDAGRFJIC01,15,2049,1.6416818
GLOBAL,S2D2,LNDAGRFJIC01,20,2049,0.071138152
GLOBAL,S2D2,LNDAGRFJIC01,11,2049,0.07675102
GLOBAL,S2D2,LNDAGRFJIC01,15,2050,1.5178337
GLOBAL,S2D2,LNDAGRFJIC01,20,2050,0.070985326
GLOBAL,S2D2,LNDAGRFJIC01,11,2050,0.076586224
GLOBAL,S2D2,LNDAGRFJIC02,15,2028,0.0068055766
GLOBAL,S2D2,LNDAGRFJIC02,15,2029,0.029093259
GLOBAL,S2D2,LNDAGRFJIC02,15,2030,0.051381372
GLOBAL,S2D2,LNDAGRFJIC02,15,2031,0.066596347
GLOBAL,S2D2,LNDAGRFJIC02,15,2032,0.081847787
GLOBAL,S2D2,LNDAGRFJIC02,15,2034,0.11235029
GLOBAL,S2D2,LNDAGRFJIC02,15,2035,0.1275657
GLOBAL,S2D2,LNDAGRFJIC02,15,2036,0.13440411
GLOBAL,S2D2,LNDAGRFJIC02,15,2037,0.14124292
GLOBAL,S2D2,LNDAGRFJIC02,15,2038,0.14808176
GLOBAL,S2D2,LNDAGRFJIC02,15,2039,0.13151241
GLOBAL,S2D2,LNDAGRFJIC02,15,2040,0.16172336
GLOBAL,S2D2,LNDAGRFJIC02,15,2042,0.15960134
GLOBAL,S2D2,LNDAGRFJIC02,15,2043,0.15854094
GLOBAL,S2D2,LNDAGRFJIC02,15,2044,0.15751621
GLOBAL,S2D2,LNDAGRFJIC02,15,2045,0.15645498
GLOBAL,S2D2,LNDAGRFJIC02,15,2048,0.13475826
GLOBAL,S2D2,LNDAGRFJIC03,15,2050,0.12032998
GLOBAL,S2D2,LNDAGRFJIC04,15,2021,1.5690909
GLOBAL,S2D2,LNDAGRFJIC04,8,2021,0.044243878
GLOBAL,S2D2,LNDAGRFJIC04,14,2021,0.059223846
GLOBAL,S2D2,LNDAGRFJIC04,15,2022,1.5759273
GLOBAL,S2D2,LNDAGRFJIC04,8,2022,0.044436735
GLOBAL,S2D2,LNDAGRFJIC04,14,2022,0.059481978
GLOBAL,S2D2,LNDAGRFJIC04,8,2023,0.044629592
GLOBAL,S2D2,LNDAGRFJIC04,14,2023,0.05974022
GLOBAL,S2D2,LNDAGRFJIC04,8,2024,0.044822449
GLOBAL,S2D2,LNDAGRFJIC04,14,2024,0.059998352
GLOBAL,S2D2,LNDAGRFJIC04,8,2025,0.045015306
GLOBAL,S2D2,LNDAGRFJIC04,14,2025,0.060256484
GLOBAL,S2D2,LNDAGRFJIC04,8,2026,0.045160612
GLOBAL,S2D2,LNDAGRFJIC04,14,2026,0.060450989
GLOBAL,S2D2,LNDAGRFJIC04,8,2027,0.045305918
GLOBAL,S2D2,LNDAGRFJIC04,14,2027,0.060645495
GLOBAL,S2D2,LNDAGRFJIC04,8,2028,0.045451224
GLOBAL,S2D2,LNDAGRFJIC04,14,2028,0.06084
GLOBAL,S2D2,LNDAGRFJIC04,8,2029,0.045596531
GLOBAL,S2D2,LNDAGRFJIC04,14,2029,0.061034396
GLOBAL,S2D2,LNDAGRFJIC04,8,2030,0.045741837
GLOBAL,S2D2,LNDAGRFJIC04,14,2030,0.061228901
GLOBAL,S2D2,LNDAGRFJIC04,8,2031,0.045841224
GLOBAL,S2D2,LNDAGRFJIC04,14,2031,0.061361978
GLOBAL,S2D2,LNDAGRFJIC04,8,2032,0.045940612
GLOBAL,S2D2,LNDAGRFJIC04,14,2032,0.061495055
GLOBAL,S2D2,LNDAGRFJIC04,8,2033,0.04604
GLOBAL,S2D2,LNDAGRFJIC04,14,2033,0.061628132
GLOBAL,S2D2,LNDAGRFJIC04,8,2034,0.046139388
GLOBAL,S2D2,LNDAGRFJIC04,14,2034,0.061761209
GLOBAL,S2D2,LNDAGRFJIC04,8,2035,0.046238776
GLOBAL,S2D2,LNDAGRFJIC04,14,2035,0.061894176
GLOBAL,S2D2,LNDAGRFJIC04,8,2036,0.046283265
GLOBAL,S2D2,LNDAGRFJIC04,14,2036,0.061953846
GLOBAL,S2D2,LNDAGRFJIC04,8,2037,0.046327959
GLOBAL,S2D2,LNDAGRFJIC04,14,2037,0.062013407
GLOBAL,S2D2,LNDAGRFJIC04,8,2038,0.046372449
GLOBAL,S2D2,LNDAGRFJIC04,14,2038,0.062072967
GLOBAL,S2D2,LNDAGRFJIC04,8,2039,0.046654286
GLOBAL,S2D2,LNDAGRFJIC04,14,2039,0.06245033
GLOBAL,S2D2,LNDAGRFJIC04,8,2040,0.046461429
GLOBAL,S2D2,LNDAGRFJIC04,14,2040,0.062192198
GLOBAL,S2D2,LNDAGRFJIC04,8,2041,0.04645449
GLOBAL,S2D2,LNDAGRFJIC04,14,2041,0.062182967
GLOBAL,S2D2,LNDAGRFJIC04,8,2042,0.046447755
GLOBAL,S2D2,LNDAGRFJIC04,14,2042,0.062173736
GLOBAL,S2D2,LNDAGRFJIC04,8,2043,0.046440816
GLOBAL,S2D2,LNDAGRFJIC04,14,2043,0.062164615
GLOBAL,S2D2,LNDAGRFJIC04,8,2044,0.046433878
GLOBAL,S2D2,LNDAGRFJIC04,14,2044,0.062155385
GLOBAL,S2D2,LNDAGRFJIC04,8,2045,0.046426939
GLOBAL,S2D2,LNDAGRFJIC04,14,2045,0.062146154
GLOBAL,S2D2,LNDAGRFJIC04,8,2046,0.04638
GLOBAL,S2D2,LNDAGRFJIC04,14,2046,0.062083077
GLOBAL,S2D2,LNDAGRFJIC04,8,2047,0.046332857
GLOBAL,S2D2,LNDAGRFJIC04,14,2047,0.06202
GLOBAL,S2D2,LNDAGRFJIC04,8,2048,0.046390204
GLOBAL,S2D2,LNDAGRFJIC04,14,2048,0.062096813
GLOBAL,S2D2,LNDAGRFJIC04,8,2049,0.046290816
GLOBAL,S2D2,LNDAGRFJIC04,14,2049,0.061963736
GLOBAL,S2D2,LNDAGRFJIC04,8,2050,0.046191429
GLOBAL,S2D2,LNDAGRFJIC04,14,2050,0.061830769
GLOBAL,S2D2,LNDFORTOT,1,2021,24.357001
GLOBAL,S2D2,LNDFORTOT,1,2036,64.955889
GLOBAL,S2D1,PWRBIOFJIXX01,1,2021,0.036619788
GLOBAL,S2D1,PWRBIOFJIXX01,1,2029,0.83884461
GLOBAL,S2D1,PWRBIOFJIXX01,1,2031,0.32551009
GLOBAL,S2D1,PWRBIOFJIXX01,1,2036,0.013481964
GLOBAL,S2D1,PWRBIOFJIXX01,1,2038,0.32886523
GLOBAL,S2D1,PWRBIOFJIXX01,1,2042,0.74253095
GLOBAL,S2D1,PWRBIOFJIXX01,1,2043,0.75038227
GLOBAL,S2D1,PWRBIOFJIXX01,1,2044,0.8133187
GLOBAL,S2D1,PWRBIOFJIXX01,1,2045,0.56464794
GLOBAL,S2D1,PWRBIOFJIXX01,1,2046,0.66263494
GLOBAL,S2D1,PWRBIOFJIXX01,1,2047,0.81000289
GLOBAL,S2D1,PWRBIOFJIXX01,1,2048,0.89245069
GLOBAL,S2D1,PWRBIOFJIXX01,1,2049,0.48685793
GLOBAL,S2D1,PWRBIOFJIXX01,1,2050,1.3200423
GLOBAL,S2D1,PWRHYDFJIXX01,1,2021,3.2854746
GLOBAL,S2D1,PWRHYDFJIXX01,1,2022,3.401428
GLOBAL,S2D1,PWRHYDFJIXX01,1,2023,3.4708449
GLOBAL,S2D1,PWRHYDFJIXX01,1,2024,3.5501785
GLOBAL,S2D1,PWRHYDFJIXX01,1,2025,3.6195954
GLOBAL,S2D1,PWRHYDFJIXX01,1,2026,3.7683459
GLOBAL,S2D1,PWRHYDFJIXX01,1,2027,3.9170964
GLOBAL,S2D1,PWRHYDFJIXX01,1,2028,4.0658469
GLOBAL,S2D1,PWRHYDFJIXX01,1,2029,3.3757528
GLOBAL,S2D1,PWRHYDFJIXX01,1,2030,4.196505
GLOBAL,S2D1,PWRHYDFJIXX01,1,2031,4.196505
GLOBAL,S2D1,PWRHYDFJIXX01,1,2032,3.0738801
GLOBAL,S2D1,PWRHYDFJIXX01,1,2033,4.196505
GLOBAL,S2D1,PWRHYDFJIXX01,1,2034,4.196505
GLOBAL,S2D1,PWRHYDFJIXX01,1,2035,4.196505
GLOBAL,S2D1,PWRHYDFJIXX01,1,2036,3.042002
GLOBAL,S2D1,PWRHYDFJIXX01,1,2037,4.196505
GLOBAL,S2D1,PWRHYDFJIXX01,1,2038,4.196505
GLOBAL,S2D1,PWRHYDFJIXX01,1,2039,4.196505
GLOBAL,S2D1,PWRHYDFJIXX01,1,2040,4.196505
GLOBAL,S2D1,PWRHYDFJIXX01,1,2041,4.196505
GLOBAL,S2D1,PWRHYDFJIXX01,1,2042,4.196505
GLOBAL,S2D1,PWRHYDFJIXX01,1,2043,4.196505
GLOBAL,S2D1,PWRHYDFJIXX01,1,2044,4.196505
GLOBAL,S2D1,PWRHYDFJIXX01,1,2045,4.196505
GLOBAL,S2D1,PWRHYDFJIXX01,1,2046,4.196505
GLOBAL,S2D1,PWRHYDFJIXX01,1,2047,4.196505
GLOBAL,S2D1,PWRHYDFJIXX01,1,2048,4.196505
GLOBAL,S2D1,PWRHYDFJIXX01,1,2049,4.196505
GLOBAL,S2D1,PWRHYDFJIXX01,1,2050,4.196505
GLOBAL,S2D1,PWROILFJIXX01,2,2030,0.1668429
GLOBAL,S2D1,PWROILFJIXX01,2,2035,0.89247301
GLOBAL,S2D1,PWROILFJIXX01,2,2038,1.0907908
GLOBAL,S2D1,PWRPETFJIXX01,2,2032,1.5291796
GLOBAL,S2D1,PWRPETFJIXX01,2,2033,0.57513862
GLOBAL,S2D1,PWRPETFJIXX01,2,2034,0.73380582
GLOBAL,S2D1,PWRPETFJIXX01,2,2036,2.2219113
GLOBAL,S2D1,PWRPETFJIXX01,2,2037,1.2693076
GLOBAL,S2D1,PWRPETFJIXX01,2,2038,0.028152206
GLOBAL,S2D1,PWRPETFJIXX01,2,2039,1.7138481
GLOBAL,S2D1,PWRPETFJIXX01,2,2040,1.7254724
GLOBAL,S2D1,PWRPETFJIXX01,2,2041,1.9436398
GLOBAL,S2D1,PWRPETFJIXX01,2,2042,1.4093595
GLOBAL,S2D1,PWRPETFJIXX01,2,2043,1.6097589
GLOBAL,S2D1,PWRPETFJIXX01,2,2044,1.7649899
GLOBAL,S2D1,PWRPETFJIXX01,2,2045,2.2219113
GLOBAL,S2D1,PWRPETFJIXX01,2,2046,2.3718418
GLOBAL,S2D1,PWRPETFJIXX01,2,2047,2.3718418
GLOBAL,S2D1,PWRPETFJIXX01,2,2048,2.5373115
GLOBAL,S2D1,PWRPETFJIXX01,2,2049,3.1908218
GLOBAL,S2D1,PWRPETFJIXX01,2,2050,2.6055549
GLOBAL,S2D1,PWRSPVFJIXX01,1,2040,0.16687626
GLOBAL,S2D1,PWRSPVFJIXX01,1,2041,0.16687626
GLOBAL,S2D1,PWRSPVFJIXX01,1,2042,0.16687626
GLOBAL,S2D1,PWRSPVFJIXX01,1,2043,0.16687626
GLOBAL,S2D1,PWRSPVFJIXX01,1,2044,0.16687626
GLOBAL,S2D1,PWRSPVFJIXX01,1,2045,0.16687626
GLOBAL,S2D1,PWRSPVFJIXX01,1,2046,0.16687626
GLOBAL,S2D1,PWRSPVFJIXX01,1,2047,0.2773425
GLOBAL,S2D1,PWRSPVFJIXX01,1,2048,0.2773425
GLOBAL,S2D1,PWRSPVFJIXX01,1,2049,0.2773425
GLOBAL,S2D1,PWRSPVFJIXX01,1,2050,0.2773425
GLOBAL,S2D1,PWRTRNFJIXX,1,2021,3.3220944
GLOBAL,S2D1,PWRTRNFJIXX,1,2022,3.401428
GLOBAL,S2D1,PWRTRNFJIXX,1,2023,3.4708449
GLOBAL,S2D1,PWRTRNFJIXX,1,2024,3.5501785
GLOBAL,S2D1,PWRTRNFJIXX,1,2025,3.6195954
GLOBAL,S2D1,PWRTRNFJIXX,1,2026,3.7683459
GLOBAL,S2D1,PWRTRNFJIXX,1,2027,3.9170964
GLOBAL,S2D1,PWRTRNFJIXX,1,2028,4.0658469
GLOBAL,S2D1,PWRTRNFJIXX,1,2029,4.2145974
GLOBAL,S2D1,PWRTRNFJIXX,1,2030,4.3633479
GLOBAL,S2D1,PWRTRNFJIXX,1,2031,4.5220151
GLOBAL,S2D1,PWRTRNFJIXX,1,2032,4.6806823
GLOBAL,S2D1,PWRTRNFJIXX,1,2033,4.8492662
GLOBAL,S2D1,PWRTRNFJIXX,1,2034,5.0079334
GLOBAL,S2D1,PWRTRNFJIXX,1,2035,5.1666006
GLOBAL,S2D1,PWRTRNFJIXX,1,2036,5.3550179
GLOBAL,S2D1,PWRTRNFJIXX,1,2037,5.5434351
GLOBAL,S2D1,PWRTRNFJIXX,1,2038,5.7219357
GLOBAL,S2D1,PWRTRNFJIXX,1,2039,5.910353
GLOBAL,S2D1,PWRTRNFJIXX,1,2040,6.0888536
GLOBAL,S2D1,PWRTRNFJIXX,1,2041,6.307021
GLOBAL,S2D1,PWRTRNFJIXX,1,2042,6.5152717
GLOBAL,S2D1,PWRTRNFJIXX,1,2043,6.7235224
GLOBAL,S2D1,PWRTRNFJIXX,1,2044,6.9416898
GLOBAL,S2D1,PWRTRNFJIXX,1,2045,7.1499405
GLOBAL,S2D1,PWRTRNFJIXX,1,2046,7.397858
GLOBAL,S2D1,PWRTRNFJIXX,1,2047,7.6556922
GLOBAL,S2D1,PWRTRNFJIXX,1,2048,7.9036097
GLOBAL,S2D1,PWRTRNFJIXX,1,2049,8.1515272
GLOBAL,S2D1,PWRTRNFJIXX,1,2050,8.3994447
GLOBAL,S2D1,PWRWONFJIXX01,1,2032,0.077622563
GLOBAL,S2D1,PWRWONFJIXX01,1,2033,0.077622563
GLOBAL,S2D1,PWRWONFJIXX01,1,2034,0.077622563
GLOBAL,S2D1,PWRWONFJIXX01,1,2035,0.077622563
GLOBAL,S2D1,PWRWONFJIXX01,1,2036,0.077622563
GLOBAL,S2D1,PWRWONFJIXX01,1,2037,0.077622563
GLOBAL,S2D1,PWRWONFJIXX01,1,2038,0.077622563
GLOBAL,S2D1,RNWBIOFJIXX,1,2021,0.13988759
GLOBAL,S2D1,RNWBIOFJIXX,1,2029,3.2043864
GLOBAL,S2D1,RNWBIOFJIXX,1,2031,1.2434486
GLOBAL,S2D1,RNWBIOFJIXX,1,2036,0.051501104
GLOBAL,S2D1,RNWBIOFJIXX,1,2038,1.2562652
GLOBAL,S2D1,RNWBIOFJIXX,1,2042,2.8364682
GLOBAL,S2D1,RNWBIOFJIXX,1,2043,2.8664603
GLOBAL,S2D1,RNWBIOFJIXX,1,2044,3.1068774
GLOBAL,S2D1,RNWBIOFJIXX,1,2045,2.1569551
GLOBAL,S2D1,RNWBIOFJIXX,1,2046,2.5312655
GLOBAL,S2D1,RNWBIOFJIXX,1,2047,3.094211
GLOBAL,S2D1,RNWBIOFJIXX,1,2048,3.4091616
GLOBAL,S2D1,RNWBIOFJIXX,1,2049,1.8597973
GLOBAL,S2D1,RNWBIOFJIXX,1,2050,5.0425615
GLOBAL,S2D1,RNWHYDFJIXX,1,2021,3.2854746
GLOBAL,S2D1,RNWHYDFJIXX,1,2022,3.401428
GLOBAL,S2D1,RNWHYDFJIXX,1,2023,3.4708449
GLOBAL,S2D1,RNWHYDFJIXX,1,2024,3.5501785
GLOBAL,S2D1,RNWHYDFJIXX,1,2025,3.6195954
GLOBAL,S2D1,RNWHYDFJIXX,1,2026,3.7683459
GLOBAL,S2D1,RNWHYDFJIXX,1,2027,3.9170964
GLOBAL,S2D1,RNWHYDFJIXX,1,2028,4.0658469
GLOBAL,S2D1,RNWHYDFJIXX,1,2029,3.3757528
GLOBAL,S2D1,RNWHYDFJIXX,1,2030,4.196505
GLOBAL,S2D1,RNWHYDFJIXX,1,2031,4.196505
GLOBAL,S2D1,RNWHYDFJIXX,1,2032,3.0738801
GLOBAL,S2D1,RNWHYDFJIXX,1,2033,4.196505
GLOBAL,S2D1,RNWHYDFJIXX,1,2034,4.196505
GLOBAL,S2D1,RNWHYDFJIXX,1,2035,4.196505
GLOBAL,S2D1,RNWHYDFJIXX,1,2036,3.042002
GLOBAL,S2D1,RNWHYDFJIXX,1,2037,4.196505
GLOBAL,S2D1,RNWHYDFJIXX,1,2038,4.196505
GLOBAL,S2D1,RNWHYDFJIXX,1,2039,4.196505
GLOBAL,S2D1,RNWHYDFJIXX,1,2040,4.196505
GLOBAL,S2D1,RNWHYDFJIXX,1,2041,4.196505
GLOBAL,S2D1,RNWHYDFJIXX,1,2042,4.196505
GLOBAL,S2D1,RNWHYDFJIXX,1,2043,4.196505
GLOBAL,S2D1,RNWHYDFJIXX,1,2044,4.196505
GLOBAL,S2D1,RNWHYDFJIXX,1,2045,4.196505
GLOBAL,S2D1,RNWHYDFJIXX,1,2046,4.196505
GLOBAL,S2D1,RNWHYDFJIXX,1,2047,4.196505
GLOBAL,S2D1,RNWHYDFJIXX,1,2048,4.196505
GLOBAL,S2D1,RNWHYDFJIXX,1,2049,4.196505
GLOBAL,S2D1,RNWHYDFJIXX,1,2050,4.196505
GLOBAL,S2D1,RNWSPVFJIXX,1,2040,0.16687626
GLOBAL,S2D1,RNWSPVFJIXX,1,2041,0.16687626
GLOBAL,S2D1,RNWSPVFJIXX,1,2042,0.16687626
GLOBAL,S2D1,RNWSPVFJIXX,1,2043,0.16687626
GLOBAL,S2D1,RNWSPVFJIXX,1,2044,0.16687626
GLOBAL,S2D1,RNWSPVFJIXX,1,2045,0.16687626
GLOBAL,S2D1,RNWSPVFJIXX,1,2046,0.16687626
GLOBAL,S2D1,RNWSPVFJIXX,1,2047,0.2773425
GLOBAL,S2D1,RNWSPVFJIXX,1,2048,0.2773425
GLOBAL,S2D1,RNWSPVFJIXX,1,2049,0.2773425
GLOBAL,S2D1,RNWSPVFJIXX,1,2050,0.2773425
GLOBAL,S2D1,RNWWONFJIXX,1,2032,0.077622563
GLOBAL,S2D1,RNWWONFJIXX,1,2033,0.077622563
GLOBAL,S2D1,RNWWONFJIXX,1,2034,0.077622563
GLOBAL,S2D1,RNWWONFJIXX,1,2035,0.077622563
GLOBAL,S2D1,RNWWONFJIXX,1,2036,0.077622563
GLOBAL,S2D1,RNWWONFJIXX,1,2037,0.077622563
GLOBAL,S2D1,RNWWONFJIXX,1,2038,0.077622563
GLOBAL,S2D1,MINLNDTOT,1,2021,8.1938837
GLOBAL,S2D1,MINLNDTOT,1,2022,67.078013
GLOBAL,S2D1,MINLNDTOT,1,2023,66.935358
GLOBAL,S2D1,MINLNDTOT,1,2024,66.941472
GLOBAL,S2D1,MINLNDTOT,1,2025,66.947587
GLOBAL,S2D1,MINLNDTOT,1,2026,66.952198
GLOBAL,S2D1,MINLNDTOT,1,2027,66.956808
GLOBAL,S2D1,MINLNDTOT,1,2028,66.954613
GLOBAL,S2D1,MINLNDTOT,1,2029,66.936936
GLOBAL,S2D1,MINLNDTOT,1,2030,66.919259
GLOBAL,S2D1,MINLNDTOT,1,2031,66.90719
GLOBAL,S2D1,MINLNDTOT,1,2032,66.895094
GLOBAL,S2D1,MINLNDTOT,1,2033,66.882998
GLOBAL,S2D1,MINLNDTOT,1,2034,1.8916241
GLOBAL,S2D1,MINLNDTOT,1,2035,66.858833
GLOBAL,S2D1,MINLNDTOT,1,2036,1.8975204
GLOBAL,S2D1,MINLNDTOT,1,2037,66.847985
GLOBAL,S2D1,MINLNDTOT,1,2038,66.842562
GLOBAL,S2D1,MINLNDTOT,1,2039,66.841687
GLOBAL,S2D1,MINLNDTOT,1,2040,1.9048241
GLOBAL,S2D1,MINLNDTOT,1,2041,66.832583
GLOBAL,S2D1,MINLNDTOT,1,2042,66.833424
GLOBAL,S2D1,MINLNDTOT,1,2043,66.834265
GLOBAL,S2D1,MINLNDTOT,1,2044,66.835079
GLOBAL,S2D1,MINLNDTOT,1,2045,66.835921
GLOBAL,S2D1,MINLNDTOT,1,2046,66.841656
GLOBAL,S2D1,MINLNDTOT,1,2047,66.847392
GLOBAL,S2D1,MINLNDTOT,1,2048,66.855121
GLOBAL,S2D1,MINLNDTOT,1,2049,66.85986
GLOBAL,S2D1,MINLNDTOT,1,2050,66.864573
GLOBAL,S2D1,MINPRCFJI,1,2021,19.281879
GLOBAL,S2D1,MINPRCFJI,1,2022,171.36382
GLOBAL,S2D1,MINPRCFJI,1,2023,170.03389
GLOBAL,S2D1,MINPRCFJI,1,2024,170.05121
GLOBAL,S2D1,MINPRCFJI,1,2025,170.06852
GLOBAL,S2D1,MINPRCFJI,1,2026,170.08157
GLOBAL,S2D1,MINPRCFJI,1,2027,170.09463
GLOBAL,S2D1,MINPRCFJI,1,2028,170.09067
GLOBAL,S2D1,MINPRCFJI,1,2029,170.048
GLOBAL,S2D1,MINPRCFJI,1,2030,170.00533
GLOBAL,S2D1,MINPRCFJI,1,2031,169.9762
GLOBAL,S2D1,MINPRCFJI,1,2032,169.94701
GLOBAL,S2D1,MINPRCFJI,1,2033,169.91781
GLOBAL,S2D1,MINPRCFJI,1,2034,5.0426447
GLOBAL,S2D1,MINPRCFJI,1,2035,169.85949
GLOBAL,S2D1,MINPRCFJI,1,2036,5.0583628
GLOBAL,S2D1,MINPRCFJI,1,2037,169.83331
GLOBAL,S2D1,MINPRCFJI,1,2038,169.82022
GLOBAL,S2D1,MINPRCFJI,1,2039,169.81571
GLOBAL,S2D1,MINPRCFJI,1,2040,5.0778329
GLOBAL,S2D1,MINPRCFJI,1,2041,170.73603
GLOBAL,S2D1,MINPRCFJI,1,2042,169.79816
GLOBAL,S2D1,MINPRCFJI,1,2043,169.80019
GLOBAL,S2D1,MINPRCFJI,1,2044,169.80216
GLOBAL,S2D1,MINPRCFJI,1,2045,169.80419
GLOBAL,S2D1,MINPRCFJI,1,2046,169.81803
GLOBAL,S2D1,MINPRCFJI,1,2047,169.83188
GLOBAL,S2D1,MINPRCFJI,1,2048,169.85154
GLOBAL,S2D1,MINPRCFJI,1,2049,169.86247
GLOBAL,S2D1,MINPRCFJI,1,2050,169.84928
GLOBAL,S2D1,LNDCONHRTOT,1,2021,0.044243878
GLOBAL,S2D1,LNDCONHRTOT,1,2022,0.044436735
GLOBAL,S2D1,LNDCONHRTOT,1,2023,0.044629592
GLOBAL,S2D1,LNDCONHRTOT,1,2024,0.044822449
GLOBAL,S2D1,LNDCONHRTOT,1,2025,0.045015306
GLOBAL,S2D1,LNDCONHRTOT,1,2026,0.045160612
GLOBAL,S2D1,LNDCONHRTOT,1,2027,0.045305918
GLOBAL,S2D1,LNDCONHRTOT,1,2028,0.045451224
GLOBAL,S2D1,LNDCONHRTOT,1,2029,0.045596531
GLOBAL,S2D1,LNDCONHRTOT,1,2030,0.045741837
GLOBAL,S2D1,LNDCONHRTOT,1,2031,0.045841224
GLOBAL,S2D1,LNDCONHRTOT,1,2032,0.045940612
GLOBAL,S2D1,LNDCONHRTOT,1,2033,0.04604
GLOBAL,S2D1,LNDCONHRTOT,1,2034,0.046139388
GLOBAL,S2D1,LNDCONHRTOT,1,2035,0.046238776
GLOBAL,S2D1,LNDCONHRTOT,1,2036,0.046283265
GLOBAL,S2D1,LNDCONHRTOT,1,2037,0.046327959
GLOBAL,S2D1,LNDCONHRTOT,1,2038,0.046372449
GLOBAL,S2D1,LNDCONHRTOT,1,2039,0.046654286
GLOBAL,S2D1,LNDCONHRTOT,1,2040,0.046461429
GLOBAL,S2D1,LNDCONHRTOT,1,2041,0.04645449
GLOBAL,S2D1,LNDCONHRTOT,1,2042,0.046447755
GLOBAL,S2D1,LNDCONHRTOT,1,2043,0.046440816
GLOBAL,S2D1,LNDCONHRTOT,1,2044,0.046433878
GLOBAL,S2D1,LNDCONHRTOT,1,2045,0.046426939
GLOBAL,S2D1,LNDCONHRTOT,1,2046,0.04638
GLOBAL,S2D1,LNDCONHRTOT,1,2047,0.046332857
GLOBAL,S2D1,LNDCONHRTOT,1,2048,0.045975727
GLOBAL,S2D1,LNDCONHRTOT,1,2049,0.046083578
GLOBAL,S2D1,LNDCONHRTOT,1,2050,0.046191429
GLOBAL,S2D1,LNDCASHRTOT,1,2021,0.073357143
GLOBAL,S2D1,LNDCASHRTOT,1,2022,0.073676939
GLOBAL,S2D1,LNDCASHRTOT,1,2023,0.073996633
GLOBAL,S2D1,LNDCASHRTOT,1,2024,0.074316429
GLOBAL,S2D1,LNDCASHRTOT,1,2025,0.074636224
GLOBAL,S2D1,LNDCASHRTOT,1,2026,0.074877143
GLOBAL,S2D1,LNDCASHRTOT,1,2027,0.075118061
GLOBAL,S2D1,LNDCASHRTOT,1,2028,0.075358878
GLOBAL,S2D1,LNDCASHRTOT,1,2029,0.075599796
GLOBAL,S2D1,LNDCASHRTOT,1,2030,0.075840714
GLOBAL,S2D1,LNDCASHRTOT,1,2031,0.07600551
GLOBAL,S2D1,LNDCASHRTOT,1,2032,0.076170408
GLOBAL,S2D1,LNDCASHRTOT,1,2033,0.076335204
GLOBAL,S2D1,LNDCASHRTOT,1,2034,0.0765
GLOBAL,S2D1,LNDCASHRTOT,1,2035,0.076664796
GLOBAL,S2D1,LNDCASHRTOT,1,2036,0.076738571
GLOBAL,S2D1,LNDCASHRTOT,1,2037,0.076812449
GLOBAL,S2D1,LNDCASHRTOT,1,2038,0.076886224
GLOBAL,S2D1,LNDCASHRTOT,1,2039,0.077353673
GLOBAL,S2D1,LNDCASHRTOT,1,2040,0.077033878
GLOBAL,S2D1,LNDCASHRTOT,1,2041,0.077022449
GLOBAL,S2D1,LNDCASHRTOT,1,2042,0.07701102
GLOBAL,S2D1,LNDCASHRTOT,1,2043,0.076999694
GLOBAL,S2D1,LNDCASHRTOT,1,2044,0.076988265
GLOBAL,S2D1,LNDCASHRTOT,1,2045,0.076976837
GLOBAL,S2D1,LNDCASHRTOT,1,2046,0.076898673
GLOBAL,S2D1,LNDCASHRTOT,1,2047,0.076820612
GLOBAL,S2D1,LNDCASHRTOT,1,2048,0.076228124
GLOBAL,S2D1,LNDCASHRTOT,1,2049,0.076407376
GLOBAL,S2D1,LNDCASHRTOT,1,2050,0.076586224
GLOBAL,S2D1,LNDYAMHRTOT,1,2021,0.059223846
GLOBAL,S2D1,LNDYAMHRTOT,1,2022,0.059481978
GLOBAL,S2D1,LNDYAMHRTOT,1,2023,0.05974022
GLOBAL,S2D1,LNDYAMHRTOT,1,2024,0.059998352
GLOBAL,S2D1,LNDYAMHRTOT,1,2025,0.060256484
GLOBAL,S2D1,LNDYAMHRTOT,1,2026,0.060450989
GLOBAL,S2D1,LNDYAMHRTOT,1,2027,0.060645495
GLOBAL,S2D1,LNDYAMHRTOT,1,2028,0.06084
GLOBAL,S2D1,LNDYAMHRTOT,1,2029,0.061034396
GLOBAL,S2D1,LNDYAMHRTOT,1,2030,0.061228901
GLOBAL,S2D1,LNDYAMHRTOT,1,2031,0.061361978
GLOBAL,S2D1,LNDYAMHRTOT,1,2032,0.061495055
GLOBAL,S2D1,LNDYAMHRTOT,1,2033,0.061628132
GLOBAL,S2D1,LNDYAMHRTOT,1,2034,0.061761209
GLOBAL,S2D1,LNDYAMHRTOT,1,2035,0.061894176
GLOBAL,S2D1,LNDYAMHRTOT,1,2036,0.061953846
GLOBAL,S2D1,LNDYAMHRTOT,1,2037,0.062013407
GLOBAL,S2D1,LNDYAMHRTOT,1,2038,0.062072967
GLOBAL,S2D1,LNDYAMHRTOT,1,2039,0.06245033
GLOBAL,S2D1,LNDYAMHRTOT,1,2040,0.062192198
GLOBAL,S2D1,LNDYAMHRTOT,1,2041,0.062182967
GLOBAL,S2D1,LNDYAMHRTOT,1,2042,0.062173736
GLOBAL,S2D1,LNDYAMHRTOT,1,2043,0.062164615
GLOBAL,S2D1,LNDYAMHRTOT,1,2044,0.062155385
GLOBAL,S2D1,LNDYAMHRTOT,1,2045,0.062146154
GLOBAL,S2D1,LNDYAMHRTOT,1,2046,0.062083077
GLOBAL,S2D1,LNDYAMHRTOT,1,2047,0.06202
GLOBAL,S2D1,LNDYAMHRTOT,1,2048,0.061541914
GLOBAL,S2D1,LNDYAMHRTOT,1,2049,0.061686505
GLOBAL,S2D1,LNDYAMHRTOT,1,2050,0.061830769
GLOBAL,S2D1,LNDSGCHRTOT,1,2021,1.5690909
GLOBAL,S2D1,LNDSGCHRTOT,1,2022,1.5759273
GLOBAL,S2D1,LNDSGCHRTOT,1,2023,1.5827727
GLOBAL,S2D1,LNDSGCHRTOT,1,2024,1.5896091
GLOBAL,S2D1,LNDSGCHRTOT,1,2025,1.5964455
GLOBAL,S2D1,LNDSGCHRTOT,1,2026,1.6016
GLOBAL,S2D1,LNDSGCHRTOT,1,2027,1.6067545
GLOBAL,S2D1,LNDSGCHRTOT,1,2028,1.6119091
GLOBAL,S2D1,LNDSGCHRTOT,1,2029,1.6170636
GLOBAL,S2D1,LNDSGCHRTOT,1,2030,1.6222182
GLOBAL,S2D1,LNDSGCHRTOT,1,2031,1.6257364
GLOBAL,S2D1,LNDSGCHRTOT,1,2032,1.6292636
GLOBAL,S2D1,LNDSGCHRTOT,1,2033,1.6327909
GLOBAL,S2D1,LNDSGCHRTOT,1,2034,1.6363182
GLOBAL,S2D1,LNDSGCHRTOT,1,2035,1.6398364
GLOBAL,S2D1,LNDSGCHRTOT,1,2036,1.6414182
GLOBAL,S2D1,LNDSGCHRTOT,1,2037,1.643
GLOBAL,S2D1,LNDSGCHRTOT,1,2038,1.6445818
GLOBAL,S2D1,LNDSGCHRTOT,1,2039,1.6545727
GLOBAL,S2D1,LNDSGCHRTOT,1,2040,1.6477364
GLOBAL,S2D1,LNDSGCHRTOT,1,2041,1.6474909
GLOBAL,S2D1,LNDSGCHRTOT,1,2042,1.6472455
GLOBAL,S2D1,LNDSGCHRTOT,1,2043,1.647
GLOBAL,S2D1,LNDSGCHRTOT,1,2044,1.6467636
GLOBAL,S2D1,LNDSGCHRTOT,1,2045,1.6465182
GLOBAL,S2D1,LNDSGCHRTOT,1,2046,1.6448455
GLOBAL,S2D1,LNDSGCHRTOT,1,2047,1.6431727
GLOBAL,S2D1,LNDSGCHRTOT,1,2048,1.6452091
GLOBAL,S2D1,LNDSGCHRTOT,1,2049,1.6416818
GLOBAL,S2D1,LNDSGCHRTOT,1,2050,1.6381636
GLOBAL,S2D1,LNDOTHHRTOT,1,2021,0.067992391
GLOBAL,S2D1,LNDOTHHRTOT,1,2022,0.068288696
GLOBAL,S2D1,LNDOTHHRTOT,1,2023,0.068585109
GLOBAL,S2D1,LNDOTHHRTOT,1,2024,0.068881522
GLOBAL,S2D1,LNDOTHHRTOT,1,2025,0.069177826
GLOBAL,S2D1,LNDOTHHRTOT,1,2026,0.069401196
GLOBAL,S2D1,LNDOTHHRTOT,1,2027,0.069624457
GLOBAL,S2D1,LNDOTHHRTOT,1,2028,0.069847717
GLOBAL,S2D1,LNDOTHHRTOT,1,2029,0.070070978
GLOBAL,S2D1,LNDOTHHRTOT,1,2030,0.070294348
GLOBAL,S2D1,LNDOTHHRTOT,1,2031,0.070447065
GLOBAL,S2D1,LNDOTHHRTOT,1,2032,0.070599783
GLOBAL,S2D1,LNDOTHHRTOT,1,2033,0.070752609
GLOBAL,S2D1,LNDOTHHRTOT,1,2034,0.070905326
GLOBAL,S2D1,LNDOTHHRTOT,1,2035,0.071058152
GLOBAL,S2D1,LNDOTHHRTOT,1,2036,0.071126522
GLOBAL,S2D1,LNDOTHHRTOT,1,2037,0.071194891
GLOBAL,S2D1,LNDOTHHRTOT,1,2038,0.07126337
GLOBAL,S2D1,LNDOTHHRTOT,1,2039,0.071696522
GLOBAL,S2D1,LNDOTHHRTOT,1,2040,0.071400217
GLOBAL,S2D1,LNDOTHHRTOT,1,2041,0.071389565
GLOBAL,S2D1,LNDOTHHRTOT,1,2042,0.071379022
GLOBAL,S2D1,LNDOTHHRTOT,1,2043,0.071368478
GLOBAL,S2D1,LNDOTHHRTOT,1,2044,0.071357935
GLOBAL,S2D1,LNDOTHHRTOT,1,2045,0.071347283
GLOBAL,S2D1,LNDOTHHRTOT,1,2046,0.071274891
GLOBAL,S2D1,LNDOTHHRTOT,1,2047,0.0712025
GLOBAL,S2D1,LNDOTHHRTOT,1,2048,0.070653183
GLOBAL,S2D1,LNDOTHHRTOT,1,2049,0.070819093
GLOBAL,S2D1,LNDOTHHRTOT,1,2050,0.070985326
GLOBAL,S2D1,LNDAGRFJIC01,15,2021,1.5690909
GLOBAL,S2D1,LNDAGRFJIC01,20,2021,0.067992391
GLOBAL,S2D1,LNDAGRFJIC01,11,2021,0.073357143
GLOBAL,S2D1,LNDAGRFJIC01,15,2022,1.5759273
GLOBAL,S2D1,LNDAGRFJIC01,20,2022,0.068288696
GLOBAL,S2D1,LNDAGRFJIC01,11,2022,0.073676939
GLOBAL,S2D1,LNDAGRFJIC01,15,2023,1.5827727
GLOBAL,S2D1,LNDAGRFJIC01,20,2023,0.068585109
GLOBAL,S2D1,LNDAGRFJIC01,11,2023,0.073996633
GLOBAL,S2D1,LNDAGRFJIC01,15,2024,1.5896091
GLOBAL,S2D1,LNDAGRFJIC01,20,2024,0.068881522
GLOBAL,S2D1,LNDAGRFJIC01,11,2024,0.074316429
GLOBAL,S2D1,LNDAGRFJIC01,15,2025,1.5964455
GLOBAL,S2D1,LNDAGRFJIC01,20,2025,0.069177826
GLOBAL,S2D1,LNDAGRFJIC01,11,2025,0.074636224
GLOBAL,S2D1,LNDAGRFJIC01,15,2026,1.6016
GLOBAL,S2D1,LNDAGRFJIC01,20,2026,0.069401196
GLOBAL,S2D1,LNDAGRFJIC01,11,2026,0.074877143
GLOBAL,S2D1,LNDAGRFJIC01,15,2027,1.6067545
GLOBAL,S2D1,LNDAGRFJIC01,20,2027,0.069624457
GLOBAL,S2D1,LNDAGRFJIC01,11,2027,0.075118061
GLOBAL,S2D1,LNDAGRFJIC01,15,2028,1.6119091
GLOBAL,S2D1,LNDAGRFJIC01,20,2028,0.069847717
GLOBAL,S2D1,LNDAGRFJIC01,11,2028,0.075358878
GLOBAL,S2D1,LNDAGRFJIC01,15,2029,1.6170636
GLOBAL,S2D1,LNDAGRFJIC01,20,2029,0.070070978
GLOBAL,S2D1,LNDAGRFJIC01,11,2029,0.075599796
GLOBAL,S2D1,LNDAGRFJIC01,15,2030,1.6222182
GLOBAL,S2D1,LNDAGRFJIC01,20,2030,0.070294348
GLOBAL,S2D1,LNDAGRFJIC01,11,2030,0.075840714
GLOBAL,S2D1,LNDAGRFJIC01,15,2031,1.6257364
GLOBAL,S2D1,LNDAGRFJIC01,20,2031,0.070447065
GLOBAL,S2D1,LNDAGRFJIC01,11,2031,0.07600551
GLOBAL,S2D1,LNDAGRFJIC01,15,2032,1.6292636
GLOBAL,S2D1,LNDAGRFJIC01,20,2032,0.070599783
GLOBAL,S2D1,LNDAGRFJIC01,11,2032,0.076170408
GLOBAL,S2D1,LNDAGRFJIC01,15,2033,1.6327909
GLOBAL,S2D1,LNDAGRFJIC01,20,2033,0.070752609
GLOBAL,S2D1,LNDAGRFJIC01,11,2033,0.076335204
GLOBAL,S2D1,LNDAGRFJIC01,15,2034,1.6363182
GLOBAL,S2D1,LNDAGRFJIC01,20,2034,0.070905326
GLOBAL,S2D1,LNDAGRFJIC01,11,2034,0.0765
GLOBAL,S2D1,LNDAGRFJIC01,15,2035,1.6398364
GLOBAL,S2D1,LNDAGRFJIC01,20,2035,0.071058152
GLOBAL,S2D1,LNDAGRFJIC01,11,2035,0.076664796
GLOBAL,S2D1,LNDAGRFJIC01,15,2036,1.6414182
GLOBAL,S2D1,LNDAGRFJIC01,20,2036,0.071126522
GLOBAL,S2D1,LNDAGRFJIC01,11,2036,0.076738571
GLOBAL,S2D1,LNDAGRFJIC01,15,2037,1.643
GLOBAL,S2D1,LNDAGRFJIC01,20,2037,0.071194891
GLOBAL,S2D1,LNDAGRFJIC01,11,2037,0.076812449
GLOBAL,S2D1,LNDAGRFJIC01,15,2038,1.6445818
GLOBAL,S2D1,LNDAGRFJIC01,20,2038,0.07126337
GLOBAL,S2D1,LNDAGRFJIC01,11,2038,0.076886224
GLOBAL,S2D1,LNDAGRFJIC01,15,2039,1.6545727
GLOBAL,S2D1,LNDAGRFJIC01,8,2039,0.0010228933
GLOBAL,S2D1,LNDAGRFJIC01,20,2039,0.066149781
GLOBAL,S2D1,LNDAGRFJIC01,11,2039,0.055497267
GLOBAL,S2D1,LNDAGRFJIC01,15,2040,1.6477364
GLOBAL,S2D1,LNDAGRFJIC01,20,2040,0.071400217
GLOBAL,S2D1,LNDAGRFJIC01,11,2040,0.077033878
GLOBAL,S2D1,LNDAGRFJIC01,15,2041,1.6474909
GLOBAL,S2D1,LNDAGRFJIC01,20,2041,0.071389565
GLOBAL,S2D1,LNDAGRFJIC01,11,2041,0.077022449
GLOBAL,S2D1,LNDAGRFJIC01,15,2042,1.6472455
GLOBAL,S2D1,LNDAGRFJIC01,20,2042,0.071379022
GLOBAL,S2D1,LNDAGRFJIC01,11,2042,0.07701102
GLOBAL,S2D1,LNDAGRFJIC01,15,2043,1.647
GLOBAL,S2D1,LNDAGRFJIC01,20,2043,0.071368478
GLOBAL,S2D1,LNDAGRFJIC01,11,2043,0.076999694
GLOBAL,S2D1,LNDAGRFJIC01,15,2044,1.6467636
GLOBAL,S2D1,LNDAGRFJIC01,20,2044,0.071357935
GLOBAL,S2D1,LNDAGRFJIC01,11,2044,0.076988265
GLOBAL,S2D1,LNDAGRFJIC01,15,2045,1.6465182
GLOBAL,S2D1,LNDAGRFJIC01,20,2045,0.071347283
GLOBAL,S2D1,LNDAGRFJIC01,11,2045,0.076976837
GLOBAL,S2D1,LNDAGRFJIC01,15,2046,1.6448455
GLOBAL,S2D1,LNDAGRFJIC01,20,2046,0.071274891
GLOBAL,S2D1,LNDAGRFJIC01,11,2046,0.076898673
GLOBAL,S2D1,LNDAGRFJIC01,15,2047,1.6431727
GLOBAL,S2D1,LNDAGRFJIC01,20,2047,0.0712025
GLOBAL,S2D1,LNDAGRFJIC01,11,2047,0.076820612
GLOBAL,S2D1,LNDAGRFJIC01,15,2048,1.6452091
GLOBAL,S2D1,LNDAGRFJIC01,20,2048,0.070653183
GLOBAL,S2D1,LNDAGRFJIC01,11,2048,0.076228124
GLOBAL,S2D1,LNDAGRFJIC01,15,2049,1.6416818
GLOBAL,S2D1,LNDAGRFJIC01,20,2049,0.070819093
GLOBAL,S2D1,LNDAGRFJIC01,11,2049,0.076407376
GLOBAL,S2D1,LNDAGRFJIC01,15,2050,1.6381636
GLOBAL,S2D1,LNDAGRFJIC01,20,2050,0.070985326
GLOBAL,S2D1,LNDAGRFJIC01,11,2050,0.076586224
GLOBAL,S2D1,LNDAGRFJIC02,11,2039,0.021856406
GLOBAL,S2D1,LNDAGRFJIC03,20,2039,0.0055467407
GLOBAL,S2D1,LNDAGRFJIC03,14,2039,0.0060356166
GLOBAL,S2D1,LNDAGRFJIC04,8,2021,0.044243878
GLOBAL,S2D1,LNDAGRFJIC04,14,2021,0.059223846
GLOBAL,S2D1,LNDAGRFJIC04,8,2022,0.044436735
GLOBAL,S2D1,LNDAGRFJIC04,14,2022,0.059481978
GLOBAL,S2D1,LNDAGRFJIC04,8,2023,0.044629592
GLOBAL,S2D1,LNDAGRFJIC04,14,2023,0.05974022
GLOBAL,S2D1,LNDAGRFJIC04,8,2024,0.044822449
GLOBAL,S2D1,LNDAGRFJIC04,14,2024,0.059998352
GLOBAL,S2D1,LNDAGRFJIC04,8,2025,0.045015306
GLOBAL,S2D1,LNDAGRFJIC04,14,2025,0.060256484
GLOBAL,S2D1,LNDAGRFJIC04,8,2026,0.045160612
GLOBAL,S2D1,LNDAGRFJIC04,14,2026,0.060450989
GLOBAL,S2D1,LNDAGRFJIC04,8,2027,0.045305918
GLOBAL,S2D1,LNDAGRFJIC04,14,2027,0.060645495
GLOBAL,S2D1,LNDAGRFJIC04,8,2028,0.045451224
GLOBAL,S2D1,LNDAGRFJIC04,14,2028,0.06084
GLOBAL,S2D1,LNDAGRFJIC04,8,2029,0.045596531
GLOBAL,S2D1,LNDAGRFJIC04,14,2029,0.061034396
GLOBAL,S2D1,LNDAGRFJIC04,8,2030,0.045741837
GLOBAL,S2D1,LNDAGRFJIC04,14,2030,0.061228901
GLOBAL,S2D1,LNDAGRFJIC04,8,2031,0.045841224
GLOBAL,S2D1,LNDAGRFJIC04,14,2031,0.061361978
GLOBAL,S2D1,LNDAGRFJIC04,8,2032,0.045940612
GLOBAL,S2D1,LNDAGRFJIC04,14,2032,0.061495055
GLOBAL,S2D1,LNDAGRFJIC04,8,2033,0.04604
GLOBAL,S2D1,LNDAGRFJIC04,14,2033,0.061628132
GLOBAL,S2D1,LNDAGRFJIC04,8,2034,0.046139388
GLOBAL,S2D1,LNDAGRFJIC04,14,2034,0.061761209
GLOBAL,S2D1,LNDAGRFJIC04,8,2035,0.046238776
GLOBAL,S2D1,LNDAGRFJIC04,14,2035,0.061894176
GLOBAL,S2D1,LNDAGRFJIC04,8,2036,0.046283265
GLOBAL,S2D1,LNDAGRFJIC04,14,2036,0.061953846
GLOBAL,S2D1,LNDAGRFJIC04,8,2037,0.046327959
GLOBAL,S2D1,LNDAGRFJIC04,14,2037,0.062013407
GLOBAL,S2D1,LNDAGRFJIC04,8,2038,0.046372449
GLOBAL,S2D1,LNDAGRFJIC04,14,2038,0.062072967
GLOBAL,S2D1,LNDAGRFJIC04,8,2039,0.045631392
GLOBAL,S2D1,LNDAGRFJIC04,14,2039,0.056414713
GLOBAL,S2D1,LNDAGRFJIC04,8,2040,0.046461429
GLOBAL,S2D1,LNDAGRFJIC04,14,2040,0.062192198
GLOBAL,S2D1,LNDAGRFJIC04,8,2041,0.04645449
GLOBAL,S2D1,LNDAGRFJIC04,14,2041,0.062182967
GLOBAL,S2D1,LNDAGRFJIC04,8,2042,0.046447755
GLOBAL,S2D1,LNDAGRFJIC04,14,2042,0.062173736
GLOBAL,S2D1,LNDAGRFJIC04,8,2043,0.046440816
GLOBAL,S2D1,LNDAGRFJIC04,14,2043,0.062164615
GLOBAL,S2D1,LNDAGRFJIC04,8,2044,0.046433878
GLOBAL,S2D1,LNDAGRFJIC04,14,2044,0.062155385
GLOBAL,S2D1,LNDAGRFJIC04,8,2045,0.046426939
GLOBAL,S2D1,LNDAGRFJIC04,14,2045,0.062146154
GLOBAL,S2D1,LNDAGRFJIC04,8,2046,0.04638
GLOBAL,S2D1,LNDAGRFJIC04,14,2046,0.062083077
GLOBAL,S2D1,LNDAGRFJIC04,8,2047,0.046332857
GLOBAL,S2D1,LNDAGRFJIC04,14,2047,0.06202
GLOBAL,S2D1,LNDAGRFJIC04,8,2048,0.045975727
GLOBAL,S2D1,LNDAGRFJIC04,14,2048,0.061541914
GLOBAL,S2D1,LNDAGRFJIC04,8,2049,0.046083578
GLOBAL,S2D1,LNDAGRFJIC04,14,2049,0.061686505
GLOBAL,S2D1,LNDAGRFJIC04,8,2050,0.046191429
GLOBAL,S2D1,LNDAGRFJIC04,14,2050,0.061830769
GLOBAL,S2D1,LNDFORTOT,1,2021,6.3799755
GLOBAL,S2D1,LNDFORTOT,1,2022,65.256201
GLOBAL,S2D1,LNDFORTOT,1,2023,65.105633
GLOBAL,S2D1,LNDFORTOT,1,2024,65.103845
GLOBAL,S2D1,LNDFORTOT,1,2025,65.102056
GLOBAL,S2D1,LNDFORTOT,1,2026,65.100708
GLOBAL,S2D1,LNDFORTOT,1,2027,65.09936
GLOBAL,S2D1,LNDFORTOT,1,2028,65.091206
GLOBAL,S2D1,LNDFORTOT,1,2029,65.067571
GLOBAL,S2D1,LNDFORTOT,1,2030,65.043935
GLOBAL,S2D1,LNDFORTOT,1,2031,65.027798
GLOBAL,S2D1,LNDFORTOT,1,2032,65.011624
GLOBAL,S2D1,LNDFORTOT,1,2033,64.995451
GLOBAL,S2D1,LNDFORTOT,1,2035,64.963141
GLOBAL,S2D1,LNDFORTOT,1,2037,64.948637
GLOBAL,S2D1,LNDFORTOT,1,2038,64.941385
GLOBAL,S2D1,LNDFORTOT,1,2039,64.928959
GLOBAL,S2D1,LNDFORTOT,1,2041,64.928043
GLOBAL,S2D1,LNDFORTOT,1,2042,64.929167
GLOBAL,S2D1,LNDFORTOT,1,2043,64.930291
GLOBAL,S2D1,LNDFORTOT,1,2044,64.93138
GLOBAL,S2D1,LNDFORTOT,1,2045,64.932505
GLOBAL,S2D1,LNDFORTOT,1,2046,64.940174
GLOBAL,S2D1,LNDFORTOT,1,2047,64.947843
GLOBAL,S2D1,LNDFORTOT,1,2048,64.955513
GLOBAL,S2D1,LNDFORTOT,1,2049,64.963182
GLOBAL,S2D1,LNDFORTOT,1,2050,64.970816
